# phi	theta	PMT0	PMT1 	total
45.000000	2.924180	4.377681	0.052564	4.430240
135.000000	2.924180	4.424583	0.044610	4.469200
225.000000	2.924180	4.443843	0.054867	4.498710
315.000000	2.924180	4.432205	0.049839	4.482040
22.500000	5.850270	4.451274	0.038023	4.489290
67.500000	5.850270	4.387249	0.037641	4.424890
112.500000	5.850270	4.408217	0.045551	4.453770
157.500000	5.850270	4.343107	0.040682	4.383790
202.500000	5.850270	4.366869	0.035797	4.402670
247.500000	5.850270	4.366790	0.037697	4.404490
292.500000	5.850270	4.437883	0.044402	4.482290
337.500000	5.850270	4.477490	0.035352	4.512850
15.000000	8.780180	4.378891	0.030960	4.409850
45.000000	8.780180	4.367525	0.035399	4.402930
75.000000	8.780180	4.412787	0.030199	4.442990
105.000000	8.780180	4.379796	0.035158	4.414960
135.000000	8.780180	4.358240	0.032816	4.391060
165.000000	8.780180	4.388572	0.030628	4.419200
195.000000	8.780180	4.433042	0.036969	4.470010
225.000000	8.780180	4.381934	0.034391	4.416330
255.000000	8.780180	4.375725	0.029422	4.405150
285.000000	8.780180	4.447202	0.032136	4.479340
315.000000	8.780180	4.384546	0.033432	4.417980
345.000000	8.780180	4.416666	0.033163	4.449820
11.250000	11.715900	4.425725	0.034451	4.460170
33.750000	11.715900	4.386299	0.037844	4.424140
56.250000	11.715900	4.419222	0.036850	4.456080
78.750000	11.715900	4.378518	0.040374	4.418890
101.250000	11.715900	4.387509	0.033732	4.421240
123.750000	11.715900	4.383393	0.034980	4.418370
146.250000	11.715900	4.396862	0.037287	4.434160
168.750000	11.715900	4.416519	0.038191	4.454710
191.250000	11.715900	4.407358	0.038351	4.445710
213.750000	11.715900	4.426811	0.042407	4.469220
236.250000	11.715900	4.407539	0.036810	4.444350
258.750000	11.715900	4.365173	0.032876	4.398050
281.250000	11.715900	4.390902	0.036999	4.427900
303.750000	11.715900	4.392293	0.033774	4.426060
326.250000	11.715900	4.354666	0.033819	4.388490
348.750000	11.715900	4.370692	0.039233	4.409930
9.000000	14.659300	4.473271	0.032323	4.505600
27.000000	14.659300	4.474436	0.029411	4.503850
45.000000	14.659300	4.436311	0.030119	4.466430
63.000000	14.659300	4.399351	0.030826	4.430170
81.000000	14.659300	4.393130	0.032530	4.425660
99.000000	14.659300	4.485067	0.030785	4.515860
117.000000	14.659300	4.376901	0.033381	4.410290
135.000000	14.659300	4.365930	0.039346	4.405270
153.000000	14.659300	4.413476	0.033735	4.447210
171.000000	14.659300	4.405356	0.029624	4.434980
189.000000	14.659300	4.429582	0.034860	4.464440
207.000000	14.659300	4.352076	0.033353	4.385430
225.000000	14.659300	4.445675	0.030609	4.476290
243.000000	14.659300	4.412357	0.034127	4.446480
261.000000	14.659300	4.489229	0.035444	4.524670
279.000000	14.659300	4.429446	0.031505	4.460950
297.000000	14.659300	4.484445	0.033153	4.517590
315.000000	14.659300	4.438335	0.037477	4.475820
333.000000	14.659300	4.421597	0.034572	4.456170
351.000000	14.659300	4.371088	0.029585	4.400670
7.500000	17.612400	4.421574	0.042614	4.464190
22.500000	17.612400	4.459903	0.036429	4.496330
37.500000	17.612400	4.402269	0.036272	4.438550
52.500000	17.612400	4.451115	0.035790	4.486900
67.500000	17.612400	4.412198	0.039416	4.451610
82.500000	17.612400	4.401126	0.038031	4.439160
97.500000	17.612400	4.428677	0.029245	4.457920
112.500000	17.612400	4.399226	0.035428	4.434650
127.500000	17.612400	4.411769	0.036655	4.448430
142.500000	17.612400	4.387769	0.041815	4.429590
157.500000	17.612400	4.436039	0.036713	4.472750
172.500000	17.612400	4.357392	0.035340	4.392730
187.500000	17.612400	4.434908	0.037338	4.472240
202.500000	17.612400	4.374718	0.040429	4.415150
217.500000	17.612400	4.397055	0.043081	4.440130
232.500000	17.612400	4.420206	0.039906	4.460110
247.500000	17.612400	4.482771	0.037362	4.520130
262.500000	17.612400	4.396976	0.035590	4.432560
277.500000	17.612400	4.441457	0.036841	4.478290
292.500000	17.612400	4.366428	0.035550	4.401980
307.500000	17.612400	4.414246	0.035146	4.449390
322.500000	17.612400	4.417197	0.044735	4.461940
337.500000	17.612400	4.396614	0.037445	4.434060
352.500000	17.612400	4.413182	0.040157	4.453330
6.428570	20.577500	4.352427	0.042647	4.395070
19.285700	20.577500	4.379785	0.037601	4.417390
32.142900	20.577500	4.406792	0.036908	4.443700
45.000000	20.577500	4.465422	0.036478	4.501900
57.857100	20.577500	4.461554	0.033423	4.494970
70.714300	20.577500	4.425069	0.039095	4.464170
83.571400	20.577500	4.390314	0.037177	4.427490
96.428600	20.577500	4.441581	0.034997	4.476580
109.286000	20.577500	4.440371	0.038928	4.479300
122.143000	20.577500	4.411068	0.038327	4.449390
135.000000	20.577500	4.461667	0.036998	4.498670
147.857000	20.577500	4.420500	0.030072	4.450570
160.714000	20.577500	4.402302	0.041575	4.443880
173.571000	20.577500	4.456838	0.034861	4.491690
186.429000	20.577500	4.326652	0.043334	4.369990
199.286000	20.577500	4.392802	0.039508	4.432300
212.143000	20.577500	4.444262	0.038922	4.483190
225.000000	20.577500	4.370590	0.041076	4.411670
237.857000	20.577500	4.382284	0.043701	4.425990
250.714000	20.577500	4.458433	0.036329	4.494770
263.571000	20.577500	4.351431	0.032686	4.384120
276.429000	20.577500	4.402144	0.039715	4.441860
289.286000	20.577500	4.412040	0.035687	4.447720
302.143000	20.577500	4.440710	0.042169	4.482890
315.000000	20.577500	4.363476	0.035062	4.398540
327.857000	20.577500	4.377783	0.039196	4.416980
340.714000	20.577500	4.445212	0.041518	4.486730
353.571000	20.577500	4.429977	0.044325	4.474300
5.625000	23.556500	4.332680	0.034214	4.366890
16.875000	23.556500	4.430238	0.035311	4.465540
28.125000	23.556500	4.407120	0.033560	4.440680
39.375000	23.556500	4.444522	0.035892	4.480420
50.625000	23.556500	4.345109	0.031875	4.376980
61.875000	23.556500	4.396093	0.032015	4.428110
73.125000	23.556500	4.406747	0.028104	4.434850
84.375000	23.556500	4.379151	0.037837	4.416990
95.625000	23.556500	4.328020	0.039112	4.367130
106.875000	23.556500	4.382974	0.038163	4.421130
118.125000	23.556500	4.389975	0.042106	4.432080
129.375000	23.556500	4.441638	0.034278	4.475920
140.625000	23.556500	4.441378	0.037848	4.479220
151.875000	23.556500	4.461882	0.039556	4.501440
163.125000	23.556500	4.436842	0.028492	4.465330
174.375000	23.556500	4.389726	0.036812	4.426530
185.625000	23.556500	4.392293	0.036882	4.429170
196.875000	23.556500	4.332623	0.033549	4.366170
208.125000	23.556500	4.416327	0.038711	4.455030
219.375000	23.556500	4.398242	0.036405	4.434650
230.625000	23.556500	4.406702	0.033190	4.439890
241.875000	23.556500	4.313996	0.034096	4.348090
253.125000	23.556500	4.440529	0.037501	4.478030
264.375000	23.556500	4.460412	0.029757	4.490170
275.625000	23.556500	4.485225	0.034862	4.520090
286.875000	23.556500	4.446908	0.035771	4.482680
298.125000	23.556500	4.390778	0.033113	4.423900
309.375000	23.556500	4.374503	0.038197	4.412700
320.625000	23.556500	4.411203	0.033533	4.444740
331.875000	23.556500	4.391140	0.034244	4.425380
343.125000	23.556500	4.408670	0.030900	4.439570
354.375000	23.556500	4.460853	0.030434	4.491280
5.000000	26.551700	4.416564	0.041571	4.458130
15.000000	26.551700	4.368215	0.050006	4.418220
25.000000	26.551700	4.401126	0.040887	4.442020
35.000000	26.551700	4.354236	0.038034	4.392270
45.000000	26.551700	4.441400	0.048932	4.490330
55.000000	26.551700	4.355197	0.053041	4.408230
65.000000	26.551700	4.408692	0.045112	4.453800
75.000000	26.551700	4.365874	0.042971	4.408850
85.000000	26.551700	4.356498	0.048766	4.405260
95.000000	26.551700	4.369120	0.041014	4.410130
105.000000	26.551700	4.349045	0.046701	4.395740
115.000000	26.551700	4.383834	0.041586	4.425430
125.000000	26.551700	4.438980	0.048825	4.487800
135.000000	26.551700	4.348988	0.045925	4.394920
145.000000	26.551700	4.431979	0.040186	4.472160
155.000000	26.551700	4.369267	0.048124	4.417390
165.000000	26.551700	4.346082	0.041282	4.387360
175.000000	26.551700	4.376935	0.043597	4.420530
185.000000	26.551700	4.394917	0.049177	4.444100
195.000000	26.551700	4.357867	0.048593	4.406460
205.000000	26.551700	4.353761	0.043536	4.397290
215.000000	26.551700	4.363634	0.043635	4.407270
225.000000	26.551700	4.423429	0.045280	4.468710
235.000000	26.551700	4.445268	0.051180	4.496450
245.000000	26.551700	4.460514	0.049513	4.510030
255.000000	26.551700	4.399430	0.041969	4.441400
265.000000	26.551700	4.451816	0.046887	4.498700
275.000000	26.551700	4.391095	0.047183	4.438280
285.000000	26.551700	4.408738	0.045002	4.453740
295.000000	26.551700	4.377828	0.051761	4.429590
305.000000	26.551700	4.386966	0.049097	4.436070
315.000000	26.551700	4.381866	0.049104	4.430970
325.000000	26.551700	4.452280	0.047731	4.500010
335.000000	26.551700	4.406136	0.039952	4.446080
345.000000	26.551700	4.457618	0.046894	4.504520
355.000000	26.551700	4.426924	0.048132	4.475050
4.500000	29.565600	4.391502	0.041834	4.433340
13.500000	29.565600	4.343492	0.041659	4.385150
22.500000	29.565600	4.330192	0.035494	4.365680
31.500000	29.565600	4.366213	0.038907	4.405120
40.500000	29.565600	4.474357	0.041380	4.515740
49.500000	29.565600	4.317265	0.037595	4.354860
58.500000	29.565600	4.363804	0.032813	4.396610
67.500000	29.565600	4.406623	0.035074	4.441700
76.500000	29.565600	4.402246	0.032077	4.434320
85.500000	29.565600	4.326346	0.040581	4.366920
94.500000	29.565600	4.356521	0.032996	4.389510
103.500000	29.565600	4.389658	0.041523	4.431180
112.500000	29.565600	4.399000	0.033366	4.432370
121.500000	29.565600	4.415999	0.040762	4.456760
130.500000	29.565600	4.403931	0.041923	4.445860
139.500000	29.565600	4.305469	0.037596	4.343060
148.500000	29.565600	4.341897	0.037207	4.379100
157.500000	29.565600	4.423158	0.038059	4.461210
166.500000	29.565600	4.388878	0.034688	4.423560
175.500000	29.565600	4.310343	0.042067	4.352410
184.500000	29.565600	4.386107	0.042200	4.428300
193.500000	29.565600	4.371099	0.034607	4.405700
202.500000	29.565600	4.304451	0.035046	4.339500
211.500000	29.565600	4.377726	0.039735	4.417460
220.500000	29.565600	4.332736	0.040520	4.373260
229.500000	29.565600	4.352381	0.042122	4.394510
238.500000	29.565600	4.380011	0.041537	4.421550
247.500000	29.565600	4.300424	0.033358	4.333780
256.500000	29.565600	4.356996	0.034330	4.391330
265.500000	29.565600	4.309529	0.035029	4.344550
274.500000	29.565600	4.459428	0.044421	4.503850
283.500000	29.565600	4.433574	0.035993	4.469570
292.500000	29.565600	4.424142	0.041768	4.465910
301.500000	29.565600	4.397032	0.032354	4.429390
310.500000	29.565600	4.317638	0.044405	4.362050
319.500000	29.565600	4.383121	0.035273	4.418400
328.500000	29.565600	4.375849	0.034304	4.410150
337.500000	29.565600	4.375770	0.041194	4.416960
346.500000	29.565600	4.345120	0.037985	4.383100
355.500000	29.565600	4.364426	0.037330	4.401750
4.090910	32.600500	4.272930	0.044566	4.317500
12.272700	32.600500	4.332160	0.047989	4.380150
20.454500	32.600500	4.386548	0.043985	4.430530
28.636400	32.600500	4.400414	0.056242	4.456650
36.818200	32.600500	4.377466	0.043455	4.420930
45.000000	32.600500	4.323824	0.050809	4.374640
53.181800	32.600500	4.344544	0.047377	4.391920
61.363600	32.600500	4.356939	0.050855	4.407790
69.545500	32.600500	4.342112	0.047757	4.389870
77.727300	32.600500	4.386446	0.053238	4.439680
85.909100	32.600500	4.322263	0.049486	4.371750
94.090900	32.600500	4.354191	0.044974	4.399160
102.273000	32.600500	4.431674	0.040682	4.472360
110.455000	32.600500	4.280859	0.044323	4.325190
118.636000	32.600500	4.414766	0.041377	4.456150
126.818000	32.600500	4.373067	0.049276	4.422350
135.000000	32.600500	4.383902	0.045811	4.429710
143.182000	32.600500	4.316349	0.058343	4.374690
151.364000	32.600500	4.362798	0.051079	4.413880
159.545000	32.600500	4.317615	0.046290	4.363900
167.727000	32.600500	4.362651	0.052262	4.414910
175.909000	32.600500	4.375397	0.051135	4.426530
184.091000	32.600500	4.461599	0.049059	4.510660
192.273000	32.600500	4.337747	0.047253	4.384990
200.455000	32.600500	4.368464	0.049989	4.418450
208.636000	32.600500	4.413918	0.047615	4.461530
216.818000	32.600500	4.288572	0.038207	4.326780
225.000000	32.600500	4.279965	0.047017	4.326980
233.182000	32.600500	4.400448	0.050546	4.451000
241.364000	32.600500	4.376528	0.043820	4.420350
249.545000	32.600500	4.419505	0.043877	4.463380
257.727000	32.600500	4.345709	0.056061	4.401760
265.909000	32.600500	4.381843	0.045561	4.427400
274.091000	32.600500	4.301227	0.046978	4.348200
282.273000	32.600500	4.361022	0.048674	4.409700
290.455000	32.600500	4.435677	0.044145	4.479830
298.636000	32.600500	4.305378	0.049195	4.354570
306.818000	32.600500	4.412832	0.047984	4.460820
315.000000	32.600500	4.307018	0.053362	4.360380
323.182000	32.600500	4.408195	0.043605	4.451800
331.364000	32.600500	4.351058	0.049804	4.400860
339.545000	32.600500	4.419143	0.044683	4.463820
347.727000	32.600500	4.358511	0.048814	4.407320
355.909000	32.600500	4.396365	0.045089	4.441460
3.750000	35.659100	4.302811	0.079170	4.381980
11.250000	35.659100	4.339635	0.086126	4.425770
18.750000	35.659100	4.406623	0.080589	4.487210
26.250000	35.659100	4.366790	0.082204	4.449000
33.750000	35.659100	4.314957	0.082969	4.397920
41.250000	35.659100	4.347473	0.082642	4.430120
48.750000	35.659100	4.415772	0.078808	4.494580
56.250000	35.659100	4.317525	0.078498	4.396030
63.750000	35.659100	4.322818	0.078140	4.400960
71.250000	35.659100	4.287158	0.075474	4.362630
78.750000	35.659100	4.412289	0.086928	4.499210
86.250000	35.659100	4.348378	0.084601	4.432980
93.750000	35.659100	4.394227	0.085546	4.479770
101.250000	35.659100	4.311712	0.081320	4.393030
108.750000	35.659100	4.345607	0.084768	4.430380
116.250000	35.659100	4.367197	0.088153	4.455350
123.750000	35.659100	4.405006	0.078895	4.483900
131.250000	35.659100	4.316382	0.076783	4.393170
138.750000	35.659100	4.350176	0.080398	4.430580
146.250000	35.659100	4.316903	0.075631	4.392540
153.750000	35.659100	4.380633	0.088378	4.469010
161.250000	35.659100	4.420930	0.078985	4.499910
168.750000	35.659100	4.335292	0.075636	4.410920
176.250000	35.659100	4.359269	0.081267	4.440540
183.750000	35.659100	4.392124	0.081341	4.473470
191.250000	35.659100	4.384320	0.071935	4.456260
198.750000	35.659100	4.338312	0.082364	4.420680
206.250000	35.659100	4.414336	0.083971	4.498310
213.750000	35.659100	4.329886	0.083654	4.413540
221.250000	35.659100	4.399871	0.077930	4.477800
228.750000	35.659100	4.375612	0.079220	4.454830
236.250000	35.659100	4.349882	0.082051	4.431930
243.750000	35.659100	4.368362	0.078859	4.447230
251.250000	35.659100	4.431753	0.067574	4.499330
258.750000	35.659100	4.350821	0.072106	4.422920
266.250000	35.659100	4.367367	0.077003	4.444360
273.750000	35.659100	4.363024	0.076755	4.439780
281.250000	35.659100	4.334218	0.077008	4.411230
288.750000	35.659100	4.376460	0.080360	4.456820
296.250000	35.659100	4.331933	0.073626	4.405560
303.750000	35.659100	4.345584	0.082066	4.427650
311.250000	35.659100	4.338821	0.072578	4.411400
318.750000	35.659100	4.389149	0.081453	4.470600
326.250000	35.659100	4.385225	0.076140	4.461370
333.750000	35.659100	4.384806	0.079712	4.464520
341.250000	35.659100	4.379231	0.068934	4.448160
348.750000	35.659100	4.351838	0.082046	4.433880
356.250000	35.659100	4.364076	0.066475	4.430560
3.461540	38.744200	4.365026	0.129234	4.494260
10.384600	38.744200	4.309823	0.132995	4.442820
17.307700	38.744200	4.339635	0.125940	4.465580
24.230800	38.744200	4.330079	0.136290	4.466370
31.153800	38.744200	4.330305	0.122616	4.452930
38.076900	38.744200	4.373508	0.137155	4.510660
45.000000	38.744200	4.331639	0.133377	4.465010
51.923100	38.744200	4.387396	0.133640	4.521030
58.846200	38.744200	4.355141	0.137530	4.492670
65.769200	38.744200	4.418475	0.127493	4.545970
72.692300	38.744200	4.325136	0.125508	4.450640
79.615400	38.744200	4.435282	0.143986	4.579270
86.538500	38.744200	4.273383	0.121260	4.394640
93.461500	38.744200	4.444544	0.138276	4.582810
100.385000	38.744200	4.323428	0.136752	4.460190
107.308000	38.744200	4.441853	0.137166	4.579010
114.231000	38.744200	4.320115	0.126583	4.446690
121.154000	38.744200	4.313069	0.144058	4.457130
128.077000	38.744200	4.294600	0.134830	4.429430
135.000000	38.744200	4.430452	0.125046	4.555500
141.923000	38.744200	4.391750	0.131489	4.523240
148.846000	38.744200	4.336910	0.135050	4.471960
155.769000	38.744200	4.408659	0.131301	4.539960
162.692000	38.744200	4.364483	0.126130	4.490610
169.615000	38.744200	4.387939	0.133228	4.521170
176.538000	38.744200	4.263973	0.134629	4.398600
183.462000	38.744200	4.345539	0.138776	4.484320
190.385000	38.744200	4.348185	0.132881	4.481070
197.308000	38.744200	4.392101	0.127555	4.519660
204.231000	38.744200	4.336220	0.138371	4.474580
211.154000	38.744200	4.347609	0.133456	4.481070
218.077000	38.744200	4.329411	0.142944	4.472350
225.000000	38.744200	4.406419	0.129978	4.536390
231.923000	38.744200	4.435270	0.114996	4.550270
238.846000	38.744200	4.343503	0.135868	4.479380
245.769000	38.744200	4.349871	0.127774	4.477640
252.692000	38.744200	4.407098	0.136007	4.543100
259.615000	38.744200	4.356385	0.117628	4.474020
266.538000	38.744200	4.374062	0.132020	4.506080
273.462000	38.744200	4.445178	0.136408	4.581590
280.385000	38.744200	4.342508	0.140409	4.482920
287.308000	38.744200	4.408613	0.133354	4.541970
294.231000	38.744200	4.334670	0.121600	4.456270
301.154000	38.744200	4.360128	0.132095	4.492230
308.077000	38.744200	4.351443	0.130532	4.481980
315.000000	38.744200	4.348344	0.133663	4.482010
321.923000	38.744200	4.349362	0.129088	4.478450
328.846000	38.744200	4.326980	0.136931	4.463910
335.769000	38.744200	4.355039	0.132715	4.487750
342.692000	38.744200	4.373225	0.125111	4.498340
349.615000	38.744200	4.360276	0.127601	4.487880
356.538000	38.744200	4.332284	0.127337	4.459620
3.214290	41.858800	4.407697	0.190458	4.598150
9.642860	41.858800	4.421133	0.212250	4.633380
16.071400	41.858800	4.398265	0.196234	4.594500
22.500000	41.858800	4.372049	0.202838	4.574880
28.928600	41.858800	4.374469	0.191107	4.565580
35.357100	41.858800	4.459677	0.179790	4.639470
41.785700	41.858800	4.355571	0.199188	4.554760
48.214300	41.858800	4.448446	0.188942	4.637390
54.642900	41.858800	4.390653	0.198703	4.589360
61.071400	41.858800	4.369549	0.194154	4.563700
67.500000	41.858800	4.443707	0.200636	4.644340
73.928600	41.858800	4.364313	0.195925	4.560240
80.357100	41.858800	4.362673	0.200608	4.563280
86.785700	41.858800	4.330158	0.187397	4.517550
93.214300	41.858800	4.386254	0.206101	4.592350
99.642900	41.858800	4.409552	0.202951	4.612500
106.071000	41.858800	4.449340	0.198011	4.647350
112.500000	41.858800	4.314200	0.203553	4.517750
118.929000	41.858800	4.322603	0.194547	4.517140
125.357000	41.858800	4.443877	0.185801	4.629680
131.786000	41.858800	4.427557	0.183546	4.611100
138.214000	41.858800	4.431029	0.190316	4.621340
144.643000	41.858800	4.422750	0.203295	4.626050
151.071000	41.858800	4.356249	0.210829	4.567070
157.500000	41.858800	4.325283	0.195959	4.521240
163.929000	41.858800	4.368351	0.199543	4.567890
170.357000	41.858800	4.355989	0.183088	4.539080
176.786000	41.858800	4.412153	0.194965	4.607120
183.214000	41.858800	4.415569	0.197036	4.612600
189.643000	41.858800	4.402076	0.202451	4.604520
196.071000	41.858800	4.433257	0.183678	4.616930
202.500000	41.858800	4.366699	0.201364	4.568060
208.929000	41.858800	4.404858	0.192461	4.597320
215.357000	41.858800	4.390009	0.190767	4.580780
221.786000	41.858800	4.337023	0.200459	4.537490
228.214000	41.858800	4.408466	0.202500	4.610960
234.643000	41.858800	4.373734	0.199885	4.573620
241.071000	41.858800	4.447485	0.195229	4.642710
247.500000	41.858800	4.377794	0.184939	4.562730
253.929000	41.858800	4.377308	0.192988	4.570300
260.357000	41.858800	4.429321	0.179179	4.608500
266.786000	41.858800	4.355989	0.202440	4.558430
273.214000	41.858800	4.495144	0.189476	4.684620
279.643000	41.858800	4.368588	0.193332	4.561920
286.071000	41.858800	4.393820	0.201355	4.595180
292.500000	41.858800	4.352890	0.181114	4.534010
298.929000	41.858800	4.416734	0.186122	4.602860
305.357000	41.858800	4.377217	0.194723	4.571950
311.786000	41.858800	4.418883	0.206165	4.625050
318.214000	41.858800	4.380678	0.206451	4.587130
324.643000	41.858800	4.419075	0.189808	4.608880
331.071000	41.858800	4.408274	0.189151	4.597420
337.500000	41.858800	4.399385	0.203273	4.602650
343.929000	41.858800	4.440869	0.200346	4.641220
350.357000	41.858800	4.472728	0.197157	4.669890
356.786000	41.858800	4.418883	0.203943	4.622830
3.000000	45.006100	4.610028	0.299888	4.909910
9.000000	45.006100	4.494895	0.305284	4.800180
15.000000	45.006100	4.501319	0.287752	4.789070
21.000000	45.006100	4.531460	0.279331	4.810800
27.000000	45.006100	4.558716	0.294421	4.853140
33.000000	45.006100	4.509236	0.293814	4.803050
39.000000	45.006100	4.528655	0.296402	4.825060
45.000000	45.006100	4.531810	0.282878	4.814690
51.000000	45.006100	4.501331	0.284583	4.785920
57.000000	45.006100	4.508897	0.285307	4.794200
63.000000	45.006100	4.454961	0.279945	4.734910
69.000000	45.006100	4.539998	0.287596	4.827590
75.000000	45.006100	4.449328	0.300427	4.749750
81.000000	45.006100	4.574923	0.290602	4.865530
87.000000	45.006100	4.573475	0.294494	4.867960
93.000000	45.006100	4.439444	0.304556	4.744000
99.000000	45.006100	4.495585	0.281920	4.777510
105.000000	45.006100	4.447078	0.287526	4.734600
111.000000	45.006100	4.509315	0.277559	4.786870
117.000000	45.006100	4.539094	0.295903	4.835000
123.000000	45.006100	4.477263	0.277159	4.754420
129.000000	45.006100	4.499023	0.277552	4.776570
135.000000	45.006100	4.478157	0.283750	4.761910
141.000000	45.006100	4.456386	0.284624	4.741010
147.000000	45.006100	4.497236	0.290955	4.788190
153.000000	45.006100	4.570026	0.285368	4.855390
159.000000	45.006100	4.530634	0.286101	4.816740
165.000000	45.006100	4.515841	0.285385	4.801230
171.000000	45.006100	4.524335	0.295556	4.819890
177.000000	45.006100	4.540236	0.286425	4.826660
183.000000	45.006100	4.455583	0.273095	4.728680
189.000000	45.006100	4.473667	0.293006	4.766670
195.000000	45.006100	4.499747	0.283720	4.783470
201.000000	45.006100	4.516112	0.296571	4.812690
207.000000	45.006100	4.452947	0.291761	4.744710
213.000000	45.006100	4.537578	0.295805	4.833380
219.000000	45.006100	4.547734	0.295463	4.843190
225.000000	45.006100	4.491016	0.303208	4.794220
231.000000	45.006100	4.486662	0.280745	4.767410
237.000000	45.006100	4.511668	0.297952	4.809610
243.000000	45.006100	4.483156	0.301557	4.784720
249.000000	45.006100	4.516927	0.292212	4.809140
255.000000	45.006100	4.494488	0.294045	4.788530
261.000000	45.006100	4.517809	0.284353	4.802160
267.000000	45.006100	4.488675	0.280995	4.769670
273.000000	45.006100	4.514619	0.300802	4.815420
279.000000	45.006100	4.531618	0.273893	4.805510
285.000000	45.006100	4.482534	0.305241	4.787770
291.000000	45.006100	4.500233	0.295308	4.795540
297.000000	45.006100	4.510220	0.284131	4.794350
303.000000	45.006100	4.449634	0.296970	4.746610
309.000000	45.006100	4.499001	0.286625	4.785630
315.000000	45.006100	4.426370	0.285562	4.711930
321.000000	45.006100	4.540541	0.283585	4.824130
327.000000	45.006100	4.470161	0.282777	4.752940
333.000000	45.006100	4.481369	0.292584	4.773950
339.000000	45.006100	4.548797	0.295714	4.844520
345.000000	45.006100	4.449283	0.278594	4.727880
351.000000	45.006100	4.521439	0.292659	4.814090
357.000000	45.006100	4.453196	0.278568	4.731760
2.812500	48.189700	4.660786	0.440263	5.101050
8.437500	48.189700	4.617357	0.431998	5.049350
14.062500	48.189700	4.675184	0.426489	5.101670
19.687500	48.189700	4.643562	0.433147	5.076710
25.312500	48.189700	4.572955	0.413635	4.986590
30.937500	48.189700	4.642363	0.405199	5.047560
36.562500	48.189700	4.604147	0.417385	5.021530
42.187500	48.189700	4.619427	0.418966	5.038400
47.812500	48.189700	4.637375	0.440420	5.077790
53.437500	48.189700	4.644399	0.449948	5.094350
59.062500	48.189700	4.626676	0.423842	5.050520
64.687500	48.189700	4.631766	0.410904	5.042670
70.312500	48.189700	4.630329	0.408259	5.038590
75.937500	48.189700	4.612935	0.430332	5.043270
81.562500	48.189700	4.574267	0.401760	4.976030
87.187500	48.189700	4.579424	0.414632	4.994060
92.812500	48.189700	4.636346	0.411593	5.047940
98.437500	48.189700	4.681992	0.405054	5.087040
104.062000	48.189700	4.605912	0.398262	5.004170
109.688000	48.189700	4.578689	0.409751	4.988440
115.312000	48.189700	4.633881	0.421590	5.055470
120.938000	48.189700	4.666701	0.412869	5.079560
126.562000	48.189700	4.643494	0.418676	5.062170
132.188000	48.189700	4.660549	0.430360	5.090910
137.812000	48.189700	4.684740	0.421956	5.106700
143.437000	48.189700	4.673951	0.416068	5.090020
149.062000	48.189700	4.636561	0.420341	5.056900
154.688000	48.189700	4.656319	0.411189	5.067510
160.312000	48.189700	4.631166	0.392876	5.024050
165.938000	48.189700	4.635170	0.432043	5.067210
171.562000	48.189700	4.580510	0.406847	4.987350
177.188000	48.189700	4.578542	0.425247	5.003790
182.812000	48.189700	4.689276	0.406767	5.096040
188.438000	48.189700	4.587601	0.414364	5.001970
194.062000	48.189700	4.619698	0.423071	5.042760
199.687000	48.189700	4.597294	0.408711	5.006010
205.312000	48.189700	4.583925	0.411887	4.995820
210.938000	48.189700	4.716781	0.434211	5.150990
216.562000	48.189700	4.550426	0.426976	4.977400
222.188000	48.189700	4.677728	0.425770	5.103490
227.812000	48.189700	4.635962	0.420245	5.056200
233.438000	48.189700	4.591955	0.404528	4.996490
239.062000	48.189700	4.665469	0.410108	5.075580
244.687000	48.189700	4.578576	0.439339	5.017920
250.312000	48.189700	4.627423	0.411603	5.039030
255.937000	48.189700	4.717426	0.432404	5.149820
261.562000	48.189700	4.556624	0.435929	4.992550
267.188000	48.189700	4.633609	0.410964	5.044580
272.812000	48.189700	4.573193	0.434336	5.007530
278.438000	48.189700	4.643245	0.419778	5.063020
284.062000	48.189700	4.618556	0.418151	5.036700
289.688000	48.189700	4.635023	0.417058	5.052090
295.312000	48.189700	4.675127	0.395913	5.071040
300.938000	48.189700	4.658355	0.425607	5.083960
306.562000	48.189700	4.639750	0.413286	5.053040
312.187000	48.189700	4.673012	0.435134	5.108140
317.812000	48.189700	4.632128	0.431687	5.063810
323.438000	48.189700	4.640531	0.414728	5.055260
329.062000	48.189700	4.677400	0.405862	5.083260
334.688000	48.189700	4.613252	0.422744	5.036000
340.312000	48.189700	4.638574	0.400973	5.039550
345.938000	48.189700	4.631664	0.417920	5.049580
351.562000	48.189700	4.553231	0.416725	4.969960
357.187000	48.189700	4.658762	0.431324	5.090090
0.000000	51.317800	4.521190	0.572352	5.093540
5.625000	51.317800	4.530702	0.585332	5.116030
11.250000	51.317800	4.615864	0.547223	5.163090
16.875000	51.317800	4.574821	0.597641	5.172470
22.500000	51.317800	4.515502	0.567046	5.082550
28.125000	51.317800	4.578282	0.570054	5.148340
33.750000	51.317800	4.483687	0.574491	5.058180
39.375000	51.317800	4.585837	0.559584	5.145420
45.000000	51.317800	4.591028	0.571869	5.162900
50.625000	51.317800	4.571881	0.561980	5.133860
56.250000	51.317800	4.551218	0.566239	5.117460
61.875000	51.317800	4.527716	0.567066	5.094780
67.500000	51.317800	4.508795	0.571878	5.080680
73.125000	51.317800	4.583948	0.565005	5.148950
78.750000	51.317800	4.576405	0.538718	5.115120
84.375000	51.317800	4.506069	0.576820	5.082890
90.000000	51.317800	4.501647	0.571537	5.073190
95.625000	51.317800	4.556024	0.567124	5.123150
101.250000	51.317800	4.540191	0.579488	5.119670
106.875000	51.317800	4.469200	0.565759	5.034960
112.500000	51.317800	4.541932	0.597056	5.138990
118.125000	51.317800	4.558411	0.575878	5.134290
123.750000	51.317800	4.625059	0.577832	5.202890
129.375000	51.317800	4.550528	0.569537	5.120070
135.000000	51.317800	4.544421	0.582854	5.127270
140.625000	51.317800	4.546241	0.567556	5.113800
146.250000	51.317800	4.583247	0.581502	5.164750
151.875000	51.317800	4.512448	0.572658	5.085110
157.500000	51.317800	4.587499	0.562141	5.149640
163.125000	51.317800	4.566995	0.552958	5.119950
168.750000	51.317800	4.546388	0.568520	5.114910
174.375000	51.317800	4.560899	0.579997	5.140900
180.000000	51.317800	4.539818	0.576778	5.116600
185.625000	51.317800	4.519833	0.556874	5.076710
191.250000	51.317800	4.552756	0.570877	5.123630
196.875000	51.317800	4.539614	0.531866	5.071480
202.500000	51.317800	4.605493	0.573690	5.179190
208.125000	51.317800	4.633112	0.579208	5.212310
213.750000	51.317800	4.588676	0.594191	5.182870
219.375000	51.317800	4.574640	0.588709	5.163350
225.000000	51.317800	4.579469	0.589098	5.168570
230.625000	51.317800	4.585859	0.548968	5.134820
236.250000	51.317800	4.604012	0.548852	5.152870
241.875000	51.317800	4.537578	0.574291	5.111870
247.500000	51.317800	4.535633	0.565191	5.100830
253.125000	51.317800	4.494714	0.571546	5.066260
258.750000	51.317800	4.536164	0.555030	5.091200
264.375000	51.317800	4.557155	0.561126	5.118280
270.000000	51.317800	4.570162	0.563101	5.133260
275.625000	51.317800	4.580917	0.560798	5.141720
281.250000	51.317800	4.643460	0.575247	5.218710
286.875000	51.317800	4.580227	0.576627	5.156850
292.500000	51.317800	4.579345	0.570303	5.149650
298.125000	51.317800	4.519437	0.595736	5.115170
303.750000	51.317800	4.600709	0.577053	5.177760
309.375000	51.317800	4.519630	0.570588	5.090210
315.000000	51.317800	4.537273	0.555439	5.092710
320.625000	51.317800	4.604159	0.571967	5.176120
326.250000	51.317800	4.548549	0.591072	5.139620
331.875000	51.317800	4.597689	0.569275	5.166970
337.500000	51.317800	4.554950	0.583585	5.138540
343.125000	51.317800	4.533461	0.572283	5.105750
348.750000	51.317800	4.509055	0.587442	5.096500
354.375000	51.317800	4.575579	0.576517	5.152090
2.812500	54.314700	4.440382	0.750052	5.190440
8.437500	54.314700	4.451308	0.699099	5.150410
14.062500	54.314700	4.491977	0.737643	5.229620
19.687500	54.314700	4.429197	0.722061	5.151260
25.312500	54.314700	4.389104	0.727276	5.116380
30.937500	54.314700	4.450505	0.747814	5.198320
36.562500	54.314700	4.492927	0.745298	5.238230
42.187500	54.314700	4.517289	0.675568	5.192850
47.812500	54.314700	4.507607	0.704897	5.212500
53.437500	54.314700	4.508207	0.720626	5.228840
59.062500	54.314700	4.452325	0.741648	5.193980
64.687500	54.314700	4.404655	0.751509	5.156160
70.312500	54.314700	4.501432	0.716884	5.218320
75.937500	54.314700	4.439523	0.718875	5.158390
81.562500	54.314700	4.424424	0.704760	5.129180
87.187500	54.314700	4.436695	0.701322	5.138020
92.812500	54.314700	4.481731	0.723544	5.205280
98.437500	54.314700	4.463771	0.734641	5.198420
104.062000	54.314700	4.434015	0.729686	5.163700
109.688000	54.314700	4.446693	0.717148	5.163840
115.312000	54.314700	4.447655	0.710626	5.158270
120.938000	54.314700	4.476449	0.742616	5.219070
126.562000	54.314700	4.453400	0.709069	5.162470
132.188000	54.314700	4.478881	0.740959	5.219840
137.812000	54.314700	4.386593	0.751655	5.138250
143.437000	54.314700	4.445393	0.734857	5.180250
149.062000	54.314700	4.502688	0.708629	5.211320
154.688000	54.314700	4.407980	0.711320	5.119300
160.312000	54.314700	4.392011	0.714606	5.106620
165.938000	54.314700	4.533880	0.769967	5.303850
171.562000	54.314700	4.462414	0.728211	5.190620
177.188000	54.314700	4.405752	0.716150	5.121900
182.812000	54.314700	4.440925	0.720714	5.161640
188.438000	54.314700	4.449962	0.757412	5.207370
194.062000	54.314700	4.417152	0.704766	5.121920
199.687000	54.314700	4.481787	0.724739	5.206530
205.312000	54.314700	4.549634	0.719857	5.269490
210.938000	54.314700	4.506307	0.740846	5.247150
216.562000	54.314700	4.527343	0.697273	5.224620
222.188000	54.314700	4.370036	0.742804	5.112840
227.812000	54.314700	4.375589	0.758082	5.133680
233.438000	54.314700	4.409982	0.724843	5.134820
239.062000	54.314700	4.441197	0.729883	5.171080
244.687000	54.314700	4.501421	0.721338	5.222770
250.312000	54.314700	4.455243	0.715222	5.170470
255.937000	54.314700	4.439704	0.727196	5.166900
261.562000	54.314700	4.495382	0.740400	5.235790
267.188000	54.314700	4.476404	0.715803	5.192210
272.812000	54.314700	4.515875	0.735577	5.251450
278.438000	54.314700	4.398989	0.750641	5.149630
284.062000	54.314700	4.464676	0.720229	5.184900
289.688000	54.314700	4.451636	0.720250	5.171890
295.312000	54.314700	4.404745	0.755170	5.159910
300.938000	54.314700	4.468611	0.723158	5.191770
306.562000	54.314700	4.502348	0.722767	5.225110
312.187000	54.314700	4.458761	0.723988	5.182740
317.812000	54.314700	4.542871	0.718226	5.261100
323.438000	54.314700	4.393741	0.745906	5.139640
329.062000	54.314700	4.455345	0.723550	5.178890
334.688000	54.314700	4.441875	0.712217	5.154090
340.312000	54.314700	4.465501	0.735816	5.201310
345.938000	54.314700	4.520828	0.732804	5.253630
351.562000	54.314700	4.485203	0.732603	5.217810
357.187000	54.314700	4.456861	0.709703	5.166570
0.000000	57.202800	4.336616	0.917192	5.253810
5.625000	57.202800	4.360151	0.880758	5.240910
11.250000	57.202800	4.451409	0.879444	5.330850
16.875000	57.202800	4.333856	0.888315	5.222170
22.500000	57.202800	4.381085	0.906428	5.287510
28.125000	57.202800	4.302743	0.885743	5.188490
33.750000	57.202800	4.358387	0.884616	5.243010
39.375000	57.202800	4.401771	0.886723	5.288490
45.000000	57.202800	4.325362	0.895781	5.221140
50.625000	57.202800	4.402789	0.892353	5.295140
56.250000	57.202800	4.414370	0.898217	5.312580
61.875000	57.202800	4.259958	0.880114	5.140070
67.500000	57.202800	4.336231	0.902525	5.238750
73.125000	57.202800	4.377534	0.900238	5.277770
78.750000	57.202800	4.331368	0.890307	5.221670
84.375000	57.202800	4.404474	0.883409	5.287890
90.000000	57.202800	4.306045	0.879257	5.185310
95.625000	57.202800	4.389047	0.874888	5.263930
101.250000	57.202800	4.297608	0.894390	5.192000
106.875000	57.202800	4.377726	0.902475	5.280210
112.500000	57.202800	4.387984	0.910696	5.298680
118.125000	57.202800	4.378507	0.917374	5.295880
123.750000	57.202800	4.358161	0.878320	5.236480
129.375000	57.202800	4.322388	0.878698	5.201090
135.000000	57.202800	4.383313	0.919893	5.303210
140.625000	57.202800	4.353399	0.900877	5.254270
146.250000	57.202800	4.360468	0.870785	5.231250
151.875000	57.202800	4.393040	0.897328	5.290370
157.500000	57.202800	4.354734	0.882556	5.237290
163.125000	57.202800	4.381674	0.878524	5.260200
168.750000	57.202800	4.281695	0.907361	5.189050
174.375000	57.202800	4.406340	0.878739	5.285080
180.000000	57.202800	4.354575	0.867539	5.222120
185.625000	57.202800	4.329751	0.903838	5.233590
191.250000	57.202800	4.229976	0.883905	5.113880
196.875000	57.202800	4.348853	0.884464	5.233320
202.500000	57.202800	4.350572	0.895769	5.246340
208.125000	57.202800	4.314686	0.860171	5.174860
213.750000	57.202800	4.372728	0.885768	5.258500
219.375000	57.202800	4.286491	0.884981	5.171470
225.000000	57.202800	4.345856	0.894798	5.240650
230.625000	57.202800	4.415196	0.878799	5.294000
236.250000	57.202800	4.247167	0.868188	5.115350
241.875000	57.202800	4.298106	0.857502	5.155610
247.500000	57.202800	4.408127	0.872074	5.280200
253.125000	57.202800	4.398423	0.893882	5.292310
258.750000	57.202800	4.395155	0.888660	5.283820
264.375000	57.202800	4.322275	0.896844	5.219120
270.000000	57.202800	4.282148	0.882538	5.164690
275.625000	57.202800	4.365297	0.880744	5.246040
281.250000	57.202800	4.314788	0.886735	5.201520
286.875000	57.202800	4.309800	0.865291	5.175090
292.500000	57.202800	4.372128	0.875808	5.247930
298.125000	57.202800	4.354722	0.881227	5.235950
303.750000	57.202800	4.362153	0.862000	5.224150
309.375000	57.202800	4.356656	0.891182	5.247830
315.000000	57.202800	4.351137	0.871344	5.222480
320.625000	57.202800	4.351092	0.894690	5.245790
326.250000	57.202800	4.375713	0.922343	5.298060
331.875000	57.202800	4.375962	0.889359	5.265320
337.500000	57.202800	4.383596	0.882640	5.266230
343.125000	57.202800	4.327048	0.873560	5.200610
348.750000	57.202800	4.264211	0.861717	5.125930
354.375000	57.202800	4.354587	0.891744	5.246330
2.812500	60.000000	4.324661	1.090149	5.414810
8.437500	60.000000	4.269142	1.073966	5.343110
14.062500	60.000000	4.278619	1.059745	5.338360
19.687500	60.000000	4.311621	1.076721	5.388340
25.312500	60.000000	4.204348	1.057875	5.262220
30.937500	60.000000	4.283087	1.051073	5.334160
36.562500	60.000000	4.178358	1.034165	5.212530
42.187500	60.000000	4.222308	1.054369	5.276670
47.812500	60.000000	4.238458	1.069058	5.307520
53.437500	60.000000	4.252675	1.066039	5.318710
59.062500	60.000000	4.228314	1.053911	5.282230
64.687500	60.000000	4.305095	1.101351	5.406450
70.312500	60.000000	4.232555	1.033473	5.266030
75.937500	60.000000	4.216291	1.059422	5.275710
81.562500	60.000000	4.254767	1.049155	5.303920
87.187500	60.000000	4.219763	1.044570	5.264340
92.812500	60.000000	4.298366	1.078116	5.376480
98.437500	60.000000	4.157967	1.065299	5.223260
104.062000	60.000000	4.233471	1.054918	5.288390
109.688000	60.000000	4.241874	1.051742	5.293620
115.312000	60.000000	4.244871	1.084199	5.329070
120.938000	60.000000	4.170374	1.087316	5.257680
126.562000	60.000000	4.241342	1.067026	5.308360
132.188000	60.000000	4.244192	1.076188	5.320380
137.812000	60.000000	4.252188	1.054835	5.307030
143.437000	60.000000	4.255875	1.039936	5.295810
149.062000	60.000000	4.244498	1.052667	5.297160
154.688000	60.000000	4.163825	1.052719	5.216540
160.312000	60.000000	4.198388	1.074657	5.273050
165.938000	60.000000	4.183323	1.093948	5.277270
171.562000	60.000000	4.285292	1.059082	5.344380
177.188000	60.000000	4.136886	1.059837	5.196720
182.812000	60.000000	4.279682	1.070798	5.350480
188.438000	60.000000	4.256859	1.052880	5.309740
194.062000	60.000000	4.282431	1.080730	5.363160
199.687000	60.000000	4.213667	1.087107	5.300780
205.312000	60.000000	4.206361	1.055388	5.261750
210.938000	60.000000	4.225396	1.053644	5.279040
216.562000	60.000000	4.238085	1.069445	5.307530
222.188000	60.000000	4.245256	1.092252	5.337510
227.812000	60.000000	4.182520	1.073151	5.255670
233.438000	60.000000	4.247597	1.073653	5.321250
239.062000	60.000000	4.196341	1.067935	5.264270
244.687000	60.000000	4.290664	1.064532	5.355190
250.312000	60.000000	4.271313	1.088955	5.360270
255.937000	60.000000	4.264686	1.100964	5.365650
261.562000	60.000000	4.230406	1.074769	5.305170
267.188000	60.000000	4.244577	1.051162	5.295740
272.812000	60.000000	4.224627	1.087530	5.312150
278.438000	60.000000	4.218949	1.070595	5.289550
284.062000	60.000000	4.319357	1.077078	5.396430
289.688000	60.000000	4.287893	1.054504	5.342390
295.312000	60.000000	4.254971	1.107298	5.362260
300.938000	60.000000	4.255027	1.052865	5.307900
306.562000	60.000000	4.236999	1.062793	5.299790
312.187000	60.000000	4.240867	1.087273	5.328140
317.812000	60.000000	4.268282	1.079035	5.347320
323.438000	60.000000	4.199462	1.069394	5.268860
329.062000	60.000000	4.229331	1.087866	5.317200
334.688000	60.000000	4.303693	1.085564	5.389260
340.312000	60.000000	4.272410	1.086059	5.358470
345.938000	60.000000	4.235337	1.032827	5.268160
351.562000	60.000000	4.295550	1.061387	5.356930
357.187000	60.000000	4.238266	1.062171	5.300440
0.000000	62.720400	4.162344	1.268794	5.431130
5.625000	62.720400	4.205524	1.289694	5.495210
11.250000	62.720400	4.075033	1.241108	5.316140
16.875000	62.720400	4.135619	1.225127	5.360740
22.500000	62.720400	4.136693	1.221157	5.357850
28.125000	62.720400	4.179930	1.272062	5.451990
33.750000	62.720400	4.157221	1.243324	5.400540
39.375000	62.720400	4.122477	1.249239	5.371710
45.000000	62.720400	4.123303	1.234423	5.357730
50.625000	62.720400	4.129568	1.300031	5.429600
56.250000	62.720400	4.112083	1.222413	5.334490
61.875000	62.720400	4.193977	1.264847	5.458820
67.500000	62.720400	4.177499	1.289027	5.466520
73.125000	62.720400	4.170487	1.257427	5.427920
78.750000	62.720400	4.125372	1.250540	5.375910
84.375000	62.720400	4.083436	1.270841	5.354280
90.000000	62.720400	4.194169	1.272356	5.466520
95.625000	62.720400	4.093185	1.265989	5.359170
101.250000	62.720400	4.122511	1.256319	5.378830
106.875000	62.720400	4.171143	1.257563	5.428700
112.500000	62.720400	4.158238	1.243437	5.401680
118.125000	62.720400	4.219153	1.272458	5.491610
123.750000	62.720400	4.138548	1.238925	5.377470
129.375000	62.720400	4.125927	1.259407	5.385340
135.000000	62.720400	4.178664	1.255550	5.434220
140.625000	62.720400	4.170351	1.248527	5.418880
146.250000	62.720400	4.103906	1.285385	5.389300
151.875000	62.720400	4.131672	1.241956	5.373620
157.500000	62.720400	4.172319	1.273238	5.445570
163.125000	62.720400	4.035517	1.254623	5.290140
168.750000	62.720400	4.116415	1.272198	5.388620
174.375000	62.720400	4.100367	1.233270	5.333640
180.000000	62.720400	4.091273	1.253017	5.344300
185.625000	62.720400	4.074162	1.271203	5.345370
191.250000	62.720400	4.138096	1.233213	5.371310
196.875000	62.720400	4.097901	1.240836	5.338740
202.500000	62.720400	4.090731	1.267742	5.358480
208.125000	62.720400	4.153420	1.249579	5.403000
213.750000	62.720400	4.096883	1.238721	5.335610
219.375000	62.720400	4.188209	1.238597	5.426810
225.000000	62.720400	4.183414	1.261725	5.445140
230.625000	62.720400	4.157096	1.307846	5.464940
236.250000	62.720400	4.182939	1.267290	5.450230
241.875000	62.720400	4.200526	1.237805	5.438330
247.500000	62.720400	4.164210	1.227558	5.391760
253.125000	62.720400	4.123337	1.249443	5.372770
258.750000	62.720400	4.127838	1.275127	5.402970
264.375000	62.720400	4.189566	1.234209	5.423780
270.000000	62.720400	4.172579	1.229673	5.402250
275.625000	62.720400	4.077577	1.249714	5.327290
281.250000	62.720400	4.117014	1.277615	5.394630
286.875000	62.720400	4.177024	1.279142	5.456170
292.500000	62.720400	4.127951	1.244568	5.372520
298.125000	62.720400	4.134318	1.263580	5.397900
303.750000	62.720400	4.133244	1.271440	5.404690
309.375000	62.720400	4.155705	1.260934	5.416640
315.000000	62.720400	4.101611	1.233960	5.335570
320.625000	62.720400	4.202686	1.252994	5.455680
326.250000	62.720400	4.200820	1.260639	5.461460
331.875000	62.720400	4.114786	1.278475	5.393270
337.500000	62.720400	4.143660	1.286561	5.430220
343.125000	62.720400	4.108894	1.230318	5.339210
348.750000	62.720400	4.178313	1.262867	5.441190
354.375000	62.720400	4.141308	1.290316	5.431630
2.812500	65.375700	4.045571	1.482288	5.527860
8.437500	65.375700	3.973946	1.460709	5.434650
14.062500	65.375700	4.030529	1.412473	5.443010
19.687500	65.375700	4.067206	1.455450	5.522650
25.312500	65.375700	4.121912	1.450620	5.572540
30.937500	65.375700	3.981524	1.396718	5.378250
36.562500	65.375700	3.993456	1.445938	5.439400
42.187500	65.375700	4.000309	1.437105	5.437420
47.812500	65.375700	4.027181	1.426712	5.453900
53.437500	65.375700	3.993965	1.445440	5.439400
59.062500	65.375700	3.986195	1.477820	5.464010
64.687500	65.375700	4.039622	1.422007	5.461630
70.312500	65.375700	4.053420	1.443654	5.497080
75.937500	65.375700	4.008758	1.458130	5.466890
81.562500	65.375700	4.010884	1.467822	5.478710
87.187500	65.375700	4.058622	1.446526	5.505150
92.812500	65.375700	4.031739	1.416533	5.448270
98.437500	65.375700	4.049122	1.445350	5.494470
104.062000	65.375700	3.985335	1.414146	5.399490
109.688000	65.375700	3.984589	1.469462	5.454050
115.312000	65.375700	4.022522	1.450021	5.472540
120.938000	65.375700	4.109064	1.360142	5.469210
126.562000	65.375700	3.949743	1.435714	5.385460
132.188000	65.375700	4.061891	1.428363	5.490240
137.812000	65.375700	3.999608	1.446945	5.446540
143.437000	65.375700	4.051011	1.429154	5.480170
149.062000	65.375700	4.052606	1.473409	5.526020
154.688000	65.375700	3.972024	1.427526	5.399550
160.312000	65.375700	4.063157	1.454443	5.517600
165.938000	65.375700	4.023381	1.398980	5.422360
171.562000	65.375700	4.102470	1.432378	5.534850
177.188000	65.375700	3.991895	1.482706	5.474600
182.812000	65.375700	4.051237	1.435578	5.486810
188.438000	65.375700	3.957660	1.447352	5.405010
194.062000	65.375700	4.029240	1.429460	5.458700
199.687000	65.375700	4.042404	1.445146	5.487560
205.312000	65.375700	4.038039	1.457214	5.495250
210.938000	65.375700	4.080857	1.436381	5.517250
216.562000	65.375700	4.001022	1.487445	5.488470
222.188000	65.375700	4.042981	1.427956	5.470940
227.812000	65.375700	4.068281	1.418354	5.486630
233.438000	65.375700	4.041782	1.436653	5.478430
239.062000	65.375700	4.041318	1.387648	5.428960
244.687000	65.375700	4.014288	1.434594	5.448880
250.312000	65.375700	4.013067	1.455201	5.468270
255.937000	65.375700	4.048862	1.414916	5.463780
261.562000	65.375700	3.950026	1.396243	5.346270
267.188000	65.375700	3.976163	1.444129	5.420300
272.812000	65.375700	3.986715	1.432084	5.418800
278.438000	65.375700	3.999031	1.461794	5.460820
284.062000	65.375700	3.989610	1.476814	5.466430
289.688000	65.375700	4.009832	1.412450	5.422290
295.312000	65.375700	4.031106	1.405167	5.436270
300.938000	65.375700	4.005919	1.431767	5.437680
306.562000	65.375700	4.006745	1.451751	5.458500
312.187000	65.375700	4.034714	1.451729	5.486430
317.812000	65.375700	4.066494	1.429709	5.496200
323.438000	65.375700	4.057887	1.430919	5.488810
329.062000	65.375700	4.024456	1.445531	5.469990
334.688000	65.375700	4.004098	1.433475	5.437580
340.312000	65.375700	4.007898	1.409159	5.417060
345.938000	65.375700	3.969083	1.429562	5.398640
351.562000	65.375700	4.019785	1.428634	5.448420
357.187000	65.375700	3.993727	1.416239	5.409960
0.000000	67.975700	3.850376	1.611524	5.461900
5.625000	67.975700	3.988344	1.600655	5.589000
11.250000	67.975700	3.940628	1.561818	5.502450
16.875000	67.975700	3.967579	1.631452	5.599030
22.500000	67.975700	3.938094	1.588576	5.526670
28.125000	67.975700	3.910408	1.582978	5.493380
33.750000	67.975700	3.882190	1.628342	5.510530
39.375000	67.975700	3.970700	1.603426	5.574130
45.000000	67.975700	3.900399	1.604976	5.505370
50.625000	67.975700	3.933163	1.646324	5.579490
56.250000	67.975700	3.881648	1.563050	5.444700
61.875000	67.975700	3.953725	1.560212	5.513940
67.500000	67.975700	3.867386	1.592512	5.459900
73.125000	67.975700	3.906405	1.575446	5.481850
78.750000	67.975700	3.884226	1.627527	5.511760
84.375000	67.975700	3.907807	1.632017	5.539830
90.000000	67.975700	3.953702	1.585817	5.539520
95.625000	67.975700	3.929454	1.619350	5.548800
101.250000	67.975700	3.976706	1.613006	5.589720
106.875000	67.975700	3.925111	1.614023	5.539130
112.500000	67.975700	3.879058	1.628432	5.507500
118.125000	67.975700	3.940730	1.615709	5.556440
123.750000	67.975700	3.888535	1.636858	5.525400
129.375000	67.975700	3.929454	1.592501	5.521960
135.000000	67.975700	3.856020	1.609601	5.465630
140.625000	67.975700	3.893636	1.609036	5.502660
146.250000	67.975700	3.940345	1.602804	5.543150
151.875000	67.975700	3.875416	1.609228	5.484630
157.500000	67.975700	3.882417	1.648020	5.530430
163.125000	67.975700	3.871412	1.612553	5.483960
168.750000	67.975700	3.938931	1.608595	5.547520
174.375000	67.975700	3.904256	1.608210	5.512470
180.000000	67.975700	3.905013	1.552872	5.457890
185.625000	67.975700	3.824579	1.668842	5.493420
191.250000	67.975700	3.900546	1.609002	5.509550
196.875000	67.975700	3.913123	1.614872	5.528000
202.500000	67.975700	3.962998	1.600621	5.563620
208.125000	67.975700	3.914661	1.658980	5.573650
213.750000	67.975700	3.913304	1.612519	5.525830
219.375000	67.975700	3.892573	1.588022	5.480590
225.000000	67.975700	3.941069	1.607396	5.548460
230.625000	67.975700	3.865746	1.582017	5.447760
236.250000	67.975700	3.918834	1.574790	5.493620
241.875000	67.975700	3.875619	1.604964	5.480590
247.500000	67.975700	3.895366	1.638192	5.533560
253.125000	67.975700	3.888637	1.609228	5.497860
258.750000	67.975700	3.959436	1.623422	5.582860
264.375000	67.975700	3.938637	1.602295	5.540940
270.000000	67.975700	3.958509	1.600180	5.558680
275.625000	67.975700	3.902774	1.611298	5.514070
281.250000	67.975700	3.877915	1.602114	5.480020
286.875000	67.975700	3.914943	1.557068	5.472010
292.500000	67.975700	3.954799	1.601639	5.556430
298.125000	67.975700	3.886918	1.594277	5.481190
303.750000	67.975700	3.958418	1.564306	5.522720
309.375000	67.975700	3.924421	1.627109	5.551540
315.000000	67.975700	3.927542	1.574767	5.502310
320.625000	67.975700	3.855590	1.604602	5.460200
326.250000	67.975700	3.948579	1.579155	5.527730
331.875000	67.975700	3.861822	1.638599	5.500430
337.500000	67.975700	3.900659	1.594084	5.494740
343.125000	67.975700	3.930573	1.620764	5.551340
348.750000	67.975700	3.909040	1.608086	5.517130
354.375000	67.975700	3.938162	1.602521	5.540690
2.812500	70.528800	3.762635	1.748756	5.511390
8.437500	70.528800	3.812240	1.804841	5.617080
14.062500	70.528800	3.770179	1.746200	5.516380
19.687500	70.528800	3.757806	1.789200	5.547000
25.312500	70.528800	3.798148	1.765020	5.563170
30.937500	70.528800	3.776060	1.739177	5.515230
36.562500	70.528800	3.802660	1.739641	5.542290
42.187500	70.528800	3.782009	1.739335	5.521350
47.812500	70.528800	3.807705	1.761242	5.568950
53.437500	70.528800	3.806653	1.784020	5.590670
59.062500	70.528800	3.789292	1.775787	5.565080
64.687500	70.528800	3.816481	1.756888	5.573370
70.312500	70.528800	3.774477	1.803009	5.577480
75.937500	70.528800	3.809525	1.802817	5.612340
81.562500	70.528800	3.836137	1.717915	5.554050
87.187500	70.528800	3.769500	1.750385	5.519880
92.812500	70.528800	3.767940	1.810937	5.578870
98.437500	70.528800	3.786069	1.759263	5.545320
104.062000	70.528800	3.806053	1.728783	5.534830
109.688000	70.528800	3.764761	1.806436	5.571200
115.312000	70.528800	3.766085	1.731317	5.497400
120.938000	70.528800	3.837800	1.731237	5.569040
126.562000	70.528800	3.750726	1.788781	5.539520
132.188000	70.528800	3.823063	1.766580	5.589650
137.812000	70.528800	3.865418	1.722925	5.588340
143.437000	70.528800	3.849720	1.771681	5.621390
149.062000	70.528800	3.805838	1.752930	5.558760
154.688000	70.528800	3.794269	1.764307	5.558580
160.312000	70.528800	3.722667	1.782109	5.504770
165.938000	70.528800	3.754526	1.781769	5.536300
171.562000	70.528800	3.797628	1.761355	5.558980
177.188000	70.528800	3.725799	1.785988	5.511780
182.812000	70.528800	3.783389	1.780785	5.564170
188.438000	70.528800	3.785221	1.753857	5.539080
194.062000	70.528800	3.814694	1.746291	5.560990
199.687000	70.528800	3.733151	1.771330	5.504490
205.312000	70.528800	3.854572	1.739697	5.594270
210.938000	70.528800	3.798114	1.786746	5.584860
216.562000	70.528800	3.733083	1.760688	5.493780
222.188000	70.528800	3.771853	1.759715	5.531570
227.812000	70.528800	3.840322	1.754920	5.595250
233.438000	70.528800	3.842799	1.814364	5.657160
239.062000	70.528800	3.731239	1.749503	5.480740
244.687000	70.528800	3.820541	1.736349	5.556890
250.312000	70.528800	3.787777	1.755768	5.543550
255.937000	70.528800	3.818234	1.757499	5.575740
261.562000	70.528800	3.797006	1.744877	5.541880
267.188000	70.528800	3.812805	1.748089	5.560900
272.812000	70.528800	3.746168	1.768005	5.514180
278.438000	70.528800	3.825291	1.711344	5.536640
284.062000	70.528800	3.831806	1.731837	5.563650
289.688000	70.528800	3.763122	1.766162	5.529290
295.312000	70.528800	3.807037	1.762780	5.569820
300.938000	70.528800	3.774578	1.728817	5.503390
306.562000	70.528800	3.817748	1.748179	5.565930
312.187000	70.528800	3.741090	1.781701	5.522790
317.812000	70.528800	3.802197	1.733375	5.535570
323.438000	70.528800	3.777247	1.750328	5.527570
329.062000	70.528800	3.844111	1.743124	5.587230
334.688000	70.528800	3.757195	1.743916	5.501120
340.312000	70.528800	3.780652	1.734223	5.514870
345.938000	70.528800	3.770360	1.782606	5.552970
351.562000	70.528800	3.774918	1.730785	5.505700
357.187000	70.528800	3.863439	1.717926	5.581360
0.000000	73.042200	3.720416	1.891757	5.612170
5.625000	73.042200	3.654288	1.892639	5.546930
11.250000	73.042200	3.727598	1.929723	5.657330
16.875000	73.042200	3.724080	1.915722	5.639800
22.500000	73.042200	3.609705	1.939212	5.548920
28.125000	73.042200	3.624283	1.928106	5.552390
33.750000	73.042200	3.625018	1.918549	5.543570
39.375000	73.042200	3.615563	1.910700	5.526260
45.000000	73.042200	3.681149	1.894188	5.575340
50.625000	73.042200	3.671648	1.846823	5.518470
56.250000	73.042200	3.653824	1.920076	5.573900
61.875000	73.042200	3.642933	1.906210	5.549150
67.500000	73.042200	3.647140	1.911051	5.558190
73.125000	73.042200	3.667984	1.928298	5.596290
78.750000	73.042200	3.668617	1.905803	5.574420
84.375000	73.042200	3.700285	1.908789	5.609080
90.000000	73.042200	3.605781	1.958133	5.563920
95.625000	73.042200	3.655656	1.899232	5.554880
101.250000	73.042200	3.729204	1.928016	5.657220
106.875000	73.042200	3.707184	1.889517	5.596700
112.500000	73.042200	3.582437	1.901935	5.484370
118.125000	73.042200	3.671954	1.911650	5.583600
123.750000	73.042200	3.688749	1.887210	5.575960
129.375000	73.042200	3.687539	1.880763	5.568300
135.000000	73.042200	3.673616	1.919918	5.593520
140.625000	73.042200	3.694630	1.948475	5.643100
146.250000	73.042200	3.604672	1.888002	5.492680
151.875000	73.042200	3.695670	1.912793	5.608470
157.500000	73.042200	3.663121	1.903213	5.566330
163.125000	73.042200	3.659490	1.929621	5.589120
168.750000	73.042200	3.733513	1.927744	5.661250
174.375000	73.042200	3.691327	1.876070	5.567400
180.000000	73.042200	3.668176	1.879915	5.548090
185.625000	73.042200	3.598655	1.867588	5.466240
191.250000	73.042200	3.598949	1.902241	5.501190
196.875000	73.042200	3.701235	1.908472	5.609710
202.500000	73.042200	3.731330	1.863380	5.594710
208.125000	73.042200	3.611401	1.911628	5.523030
213.750000	73.042200	3.609106	1.939732	5.548840
219.375000	73.042200	3.594765	1.928389	5.523150
225.000000	73.042200	3.649549	1.891926	5.541470
230.625000	73.042200	3.647830	1.922485	5.570320
236.250000	73.042200	3.607262	1.964060	5.571310
241.875000	73.042200	3.689179	1.883150	5.572330
247.500000	73.042200	3.669070	1.856877	5.525950
253.125000	73.042200	3.626568	1.950816	5.577390
258.750000	73.042200	3.670178	1.913924	5.584100
264.375000	73.042200	3.679203	1.859275	5.538480
270.000000	73.042200	3.680402	1.898226	5.578630
275.625000	73.042200	3.669884	1.934745	5.604630
281.250000	73.042200	3.544086	1.949911	5.494010
286.875000	73.042200	3.689133	1.889958	5.579090
292.500000	73.042200	3.610271	1.902795	5.513060
298.125000	73.042200	3.621320	1.882177	5.503490
303.750000	73.042200	3.682992	1.932777	5.615770
309.375000	73.042200	3.702829	1.902817	5.605650
315.000000	73.042200	3.644109	1.892831	5.536940
320.625000	73.042200	3.685684	1.922315	5.608000
326.250000	73.042200	3.651540	1.883546	5.535080
331.875000	73.042200	3.697129	1.909739	5.606870
337.500000	73.042200	3.686283	1.908925	5.595210
343.125000	73.042200	3.675132	1.915337	5.590470
348.750000	73.042200	3.581894	1.883059	5.464950
354.375000	73.042200	3.603406	1.931341	5.534750
2.812500	75.522500	3.481600	2.043262	5.524860
8.437500	75.522500	3.548350	2.032540	5.580890
14.062500	75.522500	3.435241	2.045388	5.480630
19.687500	75.522500	3.532041	2.053497	5.585540
25.312500	75.522500	3.470754	2.034712	5.505460
30.937500	75.522500	3.592084	2.047118	5.639200
36.562500	75.522500	3.579338	2.069410	5.648760
42.187500	75.522500	3.514760	2.102321	5.617080
47.812500	75.522500	3.476114	2.067069	5.543180
53.437500	75.522500	3.553416	2.044540	5.597950
59.062500	75.522500	3.537458	2.017668	5.555120
64.687500	75.522500	3.482086	2.057772	5.539860
70.312500	75.522500	3.564285	1.989269	5.553550
75.937500	75.522500	3.599560	2.026331	5.625900
81.562500	75.522500	3.585785	2.013789	5.599570
87.187500	75.522500	3.514613	2.010441	5.525050
92.812500	75.522500	3.503914	2.046451	5.550370
98.437500	75.522500	3.484438	2.082337	5.566770
104.062000	75.522500	3.606731	2.084146	5.690880
109.688000	75.522500	3.532335	1.987957	5.520300
115.312000	75.522500	3.520709	2.049086	5.569790
120.938000	75.522500	3.570969	2.107456	5.678410
126.562000	75.522500	3.494628	2.037482	5.532120
132.188000	75.522500	3.561446	2.031319	5.592770
137.812000	75.522500	3.521161	2.038512	5.559670
143.437000	75.522500	3.518356	2.029645	5.548000
149.062000	75.522500	3.520403	2.072848	5.593260
154.688000	75.522500	3.511095	2.077621	5.588720
160.312000	75.522500	3.503993	1.977473	5.481460
165.938000	75.522500	3.525052	2.018889	5.543950
171.562000	75.522500	3.500826	2.051574	5.552410
177.188000	75.522500	3.578332	2.032517	5.610850
182.812000	75.522500	3.453314	2.026648	5.479970
188.438000	75.522500	3.566230	2.067985	5.634220
194.062000	75.522500	3.594776	2.053067	5.647840
199.687000	75.522500	3.496348	2.036566	5.532920
205.312000	75.522500	3.491190	1.990061	5.481250
210.938000	75.522500	3.523536	2.030346	5.553880
216.562000	75.522500	3.520844	2.081387	5.602230
222.188000	75.522500	3.526499	2.098204	5.624700
227.812000	75.522500	3.610395	2.061063	5.671450
233.438000	75.522500	3.514647	2.050070	5.564710
239.062000	75.522500	3.593362	2.041633	5.635000
244.687000	75.522500	3.537221	2.059864	5.597090
250.312000	75.522500	3.512634	2.032664	5.545300
255.937000	75.522500	3.540942	2.037403	5.578350
261.562000	75.522500	3.562690	2.019534	5.582220
267.188000	75.522500	3.590727	2.082755	5.673480
272.812000	75.522500	3.496890	2.036906	5.533790
278.438000	75.522500	3.451663	2.026569	5.478230
284.062000	75.522500	3.577404	2.001959	5.579370
289.688000	75.522500	3.498553	2.111900	5.610450
295.312000	75.522500	3.498202	2.066548	5.564760
300.938000	75.522500	3.529010	2.064366	5.593370
306.562000	75.522500	3.440421	2.061674	5.502090
312.187000	75.522500	3.553937	2.079736	5.633670
317.812000	75.522500	3.443056	2.067080	5.510130
323.438000	75.522500	3.516773	2.065757	5.582540
329.062000	75.522500	3.578185	2.074002	5.652190
334.688000	75.522500	3.496167	2.027609	5.523780
340.312000	75.522500	3.493678	2.004164	5.497840
345.938000	75.522500	3.546857	2.017328	5.564180
351.562000	75.522500	3.497648	2.063902	5.561540
357.187000	75.522500	3.514353	2.053554	5.567900
0.000000	77.975300	3.391676	2.179046	5.570720
5.625000	77.975300	3.375967	2.178854	5.554820
11.250000	77.975300	3.442231	2.202175	5.644400
16.875000	77.975300	3.453665	2.230166	5.683830
22.500000	77.975300	3.408460	2.153045	5.561500
28.125000	77.975300	3.285964	2.153543	5.439510
33.750000	77.975300	3.363764	2.165893	5.529650
39.375000	77.975300	3.372879	2.135696	5.508570
45.000000	77.975300	3.455044	2.198081	5.653120
50.625000	77.975300	3.293960	2.151948	5.445910
56.250000	77.975300	3.388453	2.171186	5.559630
61.875000	77.975300	3.381837	2.172996	5.554840
67.500000	77.975300	3.394764	2.142640	5.537410
73.125000	77.975300	3.346007	2.182337	5.528350
78.750000	77.975300	3.367270	2.175099	5.542370
84.375000	77.975300	3.355157	2.212116	5.567270
90.000000	77.975300	3.324417	2.132948	5.457370
95.625000	77.975300	3.414205	2.229239	5.643440
101.250000	77.975300	3.381656	2.190243	5.571900
106.875000	77.975300	3.396121	2.194382	5.590510
112.500000	77.975300	3.380875	2.200524	5.581390
118.125000	77.975300	3.458494	2.172509	5.631010
123.750000	77.975300	3.439618	2.157660	5.597270
129.375000	77.975300	3.303709	2.131783	5.435500
135.000000	77.975300	3.407046	2.144597	5.551640
140.625000	77.975300	3.422212	2.137472	5.559690
146.250000	77.975300	3.388057	2.160826	5.548880
151.875000	77.975300	3.395736	2.167872	5.563610
157.500000	77.975300	3.436010	2.180109	5.616110
163.125000	77.975300	3.387039	2.141181	5.528220
168.750000	77.975300	3.333736	2.212320	5.546060
174.375000	77.975300	3.289945	2.199472	5.489420
180.000000	77.975300	3.286869	2.178390	5.465250
185.625000	77.975300	3.387254	2.166199	5.553450
191.250000	77.975300	3.396132	2.194744	5.590890
196.875000	77.975300	3.376193	2.216221	5.592410
202.500000	77.975300	3.389527	2.137822	5.527350
208.125000	77.975300	3.393667	2.182745	5.576420
213.750000	77.975300	3.410428	2.167239	5.577660
219.375000	77.975300	3.388792	2.173674	5.562460
225.000000	77.975300	3.463877	2.202016	5.665900
230.625000	77.975300	3.412147	2.219094	5.631230
236.250000	77.975300	3.389991	2.213960	5.603950
241.875000	77.975300	3.357147	2.151010	5.508160
247.500000	77.975300	3.401776	2.157456	5.559230
253.125000	77.975300	3.378172	2.143195	5.521370
258.750000	77.975300	3.416082	2.235109	5.651190
264.375000	77.975300	3.402895	2.151688	5.554580
270.000000	77.975300	3.442954	2.154945	5.597910
275.625000	77.975300	3.369645	2.161889	5.531530
281.250000	77.975300	3.428105	2.160385	5.588490
286.875000	77.975300	3.483805	2.157773	5.641570
292.500000	77.975300	3.408211	2.161697	5.569910
298.125000	77.975300	3.372178	2.142731	5.514910
303.750000	77.975300	3.402884	2.164921	5.567800
309.375000	77.975300	3.391846	2.206540	5.598380
315.000000	77.975300	3.423049	2.227588	5.650630
320.625000	77.975300	3.359387	2.182179	5.541570
326.250000	77.975300	3.417213	2.159741	5.576950
331.875000	77.975300	3.428896	2.117080	5.545970
337.500000	77.975300	3.369679	2.149664	5.519350
343.125000	77.975300	3.383510	2.211811	5.595330
348.750000	77.975300	3.412916	2.158542	5.571460
354.375000	77.975300	3.378953	2.177768	5.556720
2.812500	80.405900	3.243733	2.270090	5.513830
8.437500	80.405900	3.242783	2.291035	5.533820
14.062500	80.405900	3.291099	2.316403	5.607500
19.687500	80.405900	3.280535	2.284860	5.565400
25.312500	80.405900	3.214633	2.256235	5.470880
30.937500	80.405900	3.193484	2.283786	5.477270
36.562500	80.405900	3.267597	2.286647	5.554250
42.187500	80.405900	3.237660	2.261935	5.499600
47.812500	80.405900	3.263254	2.272171	5.535430
53.437500	80.405900	3.255111	2.315329	5.570440
59.062500	80.405900	3.258323	2.321990	5.580320
64.687500	80.405900	3.228601	2.328165	5.556770
70.312500	80.405900	3.249207	2.329206	5.578410
75.937500	80.405900	3.266477	2.343524	5.610000
81.562500	80.405900	3.338577	2.324037	5.662610
87.187500	80.405900	3.228748	2.331830	5.560570
92.812500	80.405900	3.300158	2.254799	5.554960
98.437500	80.405900	3.253064	2.324060	5.577120
104.062000	80.405900	3.229246	2.261404	5.490650
109.688000	80.405900	3.255597	2.288604	5.544200
115.312000	80.405900	3.269848	2.313508	5.583350
120.938000	80.405900	3.296414	2.300027	5.596430
126.562000	80.405900	3.275955	2.308701	5.584660
132.188000	80.405900	3.250825	2.286579	5.537400
137.812000	80.405900	3.268807	2.321741	5.590550
143.437000	80.405900	3.254749	2.320644	5.575390
149.062000	80.405900	3.288101	2.277905	5.566010
154.688000	80.405900	3.243711	2.308226	5.551930
160.312000	80.405900	3.257859	2.295876	5.553740
165.938000	80.405900	3.277900	2.266550	5.544440
171.562000	80.405900	3.307995	2.298884	5.606880
177.188000	80.405900	3.295521	2.302198	5.597720
182.812000	80.405900	3.215210	2.303465	5.518680
188.438000	80.405900	3.292410	2.307921	5.600330
194.062000	80.405900	3.283510	2.311348	5.594860
199.687000	80.405900	3.244061	2.274670	5.518740
205.312000	80.405900	3.308402	2.276140	5.584540
210.938000	80.405900	3.252657	2.245876	5.498540
216.562000	80.405900	3.279314	2.302684	5.582000
222.188000	80.405900	3.275966	2.258328	5.534290
227.812000	80.405900	3.304501	2.261777	5.566280
233.438000	80.405900	3.238033	2.276163	5.514200
239.062000	80.405900	3.282809	2.287586	5.570400
244.687000	80.405900	3.293338	2.338706	5.632050
250.312000	80.405900	3.239209	2.253023	5.492220
255.937000	80.405900	3.184210	2.317229	5.501450
261.562000	80.405900	3.205009	2.311857	5.516870
267.188000	80.405900	3.247647	2.296984	5.544620
272.812000	80.405900	3.276136	2.250841	5.526970
278.438000	80.405900	3.334279	2.303114	5.637390
284.062000	80.405900	3.216816	2.293885	5.510700
289.688000	80.405900	3.267111	2.335946	5.603060
295.312000	80.405900	3.232514	2.285154	5.517660
300.938000	80.405900	3.266703	2.276751	5.543460
306.562000	80.405900	3.219632	2.301169	5.520800
312.187000	80.405900	3.264871	2.314175	5.579050
317.812000	80.405900	3.291585	2.312275	5.603860
323.438000	80.405900	3.252759	2.270723	5.523480
329.062000	80.405900	3.208911	2.236669	5.445580
334.688000	80.405900	3.265346	2.276921	5.542270
340.312000	80.405900	3.257701	2.265453	5.523150
345.938000	80.405900	3.240510	2.273528	5.514040
351.562000	80.405900	3.265358	2.292415	5.557770
357.187000	80.405900	3.287525	2.291352	5.578880
0.000000	82.819200	3.108729	2.443558	5.552290
5.625000	82.819200	3.169677	2.419197	5.588870
11.250000	82.819200	3.142602	2.433289	5.575890
16.875000	82.819200	3.142624	2.402945	5.545570
22.500000	82.819200	3.133950	2.399292	5.533250
28.125000	82.819200	3.162586	2.360206	5.522790
33.750000	82.819200	3.146504	2.408035	5.554540
39.375000	82.819200	3.175117	2.379036	5.554150
45.000000	82.819200	3.139412	2.420249	5.559670
50.625000	82.819200	3.147058	2.409448	5.556510
56.250000	82.819200	3.120118	2.397709	5.517820
61.875000	82.819200	3.159510	2.398534	5.558040
67.500000	82.819200	3.147940	2.414538	5.562490
73.125000	82.819200	3.114463	2.409177	5.523640
78.750000	82.819200	3.141765	2.459109	5.600880
84.375000	82.819200	3.070728	2.378279	5.449000
90.000000	82.819200	3.140091	2.379489	5.519580
95.625000	82.819200	3.151333	2.435879	5.587210
101.250000	82.819200	3.137535	2.444294	5.581820
106.875000	82.819200	3.149795	2.432543	5.582330
112.500000	82.819200	3.174111	2.382972	5.557090
118.125000	82.819200	3.119688	2.417874	5.537570
123.750000	82.819200	3.117019	2.478505	5.595520
129.375000	82.819200	3.184730	2.460138	5.644870
135.000000	82.819200	3.121928	2.414289	5.536210
140.625000	82.819200	3.088677	2.409007	5.497680
146.250000	82.819200	3.172211	2.413361	5.585580
151.875000	82.819200	3.150304	2.423156	5.573460
157.500000	82.819200	3.087320	2.409991	5.497310
163.125000	82.819200	3.160030	2.392088	5.552110
168.750000	82.819200	3.097204	2.437112	5.534320
174.375000	82.819200	3.080251	2.397765	5.478010
180.000000	82.819200	3.195724	2.421991	5.617710
185.625000	82.819200	3.123862	2.399145	5.523010
191.250000	82.819200	3.093992	2.425508	5.519500
196.875000	82.819200	3.207395	2.419763	5.627160
202.500000	82.819200	3.164678	2.434669	5.599350
208.125000	82.819200	3.165097	2.401192	5.566290
213.750000	82.819200	3.192659	2.441930	5.634580
219.375000	82.819200	3.118297	2.351769	5.470060
225.000000	82.819200	3.151061	2.391330	5.542400
230.625000	82.819200	3.085114	2.425587	5.510700
236.250000	82.819200	3.096571	2.427012	5.523570
241.875000	82.819200	3.133192	2.436558	5.569750
247.500000	82.819200	3.180093	2.398987	5.579080
253.125000	82.819200	3.190928	2.392710	5.583630
258.750000	82.819200	3.134606	2.443468	5.578080
264.375000	82.819200	3.185748	2.425429	5.611180
270.000000	82.819200	3.105370	2.368247	5.473620
275.625000	82.819200	3.122504	2.441783	5.564290
281.250000	82.819200	3.118806	2.379670	5.498480
286.875000	82.819200	3.159295	2.455716	5.615010
292.500000	82.819200	3.158990	2.390663	5.549650
298.125000	82.819200	3.121758	2.414662	5.536410
303.750000	82.819200	3.099817	2.429580	5.529400
309.375000	82.819200	3.133203	2.426187	5.559380
315.000000	82.819200	3.123059	2.429059	5.552120
320.625000	82.819200	3.141674	2.410545	5.552220
326.250000	82.819200	3.150168	2.451407	5.601570
331.875000	82.819200	3.163412	2.433923	5.597340
337.500000	82.819200	3.171928	2.435381	5.607300
343.125000	82.819200	3.113479	2.417637	5.531110
348.750000	82.819200	3.145158	2.443411	5.588570
354.375000	82.819200	3.173749	2.447019	5.620770
2.812500	85.219800	3.007756	2.506294	5.514040
8.437500	85.219800	3.035080	2.520487	5.555560
14.062500	85.219800	2.955901	2.559076	5.514980
19.687500	85.219800	3.008457	2.589013	5.597470
25.312500	85.219800	3.041447	2.543254	5.584710
30.937500	85.219800	2.975240	2.512978	5.488220
36.562500	85.219800	3.029176	2.544995	5.574170
42.187500	85.219800	3.030884	2.533776	5.564670
47.812500	85.219800	3.067686	2.540720	5.608410
53.437500	85.219800	2.980047	2.502935	5.482980
59.062500	85.219800	3.044693	2.560682	5.605380
64.687500	85.219800	3.008898	2.549621	5.558510
70.312500	85.219800	3.029380	2.552912	5.582280
75.937500	85.219800	2.984412	2.525373	5.509790
81.562500	85.219800	3.026598	2.494226	5.520820
87.187500	85.219800	2.951965	2.492428	5.444390
92.812500	85.219800	2.986403	2.509472	5.495880
98.437500	85.219800	3.030873	2.571223	5.602090
104.062000	85.219800	3.052474	2.507470	5.559950
109.688000	85.219800	2.978373	2.506192	5.484560
115.312000	85.219800	2.980771	2.528246	5.509010
120.938000	85.219800	3.032818	2.552302	5.585120
126.562000	85.219800	2.994772	2.502245	5.497020
132.188000	85.219800	2.997102	2.486897	5.484000
137.812000	85.219800	3.014214	2.537124	5.551330
143.437000	85.219800	2.977355	2.502143	5.479490
149.062000	85.219800	3.022707	2.535393	5.558100
154.688000	85.219800	3.052983	2.518146	5.571130
160.312000	85.219800	3.005053	2.528924	5.533970
165.938000	85.219800	2.969506	2.585677	5.555190
171.562000	85.219800	2.986064	2.500661	5.486730
177.188000	85.219800	3.058152	2.620714	5.678870
182.812000	85.219800	3.007835	2.595629	5.603460
188.438000	85.219800	3.033893	2.554394	5.588290
194.062000	85.219800	2.982739	2.529603	5.512340
199.687000	85.219800	3.037285	2.487248	5.524530
205.312000	85.219800	2.981449	2.541444	5.522900
210.938000	85.219800	3.056716	2.517909	5.574620
216.562000	85.219800	3.048312	2.581209	5.629520
222.188000	85.219800	2.981348	2.523993	5.505350
227.812000	85.219800	3.015763	2.537135	5.552900
233.438000	85.219800	2.998572	2.550413	5.548980
239.062000	85.219800	3.021294	2.519017	5.540310
244.687000	85.219800	3.016543	2.465725	5.482280
250.312000	85.219800	3.047295	2.578936	5.626220
255.937000	85.219800	2.947090	2.535948	5.483040
261.562000	85.219800	3.032106	2.514414	5.546520
267.188000	85.219800	3.091120	2.554269	5.645390
272.812000	85.219800	3.084164	2.538843	5.623000
278.438000	85.219800	3.023171	2.575453	5.598620
284.062000	85.219800	3.048527	2.508047	5.556580
289.688000	85.219800	2.982049	2.518655	5.500700
295.312000	85.219800	3.018771	2.517739	5.536520
300.938000	85.219800	3.018296	2.499632	5.517930
306.562000	85.219800	3.020966	2.527092	5.548070
312.187000	85.219800	3.006602	2.581809	5.588410
317.812000	85.219800	2.988292	2.488978	5.477280
323.438000	85.219800	3.018217	2.535360	5.553580
329.062000	85.219800	2.993901	2.558793	5.552700
334.688000	85.219800	3.040565	2.537203	5.577770
340.312000	85.219800	2.960097	2.548807	5.508900
345.938000	85.219800	2.967188	2.497042	5.464230
351.562000	85.219800	3.000269	2.538820	5.539090
357.187000	85.219800	3.037840	2.491523	5.529370
0.000000	87.612000	2.941662	2.629298	5.570960
5.625000	87.612000	2.987975	2.659359	5.647340
11.250000	87.612000	2.837691	2.640212	5.477900
16.875000	87.612000	2.897780	2.710649	5.608430
22.500000	87.612000	2.890372	2.665173	5.555550
28.125000	87.612000	2.915355	2.627387	5.542750
33.750000	87.612000	2.901207	2.720749	5.621950
39.375000	87.612000	2.882478	2.655548	5.538040
45.000000	87.612000	2.840677	2.711316	5.551990
50.625000	87.612000	2.889411	2.648547	5.537960
56.250000	87.612000	2.892487	2.655819	5.548310
61.875000	87.612000	2.849295	2.603704	5.452990
67.500000	87.612000	2.902066	2.733529	5.635600
73.125000	87.612000	2.922051	2.587588	5.509630
78.750000	87.612000	2.848447	2.659077	5.507530
84.375000	87.612000	2.848628	2.663171	5.511790
90.000000	87.612000	2.902847	2.642248	5.545090
95.625000	87.612000	2.926688	2.657697	5.584390
101.250000	87.612000	2.876834	2.673157	5.549990
106.875000	87.612000	2.874855	2.679468	5.554320
112.500000	87.612000	2.883156	2.658036	5.541190
118.125000	87.612000	2.893527	2.602867	5.496390
123.750000	87.612000	2.873622	2.643401	5.517020
129.375000	87.612000	2.904543	2.665150	5.569700
135.000000	87.612000	2.874369	2.649950	5.524310
140.625000	87.612000	2.865344	2.616597	5.481950
146.250000	87.612000	2.884197	2.661418	5.545610
151.875000	87.612000	2.894964	2.639239	5.534200
157.500000	87.612000	2.920999	2.609009	5.530010
163.125000	87.612000	2.893595	2.611395	5.504990
168.750000	87.612000	2.907257	2.686243	5.593500
174.375000	87.612000	2.922899	2.644465	5.567360
180.000000	87.612000	2.877603	2.671235	5.548840
185.625000	87.612000	2.881811	2.616586	5.498390
191.250000	87.612000	2.887183	2.625905	5.513080
196.875000	87.612000	2.861351	2.681572	5.542930
202.500000	87.612000	2.904894	2.677647	5.582530
208.125000	87.612000	2.922797	2.660965	5.583770
213.750000	87.612000	2.854045	2.675657	5.529710
219.375000	87.612000	2.951886	2.692293	5.644180
225.000000	87.612000	2.871745	2.625238	5.496980
230.625000	87.612000	2.890779	2.620058	5.510830
236.250000	87.612000	2.858354	2.620420	5.478780
241.875000	87.612000	2.929504	2.661305	5.590810
247.500000	87.612000	2.890779	2.625068	5.515850
253.125000	87.612000	2.903333	2.658930	5.562260
258.750000	87.612000	2.927717	2.677229	5.604950
264.375000	87.612000	2.856375	2.693153	5.549530
270.000000	87.612000	2.846185	2.642440	5.488620
275.625000	87.612000	2.869065	2.622218	5.491280
281.250000	87.612000	2.869992	2.656261	5.526250
286.875000	87.612000	2.885973	2.649531	5.535500
292.500000	87.612000	2.881924	2.611384	5.493310
298.125000	87.612000	2.871632	2.612300	5.483930
303.750000	87.612000	2.858716	2.640902	5.499620
309.375000	87.612000	2.945066	2.715705	5.660770
315.000000	87.612000	2.851139	2.635519	5.486660
320.625000	87.612000	2.957676	2.681719	5.639390
326.250000	87.612000	2.874414	2.659371	5.533780
331.875000	87.612000	2.886368	2.635552	5.521920
337.500000	87.612000	2.857020	2.637441	5.494460
343.125000	87.612000	2.892747	2.625351	5.518090
348.750000	87.612000	2.921112	2.664121	5.585240
354.375000	87.612000	2.901229	2.625950	5.527180
2.812500	90.000000	2.736876	2.768351	5.505220
8.437500	90.000000	2.787544	2.805538	5.593080
14.062500	90.000000	2.820715	2.781765	5.602480
19.687500	90.000000	2.809892	2.773294	5.583180
25.312500	90.000000	2.763511	2.800041	5.563550
30.937500	90.000000	2.789003	2.727263	5.516260
36.562500	90.000000	2.776438	2.823622	5.600060
42.187500	90.000000	2.763194	2.740948	5.504150
47.812500	90.000000	2.750041	2.802835	5.552880
53.437500	90.000000	2.782138	2.761713	5.543850
59.062500	90.000000	2.762832	2.821982	5.584820
64.687500	90.000000	2.823373	2.812222	5.635590
70.312500	90.000000	2.818714	2.760740	5.579450
75.937500	90.000000	2.785531	2.856375	5.641900
81.562500	90.000000	2.768408	2.760423	5.528830
87.187500	90.000000	2.787555	2.800867	5.588420
92.812500	90.000000	2.731911	2.707980	5.439890
98.437500	90.000000	2.770104	2.798164	5.568260
104.062000	90.000000	2.770421	2.769788	5.540210
109.688000	90.000000	2.762753	2.773622	5.536380
115.312000	90.000000	2.756601	2.765320	5.521920
120.938000	90.000000	2.774312	2.754667	5.528980
126.562000	90.000000	2.801342	2.762516	5.563850
132.188000	90.000000	2.727885	2.727026	5.454900
137.812000	90.000000	2.768679	2.821134	5.589820
143.437000	90.000000	2.789184	2.763432	5.552620
149.062000	90.000000	2.767899	2.813760	5.581660
154.688000	90.000000	2.759439	2.828191	5.587640
160.312000	90.000000	2.850652	2.775476	5.626130
165.938000	90.000000	2.763058	2.783144	5.546200
171.562000	90.000000	2.768702	2.805617	5.574320
177.188000	90.000000	2.752020	2.854599	5.606620
182.812000	90.000000	2.755187	2.766655	5.521840
188.438000	90.000000	2.797044	2.719787	5.516830
194.062000	90.000000	2.811916	2.806171	5.618090
199.687000	90.000000	2.787714	2.794183	5.581900
205.312000	90.000000	2.809349	2.800867	5.610220
210.938000	90.000000	2.727908	2.781629	5.509540
216.562000	90.000000	2.769267	2.798910	5.568180
222.188000	90.000000	2.760299	2.772898	5.533200
227.812000	90.000000	2.804509	2.741231	5.545730
233.438000	90.000000	2.784400	2.816214	5.600620
239.062000	90.000000	2.793900	2.763341	5.557240
244.687000	90.000000	2.775024	2.806601	5.581630
250.312000	90.000000	2.777501	2.765083	5.542580
255.937000	90.000000	2.764902	2.771959	5.536850
261.562000	90.000000	2.825511	2.820772	5.646280
267.188000	90.000000	2.823441	2.778824	5.602270
272.812000	90.000000	2.770003	2.747225	5.517230
278.438000	90.000000	2.781358	2.747440	5.528800
284.062000	90.000000	2.743651	2.742248	5.485900
289.688000	90.000000	2.759326	2.812482	5.571810
295.312000	90.000000	2.745551	2.798503	5.544050
300.938000	90.000000	2.812414	2.784422	5.596830
306.562000	90.000000	2.741694	2.780487	5.522180
312.187000	90.000000	2.747688	2.753931	5.501620
317.812000	90.000000	2.820625	2.775205	5.595820
323.438000	90.000000	2.857676	2.814518	5.672200
329.062000	90.000000	2.797440	2.797802	5.595240
334.688000	90.000000	2.761509	2.782602	5.544110
340.312000	90.000000	2.800358	2.778066	5.578430
345.938000	90.000000	2.805425	2.811102	5.616520
351.562000	90.000000	2.803321	2.822016	5.625330
357.187000	90.000000	2.768227	2.813896	5.582120
0.000000	92.388000	2.700708	2.890949	5.591660
5.625000	92.388000	2.682307	2.875240	5.557550
11.250000	92.388000	2.669108	2.908547	5.577660
16.875000	92.388000	2.694782	2.928656	5.623440
22.500000	92.388000	2.677659	2.879843	5.557500
28.125000	92.388000	2.725397	2.905866	5.631260
33.750000	92.388000	2.651216	2.861951	5.513170
39.375000	92.388000	2.679785	2.903525	5.583300
45.000000	92.388000	2.680475	2.863579	5.544060
50.625000	92.388000	2.678914	2.921496	5.600410
56.250000	92.388000	2.660411	2.894625	5.555030
61.875000	92.388000	2.642915	2.915740	5.558650
67.500000	92.388000	2.642417	2.884604	5.527030
73.125000	92.388000	2.647473	2.890463	5.537930
78.750000	92.388000	2.643582	2.913602	5.557190
84.375000	92.388000	2.679751	2.898662	5.578420
90.000000	92.388000	2.665240	2.874109	5.539350
95.625000	92.388000	2.653060	2.906782	5.559840
101.250000	92.388000	2.691818	2.920874	5.612690
106.875000	92.388000	2.669086	2.905923	5.575010
112.500000	92.388000	2.673587	2.955516	5.629100
118.125000	92.388000	2.632318	2.895948	5.528260
123.750000	92.388000	2.661915	2.904701	5.566610
129.375000	92.388000	2.743538	2.907314	5.650840
135.000000	92.388000	2.658749	2.862052	5.520790
140.625000	92.388000	2.656634	2.890711	5.547350
146.250000	92.388000	2.700606	2.936414	5.637030
151.875000	92.388000	2.624967	2.885916	5.510870
157.500000	92.388000	2.693571	2.878519	5.572100
163.125000	92.388000	2.714110	2.888438	5.602550
168.750000	92.388000	2.686514	2.885792	5.572300
174.375000	92.388000	2.744239	2.906511	5.650740
180.000000	92.388000	2.699758	2.903344	5.603090
185.625000	92.388000	2.705661	2.897554	5.603210
191.250000	92.388000	2.712357	2.884321	5.596680
196.875000	92.388000	2.674073	2.907834	5.581910
202.500000	92.388000	2.649531	2.941933	5.591470
208.125000	92.388000	2.620940	2.904690	5.525640
213.750000	92.388000	2.672942	2.974584	5.647530
219.375000	92.388000	2.598389	2.929458	5.527840
225.000000	92.388000	2.676267	2.896943	5.573220
230.625000	92.388000	2.637735	2.933202	5.570930
236.250000	92.388000	2.719539	2.831075	5.550620
241.875000	92.388000	2.656475	2.833428	5.489900
247.500000	92.388000	2.687283	2.948979	5.636270
253.125000	92.388000	2.665783	2.910696	5.576470
258.750000	92.388000	2.690518	2.916305	5.606820
264.375000	92.388000	2.641173	2.934514	5.575690
270.000000	92.388000	2.648016	2.898481	5.546500
275.625000	92.388000	2.679219	2.889693	5.568910
281.250000	92.388000	2.675747	2.850189	5.525940
286.875000	92.388000	2.633347	2.867900	5.501250
292.500000	92.388000	2.728417	2.871462	5.599890
298.125000	92.388000	2.679038	2.901105	5.580150
303.750000	92.388000	2.634161	2.915152	5.549320
309.375000	92.388000	2.672219	2.913353	5.585570
315.000000	92.388000	2.740823	2.902779	5.643600
320.625000	92.388000	2.603614	2.887929	5.491540
326.250000	92.388000	2.637566	2.902530	5.540090
331.875000	92.388000	2.674888	2.918556	5.593450
337.500000	92.388000	2.631809	2.926258	5.558070
343.125000	92.388000	2.688278	2.904860	5.593140
348.750000	92.388000	2.693718	2.901297	5.595020
354.375000	92.388000	2.599260	2.885271	5.484530
2.812500	94.780200	2.618622	2.987127	5.605750
8.437500	94.780200	2.576142	3.006930	5.583070
14.062500	94.780200	2.591365	3.005844	5.597200
19.687500	94.780200	2.578009	3.042477	5.620480
25.312500	94.780200	2.584534	3.075535	5.660070
30.937500	94.780200	2.557391	3.048799	5.606190
36.562500	94.780200	2.514572	3.070559	5.585120
42.187500	94.780200	2.522919	3.029244	5.552160
47.812500	94.780200	2.545968	3.065492	5.611460
53.437500	94.780200	2.589612	3.010289	5.599900
59.062500	94.780200	2.582759	3.003368	5.586130
64.687500	94.780200	2.594442	2.941141	5.535590
70.312500	94.780200	2.590370	3.016792	5.607170
75.937500	94.780200	2.566201	3.012087	5.578290
81.562500	94.780200	2.572863	2.981619	5.554480
87.187500	94.780200	2.571811	3.046684	5.618500
92.812500	94.780200	2.555106	3.026100	5.581210
98.437500	94.780200	2.578642	3.031846	5.610490
104.062000	94.780200	2.579863	3.010561	5.590430
109.688000	94.780200	2.558397	2.989027	5.547420
115.312000	94.780200	2.542722	2.978056	5.520780
120.938000	94.780200	2.548841	3.020751	5.569590
126.562000	94.780200	2.533595	3.049002	5.582610
132.188000	94.780200	2.567717	3.010289	5.578010
137.812000	94.780200	2.562424	3.008231	5.570660
143.437000	94.780200	2.588606	3.083554	5.672160
149.062000	94.780200	2.609144	3.036709	5.645850
154.688000	94.780200	2.602279	3.049206	5.651480
160.312000	94.780200	2.549598	3.025693	5.575290
165.938000	94.780200	2.578076	2.989796	5.567880
171.562000	94.780200	2.537576	3.015514	5.553090
177.188000	94.780200	2.602132	3.059543	5.661680
182.812000	94.780200	2.553093	3.005596	5.558690
188.438000	94.780200	2.574525	3.054001	5.628530
194.062000	94.780200	2.569492	3.022639	5.592130
199.687000	94.780200	2.533527	2.986754	5.520280
205.312000	94.780200	2.597020	3.015209	5.612230
210.938000	94.780200	2.576278	3.054657	5.630940
216.562000	94.780200	2.595007	3.081280	5.676290
222.188000	94.780200	2.567208	3.037693	5.604900
227.812000	94.780200	2.614053	3.005381	5.619430
233.438000	94.780200	2.582668	3.027197	5.609860
239.062000	94.780200	2.567988	3.009136	5.577120
244.687000	94.780200	2.539985	3.022673	5.562660
250.312000	94.780200	2.567954	3.020988	5.588930
255.937000	94.780200	2.557199	2.976518	5.533710
261.562000	94.780200	2.555898	3.009068	5.564970
267.188000	94.780200	2.572331	2.977502	5.549840
272.812000	94.780200	2.521630	3.031846	5.553470
278.438000	94.780200	2.615082	3.032422	5.647510
284.062000	94.780200	2.516721	3.048120	5.564840
289.688000	94.780200	2.667638	2.998595	5.666230
295.312000	94.780200	2.500118	3.053153	5.553260
300.938000	94.780200	2.560580	3.019224	5.579800
306.562000	94.780200	2.572546	3.017290	5.589830
312.187000	94.780200	2.620296	3.020705	5.641010
317.812000	94.780200	2.572602	3.025150	5.597760
323.438000	94.780200	2.574288	3.001309	5.575600
329.062000	94.780200	2.555604	3.012223	5.567840
334.688000	94.780200	2.578167	3.034515	5.612690
340.312000	94.780200	2.598920	3.034503	5.633430
345.938000	94.780200	2.581526	2.968579	5.550110
351.562000	94.780200	2.606690	2.978305	5.585000
357.187000	94.780200	2.640110	2.968172	5.608280
0.000000	97.180800	2.479365	3.155698	5.635070
5.625000	97.180800	2.485472	3.181485	5.666960
11.250000	97.180800	2.461575	3.115956	5.577540
16.875000	97.180800	2.405037	3.113355	5.518390
22.500000	97.180800	2.431412	3.125434	5.556840
28.125000	97.180800	2.449677	3.147420	5.597090
33.750000	97.180800	2.463972	3.136053	5.600020
39.375000	97.180800	2.465488	3.141324	5.606810
45.000000	97.180800	2.500706	3.148370	5.649080
50.625000	97.180800	2.469390	3.195068	5.664460
56.250000	97.180800	2.391873	3.141199	5.533070
61.875000	97.180800	2.437553	3.139831	5.577390
67.500000	97.180800	2.431525	3.071859	5.503380
73.125000	97.180800	2.462242	3.128555	5.590800
78.750000	97.180800	2.501883	3.147736	5.649610
84.375000	97.180800	2.439770	3.108130	5.547910
90.000000	97.180800	2.447901	3.113705	5.561610
95.625000	97.180800	2.461620	3.119722	5.581350
101.250000	97.180800	2.438718	3.085963	5.524680
106.875000	97.180800	2.459833	3.088202	5.548030
112.500000	97.180800	2.469910	3.147227	5.617140
118.125000	97.180800	2.434318	3.126293	5.560610
123.750000	97.180800	2.460195	3.091052	5.551250
129.375000	97.180800	2.436908	3.160437	5.597350
135.000000	97.180800	2.464391	3.119077	5.583480
140.625000	97.180800	2.479840	3.109001	5.588850
146.250000	97.180800	2.447947	3.158662	5.606610
151.875000	97.180800	2.453273	3.168727	5.621990
157.500000	97.180800	2.424151	3.082751	5.506890
163.125000	97.180800	2.470589	3.116770	5.587360
168.750000	97.180800	2.507730	3.152713	5.660440
174.375000	97.180800	2.459177	3.111579	5.570760
180.000000	97.180800	2.513147	3.068172	5.581310
185.625000	97.180800	2.421595	3.167065	5.588660
191.250000	97.180800	2.385200	3.100507	5.485710
196.875000	97.180800	2.462333	3.128793	5.591130
202.500000	97.180800	2.454043	3.074302	5.528350
208.125000	97.180800	2.462061	3.158153	5.620220
213.750000	97.180800	2.438435	3.175954	5.614390
219.375000	97.180800	2.450175	3.148257	5.598440
225.000000	97.180800	2.443197	3.079844	5.523050
230.625000	97.180800	2.482294	3.117709	5.600000
236.250000	97.180800	2.497415	3.107700	5.605120
241.875000	97.180800	2.509279	3.127198	5.636480
247.500000	97.180800	2.424151	3.155823	5.579980
253.125000	97.180800	2.439510	3.122357	5.561870
258.750000	97.180800	2.469051	3.110414	5.579460
264.375000	97.180800	2.460229	3.109136	5.569370
270.000000	97.180800	2.453251	3.149716	5.602960
275.625000	97.180800	2.490132	3.107881	5.598010
281.250000	97.180800	2.446657	3.092929	5.539590
286.875000	97.180800	2.476538	3.216567	5.693110
292.500000	97.180800	2.503839	3.131609	5.635440
298.125000	97.180800	2.474592	3.150473	5.625070
303.750000	97.180800	2.434997	3.142839	5.577840
309.375000	97.180800	2.411982	3.116431	5.528410
315.000000	97.180800	2.427940	3.148732	5.576670
320.625000	97.180800	2.502867	3.139820	5.642690
326.250000	97.180800	2.510071	3.089831	5.599900
331.875000	97.180800	2.518203	3.082547	5.600760
337.500000	97.180800	2.502165	3.119847	5.622010
343.125000	97.180800	2.442518	3.157689	5.600200
348.750000	97.180800	2.471471	3.134266	5.605730
354.375000	97.180800	2.535156	3.156694	5.691840
2.812500	99.594100	2.339317	3.249275	5.588590
8.437500	99.594100	2.367263	3.315494	5.682760
14.062500	99.594100	2.376593	3.293983	5.670570
19.687500	99.594100	2.377871	3.320278	5.698160
25.312500	99.594100	2.316245	3.199739	5.515980
30.937500	99.594100	2.295661	3.357193	5.652850
36.562500	99.594100	2.376560	3.261105	5.637670
42.187500	99.594100	2.315679	3.244989	5.560670
47.812500	99.594100	2.330846	3.267586	5.598430
53.437500	99.594100	2.393049	3.281508	5.674560
59.062500	99.594100	2.402312	3.270029	5.672340
64.687500	99.594100	2.364379	3.317054	5.681440
70.312500	99.594100	2.391726	3.242331	5.634060
75.937500	99.594100	2.334182	3.303313	5.637500
81.562500	99.594100	2.315668	3.240521	5.556190
87.187500	99.594100	2.406542	3.207644	5.614180
92.812500	99.594100	2.350038	3.254704	5.604750
98.437500	99.594100	2.379319	3.218682	5.598000
104.062000	99.594100	2.411337	3.229732	5.641060
109.688000	99.594100	2.353748	3.231564	5.585310
115.312000	99.594100	2.314537	3.277255	5.591790
120.938000	99.594100	2.357729	3.313119	5.670850
126.562000	99.594100	2.338751	3.214611	5.553360
132.188000	99.594100	2.381864	3.279122	5.660980
137.812000	99.594100	2.409652	3.310936	5.720580
143.437000	99.594100	2.315170	3.340850	5.656020
149.062000	99.594100	2.321854	3.250949	5.572810
154.688000	99.594100	2.324591	3.292965	5.617550
160.312000	99.594100	2.338005	3.275683	5.613690
165.938000	99.594100	2.373608	3.250022	5.623620
171.562000	99.594100	2.335098	3.264509	5.599610
177.188000	99.594100	2.341341	3.291460	5.632800
182.812000	99.594100	2.399122	3.276532	5.675660
188.438000	99.594100	2.380608	3.240861	5.621470
194.062000	99.594100	2.313677	3.247601	5.561290
199.687000	99.594100	2.381853	3.267574	5.649430
205.312000	99.594100	2.337948	3.292625	5.630560
210.938000	99.594100	2.346521	3.291031	5.637550
216.562000	99.594100	2.373155	3.305733	5.678880
222.188000	99.594100	2.350547	3.290510	5.641050
227.812000	99.594100	2.376480	3.280456	5.656930
233.438000	99.594100	2.363847	3.197318	5.561160
239.062000	99.594100	2.299936	3.246289	5.546240
244.687000	99.594100	2.409052	3.297364	5.706420
250.312000	99.594100	2.354788	3.283713	5.638500
255.937000	99.594100	2.404902	3.235511	5.640420
261.562000	99.594100	2.399190	3.300802	5.699990
267.188000	99.594100	2.366109	3.262191	5.628290
272.812000	99.594100	2.328742	3.287457	5.616200
278.438000	99.594100	2.365668	3.226328	5.591990
284.062000	99.594100	2.339927	3.264939	5.604870
289.688000	99.594100	2.382260	3.234652	5.616900
295.312000	99.594100	2.348760	3.277414	5.626180
300.938000	99.594100	2.354743	3.276181	5.630920
306.562000	99.594100	2.325032	3.321216	5.646250
312.187000	99.594100	2.315193	3.284234	5.599420
317.812000	99.594100	2.298873	3.230512	5.529390
323.438000	99.594100	2.318032	3.304342	5.622370
329.062000	99.594100	2.356768	3.226068	5.582830
334.688000	99.594100	2.370215	3.289900	5.660110
340.312000	99.594100	2.319072	3.235862	5.554940
345.938000	99.594100	2.353295	3.264973	5.618270
351.562000	99.594100	2.381604	3.347557	5.729160
357.187000	99.594100	2.329771	3.294096	5.623870
0.000000	102.025000	2.235075	3.387989	5.623060
5.625000	102.025000	2.260001	3.411841	5.671830
11.250000	102.025000	2.199099	3.414386	5.613480
16.875000	102.025000	2.199008	3.366636	5.565650
22.500000	102.025000	2.267918	3.415562	5.683480
28.125000	102.025000	2.260352	3.343429	5.603770
33.750000	102.025000	2.219207	3.386213	5.605410
39.375000	102.025000	2.200173	3.409376	5.609550
45.000000	102.025000	2.222939	3.353777	5.576720
50.625000	102.025000	2.304234	3.363684	5.667930
56.250000	102.025000	2.283910	3.397489	5.681400
61.875000	102.025000	2.273358	3.371974	5.645320
67.500000	102.025000	2.252797	3.394198	5.647000
73.125000	102.025000	2.196599	3.392140	5.588740
78.750000	102.025000	2.247436	3.392513	5.639950
84.375000	102.025000	2.249834	3.357916	5.607750
90.000000	102.025000	2.257649	3.334573	5.592220
95.625000	102.025000	2.223426	3.365336	5.588770
101.250000	102.025000	2.249721	3.340986	5.590710
106.875000	102.025000	2.280133	3.361671	5.641800
112.500000	102.025000	2.274625	3.409817	5.684430
118.125000	102.025000	2.276921	3.403495	5.680420
123.750000	102.025000	2.249687	3.410224	5.659910
129.375000	102.025000	2.243014	3.350011	5.593020
135.000000	102.025000	2.223912	3.432414	5.656320
140.625000	102.025000	2.263179	3.414793	5.677980
146.250000	102.025000	2.227927	3.419079	5.647010
151.875000	102.025000	2.249653	3.390737	5.640390
157.500000	102.025000	2.256258	3.342230	5.598480
163.125000	102.025000	2.264265	3.391563	5.655830
168.750000	102.025000	2.290538	3.376883	5.667420
174.375000	102.025000	2.275360	3.320594	5.595950
180.000000	102.025000	2.254301	3.388351	5.642650
185.625000	102.025000	2.264842	3.404558	5.669410
191.250000	102.025000	2.226796	3.376702	5.603500
196.875000	102.025000	2.261415	3.406232	5.667640
202.500000	102.025000	2.253838	3.326419	5.580260
208.125000	102.025000	2.237224	3.344379	5.581610
213.750000	102.025000	2.248918	3.368401	5.617320
219.375000	102.025000	2.212082	3.370052	5.582130
225.000000	102.025000	2.259911	3.412848	5.672760
230.625000	102.025000	2.240470	3.354704	5.595180
236.250000	102.025000	2.271899	3.409150	5.681050
241.875000	102.025000	2.212580	3.351820	5.564400
247.500000	102.025000	2.256281	3.434687	5.690970
253.125000	102.025000	2.211584	3.413108	5.624700
258.750000	102.025000	2.250874	3.387231	5.638110
264.375000	102.025000	2.284363	3.360314	5.644670
270.000000	102.025000	2.263259	3.413289	5.676550
275.625000	102.025000	2.219207	3.375322	5.594540
281.250000	102.025000	2.252096	3.383047	5.635140
286.875000	102.025000	2.234849	3.426849	5.661700
292.500000	102.025000	2.268337	3.322574	5.590910
298.125000	102.025000	2.260454	3.376476	5.636930
303.750000	102.025000	2.291341	3.336032	5.627380
309.375000	102.025000	2.267850	3.411004	5.678860
315.000000	102.025000	2.268359	3.428116	5.696480
320.625000	102.025000	2.282983	3.315381	5.598360
326.250000	102.025000	2.256122	3.439177	5.695300
331.875000	102.025000	2.264039	3.417044	5.681090
337.500000	102.025000	2.251564	3.364793	5.616350
343.125000	102.025000	2.281739	3.346030	5.627770
348.750000	102.025000	2.244439	3.417598	5.662030
354.375000	102.025000	2.306575	3.423637	5.730220
2.812500	104.478000	2.148476	3.554355	5.702830
8.437500	104.478000	2.092380	3.535049	5.627430
14.062500	104.478000	2.151010	3.541688	5.692690
19.687500	104.478000	2.167250	3.564579	5.731840
25.312500	104.478000	2.119908	3.512034	5.631950
30.937500	104.478000	2.108960	3.469883	5.578840
36.562500	104.478000	2.154074	3.526126	5.680190
42.187500	104.478000	2.132337	3.565258	5.697600
47.812500	104.478000	2.153554	3.503066	5.656620
53.437500	104.478000	2.120530	3.476578	5.597110
59.062500	104.478000	2.171865	3.521840	5.693700
64.687500	104.478000	2.141102	3.500204	5.641310
70.312500	104.478000	2.162093	3.506142	5.668230
75.937500	104.478000	2.160250	3.558630	5.718870
81.562500	104.478000	2.118155	3.463764	5.581930
87.187500	104.478000	2.096101	3.557533	5.653630
92.812500	104.478000	2.162319	3.530232	5.692560
98.437500	104.478000	2.141826	3.563742	5.705560
104.062000	104.478000	2.147142	3.504638	5.651780
109.688000	104.478000	2.197006	3.598746	5.795760
115.312000	104.478000	2.134226	3.557250	5.691480
120.938000	104.478000	2.140220	3.568006	5.708220
126.562000	104.478000	2.174274	3.433669	5.607950
132.188000	104.478000	2.137935	3.546665	5.684600
137.812000	104.478000	2.097820	3.555249	5.653060
143.437000	104.478000	2.162184	3.549277	5.711470
149.062000	104.478000	2.148205	3.467610	5.615820
154.688000	104.478000	2.125721	3.529202	5.654920
160.312000	104.478000	2.171706	3.528275	5.699980
165.938000	104.478000	2.135018	3.523333	5.658350
171.562000	104.478000	2.137393	3.548508	5.685900
177.188000	104.478000	2.147311	3.548338	5.695650
182.812000	104.478000	2.117533	3.513742	5.631280
188.438000	104.478000	2.115293	3.505248	5.620540
194.062000	104.478000	2.099290	3.550012	5.649300
199.687000	104.478000	2.164672	3.544482	5.709160
205.312000	104.478000	2.139587	3.524226	5.663810
210.938000	104.478000	2.171073	3.519894	5.690970
216.562000	104.478000	2.104074	3.521252	5.625320
222.188000	104.478000	2.153475	3.543781	5.697250
227.812000	104.478000	2.106438	3.546133	5.652580
233.438000	104.478000	2.101654	3.499118	5.600770
239.062000	104.478000	2.168166	3.510089	5.678250
244.687000	104.478000	2.111007	3.550306	5.661320
250.312000	104.478000	2.155307	3.571591	5.726900
255.937000	104.478000	2.118279	3.511616	5.629900
261.562000	104.478000	2.190175	3.573175	5.763340
267.188000	104.478000	2.127859	3.574916	5.702780
272.812000	104.478000	2.159367	3.510304	5.669670
278.438000	104.478000	2.160815	3.603089	5.763900
284.062000	104.478000	2.185436	3.513222	5.698670
289.688000	104.478000	2.094133	3.505576	5.599710
295.312000	104.478000	2.184091	3.580390	5.764480
300.938000	104.478000	2.155036	3.517248	5.672290
306.562000	104.478000	2.180223	3.514816	5.695040
312.187000	104.478000	2.146112	3.553733	5.699850
317.812000	104.478000	2.162331	3.519216	5.681550
323.438000	104.478000	2.147526	3.518141	5.665670
329.062000	104.478000	2.143749	3.514307	5.658050
334.688000	104.478000	2.080539	3.516660	5.597190
340.312000	104.478000	2.125336	3.493950	5.619280
345.938000	104.478000	2.096101	3.555068	5.651170
351.562000	104.478000	2.097401	3.537911	5.635300
357.187000	104.478000	2.111437	3.532788	5.644230
0.000000	106.958000	2.030493	3.692560	5.723050
5.625000	106.958000	2.038172	3.640106	5.678280
11.250000	106.958000	2.025030	3.662160	5.687190
16.875000	106.958000	2.013777	3.697344	5.711130
22.500000	106.958000	2.070609	3.650273	5.720870
28.125000	106.958000	2.022949	3.659015	5.681970
33.750000	106.958000	2.102525	3.633840	5.736360
39.375000	106.958000	2.033264	3.653723	5.686980
45.000000	106.958000	1.997808	3.693046	5.690860
50.625000	106.958000	1.997831	3.644132	5.641970
56.250000	106.958000	2.042538	3.638126	5.680660
61.875000	106.958000	2.001744	3.718561	5.720310
67.500000	106.958000	2.024363	3.650409	5.674780
73.125000	106.958000	2.019613	3.696813	5.716430
78.750000	106.958000	2.048193	3.602738	5.650930
84.375000	106.958000	2.042651	3.625493	5.668140
90.000000	106.958000	2.014603	3.646337	5.660930
95.625000	106.958000	2.054096	3.667916	5.722010
101.250000	106.958000	2.028819	3.729452	5.758260
106.875000	106.958000	2.058779	3.743002	5.801790
112.500000	106.958000	2.035401	3.693657	5.729060
118.125000	106.958000	2.006607	3.637414	5.644020
123.750000	106.958000	2.008032	3.715847	5.723880
129.375000	106.958000	2.013110	3.688500	5.701620
135.000000	106.958000	2.012228	3.654627	5.666850
140.625000	106.958000	2.071807	3.710056	5.781860
146.250000	106.958000	2.066469	3.655114	5.721580
151.875000	106.958000	2.044121	3.657737	5.701860
157.500000	106.958000	2.047729	3.675053	5.722790
163.125000	106.958000	2.031454	3.657206	5.688650
168.750000	106.958000	2.056471	3.637459	5.693930
174.375000	106.958000	2.028717	3.612216	5.640930
180.000000	106.958000	2.063947	3.642062	5.706010
185.625000	106.958000	2.052626	3.649696	5.702320
191.250000	106.958000	2.032133	3.647027	5.679160
196.875000	106.958000	2.003497	3.577416	5.580910
202.500000	106.958000	2.011040	3.651664	5.662700
208.125000	106.958000	2.001359	3.651314	5.652660
213.750000	106.958000	2.025211	3.657421	5.682630
219.375000	106.958000	1.982845	3.643827	5.626670
225.000000	106.958000	2.053056	3.699911	5.752970
230.625000	106.958000	2.022248	3.690841	5.713090
236.250000	106.958000	2.028910	3.646925	5.675840
241.875000	106.958000	2.032223	3.724996	5.757220
247.500000	106.958000	2.056664	3.690276	5.746940
253.125000	106.958000	1.990502	3.682856	5.673360
258.750000	106.958000	2.054786	3.662827	5.717610
264.375000	106.958000	2.019771	3.687606	5.707380
270.000000	106.958000	2.048860	3.659219	5.708080
275.625000	106.958000	2.077112	3.674781	5.751900
281.250000	106.958000	2.039880	3.633241	5.673130
286.875000	106.958000	2.026964	3.736035	5.762990
292.500000	106.958000	2.042221	3.682178	5.724390
298.125000	106.958000	1.991768	3.646213	5.637980
303.750000	106.958000	2.056155	3.648848	5.705000
309.375000	106.958000	2.023210	3.666536	5.689750
315.000000	106.958000	2.023300	3.632177	5.655490
320.625000	106.958000	2.035865	3.658846	5.694710
326.250000	106.958000	2.073606	3.644268	5.717870
331.875000	106.958000	2.067250	3.612024	5.679270
337.500000	106.958000	2.051642	3.717600	5.769240
343.125000	106.958000	2.053520	3.643623	5.697150
348.750000	106.958000	2.071807	3.678774	5.750570
354.375000	106.958000	2.000454	3.673763	5.674220
2.812500	109.471000	1.845409	3.749584	5.594990
8.437500	109.471000	1.946213	3.780188	5.726410
14.062500	109.471000	1.936916	3.766729	5.703640
19.687500	109.471000	1.927552	3.768200	5.695760
25.312500	109.471000	1.936701	3.796723	5.733420
30.937500	109.471000	1.890184	3.725845	5.616030
36.562500	109.471000	1.926511	3.849177	5.775680
42.187500	109.471000	1.950217	3.772904	5.723110
47.812500	109.471000	1.876907	3.841803	5.718710
53.437500	109.471000	1.872066	3.734282	5.606350
59.062500	109.471000	1.940818	3.793997	5.734810
64.687500	109.471000	1.951924	3.810080	5.762010
70.312500	109.471000	1.875900	3.753814	5.629710
75.937500	109.471000	1.903213	3.810351	5.713570
81.562500	109.471000	1.931250	3.820247	5.751490
87.187500	109.471000	1.897558	3.760091	5.657650
92.812500	109.471000	1.936057	3.767634	5.703690
98.437500	109.471000	1.919567	3.766729	5.686290
104.062000	109.471000	1.919465	3.787358	5.706820
109.688000	109.471000	1.917113	3.795422	5.712540
115.312000	109.471000	1.901551	3.850557	5.752110
120.938000	109.471000	1.891576	3.800772	5.692350
126.562000	109.471000	1.903519	3.879216	5.782740
132.188000	109.471000	1.859399	3.817691	5.677100
137.812000	109.471000	1.888137	3.801100	5.689240
143.437000	109.471000	1.966389	3.800851	5.767250
149.062000	109.471000	1.927224	3.716299	5.643530
154.688000	109.471000	1.855792	3.769862	5.625650
160.312000	109.471000	1.886520	3.800512	5.687040
165.938000	109.471000	1.836520	3.726727	5.563250
171.562000	109.471000	1.875719	3.744076	5.619800
177.188000	109.471000	1.918357	3.810340	5.728700
182.812000	109.471000	1.866909	3.799810	5.666720
188.438000	109.471000	1.965439	3.753972	5.719400
194.062000	109.471000	1.928932	3.758846	5.687770
199.687000	109.471000	1.881894	3.758270	5.640170
205.312000	109.471000	1.882064	3.737946	5.620010
210.938000	109.471000	1.907398	3.808621	5.716020
216.562000	109.471000	1.931273	3.831387	5.762660
222.188000	109.471000	1.951212	3.799087	5.750300
227.812000	109.471000	1.914885	3.781421	5.696310
233.438000	109.471000	1.892989	3.747831	5.640820
239.062000	109.471000	1.891881	3.785142	5.677020
244.687000	109.471000	1.900318	3.814751	5.715070
250.312000	109.471000	1.906527	3.801168	5.707690
255.937000	109.471000	1.886792	3.798985	5.685780
261.562000	109.471000	1.930979	3.749720	5.680700
267.188000	109.471000	1.908789	3.812172	5.720950
272.812000	109.471000	1.913426	3.778944	5.692370
278.438000	109.471000	1.920868	3.729735	5.650600
284.062000	109.471000	1.938556	3.748227	5.686790
289.688000	109.471000	1.873910	3.770269	5.644180
295.312000	109.471000	1.883749	3.776173	5.659930
300.938000	109.471000	1.915439	3.807840	5.723280
306.562000	109.471000	1.909682	3.833129	5.742810
312.187000	109.471000	1.966661	3.755420	5.722080
317.812000	109.471000	1.891168	3.804594	5.695760
323.438000	109.471000	1.904028	3.759785	5.663820
329.062000	109.471000	1.928592	3.773210	5.701800
334.688000	109.471000	1.943906	3.784768	5.728670
340.312000	109.471000	1.918900	3.762556	5.681460
345.938000	109.471000	1.914885	3.726127	5.641020
351.562000	109.471000	1.969070	3.797628	5.766690
357.187000	109.471000	1.908438	3.767012	5.675450
0.000000	112.024000	1.779315	3.903272	5.682580
5.625000	112.024000	1.765789	3.934419	5.700210
11.250000	112.024000	1.747716	3.891555	5.639280
16.875000	112.024000	1.739912	3.971130	5.711040
22.500000	112.024000	1.735988	3.871084	5.607080
28.125000	112.024000	1.806323	3.964650	5.770980
33.750000	112.024000	1.779858	3.845547	5.625410
39.375000	112.024000	1.752828	3.875235	5.628070
45.000000	112.024000	1.771896	3.883627	5.655520
50.625000	112.024000	1.794255	3.898103	5.692360
56.250000	112.024000	1.775651	3.932338	5.707990
61.875000	112.024000	1.770256	3.928696	5.698950
67.500000	112.024000	1.807522	3.945367	5.752890
73.125000	112.024000	1.810722	3.851541	5.662270
78.750000	112.024000	1.828083	3.918076	5.746170
84.375000	112.024000	1.760643	3.885968	5.646620
90.000000	112.024000	1.727924	3.900625	5.628550
95.625000	112.024000	1.758584	3.956337	5.714920
101.250000	112.024000	1.773423	3.910974	5.684400
106.875000	112.024000	1.785977	3.882270	5.668240
112.500000	112.024000	1.772450	3.871616	5.644070
118.125000	112.024000	1.784405	3.926502	5.710910
123.750000	112.024000	1.808913	3.900931	5.709840
129.375000	112.024000	1.785569	3.927090	5.712660
135.000000	112.024000	1.781532	3.907954	5.689490
140.625000	112.024000	1.781249	3.835063	5.616320
146.250000	112.024000	1.775877	3.906574	5.682440
151.875000	112.024000	1.797037	3.890266	5.687310
157.500000	112.024000	1.779688	3.898329	5.678020
163.125000	112.024000	1.773117	3.903034	5.676150
168.750000	112.024000	1.794515	3.873561	5.668080
174.375000	112.024000	1.753710	3.965532	5.719240
180.000000	112.024000	1.763165	3.884226	5.647390
185.625000	112.024000	1.792174	3.954607	5.746780
191.250000	112.024000	1.784393	3.890763	5.675150
196.875000	112.024000	1.762249	3.972849	5.735100
202.500000	112.024000	1.754796	3.890514	5.645310
208.125000	112.024000	1.752941	3.915735	5.668680
213.750000	112.024000	1.781882	3.855839	5.637720
219.375000	112.024000	1.784653	3.930132	5.714780
225.000000	112.024000	1.731826	3.883468	5.615290
230.625000	112.024000	1.804672	3.918744	5.723410
236.250000	112.024000	1.773706	3.893873	5.667580
241.875000	112.024000	1.777098	3.897266	5.674370
247.500000	112.024000	1.800340	3.904686	5.705030
253.125000	112.024000	1.752760	3.928244	5.681000
258.750000	112.024000	1.700373	3.937755	5.638130
264.375000	112.024000	1.797026	3.919569	5.716590
270.000000	112.024000	1.768888	3.904753	5.673640
275.625000	112.024000	1.758064	3.907490	5.665550
281.250000	112.024000	1.787436	3.880437	5.667870
286.875000	112.024000	1.769204	3.961053	5.730250
292.500000	112.024000	1.785230	3.805194	5.590420
298.125000	112.024000	1.826465	3.869524	5.695990
303.750000	112.024000	1.765924	3.942517	5.708450
309.375000	112.024000	1.787198	3.969513	5.756710
315.000000	112.024000	1.758856	3.764320	5.523180
320.625000	112.024000	1.775074	3.915271	5.690340
326.250000	112.024000	1.772077	3.930992	5.703070
331.875000	112.024000	1.779338	3.922634	5.701970
337.500000	112.024000	1.769804	3.940684	5.710500
343.125000	112.024000	1.762984	3.943930	5.706910
348.750000	112.024000	1.757182	3.904346	5.661520
354.375000	112.024000	1.796042	3.854267	5.650310
2.812500	114.624000	1.628308	4.042472	5.670780
8.437500	114.624000	1.628511	4.014073	5.642590
14.062500	114.624000	1.590635	4.054438	5.645080
19.687500	114.624000	1.615935	3.998805	5.614730
25.312500	114.624000	1.608459	3.980563	5.589030
30.937500	114.624000	1.607566	4.006631	5.614200
36.562500	114.624000	1.623806	4.057661	5.681460
42.187500	114.624000	1.604704	4.019457	5.624160
47.812500	114.624000	1.612236	4.002028	5.614270
53.437500	114.624000	1.637514	4.022782	5.660290
59.062500	114.624000	1.646867	4.091138	5.738000
64.687500	114.624000	1.563480	4.072126	5.635610
70.312500	114.624000	1.632798	4.038389	5.671190
75.937500	114.624000	1.603404	4.064662	5.668060
81.562500	114.624000	1.600655	4.020836	5.621490
87.187500	114.624000	1.649389	4.010002	5.659390
92.812500	114.624000	1.607136	4.109833	5.716960
98.437500	114.624000	1.637435	4.050717	5.688150
104.062000	114.624000	1.646561	3.989135	5.635700
109.688000	114.624000	1.580626	4.079523	5.660140
115.312000	114.624000	1.608154	4.085947	5.694100
120.938000	114.624000	1.609861	4.101181	5.711040
126.562000	114.624000	1.669758	3.989260	5.659020
132.188000	114.624000	1.639142	4.024331	5.663470
137.812000	114.624000	1.613560	3.948533	5.562090
143.437000	114.624000	1.632617	4.028934	5.661550
149.062000	114.624000	1.591404	4.046657	5.638060
154.688000	114.624000	1.650316	4.062535	5.712860
160.312000	114.624000	1.618977	4.035245	5.654220
165.938000	114.624000	1.603743	4.049507	5.653240
171.562000	114.624000	1.666003	4.006009	5.672010
177.188000	114.624000	1.625209	4.024026	5.649240
182.812000	114.624000	1.629167	3.980563	5.609730
188.438000	114.624000	1.638826	4.018032	5.656860
194.062000	114.624000	1.644492	3.988004	5.632490
199.687000	114.624000	1.634200	4.074388	5.708590
205.312000	114.624000	1.621952	4.002074	5.624020
210.938000	114.624000	1.614080	4.085981	5.700060
216.562000	114.624000	1.631814	3.994304	5.626120
222.188000	114.624000	1.632571	4.059233	5.691810
227.812000	114.624000	1.658629	3.998952	5.657580
233.438000	114.624000	1.634200	4.019050	5.653250
239.062000	114.624000	1.660099	4.024546	5.684650
244.687000	114.624000	1.625322	4.041024	5.666350
250.312000	114.624000	1.632277	4.102040	5.734320
255.937000	114.624000	1.658787	3.965950	5.624730
261.562000	114.624000	1.646030	4.049077	5.695110
267.188000	114.624000	1.640251	4.018235	5.658490
272.812000	114.624000	1.668174	4.099428	5.767600
278.438000	114.624000	1.633080	4.059052	5.692130
284.062000	114.624000	1.639176	4.040357	5.679540
289.688000	114.624000	1.647376	3.982689	5.630060
295.312000	114.624000	1.647670	4.065386	5.713060
300.938000	114.624000	1.612123	4.036082	5.648200
306.562000	114.624000	1.633815	4.050445	5.684260
312.187000	114.624000	1.604116	4.055659	5.659780
317.812000	114.624000	1.630999	3.981083	5.612090
323.438000	114.624000	1.613435	4.030676	5.644110
329.062000	114.624000	1.653426	4.057627	5.711060
334.688000	114.624000	1.609929	4.047471	5.657400
340.312000	114.624000	1.638192	3.996758	5.634950
345.938000	114.624000	1.662700	3.942483	5.605180
351.562000	114.624000	1.644220	4.080541	5.724770
357.187000	114.624000	1.604161	3.961517	5.565670
0.000000	117.280000	1.452588	4.090708	5.543300
5.625000	117.280000	1.478058	4.095368	5.573430
11.250000	117.280000	1.480976	4.104879	5.585860
16.875000	117.280000	1.454047	4.171573	5.625620
22.500000	117.280000	1.460064	4.119910	5.579970
28.125000	117.280000	1.421215	4.164493	5.585710
33.750000	117.280000	1.475400	4.120735	5.596140
39.375000	117.280000	1.466250	4.054800	5.521050
45.000000	117.280000	1.449501	4.114210	5.563720
50.625000	117.280000	1.459125	4.199123	5.658250
56.250000	117.280000	1.479675	4.117241	5.596910
61.875000	117.280000	1.428035	4.139781	5.567810
67.500000	117.280000	1.450609	4.238323	5.688940
73.125000	117.280000	1.434436	4.249101	5.683540
78.750000	117.280000	1.417121	4.117603	5.534730
84.375000	117.280000	1.402577	4.127917	5.530500
90.000000	117.280000	1.448652	4.023935	5.472580
95.625000	117.280000	1.461285	4.154359	5.615640
101.250000	117.280000	1.443620	4.115307	5.558930
106.875000	117.280000	1.466171	4.096397	5.562560
112.500000	117.280000	1.474608	4.101124	5.575740
118.125000	117.280000	1.432728	4.158894	5.591620
123.750000	117.280000	1.481926	4.120871	5.602800
129.375000	117.280000	1.463638	4.196160	5.659800
135.000000	117.280000	1.454217	4.151385	5.605610
140.625000	117.280000	1.438530	4.084510	5.523040
146.250000	117.280000	1.451978	4.127227	5.579200
151.875000	117.280000	1.434086	4.124400	5.558480
157.500000	117.280000	1.452430	4.178336	5.630770
163.125000	117.280000	1.464497	4.121798	5.586290
168.750000	117.280000	1.457406	4.130055	5.587460
174.375000	117.280000	1.458503	4.154676	5.613180
180.000000	117.280000	1.429844	4.139724	5.569580
185.625000	117.280000	1.425004	4.146239	5.571240
191.250000	117.280000	1.484742	4.140708	5.625460
196.875000	117.280000	1.467675	4.172082	5.639760
202.500000	117.280000	1.470062	4.141048	5.611120
208.125000	117.280000	1.452679	4.110613	5.563290
213.750000	117.280000	1.477820	4.132678	5.610500
219.375000	117.280000	1.445508	4.139837	5.585340
225.000000	117.280000	1.458469	4.139012	5.597480
230.625000	117.280000	1.457926	4.130055	5.587980
236.250000	117.280000	1.464475	4.154337	5.618820
241.875000	117.280000	1.412280	4.139204	5.551480
247.500000	117.280000	1.471283	4.100649	5.571930
253.125000	117.280000	1.458684	4.090923	5.549600
258.750000	117.280000	1.430546	4.103929	5.534470
264.375000	117.280000	1.447736	4.166709	5.614450
270.000000	117.280000	1.456637	4.162106	5.618750
275.625000	117.280000	1.409770	4.178856	5.588620
281.250000	117.280000	1.492172	4.099394	5.591560
286.875000	117.280000	1.458254	4.150819	5.609080
292.500000	117.280000	1.479845	4.104461	5.584310
298.125000	117.280000	1.499829	4.116370	5.616200
303.750000	117.280000	1.516047	4.132464	5.648510
309.375000	117.280000	1.472923	4.135099	5.608020
315.000000	117.280000	1.450010	4.154642	5.604650
320.625000	117.280000	1.448177	4.144599	5.592770
326.250000	117.280000	1.418919	4.183470	5.602390
331.875000	117.280000	1.436178	4.123495	5.559670
337.500000	117.280000	1.477775	4.045469	5.523240
343.125000	117.280000	1.443382	4.143807	5.587190
348.750000	117.280000	1.449919	4.138707	5.588620
354.375000	117.280000	1.467246	4.127713	5.594960
2.812500	120.000000	1.269303	4.237723	5.507030
8.437500	120.000000	1.262901	4.240449	5.503340
14.062500	120.000000	1.228588	4.293605	5.522190
19.687500	120.000000	1.282558	4.227997	5.510550
25.312500	120.000000	1.284401	4.250797	5.535190
30.937500	120.000000	1.259271	4.276176	5.535440
36.562500	120.000000	1.224550	4.268011	5.492560
42.187500	120.000000	1.226631	4.268384	5.495020
47.812500	120.000000	1.247543	4.178743	5.426290
53.437500	120.000000	1.274822	4.216970	5.491800
59.062500	120.000000	1.237896	4.220996	5.458890
64.687500	120.000000	1.268997	4.230474	5.499470
70.312500	120.000000	1.301162	4.275780	5.576950
75.937500	120.000000	1.289852	4.299011	5.588870
81.562500	120.000000	1.294964	4.223032	5.517990
87.187500	120.000000	1.243596	4.211383	5.454970
92.812500	120.000000	1.249511	4.236739	5.486250
98.437500	120.000000	1.296254	4.243288	5.539540
104.062000	120.000000	1.258355	4.254993	5.513340
109.688000	120.000000	1.277106	4.225350	5.502470
115.312000	120.000000	1.232037	4.245697	5.477730
120.938000	120.000000	1.267708	4.267140	5.534850
126.562000	120.000000	1.257993	4.254677	5.512680
132.188000	120.000000	1.295847	4.281379	5.577220
137.812000	120.000000	1.266916	4.188775	5.455690
143.437000	120.000000	1.248843	4.273394	5.522240
149.062000	120.000000	1.279900	4.282645	5.562550
154.688000	120.000000	1.247746	4.232498	5.480250
160.312000	120.000000	1.245824	4.263362	5.509180
165.938000	120.000000	1.282886	4.261406	5.544300
171.562000	120.000000	1.272334	4.131819	5.404150
177.188000	120.000000	1.287082	4.317457	5.604540
182.812000	120.000000	1.261850	4.271019	5.532870
188.438000	120.000000	1.269325	4.182656	5.451980
194.062000	120.000000	1.253446	4.270940	5.524390
199.687000	120.000000	1.283157	4.203421	5.486570
205.312000	120.000000	1.296276	4.229727	5.526000
210.938000	120.000000	1.265299	4.253500	5.518790
216.562000	120.000000	1.259033	4.284037	5.543070
222.188000	120.000000	1.230409	4.208838	5.439250
227.812000	120.000000	1.254476	4.233923	5.488390
233.438000	120.000000	1.293766	4.177318	5.471080
239.062000	120.000000	1.282705	4.220521	5.503220
244.687000	120.000000	1.240146	4.230395	5.470540
250.312000	120.000000	1.306885	4.164391	5.471280
255.937000	120.000000	1.253627	4.208906	5.462530
261.562000	120.000000	1.278271	4.294577	5.572840
267.188000	120.000000	1.258027	4.229490	5.487520
272.812000	120.000000	1.224120	4.154732	5.378850
278.438000	120.000000	1.234491	4.196296	5.430780
284.062000	120.000000	1.250800	4.169254	5.420060
289.688000	120.000000	1.263512	4.314007	5.577510
295.312000	120.000000	1.266554	4.257436	5.524000
300.938000	120.000000	1.266566	4.296398	5.562970
306.562000	120.000000	1.302700	4.197144	5.499850
312.187000	120.000000	1.276258	4.188831	5.465090
317.812000	120.000000	1.245281	4.272399	5.517690
323.438000	120.000000	1.259135	4.246386	5.505520
329.062000	120.000000	1.288054	4.266586	5.554640
334.688000	120.000000	1.230228	4.220940	5.451170
340.312000	120.000000	1.252915	4.269164	5.522080
345.938000	120.000000	1.287251	4.210410	5.497660
351.562000	120.000000	1.239117	4.296670	5.535790
357.187000	120.000000	1.219167	4.256169	5.475340
0.000000	122.797000	1.031542	4.352551	5.384090
5.625000	122.797000	1.045535	4.383766	5.429300
11.250000	122.797000	1.055209	4.363725	5.418940
16.875000	122.797000	1.051443	4.332227	5.383670
22.500000	122.797000	1.062840	4.314731	5.377570
28.125000	122.797000	1.067798	4.356034	5.423840
33.750000	122.797000	1.054466	4.333166	5.387630
39.375000	122.797000	1.018209	4.307165	5.325370
45.000000	122.797000	1.030773	4.368611	5.399380
50.625000	122.797000	1.050156	4.264256	5.314410
56.250000	122.797000	1.040289	4.273801	5.314090
61.875000	122.797000	1.067801	4.295165	5.362970
67.500000	122.797000	1.058960	4.395833	5.454790
73.125000	122.797000	1.032634	4.421416	5.454050
78.750000	122.797000	1.045217	4.324333	5.369550
84.375000	122.797000	1.048498	4.415772	5.464270
90.000000	122.797000	1.049909	4.320985	5.370900
95.625000	122.797000	1.050951	4.311101	5.362060
101.250000	122.797000	1.054128	4.365308	5.419440
106.875000	122.797000	1.032502	4.307176	5.339680
112.500000	122.797000	1.031728	4.387747	5.419470
118.125000	122.797000	1.038522	4.350854	5.389370
123.750000	122.797000	1.047079	4.357640	5.404710
129.375000	122.797000	1.042243	4.347823	5.390060
135.000000	122.797000	1.042833	4.335021	5.377850
140.625000	122.797000	1.039618	4.437973	5.477590
146.250000	122.797000	1.067706	4.350391	5.418100
151.875000	122.797000	1.027853	4.335417	5.363270
157.500000	122.797000	1.050028	4.396026	5.446060
163.125000	122.797000	1.085183	4.324853	5.410040
168.750000	122.797000	1.033488	4.433121	5.466610
174.375000	122.797000	1.037977	4.348298	5.386270
180.000000	122.797000	1.051679	4.344351	5.396030
185.625000	122.797000	1.075541	4.334320	5.409860
191.250000	122.797000	1.039000	4.344883	5.383880
196.875000	122.797000	1.044168	4.304598	5.348770
202.500000	122.797000	1.046287	4.371178	5.417470
208.125000	122.797000	1.057487	4.366733	5.424220
213.750000	122.797000	1.066111	4.345494	5.411610
219.375000	122.797000	1.024480	4.298536	5.323020
225.000000	122.797000	1.060029	4.368894	5.428920
230.625000	122.797000	0.995180	4.360637	5.355810
236.250000	122.797000	1.068416	4.351397	5.419810
241.875000	122.797000	1.073639	4.360140	5.433780
247.500000	122.797000	1.065340	4.310501	5.375840
253.125000	122.797000	1.068478	4.352121	5.420600
258.750000	122.797000	1.050511	4.328823	5.379330
264.375000	122.797000	1.048024	4.304258	5.352290
270.000000	122.797000	1.035705	4.384818	5.420520
275.625000	122.797000	1.024628	4.334365	5.358990
281.250000	122.797000	1.013144	4.351895	5.365040
286.875000	122.797000	1.055302	4.306249	5.361560
292.500000	122.797000	1.011947	4.356091	5.368040
298.125000	122.797000	1.048283	4.376731	5.425010
303.750000	122.797000	1.079746	4.405333	5.485080
309.375000	122.797000	1.072021	4.437317	5.509340
315.000000	122.797000	1.037952	4.319391	5.357340
320.625000	122.797000	1.045296	4.345991	5.391290
326.250000	122.797000	1.040955	4.339907	5.380860
331.875000	122.797000	1.019874	4.384094	5.403970
337.500000	122.797000	1.034120	4.320092	5.354210
343.125000	122.797000	1.032576	4.337238	5.369820
348.750000	122.797000	1.014490	4.311712	5.326200
354.375000	122.797000	1.056701	4.383472	5.440170
2.812500	125.685000	0.857499	4.498039	5.355540
8.437500	125.685000	0.857618	4.420636	5.278250
14.062500	125.685000	0.863944	4.411328	5.275270
19.687500	125.685000	0.861790	4.391095	5.252890
25.312500	125.685000	0.834151	4.415874	5.250030
30.937500	125.685000	0.828385	4.460163	5.288540
36.562500	125.685000	0.856751	4.449702	5.306450
42.187500	125.685000	0.845745	4.424176	5.269920
47.812500	125.685000	0.873801	4.371529	5.245330
53.437500	125.685000	0.831815	4.434908	5.266720
59.062500	125.685000	0.823308	4.442814	5.266120
64.687500	125.685000	0.827525	4.415942	5.243470
70.312500	125.685000	0.880722	4.490926	5.371640
75.937500	125.685000	0.876866	4.483054	5.359920
81.562500	125.685000	0.868246	4.444363	5.312610
87.187500	125.685000	0.865948	4.454022	5.319970
92.812500	125.685000	0.860300	4.458749	5.319050
98.437500	125.685000	0.826524	4.474493	5.301020
104.062000	125.685000	0.851968	4.522717	5.374690
109.688000	125.685000	0.873930	4.352822	5.226750
115.312000	125.685000	0.843660	4.404745	5.248410
120.938000	125.685000	0.852033	4.485112	5.337140
126.562000	125.685000	0.869979	4.420330	5.290310
132.188000	125.685000	0.869381	4.483687	5.353070
137.812000	125.685000	0.855163	4.503117	5.358280
143.437000	125.685000	0.857970	4.523068	5.381040
149.062000	125.685000	0.880663	4.429163	5.309830
154.688000	125.685000	0.835110	4.413081	5.248190
160.312000	125.685000	0.855345	4.469528	5.324870
165.938000	125.685000	0.861094	4.483427	5.344520
171.562000	125.685000	0.874751	4.441344	5.316100
177.188000	125.685000	0.825715	4.457256	5.282970
182.812000	125.685000	0.860864	4.483880	5.344750
188.438000	125.685000	0.841543	4.496139	5.337690
194.062000	125.685000	0.868426	4.454678	5.323100
199.687000	125.685000	0.862510	4.413284	5.275790
205.312000	125.685000	0.863869	4.520976	5.384850
210.938000	125.685000	0.839834	4.515230	5.355060
216.562000	125.685000	0.871751	4.496264	5.368020
222.188000	125.685000	0.871181	4.434128	5.305310
227.812000	125.685000	0.851944	4.447066	5.299010
233.438000	125.685000	0.864689	4.414393	5.279080
239.062000	125.685000	0.837557	4.439704	5.277260
244.687000	125.685000	0.848276	4.408545	5.256820
250.312000	125.685000	0.855917	4.470964	5.326880
255.937000	125.685000	0.867592	4.494386	5.361970
261.562000	125.685000	0.854156	4.474787	5.328940
267.188000	125.685000	0.848928	4.435270	5.284200
272.812000	125.685000	0.838802	4.526235	5.365040
278.438000	125.685000	0.857735	4.458534	5.316270
284.062000	125.685000	0.854774	4.528519	5.383290
289.688000	125.685000	0.854887	4.457856	5.312750
295.312000	125.685000	0.861914	4.452054	5.313970
300.938000	125.685000	0.827379	4.509734	5.337110
306.562000	125.685000	0.866862	4.528564	5.395420
312.187000	125.685000	0.876536	4.413590	5.290120
317.812000	125.685000	0.829741	4.491615	5.321360
323.438000	125.685000	0.827100	4.374243	5.201340
329.062000	125.685000	0.826261	4.469347	5.295610
334.688000	125.685000	0.831709	4.357697	5.189410
340.312000	125.685000	0.851371	4.479616	5.330980
345.938000	125.685000	0.883584	4.481538	5.365120
351.562000	125.685000	0.828750	4.421359	5.250110
357.187000	125.685000	0.838624	4.415761	5.254380
0.000000	128.682000	0.645381	4.553581	5.198960
5.625000	128.682000	0.652974	4.543086	5.196060
11.250000	128.682000	0.671841	4.565468	5.237310
16.875000	128.682000	0.648038	4.501014	5.149050
22.500000	128.682000	0.655284	4.537646	5.192930
28.125000	128.682000	0.650372	4.578248	5.228620
33.750000	128.682000	0.672556	4.558026	5.230580
39.375000	128.682000	0.626382	4.500166	5.126550
45.000000	128.682000	0.648380	4.540632	5.189020
50.625000	128.682000	0.619224	4.544647	5.163870
56.250000	128.682000	0.650866	4.543527	5.194390
61.875000	128.682000	0.649860	4.619370	5.269230
67.500000	128.682000	0.669389	4.566791	5.236170
73.125000	128.682000	0.641840	4.489320	5.131160
78.750000	128.682000	0.654933	4.567560	5.222490
84.375000	128.682000	0.638924	4.550494	5.189420
90.000000	128.682000	0.621056	4.645790	5.266840
95.625000	128.682000	0.672188	4.574991	5.247180
101.250000	128.682000	0.666571	4.565208	5.231780
106.875000	128.682000	0.644639	4.605527	5.250170
112.500000	128.682000	0.605727	4.531539	5.137260
118.125000	128.682000	0.664387	4.563138	5.227520
123.750000	128.682000	0.683167	4.555911	5.239080
129.375000	128.682000	0.649702	4.615921	5.265620
135.000000	128.682000	0.676045	4.548809	5.224850
140.625000	128.682000	0.653530	4.604498	5.258030
146.250000	128.682000	0.666131	4.562561	5.228690
151.875000	128.682000	0.646243	4.495438	5.141680
157.500000	128.682000	0.640381	4.554249	5.194630
163.125000	128.682000	0.661760	4.580849	5.242610
168.750000	128.682000	0.618487	4.574878	5.193360
174.375000	128.682000	0.641902	4.553027	5.194930
180.000000	128.682000	0.639273	4.534253	5.173530
185.625000	128.682000	0.654417	4.547056	5.201470
191.250000	128.682000	0.666202	4.576167	5.242370
196.875000	128.682000	0.656657	4.547780	5.204440
202.500000	128.682000	0.651979	4.501138	5.153120
208.125000	128.682000	0.658257	4.540519	5.198780
213.750000	128.682000	0.646311	4.639219	5.285530
219.375000	128.682000	0.662295	4.580182	5.242470
225.000000	128.682000	0.649697	4.593765	5.243460
230.625000	128.682000	0.684977	4.521224	5.206200
236.250000	128.682000	0.642750	4.633044	5.275790
241.875000	128.682000	0.658921	4.536526	5.195450
247.500000	128.682000	0.662470	4.513692	5.176170
253.125000	128.682000	0.661694	4.572650	5.234340
258.750000	128.682000	0.632905	4.558671	5.191580
264.375000	128.682000	0.648894	4.538732	5.187630
270.000000	128.682000	0.660075	4.514902	5.174980
275.625000	128.682000	0.666818	4.529401	5.196210
281.250000	128.682000	0.628529	4.603932	5.232460
286.875000	128.682000	0.628264	4.502507	5.130770
292.500000	128.682000	0.643384	4.523057	5.166440
298.125000	128.682000	0.642790	4.580714	5.223500
303.750000	128.682000	0.661382	4.526585	5.187970
309.375000	128.682000	0.642150	4.561385	5.203540
315.000000	128.682000	0.652827	4.593663	5.246490
320.625000	128.682000	0.639967	4.493957	5.133930
326.250000	128.682000	0.662359	4.601105	5.263460
331.875000	128.682000	0.658746	4.529661	5.188410
337.500000	128.682000	0.626153	4.604611	5.230760
343.125000	128.682000	0.622420	4.614303	5.236720
348.750000	128.682000	0.646313	4.572537	5.218850
354.375000	128.682000	0.625778	4.585645	5.211420
2.812500	131.810000	0.457870	4.644738	5.102600
8.437500	131.810000	0.460614	4.655346	5.115960
14.062500	131.810000	0.470437	4.625489	5.095930
19.687500	131.810000	0.468621	4.613421	5.082040
25.312500	131.810000	0.463174	4.581449	5.044630
30.937500	131.810000	0.454232	4.604984	5.059220
36.562500	131.810000	0.452904	4.612098	5.065000
42.187500	131.810000	0.454214	4.564179	5.018390
47.812500	131.810000	0.454833	4.593855	5.048690
53.437500	131.810000	0.454963	4.660843	5.115800
59.062500	131.810000	0.460258	4.649284	5.109550
64.687500	131.810000	0.469004	4.609214	5.078220
70.312500	131.810000	0.470707	4.679742	5.150450
75.937500	131.810000	0.457866	4.614925	5.072790
81.562500	131.810000	0.460039	4.615095	5.075140
87.187500	131.810000	0.460009	4.608841	5.068850
92.812500	131.810000	0.448723	4.646875	5.095600
98.437500	131.810000	0.467555	4.660006	5.127560
104.062000	131.810000	0.449149	4.660741	5.109890
109.688000	131.810000	0.458331	4.633666	5.092000
115.312000	131.810000	0.458343	4.687658	5.146000
120.938000	131.810000	0.454228	4.669574	5.123800
126.562000	131.810000	0.466507	4.625342	5.091850
132.188000	131.810000	0.466119	4.598051	5.064170
137.812000	131.810000	0.470169	4.580318	5.050490
143.437000	131.810000	0.463082	4.601908	5.064980
149.062000	131.810000	0.433878	4.549567	4.983440
154.688000	131.810000	0.453579	4.691786	5.145370
160.312000	131.810000	0.460697	4.613862	5.074560
165.938000	131.810000	0.460236	4.646875	5.107110
171.562000	131.810000	0.468897	4.673046	5.141940
177.188000	131.810000	0.481402	4.572876	5.054270
182.812000	131.810000	0.459106	4.585023	5.044130
188.438000	131.810000	0.466433	4.687206	5.153640
194.062000	131.810000	0.451602	4.617696	5.069300
199.687000	131.810000	0.451862	4.612166	5.064030
205.312000	131.810000	0.467583	4.593810	5.061390
210.938000	131.810000	0.475103	4.587205	5.062310
216.562000	131.810000	0.460230	4.545178	5.005400
222.188000	131.810000	0.460006	4.634966	5.094970
227.812000	131.810000	0.469025	4.540066	5.009090
233.438000	131.810000	0.452260	4.643539	5.095800
239.062000	131.810000	0.468075	4.639863	5.107940
244.687000	131.810000	0.431012	4.659588	5.090600
250.312000	131.810000	0.453791	4.704261	5.158050
255.937000	131.810000	0.422990	4.609214	5.032200
261.562000	131.810000	0.457705	4.682512	5.140220
267.188000	131.810000	0.448485	4.684073	5.132560
272.812000	131.810000	0.444642	4.581075	5.025710
278.438000	131.810000	0.450338	4.619099	5.069440
284.062000	131.810000	0.483290	4.593098	5.076390
289.688000	131.810000	0.467225	4.620920	5.088140
295.312000	131.810000	0.462133	4.698120	5.160250
300.938000	131.810000	0.445997	4.716837	5.162830
306.562000	131.810000	0.438463	4.630318	5.068780
312.187000	131.810000	0.467792	4.664111	5.131900
317.812000	131.810000	0.477012	4.550042	5.027050
323.438000	131.810000	0.449479	4.599307	5.048790
329.062000	131.810000	0.447836	4.690486	5.138330
334.688000	131.810000	0.457432	4.686448	5.143880
340.312000	131.810000	0.456897	4.676111	5.133010
345.938000	131.810000	0.440021	4.620411	5.060430
351.562000	131.810000	0.475028	4.619823	5.094850
357.187000	131.810000	0.468246	4.655346	5.123590
3.000000	134.994000	0.323264	4.564473	4.887730
9.000000	134.994000	0.296905	4.476381	4.773290
15.000000	134.994000	0.310745	4.565027	4.875770
21.000000	134.994000	0.311287	4.527173	4.838460
27.000000	134.994000	0.318318	4.544093	4.862410
33.000000	134.994000	0.317036	4.508376	4.825410
39.000000	134.994000	0.307565	4.501930	4.809500
45.000000	134.994000	0.314176	4.532150	4.846330
51.000000	134.994000	0.305489	4.519618	4.825110
57.000000	134.994000	0.306512	4.562833	4.869340
63.000000	134.994000	0.324442	4.573996	4.898440
69.000000	134.994000	0.318858	4.569754	4.888610
75.000000	134.994000	0.305134	4.510695	4.815830
81.000000	134.994000	0.293512	4.453219	4.746730
87.000000	134.994000	0.316400	4.528711	4.845110
93.000000	134.994000	0.282238	4.513624	4.795860
99.000000	134.994000	0.307619	4.560345	4.867960
105.000000	134.994000	0.311719	4.512188	4.823900
111.000000	134.994000	0.300918	4.545020	4.845940
117.000000	134.994000	0.290842	4.466655	4.757490
123.000000	134.994000	0.320069	4.450267	4.770340
129.000000	134.994000	0.308942	4.528282	4.837220
135.000000	134.994000	0.300527	4.505572	4.806090
141.000000	134.994000	0.302072	4.541356	4.843430
147.000000	134.994000	0.299378	4.466248	4.765620
153.000000	134.994000	0.301934	4.485112	4.787040
159.000000	134.994000	0.315322	4.510118	4.825440
165.000000	134.994000	0.303372	4.497248	4.800620
171.000000	134.994000	0.319914	4.527388	4.847300
177.000000	134.994000	0.302524	4.492373	4.794900
183.000000	134.994000	0.311515	4.460163	4.771680
189.000000	134.994000	0.313539	4.458568	4.772110
195.000000	134.994000	0.298491	4.463646	4.762130
201.000000	134.994000	0.316345	4.475262	4.791610
207.000000	134.994000	0.305203	4.512357	4.817560
213.000000	134.994000	0.303494	4.538415	4.841900
219.000000	134.994000	0.300236	4.385213	4.685450
225.000000	134.994000	0.328074	4.435768	4.763840
231.000000	134.994000	0.305347	4.499430	4.804780
237.000000	134.994000	0.307961	4.441163	4.749120
243.000000	134.994000	0.304551	4.545552	4.850100
249.000000	134.994000	0.304460	4.421201	4.725660
255.000000	134.994000	0.318378	4.506680	4.825060
261.000000	134.994000	0.319378	4.454667	4.774050
267.000000	134.994000	0.310670	4.501998	4.812670
273.000000	134.994000	0.295272	4.505526	4.800800
279.000000	134.994000	0.333031	4.532127	4.865160
285.000000	134.994000	0.323516	4.470127	4.793650
291.000000	134.994000	0.311838	4.480713	4.792550
297.000000	134.994000	0.301239	4.451681	4.752920
303.000000	134.994000	0.298026	4.517537	4.815560
309.000000	134.994000	0.304673	4.490926	4.795590
315.000000	134.994000	0.302953	4.498435	4.801390
321.000000	134.994000	0.320704	4.450425	4.771130
327.000000	134.994000	0.304157	4.539795	4.843960
333.000000	134.994000	0.283108	4.553717	4.836830
339.000000	134.994000	0.326648	4.436379	4.763030
345.000000	134.994000	0.299757	4.515750	4.815510
351.000000	134.994000	0.305630	4.486764	4.792390
357.000000	134.994000	0.296749	4.516316	4.813060
3.214290	138.141000	0.197003	4.347382	4.544380
9.642860	138.141000	0.207614	4.408749	4.616360
16.071400	138.141000	0.210976	4.463545	4.674520
22.500000	138.141000	0.215198	4.392531	4.607730
28.928600	138.141000	0.212730	4.325249	4.537980
35.357100	138.141000	0.207676	4.329524	4.537210
41.785700	138.141000	0.219436	4.410378	4.629820
48.214300	138.141000	0.204213	4.508863	4.713070
54.642900	138.141000	0.203318	4.433314	4.636630
61.071400	138.141000	0.203928	4.425103	4.629030
67.500000	138.141000	0.204809	4.368045	4.572850
73.928600	138.141000	0.206748	4.490993	4.697740
80.357100	138.141000	0.206829	4.425612	4.632440
86.785700	138.141000	0.200904	4.411972	4.612880
93.214300	138.141000	0.216464	4.441751	4.658210
99.642900	138.141000	0.198507	4.326018	4.524520
106.071000	138.141000	0.211202	4.424017	4.635220
112.500000	138.141000	0.201558	4.340201	4.541760
118.929000	138.141000	0.205034	4.362820	4.567850
125.357000	138.141000	0.203585	4.393323	4.596910
131.786000	138.141000	0.198262	4.334501	4.532760
138.214000	138.141000	0.207683	4.423893	4.631570
144.643000	138.141000	0.209036	4.358251	4.567290
151.071000	138.141000	0.221459	4.354112	4.575570
157.500000	138.141000	0.211314	4.354191	4.565500
163.929000	138.141000	0.206159	4.446524	4.652690
170.357000	138.141000	0.213073	4.442825	4.655900
176.786000	138.141000	0.219145	4.409982	4.629120
183.214000	138.141000	0.205749	4.353252	4.559000
189.643000	138.141000	0.210962	4.390597	4.601560
196.071000	138.141000	0.203476	4.468578	4.672060
202.500000	138.141000	0.190874	4.350210	4.541090
208.929000	138.141000	0.213383	4.394578	4.607960
215.357000	138.141000	0.204134	4.319119	4.523250
221.786000	138.141000	0.192228	4.439987	4.632220
228.214000	138.141000	0.201452	4.357358	4.558820
234.643000	138.141000	0.200414	4.426517	4.626930
241.071000	138.141000	0.206990	4.391898	4.598880
247.500000	138.141000	0.205816	4.378563	4.584370
253.929000	138.141000	0.211242	4.442260	4.653500
260.357000	138.141000	0.222716	4.403083	4.625800
266.786000	138.141000	0.212620	4.412606	4.625230
273.214000	138.141000	0.212941	4.362798	4.575740
279.643000	138.141000	0.185883	4.362017	4.547900
286.071000	138.141000	0.202831	4.413307	4.616140
292.500000	138.141000	0.200550	4.387679	4.588230
298.929000	138.141000	0.216510	4.492068	4.708580
305.357000	138.141000	0.223070	4.368249	4.591320
311.786000	138.141000	0.214647	4.317095	4.531740
318.214000	138.141000	0.198695	4.354541	4.553230
324.643000	138.141000	0.204249	4.407923	4.612170
331.071000	138.141000	0.201172	4.352370	4.553540
337.500000	138.141000	0.218521	4.406532	4.625050
343.929000	138.141000	0.205821	4.337328	4.543150
350.357000	138.141000	0.196898	4.429955	4.626860
356.786000	138.141000	0.203720	4.421427	4.625150
3.461540	141.256000	0.145160	4.354247	4.499410
10.384600	141.256000	0.139582	4.421461	4.561050
17.307700	141.256000	0.134616	4.325351	4.459970
24.230800	141.256000	0.137936	4.428971	4.566910
31.153800	141.256000	0.120776	4.353139	4.473910
38.076900	141.256000	0.139356	4.410683	4.550040
45.000000	141.256000	0.144274	4.360898	4.505170
51.923100	141.256000	0.134667	4.432375	4.567050
58.846200	141.256000	0.134935	4.411441	4.546370
65.769200	141.256000	0.140482	4.372908	4.513400
72.692300	141.256000	0.126229	4.324197	4.450420
79.615400	141.256000	0.140440	4.366168	4.506610
86.538500	141.256000	0.128206	4.414359	4.542570
93.461500	141.256000	0.129708	4.322772	4.452490
100.385000	141.256000	0.128921	4.405922	4.534850
107.308000	141.256000	0.139847	4.320386	4.460240
114.231000	141.256000	0.140661	4.272659	4.413330
121.154000	141.256000	0.140642	4.313826	4.454470
128.077000	141.256000	0.141447	4.361022	4.502470
135.000000	141.256000	0.130108	4.328054	4.458160
141.923000	141.256000	0.118692	4.327251	4.445950
148.846000	141.256000	0.139915	4.399905	4.539820
155.769000	141.256000	0.134150	4.365863	4.500010
162.692000	141.256000	0.133355	4.242982	4.376340
169.615000	141.256000	0.135966	4.406272	4.542240
176.538000	141.256000	0.125415	4.385360	4.510780
183.462000	141.256000	0.143406	4.341038	4.484440
190.385000	141.256000	0.147940	4.261621	4.409560
197.308000	141.256000	0.139217	4.341151	4.480370
204.231000	141.256000	0.144343	4.322501	4.466840
211.154000	141.256000	0.135572	4.370590	4.506160
218.077000	141.256000	0.131351	4.381809	4.513160
225.000000	141.256000	0.147702	4.310976	4.458680
231.923000	141.256000	0.132019	4.316066	4.448090
238.846000	141.256000	0.138433	4.318045	4.456480
245.769000	141.256000	0.145674	4.376381	4.522060
252.692000	141.256000	0.128428	4.402913	4.531350
259.615000	141.256000	0.133143	4.319244	4.452380
266.538000	141.256000	0.136096	4.415580	4.551680
273.462000	141.256000	0.136982	4.351262	4.488240
280.385000	141.256000	0.132959	4.344679	4.477640
287.308000	141.256000	0.143125	4.325147	4.468270
294.231000	141.256000	0.136541	4.330316	4.466860
301.154000	141.256000	0.125120	4.348819	4.473940
308.077000	141.256000	0.146553	4.396727	4.543280
315.000000	141.256000	0.128316	4.379163	4.507480
321.923000	141.256000	0.133583	4.360411	4.493990
328.846000	141.256000	0.131415	4.339138	4.470560
335.769000	141.256000	0.146230	4.395098	4.541320
342.692000	141.256000	0.136735	4.355548	4.492280
349.615000	141.256000	0.121758	4.379807	4.501560
356.538000	141.256000	0.136520	4.432081	4.568600
3.750000	144.341000	0.083355	4.341807	4.425170
11.250000	144.341000	0.075913	4.410163	4.486080
18.750000	144.341000	0.077388	4.395969	4.473360
26.250000	144.341000	0.087377	4.310434	4.397810
33.750000	144.341000	0.080118	4.366417	4.446530
41.250000	144.341000	0.079419	4.324209	4.403620
48.750000	144.341000	0.085942	4.380135	4.466080
56.250000	144.341000	0.079246	4.308251	4.387500
63.750000	144.341000	0.079257	4.339748	4.419010
71.250000	144.341000	0.093167	4.406973	4.500140
78.750000	144.341000	0.077214	4.318543	4.395760
86.250000	144.341000	0.077216	4.374039	4.451260
93.750000	144.341000	0.087947	4.404700	4.492650
101.250000	144.341000	0.081705	4.393809	4.475510
108.750000	144.341000	0.077263	4.371269	4.448530
116.250000	144.341000	0.076335	4.409710	4.486050
123.750000	144.341000	0.077148	4.359224	4.436370
131.250000	144.341000	0.084410	4.396354	4.480760
138.750000	144.341000	0.076043	4.379355	4.455400
146.250000	144.341000	0.072170	4.388991	4.461170
153.750000	144.341000	0.077493	4.308104	4.385600
161.250000	144.341000	0.072388	4.329751	4.402130
168.750000	144.341000	0.076727	4.362786	4.439520
176.250000	144.341000	0.073882	4.327749	4.401630
183.750000	144.341000	0.082809	4.386220	4.469030
191.250000	144.341000	0.081481	4.298140	4.379620
198.750000	144.341000	0.082177	4.254496	4.336670
206.250000	144.341000	0.084070	4.373757	4.457830
213.750000	144.341000	0.081274	4.404938	4.486210
221.250000	144.341000	0.082056	4.358862	4.440920
228.750000	144.341000	0.081297	4.333494	4.414790
236.250000	144.341000	0.088674	4.383890	4.472560
243.750000	144.341000	0.078696	4.330440	4.409140
251.250000	144.341000	0.079483	4.391377	4.470860
258.750000	144.341000	0.085285	4.372671	4.457950
266.250000	144.341000	0.083399	4.360434	4.443830
273.750000	144.341000	0.083350	4.353015	4.436370
281.250000	144.341000	0.084627	4.356475	4.441110
288.750000	144.341000	0.078859	4.278925	4.357780
296.250000	144.341000	0.082400	4.363838	4.446240
303.750000	144.341000	0.084893	4.384840	4.469730
311.250000	144.341000	0.082148	4.286921	4.369060
318.750000	144.341000	0.088530	4.352721	4.441250
326.250000	144.341000	0.083480	4.389093	4.472570
333.750000	144.341000	0.077439	4.405232	4.482670
341.250000	144.341000	0.086528	4.324831	4.411360
348.750000	144.341000	0.072608	4.332770	4.405370
356.250000	144.341000	0.079070	4.278857	4.357920
4.090910	147.400000	0.050985	4.354541	4.405520
12.272700	147.400000	0.046659	4.327568	4.374220
20.454500	147.400000	0.042472	4.361237	4.403710
28.636400	147.400000	0.057927	4.405842	4.463770
36.818200	147.400000	0.042772	4.386322	4.429100
45.000000	147.400000	0.051458	4.371167	4.422620
53.181800	147.400000	0.047877	4.388652	4.436530
61.363600	147.400000	0.051880	4.410740	4.462610
69.545500	147.400000	0.048611	4.408579	4.457190
77.727300	147.400000	0.045656	4.367389	4.413040
85.909100	147.400000	0.046116	4.423780	4.469900
94.090900	147.400000	0.040951	4.321223	4.362170
102.273000	147.400000	0.047152	4.356589	4.403740
110.455000	147.400000	0.046836	4.337498	4.384340
118.636000	147.400000	0.039606	4.484569	4.524170
126.818000	147.400000	0.045747	4.363895	4.409640
135.000000	147.400000	0.042101	4.412470	4.454570
143.182000	147.400000	0.046928	4.343390	4.390310
151.364000	147.400000	0.052866	4.428960	4.481830
159.545000	147.400000	0.044554	4.365682	4.410240
167.727000	147.400000	0.041404	4.349475	4.390870
175.909000	147.400000	0.044433	4.443425	4.487860
184.091000	147.400000	0.048308	4.387905	4.436210
192.273000	147.400000	0.049322	4.344159	4.393480
200.455000	147.400000	0.052475	4.341185	4.393660
208.636000	147.400000	0.051894	4.309495	4.361390
216.818000	147.400000	0.051514	4.402076	4.453590
225.000000	147.400000	0.048186	4.307583	4.355770
233.182000	147.400000	0.043326	4.327850	4.371170
241.364000	147.400000	0.050006	4.367050	4.417050
249.545000	147.400000	0.046720	4.378054	4.424770
257.727000	147.400000	0.052010	4.417559	4.469570
265.909000	147.400000	0.048485	4.370036	4.418520
274.091000	147.400000	0.048993	4.366801	4.415790
282.273000	147.400000	0.048980	4.348479	4.397460
290.455000	147.400000	0.046471	4.428586	4.475050
298.636000	147.400000	0.044949	4.329117	4.374070
306.818000	147.400000	0.044513	4.379875	4.424380
315.000000	147.400000	0.048666	4.329445	4.378110
323.182000	147.400000	0.040371	4.325464	4.365840
331.364000	147.400000	0.050660	4.358296	4.408950
339.545000	147.400000	0.049834	4.392474	4.442300
347.727000	147.400000	0.049853	4.329943	4.379800
355.909000	147.400000	0.042533	4.400663	4.443190
4.500000	150.434000	0.036834	4.366383	4.403210
13.500000	150.434000	0.034057	4.327262	4.361320
22.500000	150.434000	0.043948	4.420692	4.464640
31.500000	150.434000	0.039582	4.378213	4.417800
40.500000	150.434000	0.040503	4.332521	4.373020
49.500000	150.434000	0.040487	4.340744	4.381230
58.500000	150.434000	0.035393	4.355028	4.390420
67.500000	150.434000	0.031360	4.356758	4.388110
76.500000	150.434000	0.041017	4.391049	4.432070
85.500000	150.434000	0.039832	4.386491	4.426330
94.500000	150.434000	0.044211	4.353037	4.397240
103.500000	150.434000	0.041447	4.335994	4.377440
112.500000	150.434000	0.037994	4.357482	4.395470
121.500000	150.434000	0.034588	4.457347	4.491940
130.500000	150.434000	0.032195	4.420115	4.452310
139.500000	150.434000	0.037890	4.469946	4.507830
148.500000	150.434000	0.035147	4.401352	4.436500
157.500000	150.434000	0.034733	4.395924	4.430660
166.500000	150.434000	0.045432	4.289499	4.334930
175.500000	150.434000	0.037113	4.363340	4.400450
184.500000	150.434000	0.041935	4.274921	4.316860
193.500000	150.434000	0.035350	4.385983	4.421330
202.500000	150.434000	0.037358	4.376573	4.413930
211.500000	150.434000	0.029894	4.319040	4.348930
220.500000	150.434000	0.035159	4.397043	4.432200
229.500000	150.434000	0.040385	4.329027	4.369420
238.500000	150.434000	0.040024	4.397598	4.437620
247.500000	150.434000	0.034132	4.374232	4.408360
256.500000	150.434000	0.037574	4.417797	4.455370
265.500000	150.434000	0.044828	4.384795	4.429630
274.500000	150.434000	0.043194	4.352200	4.395390
283.500000	150.434000	0.039989	4.331413	4.371400
292.500000	150.434000	0.034764	4.391083	4.425850
301.500000	150.434000	0.037435	4.416926	4.454360
310.500000	150.434000	0.027029	4.317231	4.344260
319.500000	150.434000	0.037553	4.374582	4.412140
328.500000	150.434000	0.037655	4.398367	4.436020
337.500000	150.434000	0.040583	4.353105	4.393690
346.500000	150.434000	0.038466	4.375182	4.413640
355.500000	150.434000	0.045121	4.415942	4.461070
5.000000	153.448000	0.047446	4.428304	4.475750
15.000000	153.448000	0.044550	4.368498	4.413050
25.000000	153.448000	0.044952	4.371540	4.416500
35.000000	153.448000	0.041805	4.444556	4.486360
45.000000	153.448000	0.047587	4.345211	4.392800
55.000000	153.448000	0.050224	4.460027	4.510250
65.000000	153.448000	0.046852	4.336242	4.383100
75.000000	153.448000	0.048960	4.368735	4.417690
85.000000	153.448000	0.044517	4.417842	4.462360
95.000000	153.448000	0.045368	4.420918	4.466280
105.000000	153.448000	0.056486	4.377184	4.433670
115.000000	153.448000	0.041523	4.409326	4.450840
125.000000	153.448000	0.043605	4.452156	4.495760
135.000000	153.448000	0.046214	4.426641	4.472860
145.000000	153.448000	0.049952	4.453106	4.503060
155.000000	153.448000	0.045763	4.410344	4.456110
165.000000	153.448000	0.049489	4.423621	4.473110
175.000000	153.448000	0.052670	4.427998	4.480670
185.000000	153.448000	0.038031	4.364370	4.402400
195.000000	153.448000	0.050251	4.411859	4.462110
205.000000	153.448000	0.048051	4.413205	4.461250
215.000000	153.448000	0.048683	4.401058	4.449740
225.000000	153.448000	0.044227	4.419278	4.463510
235.000000	153.448000	0.047660	4.390133	4.437800
245.000000	153.448000	0.040114	4.347529	4.387640
255.000000	153.448000	0.050806	4.374537	4.425340
265.000000	153.448000	0.053808	4.311904	4.365710
275.000000	153.448000	0.044130	4.360570	4.404700
285.000000	153.448000	0.047631	4.427229	4.474860
295.000000	153.448000	0.043935	4.392881	4.436820
305.000000	153.448000	0.047708	4.373474	4.421180
315.000000	153.448000	0.046878	4.343379	4.390260
325.000000	153.448000	0.049757	4.398208	4.447970
335.000000	153.448000	0.045375	4.442463	4.487840
345.000000	153.448000	0.044701	4.360502	4.405200
355.000000	153.448000	0.045992	4.393888	4.439880
5.625000	156.444000	0.029334	4.394012	4.423340
16.875000	156.444000	0.035220	4.429231	4.464450
28.125000	156.444000	0.039343	4.441445	4.480780
39.375000	156.444000	0.032989	4.339975	4.372960
50.625000	156.444000	0.037289	4.415116	4.452400
61.875000	156.444000	0.040818	4.341513	4.382330
73.125000	156.444000	0.036922	4.412719	4.449640
84.375000	156.444000	0.033325	4.410593	4.443920
95.625000	156.444000	0.033705	4.469505	4.503210
106.875000	156.444000	0.034136	4.456962	4.491100
118.125000	156.444000	0.034259	4.427410	4.461670
129.375000	156.444000	0.035113	4.379253	4.414370
140.625000	156.444000	0.036038	4.444838	4.480870
151.875000	156.444000	0.033976	4.348197	4.382170
163.125000	156.444000	0.037978	4.417638	4.455620
174.375000	156.444000	0.036251	4.442520	4.478770
185.625000	156.444000	0.033661	4.365365	4.399030
196.875000	156.444000	0.035940	4.409812	4.445750
208.125000	156.444000	0.040088	4.381515	4.421600
219.375000	156.444000	0.034847	4.364664	4.399510
230.625000	156.444000	0.036654	4.400787	4.437440
241.875000	156.444000	0.038012	4.425046	4.463060
253.125000	156.444000	0.034601	4.420262	4.454870
264.375000	156.444000	0.037098	4.457245	4.494340
275.625000	156.444000	0.042738	4.466757	4.509500
286.875000	156.444000	0.033579	4.404055	4.437640
298.125000	156.444000	0.034884	4.377557	4.412440
309.375000	156.444000	0.038234	4.410197	4.448430
320.625000	156.444000	0.034477	4.374560	4.409040
331.875000	156.444000	0.034764	4.407856	4.442620
343.125000	156.444000	0.034896	4.433314	4.468210
354.375000	156.444000	0.032332	4.481980	4.514320
6.428570	159.423000	0.042667	4.468645	4.511310
19.285700	159.423000	0.034061	4.414958	4.449020
32.142900	159.423000	0.033971	4.383822	4.417790
45.000000	159.423000	0.038216	4.440303	4.478520
57.857100	159.423000	0.038792	4.367706	4.406500
70.714300	159.423000	0.045044	4.383574	4.428610
83.571400	159.423000	0.040591	4.398943	4.439540
96.428600	159.423000	0.035902	4.362956	4.398860
109.286000	159.423000	0.034100	4.425001	4.459100
122.143000	159.423000	0.028806	4.451602	4.480410
135.000000	159.423000	0.033808	4.373304	4.407120
147.857000	159.423000	0.035164	4.436130	4.471290
160.714000	159.423000	0.036771	4.434151	4.470920
173.571000	159.423000	0.034502	4.412594	4.447100
186.429000	159.423000	0.044719	4.422524	4.467240
199.286000	159.423000	0.039097	4.424854	4.463950
212.143000	159.423000	0.035249	4.438098	4.473350
225.000000	159.423000	0.035984	4.326346	4.362330
237.857000	159.423000	0.040917	4.365851	4.406770
250.714000	159.423000	0.039522	4.381221	4.420740
263.571000	159.423000	0.041948	4.379887	4.421830
276.429000	159.423000	0.039565	4.383280	4.422840
289.286000	159.423000	0.034717	4.417050	4.451770
302.143000	159.423000	0.036134	4.436085	4.472210
315.000000	159.423000	0.037492	4.463827	4.501320
327.857000	159.423000	0.037269	4.405130	4.442400
340.714000	159.423000	0.036685	4.426336	4.463020
353.571000	159.423000	0.034942	4.446263	4.481200
7.500000	162.388000	0.037975	4.433020	4.470990
22.500000	162.388000	0.035256	4.351409	4.386660
37.500000	162.388000	0.041601	4.320171	4.361770
52.500000	162.388000	0.033146	4.438233	4.471380
67.500000	162.388000	0.034601	4.442328	4.476930
82.500000	162.388000	0.037380	4.415682	4.453060
97.500000	162.388000	0.035286	4.355559	4.390840
112.500000	162.388000	0.038800	4.425273	4.464070
127.500000	162.388000	0.039226	4.455911	4.495140
142.500000	162.388000	0.032727	4.402857	4.435580
157.500000	162.388000	0.034444	4.493221	4.527670
172.500000	162.388000	0.036699	4.400549	4.437250
187.500000	162.388000	0.039161	4.442735	4.481900
202.500000	162.388000	0.030144	4.392339	4.422480
217.500000	162.388000	0.039487	4.393639	4.433130
232.500000	162.388000	0.041269	4.478507	4.519780
247.500000	162.388000	0.038899	4.415026	4.453920
262.500000	162.388000	0.034317	4.464529	4.498850
277.500000	162.388000	0.036984	4.459937	4.496920
292.500000	162.388000	0.038314	4.428089	4.466410
307.500000	162.388000	0.037453	4.393696	4.431150
322.500000	162.388000	0.036500	4.423045	4.459540
337.500000	162.388000	0.033526	4.416032	4.449560
352.500000	162.388000	0.039504	4.379638	4.419140
9.000000	165.341000	0.032419	4.369335	4.401750
27.000000	165.341000	0.030910	4.375939	4.406850
45.000000	165.341000	0.034704	4.441547	4.476250
63.000000	165.341000	0.031849	4.434513	4.466360
81.000000	165.341000	0.032214	4.377919	4.410130
99.000000	165.341000	0.034553	4.478903	4.513450
117.000000	165.341000	0.027082	4.428903	4.455980
135.000000	165.341000	0.032783	4.402981	4.435760
153.000000	165.341000	0.028836	4.382058	4.410890
171.000000	165.341000	0.024975	4.496954	4.521920
189.000000	165.341000	0.030528	4.421178	4.451700
207.000000	165.341000	0.026349	4.465094	4.491440
225.000000	165.341000	0.037450	4.488969	4.526420
243.000000	165.341000	0.032349	4.410445	4.442790
261.000000	165.341000	0.031030	4.418996	4.450020
279.000000	165.341000	0.038616	4.455187	4.493800
297.000000	165.341000	0.028375	4.435157	4.463540
315.000000	165.341000	0.031761	4.363668	4.395430
333.000000	165.341000	0.032652	4.393243	4.425900
351.000000	165.341000	0.033522	4.411837	4.445360
11.250000	168.284000	0.043236	4.466248	4.509480
33.750000	168.284000	0.041268	4.361339	4.402610
56.250000	168.284000	0.033200	4.402529	4.435730
78.750000	168.284000	0.037694	4.406363	4.444050
101.250000	168.284000	0.041467	4.470251	4.511720
123.750000	168.284000	0.039567	4.416044	4.455610
146.250000	168.284000	0.038745	4.380452	4.419190
168.750000	168.284000	0.037307	4.482398	4.519700
191.250000	168.284000	0.043358	4.475363	4.518720
213.750000	168.284000	0.039478	4.441163	4.480640
236.250000	168.284000	0.035794	4.412968	4.448760
258.750000	168.284000	0.044119	4.453355	4.497480
281.250000	168.284000	0.034559	4.398751	4.433310
303.750000	168.284000	0.033029	4.391536	4.424560
326.250000	168.284000	0.031431	4.456453	4.487880
348.750000	168.284000	0.033838	4.466248	4.500090
15.000000	171.220000	0.034645	4.362549	4.397200
45.000000	171.220000	0.031539	4.400911	4.432450
75.000000	171.220000	0.030211	4.393458	4.423670
105.000000	171.220000	0.036078	4.381775	4.417860
135.000000	171.220000	0.030795	4.337860	4.368660
165.000000	171.220000	0.033394	4.422083	4.455480
195.000000	171.220000	0.031704	4.408998	4.440700
225.000000	171.220000	0.032706	4.420115	4.452820
255.000000	171.220000	0.028816	4.376652	4.405470
285.000000	171.220000	0.031087	4.428903	4.459990
315.000000	171.220000	0.025666	4.402630	4.428300
345.000000	171.220000	0.031035	4.492905	4.523940
22.500000	174.150000	0.044105	4.462301	4.506400
67.500000	174.150000	0.044086	4.464280	4.508370
112.500000	174.150000	0.041431	4.373497	4.414930
157.500000	174.150000	0.035384	4.477953	4.513330
202.500000	174.150000	0.040809	4.424503	4.465310
247.500000	174.150000	0.038543	4.455379	4.493920
292.500000	174.150000	0.043592	4.283358	4.326950
337.500000	174.150000	0.036162	4.388199	4.424370
45.000000	177.076000	0.051147	4.394782	4.445930
135.000000	177.076000	0.058235	4.454802	4.513040
225.000000	177.076000	0.053441	4.391343	4.444780
315.000000	177.076000	0.048366	4.426596	4.474970
