# phi	theta	PMT0	PMT1 	total
45.000000	2.924180	11.423170	0.153464	11.576600
135.000000	2.924180	11.315615	0.125338	11.441000
225.000000	2.924180	11.362663	0.134780	11.497500
315.000000	2.924180	11.174741	0.126212	11.301000
22.500000	5.850270	11.381890	0.098820	11.480700
67.500000	5.850270	11.404848	0.096189	11.501000
112.500000	5.850270	11.313579	0.080487	11.394000
157.500000	5.850270	11.365038	0.109741	11.474800
202.500000	5.850270	11.173395	0.072553	11.245900
247.500000	5.850270	11.310978	0.074662	11.385600
292.500000	5.850270	11.248661	0.088649	11.337300
337.500000	5.850270	11.216609	0.095664	11.312300
15.000000	8.780180	11.489558	0.070473	11.560000
45.000000	8.780180	11.418194	0.078031	11.496300
75.000000	8.780180	11.513987	0.071249	11.585300
105.000000	8.780180	11.364020	0.080595	11.444600
135.000000	8.780180	11.326246	0.078262	11.404500
165.000000	8.780180	11.371032	0.077080	11.448200
195.000000	8.780180	11.487523	0.054324	11.541800
225.000000	8.780180	11.411295	0.075042	11.486400
255.000000	8.780180	11.349996	0.077667	11.427700
285.000000	8.780180	11.282398	0.085885	11.368300
315.000000	8.780180	11.372842	0.079077	11.451900
345.000000	8.780180	11.430974	0.084376	11.515400
11.250000	11.715900	11.496683	0.081452	11.578100
33.750000	11.715900	11.317990	0.073338	11.391300
56.250000	11.715900	11.262549	0.075362	11.337900
78.750000	11.715900	11.053579	0.101220	11.154800
101.250000	11.715900	11.355764	0.096077	11.451900
123.750000	11.715900	11.347847	0.122862	11.470700
146.250000	11.715900	11.335633	0.114967	11.450600
168.750000	11.715900	11.425319	0.107086	11.532400
191.250000	11.715900	11.269482	0.094220	11.363700
213.750000	11.715900	11.240145	0.094142	11.334300
236.250000	11.715900	11.343776	0.094753	11.438500
258.750000	11.715900	11.262742	0.092283	11.355000
281.250000	11.715900	11.431313	0.090440	11.521700
303.750000	11.715900	11.485826	0.105790	11.591600
326.250000	11.715900	11.361758	0.091554	11.453300
348.750000	11.715900	11.343550	0.097152	11.440700
9.000000	14.659300	11.385848	0.085094	11.470900
27.000000	14.659300	11.518737	0.082691	11.601500
45.000000	14.659300	11.348300	0.071126	11.419400
63.000000	14.659300	11.445337	0.074231	11.519500
81.000000	14.659300	11.348300	0.078952	11.427200
99.000000	14.659300	11.294205	0.080743	11.375000
117.000000	14.659300	11.575965	0.091500	11.667500
135.000000	14.659300	11.330543	0.085330	11.415800
153.000000	14.659300	11.485826	0.078236	11.564100
171.000000	14.659300	11.322627	0.089883	11.412500
189.000000	14.659300	11.323079	0.067689	11.390700
207.000000	14.659300	11.453820	0.083160	11.537000
225.000000	14.659300	11.467617	0.076783	11.544400
243.000000	14.659300	11.492612	0.069779	11.562400
261.000000	14.659300	11.488540	0.085847	11.574400
279.000000	14.659300	11.442736	0.082627	11.525400
297.000000	14.659300	11.193492	0.098412	11.291900
315.000000	14.659300	11.430069	0.087988	11.518100
333.000000	14.659300	11.375104	0.102658	11.477800
351.000000	14.659300	11.243617	0.080028	11.323600
7.500000	17.612400	11.388110	0.093312	11.481400
22.500000	17.612400	11.286153	0.086376	11.372500
37.500000	17.612400	11.489898	0.088033	11.577900
52.500000	17.612400	11.399420	0.079230	11.478700
67.500000	17.612400	11.304882	0.088150	11.393000
82.500000	17.612400	11.575512	0.092380	11.667900
97.500000	17.612400	11.473612	0.093642	11.567200
112.500000	17.612400	11.518737	0.102915	11.621700
127.500000	17.612400	11.516702	0.079460	11.596100
142.500000	17.612400	11.526767	0.079623	11.606400
157.500000	17.612400	11.557643	0.091752	11.649400
172.500000	17.612400	11.329639	0.085857	11.415500
187.500000	17.612400	11.421248	0.099637	11.520800
202.500000	17.612400	11.343210	0.080130	11.423400
217.500000	17.612400	11.440474	0.098536	11.539100
232.500000	17.612400	11.199724	0.110908	11.310600
247.500000	17.612400	11.440022	0.112382	11.552400
262.500000	17.612400	11.429164	0.099301	11.528400
277.500000	17.612400	11.332014	0.084294	11.416400
292.500000	17.612400	11.310865	0.086974	11.397900
307.500000	17.612400	11.298729	0.086112	11.384800
322.500000	17.612400	11.386300	0.091504	11.477900
337.500000	17.612400	11.453367	0.102739	11.556100
352.500000	17.612400	11.430408	0.097070	11.527500
6.428570	20.577500	11.308535	0.100266	11.408800
19.285700	20.577500	11.502678	0.078785	11.581500
32.142900	20.577500	11.473272	0.086950	11.560300
45.000000	20.577500	11.461058	0.107592	11.568700
57.857100	20.577500	11.415253	0.091388	11.506700
70.714300	20.577500	11.486165	0.079332	11.565500
83.571400	20.577500	11.524053	0.107572	11.631600
96.428600	20.577500	11.563976	0.101872	11.665800
109.286000	20.577500	11.241536	0.117057	11.358600
122.143000	20.577500	11.298514	0.090107	11.388600
135.000000	20.577500	11.542035	0.107405	11.649500
147.857000	20.577500	11.346603	0.093004	11.439600
160.714000	20.577500	11.338347	0.098909	11.437300
173.571000	20.577500	11.262538	0.097642	11.360200
186.429000	20.577500	11.308727	0.099406	11.408100
199.286000	20.577500	11.179129	0.105286	11.284400
212.143000	20.577500	11.339252	0.077352	11.416600
225.000000	20.577500	11.457552	0.102336	11.559900
237.857000	20.577500	11.378384	0.083169	11.461500
250.714000	20.577500	11.444998	0.090876	11.535900
263.571000	20.577500	11.334728	0.087159	11.421900
276.429000	20.577500	11.315049	0.083198	11.398300
289.286000	20.577500	11.204915	0.080589	11.285500
302.143000	20.577500	11.438551	0.105806	11.544300
315.000000	20.577500	11.372616	0.085845	11.458400
327.857000	20.577500	11.504713	0.103180	11.607900
340.714000	20.577500	11.299464	0.098077	11.397500
353.571000	20.577500	11.300561	0.080226	11.380800
5.625000	23.556500	11.541922	0.092308	11.634300
16.875000	23.556500	11.339026	0.090280	11.429300
28.125000	23.556500	11.307438	0.081703	11.389100
39.375000	23.556500	11.315841	0.097511	11.413400
50.625000	23.556500	11.486278	0.083034	11.569300
61.875000	23.556500	11.303898	0.090630	11.394500
73.125000	23.556500	11.247044	0.072371	11.319400
84.375000	23.556500	11.288211	0.082790	11.371000
95.625000	23.556500	11.404509	0.087114	11.491600
106.875000	23.556500	11.285440	0.074348	11.359800
118.125000	23.556500	11.178450	0.097293	11.275700
129.375000	23.556500	11.326585	0.094534	11.421100
140.625000	23.556500	11.381777	0.090305	11.472100
151.875000	23.556500	11.499058	0.114683	11.613800
163.125000	23.556500	11.503356	0.098823	11.602200
174.375000	23.556500	11.402021	0.088498	11.490600
185.625000	23.556500	11.452575	0.104520	11.557100
196.875000	23.556500	11.256827	0.092748	11.349600
208.125000	23.556500	11.347960	0.073383	11.421400
219.375000	23.556500	11.385056	0.080293	11.465300
230.625000	23.556500	11.423057	0.093588	11.516600
241.875000	23.556500	11.204632	0.086704	11.291300
253.125000	23.556500	11.439343	0.092776	11.532100
264.375000	23.556500	11.288641	0.087977	11.376600
275.625000	23.556500	11.457212	0.086144	11.543300
286.875000	23.556500	11.259247	0.093617	11.352900
298.125000	23.556500	11.412991	0.081692	11.494700
309.375000	23.556500	11.284321	0.086705	11.371000
320.625000	23.556500	11.408920	0.082057	11.491000
331.875000	23.556500	11.385961	0.091119	11.477000
343.125000	23.556500	11.261814	0.086427	11.348200
354.375000	23.556500	11.334389	0.090129	11.424600
5.000000	26.551700	11.262323	0.115079	11.377400
15.000000	26.551700	11.281719	0.118766	11.400500
25.000000	26.551700	11.414914	0.126213	11.541200
35.000000	26.551700	11.383247	0.127949	11.511200
45.000000	26.551700	11.485713	0.098121	11.583900
55.000000	26.551700	11.372955	0.127237	11.500100
65.000000	26.551700	11.218939	0.116589	11.335500
75.000000	26.551700	11.361758	0.108161	11.469900
85.000000	26.551700	11.258500	0.115428	11.373900
95.000000	26.551700	11.158522	0.098549	11.257100
105.000000	26.551700	11.210253	0.124230	11.334500
115.000000	26.551700	11.193277	0.110030	11.303300
125.000000	26.551700	11.344907	0.104971	11.449800
135.000000	26.551700	11.310525	0.105907	11.416500
145.000000	26.551700	11.358479	0.112558	11.471100
155.000000	26.551700	11.408581	0.105033	11.513600
165.000000	26.551700	11.213929	0.126854	11.340800
175.000000	26.551700	11.321043	0.119111	11.440200
185.000000	26.551700	11.313579	0.146711	11.460300
195.000000	26.551700	11.181775	0.114836	11.296600
205.000000	26.551700	11.134263	0.099170	11.233400
215.000000	26.551700	11.216304	0.140408	11.356700
225.000000	26.551700	11.228383	0.113915	11.342300
235.000000	26.551700	11.284117	0.119328	11.403400
245.000000	26.551700	11.223135	0.120623	11.343800
255.000000	26.551700	11.241016	0.104290	11.345300
265.000000	26.551700	11.462641	0.127170	11.589800
275.000000	26.551700	11.415932	0.110980	11.526900
285.000000	26.551700	11.253162	0.123161	11.376300
295.000000	26.551700	11.243662	0.108721	11.352400
305.000000	26.551700	11.043208	0.123054	11.166300
315.000000	26.551700	11.379288	0.120929	11.500200
325.000000	26.551700	11.227908	0.107724	11.335600
335.000000	26.551700	11.314144	0.114441	11.428600
345.000000	26.551700	11.506184	0.135119	11.641300
355.000000	26.551700	11.304938	0.104031	11.409000
4.500000	29.565600	11.081243	0.083293	11.164500
13.500000	29.565600	11.229310	0.091178	11.320500
22.500000	29.565600	11.302801	0.099372	11.402200
31.500000	29.565600	11.276415	0.095859	11.372300
40.500000	29.565600	11.215727	0.098278	11.314000
49.500000	29.565600	11.269346	0.087966	11.357300
58.500000	29.565600	11.340044	0.093413	11.433400
67.500000	29.565600	11.352711	0.102680	11.455400
76.500000	29.565600	11.211463	0.096160	11.307600
85.500000	29.565600	11.172637	0.098730	11.271400
94.500000	29.565600	11.216066	0.103347	11.319400
103.500000	29.565600	11.181504	0.092299	11.273800
112.500000	29.565600	11.227455	0.088114	11.315600
121.500000	29.565600	11.211882	0.084761	11.296600
130.500000	29.565600	11.333484	0.101649	11.435200
139.500000	29.565600	11.228982	0.108700	11.337700
148.500000	29.565600	11.282194	0.082857	11.365100
157.500000	29.565600	11.314257	0.097890	11.412100
166.500000	29.565600	11.316859	0.086103	11.402900
175.500000	29.565600	11.247349	0.108670	11.356000
184.500000	29.565600	11.155695	0.075398	11.231100
193.500000	29.565600	11.057334	0.087965	11.145300
202.500000	29.565600	11.351240	0.090751	11.442000
211.500000	29.565600	11.489558	0.097196	11.586700
220.500000	29.565600	11.160208	0.103877	11.264100
229.500000	29.565600	11.204836	0.102483	11.307300
238.500000	29.565600	11.165433	0.094897	11.260300
247.500000	29.565600	11.191117	0.114704	11.305800
256.500000	29.565600	11.330996	0.100247	11.431200
265.500000	29.565600	11.178812	0.096583	11.275400
274.500000	29.565600	11.245562	0.095488	11.341100
283.500000	29.565600	11.314257	0.093689	11.407900
292.500000	29.565600	11.330657	0.101688	11.432400
301.500000	29.565600	11.208805	0.093108	11.301900
310.500000	29.565600	11.207561	0.103770	11.311300
319.500000	29.565600	11.241310	0.084644	11.326000
328.500000	29.565600	11.206724	0.095972	11.302700
337.500000	29.565600	11.212063	0.105199	11.317300
346.500000	29.565600	11.148231	0.084694	11.232900
355.500000	29.565600	11.153501	0.084755	11.238300
4.090910	32.600500	11.254780	0.122456	11.377200
12.272700	32.600500	11.197541	0.122197	11.319700
20.454500	32.600500	11.358252	0.135935	11.494200
28.636400	32.600500	11.216519	0.122610	11.339100
36.818200	32.600500	11.309134	0.127702	11.436800
45.000000	32.600500	11.352032	0.131194	11.483200
53.181800	32.600500	11.347282	0.115875	11.463100
61.363600	32.600500	11.345133	0.106157	11.451300
69.545500	32.600500	11.301172	0.107187	11.408400
77.727300	32.600500	11.262674	0.120949	11.383600
85.909100	32.600500	11.057119	0.118210	11.175300
94.090900	32.600500	11.105887	0.124433	11.230300
102.273000	32.600500	11.113645	0.120226	11.233900
110.455000	32.600500	11.212753	0.110703	11.323500
118.636000	32.600500	11.074027	0.100828	11.174900
126.818000	32.600500	11.248853	0.130017	11.378900
135.000000	32.600500	11.208342	0.120120	11.328500
143.182000	32.600500	11.428260	0.121477	11.549800
151.364000	32.600500	11.221438	0.108061	11.329500
159.545000	32.600500	11.179208	0.124602	11.303800
167.727000	32.600500	11.135586	0.122100	11.257700
175.909000	32.600500	11.180362	0.137285	11.317600
184.091000	32.600500	11.255696	0.107328	11.363000
192.273000	32.600500	11.100379	0.124102	11.224500
200.455000	32.600500	11.359044	0.119268	11.478300
208.636000	32.600500	11.249147	0.130178	11.379300
216.818000	32.600500	11.067637	0.134547	11.202200
225.000000	32.600500	11.198242	0.130511	11.328800
233.182000	32.600500	11.279084	0.095820	11.374900
241.364000	32.600500	11.199746	0.126904	11.326700
249.545000	32.600500	11.189081	0.120776	11.309900
257.727000	32.600500	11.231267	0.117730	11.349000
265.909000	32.600500	11.303174	0.109756	11.412900
274.091000	32.600500	11.241174	0.114272	11.355500
282.273000	32.600500	11.352937	0.110507	11.463500
290.455000	32.600500	11.219810	0.116129	11.335900
298.636000	32.600500	11.272140	0.114908	11.387100
306.818000	32.600500	11.151205	0.109404	11.260600
315.000000	32.600500	11.366395	0.130003	11.496400
323.182000	32.600500	11.143220	0.116517	11.259700
331.364000	32.600500	11.299634	0.127352	11.427000
339.545000	32.600500	11.244013	0.116235	11.360200
347.727000	32.600500	11.241615	0.120480	11.362100
355.909000	32.600500	11.363002	0.117086	11.480000
3.750000	35.659100	11.053591	0.194806	11.248400
11.250000	35.659100	11.134851	0.220243	11.355100
18.750000	35.659100	11.089771	0.195411	11.285200
26.250000	35.659100	11.091139	0.201475	11.292600
33.750000	35.659100	11.178156	0.190099	11.368300
41.250000	35.659100	11.231368	0.206162	11.437500
48.750000	35.659100	11.096737	0.189309	11.286100
56.250000	35.659100	11.370806	0.214650	11.585400
63.750000	35.659100	11.266700	0.202217	11.468900
71.250000	35.659100	11.022263	0.217156	11.239400
78.750000	35.659100	11.357348	0.202331	11.559700
86.250000	35.659100	11.095064	0.200246	11.295300
93.750000	35.659100	11.287974	0.178101	11.466100
101.250000	35.659100	11.209993	0.203770	11.413800
108.750000	35.659100	11.086378	0.208455	11.294800
116.250000	35.659100	11.235994	0.173489	11.409500
123.750000	35.659100	11.081503	0.218808	11.300300
131.250000	35.659100	11.241140	0.218263	11.459400
138.750000	35.659100	11.367979	0.183753	11.551700
146.250000	35.659100	11.361758	0.224144	11.586000
153.750000	35.659100	11.292701	0.191334	11.484000
161.250000	35.659100	11.281210	0.194671	11.475900
168.750000	35.659100	11.146082	0.180403	11.326500
176.250000	35.659100	11.153150	0.190524	11.343700
183.750000	35.659100	11.120047	0.197854	11.317900
191.250000	35.659100	11.366169	0.190174	11.556400
198.750000	35.659100	11.227184	0.203266	11.430500
206.250000	35.659100	11.154372	0.203225	11.357600
213.750000	35.659100	11.283291	0.195756	11.479000
221.250000	35.659100	11.139307	0.195801	11.335100
228.750000	35.659100	11.230701	0.205956	11.436700
236.250000	35.659100	11.112254	0.184160	11.296400
243.750000	35.659100	11.147756	0.207453	11.355200
251.250000	35.659100	11.150606	0.207203	11.357800
258.750000	35.659100	11.145618	0.208618	11.354200
266.250000	35.659100	11.278270	0.191041	11.469300
273.750000	35.659100	11.076742	0.189832	11.266600
281.250000	35.659100	11.041682	0.199824	11.241500
288.750000	35.659100	11.201613	0.183995	11.385600
296.250000	35.659100	11.036185	0.217531	11.253700
303.750000	35.659100	11.292611	0.206193	11.498800
311.250000	35.659100	11.189398	0.203659	11.393100
318.750000	35.659100	11.051894	0.186214	11.238100
326.250000	35.659100	11.100617	0.195997	11.296600
333.750000	35.659100	11.189624	0.197076	11.386700
341.250000	35.659100	11.141422	0.228423	11.369800
348.750000	35.659100	11.357348	0.211784	11.569100
356.250000	35.659100	11.176935	0.188802	11.365700
3.461540	38.744200	11.069945	0.329488	11.399400
10.384600	38.744200	11.074039	0.309733	11.383800
17.307700	38.744200	11.132431	0.306781	11.439200
24.230800	38.744200	11.061621	0.295943	11.357600
31.153800	38.744200	11.029953	0.342646	11.372600
38.076900	38.744200	11.233529	0.356580	11.590100
45.000000	38.744200	11.123926	0.344826	11.468700
51.923100	38.744200	11.205356	0.324879	11.530200
58.846200	38.744200	11.167401	0.343349	11.510700
65.769200	38.744200	11.089386	0.283239	11.372600
72.692300	38.744200	11.215354	0.320241	11.535600
79.615400	38.744200	11.025814	0.312312	11.338100
86.538500	38.744200	10.955241	0.352283	11.307500
93.461500	38.744200	11.314936	0.340734	11.655700
100.385000	38.744200	11.107516	0.353595	11.461100
107.308000	38.744200	11.076855	0.311642	11.388500
114.231000	38.744200	11.367300	0.328244	11.695600
121.154000	38.744200	11.082928	0.350156	11.433100
128.077000	38.744200	11.191083	0.315137	11.506200
135.000000	38.744200	11.244510	0.334122	11.578600
141.923000	38.744200	11.263318	0.329641	11.593000
148.846000	38.744200	11.192305	0.335140	11.527400
155.769000	38.744200	11.221733	0.303513	11.525200
162.692000	38.744200	11.256352	0.319857	11.576200
169.615000	38.744200	11.180147	0.305531	11.485700
176.538000	38.744200	11.152868	0.333254	11.486100
183.462000	38.744200	11.213409	0.337756	11.551200
190.385000	38.744200	11.014674	0.332184	11.346900
197.308000	38.744200	11.224560	0.347557	11.572100
204.231000	38.744200	11.106362	0.363427	11.469800
211.154000	38.744200	11.161949	0.346568	11.508500
218.077000	38.744200	11.121449	0.321431	11.442900
225.000000	38.744200	11.260536	0.334988	11.595500
231.923000	38.744200	11.104349	0.335821	11.440200
238.846000	38.744200	11.400777	0.340069	11.740900
245.769000	38.744200	11.102324	0.338950	11.441300
252.692000	38.744200	11.315162	0.331444	11.646700
259.615000	38.744200	11.267820	0.325568	11.593400
266.538000	38.744200	11.090483	0.325033	11.415500
273.462000	38.744200	11.349770	0.321664	11.671400
280.385000	38.744200	11.045708	0.349357	11.395100
287.308000	38.744200	11.209846	0.345757	11.555600
294.231000	38.744200	11.210864	0.342001	11.552900
301.154000	38.744200	11.105401	0.367866	11.473300
308.077000	38.744200	11.214212	0.322132	11.536300
315.000000	38.744200	10.978132	0.332833	11.311000
321.923000	38.744200	11.127387	0.335026	11.462400
328.846000	38.744200	11.156826	0.319747	11.476600
335.769000	38.744200	11.132838	0.343751	11.476600
342.692000	38.744200	11.322514	0.325553	11.648000
349.615000	38.744200	11.156012	0.320587	11.476600
356.538000	38.744200	11.083595	0.319226	11.402800
3.214290	41.858800	11.371145	0.480054	11.851200
9.642860	41.858800	11.321722	0.496691	11.818400
16.071400	41.858800	11.284128	0.483924	11.768100
22.500000	41.858800	11.188685	0.482448	11.671100
28.928600	41.858800	11.206713	0.471385	11.678100
35.357100	41.858800	11.145720	0.435950	11.581700
41.785700	41.858800	11.395461	0.474649	11.870100
48.214300	41.858800	11.303344	0.515273	11.818600
54.642900	41.858800	11.181526	0.484661	11.666200
61.071400	41.858800	11.459701	0.481038	11.940700
67.500000	41.858800	11.146591	0.490761	11.637400
73.928600	41.858800	11.307867	0.500330	11.808200
80.357100	41.858800	11.226539	0.496013	11.722600
86.785700	41.858800	11.202619	0.482057	11.684700
93.214300	41.858800	11.290089	0.501131	11.791200
99.642900	41.858800	11.389241	0.478248	11.867500
106.071000	41.858800	11.148932	0.447453	11.596400
112.500000	41.858800	11.276212	0.490556	11.766800
118.929000	41.858800	11.408354	0.480336	11.888700
125.357000	41.858800	11.159778	0.495045	11.654800
131.786000	41.858800	11.465582	0.494044	11.959600
138.214000	41.858800	11.275906	0.461074	11.737000
144.643000	41.858800	11.294171	0.488642	11.782800
151.071000	41.858800	11.298763	0.498603	11.797400
157.500000	41.858800	11.022444	0.522564	11.545000
163.929000	41.858800	11.294409	0.483643	11.778100
170.357000	41.858800	11.365943	0.487194	11.853100
176.786000	41.858800	11.134331	0.501696	11.636000
183.214000	41.858800	11.259982	0.486040	11.746000
189.643000	41.858800	11.039793	0.466010	11.505800
196.071000	41.858800	11.228326	0.486392	11.714700
202.500000	41.858800	11.348639	0.501679	11.850300
208.929000	41.858800	11.296298	0.481926	11.778200
215.357000	41.858800	11.191185	0.502813	11.694000
221.786000	41.858800	11.398628	0.480259	11.878800
228.214000	41.858800	11.297576	0.463442	11.761000
234.643000	41.858800	11.341288	0.504531	11.845800
241.071000	41.858800	11.320591	0.469608	11.790200
247.500000	41.858800	11.305628	0.500367	11.806000
253.929000	41.858800	11.307901	0.491947	11.799900
260.357000	41.858800	11.204349	0.524504	11.728900
266.786000	41.858800	11.239455	0.457956	11.697400
273.214000	41.858800	11.004981	0.498760	11.503700
279.643000	41.858800	11.187962	0.498150	11.686100
286.071000	41.858800	11.217356	0.509503	11.726900
292.500000	41.858800	11.102980	0.497230	11.600200
298.929000	41.858800	11.373973	0.522170	11.896200
305.357000	41.858800	11.129083	0.488232	11.617300
311.786000	41.858800	11.227987	0.494983	11.723000
318.214000	41.858800	11.147100	0.500564	11.647700
324.643000	41.858800	11.330996	0.502513	11.833500
331.071000	41.858800	11.185960	0.476727	11.662700
337.500000	41.858800	11.272966	0.443097	11.716100
343.929000	41.858800	11.294160	0.498420	11.792600
350.357000	41.858800	11.320817	0.490936	11.811800
356.786000	41.858800	11.316180	0.484899	11.801100
3.000000	45.006100	11.534797	0.728503	12.263300
9.000000	45.006100	11.614870	0.688646	12.303500
15.000000	45.006100	11.518964	0.702347	12.221400
21.000000	45.006100	11.483677	0.690499	12.174200
27.000000	45.006100	11.531065	0.733598	12.264600
33.000000	45.006100	11.503130	0.705011	12.208200
39.000000	45.006100	11.665990	0.742753	12.408700
45.000000	45.006100	11.530160	0.741549	12.271700
51.000000	45.006100	11.450427	0.713528	12.164000
57.000000	45.006100	11.470784	0.757155	12.228000
63.000000	45.006100	11.381890	0.741665	12.123500
69.000000	45.006100	11.529142	0.693232	12.222400
75.000000	45.006100	11.470219	0.714782	12.185000
81.000000	45.006100	11.656038	0.758659	12.414700
87.000000	45.006100	11.486731	0.696146	12.182900
93.000000	45.006100	11.659431	0.716958	12.376400
99.000000	45.006100	11.655585	0.730203	12.385700
105.000000	45.006100	11.487296	0.721087	12.208400
111.000000	45.006100	11.589084	0.758414	12.347500
117.000000	45.006100	11.497928	0.747318	12.245200
123.000000	45.006100	11.545994	0.757950	12.303900
129.000000	45.006100	11.591120	0.785900	12.377100
135.000000	45.006100	11.628781	0.706173	12.335000
141.000000	45.006100	11.462302	0.750556	12.212900
147.000000	45.006100	11.436742	0.727300	12.164000
153.000000	45.006100	11.605822	0.709439	12.315300
159.000000	45.006100	11.537625	0.718693	12.256400
165.000000	45.006100	11.523148	0.728991	12.252100
171.000000	45.006100	11.387545	0.708489	12.096000
177.000000	45.006100	11.510255	0.710739	12.220900
183.000000	45.006100	11.604691	0.760405	12.365100
189.000000	45.006100	11.644162	0.729863	12.374000
195.000000	45.006100	11.500642	0.705852	12.206500
201.000000	45.006100	11.422492	0.690429	12.113000
207.000000	45.006100	11.635341	0.726114	12.361500
213.000000	45.006100	11.591007	0.773959	12.365000
219.000000	45.006100	11.635115	0.715131	12.350300
225.000000	45.006100	11.562732	0.699320	12.262000
231.000000	45.006100	11.475534	0.725829	12.201300
237.000000	45.006100	11.574042	0.710874	12.284900
243.000000	45.006100	11.544863	0.682162	12.227000
249.000000	45.006100	11.540452	0.719047	12.259400
255.000000	45.006100	11.488540	0.740446	12.228900
261.000000	45.006100	11.528690	0.699585	12.228300
267.000000	45.006100	11.479153	0.684851	12.164000
273.000000	45.006100	11.603900	0.716288	12.320200
279.000000	45.006100	11.442171	0.746461	12.188700
285.000000	45.006100	11.584334	0.722078	12.306400
291.000000	45.006100	11.541131	0.727199	12.268300
297.000000	45.006100	11.516589	0.720888	12.237500
303.000000	45.006100	11.510934	0.688466	12.199400
309.000000	45.006100	11.434706	0.703937	12.138600
315.000000	45.006100	11.510481	0.729646	12.240200
321.000000	45.006100	11.479719	0.680947	12.160600
327.000000	45.006100	11.490915	0.731143	12.222000
333.000000	45.006100	11.612948	0.683145	12.296100
339.000000	45.006100	11.382116	0.706795	12.089000
345.000000	45.006100	11.530160	0.722693	12.252800
351.000000	45.006100	11.453706	0.738737	12.192400
357.000000	45.006100	11.592138	0.720524	12.312700
2.812500	48.189700	11.779766	1.044850	12.824600
8.437500	48.189700	11.669722	1.069701	12.739400
14.062500	48.189700	11.772415	1.048199	12.820600
19.687500	48.189700	11.660901	1.030147	12.691100
25.312500	48.189700	11.890828	1.002964	12.893800
30.937500	48.189700	11.737581	1.061318	12.798900
36.562500	48.189700	11.715527	1.038383	12.753900
42.187500	48.189700	11.845249	1.048776	12.894100
47.812500	48.189700	11.867303	1.033882	12.901200
53.437500	48.189700	11.751492	1.004302	12.755800
59.062500	48.189700	11.615096	1.035313	12.650400
64.687500	48.189700	11.933352	1.039323	12.972600
70.312500	48.189700	11.801028	1.022367	12.823400
75.937500	48.189700	11.759635	1.047374	12.807000
81.562500	48.189700	11.907227	1.050635	12.957800
87.187500	48.189700	11.808719	1.053411	12.862200
92.812500	48.189700	11.902477	1.048305	12.950700
98.437500	48.189700	11.638168	1.001029	12.639200
104.062000	48.189700	11.647442	1.056276	12.703700
109.688000	48.189700	11.796165	1.080244	12.876400
115.312000	48.189700	11.649026	1.006408	12.655500
120.938000	48.189700	11.860404	1.070099	12.930500
126.562000	48.189700	11.915257	1.030542	12.945800
132.188000	48.189700	11.620751	1.091257	12.712100
137.812000	48.189700	11.833148	1.044669	12.877800
143.437000	48.189700	11.750700	1.013832	12.764500
149.062000	48.189700	11.871601	1.092127	12.963700
154.688000	48.189700	11.666556	1.035707	12.702200
160.312000	48.189700	11.828737	0.988275	12.817000
165.938000	48.189700	11.921703	1.053041	12.974800
171.562000	48.189700	11.817201	1.027205	12.844400
177.188000	48.189700	11.512856	1.031609	12.544400
182.812000	48.189700	11.822630	1.014438	12.837100
188.438000	48.189700	11.936293	0.998262	12.934500
194.062000	48.189700	11.782141	1.050544	12.832700
199.687000	48.189700	11.709759	1.025316	12.735100
205.312000	48.189700	11.807249	1.066693	12.873900
210.938000	48.189700	11.737468	1.032191	12.769600
216.562000	48.189700	11.717789	0.977087	12.694900
222.188000	48.189700	11.744027	1.034420	12.778500
227.812000	48.189700	11.779879	1.056428	12.836300
233.438000	48.189700	11.911751	1.112389	13.024200
239.062000	48.189700	11.860291	1.039663	12.900000
244.687000	48.189700	11.790284	1.073604	12.863900
250.312000	48.189700	11.762575	1.007983	12.770600
255.937000	48.189700	11.770944	1.005314	12.776300
261.562000	48.189700	11.725932	1.025837	12.751800
267.188000	48.189700	11.797635	1.017355	12.815000
272.812000	48.189700	11.759295	1.021640	12.781000
278.438000	48.189700	11.693699	1.031832	12.725500
284.062000	48.189700	11.809058	1.043771	12.852800
289.688000	48.189700	11.696187	1.052154	12.748300
295.312000	48.189700	11.728872	1.024241	12.753100
300.938000	48.189700	11.740408	1.035152	12.775600
306.562000	48.189700	11.828737	1.006060	12.834800
312.187000	48.189700	11.854750	1.083366	12.938100
317.812000	48.189700	11.715979	1.042341	12.758300
323.438000	48.189700	11.650722	1.070190	12.720900
329.062000	48.189700	11.746742	1.054923	12.801700
334.688000	48.189700	11.766534	1.088899	12.855400
340.312000	48.189700	11.759069	1.024975	12.784000
345.938000	48.189700	11.825118	1.037978	12.863100
351.562000	48.189700	11.893768	1.048221	12.942000
357.187000	48.189700	11.816410	1.000182	12.816600
0.000000	51.317800	11.608876	1.450892	13.059800
5.625000	51.317800	11.742557	1.409068	13.151600
11.250000	51.317800	11.530386	1.465380	12.995700
16.875000	51.317800	11.347960	1.485658	12.833600
22.500000	51.317800	11.507088	1.451367	12.958500
28.125000	51.317800	11.494648	1.417166	12.911800
33.750000	51.317800	11.588066	1.439005	13.027100
39.375000	51.317800	11.610572	1.377051	12.987600
45.000000	51.317800	11.636698	1.416363	13.053000
50.625000	51.317800	11.868095	1.453708	13.321800
56.250000	51.317800	11.773772	1.400360	13.174100
61.875000	51.317800	11.598923	1.398743	12.997700
67.500000	51.317800	11.622674	1.484029	13.106700
73.125000	51.317800	11.683633	1.379957	13.063500
78.750000	51.317800	11.643371	1.427458	13.070800
84.375000	51.317800	11.507767	1.383972	12.891700
90.000000	51.317800	11.499398	1.348233	12.847600
95.625000	51.317800	11.556060	1.392748	12.948800
101.250000	51.317800	11.505392	1.448833	12.954200
106.875000	51.317800	11.697431	1.422572	13.120000
112.500000	51.317800	11.594852	1.417166	13.012000
118.125000	51.317800	11.449635	1.367268	12.816900
123.750000	51.317800	11.640091	1.383056	13.023200
129.375000	51.317800	11.739843	1.467879	13.207800
135.000000	51.317800	11.617698	1.395542	13.013300
140.625000	51.317800	11.681937	1.392409	13.074300
146.250000	51.317800	11.502451	1.406546	12.909000
151.875000	51.317800	11.550744	1.440984	12.991800
157.500000	51.317800	11.651740	1.448992	13.100700
163.125000	51.317800	11.438325	1.305528	12.743900
168.750000	51.317800	11.419325	1.423353	12.842600
174.375000	51.317800	11.541131	1.433938	12.975100
180.000000	51.317800	11.417289	1.451876	12.869200
185.625000	51.317800	11.777843	1.419847	13.197700
191.250000	51.317800	11.580715	1.462609	13.043300
196.875000	51.317800	11.607971	1.428996	13.036900
202.500000	51.317800	11.699919	1.419089	13.119000
208.125000	51.317800	11.575060	1.417211	12.992300
213.750000	51.317800	11.374538	1.432604	12.807100
219.375000	51.317800	11.586935	1.426576	13.013600
225.000000	51.317800	11.609215	1.403018	13.012200
230.625000	51.317800	11.544863	1.397815	12.942700
236.250000	51.317800	11.554363	1.419168	12.973500
241.875000	51.317800	11.515458	1.488033	13.003500
247.500000	51.317800	11.538077	1.351389	12.889500
253.125000	51.317800	11.645067	1.411387	13.056400
258.750000	51.317800	11.600281	1.397340	12.997600
264.375000	51.317800	11.419212	1.441199	12.860400
270.000000	51.317800	11.530726	1.437648	12.968400
275.625000	51.317800	11.535250	1.410380	12.945600
281.250000	51.317800	11.584899	1.436280	13.021200
286.875000	51.317800	11.747873	1.378374	13.126200
292.500000	51.317800	11.590102	1.403832	12.993900
298.125000	51.317800	11.481189	1.432683	12.913900
303.750000	51.317800	11.752170	1.376225	13.128400
309.375000	51.317800	11.574042	1.498381	13.072400
315.000000	51.317800	11.650609	1.431541	13.082200
320.625000	51.317800	11.596661	1.459555	13.056200
326.250000	51.317800	11.444546	1.411070	12.855600
331.875000	51.317800	11.448730	1.435624	12.884400
337.500000	51.317800	11.795260	1.430025	13.225300
343.125000	51.317800	11.653210	1.433859	13.087100
348.750000	51.317800	11.512743	1.410855	12.923600
354.375000	51.317800	11.287386	1.432152	12.719500
2.812500	54.314700	11.359496	1.753280	13.112700
8.437500	54.314700	11.317085	1.797513	13.114600
14.062500	54.314700	11.287589	1.835083	13.122700
19.687500	54.314700	11.243549	1.785535	13.029100
25.312500	54.314700	11.208263	1.774418	12.982700
30.937500	54.314700	11.372616	1.806176	13.178800
36.562500	54.314700	11.470332	1.845726	13.316100
42.187500	54.314700	11.359383	1.821410	13.180800
47.812500	54.314700	11.195313	1.819827	13.015100
53.437500	54.314700	11.463207	1.794640	13.257900
59.062500	54.314700	11.405188	1.757295	13.162500
64.687500	54.314700	11.238686	1.796608	13.035300
70.312500	54.314700	11.373407	1.779451	13.152900
75.937500	54.314700	11.423849	1.750475	13.174400
81.562500	54.314700	11.462528	1.758664	13.221200
87.187500	54.314700	11.511499	1.852263	13.363800
92.812500	54.314700	11.403831	1.867893	13.271700
98.437500	54.314700	11.544976	1.836350	13.381300
104.062000	54.314700	11.285768	1.815913	13.101700
109.688000	54.314700	11.282149	1.846065	13.128200
115.312000	54.314700	11.281290	1.784766	13.066100
120.938000	54.314700	11.320704	1.775402	13.096100
126.562000	54.314700	11.328960	1.813290	13.142300
132.188000	54.314700	11.408241	1.805757	13.214000
137.812000	54.314700	11.318103	1.843769	13.161900
143.437000	54.314700	11.412539	1.762509	13.175000
149.062000	54.314700	11.368770	1.738555	13.107300
154.688000	54.314700	11.220319	1.802229	13.022500
160.312000	54.314700	11.232545	1.788770	13.021300
165.938000	54.314700	11.313805	1.806606	13.120400
171.562000	54.314700	11.241592	1.846653	13.088300
177.188000	54.314700	11.387545	1.809286	13.196800
182.812000	54.314700	11.379515	1.838171	13.217700
188.438000	54.314700	11.165749	1.850148	13.015900
194.062000	54.314700	11.220262	1.810315	13.030600
199.687000	54.314700	11.271631	1.857431	13.129100
205.312000	54.314700	11.339365	1.816049	13.155400
210.938000	54.314700	11.289840	1.803710	13.093600
216.562000	54.314700	11.190913	1.800476	12.991400
222.188000	54.314700	11.390146	1.768367	13.158600
227.812000	54.314700	11.215716	1.792909	13.008600
233.438000	54.314700	11.198174	1.800962	12.999100
239.062000	54.314700	11.198276	1.830989	13.029300
244.687000	54.314700	11.269154	1.814183	13.083300
250.312000	54.314700	11.377479	1.851064	13.228600
255.937000	54.314700	11.355764	1.790014	13.145800
261.562000	54.314700	11.160162	1.795601	12.955800
267.188000	54.314700	11.397723	1.862894	13.260600
272.812000	54.314700	11.262120	1.824859	13.087000
278.438000	54.314700	11.277501	1.873684	13.151200
284.062000	54.314700	11.441831	1.808573	13.250400
289.688000	54.314700	11.368544	1.795352	13.163900
295.312000	54.314700	11.366395	1.772303	13.138700
300.938000	54.314700	11.234705	1.763527	12.998200
306.562000	54.314700	11.176143	1.805135	12.981300
312.187000	54.314700	11.327151	1.775085	13.102300
317.812000	54.314700	11.241875	1.794911	13.036800
323.438000	54.314700	11.153490	1.890286	13.043800
329.062000	54.314700	11.325002	1.781272	13.106300
334.688000	54.314700	11.263375	1.841044	13.104400
340.312000	54.314700	11.253468	1.769170	13.022600
345.938000	54.314700	11.263070	1.784552	13.047600
351.562000	54.314700	11.417628	1.839879	13.257500
357.187000	54.314700	11.399533	1.852874	13.252400
0.000000	57.202800	10.926401	2.204968	13.131400
5.625000	57.202800	11.132691	2.191170	13.323900
11.250000	57.202800	11.217672	2.207219	13.424900
16.875000	57.202800	11.004427	2.246260	13.250700
22.500000	57.202800	11.127749	2.287156	13.414900
28.125000	57.202800	11.080123	2.214265	13.294400
33.750000	57.202800	11.170907	2.193998	13.364900
39.375000	57.202800	11.074333	2.177011	13.251300
45.000000	57.202800	10.800513	2.205025	13.005500
50.625000	57.202800	11.147733	2.323698	13.471400
56.250000	57.202800	10.993151	2.221571	13.214700
61.875000	57.202800	11.076934	2.136092	13.213000
67.500000	57.202800	11.135224	2.153102	13.288300
73.125000	57.202800	11.051985	2.256461	13.308500
78.750000	57.202800	11.017535	2.247380	13.264900
84.375000	57.202800	10.943298	2.173075	13.116400
90.000000	57.202800	10.977420	2.224014	13.201400
95.625000	57.202800	11.141648	2.194348	13.336000
101.250000	57.202800	10.949439	2.266437	13.215900
106.875000	57.202800	11.177749	2.143342	13.321100
112.500000	57.202800	11.236367	2.272691	13.509100
118.125000	57.202800	11.327716	2.340911	13.668700
123.750000	57.202800	11.157154	2.202842	13.360000
129.375000	57.202800	11.047291	2.242064	13.289400
135.000000	57.202800	11.025848	2.250105	13.275900
140.625000	57.202800	10.865962	2.147277	13.013200
146.250000	57.202800	11.156588	2.232655	13.389200
151.875000	57.202800	11.043785	2.190198	13.234000
157.500000	57.202800	11.112922	2.202163	13.315100
163.125000	57.202800	10.827045	2.186635	13.013700
168.750000	57.202800	11.180192	2.209198	13.389400
174.375000	57.202800	10.845367	2.214321	13.059700
180.000000	57.202800	11.087509	2.216651	13.304200
185.625000	57.202800	11.122716	2.206472	13.329200
191.250000	57.202800	10.996250	2.202661	13.198900
196.875000	57.202800	10.891579	2.231128	13.122700
202.500000	57.202800	11.191366	2.227633	13.419000
208.125000	57.202800	11.005909	2.198703	13.204600
213.750000	57.202800	11.129671	2.282293	13.412000
219.375000	57.202800	11.031130	2.201281	13.232400
225.000000	57.202800	11.129977	2.187574	13.317600
230.625000	57.202800	11.093876	2.170462	13.264300
236.250000	57.202800	10.923088	2.163484	13.086600
241.875000	57.202800	10.958148	2.216606	13.174800
247.500000	57.202800	10.965454	2.208474	13.173900
253.125000	57.202800	11.295777	2.211720	13.507500
258.750000	57.202800	10.844010	2.197119	13.041100
264.375000	57.202800	11.090415	2.197798	13.288200
270.000000	57.202800	10.993299	2.118290	13.111600
275.625000	57.202800	11.155310	2.172577	13.327900
281.250000	57.202800	11.123892	2.207275	13.331200
286.875000	57.202800	10.974852	2.175043	13.149900
292.500000	57.202800	11.088436	2.143409	13.231800
298.125000	57.202800	11.141388	2.165237	13.306600
303.750000	57.202800	10.959222	2.176999	13.136200
309.375000	57.202800	11.066088	2.338774	13.404900
315.000000	57.202800	11.089940	2.165056	13.255000
320.625000	57.202800	10.916200	2.315860	13.232100
326.250000	57.202800	10.977137	2.207660	13.184800
331.875000	57.202800	11.095482	2.238502	13.334000
337.500000	57.202800	11.029671	2.233684	13.263400
343.125000	57.202800	10.952380	2.260691	13.213100
348.750000	57.202800	11.151737	2.246565	13.398300
354.375000	57.202800	11.201398	2.145830	13.347200
2.812500	60.000000	10.846555	2.680565	13.527100
8.437500	60.000000	10.681455	2.686096	13.367600
14.062500	60.000000	10.851735	2.625702	13.477400
19.687500	60.000000	10.592029	2.658737	13.250800
25.312500	60.000000	10.644314	2.582883	13.227200
30.937500	60.000000	10.604854	2.658613	13.263500
36.562500	60.000000	10.674081	2.659043	13.333100
42.187500	60.000000	10.774127	2.683675	13.457800
47.812500	60.000000	10.906089	2.645573	13.551700
53.437500	60.000000	10.760069	2.731787	13.491900
59.062500	60.000000	10.865770	2.650753	13.516500
64.687500	60.000000	10.889373	2.630678	13.520100
70.312500	60.000000	10.855693	2.642700	13.498400
75.937500	60.000000	10.787246	2.637385	13.424600
81.562500	60.000000	10.798477	2.695064	13.493500
87.187500	60.000000	10.858916	2.642338	13.501200
92.812500	60.000000	10.736681	2.713171	13.449900
98.437500	60.000000	10.735097	2.582679	13.317800
104.062000	60.000000	10.790210	2.742169	13.532400
109.688000	60.000000	10.646870	2.676177	13.323100
115.312000	60.000000	10.885064	2.652856	13.537900
120.938000	60.000000	10.660001	2.661689	13.321700
126.562000	60.000000	10.730867	2.682771	13.413600
132.188000	60.000000	10.818099	2.684071	13.502200
137.812000	60.000000	10.757332	2.664302	13.421600
143.437000	60.000000	10.664287	2.629129	13.293400
149.062000	60.000000	10.757852	2.706623	13.464500
154.688000	60.000000	10.746803	2.661463	13.408300
160.312000	60.000000	10.710928	2.607776	13.318700
165.938000	60.000000	10.630720	2.692655	13.323400
171.562000	60.000000	10.833503	2.602098	13.435600
177.188000	60.000000	10.803125	2.691162	13.494300
182.812000	60.000000	10.641464	2.654926	13.296400
188.438000	60.000000	10.775258	2.667582	13.442800
194.062000	60.000000	10.597333	2.652257	13.249600
199.687000	60.000000	10.711064	2.693911	13.405000
205.312000	60.000000	10.888050	2.668882	13.556900
210.938000	60.000000	10.699562	2.686491	13.386100
216.562000	60.000000	10.691679	2.610207	13.301900
222.188000	60.000000	10.568075	2.670183	13.238300
227.812000	60.000000	10.774387	2.626165	13.400600
233.438000	60.000000	10.752820	2.657946	13.410800
239.062000	60.000000	10.877193	2.638357	13.515600
244.687000	60.000000	10.751180	2.749566	13.500700
250.312000	60.000000	10.857774	2.699419	13.557200
255.937000	60.000000	10.768314	2.694759	13.463100
261.562000	60.000000	10.622045	2.589137	13.211200
267.188000	60.000000	10.604255	2.676030	13.280300
272.812000	60.000000	10.850615	2.669595	13.520200
278.438000	60.000000	10.863033	2.580825	13.443900
284.062000	60.000000	10.835222	2.634105	13.469300
289.688000	60.000000	10.770610	2.595041	13.365700
295.312000	60.000000	10.868224	2.675238	13.543500
300.938000	60.000000	10.628220	2.665535	13.293800
306.562000	60.000000	10.788581	2.615059	13.403600
312.187000	60.000000	10.799337	2.689308	13.488600
317.812000	60.000000	10.841013	2.688878	13.529900
323.438000	60.000000	10.799122	2.687690	13.486800
329.062000	60.000000	10.744518	2.697880	13.442400
334.688000	60.000000	10.690220	2.644747	13.335000
340.312000	60.000000	10.645773	2.680339	13.326100
345.938000	60.000000	10.767093	2.597631	13.364700
351.562000	60.000000	10.771322	2.660728	13.432000
357.187000	60.000000	10.801565	2.675487	13.477000
0.000000	62.720400	10.467260	3.184380	13.651600
5.625000	62.720400	10.478615	3.048573	13.527200
11.250000	62.720400	10.508326	3.140792	13.649100
16.875000	62.720400	10.588534	3.161987	13.750500
22.500000	62.720400	10.571830	3.054646	13.626500
28.125000	62.720400	10.408811	3.049274	13.458100
33.750000	62.720400	10.541441	3.263277	13.804700
39.375000	62.720400	10.542436	3.059260	13.601700
45.000000	62.720400	10.520246	3.112552	13.632800
50.625000	62.720400	10.562782	3.142059	13.704800
56.250000	62.720400	10.439348	3.119145	13.558500
61.875000	62.720400	10.549833	3.061511	13.611300
67.500000	62.720400	10.392752	3.110211	13.503000
73.125000	62.720400	10.412623	3.084651	13.497300
78.750000	62.720400	10.406052	3.087071	13.493100
84.375000	62.720400	10.363131	3.135239	13.498400
90.000000	62.720400	10.654233	3.121848	13.776100
95.625000	62.720400	10.325775	3.051977	13.377800
101.250000	62.720400	10.450069	3.044637	13.494700
106.875000	62.720400	10.383353	3.127164	13.510500
112.500000	62.720400	10.425833	3.134029	13.559900
118.125000	62.720400	10.424543	3.139005	13.563500
123.750000	62.720400	10.492651	3.114836	13.607500
129.375000	62.720400	10.472451	3.129765	13.602200
135.000000	62.720400	10.284167	3.146243	13.430400
140.625000	62.720400	10.406097	3.133328	13.539400
146.250000	62.720400	10.313210	3.080489	13.393700
151.875000	62.720400	10.461074	3.141109	13.602200
157.500000	62.720400	10.404989	3.054635	13.459600
163.125000	62.720400	10.489981	3.138971	13.628900
168.750000	62.720400	10.592504	3.117980	13.710500
174.375000	62.720400	10.414704	3.184459	13.599200
180.000000	62.720400	10.587234	3.091629	13.678900
185.625000	62.720400	10.445987	3.141934	13.587900
191.250000	62.720400	10.606223	3.109091	13.715300
196.875000	62.720400	10.423661	3.126406	13.550100
202.500000	62.720400	10.520031	3.061409	13.581400
208.125000	62.720400	10.447084	3.062540	13.509600
213.750000	62.720400	10.414500	3.140996	13.555500
219.375000	62.720400	10.506844	3.099093	13.605900
225.000000	62.720400	10.582111	3.066261	13.648400
230.625000	62.720400	10.325527	3.227968	13.553500
236.250000	62.720400	10.510916	3.107960	13.618900
241.875000	62.720400	10.492617	3.106976	13.599600
247.500000	62.720400	10.432958	3.102192	13.535200
253.125000	62.720400	10.555872	3.116578	13.672500
258.750000	62.720400	10.485243	3.160426	13.645700
264.375000	62.720400	10.377778	3.166544	13.544300
270.000000	62.720400	10.535039	3.144671	13.679700
275.625000	62.720400	10.615983	3.170401	13.786400
281.250000	62.720400	10.466502	3.134809	13.601300
286.875000	62.720400	10.641283	3.157621	13.798900
292.500000	62.720400	10.474091	3.197035	13.671100
298.125000	62.720400	10.522045	3.155992	13.678000
303.750000	62.720400	10.318051	3.078600	13.396700
309.375000	62.720400	10.488489	3.092997	13.581500
315.000000	62.720400	10.598702	3.104861	13.703600
320.625000	62.720400	10.610317	3.154534	13.764900
326.250000	62.720400	10.528717	3.050688	13.579400
331.875000	62.720400	10.562918	2.999059	13.562000
337.500000	62.720400	10.534033	3.150010	13.684100
343.125000	62.720400	10.653882	3.094072	13.748000
348.750000	62.720400	10.512058	3.199003	13.711100
354.375000	62.720400	10.508880	3.042986	13.551900
2.812500	65.375700	10.181633	3.522496	13.704100
8.437500	65.375700	10.105484	3.523355	13.628800
14.062500	65.375700	10.146641	3.649628	13.796300
19.687500	65.375700	10.217168	3.553903	13.771100
25.312500	65.375700	10.158029	3.509388	13.667400
30.937500	65.375700	10.207543	3.588330	13.795900
36.562500	65.375700	10.125446	3.597966	13.723400
42.187500	65.375700	10.281905	3.575584	13.857500
47.812500	65.375700	10.141121	3.549266	13.690400
53.437500	65.375700	10.284721	3.676263	13.961000
59.062500	65.375700	10.318899	3.552093	13.871000
64.687500	65.375700	10.232221	3.536169	13.768400
70.312500	65.375700	10.276216	3.616853	13.893100
75.937500	65.375700	10.294809	3.565925	13.860700
81.562500	65.375700	10.166263	3.569420	13.735700
87.187500	65.375700	10.129789	3.639099	13.768900
92.812500	65.375700	10.052634	3.515416	13.568000
98.437500	65.375700	10.034810	3.682834	13.717600
104.062000	65.375700	10.093270	3.645478	13.738800
109.688000	65.375700	10.366253	3.578615	13.944900
115.312000	65.375700	10.086450	3.575437	13.661900
120.938000	65.375700	10.305882	3.588725	13.894600
126.562000	65.375700	10.209500	3.527348	13.736800
132.188000	65.375700	10.108866	3.487232	13.596100
137.812000	65.375700	10.269295	3.647841	13.917100
143.437000	65.375700	10.178432	3.561458	13.739900
149.062000	65.375700	10.298994	3.440964	13.740000
154.688000	65.375700	10.335151	3.532708	13.867900
160.312000	65.375700	10.222959	3.560813	13.783800
165.938000	65.375700	10.128421	3.549051	13.677500
171.562000	65.375700	10.075389	3.659626	13.735000
177.188000	65.375700	10.220504	3.619228	13.839700
182.812000	65.375700	10.134381	3.544493	13.678900
188.438000	65.375700	10.267655	3.579010	13.846700
194.062000	65.375700	10.176272	3.512622	13.688900
199.687000	65.375700	10.226397	3.519996	13.746400
205.312000	65.375700	10.140137	3.599244	13.739400
210.938000	65.375700	10.226318	3.626229	13.852500
216.562000	65.375700	10.242038	3.610893	13.852900
222.188000	65.375700	10.120583	3.599436	13.720000
227.812000	65.375700	10.262056	3.523005	13.785100
233.438000	65.375700	9.998585	3.580107	13.578700
239.062000	65.375700	10.378083	3.629746	14.007800
244.687000	65.375700	10.093191	3.509637	13.602800
250.312000	65.375700	10.224361	3.608891	13.833300
255.937000	65.375700	10.207464	3.557205	13.764700
261.562000	65.375700	10.304276	3.664195	13.968500
267.188000	65.375700	10.139719	3.539766	13.679500
272.812000	65.375700	10.142241	3.684949	13.827200
278.438000	65.375700	10.034719	3.592933	13.627600
284.062000	65.375700	10.183318	3.586543	13.769900
289.688000	65.375700	10.108289	3.632144	13.740400
295.312000	65.375700	10.354796	3.531826	13.886600
300.938000	65.375700	10.225175	3.670902	13.896100
306.562000	65.375700	10.314364	3.635706	13.950100
312.187000	65.375700	10.285241	3.626500	13.911700
317.812000	65.375700	10.283850	3.521783	13.805600
323.438000	65.375700	10.145815	3.670619	13.816400
329.062000	65.375700	10.280333	3.538239	13.818600
334.688000	65.375700	10.209455	3.520336	13.729800
340.312000	65.375700	10.295477	3.544866	13.840300
345.938000	65.375700	10.315959	3.568832	13.884800
351.562000	65.375700	10.381804	3.473287	13.855100
357.187000	65.375700	10.138158	3.587628	13.725800
0.000000	67.975700	9.854250	3.926513	13.780800
5.625000	67.975700	9.853820	3.850885	13.704700
11.250000	67.975700	9.922210	4.011992	13.934200
16.875000	67.975700	9.961726	4.040187	14.001900
22.500000	67.975700	10.025231	4.008407	14.033600
28.125000	67.975700	9.807496	3.913541	13.721000
33.750000	67.975700	9.939333	4.072398	14.011700
39.375000	67.975700	9.929177	3.960047	13.889200
45.000000	67.975700	9.744930	3.966459	13.711400
50.625000	67.975700	9.819970	4.043773	13.863700
56.250000	67.975700	9.855573	4.020045	13.875600
61.875000	67.975700	9.867290	4.042890	13.910200
67.500000	67.975700	9.976022	3.987269	13.963300
73.125000	67.975700	10.045690	3.975575	14.021300
78.750000	67.975700	9.887738	4.030506	13.918200
84.375000	67.975700	9.889299	3.997550	13.886800
90.000000	67.975700	9.711860	3.958034	13.669900
95.625000	67.975700	9.970469	3.956439	13.926900
101.250000	67.975700	9.840452	3.965509	13.806000
106.875000	67.975700	9.987875	4.084295	14.072200
112.500000	67.975700	9.963909	3.983333	13.947200
118.125000	67.975700	9.722299	4.068122	13.790400
123.750000	67.975700	9.967856	3.982757	13.950600
129.375000	67.975700	9.907338	4.052900	13.960200
135.000000	67.975700	9.894343	4.053759	13.948100
140.625000	67.975700	9.773385	4.006100	13.779500
146.250000	67.975700	9.903029	3.986953	13.890000
151.875000	67.975700	9.826586	3.982745	13.809300
157.500000	67.975700	10.060110	4.028957	14.089100
163.125000	67.975700	9.935103	3.998545	13.933600
168.750000	67.975700	9.717561	4.040595	13.758200
174.375000	67.975700	10.000587	4.020656	14.021200
180.000000	67.975700	9.927401	4.037315	13.964700
185.625000	67.975700	10.004455	4.040776	14.045200
191.250000	67.975700	9.866566	4.085483	13.952000
196.875000	67.975700	9.650279	3.993897	13.644200
202.500000	67.975700	9.936675	3.948318	13.885000
208.125000	67.975700	9.902418	4.053454	13.955900
213.750000	67.975700	9.953063	3.924285	13.877300
219.375000	67.975700	9.835114	3.933932	13.769000
225.000000	67.975700	9.904669	4.146555	14.051200
230.625000	67.975700	9.912122	3.965249	13.877400
236.250000	67.975700	9.804679	3.997459	13.802100
241.875000	67.975700	9.959306	3.955806	13.915100
247.500000	67.975700	9.905042	3.924104	13.829100
253.125000	67.975700	9.792386	4.004878	13.797300
258.750000	67.975700	9.984538	4.039916	14.024500
264.375000	67.975700	9.817199	4.020282	13.837500
270.000000	67.975700	9.951570	3.886895	13.838500
275.625000	67.975700	9.904556	3.979330	13.883900
281.250000	67.975700	9.848346	4.004822	13.853200
286.875000	67.975700	9.758083	3.886737	13.644800
292.500000	67.975700	9.974269	4.031287	14.005600
298.125000	67.975700	10.076351	3.943625	14.020000
303.750000	67.975700	9.951276	4.041545	13.992800
309.375000	67.975700	9.948845	3.977396	13.926200
315.000000	67.975700	9.935182	4.019095	13.954300
320.625000	67.975700	9.871746	4.049631	13.921400
326.250000	67.975700	9.891255	3.976808	13.868100
331.875000	67.975700	9.959012	3.992788	13.951800
337.500000	67.975700	9.733111	4.018360	13.751500
343.125000	67.975700	9.776597	3.962761	13.739400
348.750000	67.975700	10.006389	3.895830	13.902200
354.375000	67.975700	10.020107	4.097188	14.117300
2.812500	70.528800	9.555028	4.414393	13.969400
8.437500	70.528800	9.651953	4.322863	13.974800
14.062500	70.528800	9.394340	4.291343	13.685700
19.687500	70.528800	9.445969	4.337034	13.783000
25.312500	70.528800	9.642306	4.439511	14.081800
30.937500	70.528800	9.486435	4.370262	13.856700
36.562500	70.528800	9.459461	4.402936	13.862400
42.187500	70.528800	9.573599	4.382827	13.956400
47.812500	70.528800	9.618397	4.344103	13.962500
53.437500	70.528800	9.780092	4.453456	14.233500
59.062500	70.528800	9.579288	4.390472	13.969800
64.687500	70.528800	9.535485	4.272173	13.807700
70.312500	70.528800	9.578768	4.364053	13.942800
75.937500	70.528800	9.509416	4.366745	13.876200
81.562500	70.528800	9.683202	4.389522	14.072700
87.187500	70.528800	9.536707	4.479435	14.016100
92.812500	70.528800	9.499871	4.400900	13.900800
98.437500	70.528800	9.577105	4.376788	13.953900
104.062000	70.528800	9.684367	4.326561	14.010900
109.688000	70.528800	9.604746	4.421427	14.026200
115.312000	70.528800	9.637838	4.343141	13.981000
120.938000	70.528800	9.535372	4.305502	13.840900
126.562000	70.528800	9.556239	4.340857	13.897100
132.188000	70.528800	9.702926	4.353761	14.056700
137.812000	70.528800	9.715955	4.361214	14.077200
143.437000	70.528800	9.737104	4.288210	14.025300
149.062000	70.528800	9.429298	4.311757	13.741100
154.688000	70.528800	9.659937	4.278642	13.938600
160.312000	70.528800	9.607653	4.375374	13.983000
165.938000	70.528800	9.694998	4.513432	14.208400
171.562000	70.528800	9.685893	4.387227	14.073100
177.188000	70.528800	9.514743	4.388697	13.903400
182.812000	70.528800	9.504440	4.391796	13.896200
188.438000	70.528800	9.703876	4.389952	14.093800
194.062000	70.528800	9.541366	4.453965	13.995300
199.687000	70.528800	9.487000	4.402302	13.889300
205.312000	70.528800	9.572468	4.514687	14.087200
210.938000	70.528800	9.570444	4.392893	13.963300
216.562000	70.528800	9.613681	4.413714	14.027400
222.188000	70.528800	9.552077	4.430735	13.982800
227.812000	70.528800	9.400752	4.424221	13.825000
233.438000	70.528800	9.553355	4.371257	13.924600
239.062000	70.528800	9.672480	4.515762	14.188200
244.687000	70.528800	9.456306	4.459959	13.916300
250.312000	70.528800	9.510366	4.440314	13.950700
255.937000	70.528800	9.541298	4.418690	13.960000
261.562000	70.528800	9.691605	4.309574	14.001200
267.188000	70.528800	9.762913	4.316100	14.079000
272.812000	70.528800	9.682840	4.314392	13.997200
278.438000	70.528800	9.612640	4.382816	13.995500
284.062000	70.528800	9.633586	4.335066	13.968700
289.688000	70.528800	9.602914	4.432138	14.035100
295.312000	70.528800	9.481040	4.426336	13.907400
300.938000	70.528800	9.484105	4.420059	13.904200
306.562000	70.528800	9.657268	4.361078	14.018300
312.187000	70.528800	9.577184	4.272331	13.849500
317.812000	70.528800	9.714575	4.372716	14.087300
323.438000	70.528800	9.590880	4.401794	13.992700
329.062000	70.528800	9.656431	4.277703	13.934100
334.688000	70.528800	9.662482	4.393515	14.056000
340.312000	70.528800	9.505616	4.477343	13.983000
345.938000	70.528800	9.395900	4.326957	13.722900
351.562000	70.528800	9.562719	4.389590	13.952300
357.187000	70.528800	9.501341	4.440495	13.941800
0.000000	73.042200	9.298818	4.799862	14.098700
5.625000	73.042200	9.056812	4.687783	13.744600
11.250000	73.042200	9.135991	4.756806	13.892800
16.875000	73.042200	9.285303	4.722311	14.007600
22.500000	73.042200	9.161054	4.825049	13.986100
28.125000	73.042200	9.283459	4.721033	14.004500
33.750000	73.042200	9.294882	4.748493	14.043400
39.375000	73.042200	9.207944	4.676937	13.884900
45.000000	73.042200	9.326956	4.711341	14.038300
50.625000	73.042200	9.270543	4.689841	13.960400
56.250000	73.042200	9.283685	4.823873	14.107600
61.875000	73.042200	9.188288	4.796707	13.985000
67.500000	73.042200	9.308205	4.794852	14.103100
73.125000	73.042200	9.258668	4.843156	14.101800
78.750000	73.042200	9.335178	4.804465	14.139600
84.375000	73.042200	9.210918	4.863604	14.074500
90.000000	73.042200	9.266709	4.770050	14.036800
95.625000	73.042200	9.313826	4.746152	14.060000
101.250000	73.042200	9.283369	4.631291	13.914700
106.875000	73.042200	9.337746	4.711624	14.049400
112.500000	73.042200	9.340404	4.732682	14.073100
118.125000	73.042200	9.410795	4.703458	14.114300
123.750000	73.042200	9.355683	4.790622	14.146300
129.375000	73.042200	9.300842	4.641356	13.942200
135.000000	73.042200	9.281853	4.803911	14.085800
140.625000	73.042200	9.291331	4.791256	14.082600
146.250000	73.042200	9.264266	4.725071	13.989300
151.875000	73.042200	9.210262	4.887501	14.097800
157.500000	73.042200	9.256293	4.792997	14.049300
163.125000	73.042200	9.386378	4.771938	14.158300
168.750000	73.042200	9.068823	4.746028	13.814800
174.375000	73.042200	9.369639	4.769055	14.138700
180.000000	73.042200	9.261416	4.627287	13.888700
185.625000	73.042200	9.181898	4.763637	13.945500
191.250000	73.042200	9.189724	4.753232	13.943000
196.875000	73.042200	9.253534	4.700676	13.954200
202.500000	73.042200	9.133990	4.654973	13.789000
208.125000	73.042200	9.286501	4.728916	14.015400
213.750000	73.042200	9.328709	4.766069	14.094800
219.375000	73.042200	9.421325	4.805393	14.226700
225.000000	73.042200	9.469312	4.712449	14.181800
230.625000	73.042200	9.273948	4.612924	13.886900
236.250000	73.042200	9.266506	4.828012	14.094500
241.875000	73.042200	9.339748	4.796616	14.136400
247.500000	73.042200	9.228901	4.701479	13.930400
253.125000	73.042200	9.244429	4.765797	14.010200
258.750000	73.042200	9.456588	4.741968	14.198600
264.375000	73.042200	9.244836	4.699500	13.944300
270.000000	73.042200	9.209844	4.845791	14.055600
275.625000	73.042200	9.142144	4.933702	14.075800
281.250000	73.042200	9.339024	4.735408	14.074400
286.875000	73.042200	9.088638	4.817596	13.906200
292.500000	73.042200	9.247392	4.833712	14.081100
298.125000	73.042200	9.228200	4.871475	14.099700
303.750000	73.042200	9.253149	4.748923	14.002100
309.375000	73.042200	9.134860	4.742624	13.877500
315.000000	73.042200	9.221504	4.728634	13.950100
320.625000	73.042200	9.183967	4.689660	13.873600
326.250000	73.042200	9.373451	4.892478	14.265900
331.875000	73.042200	9.373213	4.823511	14.196700
337.500000	73.042200	9.329026	4.661883	13.990900
343.125000	73.042200	9.174422	4.725286	13.899700
348.750000	73.042200	9.076502	4.635634	13.712100
354.375000	73.042200	9.280711	4.907124	14.187800
2.812500	75.522500	8.918483	5.039154	13.957600
8.437500	75.522500	8.907501	4.940465	13.848000
14.062500	75.522500	8.825064	5.091823	13.916900
19.687500	75.522500	8.910826	5.189991	14.100800
25.312500	75.522500	8.927101	5.119905	14.047000
30.937500	75.522500	8.813981	5.108675	13.922700
36.562500	75.522500	9.071277	5.057362	14.128600
42.187500	75.522500	8.906517	5.098530	14.005000
47.812500	75.522500	8.970010	5.011309	13.981300
53.437500	75.522500	8.929691	5.065505	13.995200
59.062500	75.522500	8.916175	5.185241	14.101400
64.687500	75.522500	8.818041	5.132120	13.950200
70.312500	75.522500	9.088525	5.181475	14.270000
75.937500	75.522500	8.979374	5.108980	14.088400
81.562500	75.522500	8.950467	5.242989	14.193400
87.187500	75.522500	8.894404	5.089629	13.984000
92.812500	75.522500	8.854209	5.034189	13.888400
98.437500	75.522500	9.025258	4.976735	14.002000
104.062000	75.522500	8.900647	5.144289	14.044900
109.688000	75.522500	8.858609	5.105542	13.964200
115.312000	75.522500	8.992516	5.127121	14.119600
120.938000	75.522500	9.030472	5.092750	14.123200
126.562000	75.522500	9.078097	5.087503	14.165600
132.188000	75.522500	8.766548	5.147207	13.913800
137.812000	75.522500	8.997334	5.062305	14.059600
143.437000	75.522500	8.848668	5.073139	13.921800
149.062000	75.522500	8.952254	4.945498	13.897700
154.688000	75.522500	9.057898	5.048020	14.105900
160.312000	75.522500	9.031184	5.118593	14.149800
165.938000	75.522500	8.832325	5.048914	13.881200
171.562000	75.522500	8.900692	5.137899	14.038600
177.188000	75.522500	8.779837	5.040036	13.819900
182.812000	75.522500	8.822045	5.165314	13.987400
188.438000	75.522500	8.884406	5.229983	14.114400
194.062000	75.522500	8.835073	5.199729	14.034800
199.687000	75.522500	8.893104	5.010167	13.903300
205.312000	75.522500	8.824046	5.030264	13.854300
210.938000	75.522500	8.822373	5.238691	14.061100
216.562000	75.522500	8.956891	5.030049	13.986900
222.188000	75.522500	8.996181	5.101572	14.097800
227.812000	75.522500	8.789224	5.035048	13.824300
233.438000	75.522500	8.982665	5.057113	14.039800
239.062000	75.522500	8.926829	5.089923	14.016800
244.687000	75.522500	8.844393	5.048823	13.893200
250.312000	75.522500	9.015859	5.060699	14.076600
255.937000	75.522500	8.983039	5.132086	14.115100
261.562000	75.522500	8.805453	5.136994	13.942400
267.188000	75.522500	8.825652	5.007893	13.833500
272.812000	75.522500	8.869772	5.061796	13.931600
278.438000	75.522500	8.992720	5.115245	14.108000
284.062000	75.522500	8.947650	5.011535	13.959200
289.688000	75.522500	8.834892	5.052714	13.887600
295.312000	75.522500	8.982111	5.083895	14.066000
300.938000	75.522500	8.916470	5.301279	14.217800
306.562000	75.522500	9.044473	5.071895	14.116400
312.187000	75.522500	8.800172	5.053347	13.853500
317.812000	75.522500	8.852796	5.113956	13.966700
323.438000	75.522500	9.013213	5.103325	14.116500
329.062000	75.522500	8.840412	4.940759	13.781200
334.688000	75.522500	8.842775	5.178682	14.021500
340.312000	75.522500	8.812047	5.041020	13.853100
345.938000	75.522500	8.808823	5.109862	13.918700
351.562000	75.522500	8.982055	4.965007	13.947100
357.187000	75.522500	8.933366	5.111423	14.044800
0.000000	77.975300	8.653563	5.365044	14.018600
5.625000	77.975300	8.532628	5.415689	13.948300
11.250000	77.975300	8.504004	5.472101	13.976100
16.875000	77.975300	8.576013	5.489620	14.065600
22.500000	77.975300	8.538962	5.447537	13.986500
28.125000	77.975300	8.496313	5.381160	13.877500
33.750000	77.975300	8.480875	5.481579	13.962500
39.375000	77.975300	8.564194	5.384202	13.948400
45.000000	77.975300	8.458787	5.433965	13.892700
50.625000	77.975300	8.632607	5.415180	14.047800
56.250000	77.975300	8.685344	5.347163	14.032500
61.875000	77.975300	8.515008	5.445591	13.960600
67.500000	77.975300	8.649277	5.447231	14.096500
73.125000	77.975300	8.468140	5.478491	13.946600
78.750000	77.975300	8.443723	5.516718	13.960400
84.375000	77.975300	8.564092	5.342854	13.906900
90.000000	77.975300	8.702602	5.500376	14.203000
95.625000	77.975300	8.662125	5.411176	14.073300
101.250000	77.975300	8.450791	5.536499	13.987300
106.875000	77.975300	8.553416	5.298011	13.851400
112.500000	77.975300	8.651268	5.476444	14.127700
118.125000	77.975300	8.576816	5.468844	14.045700
123.750000	77.975300	8.562995	5.411052	13.974000
129.375000	77.975300	8.536474	5.293046	13.829500
135.000000	77.975300	8.584585	5.495173	14.079800
140.625000	77.975300	8.374473	5.359762	13.734200
146.250000	77.975300	8.536598	5.392153	13.928700
151.875000	77.975300	8.620935	5.484486	14.105400
157.500000	77.975300	8.589743	5.385853	13.975600
163.125000	77.975300	8.496041	5.441633	13.937700
168.750000	77.975300	8.643215	5.399911	14.043100
174.375000	77.975300	8.454987	5.412431	13.867400
180.000000	77.975300	8.423094	5.537913	13.961000
185.625000	77.975300	8.479563	5.478537	13.958100
191.250000	77.975300	8.614850	5.483999	14.098800
196.875000	77.975300	8.576488	5.458258	14.034700
202.500000	77.975300	8.759784	5.491294	14.251100
208.125000	77.975300	8.555565	5.443918	13.999500
213.750000	77.975300	8.585762	5.452151	14.037900
219.375000	77.975300	8.551516	5.406528	13.958000
225.000000	77.975300	8.564126	5.361458	13.925600
230.625000	77.975300	8.493259	5.455962	13.949200
236.250000	77.975300	8.649322	5.350861	14.000200
241.875000	77.975300	8.654536	5.331499	13.986000
247.500000	77.975300	8.457441	5.450737	13.908200
253.125000	77.975300	8.583896	5.419138	14.003000
258.750000	77.975300	8.558030	5.443454	14.001500
264.375000	77.975300	8.561853	5.549528	14.111400
270.000000	77.975300	8.521952	5.463382	13.985300
275.625000	77.975300	8.451572	5.530505	13.982100
281.250000	77.975300	8.546144	5.300680	13.846800
286.875000	77.975300	8.467394	5.399278	13.866700
292.500000	77.975300	8.523207	5.416571	13.939800
298.125000	77.975300	8.417032	5.300714	13.717700
303.750000	77.975300	8.603405	5.466322	14.069700
309.375000	77.975300	8.602534	5.488003	14.090500
315.000000	77.975300	8.625040	5.433332	14.058400
320.625000	77.975300	8.352057	5.414365	13.766400
326.250000	77.975300	8.646506	5.512839	14.159300
331.875000	77.975300	8.484291	5.422723	13.907000
337.500000	77.975300	8.487401	5.388500	13.875900
343.125000	77.975300	8.544130	5.456822	14.001000
348.750000	77.975300	8.527822	5.360836	13.888700
354.375000	77.975300	8.637922	5.399470	14.037400
2.812500	80.405900	8.232785	5.820226	14.053000
8.437500	80.405900	8.161918	5.766539	13.928500
14.062500	80.405900	8.359397	5.726887	14.086300
19.687500	80.405900	8.136709	5.899496	14.036200
25.312500	80.405900	8.338881	5.720859	14.059700
30.937500	80.405900	8.333057	5.706507	14.039600
36.562500	80.405900	8.189333	5.828709	14.018000
42.187500	80.405900	8.254669	5.710002	13.964700
47.812500	80.405900	8.203097	5.757706	13.960800
53.437500	80.405900	8.223850	5.715329	13.939200
59.062500	80.405900	8.328363	5.772217	14.100600
64.687500	80.405900	8.166351	5.711110	13.877500
70.312500	80.405900	8.247883	5.669321	13.917200
75.937500	80.405900	8.345441	5.674580	14.020000
81.562500	80.405900	8.327176	5.784420	14.111600
87.187500	80.405900	8.236099	5.822387	14.058500
92.812500	80.405900	8.112438	5.707400	13.819800
98.437500	80.405900	8.276373	5.822522	14.098900
104.062000	80.405900	8.256004	5.727057	13.983100
109.688000	80.405900	8.185963	5.623618	13.809600
115.312000	80.405900	8.103266	5.755704	13.859000
120.938000	80.405900	8.296707	5.839034	14.135700
126.562000	80.405900	8.150608	5.692890	13.843500
132.188000	80.405900	8.357362	5.673415	14.030800
137.812000	80.405900	8.273047	5.698647	13.971700
143.437000	80.405900	8.304014	5.811868	14.115900
149.062000	80.405900	8.193348	5.729601	13.923000
154.688000	80.405900	8.203628	5.734284	13.937900
160.312000	80.405900	8.280297	5.818835	14.099100
165.938000	80.405900	8.277967	5.745808	14.023800
171.562000	80.405900	8.372279	5.699495	14.071800
177.188000	80.405900	8.209622	5.612840	13.822500
182.812000	80.405900	8.320085	5.757322	14.077400
188.438000	80.405900	8.122967	5.778618	13.901600
194.062000	80.405900	8.118794	5.737835	13.856600
199.687000	80.405900	8.220050	5.645118	13.865200
205.312000	80.405900	8.307610	5.791387	14.099000
210.938000	80.405900	8.363130	5.724546	14.087700
216.562000	80.405900	8.233859	5.750140	13.984000
222.188000	80.405900	8.168161	5.643331	13.811500
227.812000	80.405900	8.236234	5.645073	13.881300
233.438000	80.405900	8.257983	5.806055	14.064000
239.062000	80.405900	8.188948	5.791760	13.980700
244.687000	80.405900	8.234888	5.552287	13.787200
250.312000	80.405900	8.273884	5.703442	13.977300
255.937000	80.405900	8.220593	5.625190	13.845800
261.562000	80.405900	8.168941	5.733141	13.902100
267.188000	80.405900	8.072718	5.680823	13.753500
272.812000	80.405900	8.113897	5.818564	13.932500
278.438000	80.405900	8.055018	5.776933	13.832000
284.062000	80.405900	8.107575	5.845221	13.952800
289.688000	80.405900	8.197623	5.645887	13.843500
295.312000	80.405900	8.295904	5.782327	14.078200
300.938000	80.405900	8.202520	5.917083	14.119600
306.562000	80.405900	8.176643	5.787281	13.963900
312.187000	80.405900	8.268049	5.719129	13.987200
317.812000	80.405900	8.177130	5.627588	13.804700
323.438000	80.405900	8.276938	5.695932	13.972900
329.062000	80.405900	8.384166	5.762366	14.146500
334.688000	80.405900	8.287117	5.771414	14.058500
340.312000	80.405900	8.050823	5.697561	13.748400
345.938000	80.405900	8.270039	5.699619	13.969700
351.562000	80.405900	8.209577	5.621752	13.831300
357.187000	80.405900	8.280365	5.773438	14.053800
0.000000	82.819200	7.850346	6.011892	13.862200
5.625000	82.819200	7.837238	6.113103	13.950300
11.250000	82.819200	7.774243	5.966970	13.741200
16.875000	82.819200	7.877682	5.985971	13.863700
22.500000	82.819200	7.845822	6.057799	13.903600
28.125000	82.819200	7.942283	6.110400	14.052700
33.750000	82.819200	7.912878	5.961078	13.874000
39.375000	82.819200	8.000845	6.085655	14.086500
45.000000	82.819200	7.763159	6.086842	13.850000
50.625000	82.819200	7.804791	6.008748	13.813500
56.250000	82.819200	7.937261	6.102472	14.039700
61.875000	82.819200	7.871891	5.997597	13.869500
67.500000	82.819200	8.012596	6.066462	14.079100
73.125000	82.819200	7.818826	6.007448	13.826300
78.750000	82.819200	7.961001	6.062334	14.023300
84.375000	82.819200	7.953084	5.959461	13.912500
90.000000	82.819200	7.938777	5.908669	13.847400
95.625000	82.819200	7.823757	5.942462	13.766200
101.250000	82.819200	7.867424	6.038697	13.906100
106.875000	82.819200	7.904576	6.084410	13.989000
112.500000	82.819200	7.907913	6.044906	13.952800
118.125000	82.819200	7.869889	5.985100	13.855000
123.750000	82.819200	7.947237	5.972625	13.919900
129.375000	82.819200	7.956058	6.108093	14.064100
135.000000	82.819200	8.056749	6.029762	14.086500
140.625000	82.819200	7.900674	6.142045	14.042700
146.250000	82.819200	7.821099	5.977353	13.798500
151.875000	82.819200	7.841242	6.038697	13.879900
157.500000	82.819200	7.828643	5.950944	13.779600
163.125000	82.819200	7.896139	6.051477	13.947600
168.750000	82.819200	8.008321	6.085180	14.093500
174.375000	82.819200	7.972548	6.081560	14.054100
180.000000	82.819200	8.032331	5.954846	13.987200
185.625000	82.819200	8.021983	6.050097	14.072100
191.250000	82.819200	7.961996	6.091581	14.053600
196.875000	82.819200	7.990383	6.127342	14.117700
202.500000	82.819200	7.895868	6.110988	14.006900
208.125000	82.819200	7.731741	6.016156	13.747900
213.750000	82.819200	7.802777	5.961202	13.764000
219.375000	82.819200	7.998560	6.086220	14.084800
225.000000	82.819200	7.953898	6.016846	13.970700
230.625000	82.819200	7.866530	5.979976	13.846500
236.250000	82.819200	7.935180	6.067706	14.002900
241.875000	82.819200	7.959191	6.042225	14.001400
247.500000	82.819200	7.970456	6.098661	14.069100
253.125000	82.819200	7.833743	6.156114	13.989900
258.750000	82.819200	7.898345	6.177048	14.075400
264.375000	82.819200	7.937341	6.062798	14.000100
270.000000	82.819200	7.956262	6.125137	14.081400
275.625000	82.819200	8.025511	6.126268	14.151800
281.250000	82.819200	7.756419	5.949033	13.705500
286.875000	82.819200	8.061804	6.194963	14.256800
292.500000	82.819200	7.766462	6.003150	13.769600
298.125000	82.819200	7.975963	6.067389	14.043400
303.750000	82.819200	7.964608	5.919515	13.884100
309.375000	82.819200	7.846241	6.017570	13.863800
315.000000	82.819200	7.915366	6.040189	13.955600
320.625000	82.819200	7.906725	6.044928	13.951700
326.250000	82.819200	7.835202	6.086944	13.922100
331.875000	82.819200	8.034220	6.118532	14.152800
337.500000	82.819200	7.833947	6.133574	13.967500
343.125000	82.819200	7.883348	6.230385	14.113700
348.750000	82.819200	7.937974	5.960411	13.898400
354.375000	82.819200	7.929401	6.044329	13.973700
2.812500	85.219800	7.591851	6.348334	13.940200
8.437500	85.219800	7.696556	6.423114	14.119700
14.062500	85.219800	7.511111	6.241808	13.752900
19.687500	85.219800	7.544735	6.522855	14.067600
25.312500	85.219800	7.501644	6.243210	13.744900
30.937500	85.219800	7.642111	6.492013	14.134100
36.562500	85.219800	7.492879	6.447148	13.940000
42.187500	85.219800	7.657583	6.327920	13.985500
47.812500	85.219800	7.586264	6.266588	13.852900
53.437500	85.219800	7.585212	6.417324	14.002500
59.062500	85.219800	7.567784	6.322526	13.890300
64.687500	85.219800	7.543683	6.418330	13.962000
70.312500	85.219800	7.716258	6.402225	14.118500
75.937500	85.219800	7.612706	6.502192	14.114900
81.562500	85.219800	7.502425	6.347633	13.850100
87.187500	85.219800	7.640641	6.536562	14.177200
92.812500	85.219800	7.482146	6.350121	13.832300
98.437500	85.219800	7.511348	6.504782	14.016100
104.062000	85.219800	7.470837	6.524336	13.995200
109.688000	85.219800	7.681876	6.435453	14.117300
115.312000	85.219800	7.598411	6.472787	14.071200
120.938000	85.219800	7.698242	6.305482	14.003700
126.562000	85.219800	7.498975	6.418647	13.917600
132.188000	85.219800	7.485370	6.511443	13.996800
137.812000	85.219800	7.655265	6.450382	14.105600
143.437000	85.219800	7.565183	6.479844	14.045000
149.062000	85.219800	7.482429	6.568738	14.051200
154.688000	85.219800	7.439056	6.512326	13.951400
160.312000	85.219800	7.493207	6.392092	13.885300
165.938000	85.219800	7.657402	6.336278	13.993700
171.562000	85.219800	7.489487	6.375941	13.865400
177.188000	85.219800	7.618745	6.404080	14.022800
182.812000	85.219800	7.628438	6.358796	13.987200
188.438000	85.219800	7.738787	6.251421	13.990200
194.062000	85.219800	7.595334	6.262166	13.857500
199.687000	85.219800	7.576232	6.497759	14.074000
205.312000	85.219800	7.674548	6.339275	14.013800
210.938000	85.219800	7.662989	6.462551	14.125500
216.562000	85.219800	7.653184	6.466838	14.120000
222.188000	85.219800	7.667705	6.435193	14.102900
227.812000	85.219800	7.652369	6.199170	13.851500
233.438000	85.219800	7.629908	6.233959	13.863900
239.062000	85.219800	7.658884	6.313727	13.972600
244.687000	85.219800	7.610026	6.510211	14.120200
250.312000	85.219800	7.615760	6.237884	13.853600
255.937000	85.219800	7.585778	6.421520	14.007300
261.562000	85.219800	7.603443	6.370784	13.974200
267.188000	85.219800	7.530156	6.420898	13.951000
272.812000	85.219800	7.547245	6.417380	13.964600
278.438000	85.219800	7.675294	6.394625	14.069900
284.062000	85.219800	7.483413	6.356240	13.839700
289.688000	85.219800	7.744792	6.524359	14.269100
295.312000	85.219800	7.540211	6.398414	13.938600
300.938000	85.219800	7.524196	6.478871	14.003100
306.562000	85.219800	7.673270	6.518896	14.192200
312.187000	85.219800	7.555320	6.303785	13.859100
317.812000	85.219800	7.493920	6.370592	13.864500
323.438000	85.219800	7.522375	6.377943	13.900300
329.062000	85.219800	7.572737	6.357801	13.930500
334.688000	85.219800	7.611485	6.282059	13.893500
340.312000	85.219800	7.650232	6.467980	14.118200
345.938000	85.219800	7.489362	6.382320	13.871700
351.562000	85.219800	7.660490	6.453560	14.114100
357.187000	85.219800	7.507231	6.363037	13.870300
0.000000	87.612000	7.469118	6.770448	14.239600
5.625000	87.612000	7.328323	6.791947	14.120300
11.250000	87.612000	7.374964	6.678545	14.053500
16.875000	87.612000	7.238026	6.664543	13.902600
22.500000	87.612000	7.440775	6.791800	14.232600
28.125000	87.612000	7.320135	6.583961	13.904100
33.750000	87.612000	7.268607	6.731757	14.000400
39.375000	87.612000	7.264264	6.622799	13.887100
45.000000	87.612000	7.284645	6.611308	13.896000
50.625000	87.612000	7.270926	6.602238	13.873200
56.250000	87.612000	7.188478	6.653064	13.841600
61.875000	87.612000	7.379556	6.753008	14.132600
67.500000	87.612000	7.394304	6.632039	14.026400
73.125000	87.612000	7.311449	6.720119	14.031600
78.750000	87.612000	7.270711	6.697511	13.968200
84.375000	87.612000	7.287902	6.764340	14.052200
90.000000	87.612000	7.214027	6.610675	13.824700
95.625000	87.612000	7.260894	6.548732	13.809600
101.250000	87.612000	7.293534	6.685726	13.979300
106.875000	87.612000	7.349845	6.666873	14.016700
112.500000	87.612000	7.315950	6.619282	13.935200
118.125000	87.612000	7.275258	6.713051	13.988300
123.750000	87.612000	7.307196	6.575411	13.882600
129.375000	87.612000	7.266312	6.671589	13.937900
135.000000	87.612000	7.310962	6.666669	13.977600
140.625000	87.612000	7.308395	6.603595	13.912000
146.250000	87.612000	7.312998	6.621555	13.934500
151.875000	87.612000	7.380608	6.662247	14.042900
157.500000	87.612000	7.244834	6.610777	13.855600
163.125000	87.612000	7.291464	6.857499	14.149000
168.750000	87.612000	7.132981	6.686744	13.819700
174.375000	87.612000	7.210294	6.638406	13.848700
180.000000	87.612000	7.188862	6.588926	13.777800
185.625000	87.612000	7.280562	6.690205	13.970800
191.250000	87.612000	7.262025	6.729699	13.991700
196.875000	87.612000	7.344609	6.733962	14.078600
202.500000	87.612000	7.330573	6.702352	14.032900
208.125000	87.612000	7.240141	6.615131	13.855300
213.750000	87.612000	7.337427	6.609205	13.946600
219.375000	87.612000	7.201462	6.746211	13.947700
225.000000	87.612000	7.291057	6.707102	13.998200
230.625000	87.612000	7.417183	6.630478	14.047700
236.250000	87.612000	7.308893	6.638904	13.947800
241.875000	87.612000	7.195117	6.607078	13.802200
247.500000	87.612000	7.393026	6.655891	14.048900
253.125000	87.612000	7.314355	6.673727	13.988100
258.750000	87.612000	7.332519	6.641946	13.974500
264.375000	87.612000	7.360861	6.773942	14.134800
270.000000	87.612000	7.229023	6.753675	13.982700
275.625000	87.612000	7.256416	6.597488	13.853900
281.250000	87.612000	7.375869	6.648585	14.024400
286.875000	87.612000	7.349732	6.743304	14.093000
292.500000	87.612000	7.375055	6.633136	14.008200
298.125000	87.612000	7.344971	6.743757	14.088700
303.750000	87.612000	7.292132	6.649038	13.941200
309.375000	87.612000	7.266538	6.572346	13.838900
315.000000	87.612000	7.396509	6.600869	13.997400
320.625000	87.612000	7.294541	6.558820	13.853400
326.250000	87.612000	7.309537	6.586122	13.895700
331.875000	87.612000	7.298974	6.860383	14.159400
337.500000	87.612000	7.552900	6.687004	14.239900
343.125000	87.612000	7.208180	6.678533	13.886700
348.750000	87.612000	7.269806	6.645577	13.915400
354.375000	87.612000	7.237834	6.691042	13.928900
2.812500	90.000000	7.042865	6.983285	14.026200
8.437500	90.000000	6.973016	7.075697	14.048700
14.062500	90.000000	7.060452	6.989913	14.050400
19.687500	90.000000	6.982381	7.097695	14.080100
25.312500	90.000000	7.125200	6.908189	14.033400
30.937500	90.000000	7.006798	6.996835	14.003600
36.562500	90.000000	6.959320	7.108371	14.067700
42.187500	90.000000	6.973797	6.935558	13.909400
47.812500	90.000000	6.969657	7.095229	14.064900
53.437500	90.000000	7.005441	6.992944	13.998400
59.062500	90.000000	6.988499	7.011401	13.999900
64.687500	90.000000	7.154639	7.045726	14.200400
70.312500	90.000000	7.016457	7.023107	14.039600
75.937500	90.000000	6.881860	6.833386	13.715300
81.562500	90.000000	7.094890	7.064930	14.159800
87.187500	90.000000	7.032867	6.944052	13.976900
92.812500	90.000000	7.067385	7.064557	14.131900
98.437500	90.000000	7.018640	7.069658	14.088300
104.062000	90.000000	7.068380	6.961492	14.029900
109.688000	90.000000	7.007206	7.016649	14.023900
115.312000	90.000000	6.895488	6.950499	13.846000
120.938000	90.000000	6.984247	6.997095	13.981300
126.562000	90.000000	7.136329	7.007330	14.143700
132.188000	90.000000	7.007647	7.037380	14.045000
137.812000	90.000000	6.866241	7.113936	13.980200
143.437000	90.000000	7.034903	6.999176	14.034100
149.062000	90.000000	6.889200	7.068866	13.958100
154.688000	90.000000	7.028807	6.954796	13.983600
160.312000	90.000000	6.952082	7.126874	14.078900
165.938000	90.000000	6.978682	7.047355	14.026000
171.562000	90.000000	6.982584	7.096552	14.079100
177.188000	90.000000	7.076738	6.957533	14.034300
182.812000	90.000000	6.990399	6.998079	13.988500
188.438000	90.000000	6.987470	6.973367	13.960800
194.062000	90.000000	7.024521	6.914997	13.939500
199.687000	90.000000	6.981024	7.070303	14.051300
205.312000	90.000000	6.926522	6.874169	13.800700
210.938000	90.000000	6.951562	6.838996	13.790600
216.562000	90.000000	7.015710	7.043826	14.059500
222.188000	90.000000	7.133253	7.057421	14.190700
227.812000	90.000000	7.033919	6.900951	13.934900
233.438000	90.000000	6.851618	7.063324	13.914900
239.062000	90.000000	6.871104	7.029825	13.900900
244.687000	90.000000	7.032913	6.854784	13.887700
250.312000	90.000000	6.924984	7.030752	13.955700
255.937000	90.000000	7.116967	7.069782	14.186700
261.562000	90.000000	6.934597	7.050273	13.984900
267.188000	90.000000	7.038047	7.095399	14.133400
272.812000	90.000000	7.138534	7.070269	14.208800
278.438000	90.000000	7.004740	7.059015	14.063800
284.062000	90.000000	6.989766	6.971060	13.960800
289.688000	90.000000	6.986588	7.036419	14.023000
295.312000	90.000000	6.989642	6.999639	13.989300
300.938000	90.000000	7.139077	7.052162	14.191200
306.562000	90.000000	6.947264	6.975764	13.923000
312.187000	90.000000	6.886666	6.938216	13.824900
317.812000	90.000000	7.018165	7.014387	14.032600
323.438000	90.000000	7.041474	7.100601	14.142100
329.062000	90.000000	6.900136	6.967508	13.867700
334.688000	90.000000	7.086622	6.990264	14.076900
340.312000	90.000000	6.968470	6.995511	13.964000
345.938000	90.000000	7.024374	7.091192	14.115600
351.562000	90.000000	6.869249	7.022474	13.891700
357.187000	90.000000	6.962724	6.991180	13.953900
0.000000	92.388000	6.709929	7.276875	13.986800
5.625000	92.388000	6.626972	7.116763	13.743700
11.250000	92.388000	6.720391	7.196112	13.916500
16.875000	92.388000	6.629291	7.221208	13.850500
22.500000	92.388000	6.831215	7.298431	14.129600
28.125000	92.388000	6.796697	7.511620	14.308300
33.750000	92.388000	6.707057	7.260928	13.968000
39.375000	92.388000	6.734370	7.354923	14.089300
45.000000	92.388000	6.735557	7.131748	13.867300
50.625000	92.388000	6.694955	7.352650	14.047600
56.250000	92.388000	6.549795	7.331591	13.881400
61.875000	92.388000	6.811819	7.217340	14.029200
67.500000	92.388000	6.770086	7.231715	14.001800
73.125000	92.388000	6.830898	7.261369	14.092300
78.750000	92.388000	6.681316	7.191407	13.872700
84.375000	92.388000	6.768932	7.325710	14.094600
90.000000	92.388000	6.666816	7.360488	14.027300
95.625000	92.388000	6.588429	7.298703	13.887100
101.250000	92.388000	6.860982	7.200885	14.061900
106.875000	92.388000	6.695498	7.359719	14.055200
112.500000	92.388000	6.603064	7.282156	13.885200
118.125000	92.388000	6.675039	7.178107	13.853200
123.750000	92.388000	6.742083	7.246915	13.989000
129.375000	92.388000	6.763085	7.162194	13.925300
135.000000	92.388000	6.753031	7.151427	13.904500
140.625000	92.388000	6.640668	7.384363	14.025000
146.250000	92.388000	6.624790	7.263970	13.888800
151.875000	92.388000	6.589865	7.389622	13.979500
157.500000	92.388000	6.782639	7.350365	14.133000
163.125000	92.388000	6.816218	7.357479	14.173700
168.750000	92.388000	6.722257	7.326570	14.048800
174.375000	92.388000	6.759160	7.265588	14.024700
180.000000	92.388000	6.663514	7.149301	13.812800
185.625000	92.388000	6.720391	7.363756	14.084100
191.250000	92.388000	6.647726	7.286590	13.934300
196.875000	92.388000	6.704919	7.127224	13.832100
202.500000	92.388000	6.797636	7.325145	14.122800
208.125000	92.388000	6.740567	7.259424	14.000000
213.750000	92.388000	6.701899	7.325145	14.027000
219.375000	92.388000	6.615572	7.453352	14.068900
225.000000	92.388000	6.753494	7.257275	14.010800
230.625000	92.388000	6.754173	7.234791	13.989000
236.250000	92.388000	6.821477	7.312184	14.133700
241.875000	92.388000	6.645667	7.255318	13.901000
247.500000	92.388000	6.668490	7.312173	13.980700
253.125000	92.388000	6.737627	7.306472	14.044100
258.750000	92.388000	6.799921	7.286352	14.086300
264.375000	92.388000	6.724270	7.315916	14.040200
270.000000	92.388000	6.683611	7.460104	14.143700
275.625000	92.388000	6.674055	7.284792	13.958900
281.250000	92.388000	6.648359	7.223617	13.872000
286.875000	92.388000	6.663831	7.394722	14.058600
292.500000	92.388000	6.671058	7.185639	13.856700
298.125000	92.388000	6.687887	7.190005	13.877900
303.750000	92.388000	6.697613	7.260272	13.957900
309.375000	92.388000	6.683035	7.307128	13.990200
315.000000	92.388000	6.648902	7.339044	13.987900
320.625000	92.388000	6.739244	7.274025	14.013300
326.250000	92.388000	6.756480	7.270270	14.026800
331.875000	92.388000	6.799084	7.191124	13.990200
337.500000	92.388000	6.761027	7.258191	14.019200
343.125000	92.388000	6.658029	7.297266	13.955300
348.750000	92.388000	6.663288	7.209220	13.872500
354.375000	92.388000	6.648732	7.163189	13.811900
2.812500	94.780200	6.527967	7.637158	14.165100
8.437500	94.780200	6.360391	7.573303	13.933700
14.062500	94.780200	6.542681	7.630790	14.173500
19.687500	94.780200	6.407496	7.563486	13.971000
25.312500	94.780200	6.574665	7.688651	14.263300
30.937500	94.780200	6.503922	7.749995	14.253900
36.562500	94.780200	6.379764	7.579569	13.959300
42.187500	94.780200	6.321632	7.569017	13.890600
47.812500	94.780200	6.492805	7.511122	14.003900
53.437500	94.780200	6.420208	7.784863	14.205100
59.062500	94.780200	6.396367	7.694837	14.091200
64.687500	94.780200	6.351784	7.559109	13.910900
70.312500	94.780200	6.427887	7.516132	13.944000
75.937500	94.780200	6.385012	7.591218	13.976200
81.562500	94.780200	6.366147	7.547200	13.913300
87.187500	94.780200	6.458627	7.566879	14.025500
92.812500	94.780200	6.484504	7.438208	13.922700
98.437500	94.780200	6.489378	7.679467	14.168800
104.062000	94.780200	6.461386	7.468824	13.930200
109.688000	94.780200	6.495282	7.737215	14.232500
115.312000	94.780200	6.411499	7.616133	14.027600
120.938000	94.780200	6.510787	7.714562	14.225300
126.562000	94.780200	6.341537	7.571290	13.912800
132.188000	94.780200	6.517438	7.529885	14.047300
137.812000	94.780200	6.312392	7.594656	13.907000
143.437000	94.780200	6.465571	7.490685	13.956300
149.062000	94.780200	6.397068	7.612242	14.009300
154.688000	94.780200	6.357224	7.510093	13.867300
160.312000	94.780200	6.419382	7.644452	14.063800
165.938000	94.780200	6.583283	7.530066	14.113300
171.562000	94.780200	6.462981	7.674921	14.137900
177.188000	94.780200	6.489785	7.658171	14.148000
182.812000	94.780200	6.379809	7.581842	13.961600
188.438000	94.780200	6.487467	7.679151	14.166600
194.062000	94.780200	6.277920	7.531672	13.809600
199.687000	94.780200	6.380239	7.517976	13.898200
205.312000	94.780200	6.526926	7.427803	13.954700
210.938000	94.780200	6.414813	7.596465	14.011300
216.562000	94.780200	6.488394	7.772988	14.261400
222.188000	94.780200	6.402010	7.609121	14.011100
227.812000	94.780200	6.450439	7.678336	14.128800
233.438000	94.780200	6.571317	7.685903	14.257200
239.062000	94.780200	6.454759	7.606260	14.061000
244.687000	94.780200	6.473782	7.736265	14.210100
250.312000	94.780200	6.471079	7.704960	14.176000
255.937000	94.780200	6.469824	7.805718	14.275500
261.562000	94.780200	6.497747	7.676074	14.173800
267.188000	94.780200	6.531835	7.502244	14.034100
272.812000	94.780200	6.488598	7.673349	14.161900
278.438000	94.780200	6.331494	7.462965	13.794500
284.062000	94.780200	6.235938	7.728676	13.964600
289.688000	94.780200	6.388778	7.720002	14.108800
295.312000	94.780200	6.387127	7.644916	14.032000
300.938000	94.780200	6.450936	7.658330	14.109300
306.562000	94.780200	6.623941	7.474388	14.098300
312.187000	94.780200	6.464384	7.567094	14.031500
317.812000	94.780200	6.357574	7.739058	14.096600
323.438000	94.780200	6.468783	7.724616	14.193400
329.062000	94.780200	6.500122	7.547415	14.047500
334.688000	94.780200	6.461206	7.483583	13.944800
340.312000	94.780200	6.665957	7.529998	14.195900
345.938000	94.780200	6.460346	7.634941	14.095300
351.562000	94.780200	6.318465	7.602618	13.921100
357.187000	94.780200	6.456602	7.517455	13.974100
0.000000	97.180800	6.107154	7.795754	13.902900
5.625000	97.180800	6.093865	8.091911	14.185800
11.250000	97.180800	6.132217	7.877998	14.010200
16.875000	97.180800	6.180566	7.866429	14.047000
22.500000	97.180800	6.252168	8.021677	14.273800
28.125000	97.180800	6.333553	7.806600	14.140200
33.750000	97.180800	6.131176	7.932658	14.063800
39.375000	97.180800	6.294805	7.863726	14.158500
45.000000	97.180800	6.146512	7.765817	13.912300
50.625000	97.180800	6.169380	7.881674	14.051100
56.250000	97.180800	6.184920	7.873181	14.058100
61.875000	97.180800	6.076200	7.833698	13.909900
67.500000	97.180800	6.103117	7.878372	13.981500
73.125000	97.180800	6.213443	7.911498	14.124900
78.750000	97.180800	6.147768	7.757606	13.905400
84.375000	97.180800	6.083325	8.004724	14.088000
90.000000	97.180800	6.084015	7.856431	13.940400
95.625000	97.180800	6.254961	7.968408	14.223400
101.250000	97.180800	6.148605	7.865015	14.013600
106.875000	97.180800	6.227038	7.823327	14.050400
112.500000	97.180800	6.267696	7.858161	14.125900
118.125000	97.180800	6.129695	8.082671	14.212400
123.750000	97.180800	6.128745	7.898594	14.027300
129.375000	97.180800	6.176653	7.805447	13.982100
135.000000	97.180800	6.187747	7.932862	14.120600
140.625000	97.180800	6.173712	7.873226	14.046900
146.250000	97.180800	6.131063	8.017459	14.148500
151.875000	97.180800	6.279221	7.976981	14.256200
157.500000	97.180800	6.116360	7.879016	13.995400
163.125000	97.180800	6.243561	7.997475	14.241000
168.750000	97.180800	6.245947	7.848910	14.094900
174.375000	97.180800	6.104870	7.915728	14.020600
180.000000	97.180800	6.255945	7.897610	14.153500
185.625000	97.180800	6.065376	7.882296	13.947700
191.250000	97.180800	6.141457	7.829514	13.971000
196.875000	97.180800	6.132432	7.933303	14.065700
202.500000	97.180800	6.226890	7.875488	14.102400
208.125000	97.180800	6.044227	7.850403	13.894600
213.750000	97.180800	6.172479	7.860604	14.033100
219.375000	97.180800	6.257461	7.801375	14.058800
225.000000	97.180800	6.125012	7.956488	14.081500
230.625000	97.180800	6.199136	7.912572	14.111700
236.250000	97.180800	6.380160	7.880554	14.260700
241.875000	97.180800	6.190959	7.937567	14.128500
247.500000	97.180800	6.056475	7.900663	13.957100
253.125000	97.180800	6.092644	7.934038	14.026700
258.750000	97.180800	6.248141	8.074302	14.322400
264.375000	97.180800	6.181154	7.944409	14.125600
270.000000	97.180800	6.214857	7.928361	14.143200
275.625000	97.180800	6.236368	7.880046	14.116400
281.250000	97.180800	6.200765	7.860050	14.060800
286.875000	97.180800	6.294568	8.130816	14.425400
292.500000	97.180800	6.099543	8.051060	14.150600
298.125000	97.180800	6.315604	7.931550	14.247200
303.750000	97.180800	6.150493	7.906352	14.056800
309.375000	97.180800	6.190835	7.757640	13.948500
315.000000	97.180800	6.072569	7.998481	14.071100
320.625000	97.180800	6.162335	7.973294	14.135600
326.250000	97.180800	6.226110	7.847326	14.073400
331.875000	97.180800	6.267798	7.816756	14.084600
337.500000	97.180800	6.131436	7.967832	14.099300
343.125000	97.180800	6.014663	7.930306	13.945000
348.750000	97.180800	6.107335	7.971858	14.079200
354.375000	97.180800	6.261442	7.907732	14.169200
2.812500	99.594100	5.880496	8.196288	14.076800
8.437500	99.594100	5.733933	8.257022	13.991000
14.062500	99.594100	5.893921	8.300496	14.194400
19.687500	99.594100	5.917581	8.105675	14.023300
25.312500	99.594100	5.884850	8.204024	14.088900
30.937500	99.594100	5.933787	8.170389	14.104200
36.562500	99.594100	5.867399	8.322267	14.189700
42.187500	99.594100	6.052347	8.257248	14.309600
47.812500	99.594100	5.832373	8.183757	14.016100
53.437500	99.594100	5.715408	8.298008	14.013400
59.062500	99.594100	5.806327	8.279958	14.086300
64.687500	99.594100	5.805942	8.319112	14.125100
70.312500	99.594100	5.892756	8.298189	14.191000
75.937500	99.594100	5.926775	8.276146	14.202900
81.562500	99.594100	5.779421	8.334244	14.113700
87.187500	99.594100	5.938933	8.422687	14.361600
92.812500	99.594100	5.819288	8.158638	13.977900
98.437500	99.594100	5.787304	8.209815	13.997100
104.062000	99.594100	5.772658	8.132931	13.905600
109.688000	99.594100	5.948388	8.374598	14.323000
115.312000	99.594100	5.860297	8.184549	14.044800
120.938000	99.594100	5.779885	8.219224	13.999100
126.562000	99.594100	5.954790	8.173986	14.128800
132.188000	99.594100	5.870781	8.130556	14.001300
137.812000	99.594100	5.706179	7.941412	13.647600
143.437000	99.594100	5.817297	8.225106	14.042400
149.062000	99.594100	5.926685	8.208265	14.134900
154.688000	99.594100	5.930553	8.312620	14.243200
160.312000	99.594100	5.861145	8.226248	14.087400
165.938000	99.594100	5.807209	8.259272	14.066500
171.562000	99.594100	5.862898	8.278454	14.141300
177.188000	99.594100	5.873461	8.289594	14.163100
182.812000	99.594100	5.933109	8.112494	14.045600
188.438000	99.594100	5.863769	8.137953	14.001700
194.062000	99.594100	5.799473	8.247442	14.046900
199.687000	99.594100	5.944713	8.263310	14.208000
205.312000	99.594100	5.825316	8.103096	13.928400
210.938000	99.594100	5.934443	8.501956	14.436400
216.562000	99.594100	5.874411	8.255393	14.129800
222.188000	99.594100	5.911100	8.261636	14.172700
227.812000	99.594100	5.902776	8.265379	14.168200
233.438000	99.594100	5.936072	8.212054	14.148100
239.062000	99.594100	5.888187	8.175037	14.063200
244.687000	99.594100	5.854076	8.181631	14.035700
250.312000	99.594100	5.848840	8.300700	14.149500
255.937000	99.594100	5.716177	8.214599	13.930800
261.562000	99.594100	6.020409	8.325423	14.345800
267.188000	99.594100	5.918836	8.286110	14.204900
272.812000	99.594100	6.008058	8.236031	14.244100
278.438000	99.594100	5.808871	8.138145	13.947000
284.062000	99.594100	5.735392	8.204884	13.940300
289.688000	99.594100	5.841873	8.224868	14.066700
295.312000	99.594100	5.778855	8.107937	13.886800
300.938000	99.594100	5.912242	8.242556	14.154800
306.562000	99.594100	5.846194	8.192805	14.039000
312.187000	99.594100	5.944238	8.393915	14.338200
317.812000	99.594100	5.879048	8.272527	14.151600
323.438000	99.594100	5.803929	8.208921	14.012900
329.062000	99.594100	5.978936	8.259284	14.238200
334.688000	99.594100	5.737835	8.095066	13.832900
340.312000	99.594100	5.836614	8.236506	14.073100
345.938000	99.594100	5.681037	8.222730	13.903800
351.562000	99.594100	5.869446	8.122911	13.992400
357.187000	99.594100	5.870532	8.133384	14.003900
0.000000	102.025000	5.547537	8.574203	14.121700
5.625000	102.025000	5.568178	8.642797	14.211000
11.250000	102.025000	5.682191	8.435467	14.117700
16.875000	102.025000	5.617669	8.451447	14.069100
22.500000	102.025000	5.533932	8.511072	14.045000
28.125000	102.025000	5.742562	8.498812	14.241400
33.750000	102.025000	5.750004	8.378375	14.128400
39.375000	102.025000	5.712739	8.615382	14.328100
45.000000	102.025000	5.517239	8.690150	14.207400
50.625000	102.025000	5.656676	8.530785	14.187500
56.250000	102.025000	5.681117	8.612362	14.293500
61.875000	102.025000	5.552706	8.598519	14.151200
67.500000	102.025000	5.676762	8.576680	14.253400
73.125000	102.025000	5.616007	8.569238	14.185200
78.750000	102.025000	5.601202	8.552884	14.154100
84.375000	102.025000	5.662150	8.508844	14.171000
90.000000	102.025000	5.728188	8.570799	14.299000
95.625000	102.025000	5.629793	8.607103	14.236900
101.250000	102.025000	5.682327	8.565913	14.248200
106.875000	102.025000	5.545626	8.492128	14.037800
112.500000	102.025000	5.639056	8.728841	14.367900
118.125000	102.025000	5.588773	8.531068	14.119800
123.750000	102.025000	5.591973	8.631690	14.223700
129.375000	102.025000	5.636138	8.547591	14.183700
135.000000	102.025000	5.612478	8.592118	14.204600
140.625000	102.025000	5.671752	8.507736	14.179500
146.250000	102.025000	5.606540	8.569012	14.175600
151.875000	102.025000	5.716166	8.443994	14.160200
157.500000	102.025000	5.672533	8.486066	14.158600
163.125000	102.025000	5.584124	8.619193	14.203300
168.750000	102.025000	5.739271	8.627483	14.366800
174.375000	102.025000	5.560544	8.459771	14.020300
180.000000	102.025000	5.640684	8.578829	14.219500
185.625000	102.025000	5.587947	8.921197	14.509100
191.250000	102.025000	5.524816	8.648180	14.173000
196.875000	102.025000	5.756632	8.564352	14.321000
202.500000	102.025000	5.651463	8.412576	14.064000
208.125000	102.025000	5.578854	8.484404	14.063300
213.750000	102.025000	5.618246	8.535874	14.154100
219.375000	102.025000	5.475596	8.494990	13.970600
225.000000	102.025000	5.581930	8.488328	14.070300
230.625000	102.025000	5.520586	8.739280	14.259900
236.250000	102.025000	5.666029	8.433646	14.099700
241.875000	102.025000	5.783119	8.592321	14.375400
247.500000	102.025000	5.721888	8.693634	14.415500
253.125000	102.025000	5.697493	8.563821	14.261300
258.750000	102.025000	5.468923	8.695048	14.164000
264.375000	102.025000	5.793603	8.581453	14.375100
270.000000	102.025000	5.622272	8.650295	14.272600
275.625000	102.025000	5.691691	8.549684	14.241400
281.250000	102.025000	5.591091	8.573230	14.164300
286.875000	102.025000	5.582371	8.583782	14.166200
292.500000	102.025000	5.621379	8.461264	14.082600
298.125000	102.025000	5.587178	8.570245	14.157400
303.750000	102.025000	5.556336	8.597139	14.153500
309.375000	102.025000	5.561132	8.607261	14.168400
315.000000	102.025000	5.543624	8.520154	14.063800
320.625000	102.025000	5.714028	8.605508	14.319500
326.250000	102.025000	5.720995	8.601946	14.322900
331.875000	102.025000	5.595321	8.499683	14.095000
337.500000	102.025000	5.632711	8.705600	14.338300
343.125000	102.025000	5.632609	8.545816	14.178400
348.750000	102.025000	5.659922	8.481214	14.141100
354.375000	102.025000	5.650829	8.595239	14.246100
2.812500	104.478000	5.423424	8.912602	14.336000
8.437500	104.478000	5.271806	8.876388	14.148200
14.062500	104.478000	5.284575	8.958282	14.242900
19.687500	104.478000	5.347921	8.753496	14.101400
25.312500	104.478000	5.314896	8.942459	14.257400
30.937500	104.478000	5.397876	8.902626	14.300500
36.562500	104.478000	5.302467	8.793261	14.095700
42.187500	104.478000	5.301042	8.806007	14.107100
47.812500	104.478000	5.414037	8.901371	14.315400
53.437500	104.478000	5.476173	8.888557	14.364700
59.062500	104.478000	5.325369	8.783931	14.109300
64.687500	104.478000	5.354390	9.007999	14.362400
70.312500	104.478000	5.324193	8.905103	14.229300
75.937500	104.478000	5.406381	8.933016	14.339400
81.562500	104.478000	5.395704	8.966696	14.362400
87.187500	104.478000	5.244459	9.010962	14.255400
92.812500	104.478000	5.280865	8.992313	14.273200
98.437500	104.478000	5.325052	9.176571	14.501600
104.062000	104.478000	5.419262	9.049234	14.468500
109.688000	104.478000	5.366695	8.833671	14.200400
115.312000	104.478000	5.365066	8.888139	14.253200
120.938000	104.478000	5.278807	8.876456	14.155300
126.562000	104.478000	5.575540	8.919037	14.494600
132.188000	104.478000	5.454130	8.883355	14.337500
137.812000	104.478000	5.288612	8.811278	14.099900
143.437000	104.478000	5.254762	8.852626	14.107400
149.062000	104.478000	5.399255	8.821117	14.220400
154.688000	104.478000	5.438738	8.819443	14.258200
160.312000	104.478000	5.317328	9.027237	14.344600
165.938000	104.478000	5.351008	8.892606	14.243600
171.562000	104.478000	5.344369	8.856675	14.201100
177.188000	104.478000	5.398226	8.979205	14.377400
182.812000	104.478000	5.356437	8.867057	14.223500
188.438000	104.478000	5.287538	8.860441	14.148000
194.062000	104.478000	5.426026	8.791961	14.218000
199.687000	104.478000	5.371207	8.961245	14.332500
205.312000	104.478000	5.352637	8.901880	14.254500
210.938000	104.478000	5.400511	8.886024	14.286500
216.562000	104.478000	5.357353	8.816887	14.174200
222.188000	104.478000	5.433841	8.935640	14.369500
227.812000	104.478000	5.315360	9.086907	14.402300
233.438000	104.478000	5.321750	8.790264	14.112000
239.062000	104.478000	5.431262	8.964898	14.396200
244.687000	104.478000	5.325041	8.825765	14.150800
250.312000	104.478000	5.332698	8.901665	14.234400
255.937000	104.478000	5.401122	9.088366	14.489500
261.562000	104.478000	5.313991	8.819195	14.133200
267.188000	104.478000	5.321230	8.798486	14.119700
272.812000	104.478000	5.376523	8.909457	14.286000
278.438000	104.478000	5.239698	8.736430	13.976100
284.062000	104.478000	5.320053	8.882619	14.202700
289.688000	104.478000	5.262623	9.014197	14.276800
295.312000	104.478000	5.321026	8.802456	14.123500
300.938000	104.478000	5.361051	8.795184	14.156200
306.562000	104.478000	5.282211	8.993285	14.275500
312.187000	104.478000	5.364636	8.994767	14.359400
317.812000	104.478000	5.341576	9.040696	14.382300
323.438000	104.478000	5.391361	8.825437	14.216800
329.062000	104.478000	5.351992	8.976106	14.328100
334.688000	104.478000	5.198293	8.960872	14.159200
340.312000	104.478000	5.366175	8.757251	14.123400
345.938000	104.478000	5.270517	8.892052	14.162600
351.562000	104.478000	5.382506	8.910068	14.292600
357.187000	104.478000	5.347875	8.918268	14.266100
0.000000	106.958000	5.072777	9.253443	14.326200
5.625000	106.958000	5.121828	9.405819	14.527600
11.250000	106.958000	4.997375	9.213090	14.210500
16.875000	106.958000	5.097433	9.200853	14.298300
22.500000	106.958000	5.029348	9.273088	14.302400
28.125000	106.958000	5.055734	9.230722	14.286500
33.750000	106.958000	5.011569	9.387169	14.398700
39.375000	106.958000	5.014103	9.314482	14.328600
45.000000	106.958000	4.996629	9.029759	14.026400
50.625000	106.958000	5.085614	9.432092	14.517700
56.250000	106.958000	5.028398	9.268621	14.297000
61.875000	106.958000	5.049604	9.131162	14.180800
67.500000	106.958000	5.124802	9.423293	14.548100
73.125000	106.958000	5.016478	9.201825	14.218300
78.750000	106.958000	5.126634	9.169231	14.295900
84.375000	106.958000	5.063583	9.214436	14.278000
90.000000	106.958000	4.990601	9.317072	14.307700
95.625000	106.958000	5.073682	9.249372	14.323000
101.250000	106.958000	4.895961	9.215442	14.111400
106.875000	106.958000	5.116659	9.130710	14.247400
112.500000	106.958000	5.018841	9.406939	14.425800
118.125000	106.958000	5.116670	9.272681	14.389300
123.750000	106.958000	5.092739	9.305117	14.397900
129.375000	106.958000	5.070787	9.361847	14.432600
135.000000	106.958000	5.179123	9.291218	14.470300
140.625000	106.958000	4.937694	9.270521	14.208200
146.250000	106.958000	4.972279	9.163474	14.135800
151.875000	106.958000	4.960234	9.279851	14.240100
157.500000	106.958000	4.950067	9.333211	14.283300
163.125000	106.958000	5.109330	9.268745	14.378100
168.750000	106.958000	4.952917	9.232769	14.185700
174.375000	106.958000	5.070990	9.327058	14.398000
180.000000	106.958000	5.195036	9.213192	14.408200
185.625000	106.958000	5.045917	9.188864	14.234800
191.250000	106.958000	5.031531	9.179500	14.211000
196.875000	106.958000	5.086768	9.197494	14.284300
202.500000	106.958000	5.000395	9.309064	14.309500
208.125000	106.958000	4.985647	9.192766	14.178400
213.750000	106.958000	5.089075	9.251713	14.340800
219.375000	106.958000	5.193724	9.410433	14.604200
225.000000	106.958000	4.974304	9.253466	14.227800
230.625000	106.958000	5.025062	9.189532	14.214600
236.250000	106.958000	5.034664	9.267196	14.301900
241.875000	106.958000	5.045521	9.215069	14.260600
247.500000	106.958000	5.150984	9.093467	14.244500
253.125000	106.958000	5.083182	9.262593	14.345800
258.750000	106.958000	5.126747	9.314278	14.441000
264.375000	106.958000	4.945045	9.259403	14.204400
270.000000	106.958000	5.083250	9.275610	14.358900
275.625000	106.958000	4.941743	9.271301	14.213000
281.250000	106.958000	4.997647	9.272556	14.270200
286.875000	106.958000	5.067270	9.277555	14.344800
292.500000	106.958000	5.036281	9.113768	14.150000
298.125000	106.958000	5.079281	8.960363	14.039600
303.750000	106.958000	5.039493	9.192608	14.232100
309.375000	106.958000	5.017371	9.069072	14.086400
315.000000	106.958000	5.032741	9.281491	14.314200
320.625000	106.958000	5.048801	9.277397	14.326200
326.250000	106.958000	4.980264	9.235200	14.215500
331.875000	106.958000	5.068106	9.189566	14.257700
337.500000	106.958000	5.029563	9.367377	14.396900
343.125000	106.958000	5.028341	9.099653	14.128000
348.750000	106.958000	4.998800	9.302030	14.300800
354.375000	106.958000	5.070515	9.247913	14.318400
2.812500	109.471000	4.768941	9.445313	14.214300
8.437500	109.471000	4.755641	9.436299	14.191900
14.062500	109.471000	4.768670	9.557042	14.325700
19.687500	109.471000	4.809917	9.463804	14.273700
25.312500	109.471000	4.720547	9.649894	14.370400
30.937500	109.471000	4.733304	9.627558	14.360900
36.562500	109.471000	4.750970	9.727377	14.478300
42.187500	109.471000	4.766691	9.647418	14.414100
47.812500	109.471000	4.829573	9.723442	14.553000
53.437500	109.471000	4.633858	9.707043	14.340900
59.062500	109.471000	4.850677	9.608670	14.459400
64.687500	109.471000	4.832140	9.598933	14.431100
70.312500	109.471000	4.734028	9.526121	14.260200
75.937500	109.471000	4.758389	9.727377	14.485800
81.562500	109.471000	4.719925	9.556951	14.276900
87.187500	109.471000	4.648956	9.630295	14.279200
92.812500	109.471000	4.742092	9.565422	14.307500
98.437500	109.471000	4.746492	9.553128	14.299600
104.062000	109.471000	4.707416	9.501782	14.209200
109.688000	109.471000	4.702044	9.574300	14.276300
115.312000	109.471000	4.792601	9.689309	14.481900
120.938000	109.471000	4.648561	9.734729	14.383300
126.562000	109.471000	4.667199	9.663783	14.331000
132.188000	109.471000	4.775083	9.569437	14.344500
137.812000	109.471000	4.834357	9.514709	14.349100
143.437000	109.471000	4.773974	9.557550	14.331500
149.062000	109.471000	4.766917	9.665524	14.432400
154.688000	109.471000	4.744965	9.593165	14.338100
160.312000	109.471000	4.608897	9.566519	14.175400
165.938000	109.471000	4.680839	9.646241	14.327100
171.562000	109.471000	4.865877	9.596252	14.462100
177.188000	109.471000	4.704205	9.544488	14.248700
182.812000	109.471000	4.790622	9.683903	14.474500
188.438000	109.471000	4.759826	9.626970	14.386800
194.062000	109.471000	4.597938	9.441264	14.039200
199.687000	109.471000	4.795350	9.553999	14.349400
205.312000	109.471000	4.643697	9.556747	14.200500
210.938000	109.471000	4.773499	9.478224	14.251700
216.562000	109.471000	4.817958	9.550052	14.368000
222.188000	109.471000	4.747951	9.650008	14.397900
227.812000	109.471000	4.860426	9.496829	14.357300
233.438000	109.471000	4.726236	9.672797	14.399000
239.062000	109.471000	4.755505	9.678361	14.433900
244.687000	109.471000	4.858096	9.558557	14.416700
250.312000	109.471000	4.758717	9.652473	14.411200
255.937000	109.471000	4.802961	9.680216	14.483200
261.562000	109.471000	4.795135	9.518668	14.313800
267.188000	109.471000	4.810855	9.570794	14.381600
272.812000	109.471000	4.913548	9.506182	14.419700
278.438000	109.471000	4.753289	9.523044	14.276300
284.062000	109.471000	4.818625	9.575748	14.394400
289.688000	109.471000	4.668149	9.689965	14.358100
295.312000	109.471000	4.816488	9.513092	14.329600
300.938000	109.471000	4.795044	9.463861	14.258900
306.562000	109.471000	4.646966	9.614608	14.261600
312.187000	109.471000	4.783124	9.609700	14.392800
317.812000	109.471000	4.815210	9.612482	14.427700
323.438000	109.471000	4.813626	9.519742	14.333400
329.062000	109.471000	4.747600	9.750314	14.497900
334.688000	109.471000	4.763422	9.500425	14.263900
340.312000	109.471000	4.799636	9.572909	14.372600
345.938000	109.471000	4.688586	9.528948	14.217500
351.562000	109.471000	4.712913	9.602066	14.315000
357.187000	109.471000	4.885963	9.650494	14.536500
0.000000	112.024000	4.460242	9.982921	14.443200
5.625000	112.024000	4.379038	9.882626	14.261700
11.250000	112.024000	4.487804	9.892081	14.379900
16.875000	112.024000	4.355853	9.906603	14.262500
22.500000	112.024000	4.447722	9.840373	14.288100
28.125000	112.024000	4.319278	9.908887	14.228200
33.750000	112.024000	4.399339	9.848143	14.247500
39.375000	112.024000	4.348626	9.830013	14.178600
45.000000	112.024000	4.362006	9.731958	14.094000
50.625000	112.024000	4.369787	9.835679	14.205500
56.250000	112.024000	4.478293	9.870151	14.348400
61.875000	112.024000	4.432533	9.964248	14.396800
67.500000	112.024000	4.388256	9.827559	14.215800
73.125000	112.024000	4.417243	9.922312	14.339600
78.750000	112.024000	4.581347	9.853537	14.434900
84.375000	112.024000	4.387193	10.027560	14.414800
90.000000	112.024000	4.407245	10.030648	14.437900
95.625000	112.024000	4.440054	10.038689	14.478700
101.250000	112.024000	4.459247	9.909996	14.369200
106.875000	112.024000	4.431255	9.898335	14.329600
112.500000	112.024000	4.493730	10.026531	14.520300
118.125000	112.024000	4.436164	10.092648	14.528800
123.750000	112.024000	4.392463	9.877062	14.269500
129.375000	112.024000	4.460005	9.782569	14.242600
135.000000	112.024000	4.356521	9.858299	14.214800
140.625000	112.024000	4.279173	9.921362	14.200500
146.250000	112.024000	4.373802	9.930749	14.304500
151.875000	112.024000	4.337079	9.956728	14.293800
157.500000	112.024000	4.433065	9.908050	14.341100
163.125000	112.024000	4.379717	9.944637	14.324400
168.750000	112.024000	4.425193	9.651693	14.076900
174.375000	112.024000	4.460457	9.944536	14.405000
180.000000	112.024000	4.398073	9.861420	14.259500
185.625000	112.024000	4.489433	9.860708	14.350100
191.250000	112.024000	4.525567	9.783112	14.308700
196.875000	112.024000	4.392169	9.930545	14.322700
202.500000	112.024000	4.401850	9.886438	14.288300
208.125000	112.024000	4.500301	9.806240	14.306500
213.750000	112.024000	4.409450	9.773318	14.182800
219.375000	112.024000	4.423723	10.085263	14.509000
225.000000	112.024000	4.513579	9.778022	14.291600
230.625000	112.024000	4.404689	9.911918	14.316600
236.250000	112.024000	4.428677	9.797871	14.226600
241.875000	112.024000	4.547316	9.937060	14.484400
247.500000	112.024000	4.374322	9.787489	14.161800
253.125000	112.024000	4.432760	9.997329	14.430100
258.750000	112.024000	4.393945	9.869880	14.263800
264.375000	112.024000	4.364268	9.831913	14.196200
270.000000	112.024000	4.413069	9.968275	14.381300
275.625000	112.024000	4.357618	9.934866	14.292500
281.250000	112.024000	4.373383	9.864225	14.237600
286.875000	112.024000	4.435757	9.783632	14.219400
292.500000	112.024000	4.341219	10.057893	14.399100
298.125000	112.024000	4.379977	10.115301	14.495300
303.750000	112.024000	4.509734	9.876089	14.385800
309.375000	112.024000	4.397801	9.769110	14.166900
315.000000	112.024000	4.451240	10.053448	14.504700
320.625000	112.024000	4.341117	10.022143	14.363300
326.250000	112.024000	4.536244	9.757778	14.294000
331.875000	112.024000	4.437736	9.838586	14.276300
337.500000	112.024000	4.623068	10.001446	14.624500
343.125000	112.024000	4.452540	10.010788	14.463300
348.750000	112.024000	4.409281	9.873002	14.282300
354.375000	112.024000	4.458206	9.832852	14.291100
2.812500	114.624000	4.067772	10.312430	14.380200
8.437500	114.624000	4.143694	10.124293	14.268000
14.062500	114.624000	4.108068	10.211072	14.319100
19.687500	114.624000	4.045933	10.176057	14.222000
25.312500	114.624000	4.078188	10.391587	14.469800
30.937500	114.624000	4.042234	10.170323	14.212600
36.562500	114.624000	3.961008	10.179846	14.140900
42.187500	114.624000	4.153681	10.085387	14.239100
47.812500	114.624000	3.991137	10.138294	14.129400
53.437500	114.624000	4.161394	10.153494	14.314900
59.062500	114.624000	3.936477	10.171284	14.107800
64.687500	114.624000	3.998296	10.338714	14.337000
70.312500	114.624000	3.939983	10.189855	14.129800
75.937500	114.624000	3.975213	10.138531	14.113700
81.562500	114.624000	4.005840	10.210190	14.216000
87.187500	114.624000	4.159053	10.188351	14.347400
92.812500	114.624000	4.072330	10.174010	14.246300
98.437500	114.624000	4.068168	10.248225	14.316400
104.062000	114.624000	4.015351	10.189244	14.204600
109.688000	114.624000	4.149790	10.319781	14.469600
115.312000	114.624000	3.938287	10.180479	14.118800
120.938000	114.624000	4.009674	10.187955	14.197600
126.562000	114.624000	4.118292	10.257340	14.375600
132.188000	114.624000	4.102674	10.219588	14.322300
137.812000	114.624000	4.079738	10.278128	14.357900
143.437000	114.624000	4.053884	10.350295	14.404200
149.062000	114.624000	4.077600	10.307499	14.385100
154.688000	114.624000	3.956020	10.147896	14.103900
160.312000	114.624000	4.105445	10.368357	14.473800
165.938000	114.624000	4.064266	10.073501	14.137800
171.562000	114.624000	4.166449	9.944343	14.110800
177.188000	114.624000	4.030687	10.258415	14.289100
182.812000	114.624000	4.037247	10.146166	14.183400
188.438000	114.624000	4.154054	10.225628	14.379700
194.062000	114.624000	4.087519	10.004522	14.092000
199.687000	114.624000	4.214923	10.005178	14.220100
205.312000	114.624000	4.009776	10.140646	14.150400
210.938000	114.624000	4.107797	10.030704	14.138500
216.562000	114.624000	4.021300	10.187028	14.208300
222.188000	114.624000	4.070814	10.020537	14.091300
227.812000	114.624000	4.088129	10.182278	14.270400
233.438000	114.624000	4.065928	10.272914	14.338800
239.062000	114.624000	4.014311	10.206243	14.220600
244.687000	114.624000	4.027498	10.390919	14.418400
250.312000	114.624000	3.964480	10.175786	14.140300
255.937000	114.624000	4.123246	10.226080	14.349300
261.562000	114.624000	3.935380	10.282210	14.217600
267.188000	114.624000	4.028618	10.210292	14.238900
272.812000	114.624000	3.963575	10.175322	14.138900
278.438000	114.624000	4.051305	10.386848	14.438200
284.062000	114.624000	4.031106	10.270098	14.301200
289.688000	114.624000	3.999936	10.104421	14.104400
295.312000	114.624000	3.963847	10.273230	14.237100
300.938000	114.624000	4.050943	10.257770	14.308700
306.562000	114.624000	4.040018	10.135116	14.175100
312.187000	114.624000	4.160953	10.270765	14.431700
317.812000	114.624000	3.982870	10.194696	14.177600
323.438000	114.624000	4.178336	10.137457	14.315800
329.062000	114.624000	3.996340	10.276680	14.273000
334.688000	114.624000	4.049552	10.027787	14.077300
340.312000	114.624000	3.984430	10.217598	14.202000
345.938000	114.624000	3.940503	10.289335	14.229800
351.562000	114.624000	4.077125	10.184336	14.261500
357.187000	114.624000	3.957502	10.136337	14.093800
0.000000	117.280000	3.615982	10.658723	14.274700
5.625000	117.280000	3.626568	10.575868	14.202400
11.250000	117.280000	3.575267	10.542379	14.117600
16.875000	117.280000	3.671603	10.570439	14.242000
22.500000	117.280000	3.585615	10.515869	14.101500
28.125000	117.280000	3.610203	10.507930	14.118100
33.750000	117.280000	3.578174	10.396258	13.974400
39.375000	117.280000	3.522269	10.216953	13.739200
45.000000	117.280000	3.601856	10.435559	14.037400
50.625000	117.280000	3.562905	10.435536	13.998400
56.250000	117.280000	3.587968	10.336146	13.924100
61.875000	117.280000	3.580616	10.495501	14.076100
67.500000	117.280000	3.755488	10.630708	14.386200
73.125000	117.280000	3.592152	10.537007	14.129200
78.750000	117.280000	3.657511	10.442910	14.100400
84.375000	117.280000	3.626319	10.414987	14.041300
90.000000	117.280000	3.613381	10.477066	14.090500
95.625000	117.280000	3.609592	10.556030	14.165600
101.250000	117.280000	3.659411	10.506856	14.166300
106.875000	117.280000	3.604469	10.450816	14.055300
112.500000	117.280000	3.692854	10.440366	14.133200
118.125000	117.280000	3.623865	10.417667	14.041500
123.750000	117.280000	3.584168	10.376466	13.960600
129.375000	117.280000	3.584880	10.423865	14.008700
135.000000	117.280000	3.594312	10.559186	14.153500
140.625000	117.280000	3.602275	10.554040	14.156300
146.250000	117.280000	3.570856	10.434654	14.005500
151.875000	117.280000	3.544979	10.516729	14.061700
157.500000	117.280000	3.642763	10.570054	14.212800
163.125000	117.280000	3.491530	10.265913	13.757400
168.750000	117.280000	3.595557	10.572418	14.168000
174.375000	117.280000	3.539472	10.652423	14.191900
180.000000	117.280000	3.576251	10.557037	14.133300
185.625000	117.280000	3.605125	10.475584	14.080700
191.250000	117.280000	3.654017	10.525732	14.179700
196.875000	117.280000	3.492197	10.333986	13.826200
202.500000	117.280000	3.521161	10.564524	14.085700
208.125000	117.280000	3.565574	10.505611	14.071200
213.750000	117.280000	3.576896	10.533309	14.110200
219.375000	117.280000	3.639857	10.581013	14.220900
225.000000	117.280000	3.590818	10.500748	14.091600
230.625000	117.280000	3.539653	10.526919	14.066600
236.250000	117.280000	3.506097	10.428389	13.934500
241.875000	117.280000	3.558415	10.468663	14.027100
247.500000	117.280000	3.628355	10.528627	14.157000
253.125000	117.280000	3.577732	10.624273	14.202000
258.750000	117.280000	3.527427	10.366547	13.894000
264.375000	117.280000	3.594233	10.613880	14.208100
270.000000	117.280000	3.511322	10.718890	14.230200
275.625000	117.280000	3.610429	10.567204	14.177600
281.250000	117.280000	3.593532	10.731863	14.325400
286.875000	117.280000	3.660768	10.359331	14.020100
292.500000	117.280000	3.575821	10.500330	14.076100
298.125000	117.280000	3.548203	10.421433	13.969600
303.750000	117.280000	3.700714	10.331238	14.032000
309.375000	117.280000	3.686883	10.562307	14.249200
315.000000	117.280000	3.646654	10.667137	14.313800
320.625000	117.280000	3.682777	10.423062	14.105800
326.250000	117.280000	3.611899	10.587403	14.199300
331.875000	117.280000	3.705170	10.481635	14.186800
337.500000	117.280000	3.544629	10.499606	14.044200
343.125000	117.280000	3.650499	10.482958	14.133500
348.750000	117.280000	3.601291	10.535899	14.137200
354.375000	117.280000	3.677982	10.508676	14.186700
2.812500	120.000000	3.158673	10.816448	13.975100
8.437500	120.000000	3.181507	10.659944	13.841500
14.062500	120.000000	3.154239	10.558552	13.712800
19.687500	120.000000	3.186438	10.696938	13.883400
25.312500	120.000000	3.185918	10.736929	13.922800
30.937500	120.000000	3.153391	10.815939	13.969300
36.562500	120.000000	3.107870	10.737665	13.845500
42.187500	120.000000	3.128442	10.723652	13.852100
47.812500	120.000000	3.173206	10.803860	13.977100
53.437500	120.000000	3.068138	10.652367	13.720500
59.062500	120.000000	3.170706	10.732666	13.903400
64.687500	120.000000	3.110426	10.787982	13.898400
70.312500	120.000000	3.178883	10.770169	13.949100
75.937500	120.000000	3.136540	10.793082	13.929600
81.562500	120.000000	3.120604	10.818755	13.939400
87.187500	120.000000	3.167936	10.568788	13.736700
92.812500	120.000000	3.131405	10.714559	13.846000
98.437500	120.000000	3.133407	10.857073	13.990500
104.062000	120.000000	3.109453	10.924750	14.034200
109.688000	120.000000	3.098482	10.687121	13.785600
115.312000	120.000000	3.140080	10.690232	13.830300
120.938000	120.000000	3.133520	10.992710	14.126200
126.562000	120.000000	3.129788	10.805399	13.935200
132.188000	120.000000	3.192161	10.724387	13.916500
137.812000	120.000000	3.163299	10.839611	14.002900
143.437000	120.000000	3.180263	10.748703	13.929000
149.062000	120.000000	3.119926	10.524273	13.644200
154.688000	120.000000	3.213446	10.652740	13.866200
160.312000	120.000000	3.145169	10.730867	13.876000
165.938000	120.000000	3.210901	10.712580	13.923500
171.562000	120.000000	3.176022	10.689157	13.865200
177.188000	120.000000	3.171577	10.757197	13.928800
182.812000	120.000000	3.092126	10.644235	13.736400
188.438000	120.000000	3.200666	10.749653	13.950300
194.062000	120.000000	3.126565	10.734272	13.860800
199.687000	120.000000	3.178295	10.747040	13.925300
205.312000	120.000000	3.066985	10.677610	13.744600
210.938000	120.000000	3.151107	10.644880	13.796000
216.562000	120.000000	3.164000	10.710566	13.874600
222.188000	120.000000	3.072074	10.719162	13.791200
227.812000	120.000000	3.153504	10.684136	13.837600
233.438000	120.000000	3.102045	10.572441	13.674500
239.062000	120.000000	3.171860	10.569523	13.741400
244.687000	120.000000	3.103685	10.778696	13.882400
250.312000	120.000000	3.174744	10.976379	14.151100
255.937000	120.000000	3.061443	10.648420	13.709900
261.562000	120.000000	3.130308	10.886195	14.016500
267.188000	120.000000	3.124970	10.831162	13.956100
272.812000	120.000000	3.149308	10.730947	13.880300
278.438000	120.000000	3.083508	10.580052	13.663600
284.062000	120.000000	3.170593	10.902312	14.072900
289.688000	120.000000	3.042454	10.932893	13.975300
295.312000	120.000000	3.077661	10.789712	13.867400
300.938000	120.000000	3.134357	10.547390	13.681700
306.562000	120.000000	3.145339	10.715995	13.861300
312.187000	120.000000	3.089469	10.898896	13.988400
317.812000	120.000000	3.161953	10.620779	13.782700
323.438000	120.000000	3.119586	10.622057	13.741600
329.062000	120.000000	3.130840	10.707185	13.838000
334.688000	120.000000	3.139831	10.775077	13.914900
340.312000	120.000000	3.202668	10.670948	13.873600
345.938000	120.000000	3.145350	10.719739	13.865100
351.562000	120.000000	3.102599	10.655217	13.757800
357.187000	120.000000	3.169903	10.766007	13.935900
0.000000	122.797000	2.582940	11.088945	13.671900
5.625000	122.797000	2.595098	11.067015	13.662100
11.250000	122.797000	2.547608	11.085428	13.633000
16.875000	122.797000	2.547551	11.191818	13.739400
22.500000	122.797000	2.504461	11.087656	13.592100
28.125000	122.797000	2.621585	11.037180	13.658800
33.750000	122.797000	2.711893	10.966155	13.678000
39.375000	122.797000	2.603388	10.851667	13.455100
45.000000	122.797000	2.685247	11.030225	13.715500
50.625000	122.797000	2.581119	11.011858	13.593000
56.250000	122.797000	2.602664	10.954936	13.557600
61.875000	122.797000	2.573869	11.062944	13.636800
67.500000	122.797000	2.583709	11.116507	13.700200
73.125000	122.797000	2.573519	10.880054	13.453600
78.750000	122.797000	2.562107	11.232590	13.794700
84.375000	122.797000	2.552765	10.982102	13.534900
90.000000	122.797000	2.478132	11.269324	13.747500
95.625000	122.797000	2.526979	11.224402	13.751400
101.250000	122.797000	2.642644	10.989419	13.632100
106.875000	122.797000	2.646659	11.184704	13.831400
112.500000	122.797000	2.669244	11.017456	13.686700
118.125000	122.797000	2.601035	11.110716	13.711700
123.750000	122.797000	2.611203	10.914696	13.525900
129.375000	122.797000	2.505185	11.013713	13.518900
135.000000	122.797000	2.583143	10.891839	13.475000
140.625000	122.797000	2.680158	11.012197	13.692300
146.250000	122.797000	2.582940	11.024400	13.607300
151.875000	122.797000	2.654621	11.074423	13.729000
157.500000	122.797000	2.584195	11.033335	13.617500
163.125000	122.797000	2.630203	11.146873	13.777100
168.750000	122.797000	2.608172	11.066167	13.674300
174.375000	122.797000	2.649090	10.847346	13.496400
180.000000	122.797000	2.634738	10.901215	13.536000
185.625000	122.797000	2.591411	11.114878	13.706300
191.250000	122.797000	2.574797	11.045923	13.620700
196.875000	122.797000	2.574265	10.976696	13.551000
202.500000	122.797000	2.601533	11.045278	13.646800
208.125000	122.797000	2.649305	11.089952	13.739300
213.750000	122.797000	2.575781	11.078936	13.654700
219.375000	122.797000	2.589363	10.938254	13.527600
225.000000	122.797000	2.633200	11.011179	13.644400
230.625000	122.797000	2.651759	10.894915	13.546700
236.250000	122.797000	2.555513	11.084342	13.639900
241.875000	122.797000	2.586366	11.079400	13.665800
247.500000	122.797000	2.621336	11.111225	13.732600
253.125000	122.797000	2.673531	11.017253	13.690800
258.750000	122.797000	2.550492	11.020566	13.571100
264.375000	122.797000	2.588674	10.990335	13.579000
270.000000	122.797000	2.527239	10.958838	13.486100
275.625000	122.797000	2.560863	10.967965	13.528800
281.250000	122.797000	2.608047	10.947132	13.555200
286.875000	122.797000	2.624525	10.837597	13.462100
292.500000	122.797000	2.587667	10.971188	13.558900
298.125000	122.797000	2.641829	11.024774	13.666600
303.750000	122.797000	2.587294	11.000537	13.587800
309.375000	122.797000	2.599599	11.018474	13.618100
315.000000	122.797000	2.589895	11.041591	13.631500
320.625000	122.797000	2.589929	11.095018	13.684900
326.250000	122.797000	2.626652	11.088108	13.714800
331.875000	122.797000	2.622637	10.793184	13.415800
337.500000	122.797000	2.607663	11.090732	13.698400
343.125000	122.797000	2.574129	11.120691	13.694800
348.750000	122.797000	2.638289	10.885630	13.523900
354.375000	122.797000	2.677760	10.949405	13.627200
2.812500	125.685000	2.163597	11.366622	13.530200
8.437500	125.685000	2.183717	11.389580	13.573300
14.062500	125.685000	2.111177	11.405414	13.516600
19.687500	125.685000	2.088851	11.516475	13.605300
25.312500	125.685000	2.192935	11.315841	13.508800
30.937500	125.685000	2.112002	11.208998	13.321000
36.562500	125.685000	2.129736	11.204293	13.334000
42.187500	125.685000	2.108247	11.174989	13.283200
47.812500	125.685000	2.193953	11.376687	13.570700
53.437500	125.685000	2.087155	11.069424	13.156600
59.062500	125.685000	2.126332	11.204542	13.330900
64.687500	125.685000	2.123448	11.288426	13.411900
70.312500	125.685000	2.127700	11.227455	13.355200
75.937500	125.685000	2.032133	11.364246	13.396400
81.562500	125.685000	2.115271	11.264777	13.380100
87.187500	125.685000	2.206529	11.459248	13.665800
92.812500	125.685000	2.147820	11.560583	13.708400
98.437500	125.685000	2.121876	11.149090	13.271000
104.062000	125.685000	2.172125	11.428373	13.600500
109.688000	125.685000	2.121717	11.374312	13.496100
115.312000	125.685000	2.166979	11.296117	13.463100
120.938000	125.685000	2.170983	11.216100	13.387100
126.562000	125.685000	2.109503	11.361419	13.470900
132.188000	125.685000	2.210046	11.269708	13.479800
137.812000	125.685000	2.123097	11.239150	13.362200
143.437000	125.685000	2.075845	11.185372	13.261200
149.062000	125.685000	2.130912	11.397045	13.527900
154.688000	125.685000	2.168766	11.263929	13.432700
160.312000	125.685000	2.050364	11.301941	13.352300
165.938000	125.685000	2.033309	11.263974	13.297300
171.562000	125.685000	2.195016	11.405527	13.600600
177.188000	125.685000	2.130539	11.426676	13.557200
182.812000	125.685000	2.152333	11.511160	13.663500
188.438000	125.685000	2.163190	11.347169	13.510300
194.062000	125.685000	2.215079	11.306069	13.521100
199.687000	125.685000	2.101518	11.419438	13.521000
205.312000	125.685000	2.170089	11.370241	13.540300
210.938000	125.685000	2.102615	11.385396	13.488000
216.562000	125.685000	2.173550	11.305436	13.479000
222.188000	125.685000	2.168811	11.326585	13.495400
227.812000	125.685000	2.130324	11.476552	13.606800
233.438000	125.685000	2.180675	11.295868	13.476500
239.062000	125.685000	2.084938	11.378836	13.463700
244.687000	125.685000	2.243105	11.223881	13.467000
250.312000	125.685000	2.172871	11.214653	13.387500
255.937000	125.685000	2.079849	11.461058	13.540900
261.562000	125.685000	2.147323	11.243368	13.390700
267.188000	125.685000	2.125540	11.460605	13.586100
272.812000	125.685000	2.108926	11.219041	13.328000
278.438000	125.685000	2.104979	11.272898	13.377900
284.062000	125.685000	2.131523	11.284728	13.416200
289.688000	125.685000	2.121876	11.375669	13.497500
295.312000	125.685000	2.108293	11.247813	13.356100
300.938000	125.685000	2.084248	11.307415	13.391700
306.562000	125.685000	2.156981	11.309496	13.466500
312.187000	125.685000	2.091554	11.294431	13.386000
317.812000	125.685000	2.097413	11.363002	13.460400
323.438000	125.685000	2.113676	11.263273	13.377000
329.062000	125.685000	2.101665	11.257765	13.359400
334.688000	125.685000	2.123821	11.332353	13.456200
340.312000	125.685000	2.096463	11.493856	13.590300
345.938000	125.685000	2.070801	11.374991	13.445800
351.562000	125.685000	2.110136	11.336877	13.447000
357.187000	125.685000	2.177463	11.279627	13.457100
0.000000	128.682000	1.621624	11.589310	13.210900
5.625000	128.682000	1.597964	11.446468	13.044400
11.250000	128.682000	1.650644	11.600054	13.250700
16.875000	128.682000	1.654976	11.650157	13.305100
22.500000	128.682000	1.602623	11.351240	12.953900
28.125000	128.682000	1.598348	11.752170	13.350500
33.750000	128.682000	1.614261	11.331109	12.945400
39.375000	128.682000	1.600271	11.422831	13.023100
45.000000	128.682000	1.643836	11.596888	13.240800
50.625000	128.682000	1.619339	11.548256	13.167600
56.250000	128.682000	1.646822	11.639638	13.286400
61.875000	128.682000	1.581236	11.648460	13.229700
67.500000	128.682000	1.579336	11.646085	13.225400
73.125000	128.682000	1.663933	11.571328	13.235200
78.750000	128.682000	1.633250	11.615662	13.248900
84.375000	128.682000	1.600927	11.559679	13.160600
90.000000	128.682000	1.600927	11.673455	13.274400
95.625000	128.682000	1.658075	11.382794	13.040900
101.250000	128.682000	1.671171	11.533440	13.204600
106.875000	128.682000	1.640974	11.563637	13.204600
112.500000	128.682000	1.588226	11.788701	13.376900
118.125000	128.682000	1.544423	11.879744	13.424200
123.750000	128.682000	1.593994	11.668704	13.262700
129.375000	128.682000	1.685320	11.469314	13.154700
135.000000	128.682000	1.553969	11.629120	13.183100
140.625000	128.682000	1.597579	11.572572	13.170200
146.250000	128.682000	1.644051	11.569179	13.213200
151.875000	128.682000	1.620617	11.588745	13.209300
157.500000	128.682000	1.623524	11.649252	13.272800
163.125000	128.682000	1.596539	11.588066	13.184700
168.750000	128.682000	1.652137	11.562054	13.214200
174.375000	128.682000	1.581497	11.487636	13.069200
180.000000	128.682000	1.693700	11.523601	13.217300
185.625000	128.682000	1.637615	11.412200	13.049900
191.250000	128.682000	1.553890	11.559226	13.113100
196.875000	128.682000	1.656096	11.746402	13.402500
202.500000	128.682000	1.669927	11.680919	13.350800
208.125000	128.682000	1.620764	11.558548	13.179300
213.750000	128.682000	1.634200	11.703878	13.338100
219.375000	128.682000	1.658335	11.636698	13.295000
225.000000	128.682000	1.626068	11.619281	13.245300
230.625000	128.682000	1.599671	11.425771	13.025400
236.250000	128.682000	1.635501	11.370014	13.005500
241.875000	128.682000	1.609251	11.674359	13.283600
247.500000	128.682000	1.626622	11.529029	13.155600
253.125000	128.682000	1.615234	11.571893	13.187100
258.750000	128.682000	1.619068	11.378723	12.997800
264.375000	128.682000	1.640941	11.786439	13.427400
270.000000	128.682000	1.610755	11.487975	13.098800
275.625000	128.682000	1.640013	11.530613	13.170600
281.250000	128.682000	1.576803	11.540113	13.117000
286.875000	128.682000	1.610551	11.554929	13.165500
292.500000	128.682000	1.571442	11.539434	13.110900
298.125000	128.682000	1.705044	11.686235	13.391300
303.750000	128.682000	1.602974	11.550857	13.153800
309.375000	128.682000	1.678263	11.599941	13.278200
315.000000	128.682000	1.598959	11.560583	13.159500
320.625000	128.682000	1.617315	11.502338	13.119600
326.250000	128.682000	1.656876	11.423736	13.080600
331.875000	128.682000	1.647104	11.530952	13.178000
337.500000	128.682000	1.551492	11.680354	13.231800
343.125000	128.682000	1.611049	11.595983	13.207000
348.750000	128.682000	1.620877	11.568387	13.189300
354.375000	128.682000	1.694209	11.384265	13.078500
2.812500	131.810000	1.123483	11.912655	13.036100
8.437500	131.810000	1.137329	11.829529	12.966900
14.062500	131.810000	1.157585	11.638734	12.796300
19.687500	131.810000	1.166441	11.658978	12.825400
25.312500	131.810000	1.163806	11.777504	12.941300
30.937500	131.810000	1.182444	11.707497	12.889900
36.562500	131.810000	1.162765	11.702521	12.865300
42.187500	131.810000	1.213172	11.779314	12.992500
47.812500	131.810000	1.129117	11.746742	12.875800
53.437500	131.810000	1.202349	11.799558	13.001900
59.062500	131.810000	1.130536	11.871827	13.002400
64.687500	131.810000	1.065152	11.746629	12.811800
70.312500	131.810000	1.165129	11.630591	12.795700
75.937500	131.810000	1.142340	12.007997	13.150300
81.562500	131.810000	1.074956	11.816636	12.891600
87.187500	131.810000	1.135452	11.769361	12.904800
92.812500	131.810000	1.128621	11.929281	13.057900
98.437500	131.810000	1.116161	11.798880	12.915100
104.062000	131.810000	1.128808	11.800463	12.929200
109.688000	131.810000	1.101068	11.747420	12.848500
115.312000	131.810000	1.162109	11.934483	13.096600
120.938000	131.810000	1.158230	11.711342	12.869500
126.562000	131.810000	1.174335	11.882119	13.056400
132.188000	131.810000	1.129138	12.000080	13.129200
137.812000	131.810000	1.068936	11.514214	12.583200
143.437000	131.810000	1.163919	11.744932	12.908800
149.062000	131.810000	1.114366	11.737581	12.851900
154.688000	131.810000	1.147067	11.555607	12.702700
160.312000	131.810000	1.095955	11.974407	13.070300
165.938000	131.810000	1.155391	11.798880	12.954300
171.562000	131.810000	1.157099	11.730908	12.888000
177.188000	131.810000	1.134581	11.920572	13.055200
182.812000	131.810000	1.117643	11.809624	12.927300
188.438000	131.810000	1.131867	11.662597	12.794400
194.062000	131.810000	1.140112	11.777391	12.917500
199.687000	131.810000	1.166373	11.792320	12.958700
205.312000	131.810000	1.128670	11.671984	12.800700
210.938000	131.810000	1.154475	11.807136	12.961600
216.562000	131.810000	1.139388	11.619168	12.758500
222.188000	131.810000	1.167594	11.880310	13.047900
227.812000	131.810000	1.122001	11.669270	12.791300
233.438000	131.810000	1.131935	11.876351	13.008300
239.062000	131.810000	1.129298	11.725932	12.855200
244.687000	131.810000	1.104610	11.723557	12.828100
250.312000	131.810000	1.133970	11.753527	12.887500
255.937000	131.810000	1.132003	11.699015	12.831100
261.562000	131.810000	1.142023	11.946698	13.088700
267.188000	131.810000	1.100213	11.718241	12.818400
272.812000	131.810000	1.141163	11.663502	12.804600
278.438000	131.810000	1.145303	11.869000	13.014300
284.062000	131.810000	1.132828	11.694943	12.827700
289.688000	131.810000	1.124194	11.704783	12.829000
295.312000	131.810000	1.138935	11.705687	12.844700
300.938000	131.810000	1.185170	11.802951	12.988100
306.562000	131.810000	1.150415	11.816749	12.967200
312.187000	131.810000	1.106769	11.680127	12.786900
317.812000	131.810000	1.088546	11.750587	12.839100
323.438000	131.810000	1.178915	11.670627	12.849500
329.062000	131.810000	1.072034	11.770266	12.842300
334.688000	131.810000	1.149578	11.787117	12.936700
340.312000	131.810000	1.148752	11.765855	12.914700
345.938000	131.810000	1.189739	11.955519	13.145200
351.562000	131.810000	1.154950	11.716658	12.871600
357.187000	131.810000	1.123951	11.808719	12.932600
3.000000	134.994000	0.793947	11.645406	12.439300
9.000000	134.994000	0.807448	11.462076	12.269600
15.000000	134.994000	0.777358	11.402586	12.179900
21.000000	134.994000	0.763982	11.816636	12.580600
27.000000	134.994000	0.766300	11.521339	12.287600
33.000000	134.994000	0.789142	11.566691	12.355800
39.000000	134.994000	0.758122	11.680240	12.438400
45.000000	134.994000	0.798731	11.488201	12.286900
51.000000	134.994000	0.784665	11.565560	12.350200
57.000000	134.994000	0.738334	11.585804	12.324200
63.000000	134.994000	0.757760	11.476213	12.234000
69.000000	134.994000	0.743985	11.467617	12.211600
75.000000	134.994000	0.803963	11.695509	12.499500
81.000000	134.994000	0.734930	11.365491	12.100400
87.000000	134.994000	0.767479	11.288912	12.056400
93.000000	134.994000	0.737969	11.595078	12.333100
99.000000	134.994000	0.805379	11.351580	12.157000
105.000000	134.994000	0.737710	11.536494	12.274200
111.000000	134.994000	0.767300	11.527333	12.294600
117.000000	134.994000	0.766799	11.424527	12.191300
123.000000	134.994000	0.811142	11.668818	12.480000
129.000000	134.994000	0.808917	11.532648	12.341600
135.000000	134.994000	0.777173	11.547351	12.324500
141.000000	134.994000	0.730417	11.523827	12.254200
147.000000	134.994000	0.762534	11.565447	12.328000
153.000000	134.994000	0.726498	11.625162	12.351600
159.000000	134.994000	0.758766	11.543053	12.301800
165.000000	134.994000	0.802910	11.400211	12.203100
171.000000	134.994000	0.759631	11.794808	12.554400
177.000000	134.994000	0.780900	11.650609	12.431600
183.000000	134.994000	0.732666	11.469314	12.202000
189.000000	134.994000	0.802956	11.551423	12.354400
195.000000	134.994000	0.766843	11.571893	12.338700
201.000000	134.994000	0.731042	11.367639	12.098700
207.000000	134.994000	0.748816	11.663502	12.412300
213.000000	134.994000	0.754858	11.383247	12.138100
219.000000	134.994000	0.751442	11.571667	12.323100
225.000000	134.994000	0.802776	11.602429	12.405200
231.000000	134.994000	0.789859	11.537285	12.327200
237.000000	134.994000	0.756466	11.613852	12.370300
243.000000	134.994000	0.716985	11.500303	12.217300
249.000000	134.994000	0.774466	11.610459	12.384900
255.000000	134.994000	0.756752	11.431879	12.188600
261.000000	134.994000	0.729108	11.330430	12.059500
267.000000	134.994000	0.750929	11.556512	12.307500
273.000000	134.994000	0.782067	11.514440	12.296500
279.000000	134.994000	0.764782	11.308659	12.073400
285.000000	134.994000	0.757002	11.490011	12.247000
291.000000	134.994000	0.767257	11.673228	12.440500
297.000000	134.994000	0.753427	11.489332	12.242800
303.000000	134.994000	0.793887	11.413218	12.207100
309.000000	134.994000	0.799091	11.503243	12.302400
315.000000	134.994000	0.764701	11.491594	12.256300
321.000000	134.994000	0.779916	11.626745	12.406600
327.000000	134.994000	0.746752	11.598584	12.345300
333.000000	134.994000	0.749139	11.546672	12.295800
339.000000	134.994000	0.755827	11.503695	12.259500
345.000000	134.994000	0.783062	11.474856	12.257900
351.000000	134.994000	0.758450	11.521791	12.280300
357.000000	134.994000	0.794238	11.573250	12.367400
3.214290	138.141000	0.475932	11.121494	11.597400
9.642860	138.141000	0.537077	11.250369	11.787400
16.071400	138.141000	0.558937	11.309960	11.868800
22.500000	138.141000	0.539057	11.234897	11.773900
28.928600	138.141000	0.527976	11.195392	11.723400
35.357100	138.141000	0.518666	11.261203	11.779900
41.785700	138.141000	0.514631	11.346603	11.861300
48.214300	138.141000	0.512867	11.371824	11.884700
54.642900	138.141000	0.535761	11.320704	11.856400
61.071400	138.141000	0.510580	11.174718	11.685300
67.500000	138.141000	0.502320	11.279763	11.782100
73.928600	138.141000	0.486756	11.278304	11.765100
80.357100	138.141000	0.540749	11.249238	11.790000
86.785700	138.141000	0.538999	11.063328	11.602300
93.214300	138.141000	0.522567	11.063023	11.585600
99.642900	138.141000	0.476333	11.331335	11.807700
106.071000	138.141000	0.498574	11.173983	11.672600
112.500000	138.141000	0.496354	11.307325	11.803700
118.929000	138.141000	0.533770	11.120250	11.654000
125.357000	138.141000	0.531472	11.363907	11.895400
131.786000	138.141000	0.522405	11.123779	11.646200
138.214000	138.141000	0.470824	11.370919	11.841800
144.643000	138.141000	0.502209	11.099373	11.601600
151.071000	138.141000	0.505697	11.281369	11.787100
157.500000	138.141000	0.496887	11.131549	11.628400
163.929000	138.141000	0.485905	11.071087	11.557000
170.357000	138.141000	0.520054	11.319008	11.839000
176.786000	138.141000	0.465919	11.191004	11.656900
183.214000	138.141000	0.519165	11.135858	11.655000
189.643000	138.141000	0.507633	11.220669	11.728300
196.071000	138.141000	0.524038	11.215094	11.739100
202.500000	138.141000	0.513768	11.260163	11.773900
208.929000	138.141000	0.479717	11.447034	11.926700
215.357000	138.141000	0.523319	11.390372	11.913700
221.786000	138.141000	0.532445	11.361871	11.894300
228.214000	138.141000	0.503981	11.303163	11.807100
234.643000	138.141000	0.522262	11.360967	11.883200
241.071000	138.141000	0.508166	11.214868	11.723000
247.500000	138.141000	0.506690	11.431313	11.938000
253.929000	138.141000	0.527471	11.303332	11.830800
260.357000	138.141000	0.498596	11.309202	11.807800
266.786000	138.141000	0.474351	11.322061	11.796400
273.214000	138.141000	0.512398	11.164562	11.677000
279.643000	138.141000	0.487230	11.252235	11.739500
286.071000	138.141000	0.525769	11.226336	11.752100
292.500000	138.141000	0.525879	11.179728	11.705600
298.929000	138.141000	0.484972	11.185010	11.670000
305.357000	138.141000	0.518047	11.324323	11.842400
311.786000	138.141000	0.497695	11.305719	11.803400
318.214000	138.141000	0.499008	11.157663	11.656700
324.643000	138.141000	0.480996	11.233924	11.714900
331.071000	138.141000	0.507680	11.312109	11.819800
337.500000	138.141000	0.538308	11.271891	11.810200
343.929000	138.141000	0.532187	11.272004	11.804200
350.357000	138.141000	0.532030	11.175102	11.707100
356.786000	138.141000	0.499237	11.219844	11.719100
3.461540	141.256000	0.316506	11.099712	11.416200
10.384600	141.256000	0.338920	11.257833	11.596700
17.307700	141.256000	0.330813	11.251500	11.582300
24.230800	141.256000	0.352683	11.334502	11.687200
31.153800	141.256000	0.371969	10.974932	11.346900
38.076900	141.256000	0.349864	11.205661	11.555500
45.000000	141.256000	0.355026	11.188731	11.543800
51.923100	141.256000	0.354126	11.144939	11.499100
58.846200	141.256000	0.343179	11.258297	11.601500
65.769200	141.256000	0.336972	11.202517	11.539500
72.692300	141.256000	0.380436	11.093525	11.474000
79.615400	141.256000	0.339610	11.363229	11.702800
86.538500	141.256000	0.353625	11.077952	11.431600
93.461500	141.256000	0.332398	11.123146	11.455500
100.385000	141.256000	0.351671	11.103218	11.454900
107.308000	141.256000	0.337938	11.000311	11.338200
114.231000	141.256000	0.350691	11.357913	11.708600
121.154000	141.256000	0.325971	11.450766	11.776800
128.077000	141.256000	0.332450	11.234693	11.567100
135.000000	141.256000	0.347480	11.303785	11.651300
141.923000	141.256000	0.347429	11.116699	11.464100
148.846000	141.256000	0.333314	11.040008	11.373300
155.769000	141.256000	0.355370	11.203773	11.559100
162.692000	141.256000	0.334751	11.069526	11.404300
169.615000	141.256000	0.351042	11.241592	11.592600
176.538000	141.256000	0.304878	11.223904	11.528800
183.462000	141.256000	0.305923	11.005796	11.311700
190.385000	141.256000	0.351654	11.156600	11.508300
197.308000	141.256000	0.354755	11.213951	11.568700
204.231000	141.256000	0.343223	11.276053	11.619300
211.154000	141.256000	0.331299	11.097472	11.428800
218.077000	141.256000	0.338595	11.018010	11.356600
225.000000	141.256000	0.360216	11.231866	11.592100
231.923000	141.256000	0.349708	11.114935	11.464600
238.846000	141.256000	0.332696	11.283269	11.616000
245.769000	141.256000	0.341751	11.068418	11.410200
252.692000	141.256000	0.339626	11.326698	11.666300
259.615000	141.256000	0.330357	11.260287	11.590600
266.538000	141.256000	0.304321	10.985970	11.290300
273.462000	141.256000	0.315548	11.214585	11.530100
280.385000	141.256000	0.348038	11.148287	11.496300
287.308000	141.256000	0.368806	11.138957	11.507800
294.231000	141.256000	0.318007	11.001498	11.319500
301.154000	141.256000	0.338964	11.001849	11.340800
308.077000	141.256000	0.327624	11.256793	11.584400
315.000000	141.256000	0.323954	11.130814	11.454800
321.923000	141.256000	0.311158	11.076210	11.387400
328.846000	141.256000	0.340050	11.060094	11.400100
335.769000	141.256000	0.345060	11.150685	11.495700
342.692000	141.256000	0.340015	11.084376	11.424400
349.615000	141.256000	0.319364	11.227772	11.547100
356.538000	141.256000	0.358540	11.032860	11.391400
3.750000	144.341000	0.211225	11.230611	11.441800
11.250000	144.341000	0.196932	11.166620	11.363500
18.750000	144.341000	0.193759	11.200493	11.394200
26.250000	144.341000	0.192164	11.377253	11.569400
33.750000	144.341000	0.186209	11.326359	11.512500
41.250000	144.341000	0.193442	11.137271	11.330700
48.750000	144.341000	0.200109	11.050062	11.250200
56.250000	144.341000	0.203687	11.339478	11.543100
63.750000	144.341000	0.193847	11.214200	11.408100
71.250000	144.341000	0.189911	11.287080	11.477000
78.750000	144.341000	0.189216	11.100967	11.290200
86.250000	144.341000	0.223051	11.329639	11.552600
93.750000	144.341000	0.198769	11.334954	11.533700
101.250000	144.341000	0.220496	11.165772	11.386300
108.750000	144.341000	0.212031	11.122275	11.334300
116.250000	144.341000	0.198385	11.413444	11.611800
123.750000	144.341000	0.217275	11.220534	11.437800
131.250000	144.341000	0.193468	11.317537	11.511000
138.750000	144.341000	0.202810	11.300256	11.503100
146.250000	144.341000	0.211429	11.095539	11.307000
153.750000	144.341000	0.202736	11.335180	11.537900
161.250000	144.341000	0.181293	11.282884	11.464200
168.750000	144.341000	0.167717	11.309462	11.477200
176.250000	144.341000	0.210448	11.354520	11.564900
183.750000	144.341000	0.204117	11.139081	11.343200
191.250000	144.341000	0.186677	11.307291	11.494000
198.750000	144.341000	0.198763	11.192011	11.390800
206.250000	144.341000	0.190333	11.225001	11.415300
213.750000	144.341000	0.196774	11.395122	11.591900
221.250000	144.341000	0.191623	11.140710	11.332300
228.750000	144.341000	0.221871	11.217718	11.439600
236.250000	144.341000	0.200202	11.188776	11.389000
243.750000	144.341000	0.204991	11.278915	11.483900
251.250000	144.341000	0.208397	11.357574	11.566000
258.750000	144.341000	0.214710	10.957119	11.171800
266.250000	144.341000	0.197480	11.191999	11.389500
273.750000	144.341000	0.208974	11.180248	11.389200
281.250000	144.341000	0.181464	11.200968	11.382400
288.750000	144.341000	0.206443	11.202178	11.408600
296.250000	144.341000	0.203563	11.235485	11.439000
303.750000	144.341000	0.207779	11.354972	11.562800
311.250000	144.341000	0.199638	11.095900	11.295500
318.750000	144.341000	0.182349	11.241638	11.424000
326.250000	144.341000	0.219693	11.327829	11.547500
333.750000	144.341000	0.186824	11.015601	11.202400
341.250000	144.341000	0.192140	11.023020	11.215200
348.750000	144.341000	0.199265	11.199724	11.399000
356.250000	144.341000	0.215273	11.317198	11.532500
4.090910	147.400000	0.121980	11.269211	11.391200
12.272700	147.400000	0.120821	11.201477	11.322300
20.454500	147.400000	0.137249	11.451445	11.588700
28.636400	147.400000	0.127458	11.209054	11.336500
36.818200	147.400000	0.106888	11.339252	11.446100
45.000000	147.400000	0.131864	11.155412	11.287300
53.181800	147.400000	0.117314	11.188685	11.306000
61.363600	147.400000	0.110909	11.185541	11.296500
69.545500	147.400000	0.121502	11.246082	11.367600
77.727300	147.400000	0.123544	11.126934	11.250500
85.909100	147.400000	0.092414	11.225318	11.317700
94.090900	147.400000	0.128499	11.219448	11.347900
102.273000	147.400000	0.118898	11.242033	11.360900
110.455000	147.400000	0.120756	11.330317	11.451000
118.636000	147.400000	0.130092	11.324210	11.454300
126.818000	147.400000	0.126288	11.077907	11.204200
135.000000	147.400000	0.124092	11.168011	11.292100
143.182000	147.400000	0.123826	11.134071	11.257900
151.364000	147.400000	0.117110	11.193300	11.310400
159.545000	147.400000	0.113570	11.233958	11.347500
167.727000	147.400000	0.098178	11.294533	11.392700
175.909000	147.400000	0.114448	11.090483	11.204900
184.091000	147.400000	0.126231	11.274866	11.401100
192.273000	147.400000	0.109720	11.244013	11.353700
200.455000	147.400000	0.131378	11.332014	11.463300
208.636000	147.400000	0.111738	11.343889	11.455700
216.818000	147.400000	0.125783	11.285361	11.411100
225.000000	147.400000	0.111265	11.163759	11.275000
233.182000	147.400000	0.126563	11.430522	11.557000
241.364000	147.400000	0.130649	11.221484	11.352100
249.545000	147.400000	0.149504	11.099293	11.248800
257.727000	147.400000	0.132065	11.274662	11.406700
265.909000	147.400000	0.128938	11.130836	11.259800
274.091000	147.400000	0.141240	11.069707	11.211000
282.273000	147.400000	0.119754	11.097077	11.216800
290.455000	147.400000	0.122883	11.307347	11.430200
298.636000	147.400000	0.114439	11.223486	11.337900
306.818000	147.400000	0.119630	11.232251	11.351900
315.000000	147.400000	0.108303	11.265298	11.373600
323.182000	147.400000	0.121176	11.397158	11.518300
331.364000	147.400000	0.115625	11.252981	11.368600
339.545000	147.400000	0.119332	11.357234	11.476500
347.727000	147.400000	0.108893	11.198898	11.307800
355.909000	147.400000	0.134064	11.215772	11.349800
4.500000	150.434000	0.075408	11.248356	11.323800
13.500000	150.434000	0.091399	11.259450	11.350900
22.500000	150.434000	0.101492	11.380419	11.481900
31.500000	150.434000	0.111331	11.411860	11.523200
40.500000	150.434000	0.096924	11.187351	11.284300
49.500000	150.434000	0.098934	11.159043	11.258000
58.500000	150.434000	0.096236	11.227908	11.324100
67.500000	150.434000	0.094066	10.999881	11.093900
76.500000	150.434000	0.082810	11.117559	11.200400
85.500000	150.434000	0.103851	11.072003	11.175900
94.500000	150.434000	0.090971	11.215557	11.306500
103.500000	150.434000	0.086921	11.258320	11.345200
112.500000	150.434000	0.082720	11.316293	11.399000
121.500000	150.434000	0.084289	11.266010	11.350300
130.500000	150.434000	0.074509	11.282997	11.357500
139.500000	150.434000	0.104713	11.096997	11.201700
148.500000	150.434000	0.097340	11.111350	11.208700
157.500000	150.434000	0.106283	11.373068	11.479300
166.500000	150.434000	0.092292	11.106226	11.198500
175.500000	150.434000	0.087045	11.135417	11.222500
184.500000	150.434000	0.090779	11.061406	11.152200
193.500000	150.434000	0.087628	11.168090	11.255700
202.500000	150.434000	0.093882	11.203660	11.297500
211.500000	150.434000	0.116126	11.227365	11.343500
220.500000	150.434000	0.093826	11.215795	11.309600
229.500000	150.434000	0.107546	11.246512	11.354100
238.500000	150.434000	0.110256	11.309485	11.419700
247.500000	150.434000	0.096661	11.171947	11.268600
256.500000	150.434000	0.095396	11.214788	11.310200
265.500000	150.434000	0.093224	11.113725	11.207000
274.500000	150.434000	0.095861	11.258953	11.354800
283.500000	150.434000	0.081785	11.209620	11.291400
292.500000	150.434000	0.088440	11.311995	11.400400
301.500000	150.434000	0.088546	11.267967	11.356500
310.500000	150.434000	0.095121	11.297191	11.392300
319.500000	150.434000	0.095208	11.285056	11.380300
328.500000	150.434000	0.110963	11.208670	11.319600
337.500000	150.434000	0.110160	11.255944	11.366100
346.500000	150.434000	0.094924	11.259824	11.354700
355.500000	150.434000	0.086846	11.231651	11.318500
5.000000	153.448000	0.120892	11.229717	11.350600
15.000000	153.448000	0.116635	11.261226	11.377900
25.000000	153.448000	0.102406	11.493064	11.595500
35.000000	153.448000	0.111244	11.045753	11.157000
45.000000	153.448000	0.107123	11.373520	11.480600
55.000000	153.448000	0.128660	11.353389	11.482100
65.000000	153.448000	0.129137	11.289693	11.418800
75.000000	153.448000	0.115293	11.403152	11.518500
85.000000	153.448000	0.117843	11.278881	11.396700
95.000000	153.448000	0.111329	11.142372	11.253700
105.000000	153.448000	0.110776	11.387318	11.498100
115.000000	153.448000	0.123192	11.229593	11.352800
125.000000	153.448000	0.125035	11.485713	11.610800
135.000000	153.448000	0.127030	11.401908	11.529000
145.000000	153.448000	0.111096	11.347169	11.458300
155.000000	153.448000	0.100922	11.297067	11.398000
165.000000	153.448000	0.118337	11.398628	11.517000
175.000000	153.448000	0.103914	11.260615	11.364500
185.000000	153.448000	0.118853	11.151578	11.270400
195.000000	153.448000	0.116042	11.238878	11.354900
205.000000	153.448000	0.132484	11.215467	11.348000
215.000000	153.448000	0.115207	11.244228	11.359400
225.000000	153.448000	0.112306	11.345699	11.458000
235.000000	153.448000	0.110039	11.428938	11.539000
245.000000	153.448000	0.112919	11.278688	11.391600
255.000000	153.448000	0.112689	11.198468	11.311200
265.000000	153.448000	0.105385	11.359836	11.465300
275.000000	153.448000	0.115624	11.245053	11.360700
285.000000	153.448000	0.122733	11.200730	11.323500
295.000000	153.448000	0.118353	11.270149	11.388500
305.000000	153.448000	0.102416	11.257562	11.360000
315.000000	153.448000	0.107888	11.428599	11.536400
325.000000	153.448000	0.113567	11.362211	11.475800
335.000000	153.448000	0.107149	11.268419	11.375600
345.000000	153.448000	0.126133	11.289840	11.416000
355.000000	153.448000	0.116927	11.149938	11.266900
5.625000	156.444000	0.086107	11.157052	11.243200
16.875000	156.444000	0.076749	11.416837	11.493600
28.125000	156.444000	0.081660	11.348978	11.430700
39.375000	156.444000	0.069845	11.440135	11.510000
50.625000	156.444000	0.078748	11.328734	11.407500
61.875000	156.444000	0.094549	11.416158	11.510700
73.125000	156.444000	0.095220	11.400777	11.496000
84.375000	156.444000	0.093743	11.205277	11.299000
95.625000	156.444000	0.093741	11.446242	11.540000
106.875000	156.444000	0.090416	11.236232	11.326700
118.125000	156.444000	0.102991	11.396253	11.499200
129.375000	156.444000	0.079853	11.407902	11.487700
140.625000	156.444000	0.086759	11.272796	11.359600
151.875000	156.444000	0.079856	11.251228	11.331100
163.125000	156.444000	0.090857	11.292396	11.383300
174.375000	156.444000	0.096465	11.128201	11.224700
185.625000	156.444000	0.075398	11.474290	11.549700
196.875000	156.444000	0.082895	11.375782	11.458600
208.125000	156.444000	0.098381	11.307359	11.405700
219.375000	156.444000	0.096699	11.374199	11.470900
230.625000	156.444000	0.080027	11.383812	11.463800
241.875000	156.444000	0.086486	11.399080	11.485600
253.125000	156.444000	0.086897	11.461058	11.547900
264.375000	156.444000	0.082637	11.375556	11.458200
275.625000	156.444000	0.080371	11.285135	11.365500
286.875000	156.444000	0.079952	11.380872	11.460900
298.125000	156.444000	0.087334	11.353050	11.440400
309.375000	156.444000	0.089979	11.364360	11.454300
320.625000	156.444000	0.081937	11.479040	11.561000
331.875000	156.444000	0.074180	11.239353	11.313500
343.125000	156.444000	0.091938	11.298582	11.390500
354.375000	156.444000	0.082987	11.308693	11.391700
6.428570	159.423000	0.085845	11.304124	11.390000
19.285700	159.423000	0.074461	11.459814	11.534300
32.142900	159.423000	0.099247	11.344794	11.444100
45.000000	159.423000	0.109707	11.373634	11.483300
57.857100	159.423000	0.091149	11.396479	11.487600
70.714300	159.423000	0.086875	11.477344	11.564200
83.571400	159.423000	0.101309	11.330996	11.432300
96.428600	159.423000	0.104076	11.263567	11.367600
109.286000	159.423000	0.091936	11.312109	11.404000
122.143000	159.423000	0.097562	11.555720	11.653300
135.000000	159.423000	0.102388	11.337555	11.440000
147.857000	159.423000	0.084072	11.421813	11.505900
160.714000	159.423000	0.088665	11.366961	11.455600
173.571000	159.423000	0.094531	11.409712	11.504200
186.429000	159.423000	0.106554	11.176188	11.282700
199.286000	159.423000	0.104277	11.303163	11.407400
212.143000	159.423000	0.089274	11.454272	11.543500
225.000000	159.423000	0.087659	11.304746	11.392400
237.857000	159.423000	0.098669	11.419890	11.518600
250.714000	159.423000	0.078770	11.296286	11.375100
263.571000	159.423000	0.096571	11.589763	11.686300
276.429000	159.423000	0.115041	11.511047	11.626100
289.286000	159.423000	0.088526	11.491594	11.580100
302.143000	159.423000	0.103068	11.463885	11.566900
315.000000	159.423000	0.100804	11.300674	11.401500
327.857000	159.423000	0.075432	11.384378	11.459800
340.714000	159.423000	0.100617	11.234094	11.334700
353.571000	159.423000	0.087217	11.300957	11.388200
7.500000	162.388000	0.095493	11.364586	11.460100
22.500000	162.388000	0.097948	11.389580	11.487500
37.500000	162.388000	0.071700	11.379741	11.451400
52.500000	162.388000	0.093555	11.433236	11.526800
67.500000	162.388000	0.101410	11.344002	11.445400
82.500000	162.388000	0.081418	11.368205	11.449600
97.500000	162.388000	0.098530	11.402700	11.501300
112.500000	162.388000	0.103582	11.368883	11.472400
127.500000	162.388000	0.089207	11.406432	11.495700
142.500000	162.388000	0.085796	11.378044	11.463900
157.500000	162.388000	0.102364	11.238810	11.341200
172.500000	162.388000	0.083658	11.494422	11.578100
187.500000	162.388000	0.092807	11.225216	11.318000
202.500000	162.388000	0.080011	11.281120	11.361100
217.500000	162.388000	0.104464	11.388902	11.493300
232.500000	162.388000	0.080532	11.412426	11.492900
247.500000	162.388000	0.103169	11.108533	11.211700
262.500000	162.388000	0.083446	11.442284	11.525700
277.500000	162.388000	0.087197	11.445563	11.532700
292.500000	162.388000	0.087457	11.612948	11.700400
307.500000	162.388000	0.071166	11.405075	11.476200
322.500000	162.388000	0.089156	11.363229	11.452400
337.500000	162.388000	0.097712	11.374538	11.472300
352.500000	162.388000	0.079205	11.392295	11.471500
9.000000	165.341000	0.081175	11.364699	11.445800
27.000000	165.341000	0.084298	11.427581	11.511900
45.000000	165.341000	0.096242	11.291785	11.388000
63.000000	165.341000	0.068174	11.379967	11.448100
81.000000	165.341000	0.082468	11.524732	11.607200
99.000000	165.341000	0.081142	11.344454	11.425600
117.000000	165.341000	0.082033	11.540565	11.622600
135.000000	165.341000	0.087504	11.263861	11.351400
153.000000	165.341000	0.078129	11.380193	11.458400
171.000000	165.341000	0.079494	11.347395	11.426900
189.000000	165.341000	0.076532	11.295698	11.372200
207.000000	165.341000	0.079391	11.429730	11.509200
225.000000	165.341000	0.100672	11.343889	11.444600
243.000000	165.341000	0.080684	11.532083	11.612800
261.000000	165.341000	0.085802	11.322287	11.408100
279.000000	165.341000	0.083173	11.482659	11.565800
297.000000	165.341000	0.076073	11.260321	11.336400
315.000000	165.341000	0.084676	11.330770	11.415500
333.000000	165.341000	0.098817	11.266632	11.365500
351.000000	165.341000	0.082653	11.272298	11.355000
11.250000	168.284000	0.091855	11.354294	11.446200
33.750000	168.284000	0.093006	11.387545	11.480500
56.250000	168.284000	0.104868	11.508672	11.613500
78.750000	168.284000	0.085038	11.396027	11.481100
101.250000	168.284000	0.096845	11.434593	11.531400
123.750000	168.284000	0.073942	11.462641	11.536600
146.250000	168.284000	0.089859	11.317311	11.407200
168.750000	168.284000	0.093375	11.349544	11.442900
191.250000	168.284000	0.087632	11.408354	11.496000
213.750000	168.284000	0.084122	11.411295	11.495400
236.250000	168.284000	0.097392	11.412539	11.509900
258.750000	168.284000	0.086981	11.317990	11.404900
281.250000	168.284000	0.095839	11.457439	11.553300
303.750000	168.284000	0.093730	11.308738	11.402500
326.250000	168.284000	0.096832	11.375669	11.472500
348.750000	168.284000	0.083052	11.488427	11.571400
15.000000	171.220000	0.079238	11.584108	11.663400
45.000000	171.220000	0.087332	11.302563	11.389900
75.000000	171.220000	0.073984	11.291751	11.365700
105.000000	171.220000	0.085742	11.303479	11.389200
135.000000	171.220000	0.066931	11.189873	11.256800
165.000000	171.220000	0.094351	11.431200	11.525600
195.000000	171.220000	0.067205	11.407902	11.475100
225.000000	171.220000	0.073015	11.497023	11.570000
255.000000	171.220000	0.082711	11.454837	11.537600
285.000000	171.220000	0.074640	11.526541	11.601200
315.000000	171.220000	0.073085	11.366622	11.439700
345.000000	171.220000	0.082813	11.371032	11.453800
22.500000	174.150000	0.094328	11.465016	11.559300
67.500000	174.150000	0.093781	11.477796	11.571600
112.500000	174.150000	0.084374	11.307958	11.392300
157.500000	174.150000	0.100077	11.391164	11.491200
202.500000	174.150000	0.096601	11.355990	11.452500
247.500000	174.150000	0.084269	11.301489	11.385800
292.500000	174.150000	0.086848	11.367526	11.454300
337.500000	174.150000	0.089555	11.379062	11.468700
45.000000	177.076000	0.132936	11.021675	11.154600
135.000000	177.076000	0.121864	11.355312	11.477200
225.000000	177.076000	0.128723	11.305447	11.434200
315.000000	177.076000	0.124664	11.466147	11.590800
