# phi	theta	PMT0	PMT1 	total
45.000000	2.924180	0.306757	0.000000	0.306758
135.000000	2.924180	0.293309	0.000000	0.293309
225.000000	2.924180	0.324714	0.000000	0.324713
315.000000	2.924180	0.302941	0.000000	0.302942
22.500000	5.850270	0.317011	0.000000	0.317011
67.500000	5.850270	0.296890	0.000000	0.296890
112.500000	5.850270	0.303692	0.000000	0.303693
157.500000	5.850270	0.283465	0.000000	0.283465
202.500000	5.850270	0.328440	0.000000	0.328440
247.500000	5.850270	0.319169	0.000000	0.319168
292.500000	5.850270	0.291343	0.000000	0.291344
337.500000	5.850270	0.311519	0.000000	0.311519
15.000000	8.780180	0.287254	0.000000	0.287253
45.000000	8.780180	0.286011	0.000000	0.286011
75.000000	8.780180	0.297436	0.000000	0.297436
105.000000	8.780180	0.295536	0.000000	0.295536
135.000000	8.780180	0.316628	0.000000	0.316628
165.000000	8.780180	0.301004	0.000000	0.301004
195.000000	8.780180	0.293932	0.000000	0.293932
225.000000	8.780180	0.317607	0.000000	0.317607
255.000000	8.780180	0.305480	0.000000	0.305481
285.000000	8.780180	0.312090	0.000000	0.312090
315.000000	8.780180	0.297299	0.000000	0.297299
345.000000	8.780180	0.313884	0.000000	0.313884
11.250000	11.715900	0.303730	0.000000	0.303729
33.750000	11.715900	0.318654	0.000000	0.318654
56.250000	11.715900	0.316562	0.000000	0.316561
78.750000	11.715900	0.286018	0.000000	0.286017
101.250000	11.715900	0.303489	0.000000	0.303489
123.750000	11.715900	0.296598	0.000000	0.296598
146.250000	11.715900	0.308021	0.000000	0.308021
168.750000	11.715900	0.307204	0.000000	0.307204
191.250000	11.715900	0.298983	0.000000	0.298983
213.750000	11.715900	0.295848	0.000000	0.295848
236.250000	11.715900	0.304036	0.000000	0.304036
258.750000	11.715900	0.285746	0.000000	0.285747
281.250000	11.715900	0.313960	0.000000	0.313960
303.750000	11.715900	0.275636	0.000000	0.275636
326.250000	11.715900	0.298233	0.000000	0.298233
348.750000	11.715900	0.329048	0.000000	0.329048
9.000000	14.659300	0.274347	0.000000	0.274347
27.000000	14.659300	0.300107	0.000000	0.300107
45.000000	14.659300	0.288457	0.000000	0.288457
63.000000	14.659300	0.298584	0.000000	0.298584
81.000000	14.659300	0.303412	0.000000	0.303412
99.000000	14.659300	0.273396	0.000000	0.273396
117.000000	14.659300	0.296511	0.000000	0.296510
135.000000	14.659300	0.304899	0.000000	0.304899
153.000000	14.659300	0.298126	0.000000	0.298126
171.000000	14.659300	0.313937	0.000000	0.313937
189.000000	14.659300	0.308283	0.000000	0.308283
207.000000	14.659300	0.287035	0.000000	0.287035
225.000000	14.659300	0.292949	0.000000	0.292950
243.000000	14.659300	0.302723	0.000000	0.302723
261.000000	14.659300	0.308416	0.000000	0.308417
279.000000	14.659300	0.296243	0.000000	0.296242
297.000000	14.659300	0.299131	0.000000	0.299131
315.000000	14.659300	0.295631	0.000000	0.295631
333.000000	14.659300	0.300407	0.000000	0.300407
351.000000	14.659300	0.301497	0.000000	0.301497
7.500000	17.612400	0.303517	0.000000	0.303517
22.500000	17.612400	0.300561	0.000000	0.300560
37.500000	17.612400	0.291856	0.000000	0.291856
52.500000	17.612400	0.283633	0.000000	0.283634
67.500000	17.612400	0.296009	0.000000	0.296009
82.500000	17.612400	0.281409	0.000000	0.281408
97.500000	17.612400	0.296339	0.000000	0.296338
112.500000	17.612400	0.301321	0.000000	0.301321
127.500000	17.612400	0.282726	0.000000	0.282726
142.500000	17.612400	0.288728	0.000000	0.288728
157.500000	17.612400	0.290477	0.000000	0.290477
172.500000	17.612400	0.273014	0.000000	0.273013
187.500000	17.612400	0.313358	0.000000	0.313358
202.500000	17.612400	0.282517	0.000000	0.282517
217.500000	17.612400	0.296084	0.000000	0.296084
232.500000	17.612400	0.279304	0.000000	0.279304
247.500000	17.612400	0.275175	0.000000	0.275175
262.500000	17.612400	0.283474	0.000000	0.283474
277.500000	17.612400	0.289913	0.000000	0.289913
292.500000	17.612400	0.285996	0.000000	0.285996
307.500000	17.612400	0.300606	0.000000	0.300605
322.500000	17.612400	0.280141	0.000000	0.280141
337.500000	17.612400	0.306669	0.000000	0.306669
352.500000	17.612400	0.279675	0.000000	0.279675
6.428570	20.577500	0.282396	0.000000	0.282397
19.285700	20.577500	0.286810	0.000000	0.286810
32.142900	20.577500	0.285130	0.000000	0.285130
45.000000	20.577500	0.268337	0.000000	0.268337
57.857100	20.577500	0.266790	0.000000	0.266790
70.714300	20.577500	0.283391	0.000000	0.283391
83.571400	20.577500	0.292040	0.000000	0.292040
96.428600	20.577500	0.272915	0.000000	0.272916
109.286000	20.577500	0.268552	0.000000	0.268552
122.143000	20.577500	0.268228	0.000000	0.268228
135.000000	20.577500	0.293045	0.000000	0.293045
147.857000	20.577500	0.299883	0.000000	0.299883
160.714000	20.577500	0.288579	0.000000	0.288579
173.571000	20.577500	0.277991	0.000000	0.277991
186.429000	20.577500	0.280311	0.000000	0.280310
199.286000	20.577500	0.284251	0.000000	0.284251
212.143000	20.577500	0.278658	0.000000	0.278658
225.000000	20.577500	0.294637	0.000000	0.294637
237.857000	20.577500	0.286034	0.000000	0.286035
250.714000	20.577500	0.283920	0.000000	0.283920
263.571000	20.577500	0.296394	0.000000	0.296394
276.429000	20.577500	0.266345	0.000000	0.266345
289.286000	20.577500	0.277891	0.000000	0.277892
302.143000	20.577500	0.301018	0.000000	0.301018
315.000000	20.577500	0.304845	0.000000	0.304845
327.857000	20.577500	0.295556	0.000000	0.295556
340.714000	20.577500	0.295953	0.000000	0.295953
353.571000	20.577500	0.289038	0.000000	0.289038
5.625000	23.556500	0.272995	0.000000	0.272995
16.875000	23.556500	0.286784	0.000000	0.286784
28.125000	23.556500	0.274907	0.000000	0.274906
39.375000	23.556500	0.267542	0.000000	0.267542
50.625000	23.556500	0.260944	0.000000	0.260944
61.875000	23.556500	0.272688	0.000000	0.272687
73.125000	23.556500	0.262342	0.000000	0.262342
84.375000	23.556500	0.270648	0.000000	0.270647
95.625000	23.556500	0.272120	0.000000	0.272121
106.875000	23.556500	0.261337	0.000000	0.261337
118.125000	23.556500	0.279100	0.000000	0.279101
129.375000	23.556500	0.288189	0.000000	0.288189
140.625000	23.556500	0.269557	0.000000	0.269558
151.875000	23.556500	0.269997	0.000000	0.269997
163.125000	23.556500	0.273404	0.000000	0.273403
174.375000	23.556500	0.285185	0.000000	0.285186
185.625000	23.556500	0.264679	0.000000	0.264679
196.875000	23.556500	0.266356	0.000000	0.266355
208.125000	23.556500	0.271229	0.000000	0.271229
219.375000	23.556500	0.271179	0.000000	0.271179
230.625000	23.556500	0.273164	0.000000	0.273164
241.875000	23.556500	0.264549	0.000000	0.264549
253.125000	23.556500	0.272903	0.000000	0.272903
264.375000	23.556500	0.275287	0.000000	0.275287
275.625000	23.556500	0.261328	0.000000	0.261328
286.875000	23.556500	0.266926	0.000000	0.266926
298.125000	23.556500	0.288601	0.000000	0.288600
309.375000	23.556500	0.263325	0.000000	0.263324
320.625000	23.556500	0.277724	0.000000	0.277725
331.875000	23.556500	0.272932	0.000000	0.272932
343.125000	23.556500	0.260321	0.000000	0.260321
354.375000	23.556500	0.288921	0.000000	0.288920
5.000000	26.551700	0.282168	0.000000	0.282168
15.000000	26.551700	0.254462	0.000000	0.254462
25.000000	26.551700	0.272454	0.000000	0.272453
35.000000	26.551700	0.263898	0.000000	0.263898
45.000000	26.551700	0.256568	0.000000	0.256568
55.000000	26.551700	0.285323	0.000000	0.285323
65.000000	26.551700	0.266340	0.000000	0.266339
75.000000	26.551700	0.249907	0.000000	0.249906
85.000000	26.551700	0.253874	0.000000	0.253875
95.000000	26.551700	0.261924	0.000000	0.261924
105.000000	26.551700	0.256834	0.000000	0.256834
115.000000	26.551700	0.280324	0.000000	0.280325
125.000000	26.551700	0.263775	0.000000	0.263775
135.000000	26.551700	0.265605	0.000000	0.265604
145.000000	26.551700	0.275956	0.000000	0.275957
155.000000	26.551700	0.271682	0.000000	0.271682
165.000000	26.551700	0.264755	0.000000	0.264755
175.000000	26.551700	0.251838	0.000000	0.251839
185.000000	26.551700	0.274888	0.000000	0.274887
195.000000	26.551700	0.264087	0.000000	0.264086
205.000000	26.551700	0.261409	0.000000	0.261409
215.000000	26.551700	0.258985	0.000000	0.258984
225.000000	26.551700	0.265298	0.000000	0.265298
235.000000	26.551700	0.252967	0.000000	0.252968
245.000000	26.551700	0.258736	0.000000	0.258736
255.000000	26.551700	0.278106	0.000000	0.278107
265.000000	26.551700	0.258868	0.000000	0.258869
275.000000	26.551700	0.271177	0.000000	0.271177
285.000000	26.551700	0.266532	0.000000	0.266532
295.000000	26.551700	0.252913	0.000000	0.252912
305.000000	26.551700	0.253432	0.000000	0.253432
315.000000	26.551700	0.259503	0.000000	0.259502
325.000000	26.551700	0.273413	0.000000	0.273412
335.000000	26.551700	0.265356	0.000000	0.265356
345.000000	26.551700	0.286459	0.000000	0.286459
355.000000	26.551700	0.251539	0.000000	0.251539
4.500000	29.565600	0.258170	0.000000	0.258170
13.500000	29.565600	0.240800	0.000000	0.240800
22.500000	29.565600	0.240332	0.000000	0.240331
31.500000	29.565600	0.247348	0.000000	0.247349
40.500000	29.565600	0.244337	0.000000	0.244337
49.500000	29.565600	0.268949	0.000000	0.268949
58.500000	29.565600	0.258006	0.000000	0.258005
67.500000	29.565600	0.241696	0.000000	0.241696
76.500000	29.565600	0.262028	0.000000	0.262028
85.500000	29.565600	0.248686	0.000000	0.248687
94.500000	29.565600	0.264952	0.000000	0.264952
103.500000	29.565600	0.247515	0.000000	0.247515
112.500000	29.565600	0.247929	0.000000	0.247928
121.500000	29.565600	0.257861	0.000000	0.257861
130.500000	29.565600	0.237429	0.000000	0.237429
139.500000	29.565600	0.251005	0.000000	0.251005
148.500000	29.565600	0.236690	0.000000	0.236690
157.500000	29.565600	0.264098	0.000000	0.264098
166.500000	29.565600	0.249605	0.000000	0.249604
175.500000	29.565600	0.242549	0.000000	0.242549
184.500000	29.565600	0.265619	0.000000	0.265620
193.500000	29.565600	0.244418	0.000000	0.244418
202.500000	29.565600	0.262623	0.000000	0.262624
211.500000	29.565600	0.246732	0.000000	0.246732
220.500000	29.565600	0.262075	0.000000	0.262075
229.500000	29.565600	0.256003	0.000000	0.256002
238.500000	29.565600	0.256508	0.000000	0.256508
247.500000	29.565600	0.267854	0.000000	0.267854
256.500000	29.565600	0.248070	0.000000	0.248070
265.500000	29.565600	0.238996	0.000000	0.238996
274.500000	29.565600	0.248516	0.000000	0.248516
283.500000	29.565600	0.237731	0.000000	0.237731
292.500000	29.565600	0.223916	0.000000	0.223916
301.500000	29.565600	0.230231	0.000000	0.230231
310.500000	29.565600	0.259580	0.000000	0.259580
319.500000	29.565600	0.236829	0.000000	0.236829
328.500000	29.565600	0.246246	0.000000	0.246246
337.500000	29.565600	0.248387	0.000000	0.248387
346.500000	29.565600	0.241606	0.000000	0.241606
355.500000	29.565600	0.251375	0.000000	0.251375
4.090910	32.600500	0.251793	0.000000	0.251793
12.272700	32.600500	0.239974	0.000000	0.239974
20.454500	32.600500	0.220013	0.000000	0.220013
28.636400	32.600500	0.240368	0.000000	0.240368
36.818200	32.600500	0.237823	0.000000	0.237824
45.000000	32.600500	0.243399	0.000000	0.243399
53.181800	32.600500	0.249416	0.000000	0.249415
61.363600	32.600500	0.254981	0.000000	0.254982
69.545500	32.600500	0.239717	0.000000	0.239717
77.727300	32.600500	0.240604	0.000000	0.240605
85.909100	32.600500	0.243545	0.000000	0.243545
94.090900	32.600500	0.225729	0.000000	0.225729
102.273000	32.600500	0.235348	0.000000	0.235348
110.455000	32.600500	0.232545	0.000000	0.232545
118.636000	32.600500	0.254745	0.000000	0.254744
126.818000	32.600500	0.241860	0.000000	0.241860
135.000000	32.600500	0.219686	0.000000	0.219686
143.182000	32.600500	0.230605	0.000000	0.230605
151.364000	32.600500	0.237880	0.000000	0.237880
159.545000	32.600500	0.246438	0.000000	0.246438
167.727000	32.600500	0.218992	0.000000	0.218991
175.909000	32.600500	0.245143	0.000000	0.245143
184.091000	32.600500	0.240694	0.000000	0.240694
192.273000	32.600500	0.227443	0.000000	0.227443
200.455000	32.600500	0.234840	0.000000	0.234840
208.636000	32.600500	0.245060	0.000000	0.245061
216.818000	32.600500	0.223729	0.000000	0.223729
225.000000	32.600500	0.229272	0.000000	0.229272
233.182000	32.600500	0.227973	0.000000	0.227973
241.364000	32.600500	0.254117	0.000000	0.254117
249.545000	32.600500	0.233174	0.000000	0.233173
257.727000	32.600500	0.253799	0.000000	0.253800
265.909000	32.600500	0.239836	0.000000	0.239837
274.091000	32.600500	0.248501	0.000000	0.248500
282.273000	32.600500	0.235436	0.000000	0.235436
290.455000	32.600500	0.242261	0.000000	0.242262
298.636000	32.600500	0.253361	0.000000	0.253361
306.818000	32.600500	0.230503	0.000000	0.230503
315.000000	32.600500	0.228557	0.000000	0.228558
323.182000	32.600500	0.259246	0.000000	0.259246
331.364000	32.600500	0.233768	0.000000	0.233768
339.545000	32.600500	0.248038	0.000000	0.248039
347.727000	32.600500	0.242538	0.000000	0.242538
355.909000	32.600500	0.234606	0.000000	0.234606
3.750000	35.659100	0.235911	0.000000	0.235911
11.250000	35.659100	0.214612	0.000000	0.214612
18.750000	35.659100	0.216774	0.000000	0.216774
26.250000	35.659100	0.215335	0.000000	0.215335
33.750000	35.659100	0.231430	0.000000	0.231430
41.250000	35.659100	0.234314	0.000330	0.234644
48.750000	35.659100	0.200100	0.000000	0.200099
56.250000	35.659100	0.243029	0.000000	0.243029
63.750000	35.659100	0.227992	0.000000	0.227992
71.250000	35.659100	0.224790	0.000000	0.224790
78.750000	35.659100	0.213628	0.000000	0.213628
86.250000	35.659100	0.220161	0.000000	0.220161
93.750000	35.659100	0.229115	0.000000	0.229115
101.250000	35.659100	0.224359	0.000000	0.224359
108.750000	35.659100	0.211709	0.000000	0.211709
116.250000	35.659100	0.228907	0.000000	0.228907
123.750000	35.659100	0.210997	0.000000	0.210997
131.250000	35.659100	0.209361	0.000000	0.209361
138.750000	35.659100	0.223938	0.000000	0.223939
146.250000	35.659100	0.223729	0.000000	0.223729
153.750000	35.659100	0.211379	0.000000	0.211379
161.250000	35.659100	0.230248	0.000000	0.230248
168.750000	35.659100	0.216048	0.000000	0.216048
176.250000	35.659100	0.235789	0.000000	0.235788
183.750000	35.659100	0.233141	0.000000	0.233142
191.250000	35.659100	0.229003	0.000000	0.229003
198.750000	35.659100	0.223417	0.000000	0.223417
206.250000	35.659100	0.232572	0.000000	0.232572
213.750000	35.659100	0.220863	0.000000	0.220864
221.250000	35.659100	0.243980	0.000000	0.243981
228.750000	35.659100	0.225704	0.000000	0.225704
236.250000	35.659100	0.224113	0.000000	0.224113
243.750000	35.659100	0.235327	0.000000	0.235328
251.250000	35.659100	0.209854	0.000000	0.209855
258.750000	35.659100	0.222125	0.000000	0.222126
266.250000	35.659100	0.203544	0.000000	0.203544
273.750000	35.659100	0.218933	0.000000	0.218932
281.250000	35.659100	0.238461	0.000000	0.238461
288.750000	35.659100	0.225089	0.000000	0.225089
296.250000	35.659100	0.244058	0.000000	0.244059
303.750000	35.659100	0.238237	0.000000	0.238238
311.250000	35.659100	0.223549	0.000000	0.223550
318.750000	35.659100	0.213204	0.000000	0.213204
326.250000	35.659100	0.204742	0.000342	0.205084
333.750000	35.659100	0.251146	0.000000	0.251146
341.250000	35.659100	0.212470	0.000000	0.212471
348.750000	35.659100	0.206322	0.000000	0.206322
356.250000	35.659100	0.213418	0.000000	0.213418
3.461540	38.744200	0.203125	0.000304	0.203429
10.384600	38.744200	0.200353	0.000000	0.200353
17.307700	38.744200	0.216770	0.000000	0.216770
24.230800	38.744200	0.199798	0.000000	0.199798
31.153800	38.744200	0.207527	0.000000	0.207527
38.076900	38.744200	0.219876	0.000000	0.219875
45.000000	38.744200	0.227163	0.000000	0.227163
51.923100	38.744200	0.212890	0.000000	0.212890
58.846200	38.744200	0.203839	0.000000	0.203838
65.769200	38.744200	0.221376	0.000000	0.221375
72.692300	38.744200	0.199290	0.000000	0.199290
79.615400	38.744200	0.227524	0.000000	0.227524
86.538500	38.744200	0.213991	0.000000	0.213992
93.461500	38.744200	0.214819	0.000000	0.214819
100.385000	38.744200	0.225735	0.000000	0.225735
107.308000	38.744200	0.216068	0.000000	0.216068
114.231000	38.744200	0.210441	0.000000	0.210441
121.154000	38.744200	0.193050	0.000000	0.193050
128.077000	38.744200	0.202963	0.000000	0.202964
135.000000	38.744200	0.227382	0.000000	0.227382
141.923000	38.744200	0.218676	0.000000	0.218676
148.846000	38.744200	0.209722	0.000000	0.209722
155.769000	38.744200	0.223228	0.000000	0.223228
162.692000	38.744200	0.213099	0.000000	0.213099
169.615000	38.744200	0.219374	0.000000	0.219374
176.538000	38.744200	0.197621	0.000000	0.197620
183.462000	38.744200	0.213511	0.000000	0.213511
190.385000	38.744200	0.199600	0.000000	0.199600
197.308000	38.744200	0.208822	0.000000	0.208822
204.231000	38.744200	0.215329	0.000000	0.215330
211.154000	38.744200	0.206923	0.000000	0.206923
218.077000	38.744200	0.208165	0.000000	0.208165
225.000000	38.744200	0.208469	0.000000	0.208469
231.923000	38.744200	0.206839	0.000000	0.206839
238.846000	38.744200	0.217708	0.000000	0.217708
245.769000	38.744200	0.221238	0.000000	0.221238
252.692000	38.744200	0.209168	0.000000	0.209167
259.615000	38.744200	0.234382	0.000343	0.234725
266.538000	38.744200	0.199089	0.000000	0.199089
273.462000	38.744200	0.197893	0.000000	0.197893
280.385000	38.744200	0.216356	0.000000	0.216356
287.308000	38.744200	0.211701	0.000000	0.211701
294.231000	38.744200	0.201425	0.000000	0.201426
301.154000	38.744200	0.214123	0.000000	0.214123
308.077000	38.744200	0.199897	0.000000	0.199897
315.000000	38.744200	0.206052	0.000000	0.206052
321.923000	38.744200	0.214471	0.000328	0.214799
328.846000	38.744200	0.199627	0.000000	0.199627
335.769000	38.744200	0.224704	0.000000	0.224704
342.692000	38.744200	0.200058	0.000000	0.200058
349.615000	38.744200	0.218443	0.000000	0.218443
356.538000	38.744200	0.214798	0.000000	0.214798
3.214290	41.858800	0.208646	0.000000	0.208646
9.642860	41.858800	0.199691	0.000000	0.199691
16.071400	41.858800	0.213348	0.000000	0.213347
22.500000	41.858800	0.202002	0.000000	0.202002
28.928600	41.858800	0.195861	0.000000	0.195860
35.357100	41.858800	0.195136	0.000000	0.195136
41.785700	41.858800	0.194369	0.000378	0.194747
48.214300	41.858800	0.185400	0.000000	0.185400
54.642900	41.858800	0.204993	0.000287	0.205280
61.071400	41.858800	0.199907	0.000000	0.199908
67.500000	41.858800	0.177066	0.000300	0.177365
73.928600	41.858800	0.206732	0.000000	0.206731
80.357100	41.858800	0.186343	0.000000	0.186343
86.785700	41.858800	0.196303	0.000000	0.196303
93.214300	41.858800	0.203524	0.000369	0.203893
99.642900	41.858800	0.176376	0.000000	0.176376
106.071000	41.858800	0.201199	0.000000	0.201200
112.500000	41.858800	0.192709	0.000000	0.192709
118.929000	41.858800	0.208559	0.000000	0.208559
125.357000	41.858800	0.189940	0.000000	0.189940
131.786000	41.858800	0.199944	0.000000	0.199943
138.214000	41.858800	0.184135	0.000378	0.184513
144.643000	41.858800	0.206777	0.000000	0.206777
151.071000	41.858800	0.194077	0.000000	0.194077
157.500000	41.858800	0.199017	0.000000	0.199018
163.929000	41.858800	0.193225	0.000000	0.193224
170.357000	41.858800	0.194402	0.000302	0.194703
176.786000	41.858800	0.198780	0.000000	0.198780
183.214000	41.858800	0.196743	0.000000	0.196743
189.643000	41.858800	0.199620	0.000000	0.199620
196.071000	41.858800	0.196908	0.000000	0.196908
202.500000	41.858800	0.201654	0.000000	0.201654
208.929000	41.858800	0.207124	0.000363	0.207487
215.357000	41.858800	0.180299	0.000000	0.180298
221.786000	41.858800	0.201188	0.000377	0.201565
228.214000	41.858800	0.196271	0.000000	0.196271
234.643000	41.858800	0.192287	0.000000	0.192287
241.071000	41.858800	0.198318	0.000341	0.198659
247.500000	41.858800	0.200160	0.000000	0.200159
253.929000	41.858800	0.193893	0.000000	0.193893
260.357000	41.858800	0.182121	0.000000	0.182121
266.786000	41.858800	0.191229	0.000000	0.191230
273.214000	41.858800	0.199702	0.000000	0.199702
279.643000	41.858800	0.205325	0.000000	0.205325
286.071000	41.858800	0.195775	0.000000	0.195775
292.500000	41.858800	0.179651	0.000000	0.179650
298.929000	41.858800	0.192772	0.000000	0.192772
305.357000	41.858800	0.191513	0.000000	0.191514
311.786000	41.858800	0.189786	0.000000	0.189786
318.214000	41.858800	0.207263	0.000000	0.207263
324.643000	41.858800	0.201168	0.000000	0.201169
331.071000	41.858800	0.192439	0.000000	0.192438
337.500000	41.858800	0.191011	0.000000	0.191011
343.929000	41.858800	0.199492	0.000000	0.199493
350.357000	41.858800	0.192030	0.000000	0.192030
356.786000	41.858800	0.186190	0.000000	0.186190
3.000000	45.006100	0.172592	0.000311	0.172903
9.000000	45.006100	0.175484	0.000000	0.175484
15.000000	45.006100	0.167835	0.000000	0.167836
21.000000	45.006100	0.172704	0.000344	0.173048
27.000000	45.006100	0.175951	0.000000	0.175951
33.000000	45.006100	0.186288	0.000000	0.186289
39.000000	45.006100	0.191952	0.000294	0.192246
45.000000	45.006100	0.167624	0.000000	0.167624
51.000000	45.006100	0.180633	0.000000	0.180633
57.000000	45.006100	0.184935	0.000336	0.185271
63.000000	45.006100	0.183712	0.000000	0.183712
69.000000	45.006100	0.168280	0.000378	0.168658
75.000000	45.006100	0.191223	0.000000	0.191223
81.000000	45.006100	0.178223	0.000338	0.178562
87.000000	45.006100	0.189400	0.000331	0.189731
93.000000	45.006100	0.178914	0.000327	0.179241
99.000000	45.006100	0.186776	0.000000	0.186776
105.000000	45.006100	0.185357	0.000318	0.185675
111.000000	45.006100	0.180838	0.000335	0.181173
117.000000	45.006100	0.190915	0.000000	0.190915
123.000000	45.006100	0.181857	0.000000	0.181857
129.000000	45.006100	0.169852	0.000333	0.170186
135.000000	45.006100	0.178138	0.000000	0.178139
141.000000	45.006100	0.174988	0.000319	0.175307
147.000000	45.006100	0.170636	0.000000	0.170636
153.000000	45.006100	0.186123	0.000334	0.186457
159.000000	45.006100	0.189944	0.000341	0.190284
165.000000	45.006100	0.182112	0.000000	0.182112
171.000000	45.006100	0.175351	0.000000	0.175350
177.000000	45.006100	0.188106	0.000000	0.188106
183.000000	45.006100	0.178707	0.000000	0.178708
189.000000	45.006100	0.171441	0.000287	0.171728
195.000000	45.006100	0.176931	0.000000	0.176931
201.000000	45.006100	0.184828	0.000344	0.185172
207.000000	45.006100	0.185882	0.000000	0.185882
213.000000	45.006100	0.179782	0.000000	0.179781
219.000000	45.006100	0.189217	0.000000	0.189217
225.000000	45.006100	0.184584	0.000000	0.184584
231.000000	45.006100	0.173912	0.000000	0.173912
237.000000	45.006100	0.188908	0.000000	0.188907
243.000000	45.006100	0.179053	0.000000	0.179053
249.000000	45.006100	0.176888	0.000343	0.177230
255.000000	45.006100	0.177513	0.000331	0.177845
261.000000	45.006100	0.195661	0.000000	0.195661
267.000000	45.006100	0.196862	0.000319	0.197180
273.000000	45.006100	0.178640	0.000000	0.178640
279.000000	45.006100	0.188278	0.000000	0.188278
285.000000	45.006100	0.181192	0.000341	0.181533
291.000000	45.006100	0.185413	0.000000	0.185413
297.000000	45.006100	0.178215	0.000000	0.178216
303.000000	45.006100	0.166525	0.000000	0.166525
309.000000	45.006100	0.179944	0.000699	0.180643
315.000000	45.006100	0.185169	0.000000	0.185169
321.000000	45.006100	0.180050	0.000367	0.180417
327.000000	45.006100	0.170262	0.000000	0.170263
333.000000	45.006100	0.185911	0.000000	0.185911
339.000000	45.006100	0.176517	0.000000	0.176517
345.000000	45.006100	0.176827	0.000000	0.176827
351.000000	45.006100	0.186081	0.000000	0.186081
357.000000	45.006100	0.166293	0.000000	0.166292
2.812500	48.189700	0.158247	0.000000	0.158247
8.437500	48.189700	0.154802	0.000000	0.154802
14.062500	48.189700	0.150149	0.000000	0.150150
19.687500	48.189700	0.170147	0.000000	0.170147
25.312500	48.189700	0.168753	0.000942	0.169695
30.937500	48.189700	0.175239	0.000000	0.175239
36.562500	48.189700	0.169908	0.000592	0.170500
42.187500	48.189700	0.150604	0.000000	0.150604
47.812500	48.189700	0.156295	0.000352	0.156646
53.437500	48.189700	0.158747	0.000560	0.159307
59.062500	48.189700	0.164894	0.000000	0.164894
64.687500	48.189700	0.177982	0.000322	0.178305
70.312500	48.189700	0.160780	0.000000	0.160780
75.937500	48.189700	0.163751	0.000000	0.163752
81.562500	48.189700	0.175942	0.000341	0.176283
87.187500	48.189700	0.166743	0.000000	0.166742
92.812500	48.189700	0.170279	0.000307	0.170586
98.437500	48.189700	0.155840	0.000000	0.155841
104.062000	48.189700	0.166666	0.000638	0.167304
109.688000	48.189700	0.157904	0.000262	0.158167
115.312000	48.189700	0.154509	0.000000	0.154509
120.938000	48.189700	0.152280	0.000000	0.152280
126.562000	48.189700	0.167324	0.000000	0.167324
132.188000	48.189700	0.170363	0.000314	0.170677
137.812000	48.189700	0.161237	0.000000	0.161237
143.437000	48.189700	0.167940	0.000000	0.167941
149.062000	48.189700	0.175083	0.000936	0.176019
154.688000	48.189700	0.154628	0.000289	0.154917
160.312000	48.189700	0.155023	0.000309	0.155332
165.938000	48.189700	0.164824	0.000000	0.164823
171.562000	48.189700	0.170793	0.000000	0.170793
177.188000	48.189700	0.186535	0.000313	0.186847
182.812000	48.189700	0.165216	0.000290	0.165507
188.438000	48.189700	0.174577	0.000364	0.174942
194.062000	48.189700	0.152840	0.000289	0.153129
199.687000	48.189700	0.162697	0.000000	0.162697
205.312000	48.189700	0.154121	0.000582	0.154702
210.938000	48.189700	0.175250	0.000658	0.175908
216.562000	48.189700	0.145069	0.000687	0.145756
222.188000	48.189700	0.172246	0.000345	0.172591
227.812000	48.189700	0.157650	0.000344	0.157994
233.438000	48.189700	0.165726	0.000000	0.165726
239.062000	48.189700	0.146659	0.000981	0.147640
244.687000	48.189700	0.165406	0.000000	0.165406
250.312000	48.189700	0.166491	0.000629	0.167119
255.937000	48.189700	0.169415	0.000000	0.169415
261.562000	48.189700	0.162841	0.000000	0.162841
267.188000	48.189700	0.170174	0.000297	0.170471
272.812000	48.189700	0.168246	0.000327	0.168573
278.438000	48.189700	0.163132	0.000655	0.163787
284.062000	48.189700	0.159667	0.000907	0.160574
289.688000	48.189700	0.172351	0.000000	0.172351
295.312000	48.189700	0.170369	0.000000	0.170369
300.938000	48.189700	0.161405	0.000000	0.161405
306.562000	48.189700	0.153168	0.000308	0.153476
312.187000	48.189700	0.162316	0.000982	0.163298
317.812000	48.189700	0.170131	0.000000	0.170132
323.438000	48.189700	0.167954	0.000343	0.168296
329.062000	48.189700	0.184800	0.000000	0.184800
334.688000	48.189700	0.149257	0.000000	0.149257
340.312000	48.189700	0.169356	0.000682	0.170039
345.938000	48.189700	0.174860	0.000316	0.175176
351.562000	48.189700	0.155593	0.000303	0.155895
357.187000	48.189700	0.167176	0.000000	0.167176
0.000000	51.317800	0.149579	0.000656	0.150235
5.625000	51.317800	0.135040	0.000000	0.135040
11.250000	51.317800	0.147418	0.000630	0.148048
16.875000	51.317800	0.150721	0.001718	0.152439
22.500000	51.317800	0.158145	0.000281	0.158427
28.125000	51.317800	0.147185	0.000000	0.147185
33.750000	51.317800	0.147968	0.000000	0.147967
39.375000	51.317800	0.143182	0.000000	0.143183
45.000000	51.317800	0.157841	0.000560	0.158401
50.625000	51.317800	0.147921	0.000316	0.148237
56.250000	51.317800	0.147340	0.000000	0.147340
61.875000	51.317800	0.154206	0.000000	0.154206
67.500000	51.317800	0.145131	0.000949	0.146081
73.125000	51.317800	0.140475	0.000298	0.140773
78.750000	51.317800	0.146542	0.000000	0.146543
84.375000	51.317800	0.144029	0.000299	0.144328
90.000000	51.317800	0.157424	0.000604	0.158027
95.625000	51.317800	0.157030	0.000664	0.157694
101.250000	51.317800	0.159002	0.000000	0.159002
106.875000	51.317800	0.145885	0.000000	0.145885
112.500000	51.317800	0.149308	0.000295	0.149602
118.125000	51.317800	0.137094	0.001326	0.138420
123.750000	51.317800	0.150750	0.000263	0.151013
129.375000	51.317800	0.158431	0.000543	0.158974
135.000000	51.317800	0.147574	0.000593	0.148167
140.625000	51.317800	0.150754	0.000621	0.151375
146.250000	51.317800	0.148997	0.000000	0.148997
151.875000	51.317800	0.149879	0.000000	0.149879
157.500000	51.317800	0.155596	0.000299	0.155894
163.125000	51.317800	0.134448	0.000343	0.134790
168.750000	51.317800	0.155366	0.000315	0.155682
174.375000	51.317800	0.138786	0.000301	0.139087
180.000000	51.317800	0.148801	0.000000	0.148802
185.625000	51.317800	0.139190	0.000000	0.139189
191.250000	51.317800	0.143897	0.000269	0.144166
196.875000	51.317800	0.137606	0.000000	0.137605
202.500000	51.317800	0.137211	0.000000	0.137211
208.125000	51.317800	0.152902	0.000963	0.153865
213.750000	51.317800	0.157952	0.000723	0.158675
219.375000	51.317800	0.153271	0.000322	0.153594
225.000000	51.317800	0.151359	0.000000	0.151359
230.625000	51.317800	0.162359	0.000699	0.163058
236.250000	51.317800	0.152928	0.000927	0.153855
241.875000	51.317800	0.146151	0.000644	0.146795
247.500000	51.317800	0.133913	0.000566	0.134479
253.125000	51.317800	0.149914	0.001552	0.151466
258.750000	51.317800	0.144009	0.000000	0.144009
264.375000	51.317800	0.146878	0.001349	0.148227
270.000000	51.317800	0.139507	0.000678	0.140184
275.625000	51.317800	0.151878	0.000000	0.151878
281.250000	51.317800	0.152771	0.000897	0.153667
286.875000	51.317800	0.139731	0.000000	0.139731
292.500000	51.317800	0.151762	0.000000	0.151761
298.125000	51.317800	0.159196	0.000664	0.159860
303.750000	51.317800	0.144025	0.000592	0.144617
309.375000	51.317800	0.140560	0.000000	0.140560
315.000000	51.317800	0.147505	0.000000	0.147505
320.625000	51.317800	0.128035	0.000287	0.128323
326.250000	51.317800	0.146485	0.000558	0.147043
331.875000	51.317800	0.152512	0.000291	0.152802
337.500000	51.317800	0.148834	0.000302	0.149136
343.125000	51.317800	0.140764	0.000263	0.141027
348.750000	51.317800	0.156094	0.000976	0.157070
354.375000	51.317800	0.152174	0.000000	0.152174
2.812500	54.314700	0.133243	0.000657	0.133901
8.437500	54.314700	0.140480	0.000657	0.141137
14.062500	54.314700	0.133617	0.000973	0.134589
19.687500	54.314700	0.127998	0.000377	0.128375
25.312500	54.314700	0.141953	0.001175	0.143128
30.937500	54.314700	0.144319	0.000000	0.144319
36.562500	54.314700	0.133887	0.000341	0.134228
42.187500	54.314700	0.134507	0.000000	0.134506
47.812500	54.314700	0.125935	0.000000	0.125935
53.437500	54.314700	0.127665	0.000668	0.128333
59.062500	54.314700	0.130365	0.000296	0.130661
64.687500	54.314700	0.154581	0.000341	0.154923
70.312500	54.314700	0.135558	0.000609	0.136167
75.937500	54.314700	0.135302	0.000289	0.135590
81.562500	54.314700	0.127595	0.000231	0.127825
87.187500	54.314700	0.149304	0.001474	0.150778
92.812500	54.314700	0.141708	0.000616	0.142324
98.437500	54.314700	0.124811	0.000961	0.125772
104.062000	54.314700	0.144486	0.000873	0.145360
109.688000	54.314700	0.141109	0.001100	0.142210
115.312000	54.314700	0.136452	0.000563	0.137016
120.938000	54.314700	0.123981	0.000516	0.124497
126.562000	54.314700	0.137655	0.000880	0.138535
132.188000	54.314700	0.137135	0.000000	0.137135
137.812000	54.314700	0.135112	0.001335	0.136447
143.437000	54.314700	0.134737	0.000991	0.135728
149.062000	54.314700	0.120389	0.000800	0.121189
154.688000	54.314700	0.138634	0.000867	0.139500
160.312000	54.314700	0.125704	0.000319	0.126024
165.938000	54.314700	0.142509	0.002069	0.144578
171.562000	54.314700	0.137205	0.000893	0.138098
177.188000	54.314700	0.125742	0.000341	0.126082
182.812000	54.314700	0.130039	0.000833	0.130872
188.438000	54.314700	0.132860	0.000000	0.132860
194.062000	54.314700	0.127520	0.000308	0.127828
199.687000	54.314700	0.127484	0.000553	0.128037
205.312000	54.314700	0.129337	0.000875	0.130211
210.938000	54.314700	0.133744	0.000613	0.134357
216.562000	54.314700	0.136879	0.000000	0.136880
222.188000	54.314700	0.141492	0.000298	0.141789
227.812000	54.314700	0.122840	0.001350	0.124189
233.438000	54.314700	0.134427	0.000284	0.134712
239.062000	54.314700	0.134331	0.000000	0.134331
244.687000	54.314700	0.144119	0.001146	0.145265
250.312000	54.314700	0.147067	0.001164	0.148232
255.937000	54.314700	0.138580	0.000348	0.138928
261.562000	54.314700	0.129521	0.001374	0.130895
267.188000	54.314700	0.140588	0.000326	0.140913
272.812000	54.314700	0.135090	0.001768	0.136858
278.438000	54.314700	0.138257	0.001064	0.139321
284.062000	54.314700	0.127474	0.000651	0.128125
289.688000	54.314700	0.137270	0.000342	0.137612
295.312000	54.314700	0.128472	0.000497	0.128969
300.938000	54.314700	0.140399	0.000916	0.141316
306.562000	54.314700	0.118941	0.000542	0.119483
312.187000	54.314700	0.139340	0.000000	0.139341
317.812000	54.314700	0.147186	0.000316	0.147502
323.438000	54.314700	0.131066	0.000373	0.131439
329.062000	54.314700	0.136832	0.000666	0.137498
334.688000	54.314700	0.123036	0.000583	0.123619
340.312000	54.314700	0.145312	0.000562	0.145874
345.938000	54.314700	0.145752	0.001502	0.147254
351.562000	54.314700	0.125156	0.000634	0.125791
357.187000	54.314700	0.130701	0.000919	0.131620
0.000000	57.202800	0.125444	0.002013	0.127458
5.625000	57.202800	0.111045	0.000728	0.111773
11.250000	57.202800	0.129026	0.000589	0.129615
16.875000	57.202800	0.115139	0.000700	0.115840
22.500000	57.202800	0.121303	0.000341	0.121644
28.125000	57.202800	0.130555	0.000328	0.130883
33.750000	57.202800	0.126419	0.001451	0.127870
39.375000	57.202800	0.129225	0.001570	0.130796
45.000000	57.202800	0.115028	0.001600	0.116628
50.625000	57.202800	0.115105	0.000342	0.115447
56.250000	57.202800	0.128827	0.000984	0.129811
61.875000	57.202800	0.119095	0.001608	0.120703
67.500000	57.202800	0.124731	0.000722	0.125453
73.125000	57.202800	0.116526	0.001010	0.117536
78.750000	57.202800	0.111267	0.001456	0.112724
84.375000	57.202800	0.130258	0.001376	0.131633
90.000000	57.202800	0.112473	0.000512	0.112985
95.625000	57.202800	0.122527	0.002131	0.124658
101.250000	57.202800	0.124331	0.000579	0.124910
106.875000	57.202800	0.121195	0.000766	0.121961
112.500000	57.202800	0.124564	0.000932	0.125496
118.125000	57.202800	0.117247	0.001396	0.118643
123.750000	57.202800	0.122797	0.000986	0.123783
129.375000	57.202800	0.123552	0.000837	0.124390
135.000000	57.202800	0.119725	0.000620	0.120345
140.625000	57.202800	0.128508	0.002036	0.130543
146.250000	57.202800	0.127538	0.000545	0.128082
151.875000	57.202800	0.132549	0.000942	0.133491
157.500000	57.202800	0.119536	0.000555	0.120091
163.125000	57.202800	0.118602	0.000630	0.119231
168.750000	57.202800	0.129355	0.000582	0.129937
174.375000	57.202800	0.126507	0.000218	0.126726
180.000000	57.202800	0.112529	0.001251	0.113780
185.625000	57.202800	0.099193	0.001272	0.100464
191.250000	57.202800	0.117622	0.000714	0.118336
196.875000	57.202800	0.122119	0.000638	0.122757
202.500000	57.202800	0.128975	0.000562	0.129537
208.125000	57.202800	0.122927	0.000340	0.123267
213.750000	57.202800	0.116004	0.000531	0.116535
219.375000	57.202800	0.125159	0.001563	0.126723
225.000000	57.202800	0.109607	0.000218	0.109825
230.625000	57.202800	0.121158	0.000659	0.121817
236.250000	57.202800	0.124911	0.000953	0.125865
241.875000	57.202800	0.104974	0.002034	0.107008
247.500000	57.202800	0.113406	0.001833	0.115240
253.125000	57.202800	0.125659	0.001479	0.127138
258.750000	57.202800	0.128878	0.000000	0.128878
264.375000	57.202800	0.125071	0.000557	0.125628
270.000000	57.202800	0.116728	0.001714	0.118442
275.625000	57.202800	0.131497	0.000561	0.132059
281.250000	57.202800	0.133984	0.000229	0.134213
286.875000	57.202800	0.118976	0.000691	0.119667
292.500000	57.202800	0.125105	0.001860	0.126965
298.125000	57.202800	0.118596	0.000531	0.119127
303.750000	57.202800	0.116292	0.000625	0.116918
309.375000	57.202800	0.120148	0.001956	0.122104
315.000000	57.202800	0.125569	0.000361	0.125930
320.625000	57.202800	0.120859	0.000809	0.121668
326.250000	57.202800	0.128052	0.000892	0.128944
331.875000	57.202800	0.126572	0.001220	0.127792
337.500000	57.202800	0.125451	0.000959	0.126410
343.125000	57.202800	0.109782	0.002737	0.112520
348.750000	57.202800	0.128033	0.001019	0.129052
354.375000	57.202800	0.113933	0.000810	0.114744
2.812500	60.000000	0.110038	0.000342	0.110380
8.437500	60.000000	0.101563	0.000689	0.102252
14.062500	60.000000	0.117982	0.002909	0.120891
19.687500	60.000000	0.105148	0.002126	0.107274
25.312500	60.000000	0.110691	0.001271	0.111962
30.937500	60.000000	0.120711	0.001110	0.121821
36.562500	60.000000	0.113647	0.000913	0.114560
42.187500	60.000000	0.110520	0.002853	0.113373
47.812500	60.000000	0.110632	0.001695	0.112328
53.437500	60.000000	0.119570	0.001482	0.121053
59.062500	60.000000	0.115622	0.000916	0.116537
64.687500	60.000000	0.107364	0.001594	0.108958
70.312500	60.000000	0.114379	0.001026	0.115405
75.937500	60.000000	0.103852	0.000995	0.104848
81.562500	60.000000	0.119389	0.001584	0.120973
87.187500	60.000000	0.105450	0.002156	0.107606
92.812500	60.000000	0.112864	0.000879	0.113743
98.437500	60.000000	0.117475	0.001764	0.119240
104.062000	60.000000	0.114212	0.000318	0.114530
109.688000	60.000000	0.119901	0.001753	0.121654
115.312000	60.000000	0.111251	0.000965	0.112216
120.938000	60.000000	0.108643	0.002511	0.111154
126.562000	60.000000	0.115492	0.002270	0.117762
132.188000	60.000000	0.113394	0.000686	0.114080
137.812000	60.000000	0.103935	0.000578	0.104513
143.437000	60.000000	0.108610	0.001064	0.109673
149.062000	60.000000	0.111633	0.000827	0.112460
154.688000	60.000000	0.110907	0.002199	0.113106
160.312000	60.000000	0.125532	0.001319	0.126852
165.938000	60.000000	0.105678	0.001645	0.107323
171.562000	60.000000	0.110505	0.002294	0.112799
177.188000	60.000000	0.113528	0.001495	0.115023
182.812000	60.000000	0.112245	0.000972	0.113217
188.438000	60.000000	0.112526	0.001788	0.114313
194.062000	60.000000	0.095163	0.000866	0.096028
199.687000	60.000000	0.115721	0.001443	0.117164
205.312000	60.000000	0.119032	0.001553	0.120585
210.938000	60.000000	0.116110	0.000226	0.116337
216.562000	60.000000	0.119755	0.001316	0.121071
222.188000	60.000000	0.111896	0.000787	0.112684
227.812000	60.000000	0.114648	0.000594	0.115243
233.438000	60.000000	0.111864	0.001590	0.113454
239.062000	60.000000	0.105988	0.000559	0.106547
244.687000	60.000000	0.115364	0.001597	0.116961
250.312000	60.000000	0.108508	0.001721	0.110229
255.937000	60.000000	0.114277	0.000341	0.114617
261.562000	60.000000	0.115072	0.001324	0.116396
267.188000	60.000000	0.113809	0.000341	0.114149
272.812000	60.000000	0.116927	0.001185	0.118112
278.438000	60.000000	0.114659	0.001781	0.116440
284.062000	60.000000	0.112403	0.002471	0.114874
289.688000	60.000000	0.114098	0.000625	0.114723
295.312000	60.000000	0.111431	0.001784	0.113215
300.938000	60.000000	0.121779	0.000770	0.122548
306.562000	60.000000	0.128898	0.001287	0.130185
312.187000	60.000000	0.108835	0.001235	0.110070
317.812000	60.000000	0.115533	0.001886	0.117419
323.438000	60.000000	0.109586	0.002377	0.111963
329.062000	60.000000	0.110605	0.001516	0.112121
334.688000	60.000000	0.104803	0.002525	0.107328
340.312000	60.000000	0.118112	0.001399	0.119511
345.938000	60.000000	0.099469	0.000945	0.100414
351.562000	60.000000	0.117444	0.001655	0.119099
357.187000	60.000000	0.108563	0.000669	0.109233
0.000000	62.720400	0.092602	0.001453	0.094055
5.625000	62.720400	0.103435	0.001146	0.104581
11.250000	62.720400	0.105386	0.000644	0.106030
16.875000	62.720400	0.089648	0.002389	0.092036
22.500000	62.720400	0.100357	0.001622	0.101979
28.125000	62.720400	0.105043	0.000966	0.106009
33.750000	62.720400	0.113521	0.001656	0.115178
39.375000	62.720400	0.098522	0.001605	0.100127
45.000000	62.720400	0.097946	0.001432	0.099377
50.625000	62.720400	0.097393	0.001587	0.098979
56.250000	62.720400	0.111001	0.001829	0.112830
61.875000	62.720400	0.110012	0.002686	0.112698
67.500000	62.720400	0.097829	0.001609	0.099438
73.125000	62.720400	0.101218	0.001301	0.102519
78.750000	62.720400	0.082308	0.003390	0.085698
84.375000	62.720400	0.099532	0.002568	0.102100
90.000000	62.720400	0.107415	0.000622	0.108037
95.625000	62.720400	0.102979	0.002204	0.105183
101.250000	62.720400	0.102160	0.001156	0.103317
106.875000	62.720400	0.101550	0.001716	0.103265
112.500000	62.720400	0.109425	0.001567	0.110992
118.125000	62.720400	0.101752	0.002167	0.103918
123.750000	62.720400	0.102353	0.001809	0.104161
129.375000	62.720400	0.104332	0.003064	0.107396
135.000000	62.720400	0.104646	0.002723	0.107369
140.625000	62.720400	0.099710	0.003863	0.103573
146.250000	62.720400	0.095806	0.001987	0.097793
151.875000	62.720400	0.109207	0.001483	0.110689
157.500000	62.720400	0.084848	0.000966	0.085813
163.125000	62.720400	0.101622	0.001939	0.103562
168.750000	62.720400	0.100400	0.001909	0.102309
174.375000	62.720400	0.094192	0.001899	0.096092
180.000000	62.720400	0.101490	0.003201	0.104692
185.625000	62.720400	0.097575	0.001253	0.098827
191.250000	62.720400	0.106618	0.001142	0.107761
196.875000	62.720400	0.098078	0.002356	0.100434
202.500000	62.720400	0.097340	0.000540	0.097880
208.125000	62.720400	0.100832	0.001538	0.102370
213.750000	62.720400	0.083557	0.001615	0.085172
219.375000	62.720400	0.107986	0.001802	0.109788
225.000000	62.720400	0.096446	0.001497	0.097942
230.625000	62.720400	0.096267	0.001234	0.097501
236.250000	62.720400	0.100928	0.003031	0.103959
241.875000	62.720400	0.100234	0.002496	0.102730
247.500000	62.720400	0.097015	0.001702	0.098717
253.125000	62.720400	0.112248	0.002333	0.114581
258.750000	62.720400	0.105943	0.002421	0.108364
264.375000	62.720400	0.089716	0.001235	0.090951
270.000000	62.720400	0.099578	0.002726	0.102304
275.625000	62.720400	0.102156	0.001493	0.103649
281.250000	62.720400	0.102404	0.002158	0.104562
286.875000	62.720400	0.109604	0.001596	0.111199
292.500000	62.720400	0.095826	0.001604	0.097430
298.125000	62.720400	0.103760	0.002142	0.105901
303.750000	62.720400	0.096820	0.002979	0.099799
309.375000	62.720400	0.087730	0.002307	0.090037
315.000000	62.720400	0.096825	0.002158	0.098983
320.625000	62.720400	0.104423	0.001578	0.106001
326.250000	62.720400	0.092037	0.003782	0.095819
331.875000	62.720400	0.099988	0.002544	0.102532
337.500000	62.720400	0.099626	0.001871	0.101497
343.125000	62.720400	0.094987	0.002875	0.097862
348.750000	62.720400	0.102763	0.002385	0.105149
354.375000	62.720400	0.096741	0.002198	0.098939
2.812500	65.375700	0.098791	0.001638	0.100429
8.437500	65.375700	0.088348	0.003373	0.091720
14.062500	65.375700	0.088439	0.001161	0.089601
19.687500	65.375700	0.087413	0.004387	0.091800
25.312500	65.375700	0.085900	0.004872	0.090772
30.937500	65.375700	0.089978	0.002895	0.092874
36.562500	65.375700	0.083599	0.002793	0.086392
42.187500	65.375700	0.076031	0.001378	0.077408
47.812500	65.375700	0.088409	0.002572	0.090981
53.437500	65.375700	0.081701	0.001590	0.083290
59.062500	65.375700	0.092599	0.001734	0.094333
64.687500	65.375700	0.085585	0.003091	0.088676
70.312500	65.375700	0.100249	0.003449	0.103699
75.937500	65.375700	0.082353	0.001023	0.083376
81.562500	65.375700	0.083475	0.002894	0.086369
87.187500	65.375700	0.084349	0.003481	0.087830
92.812500	65.375700	0.081416	0.004360	0.085777
98.437500	65.375700	0.090422	0.002117	0.092540
104.062000	65.375700	0.085473	0.003180	0.088653
109.688000	65.375700	0.094845	0.002770	0.097615
115.312000	65.375700	0.078744	0.001339	0.080083
120.938000	65.375700	0.085837	0.002130	0.087968
126.562000	65.375700	0.093359	0.002048	0.095406
132.188000	65.375700	0.094142	0.001986	0.096129
137.812000	65.375700	0.087198	0.000867	0.088065
143.437000	65.375700	0.091241	0.002274	0.093515
149.062000	65.375700	0.091955	0.001259	0.093214
154.688000	65.375700	0.094453	0.002403	0.096857
160.312000	65.375700	0.097782	0.002264	0.100046
165.938000	65.375700	0.088903	0.002771	0.091674
171.562000	65.375700	0.091117	0.004205	0.095322
177.188000	65.375700	0.076970	0.003437	0.080408
182.812000	65.375700	0.084178	0.000319	0.084497
188.438000	65.375700	0.092293	0.002290	0.094583
194.062000	65.375700	0.089818	0.002566	0.092385
199.687000	65.375700	0.089414	0.003994	0.093408
205.312000	65.375700	0.085627	0.003507	0.089134
210.938000	65.375700	0.095376	0.003133	0.098510
216.562000	65.375700	0.080516	0.003360	0.083875
222.188000	65.375700	0.086004	0.001635	0.087639
227.812000	65.375700	0.085253	0.002168	0.087421
233.438000	65.375700	0.088412	0.001806	0.090218
239.062000	65.375700	0.085693	0.001807	0.087500
244.687000	65.375700	0.091602	0.002203	0.093805
250.312000	65.375700	0.104508	0.001802	0.106310
255.937000	65.375700	0.096075	0.002860	0.098935
261.562000	65.375700	0.087713	0.003932	0.091645
267.188000	65.375700	0.100401	0.003130	0.103531
272.812000	65.375700	0.085209	0.004357	0.089566
278.438000	65.375700	0.089994	0.001801	0.091796
284.062000	65.375700	0.098513	0.003207	0.101721
289.688000	65.375700	0.094741	0.004100	0.098840
295.312000	65.375700	0.084802	0.003412	0.088215
300.938000	65.375700	0.092275	0.002209	0.094484
306.562000	65.375700	0.084102	0.002123	0.086225
312.187000	65.375700	0.087847	0.003971	0.091818
317.812000	65.375700	0.097240	0.002076	0.099316
323.438000	65.375700	0.091796	0.001706	0.093503
329.062000	65.375700	0.095840	0.001498	0.097338
334.688000	65.375700	0.089624	0.003687	0.093311
340.312000	65.375700	0.096387	0.002174	0.098561
345.938000	65.375700	0.081868	0.002810	0.084678
351.562000	65.375700	0.088462	0.002174	0.090636
357.187000	65.375700	0.083189	0.004050	0.087239
0.000000	67.975700	0.081224	0.004323	0.085547
5.625000	67.975700	0.081768	0.000835	0.082603
11.250000	67.975700	0.071235	0.003352	0.074587
16.875000	67.975700	0.084044	0.002983	0.087027
22.500000	67.975700	0.079962	0.003717	0.083678
28.125000	67.975700	0.086114	0.003805	0.089919
33.750000	67.975700	0.081051	0.002161	0.083212
39.375000	67.975700	0.077411	0.006192	0.083603
45.000000	67.975700	0.075146	0.007250	0.082396
50.625000	67.975700	0.069388	0.003297	0.072686
56.250000	67.975700	0.075480	0.004370	0.079850
61.875000	67.975700	0.073833	0.002806	0.076639
67.500000	67.975700	0.084367	0.002145	0.086513
73.125000	67.975700	0.066580	0.004421	0.071002
78.750000	67.975700	0.081576	0.004729	0.086305
84.375000	67.975700	0.079539	0.003841	0.083380
90.000000	67.975700	0.082967	0.001599	0.084566
95.625000	67.975700	0.076086	0.003056	0.079142
101.250000	67.975700	0.088924	0.003553	0.092477
106.875000	67.975700	0.085243	0.004995	0.090239
112.500000	67.975700	0.086400	0.003333	0.089733
118.125000	67.975700	0.076417	0.003737	0.080154
123.750000	67.975700	0.083783	0.001723	0.085506
129.375000	67.975700	0.074284	0.004439	0.078723
135.000000	67.975700	0.084834	0.003034	0.087868
140.625000	67.975700	0.070966	0.001759	0.072725
146.250000	67.975700	0.080630	0.002242	0.082872
151.875000	67.975700	0.088879	0.005597	0.094476
157.500000	67.975700	0.079069	0.004526	0.083595
163.125000	67.975700	0.083978	0.005631	0.089609
168.750000	67.975700	0.088854	0.002936	0.091790
174.375000	67.975700	0.075343	0.003687	0.079030
180.000000	67.975700	0.083503	0.002228	0.085731
185.625000	67.975700	0.076529	0.002442	0.078971
191.250000	67.975700	0.070823	0.002825	0.073648
196.875000	67.975700	0.069112	0.002703	0.071815
202.500000	67.975700	0.089645	0.004470	0.094115
208.125000	67.975700	0.082960	0.003505	0.086465
213.750000	67.975700	0.084182	0.004997	0.089180
219.375000	67.975700	0.083785	0.003978	0.087762
225.000000	67.975700	0.084129	0.003223	0.087352
230.625000	67.975700	0.081769	0.005077	0.086845
236.250000	67.975700	0.077273	0.001594	0.078867
241.875000	67.975700	0.078497	0.002423	0.080920
247.500000	67.975700	0.084929	0.003182	0.088112
253.125000	67.975700	0.070697	0.002989	0.073686
258.750000	67.975700	0.075368	0.001611	0.076979
264.375000	67.975700	0.078985	0.004720	0.083705
270.000000	67.975700	0.083222	0.003375	0.086598
275.625000	67.975700	0.080477	0.002024	0.082501
281.250000	67.975700	0.086105	0.004409	0.090515
286.875000	67.975700	0.083315	0.003103	0.086418
292.500000	67.975700	0.076204	0.007016	0.083220
298.125000	67.975700	0.082346	0.002800	0.085147
303.750000	67.975700	0.090833	0.004538	0.095371
309.375000	67.975700	0.079566	0.004682	0.084249
315.000000	67.975700	0.087481	0.003854	0.091335
320.625000	67.975700	0.079029	0.003035	0.082064
326.250000	67.975700	0.074217	0.002832	0.077049
331.875000	67.975700	0.075923	0.005113	0.081036
337.500000	67.975700	0.068026	0.003408	0.071433
343.125000	67.975700	0.088562	0.004813	0.093374
348.750000	67.975700	0.076458	0.001864	0.078322
354.375000	67.975700	0.079533	0.001551	0.081084
2.812500	70.528800	0.075082	0.007438	0.082520
8.437500	70.528800	0.061517	0.003077	0.064594
14.062500	70.528800	0.062595	0.005502	0.068097
19.687500	70.528800	0.065105	0.006042	0.071148
25.312500	70.528800	0.077852	0.004716	0.082568
30.937500	70.528800	0.073751	0.005331	0.079082
36.562500	70.528800	0.072311	0.005481	0.077792
42.187500	70.528800	0.068952	0.002688	0.071640
47.812500	70.528800	0.068611	0.005062	0.073673
53.437500	70.528800	0.065600	0.003121	0.068722
59.062500	70.528800	0.070791	0.005687	0.076478
64.687500	70.528800	0.060270	0.007496	0.067766
70.312500	70.528800	0.068157	0.005242	0.073400
75.937500	70.528800	0.070223	0.003870	0.074092
81.562500	70.528800	0.066599	0.004156	0.070755
87.187500	70.528800	0.071983	0.003538	0.075522
92.812500	70.528800	0.075868	0.005009	0.080877
98.437500	70.528800	0.065858	0.006093	0.071951
104.062000	70.528800	0.072579	0.002842	0.075421
109.688000	70.528800	0.072574	0.003392	0.075966
115.312000	70.528800	0.064438	0.005459	0.069897
120.938000	70.528800	0.079325	0.005232	0.084557
126.562000	70.528800	0.062195	0.004346	0.066541
132.188000	70.528800	0.074776	0.004090	0.078865
137.812000	70.528800	0.066865	0.006930	0.073795
143.437000	70.528800	0.075452	0.003659	0.079111
149.062000	70.528800	0.068498	0.002994	0.071492
154.688000	70.528800	0.070305	0.003180	0.073485
160.312000	70.528800	0.074559	0.005645	0.080204
165.938000	70.528800	0.070524	0.004516	0.075040
171.562000	70.528800	0.075815	0.005024	0.080838
177.188000	70.528800	0.073953	0.005249	0.079201
182.812000	70.528800	0.067226	0.004590	0.071816
188.438000	70.528800	0.075068	0.002545	0.077613
194.062000	70.528800	0.074155	0.004445	0.078600
199.687000	70.528800	0.068407	0.005149	0.073555
205.312000	70.528800	0.076384	0.004353	0.080738
210.938000	70.528800	0.072629	0.003367	0.075995
216.562000	70.528800	0.066714	0.007424	0.074138
222.188000	70.528800	0.066385	0.007287	0.073672
227.812000	70.528800	0.071657	0.003483	0.075141
233.438000	70.528800	0.066815	0.003373	0.070189
239.062000	70.528800	0.076324	0.004973	0.081297
244.687000	70.528800	0.069254	0.004647	0.073901
250.312000	70.528800	0.071275	0.004604	0.075879
255.937000	70.528800	0.071105	0.005340	0.076445
261.562000	70.528800	0.075967	0.005819	0.081786
267.188000	70.528800	0.079950	0.004855	0.084805
272.812000	70.528800	0.075738	0.005523	0.081261
278.438000	70.528800	0.072244	0.002583	0.074827
284.062000	70.528800	0.070064	0.006976	0.077040
289.688000	70.528800	0.052143	0.002544	0.054687
295.312000	70.528800	0.080058	0.005404	0.085461
300.938000	70.528800	0.070840	0.006407	0.077248
306.562000	70.528800	0.062024	0.002733	0.064756
312.187000	70.528800	0.081900	0.004219	0.086119
317.812000	70.528800	0.068100	0.002214	0.070315
323.438000	70.528800	0.064435	0.002338	0.066773
329.062000	70.528800	0.064668	0.004243	0.068910
334.688000	70.528800	0.069532	0.005696	0.075228
340.312000	70.528800	0.077967	0.004793	0.082761
345.938000	70.528800	0.063667	0.003350	0.067017
351.562000	70.528800	0.068818	0.004770	0.073589
357.187000	70.528800	0.068696	0.003618	0.072314
0.000000	73.042200	0.063291	0.005325	0.068615
5.625000	73.042200	0.068548	0.007317	0.075865
11.250000	73.042200	0.063331	0.008455	0.071787
16.875000	73.042200	0.064481	0.005752	0.070233
22.500000	73.042200	0.071607	0.004435	0.076041
28.125000	73.042200	0.064183	0.007429	0.071612
33.750000	73.042200	0.054450	0.003825	0.058275
39.375000	73.042200	0.062306	0.007845	0.070151
45.000000	73.042200	0.069707	0.005691	0.075398
50.625000	73.042200	0.065544	0.004707	0.070251
56.250000	73.042200	0.062661	0.007004	0.069665
61.875000	73.042200	0.051412	0.004584	0.055996
67.500000	73.042200	0.054108	0.005685	0.059793
73.125000	73.042200	0.066212	0.004226	0.070439
78.750000	73.042200	0.061803	0.006949	0.068751
84.375000	73.042200	0.075698	0.005778	0.081476
90.000000	73.042200	0.066649	0.003104	0.069753
95.625000	73.042200	0.061597	0.005491	0.067088
101.250000	73.042200	0.061378	0.007967	0.069345
106.875000	73.042200	0.065577	0.009496	0.075072
112.500000	73.042200	0.062178	0.006000	0.068178
118.125000	73.042200	0.061152	0.009519	0.070670
123.750000	73.042200	0.059495	0.004836	0.064331
129.375000	73.042200	0.060844	0.006553	0.067397
135.000000	73.042200	0.060077	0.005760	0.065837
140.625000	73.042200	0.062473	0.005371	0.067844
146.250000	73.042200	0.062337	0.004249	0.066586
151.875000	73.042200	0.064044	0.007724	0.071768
157.500000	73.042200	0.062316	0.006675	0.068991
163.125000	73.042200	0.062298	0.004183	0.066481
168.750000	73.042200	0.060944	0.006147	0.067092
174.375000	73.042200	0.057637	0.008135	0.065772
180.000000	73.042200	0.062675	0.008600	0.071275
185.625000	73.042200	0.062140	0.004456	0.066596
191.250000	73.042200	0.067176	0.009217	0.076393
196.875000	73.042200	0.058411	0.004746	0.063157
202.500000	73.042200	0.057719	0.005350	0.063068
208.125000	73.042200	0.060018	0.007236	0.067254
213.750000	73.042200	0.067892	0.008693	0.076586
219.375000	73.042200	0.065522	0.004148	0.069670
225.000000	73.042200	0.062381	0.005240	0.067621
230.625000	73.042200	0.067297	0.006146	0.073443
236.250000	73.042200	0.061055	0.006421	0.067476
241.875000	73.042200	0.062816	0.004659	0.067475
247.500000	73.042200	0.053120	0.007070	0.060190
253.125000	73.042200	0.055388	0.007994	0.063382
258.750000	73.042200	0.065378	0.006921	0.072299
264.375000	73.042200	0.071663	0.006301	0.077963
270.000000	73.042200	0.056204	0.006661	0.062865
275.625000	73.042200	0.060423	0.004150	0.064573
281.250000	73.042200	0.061962	0.006604	0.068566
286.875000	73.042200	0.075510	0.003821	0.079330
292.500000	73.042200	0.071477	0.007527	0.079004
298.125000	73.042200	0.063612	0.005441	0.069053
303.750000	73.042200	0.057571	0.008205	0.065776
309.375000	73.042200	0.061020	0.004274	0.065294
315.000000	73.042200	0.071872	0.003867	0.075739
320.625000	73.042200	0.059221	0.006144	0.065365
326.250000	73.042200	0.060159	0.004270	0.064429
331.875000	73.042200	0.063332	0.007986	0.071318
337.500000	73.042200	0.053770	0.009343	0.063114
343.125000	73.042200	0.055606	0.004723	0.060329
348.750000	73.042200	0.058746	0.006583	0.065329
354.375000	73.042200	0.069069	0.004351	0.073420
2.812500	75.522500	0.057835	0.007098	0.064932
8.437500	75.522500	0.048975	0.009925	0.058899
14.062500	75.522500	0.056825	0.007819	0.064644
19.687500	75.522500	0.046394	0.004448	0.050842
25.312500	75.522500	0.054574	0.007783	0.062357
30.937500	75.522500	0.057009	0.009383	0.066392
36.562500	75.522500	0.047071	0.008937	0.056008
42.187500	75.522500	0.057762	0.008296	0.066058
47.812500	75.522500	0.060508	0.009287	0.069794
53.437500	75.522500	0.047210	0.008318	0.055527
59.062500	75.522500	0.050229	0.007975	0.058204
64.687500	75.522500	0.048804	0.007272	0.056076
70.312500	75.522500	0.050379	0.006069	0.056448
75.937500	75.522500	0.052256	0.007027	0.059283
81.562500	75.522500	0.052052	0.004136	0.056188
87.187500	75.522500	0.050477	0.008244	0.058722
92.812500	75.522500	0.061655	0.006818	0.068473
98.437500	75.522500	0.048173	0.006407	0.054580
104.062000	75.522500	0.050602	0.006603	0.057205
109.688000	75.522500	0.050832	0.007255	0.058087
115.312000	75.522500	0.049633	0.007596	0.057229
120.938000	75.522500	0.053520	0.006790	0.060309
126.562000	75.522500	0.060815	0.007148	0.067964
132.188000	75.522500	0.058949	0.011492	0.070440
137.812000	75.522500	0.054633	0.005326	0.059960
143.437000	75.522500	0.060701	0.004069	0.064770
149.062000	75.522500	0.053988	0.007391	0.061380
154.688000	75.522500	0.050133	0.007900	0.058034
160.312000	75.522500	0.068047	0.004553	0.072600
165.938000	75.522500	0.050751	0.007395	0.058146
171.562000	75.522500	0.048187	0.008847	0.057034
177.188000	75.522500	0.063914	0.008946	0.072860
182.812000	75.522500	0.053949	0.008406	0.062354
188.438000	75.522500	0.056383	0.006744	0.063127
194.062000	75.522500	0.047116	0.009389	0.056505
199.687000	75.522500	0.053046	0.005956	0.059002
205.312000	75.522500	0.061847	0.008716	0.070563
210.938000	75.522500	0.051806	0.011761	0.063567
216.562000	75.522500	0.051736	0.004994	0.056730
222.188000	75.522500	0.048400	0.008891	0.057292
227.812000	75.522500	0.054554	0.009144	0.063698
233.438000	75.522500	0.048914	0.009814	0.058729
239.062000	75.522500	0.055858	0.005821	0.061679
244.687000	75.522500	0.054015	0.007351	0.061366
250.312000	75.522500	0.052785	0.006099	0.058884
255.937000	75.522500	0.055523	0.007255	0.062777
261.562000	75.522500	0.051394	0.006062	0.057456
267.188000	75.522500	0.050381	0.006642	0.057022
272.812000	75.522500	0.051453	0.005884	0.057337
278.438000	75.522500	0.052974	0.007255	0.060230
284.062000	75.522500	0.051775	0.007304	0.059078
289.688000	75.522500	0.059553	0.008933	0.068487
295.312000	75.522500	0.060596	0.006110	0.066706
300.938000	75.522500	0.046446	0.007146	0.053592
306.562000	75.522500	0.053884	0.006294	0.060178
312.187000	75.522500	0.057400	0.008270	0.065670
317.812000	75.522500	0.051896	0.008668	0.060564
323.438000	75.522500	0.047239	0.002306	0.049546
329.062000	75.522500	0.056944	0.005306	0.062250
334.688000	75.522500	0.054454	0.008063	0.062518
340.312000	75.522500	0.053011	0.008040	0.061050
345.938000	75.522500	0.051879	0.009395	0.061273
351.562000	75.522500	0.053653	0.009405	0.063058
357.187000	75.522500	0.057748	0.010524	0.068272
0.000000	77.975300	0.040434	0.008848	0.049281
5.625000	77.975300	0.043867	0.008994	0.052862
11.250000	77.975300	0.051517	0.011262	0.062779
16.875000	77.975300	0.046918	0.010931	0.057849
22.500000	77.975300	0.051939	0.012906	0.064845
28.125000	77.975300	0.048839	0.009222	0.058061
33.750000	77.975300	0.048077	0.010329	0.058405
39.375000	77.975300	0.045824	0.008020	0.053843
45.000000	77.975300	0.050481	0.010746	0.061227
50.625000	77.975300	0.048273	0.011570	0.059844
56.250000	77.975300	0.044383	0.008051	0.052435
61.875000	77.975300	0.045012	0.006427	0.051439
67.500000	77.975300	0.052839	0.006179	0.059018
73.125000	77.975300	0.049720	0.009589	0.059309
78.750000	77.975300	0.052606	0.011056	0.063662
84.375000	77.975300	0.051431	0.011722	0.063153
90.000000	77.975300	0.047973	0.009894	0.057867
95.625000	77.975300	0.050919	0.010584	0.061504
101.250000	77.975300	0.045851	0.008603	0.054454
106.875000	77.975300	0.047585	0.007369	0.054954
112.500000	77.975300	0.045786	0.009835	0.055621
118.125000	77.975300	0.042138	0.010850	0.052987
123.750000	77.975300	0.052581	0.009565	0.062145
129.375000	77.975300	0.048918	0.006757	0.055676
135.000000	77.975300	0.051701	0.008303	0.060004
140.625000	77.975300	0.051122	0.012569	0.063691
146.250000	77.975300	0.040659	0.008542	0.049201
151.875000	77.975300	0.046942	0.011108	0.058050
157.500000	77.975300	0.045070	0.008028	0.053098
163.125000	77.975300	0.047496	0.010169	0.057665
168.750000	77.975300	0.046553	0.007642	0.054195
174.375000	77.975300	0.044951	0.010665	0.055616
180.000000	77.975300	0.044191	0.010720	0.054911
185.625000	77.975300	0.049461	0.009503	0.058964
191.250000	77.975300	0.052513	0.010403	0.062916
196.875000	77.975300	0.047274	0.007778	0.055052
202.500000	77.975300	0.048463	0.010927	0.059390
208.125000	77.975300	0.043599	0.011541	0.055141
213.750000	77.975300	0.048594	0.010570	0.059164
219.375000	77.975300	0.050254	0.008898	0.059152
225.000000	77.975300	0.050184	0.009965	0.060148
230.625000	77.975300	0.053591	0.010265	0.063856
236.250000	77.975300	0.051279	0.007114	0.058393
241.875000	77.975300	0.050652	0.008887	0.059539
247.500000	77.975300	0.044787	0.009034	0.053821
253.125000	77.975300	0.054791	0.009449	0.064240
258.750000	77.975300	0.044402	0.006247	0.050648
264.375000	77.975300	0.044307	0.007820	0.052128
270.000000	77.975300	0.045033	0.010076	0.055109
275.625000	77.975300	0.041418	0.006576	0.047993
281.250000	77.975300	0.047303	0.010117	0.057420
286.875000	77.975300	0.042385	0.011152	0.053537
292.500000	77.975300	0.047303	0.006285	0.053588
298.125000	77.975300	0.048428	0.006367	0.054796
303.750000	77.975300	0.041096	0.012608	0.053705
309.375000	77.975300	0.047864	0.006751	0.054615
315.000000	77.975300	0.050125	0.008198	0.058324
320.625000	77.975300	0.048346	0.010619	0.058964
326.250000	77.975300	0.046114	0.010189	0.056303
331.875000	77.975300	0.050688	0.011498	0.062186
337.500000	77.975300	0.049971	0.009906	0.059877
343.125000	77.975300	0.051019	0.009063	0.060083
348.750000	77.975300	0.046853	0.007646	0.054498
354.375000	77.975300	0.048801	0.006569	0.055371
2.812500	80.405900	0.041490	0.009179	0.050669
8.437500	80.405900	0.045017	0.014704	0.059721
14.062500	80.405900	0.040760	0.011452	0.052212
19.687500	80.405900	0.039359	0.009687	0.049046
25.312500	80.405900	0.033432	0.009497	0.042929
30.937500	80.405900	0.040210	0.012819	0.053029
36.562500	80.405900	0.036942	0.011586	0.048529
42.187500	80.405900	0.039887	0.013771	0.053658
47.812500	80.405900	0.045285	0.007572	0.052857
53.437500	80.405900	0.032977	0.016875	0.049851
59.062500	80.405900	0.040023	0.010186	0.050209
64.687500	80.405900	0.047873	0.009999	0.057872
70.312500	80.405900	0.041625	0.014128	0.055754
75.937500	80.405900	0.038033	0.014188	0.052220
81.562500	80.405900	0.036459	0.014519	0.050978
87.187500	80.405900	0.046287	0.010702	0.056990
92.812500	80.405900	0.041793	0.010808	0.052601
98.437500	80.405900	0.045019	0.012847	0.057867
104.062000	80.405900	0.036888	0.013037	0.049925
109.688000	80.405900	0.043042	0.010587	0.053629
115.312000	80.405900	0.043084	0.012249	0.055333
120.938000	80.405900	0.038578	0.010563	0.049141
126.562000	80.405900	0.041695	0.010168	0.051863
132.188000	80.405900	0.044921	0.012272	0.057193
137.812000	80.405900	0.046779	0.008055	0.054834
143.437000	80.405900	0.042059	0.011684	0.053744
149.062000	80.405900	0.049633	0.013360	0.062993
154.688000	80.405900	0.043827	0.009744	0.053572
160.312000	80.405900	0.041867	0.010890	0.052757
165.938000	80.405900	0.041985	0.009196	0.051181
171.562000	80.405900	0.039621	0.013381	0.053002
177.188000	80.405900	0.042903	0.013276	0.056179
182.812000	80.405900	0.037305	0.015761	0.053066
188.438000	80.405900	0.039200	0.010218	0.049418
194.062000	80.405900	0.039888	0.010586	0.050474
199.687000	80.405900	0.043376	0.010498	0.053874
205.312000	80.405900	0.045807	0.011091	0.056898
210.938000	80.405900	0.048711	0.011223	0.059934
216.562000	80.405900	0.044681	0.013005	0.057687
222.188000	80.405900	0.044409	0.010572	0.054981
227.812000	80.405900	0.054303	0.011704	0.066007
233.438000	80.405900	0.041612	0.015014	0.056626
239.062000	80.405900	0.045637	0.011086	0.056723
244.687000	80.405900	0.044400	0.010931	0.055331
250.312000	80.405900	0.044594	0.012211	0.056805
255.937000	80.405900	0.052393	0.011346	0.063738
261.562000	80.405900	0.056009	0.009500	0.065510
267.188000	80.405900	0.045109	0.011098	0.056207
272.812000	80.405900	0.041723	0.014286	0.056009
278.438000	80.405900	0.044966	0.012255	0.057222
284.062000	80.405900	0.042512	0.016077	0.058589
289.688000	80.405900	0.037550	0.009729	0.047279
295.312000	80.405900	0.040808	0.009811	0.050619
300.938000	80.405900	0.040647	0.012664	0.053310
306.562000	80.405900	0.036806	0.013391	0.050196
312.187000	80.405900	0.031738	0.011715	0.043454
317.812000	80.405900	0.046411	0.014777	0.061188
323.438000	80.405900	0.039633	0.010519	0.050152
329.062000	80.405900	0.040063	0.009975	0.050038
334.688000	80.405900	0.038923	0.012350	0.051273
340.312000	80.405900	0.040959	0.012731	0.053690
345.938000	80.405900	0.039643	0.013056	0.052699
351.562000	80.405900	0.038280	0.016927	0.055207
357.187000	80.405900	0.049827	0.015800	0.065627
0.000000	82.819200	0.035222	0.014510	0.049732
5.625000	82.819200	0.039800	0.014720	0.054519
11.250000	82.819200	0.037120	0.013324	0.050444
16.875000	82.819200	0.039572	0.015168	0.054740
22.500000	82.819200	0.032197	0.013680	0.045877
28.125000	82.819200	0.042618	0.011197	0.053815
33.750000	82.819200	0.036489	0.010406	0.046895
39.375000	82.819200	0.031419	0.015737	0.047156
45.000000	82.819200	0.034582	0.011478	0.046060
50.625000	82.819200	0.038665	0.016682	0.055347
56.250000	82.819200	0.035510	0.013582	0.049092
61.875000	82.819200	0.043347	0.015510	0.058857
67.500000	82.819200	0.039399	0.011369	0.050768
73.125000	82.819200	0.032455	0.012095	0.044550
78.750000	82.819200	0.033879	0.011210	0.045089
84.375000	82.819200	0.034162	0.012895	0.047056
90.000000	82.819200	0.036702	0.011556	0.048258
95.625000	82.819200	0.032686	0.018600	0.051286
101.250000	82.819200	0.035460	0.016836	0.052296
106.875000	82.819200	0.034979	0.015219	0.050198
112.500000	82.819200	0.033591	0.011578	0.045170
118.125000	82.819200	0.040137	0.011982	0.052118
123.750000	82.819200	0.036940	0.014222	0.051162
129.375000	82.819200	0.037715	0.017035	0.054751
135.000000	82.819200	0.035587	0.018188	0.053775
140.625000	82.819200	0.044343	0.012416	0.056759
146.250000	82.819200	0.036038	0.013775	0.049813
151.875000	82.819200	0.040414	0.012775	0.053188
157.500000	82.819200	0.037924	0.014778	0.052702
163.125000	82.819200	0.032973	0.011357	0.044330
168.750000	82.819200	0.040500	0.012608	0.053108
174.375000	82.819200	0.040484	0.012561	0.053044
180.000000	82.819200	0.035226	0.021525	0.056752
185.625000	82.819200	0.034126	0.014727	0.048854
191.250000	82.819200	0.039028	0.011493	0.050521
196.875000	82.819200	0.041487	0.015062	0.056549
202.500000	82.819200	0.040964	0.012387	0.053351
208.125000	82.819200	0.038862	0.016987	0.055849
213.750000	82.819200	0.032195	0.012997	0.045192
219.375000	82.819200	0.037495	0.011527	0.049022
225.000000	82.819200	0.036642	0.017111	0.053754
230.625000	82.819200	0.037844	0.016948	0.054792
236.250000	82.819200	0.033597	0.014340	0.047937
241.875000	82.819200	0.036065	0.013978	0.050043
247.500000	82.819200	0.035347	0.012958	0.048305
253.125000	82.819200	0.038693	0.016854	0.055546
258.750000	82.819200	0.038582	0.012758	0.051340
264.375000	82.819200	0.035409	0.014336	0.049745
270.000000	82.819200	0.038616	0.013862	0.052478
275.625000	82.819200	0.034050	0.012426	0.046476
281.250000	82.819200	0.033111	0.011953	0.045064
286.875000	82.819200	0.038251	0.016975	0.055227
292.500000	82.819200	0.040790	0.012923	0.053713
298.125000	82.819200	0.042037	0.013981	0.056017
303.750000	82.819200	0.036555	0.015105	0.051660
309.375000	82.819200	0.038698	0.013154	0.051852
315.000000	82.819200	0.034859	0.014022	0.048881
320.625000	82.819200	0.038778	0.010406	0.049185
326.250000	82.819200	0.042269	0.011147	0.053416
331.875000	82.819200	0.039886	0.013922	0.053808
337.500000	82.819200	0.039712	0.012818	0.052530
343.125000	82.819200	0.033828	0.010629	0.044457
348.750000	82.819200	0.035901	0.010795	0.046696
354.375000	82.819200	0.040874	0.012793	0.053667
2.812500	85.219800	0.029605	0.015702	0.045307
8.437500	85.219800	0.029040	0.015727	0.044767
14.062500	85.219800	0.036590	0.015962	0.052552
19.687500	85.219800	0.031173	0.014571	0.045743
25.312500	85.219800	0.029754	0.015600	0.045354
30.937500	85.219800	0.035562	0.011987	0.047549
36.562500	85.219800	0.029553	0.014038	0.043592
42.187500	85.219800	0.032358	0.015105	0.047463
47.812500	85.219800	0.035592	0.017906	0.053498
53.437500	85.219800	0.029738	0.015211	0.044950
59.062500	85.219800	0.035576	0.016599	0.052175
64.687500	85.219800	0.034635	0.020851	0.055485
70.312500	85.219800	0.036321	0.014797	0.051118
75.937500	85.219800	0.029839	0.015484	0.045323
81.562500	85.219800	0.035450	0.016133	0.051582
87.187500	85.219800	0.023442	0.016763	0.040205
92.812500	85.219800	0.034955	0.014340	0.049295
98.437500	85.219800	0.038503	0.013328	0.051831
104.062000	85.219800	0.028040	0.017221	0.045262
109.688000	85.219800	0.026156	0.014532	0.040688
115.312000	85.219800	0.036720	0.019434	0.056154
120.938000	85.219800	0.034533	0.012748	0.047282
126.562000	85.219800	0.031269	0.021395	0.052664
132.188000	85.219800	0.030137	0.016107	0.046244
137.812000	85.219800	0.032824	0.018265	0.051089
143.437000	85.219800	0.029982	0.018253	0.048236
149.062000	85.219800	0.029917	0.019668	0.049585
154.688000	85.219800	0.025576	0.017216	0.042791
160.312000	85.219800	0.034360	0.018111	0.052471
165.938000	85.219800	0.027045	0.018170	0.045215
171.562000	85.219800	0.029096	0.017422	0.046518
177.188000	85.219800	0.029409	0.016809	0.046217
182.812000	85.219800	0.029457	0.012100	0.041556
188.438000	85.219800	0.029194	0.020602	0.049797
194.062000	85.219800	0.033694	0.013958	0.047652
199.687000	85.219800	0.031417	0.017566	0.048982
205.312000	85.219800	0.031220	0.016542	0.047762
210.938000	85.219800	0.035592	0.014458	0.050051
216.562000	85.219800	0.030061	0.012739	0.042799
222.188000	85.219800	0.036787	0.018835	0.055622
227.812000	85.219800	0.035632	0.018150	0.053781
233.438000	85.219800	0.034159	0.015181	0.049340
239.062000	85.219800	0.033315	0.016177	0.049492
244.687000	85.219800	0.033858	0.019742	0.053599
250.312000	85.219800	0.032454	0.019946	0.052400
255.937000	85.219800	0.033105	0.018335	0.051440
261.562000	85.219800	0.034030	0.018692	0.052722
267.188000	85.219800	0.023460	0.020994	0.044454
272.812000	85.219800	0.028571	0.018905	0.047476
278.438000	85.219800	0.032938	0.017866	0.050804
284.062000	85.219800	0.031092	0.018833	0.049924
289.688000	85.219800	0.033867	0.016327	0.050194
295.312000	85.219800	0.025899	0.014948	0.040847
300.938000	85.219800	0.034939	0.018925	0.053864
306.562000	85.219800	0.032336	0.018337	0.050673
312.187000	85.219800	0.030520	0.016925	0.047445
317.812000	85.219800	0.030705	0.018637	0.049341
323.438000	85.219800	0.031251	0.014390	0.045641
329.062000	85.219800	0.033798	0.017138	0.050936
334.688000	85.219800	0.032622	0.014395	0.047017
340.312000	85.219800	0.033917	0.016322	0.050239
345.938000	85.219800	0.031192	0.016325	0.047517
351.562000	85.219800	0.031133	0.019415	0.050548
357.187000	85.219800	0.032920	0.017915	0.050835
0.000000	87.612000	0.025064	0.023661	0.048725
5.625000	87.612000	0.022400	0.018904	0.041304
11.250000	87.612000	0.031822	0.021819	0.053642
16.875000	87.612000	0.029652	0.022850	0.052501
22.500000	87.612000	0.029740	0.022388	0.052128
28.125000	87.612000	0.027627	0.020432	0.048059
33.750000	87.612000	0.028789	0.021243	0.050032
39.375000	87.612000	0.029124	0.018941	0.048065
45.000000	87.612000	0.025669	0.022656	0.048325
50.625000	87.612000	0.026758	0.021664	0.048422
56.250000	87.612000	0.027442	0.019132	0.046574
61.875000	87.612000	0.027055	0.019729	0.046783
67.500000	87.612000	0.024202	0.019962	0.044164
73.125000	87.612000	0.027105	0.020135	0.047241
78.750000	87.612000	0.032796	0.018362	0.051158
84.375000	87.612000	0.024926	0.026767	0.051693
90.000000	87.612000	0.028052	0.019777	0.047829
95.625000	87.612000	0.026204	0.018387	0.044591
101.250000	87.612000	0.024806	0.022362	0.047168
106.875000	87.612000	0.027216	0.020640	0.047856
112.500000	87.612000	0.028383	0.022183	0.050567
118.125000	87.612000	0.023661	0.016196	0.039856
123.750000	87.612000	0.024888	0.018885	0.043773
129.375000	87.612000	0.026052	0.017915	0.043967
135.000000	87.612000	0.030426	0.022984	0.053410
140.625000	87.612000	0.032069	0.018179	0.050248
146.250000	87.612000	0.030577	0.021820	0.052397
151.875000	87.612000	0.029279	0.020086	0.049365
157.500000	87.612000	0.028380	0.015880	0.044260
163.125000	87.612000	0.027974	0.018526	0.046499
168.750000	87.612000	0.029192	0.017308	0.046501
174.375000	87.612000	0.026006	0.019051	0.045058
180.000000	87.612000	0.025399	0.023401	0.048800
185.625000	87.612000	0.027871	0.018296	0.046167
191.250000	87.612000	0.029877	0.019609	0.049486
196.875000	87.612000	0.024434	0.017874	0.042308
202.500000	87.612000	0.027686	0.014561	0.042247
208.125000	87.612000	0.027322	0.019334	0.046656
213.750000	87.612000	0.023234	0.018896	0.042130
219.375000	87.612000	0.022080	0.019416	0.041496
225.000000	87.612000	0.031696	0.017397	0.049093
230.625000	87.612000	0.027599	0.021048	0.048647
236.250000	87.612000	0.025095	0.020016	0.045110
241.875000	87.612000	0.027822	0.022796	0.050618
247.500000	87.612000	0.034160	0.020609	0.054770
253.125000	87.612000	0.028093	0.023093	0.051186
258.750000	87.612000	0.029839	0.019877	0.049715
264.375000	87.612000	0.030140	0.021742	0.051882
270.000000	87.612000	0.027621	0.017924	0.045545
275.625000	87.612000	0.029882	0.013554	0.043436
281.250000	87.612000	0.021589	0.019960	0.041549
286.875000	87.612000	0.032552	0.023780	0.056331
292.500000	87.612000	0.027546	0.023732	0.051279
298.125000	87.612000	0.028691	0.020564	0.049256
303.750000	87.612000	0.029569	0.020093	0.049662
309.375000	87.612000	0.030217	0.017821	0.048038
315.000000	87.612000	0.029718	0.022190	0.051908
320.625000	87.612000	0.024943	0.021620	0.046563
326.250000	87.612000	0.027432	0.021694	0.049126
331.875000	87.612000	0.030920	0.022133	0.053053
337.500000	87.612000	0.027388	0.015335	0.042722
343.125000	87.612000	0.030761	0.019249	0.050009
348.750000	87.612000	0.027560	0.022613	0.050174
354.375000	87.612000	0.030749	0.023963	0.054712
2.812500	90.000000	0.023256	0.024658	0.047915
8.437500	90.000000	0.023519	0.026084	0.049604
14.062500	90.000000	0.026096	0.025662	0.051758
19.687500	90.000000	0.019854	0.019498	0.039351
25.312500	90.000000	0.027526	0.024811	0.052337
30.937500	90.000000	0.020648	0.019983	0.040631
36.562500	90.000000	0.024081	0.025177	0.049257
42.187500	90.000000	0.021249	0.021535	0.042784
47.812500	90.000000	0.021899	0.025146	0.047045
53.437500	90.000000	0.021714	0.025347	0.047061
59.062500	90.000000	0.017154	0.026216	0.043369
64.687500	90.000000	0.023711	0.021085	0.044796
70.312500	90.000000	0.019056	0.019101	0.038157
75.937500	90.000000	0.031272	0.022863	0.054135
81.562500	90.000000	0.017360	0.024460	0.041820
87.187500	90.000000	0.026041	0.028487	0.054528
92.812500	90.000000	0.023997	0.027538	0.051535
98.437500	90.000000	0.025035	0.028898	0.053933
104.062000	90.000000	0.021835	0.022694	0.044529
109.688000	90.000000	0.022439	0.028051	0.050490
115.312000	90.000000	0.026571	0.029002	0.055573
120.938000	90.000000	0.023687	0.025301	0.048989
126.562000	90.000000	0.026341	0.026388	0.052729
132.188000	90.000000	0.020666	0.025211	0.045878
137.812000	90.000000	0.026154	0.017367	0.043521
143.437000	90.000000	0.023597	0.024661	0.048258
149.062000	90.000000	0.027199	0.022857	0.050056
154.688000	90.000000	0.022170	0.024197	0.046366
160.312000	90.000000	0.024828	0.027067	0.051895
165.938000	90.000000	0.022219	0.022176	0.044394
171.562000	90.000000	0.024520	0.022518	0.047038
177.188000	90.000000	0.028316	0.015353	0.043669
182.812000	90.000000	0.022929	0.021096	0.044025
188.438000	90.000000	0.024655	0.024169	0.048824
194.062000	90.000000	0.029510	0.029376	0.058886
199.687000	90.000000	0.020258	0.025758	0.046016
205.312000	90.000000	0.023639	0.019563	0.043202
210.938000	90.000000	0.026759	0.022064	0.048823
216.562000	90.000000	0.022849	0.019736	0.042585
222.188000	90.000000	0.021125	0.022766	0.043890
227.812000	90.000000	0.026109	0.024129	0.050238
233.438000	90.000000	0.018227	0.023232	0.041459
239.062000	90.000000	0.027736	0.023195	0.050931
244.687000	90.000000	0.024850	0.026688	0.051537
250.312000	90.000000	0.026813	0.020860	0.047672
255.937000	90.000000	0.020912	0.028331	0.049243
261.562000	90.000000	0.032658	0.033166	0.065824
267.188000	90.000000	0.022983	0.021644	0.044627
272.812000	90.000000	0.024549	0.017545	0.042094
278.438000	90.000000	0.028346	0.023396	0.051743
284.062000	90.000000	0.025360	0.023391	0.048751
289.688000	90.000000	0.021282	0.026761	0.048043
295.312000	90.000000	0.021543	0.020438	0.041982
300.938000	90.000000	0.020228	0.018560	0.038788
306.562000	90.000000	0.021530	0.027186	0.048716
312.187000	90.000000	0.026395	0.019963	0.046357
317.812000	90.000000	0.023695	0.027720	0.051414
323.438000	90.000000	0.025931	0.028860	0.054790
329.062000	90.000000	0.020325	0.021377	0.041702
334.688000	90.000000	0.023604	0.022047	0.045651
340.312000	90.000000	0.021028	0.023663	0.044691
345.938000	90.000000	0.023284	0.018550	0.041834
351.562000	90.000000	0.021017	0.020518	0.041535
357.187000	90.000000	0.022726	0.023912	0.046638
0.000000	92.388000	0.021756	0.030578	0.052334
5.625000	92.388000	0.019645	0.022072	0.041718
11.250000	92.388000	0.017650	0.031093	0.048743
16.875000	92.388000	0.022154	0.028977	0.051131
22.500000	92.388000	0.022202	0.021802	0.044004
28.125000	92.388000	0.017545	0.026779	0.044324
33.750000	92.388000	0.022729	0.023479	0.046207
39.375000	92.388000	0.016359	0.026407	0.042766
45.000000	92.388000	0.020336	0.026962	0.047298
50.625000	92.388000	0.016266	0.027657	0.043923
56.250000	92.388000	0.015879	0.026066	0.041945
61.875000	92.388000	0.017356	0.019527	0.036883
67.500000	92.388000	0.021589	0.029400	0.050989
73.125000	92.388000	0.024061	0.024486	0.048546
78.750000	92.388000	0.023431	0.025591	0.049022
84.375000	92.388000	0.015976	0.028241	0.044216
90.000000	92.388000	0.015485	0.024758	0.040243
95.625000	92.388000	0.019864	0.023584	0.043448
101.250000	92.388000	0.023891	0.028374	0.052265
106.875000	92.388000	0.021638	0.030295	0.051934
112.500000	92.388000	0.023340	0.029561	0.052900
118.125000	92.388000	0.020947	0.032914	0.053861
123.750000	92.388000	0.018843	0.029021	0.047864
129.375000	92.388000	0.021352	0.030443	0.051796
135.000000	92.388000	0.021644	0.022695	0.044339
140.625000	92.388000	0.016112	0.022230	0.038342
146.250000	92.388000	0.019611	0.024525	0.044136
151.875000	92.388000	0.018815	0.027393	0.046207
157.500000	92.388000	0.022198	0.031675	0.053873
163.125000	92.388000	0.022048	0.028899	0.050948
168.750000	92.388000	0.020572	0.033175	0.053746
174.375000	92.388000	0.021170	0.029794	0.050964
180.000000	92.388000	0.022214	0.027855	0.050070
185.625000	92.388000	0.022819	0.031353	0.054172
191.250000	92.388000	0.020186	0.030728	0.050914
196.875000	92.388000	0.019223	0.029111	0.048334
202.500000	92.388000	0.016701	0.024065	0.040766
208.125000	92.388000	0.020930	0.030163	0.051093
213.750000	92.388000	0.024914	0.024026	0.048940
219.375000	92.388000	0.020695	0.027076	0.047771
225.000000	92.388000	0.021859	0.029090	0.050949
230.625000	92.388000	0.021689	0.028858	0.050548
236.250000	92.388000	0.013329	0.023293	0.036623
241.875000	92.388000	0.017149	0.024681	0.041830
247.500000	92.388000	0.021641	0.032041	0.053682
253.125000	92.388000	0.024688	0.030696	0.055384
258.750000	92.388000	0.025096	0.030142	0.055238
264.375000	92.388000	0.027456	0.030093	0.057549
270.000000	92.388000	0.017125	0.026407	0.043532
275.625000	92.388000	0.020721	0.030951	0.051672
281.250000	92.388000	0.020198	0.026126	0.046324
286.875000	92.388000	0.017689	0.024084	0.041773
292.500000	92.388000	0.019767	0.026730	0.046497
298.125000	92.388000	0.025123	0.027652	0.052775
303.750000	92.388000	0.018035	0.030766	0.048801
309.375000	92.388000	0.019960	0.021382	0.041342
315.000000	92.388000	0.020743	0.027977	0.048720
320.625000	92.388000	0.021724	0.029424	0.051148
326.250000	92.388000	0.018972	0.030427	0.049398
331.875000	92.388000	0.021932	0.028171	0.050103
337.500000	92.388000	0.023287	0.026766	0.050053
343.125000	92.388000	0.015927	0.029863	0.045789
348.750000	92.388000	0.020282	0.031185	0.051467
354.375000	92.388000	0.020922	0.031634	0.052556
2.812500	94.780200	0.019688	0.038610	0.058298
8.437500	94.780200	0.014070	0.031859	0.045928
14.062500	94.780200	0.014489	0.031192	0.045681
19.687500	94.780200	0.016455	0.036001	0.052456
25.312500	94.780200	0.018321	0.038933	0.057254
30.937500	94.780200	0.018118	0.030872	0.048990
36.562500	94.780200	0.021823	0.030720	0.052543
42.187500	94.780200	0.019858	0.033534	0.053392
47.812500	94.780200	0.018023	0.032366	0.050389
53.437500	94.780200	0.019681	0.029675	0.049356
59.062500	94.780200	0.014915	0.033038	0.047954
64.687500	94.780200	0.014657	0.037826	0.052483
70.312500	94.780200	0.014597	0.032249	0.046845
75.937500	94.780200	0.018492	0.030130	0.048622
81.562500	94.780200	0.015112	0.029839	0.044951
87.187500	94.780200	0.016931	0.031450	0.048381
92.812500	94.780200	0.020172	0.033540	0.053712
98.437500	94.780200	0.022162	0.030174	0.052336
104.062000	94.780200	0.015420	0.032222	0.047642
109.688000	94.780200	0.013983	0.033955	0.047938
115.312000	94.780200	0.019621	0.030517	0.050138
120.938000	94.780200	0.017777	0.035196	0.052973
126.562000	94.780200	0.018134	0.025895	0.044029
132.188000	94.780200	0.015672	0.025564	0.041236
137.812000	94.780200	0.017363	0.032379	0.049742
143.437000	94.780200	0.018308	0.034400	0.052708
149.062000	94.780200	0.017336	0.029882	0.047218
154.688000	94.780200	0.017298	0.028164	0.045462
160.312000	94.780200	0.016517	0.035838	0.052355
165.938000	94.780200	0.017750	0.029467	0.047217
171.562000	94.780200	0.020545	0.029051	0.049596
177.188000	94.780200	0.019340	0.036922	0.056262
182.812000	94.780200	0.014253	0.029401	0.043654
188.438000	94.780200	0.012580	0.021489	0.034069
194.062000	94.780200	0.015618	0.031246	0.046865
199.687000	94.780200	0.018833	0.034879	0.053712
205.312000	94.780200	0.013150	0.031513	0.044663
210.938000	94.780200	0.015575	0.032207	0.047781
216.562000	94.780200	0.017113	0.030953	0.048066
222.188000	94.780200	0.019777	0.036807	0.056584
227.812000	94.780200	0.015359	0.029734	0.045093
233.438000	94.780200	0.020226	0.030892	0.051118
239.062000	94.780200	0.012486	0.030797	0.043284
244.687000	94.780200	0.011414	0.032617	0.044031
250.312000	94.780200	0.019328	0.035355	0.054683
255.937000	94.780200	0.014339	0.035148	0.049487
261.562000	94.780200	0.017545	0.036561	0.054106
267.188000	94.780200	0.018135	0.035116	0.053252
272.812000	94.780200	0.017601	0.033024	0.050625
278.438000	94.780200	0.014187	0.036214	0.050401
284.062000	94.780200	0.017414	0.035092	0.052506
289.688000	94.780200	0.019214	0.029028	0.048243
295.312000	94.780200	0.015832	0.025751	0.041583
300.938000	94.780200	0.017973	0.037753	0.055725
306.562000	94.780200	0.016850	0.025398	0.042248
312.187000	94.780200	0.018462	0.032257	0.050719
317.812000	94.780200	0.016857	0.035211	0.052068
323.438000	94.780200	0.017018	0.030434	0.047451
329.062000	94.780200	0.020603	0.030423	0.051025
334.688000	94.780200	0.015891	0.034317	0.050208
340.312000	94.780200	0.017280	0.033042	0.050322
345.938000	94.780200	0.017241	0.036209	0.053450
351.562000	94.780200	0.021372	0.025533	0.046905
357.187000	94.780200	0.019388	0.031516	0.050904
0.000000	97.180800	0.014549	0.038208	0.052757
5.625000	97.180800	0.013640	0.039536	0.053176
11.250000	97.180800	0.015088	0.031054	0.046142
16.875000	97.180800	0.016644	0.037169	0.053814
22.500000	97.180800	0.016880	0.037872	0.054753
28.125000	97.180800	0.016572	0.038665	0.055238
33.750000	97.180800	0.012518	0.038645	0.051162
39.375000	97.180800	0.013041	0.038230	0.051271
45.000000	97.180800	0.013545	0.039407	0.052951
50.625000	97.180800	0.013967	0.041884	0.055851
56.250000	97.180800	0.017076	0.044342	0.061418
61.875000	97.180800	0.013117	0.035712	0.048828
67.500000	97.180800	0.013675	0.029788	0.043463
73.125000	97.180800	0.016743	0.040808	0.057551
78.750000	97.180800	0.014952	0.041305	0.056258
84.375000	97.180800	0.016379	0.033181	0.049560
90.000000	97.180800	0.010371	0.035427	0.045798
95.625000	97.180800	0.017718	0.034719	0.052437
101.250000	97.180800	0.013770	0.031500	0.045269
106.875000	97.180800	0.015632	0.036117	0.051748
112.500000	97.180800	0.013369	0.034402	0.047772
118.125000	97.180800	0.016829	0.038678	0.055507
123.750000	97.180800	0.013794	0.046801	0.060595
129.375000	97.180800	0.013321	0.034323	0.047644
135.000000	97.180800	0.016469	0.034262	0.050732
140.625000	97.180800	0.009435	0.040160	0.049595
146.250000	97.180800	0.016872	0.028605	0.045476
151.875000	97.180800	0.011295	0.031928	0.043223
157.500000	97.180800	0.015848	0.036897	0.052745
163.125000	97.180800	0.019433	0.041155	0.060588
168.750000	97.180800	0.012107	0.036274	0.048381
174.375000	97.180800	0.015431	0.032520	0.047951
180.000000	97.180800	0.015628	0.038963	0.054591
185.625000	97.180800	0.012467	0.035341	0.047808
191.250000	97.180800	0.012746	0.036922	0.049668
196.875000	97.180800	0.012716	0.040954	0.053669
202.500000	97.180800	0.012832	0.037985	0.050817
208.125000	97.180800	0.017446	0.031520	0.048966
213.750000	97.180800	0.013598	0.039877	0.053476
219.375000	97.180800	0.014812	0.035511	0.050322
225.000000	97.180800	0.017672	0.041788	0.059459
230.625000	97.180800	0.014573	0.028603	0.043175
236.250000	97.180800	0.014897	0.036031	0.050928
241.875000	97.180800	0.013824	0.034124	0.047947
247.500000	97.180800	0.013077	0.039853	0.052930
253.125000	97.180800	0.014215	0.035446	0.049661
258.750000	97.180800	0.016337	0.029960	0.046297
264.375000	97.180800	0.020609	0.040182	0.060791
270.000000	97.180800	0.013664	0.040341	0.054005
275.625000	97.180800	0.015407	0.035213	0.050620
281.250000	97.180800	0.013696	0.036339	0.050035
286.875000	97.180800	0.012067	0.037237	0.049304
292.500000	97.180800	0.012556	0.036623	0.049179
298.125000	97.180800	0.014136	0.046887	0.061023
303.750000	97.180800	0.014299	0.036112	0.050410
309.375000	97.180800	0.014791	0.036266	0.051056
315.000000	97.180800	0.018327	0.037999	0.056326
320.625000	97.180800	0.016330	0.039152	0.055482
326.250000	97.180800	0.010760	0.033990	0.044751
331.875000	97.180800	0.016657	0.033652	0.050310
337.500000	97.180800	0.018994	0.040212	0.059205
343.125000	97.180800	0.013717	0.037913	0.051630
348.750000	97.180800	0.015028	0.030571	0.045598
354.375000	97.180800	0.017241	0.038758	0.055998
2.812500	99.594100	0.010151	0.044470	0.054620
8.437500	99.594100	0.007986	0.031527	0.039514
14.062500	99.594100	0.014064	0.042174	0.056238
19.687500	99.594100	0.010969	0.044765	0.055734
25.312500	99.594100	0.010716	0.042039	0.052755
30.937500	99.594100	0.015034	0.039780	0.054814
36.562500	99.594100	0.014772	0.044881	0.059652
42.187500	99.594100	0.012338	0.043785	0.056123
47.812500	99.594100	0.012460	0.044488	0.056948
53.437500	99.594100	0.009336	0.044402	0.053738
59.062500	99.594100	0.010894	0.047349	0.058243
64.687500	99.594100	0.013351	0.045362	0.058712
70.312500	99.594100	0.014950	0.032473	0.047423
75.937500	99.594100	0.016137	0.039138	0.055275
81.562500	99.594100	0.010014	0.040398	0.050412
87.187500	99.594100	0.011169	0.050139	0.061308
92.812500	99.594100	0.012169	0.046989	0.059158
98.437500	99.594100	0.014381	0.040420	0.054801
104.062000	99.594100	0.008722	0.039145	0.047867
109.688000	99.594100	0.011529	0.040345	0.051873
115.312000	99.594100	0.010679	0.036344	0.047024
120.938000	99.594100	0.012793	0.037602	0.050395
126.562000	99.594100	0.008956	0.040912	0.049869
132.188000	99.594100	0.012446	0.046360	0.058806
137.812000	99.594100	0.011725	0.045875	0.057600
143.437000	99.594100	0.013082	0.038657	0.051738
149.062000	99.594100	0.012023	0.041272	0.053296
154.688000	99.594100	0.014518	0.044157	0.058675
160.312000	99.594100	0.011187	0.043472	0.054659
165.938000	99.594100	0.011440	0.041914	0.053354
171.562000	99.594100	0.013943	0.042628	0.056571
177.188000	99.594100	0.010832	0.040201	0.051033
182.812000	99.594100	0.011948	0.039245	0.051193
188.438000	99.594100	0.014193	0.041955	0.056148
194.062000	99.594100	0.015148	0.043575	0.058722
199.687000	99.594100	0.012989	0.041858	0.054847
205.312000	99.594100	0.013114	0.038011	0.051126
210.938000	99.594100	0.011824	0.044383	0.056207
216.562000	99.594100	0.012744	0.041626	0.054370
222.188000	99.594100	0.007922	0.048811	0.056733
227.812000	99.594100	0.015179	0.043139	0.058317
233.438000	99.594100	0.012996	0.048310	0.061306
239.062000	99.594100	0.012628	0.045179	0.057807
244.687000	99.594100	0.013732	0.047425	0.061157
250.312000	99.594100	0.013376	0.043911	0.057287
255.937000	99.594100	0.013943	0.044378	0.058321
261.562000	99.594100	0.012923	0.046153	0.059076
267.188000	99.594100	0.010126	0.049028	0.059154
272.812000	99.594100	0.010938	0.043772	0.054709
278.438000	99.594100	0.015526	0.043955	0.059480
284.062000	99.594100	0.013271	0.042257	0.055528
289.688000	99.594100	0.012236	0.042713	0.054949
295.312000	99.594100	0.015516	0.038556	0.054073
300.938000	99.594100	0.011409	0.042969	0.054378
306.562000	99.594100	0.013491	0.041859	0.055350
312.187000	99.594100	0.008762	0.038619	0.047380
317.812000	99.594100	0.009665	0.034208	0.043873
323.438000	99.594100	0.012317	0.043445	0.055761
329.062000	99.594100	0.008811	0.037472	0.046283
334.688000	99.594100	0.013172	0.039759	0.052931
340.312000	99.594100	0.010582	0.034204	0.044786
345.938000	99.594100	0.012269	0.040529	0.052798
351.562000	99.594100	0.009556	0.033799	0.043354
357.187000	99.594100	0.011907	0.035719	0.047626
0.000000	102.025000	0.008462	0.044884	0.053345
5.625000	102.025000	0.012299	0.047184	0.059483
11.250000	102.025000	0.011058	0.056678	0.067736
16.875000	102.025000	0.011100	0.041332	0.052432
22.500000	102.025000	0.011024	0.052932	0.063956
28.125000	102.025000	0.008497	0.047975	0.056472
33.750000	102.025000	0.010677	0.051747	0.062424
39.375000	102.025000	0.009796	0.055062	0.064858
45.000000	102.025000	0.009776	0.045396	0.055172
50.625000	102.025000	0.009762	0.041230	0.050991
56.250000	102.025000	0.006499	0.046332	0.052831
61.875000	102.025000	0.010559	0.040278	0.050837
67.500000	102.025000	0.013357	0.052111	0.065468
73.125000	102.025000	0.008101	0.048045	0.056145
78.750000	102.025000	0.011281	0.051985	0.063265
84.375000	102.025000	0.009525	0.047819	0.057344
90.000000	102.025000	0.008977	0.045597	0.054575
95.625000	102.025000	0.007703	0.045098	0.052800
101.250000	102.025000	0.007753	0.048051	0.055804
106.875000	102.025000	0.008376	0.051931	0.060307
112.500000	102.025000	0.008597	0.050745	0.059341
118.125000	102.025000	0.007797	0.037588	0.045386
123.750000	102.025000	0.007893	0.044015	0.051908
129.375000	102.025000	0.010202	0.051739	0.061941
135.000000	102.025000	0.006346	0.048454	0.054800
140.625000	102.025000	0.008784	0.045286	0.054070
146.250000	102.025000	0.011467	0.046587	0.058053
151.875000	102.025000	0.010421	0.051419	0.061840
157.500000	102.025000	0.008606	0.048292	0.056897
163.125000	102.025000	0.007233	0.055454	0.062687
168.750000	102.025000	0.009660	0.043254	0.052914
174.375000	102.025000	0.009472	0.045679	0.055151
180.000000	102.025000	0.011485	0.041995	0.053480
185.625000	102.025000	0.009800	0.051086	0.060885
191.250000	102.025000	0.010439	0.056884	0.067324
196.875000	102.025000	0.010445	0.045964	0.056410
202.500000	102.025000	0.009944	0.044969	0.054913
208.125000	102.025000	0.006358	0.049404	0.055762
213.750000	102.025000	0.011847	0.047877	0.059724
219.375000	102.025000	0.011275	0.046799	0.058075
225.000000	102.025000	0.010232	0.048689	0.058921
230.625000	102.025000	0.009432	0.050351	0.059783
236.250000	102.025000	0.007572	0.054889	0.062461
241.875000	102.025000	0.012020	0.043083	0.055102
247.500000	102.025000	0.009964	0.050843	0.060807
253.125000	102.025000	0.006422	0.047527	0.053950
258.750000	102.025000	0.007087	0.048398	0.055484
264.375000	102.025000	0.012140	0.043800	0.055940
270.000000	102.025000	0.011470	0.052764	0.064234
275.625000	102.025000	0.008680	0.045567	0.054247
281.250000	102.025000	0.010044	0.046460	0.056504
286.875000	102.025000	0.008653	0.048111	0.056764
292.500000	102.025000	0.010065	0.050067	0.060132
298.125000	102.025000	0.010535	0.052955	0.063490
303.750000	102.025000	0.012630	0.053330	0.065960
309.375000	102.025000	0.014515	0.038762	0.053276
315.000000	102.025000	0.010841	0.042688	0.053529
320.625000	102.025000	0.006715	0.051357	0.058072
326.250000	102.025000	0.013845	0.041486	0.055330
331.875000	102.025000	0.008838	0.049907	0.058745
337.500000	102.025000	0.012260	0.045995	0.058256
343.125000	102.025000	0.009734	0.046007	0.055742
348.750000	102.025000	0.006348	0.043459	0.049806
354.375000	102.025000	0.007002	0.052461	0.059463
2.812500	104.478000	0.008043	0.059499	0.067542
8.437500	104.478000	0.007984	0.058442	0.066426
14.062500	104.478000	0.008236	0.054319	0.062555
19.687500	104.478000	0.004714	0.055823	0.060537
25.312500	104.478000	0.007652	0.058448	0.066100
30.937500	104.478000	0.007824	0.056696	0.064520
36.562500	104.478000	0.007019	0.058578	0.065597
42.187500	104.478000	0.007273	0.048978	0.056251
47.812500	104.478000	0.005525	0.055913	0.061438
53.437500	104.478000	0.008333	0.051667	0.060000
59.062500	104.478000	0.009647	0.055119	0.064765
64.687500	104.478000	0.006832	0.055795	0.062626
70.312500	104.478000	0.009565	0.045972	0.055537
75.937500	104.478000	0.006199	0.054758	0.060957
81.562500	104.478000	0.007019	0.057344	0.064363
87.187500	104.478000	0.008618	0.059414	0.068032
92.812500	104.478000	0.007462	0.057871	0.065333
98.437500	104.478000	0.009583	0.058453	0.068036
104.062000	104.478000	0.010705	0.051841	0.062546
109.688000	104.478000	0.009474	0.059988	0.069462
115.312000	104.478000	0.008307	0.050728	0.059035
120.938000	104.478000	0.007373	0.049030	0.056403
126.562000	104.478000	0.011830	0.051917	0.063747
132.188000	104.478000	0.006789	0.058598	0.065388
137.812000	104.478000	0.008901	0.060764	0.069665
143.437000	104.478000	0.006721	0.049121	0.055842
149.062000	104.478000	0.009699	0.054683	0.064382
154.688000	104.478000	0.004499	0.053252	0.057751
160.312000	104.478000	0.007919	0.059022	0.066941
165.938000	104.478000	0.009923	0.054155	0.064078
171.562000	104.478000	0.006417	0.061736	0.068154
177.188000	104.478000	0.006501	0.056099	0.062600
182.812000	104.478000	0.010946	0.043166	0.054112
188.438000	104.478000	0.009850	0.050161	0.060012
194.062000	104.478000	0.009819	0.058816	0.068635
199.687000	104.478000	0.009099	0.056235	0.065334
205.312000	104.478000	0.010553	0.048945	0.059499
210.938000	104.478000	0.007721	0.053961	0.061682
216.562000	104.478000	0.006186	0.052000	0.058187
222.188000	104.478000	0.010529	0.064559	0.075088
227.812000	104.478000	0.007584	0.051570	0.059153
233.438000	104.478000	0.009025	0.052849	0.061874
239.062000	104.478000	0.010720	0.054783	0.065503
244.687000	104.478000	0.004512	0.052355	0.056867
250.312000	104.478000	0.008010	0.051628	0.059638
255.937000	104.478000	0.010725	0.052758	0.063483
261.562000	104.478000	0.007747	0.056176	0.063923
267.188000	104.478000	0.008089	0.055422	0.063511
272.812000	104.478000	0.006838	0.054622	0.061460
278.438000	104.478000	0.008677	0.061271	0.069949
284.062000	104.478000	0.006382	0.053333	0.059715
289.688000	104.478000	0.010555	0.051177	0.061732
295.312000	104.478000	0.006087	0.055343	0.061430
300.938000	104.478000	0.008284	0.052671	0.060955
306.562000	104.478000	0.008855	0.051399	0.060254
312.187000	104.478000	0.009225	0.051369	0.060594
317.812000	104.478000	0.009743	0.061040	0.070783
323.438000	104.478000	0.009478	0.056143	0.065621
329.062000	104.478000	0.006165	0.050978	0.057143
334.688000	104.478000	0.010200	0.050023	0.060223
340.312000	104.478000	0.007186	0.051733	0.058919
345.938000	104.478000	0.010144	0.058189	0.068333
351.562000	104.478000	0.007517	0.051752	0.059269
357.187000	104.478000	0.009827	0.051650	0.061477
0.000000	106.958000	0.006102	0.065168	0.071270
5.625000	106.958000	0.006834	0.060004	0.066838
11.250000	106.958000	0.006858	0.061516	0.068374
16.875000	106.958000	0.002537	0.059658	0.062195
22.500000	106.958000	0.006943	0.063835	0.070778
28.125000	106.958000	0.006423	0.063244	0.069667
33.750000	106.958000	0.006625	0.067152	0.073777
39.375000	106.958000	0.007616	0.071073	0.078689
45.000000	106.958000	0.007431	0.061577	0.069008
50.625000	106.958000	0.004854	0.055172	0.060026
56.250000	106.958000	0.007038	0.061529	0.068568
61.875000	106.958000	0.006904	0.058914	0.065818
67.500000	106.958000	0.006530	0.059935	0.066466
73.125000	106.958000	0.009684	0.059216	0.068900
78.750000	106.958000	0.004205	0.061810	0.066016
84.375000	106.958000	0.006310	0.066929	0.073239
90.000000	106.958000	0.009332	0.055748	0.065080
95.625000	106.958000	0.007328	0.057209	0.064537
101.250000	106.958000	0.006578	0.062370	0.068949
106.875000	106.958000	0.008337	0.051215	0.059552
112.500000	106.958000	0.006670	0.064256	0.070926
118.125000	106.958000	0.006199	0.064228	0.070427
123.750000	106.958000	0.005599	0.064046	0.069646
129.375000	106.958000	0.004985	0.061958	0.066943
135.000000	106.958000	0.007258	0.055085	0.062343
140.625000	106.958000	0.005302	0.057080	0.062382
146.250000	106.958000	0.006127	0.062175	0.068302
151.875000	106.958000	0.004386	0.060566	0.064952
157.500000	106.958000	0.004858	0.060943	0.065801
163.125000	106.958000	0.010866	0.062382	0.073248
168.750000	106.958000	0.007518	0.060158	0.067676
174.375000	106.958000	0.005981	0.064173	0.070154
180.000000	106.958000	0.008145	0.068957	0.077102
185.625000	106.958000	0.008390	0.065149	0.073539
191.250000	106.958000	0.007424	0.060602	0.068025
196.875000	106.958000	0.006226	0.054456	0.060682
202.500000	106.958000	0.007126	0.064322	0.071448
208.125000	106.958000	0.007069	0.059592	0.066660
213.750000	106.958000	0.004822	0.062196	0.067017
219.375000	106.958000	0.005935	0.061597	0.067532
225.000000	106.958000	0.009473	0.057282	0.066755
230.625000	106.958000	0.007229	0.065674	0.072903
236.250000	106.958000	0.005651	0.074828	0.080479
241.875000	106.958000	0.003912	0.059045	0.062957
247.500000	106.958000	0.003530	0.071567	0.075097
253.125000	106.958000	0.005834	0.069224	0.075058
258.750000	106.958000	0.006653	0.062379	0.069031
264.375000	106.958000	0.008817	0.060244	0.069061
270.000000	106.958000	0.003895	0.066168	0.070063
275.625000	106.958000	0.006218	0.069761	0.075979
281.250000	106.958000	0.006072	0.060704	0.066776
286.875000	106.958000	0.006225	0.070149	0.076374
292.500000	106.958000	0.008584	0.063579	0.072163
298.125000	106.958000	0.007464	0.064882	0.072346
303.750000	106.958000	0.005772	0.063699	0.069470
309.375000	106.958000	0.004825	0.062008	0.066833
315.000000	106.958000	0.005065	0.063736	0.068802
320.625000	106.958000	0.005419	0.068614	0.074032
326.250000	106.958000	0.007152	0.057528	0.064681
331.875000	106.958000	0.006620	0.055775	0.062395
337.500000	106.958000	0.006514	0.070132	0.076646
343.125000	106.958000	0.003344	0.059657	0.063000
348.750000	106.958000	0.005541	0.062558	0.068099
354.375000	106.958000	0.004884	0.062893	0.067777
2.812500	109.471000	0.004286	0.071600	0.075886
8.437500	109.471000	0.005374	0.063898	0.069272
14.062500	109.471000	0.005255	0.070339	0.075594
19.687500	109.471000	0.005962	0.066065	0.072027
25.312500	109.471000	0.004537	0.067144	0.071681
30.937500	109.471000	0.005132	0.069683	0.074815
36.562500	109.471000	0.004040	0.064946	0.068986
42.187500	109.471000	0.005319	0.077521	0.082841
47.812500	109.471000	0.007544	0.070350	0.077894
53.437500	109.471000	0.007909	0.071226	0.079135
59.062500	109.471000	0.004851	0.064262	0.069113
64.687500	109.471000	0.006205	0.076381	0.082586
70.312500	109.471000	0.004759	0.062173	0.066932
75.937500	109.471000	0.005172	0.073145	0.078317
81.562500	109.471000	0.005201	0.072581	0.077781
87.187500	109.471000	0.007161	0.066699	0.073860
92.812500	109.471000	0.005663	0.064342	0.070005
98.437500	109.471000	0.003498	0.070268	0.073766
104.062000	109.471000	0.004346	0.063914	0.068260
109.688000	109.471000	0.008173	0.067324	0.075497
115.312000	109.471000	0.005008	0.068511	0.073519
120.938000	109.471000	0.008205	0.071510	0.079715
126.562000	109.471000	0.005610	0.068636	0.074246
132.188000	109.471000	0.006252	0.070758	0.077010
137.812000	109.471000	0.004498	0.070676	0.075174
143.437000	109.471000	0.006080	0.068145	0.074225
149.062000	109.471000	0.005081	0.070538	0.075619
154.688000	109.471000	0.007918	0.068594	0.076512
160.312000	109.471000	0.005037	0.067686	0.072724
165.938000	109.471000	0.006618	0.064083	0.070701
171.562000	109.471000	0.003723	0.072621	0.076344
177.188000	109.471000	0.005913	0.073190	0.079104
182.812000	109.471000	0.004797	0.077190	0.081987
188.438000	109.471000	0.004616	0.070144	0.074760
194.062000	109.471000	0.004793	0.073673	0.078467
199.687000	109.471000	0.005511	0.068037	0.073548
205.312000	109.471000	0.006086	0.067103	0.073189
210.938000	109.471000	0.004878	0.080426	0.085303
216.562000	109.471000	0.003605	0.062548	0.066153
222.188000	109.471000	0.006085	0.064622	0.070707
227.812000	109.471000	0.004522	0.069595	0.074117
233.438000	109.471000	0.004243	0.074585	0.078828
239.062000	109.471000	0.004848	0.064381	0.069229
244.687000	109.471000	0.005693	0.080580	0.086273
250.312000	109.471000	0.006797	0.078209	0.085006
255.937000	109.471000	0.006339	0.068139	0.074478
261.562000	109.471000	0.004311	0.065538	0.069848
267.188000	109.471000	0.006132	0.083295	0.089427
272.812000	109.471000	0.002924	0.067552	0.070476
278.438000	109.471000	0.004350	0.074613	0.078963
284.062000	109.471000	0.005371	0.073968	0.079339
289.688000	109.471000	0.004453	0.069819	0.074272
295.312000	109.471000	0.006571	0.065449	0.072021
300.938000	109.471000	0.004567	0.067490	0.072057
306.562000	109.471000	0.005188	0.067093	0.072281
312.187000	109.471000	0.007561	0.074541	0.082102
317.812000	109.471000	0.006973	0.071224	0.078198
323.438000	109.471000	0.005693	0.076533	0.082227
329.062000	109.471000	0.005201	0.072073	0.077274
334.688000	109.471000	0.006985	0.072414	0.079399
340.312000	109.471000	0.004962	0.062863	0.067825
345.938000	109.471000	0.003867	0.069827	0.073693
351.562000	109.471000	0.005543	0.065147	0.070691
357.187000	109.471000	0.003581	0.068468	0.072049
0.000000	112.024000	0.004210	0.084099	0.088310
5.625000	112.024000	0.005049	0.080041	0.085090
11.250000	112.024000	0.005560	0.076090	0.081649
16.875000	112.024000	0.004574	0.081187	0.085761
22.500000	112.024000	0.003509	0.079356	0.082865
28.125000	112.024000	0.003965	0.090126	0.094091
33.750000	112.024000	0.005089	0.072664	0.077753
39.375000	112.024000	0.004259	0.081620	0.085879
45.000000	112.024000	0.005108	0.084112	0.089221
50.625000	112.024000	0.003993	0.073633	0.077626
56.250000	112.024000	0.003145	0.075595	0.078739
61.875000	112.024000	0.004818	0.078155	0.082973
67.500000	112.024000	0.003820	0.085089	0.088910
73.125000	112.024000	0.002583	0.081878	0.084461
78.750000	112.024000	0.005145	0.079405	0.084550
84.375000	112.024000	0.003967	0.069496	0.073463
90.000000	112.024000	0.006447	0.076847	0.083293
95.625000	112.024000	0.003110	0.076440	0.079549
101.250000	112.024000	0.006397	0.075893	0.082290
106.875000	112.024000	0.002766	0.080956	0.083722
112.500000	112.024000	0.003802	0.086019	0.089821
118.125000	112.024000	0.003804	0.085605	0.089408
123.750000	112.024000	0.004020	0.081188	0.085208
129.375000	112.024000	0.004924	0.081171	0.086096
135.000000	112.024000	0.004061	0.072594	0.076654
140.625000	112.024000	0.006426	0.082228	0.088655
146.250000	112.024000	0.003985	0.074605	0.078589
151.875000	112.024000	0.004711	0.077011	0.081722
157.500000	112.024000	0.003200	0.080272	0.083471
163.125000	112.024000	0.002626	0.086716	0.089342
168.750000	112.024000	0.003438	0.074743	0.078181
174.375000	112.024000	0.004268	0.077075	0.081343
180.000000	112.024000	0.003673	0.074555	0.078228
185.625000	112.024000	0.003995	0.072440	0.076435
191.250000	112.024000	0.003511	0.085948	0.089459
196.875000	112.024000	0.003357	0.076410	0.079767
202.500000	112.024000	0.007650	0.083559	0.091209
208.125000	112.024000	0.004770	0.075873	0.080642
213.750000	112.024000	0.004968	0.076376	0.081343
219.375000	112.024000	0.002875	0.084757	0.087631
225.000000	112.024000	0.003727	0.084530	0.088256
230.625000	112.024000	0.003497	0.084807	0.088305
236.250000	112.024000	0.006541	0.076781	0.083322
241.875000	112.024000	0.003592	0.074383	0.077975
247.500000	112.024000	0.002749	0.082400	0.085149
253.125000	112.024000	0.003685	0.077550	0.081235
258.750000	112.024000	0.004467	0.078483	0.082950
264.375000	112.024000	0.005265	0.067812	0.073077
270.000000	112.024000	0.003954	0.092454	0.096408
275.625000	112.024000	0.005425	0.077548	0.082972
281.250000	112.024000	0.003946	0.083554	0.087500
286.875000	112.024000	0.003298	0.076583	0.079881
292.500000	112.024000	0.006172	0.075221	0.081393
298.125000	112.024000	0.003577	0.081051	0.084628
303.750000	112.024000	0.003279	0.090073	0.093352
309.375000	112.024000	0.002644	0.080605	0.083250
315.000000	112.024000	0.004288	0.078261	0.082549
320.625000	112.024000	0.004117	0.080201	0.084318
326.250000	112.024000	0.003470	0.088557	0.092027
331.875000	112.024000	0.003992	0.080269	0.084262
337.500000	112.024000	0.005770	0.071394	0.077164
343.125000	112.024000	0.004406	0.082221	0.086627
348.750000	112.024000	0.005261	0.080214	0.085475
354.375000	112.024000	0.005356	0.087787	0.093144
2.812500	114.624000	0.003910	0.090650	0.094560
8.437500	114.624000	0.003517	0.082977	0.086494
14.062500	114.624000	0.003898	0.092594	0.096492
19.687500	114.624000	0.002924	0.092595	0.095519
25.312500	114.624000	0.001751	0.098366	0.100117
30.937500	114.624000	0.003433	0.096840	0.100273
36.562500	114.624000	0.001993	0.080092	0.082085
42.187500	114.624000	0.001458	0.096407	0.097866
47.812500	114.624000	0.001472	0.089252	0.090724
53.437500	114.624000	0.003402	0.095516	0.098918
59.062500	114.624000	0.002391	0.082297	0.084688
64.687500	114.624000	0.003266	0.085399	0.088666
70.312500	114.624000	0.003894	0.086931	0.090826
75.937500	114.624000	0.001935	0.086184	0.088119
81.562500	114.624000	0.002284	0.087459	0.089743
87.187500	114.624000	0.004354	0.096541	0.100895
92.812500	114.624000	0.003193	0.087717	0.090910
98.437500	114.624000	0.002538	0.089743	0.092281
104.062000	114.624000	0.004040	0.090729	0.094770
109.688000	114.624000	0.003847	0.094532	0.098379
115.312000	114.624000	0.003324	0.085243	0.088567
120.938000	114.624000	0.003079	0.094620	0.097698
126.562000	114.624000	0.002596	0.079497	0.082093
132.188000	114.624000	0.004685	0.095484	0.100169
137.812000	114.624000	0.003149	0.089075	0.092224
143.437000	114.624000	0.003744	0.097187	0.100931
149.062000	114.624000	0.004765	0.087260	0.092026
154.688000	114.624000	0.002458	0.078129	0.080586
160.312000	114.624000	0.002316	0.097187	0.099502
165.938000	114.624000	0.005014	0.093243	0.098257
171.562000	114.624000	0.002936	0.088025	0.090962
177.188000	114.624000	0.002385	0.103205	0.105590
182.812000	114.624000	0.004474	0.085986	0.090460
188.438000	114.624000	0.005264	0.090770	0.096034
194.062000	114.624000	0.002259	0.092570	0.094829
199.687000	114.624000	0.004084	0.091070	0.095154
205.312000	114.624000	0.004768	0.080939	0.085706
210.938000	114.624000	0.004534	0.091858	0.096392
216.562000	114.624000	0.004937	0.092749	0.097687
222.188000	114.624000	0.001931	0.086723	0.088654
227.812000	114.624000	0.002696	0.099205	0.101901
233.438000	114.624000	0.003884	0.093464	0.097348
239.062000	114.624000	0.003581	0.085518	0.089100
244.687000	114.624000	0.003746	0.083482	0.087227
250.312000	114.624000	0.002218	0.086977	0.089194
255.937000	114.624000	0.003269	0.083488	0.086757
261.562000	114.624000	0.002919	0.089969	0.092888
267.188000	114.624000	0.002977	0.096165	0.099142
272.812000	114.624000	0.003817	0.088652	0.092469
278.438000	114.624000	0.003524	0.093536	0.097060
284.062000	114.624000	0.003631	0.090743	0.094373
289.688000	114.624000	0.005111	0.091557	0.096668
295.312000	114.624000	0.002740	0.077127	0.079867
300.938000	114.624000	0.002477	0.086342	0.088819
306.562000	114.624000	0.004348	0.095687	0.100035
312.187000	114.624000	0.003296	0.086975	0.090271
317.812000	114.624000	0.004152	0.092259	0.096411
323.438000	114.624000	0.001463	0.095173	0.096636
329.062000	114.624000	0.003110	0.095956	0.099067
334.688000	114.624000	0.002898	0.094304	0.097201
340.312000	114.624000	0.002403	0.088054	0.090457
345.938000	114.624000	0.002014	0.093209	0.095223
351.562000	114.624000	0.006028	0.099832	0.105860
357.187000	114.624000	0.002353	0.097709	0.100061
0.000000	117.280000	0.001250	0.096253	0.097503
5.625000	117.280000	0.001520	0.098564	0.100084
11.250000	117.280000	0.002089	0.096815	0.098904
16.875000	117.280000	0.002166	0.109417	0.111584
22.500000	117.280000	0.002855	0.104435	0.107290
28.125000	117.280000	0.002813	0.100060	0.102873
33.750000	117.280000	0.003786	0.099322	0.103108
39.375000	117.280000	0.003558	0.100899	0.104457
45.000000	117.280000	0.002747	0.102748	0.105494
50.625000	117.280000	0.001698	0.100957	0.102655
56.250000	117.280000	0.000974	0.105202	0.106176
61.875000	117.280000	0.002176	0.090417	0.092594
67.500000	117.280000	0.003546	0.102969	0.106515
73.125000	117.280000	0.001260	0.089814	0.091074
78.750000	117.280000	0.002923	0.106639	0.109562
84.375000	117.280000	0.001507	0.084390	0.085897
90.000000	117.280000	0.002079	0.096273	0.098351
95.625000	117.280000	0.001864	0.102313	0.104178
101.250000	117.280000	0.002573	0.098350	0.100922
106.875000	117.280000	0.003579	0.097565	0.101144
112.500000	117.280000	0.002154	0.105812	0.107966
118.125000	117.280000	0.001528	0.100387	0.101915
123.750000	117.280000	0.001887	0.085597	0.087485
129.375000	117.280000	0.000958	0.097671	0.098629
135.000000	117.280000	0.003235	0.098101	0.101336
140.625000	117.280000	0.002077	0.100888	0.102966
146.250000	117.280000	0.005900	0.096914	0.102814
151.875000	117.280000	0.002319	0.095022	0.097341
157.500000	117.280000	0.003064	0.090964	0.094028
163.125000	117.280000	0.004296	0.097249	0.101545
168.750000	117.280000	0.001622	0.103444	0.105066
174.375000	117.280000	0.001496	0.091512	0.093009
180.000000	117.280000	0.002558	0.095640	0.098198
185.625000	117.280000	0.002472	0.113233	0.115705
191.250000	117.280000	0.002077	0.092229	0.094306
196.875000	117.280000	0.001684	0.103522	0.105206
202.500000	117.280000	0.004207	0.094275	0.098482
208.125000	117.280000	0.003014	0.098830	0.101844
213.750000	117.280000	0.001764	0.096741	0.098505
219.375000	117.280000	0.001602	0.101862	0.103464
225.000000	117.280000	0.001361	0.089130	0.090491
230.625000	117.280000	0.001460	0.089114	0.090575
236.250000	117.280000	0.001955	0.107626	0.109581
241.875000	117.280000	0.001922	0.100268	0.102189
247.500000	117.280000	0.001891	0.105845	0.107737
253.125000	117.280000	0.001709	0.092382	0.094090
258.750000	117.280000	0.001733	0.097429	0.099162
264.375000	117.280000	0.002412	0.096444	0.098856
270.000000	117.280000	0.000629	0.094764	0.095394
275.625000	117.280000	0.000665	0.103537	0.104202
281.250000	117.280000	0.002082	0.108727	0.110809
286.875000	117.280000	0.004006	0.111504	0.115509
292.500000	117.280000	0.003919	0.099666	0.103585
298.125000	117.280000	0.003209	0.101684	0.104893
303.750000	117.280000	0.004538	0.101871	0.106409
309.375000	117.280000	0.001820	0.087294	0.089114
315.000000	117.280000	0.001202	0.102888	0.104091
320.625000	117.280000	0.000990	0.094750	0.095740
326.250000	117.280000	0.002795	0.103327	0.106122
331.875000	117.280000	0.003561	0.100750	0.104311
337.500000	117.280000	0.002517	0.100784	0.103301
343.125000	117.280000	0.004097	0.097906	0.102003
348.750000	117.280000	0.002120	0.088494	0.090615
354.375000	117.280000	0.002030	0.111579	0.113609
2.812500	120.000000	0.003108	0.102485	0.105593
8.437500	120.000000	0.002749	0.106820	0.109569
14.062500	120.000000	0.002171	0.108098	0.110269
19.687500	120.000000	0.003152	0.106051	0.109203
25.312500	120.000000	0.000507	0.109497	0.110004
30.937500	120.000000	0.002188	0.107002	0.109190
36.562500	120.000000	0.001951	0.101287	0.103238
42.187500	120.000000	0.002177	0.101412	0.103590
47.812500	120.000000	0.002427	0.111126	0.113554
53.437500	120.000000	0.003051	0.115011	0.118062
59.062500	120.000000	0.001995	0.120055	0.122050
64.687500	120.000000	0.001922	0.105453	0.107376
70.312500	120.000000	0.003492	0.106249	0.109741
75.937500	120.000000	0.002385	0.106529	0.108914
81.562500	120.000000	0.001695	0.104613	0.106308
87.187500	120.000000	0.003034	0.101895	0.104929
92.812500	120.000000	0.000682	0.121305	0.121986
98.437500	120.000000	0.002263	0.123827	0.126090
104.062000	120.000000	0.001555	0.100798	0.102353
109.688000	120.000000	0.002032	0.107771	0.109804
115.312000	120.000000	0.001225	0.104499	0.105724
120.938000	120.000000	0.002289	0.107888	0.110176
126.562000	120.000000	0.002772	0.111307	0.114079
132.188000	120.000000	0.002441	0.102350	0.104791
137.812000	120.000000	0.001827	0.100441	0.102269
143.437000	120.000000	0.001001	0.105908	0.106909
149.062000	120.000000	0.002472	0.111031	0.113502
154.688000	120.000000	0.001356	0.113780	0.115137
160.312000	120.000000	0.002368	0.105955	0.108324
165.938000	120.000000	0.001659	0.121251	0.122909
171.562000	120.000000	0.000671	0.112009	0.112680
177.188000	120.000000	0.001728	0.104941	0.106669
182.812000	120.000000	0.001142	0.111241	0.112382
188.438000	120.000000	0.001619	0.123584	0.125203
194.062000	120.000000	0.000934	0.113561	0.114496
199.687000	120.000000	0.001714	0.103997	0.105710
205.312000	120.000000	0.001494	0.123421	0.124915
210.938000	120.000000	0.001367	0.116994	0.118360
216.562000	120.000000	0.002110	0.100373	0.102484
222.188000	120.000000	0.002520	0.110378	0.112898
227.812000	120.000000	0.001568	0.113594	0.115162
233.438000	120.000000	0.001660	0.122596	0.124256
239.062000	120.000000	0.000000	0.111131	0.111131
244.687000	120.000000	0.001857	0.104802	0.106659
250.312000	120.000000	0.000611	0.119093	0.119703
255.937000	120.000000	0.000337	0.104350	0.104687
261.562000	120.000000	0.001385	0.115993	0.117377
267.188000	120.000000	0.000299	0.110866	0.111166
272.812000	120.000000	0.002241	0.103432	0.105673
278.438000	120.000000	0.002512	0.110592	0.113104
284.062000	120.000000	0.001238	0.109747	0.110985
289.688000	120.000000	0.001596	0.110762	0.112357
295.312000	120.000000	0.001130	0.111966	0.113096
300.938000	120.000000	0.001644	0.117254	0.118898
306.562000	120.000000	0.001689	0.120944	0.122633
312.187000	120.000000	0.001445	0.115041	0.116486
317.812000	120.000000	0.001598	0.107749	0.109347
323.438000	120.000000	0.001867	0.119314	0.121182
329.062000	120.000000	0.001729	0.110405	0.112134
334.688000	120.000000	0.002762	0.100512	0.103274
340.312000	120.000000	0.000369	0.102863	0.103232
345.938000	120.000000	0.002122	0.109267	0.111389
351.562000	120.000000	0.001901	0.110786	0.112687
357.187000	120.000000	0.002231	0.112916	0.115147
0.000000	122.797000	0.001277	0.124421	0.125698
5.625000	122.797000	0.001654	0.125679	0.127333
11.250000	122.797000	0.000669	0.132082	0.132750
16.875000	122.797000	0.000997	0.120047	0.121044
22.500000	122.797000	0.000582	0.124159	0.124741
28.125000	122.797000	0.001288	0.114513	0.115802
33.750000	122.797000	0.002029	0.117812	0.119842
39.375000	122.797000	0.000958	0.130510	0.131469
45.000000	122.797000	0.000947	0.122585	0.123532
50.625000	122.797000	0.000000	0.130658	0.130659
56.250000	122.797000	0.002171	0.131918	0.134088
61.875000	122.797000	0.001269	0.131835	0.133105
67.500000	122.797000	0.001373	0.122899	0.124272
73.125000	122.797000	0.001038	0.125064	0.126103
78.750000	122.797000	0.000965	0.119382	0.120347
84.375000	122.797000	0.000000	0.123664	0.123664
90.000000	122.797000	0.000324	0.123117	0.123441
95.625000	122.797000	0.001087	0.115993	0.117080
101.250000	122.797000	0.001476	0.127679	0.129155
106.875000	122.797000	0.001766	0.120631	0.122397
112.500000	122.797000	0.000340	0.119841	0.120181
118.125000	122.797000	0.002253	0.126332	0.128585
123.750000	122.797000	0.001016	0.128442	0.129458
129.375000	122.797000	0.000971	0.131833	0.132804
135.000000	122.797000	0.000589	0.123756	0.124344
140.625000	122.797000	0.001236	0.119927	0.121163
146.250000	122.797000	0.002385	0.120026	0.122410
151.875000	122.797000	0.000000	0.114003	0.114003
157.500000	122.797000	0.000998	0.130979	0.131977
163.125000	122.797000	0.000819	0.127330	0.128148
168.750000	122.797000	0.000820	0.133714	0.134533
174.375000	122.797000	0.001281	0.115431	0.116711
180.000000	122.797000	0.000616	0.119508	0.120124
185.625000	122.797000	0.000862	0.131062	0.131924
191.250000	122.797000	0.001176	0.120527	0.121702
196.875000	122.797000	0.001246	0.134243	0.135489
202.500000	122.797000	0.002171	0.126907	0.129077
208.125000	122.797000	0.000994	0.114278	0.115272
213.750000	122.797000	0.000952	0.135220	0.136172
219.375000	122.797000	0.002669	0.113858	0.116527
225.000000	122.797000	0.001834	0.127546	0.129379
230.625000	122.797000	0.002504	0.131596	0.134100
236.250000	122.797000	0.002755	0.116934	0.119689
241.875000	122.797000	0.001585	0.126672	0.128258
247.500000	122.797000	0.001534	0.119360	0.120894
253.125000	122.797000	0.000317	0.121868	0.122184
258.750000	122.797000	0.001074	0.134339	0.135413
264.375000	122.797000	0.000895	0.124859	0.125754
270.000000	122.797000	0.000325	0.116705	0.117031
275.625000	122.797000	0.000566	0.133213	0.133779
281.250000	122.797000	0.000597	0.125886	0.126483
286.875000	122.797000	0.000286	0.121675	0.121961
292.500000	122.797000	0.001674	0.119319	0.120993
298.125000	122.797000	0.002118	0.133202	0.135320
303.750000	122.797000	0.001083	0.115389	0.116472
309.375000	122.797000	0.000234	0.119611	0.119845
315.000000	122.797000	0.001201	0.129204	0.130404
320.625000	122.797000	0.001229	0.120031	0.121261
326.250000	122.797000	0.001502	0.121293	0.122795
331.875000	122.797000	0.002509	0.114124	0.116634
337.500000	122.797000	0.001156	0.119055	0.120211
343.125000	122.797000	0.000953	0.114628	0.115580
348.750000	122.797000	0.001349	0.119979	0.121329
354.375000	122.797000	0.000651	0.129413	0.130064
2.812500	125.685000	0.001384	0.132500	0.133884
8.437500	125.685000	0.000240	0.135018	0.135257
14.062500	125.685000	0.000000	0.137891	0.137891
19.687500	125.685000	0.000658	0.133190	0.133849
25.312500	125.685000	0.000653	0.139139	0.139792
30.937500	125.685000	0.000323	0.138945	0.139268
36.562500	125.685000	0.000288	0.133968	0.134256
42.187500	125.685000	0.000646	0.143585	0.144232
47.812500	125.685000	0.001021	0.121847	0.122868
53.437500	125.685000	0.000000	0.135098	0.135098
59.062500	125.685000	0.000987	0.135563	0.136550
64.687500	125.685000	0.000000	0.129767	0.129766
70.312500	125.685000	0.000637	0.138035	0.138672
75.937500	125.685000	0.000823	0.139264	0.140086
81.562500	125.685000	0.000000	0.145376	0.145376
87.187500	125.685000	0.001780	0.129011	0.130791
92.812500	125.685000	0.001574	0.136589	0.138162
98.437500	125.685000	0.000643	0.133263	0.133906
104.062000	125.685000	0.000979	0.132950	0.133929
109.688000	125.685000	0.000658	0.129839	0.130497
115.312000	125.685000	0.000843	0.131445	0.132288
120.938000	125.685000	0.000595	0.125486	0.126081
126.562000	125.685000	0.000000	0.131972	0.131972
132.188000	125.685000	0.000621	0.124161	0.124781
137.812000	125.685000	0.001418	0.139270	0.140689
143.437000	125.685000	0.000000	0.140573	0.140573
149.062000	125.685000	0.000599	0.141079	0.141678
154.688000	125.685000	0.000000	0.134627	0.134626
160.312000	125.685000	0.002089	0.135099	0.137187
165.938000	125.685000	0.000000	0.139731	0.139731
171.562000	125.685000	0.000895	0.143826	0.144721
177.188000	125.685000	0.000675	0.133199	0.133874
182.812000	125.685000	0.000000	0.148970	0.148970
188.438000	125.685000	0.001170	0.137552	0.138723
194.062000	125.685000	0.001372	0.152916	0.154287
199.687000	125.685000	0.001010	0.140634	0.141644
205.312000	125.685000	0.000359	0.133437	0.133796
210.938000	125.685000	0.000548	0.144163	0.144711
216.562000	125.685000	0.001985	0.132747	0.134732
222.188000	125.685000	0.000588	0.141281	0.141869
227.812000	125.685000	0.001869	0.124976	0.126844
233.438000	125.685000	0.000378	0.132584	0.132962
239.062000	125.685000	0.001806	0.135536	0.137342
244.687000	125.685000	0.001049	0.130609	0.131658
250.312000	125.685000	0.000839	0.133225	0.134065
255.937000	125.685000	0.001128	0.122693	0.123820
261.562000	125.685000	0.000686	0.145313	0.145999
267.188000	125.685000	0.000000	0.140720	0.140720
272.812000	125.685000	0.000324	0.135756	0.136081
278.438000	125.685000	0.000607	0.139311	0.139918
284.062000	125.685000	0.000987	0.134760	0.135746
289.688000	125.685000	0.000918	0.140034	0.140952
295.312000	125.685000	0.000000	0.133424	0.133424
300.938000	125.685000	0.001571	0.136537	0.138108
306.562000	125.685000	0.000000	0.124218	0.124218
312.187000	125.685000	0.000601	0.135440	0.136041
317.812000	125.685000	0.000997	0.147835	0.148832
323.438000	125.685000	0.000342	0.122576	0.122918
329.062000	125.685000	0.000264	0.127743	0.128007
334.688000	125.685000	0.000320	0.123479	0.123799
340.312000	125.685000	0.000937	0.132123	0.133059
345.938000	125.685000	0.001835	0.123083	0.124918
351.562000	125.685000	0.000587	0.131893	0.132479
357.187000	125.685000	0.000284	0.134579	0.134864
0.000000	128.682000	0.000323	0.164307	0.164629
5.625000	128.682000	0.001018	0.149304	0.150322
11.250000	128.682000	0.000996	0.154279	0.155275
16.875000	128.682000	0.000000	0.149203	0.149203
22.500000	128.682000	0.000630	0.155673	0.156303
28.125000	128.682000	0.000299	0.144347	0.144646
33.750000	128.682000	0.000000	0.150283	0.150282
39.375000	128.682000	0.000000	0.141402	0.141402
45.000000	128.682000	0.000302	0.151996	0.152298
50.625000	128.682000	0.000631	0.158570	0.159201
56.250000	128.682000	0.000280	0.159839	0.160119
61.875000	128.682000	0.000000	0.145499	0.145499
67.500000	128.682000	0.000934	0.147896	0.148830
73.125000	128.682000	0.000000	0.143789	0.143788
78.750000	128.682000	0.001533	0.147483	0.149016
84.375000	128.682000	0.000975	0.148717	0.149693
90.000000	128.682000	0.000317	0.156837	0.157153
95.625000	128.682000	0.000296	0.158389	0.158686
101.250000	128.682000	0.000000	0.149847	0.149847
106.875000	128.682000	0.000677	0.151517	0.152194
112.500000	128.682000	0.000000	0.131491	0.131491
118.125000	128.682000	0.000638	0.142620	0.143258
123.750000	128.682000	0.000000	0.143701	0.143701
129.375000	128.682000	0.000000	0.135256	0.135257
135.000000	128.682000	0.000318	0.153820	0.154138
140.625000	128.682000	0.000634	0.165602	0.166236
146.250000	128.682000	0.000220	0.139639	0.139860
151.875000	128.682000	0.000967	0.165997	0.166964
157.500000	128.682000	0.000000	0.137773	0.137773
163.125000	128.682000	0.000000	0.139715	0.139715
168.750000	128.682000	0.000920	0.163337	0.164258
174.375000	128.682000	0.000000	0.149007	0.149007
180.000000	128.682000	0.000287	0.156692	0.156979
185.625000	128.682000	0.000652	0.147267	0.147920
191.250000	128.682000	0.001655	0.142444	0.144099
196.875000	128.682000	0.000301	0.145131	0.145432
202.500000	128.682000	0.000290	0.142502	0.142791
208.125000	128.682000	0.000310	0.142183	0.142492
213.750000	128.682000	0.000000	0.155127	0.155127
219.375000	128.682000	0.000961	0.153301	0.154262
225.000000	128.682000	0.000000	0.165785	0.165785
230.625000	128.682000	0.000313	0.134974	0.135286
236.250000	128.682000	0.000299	0.155534	0.155832
241.875000	128.682000	0.000000	0.158700	0.158700
247.500000	128.682000	0.000288	0.152004	0.152291
253.125000	128.682000	0.000655	0.138264	0.138919
258.750000	128.682000	0.000987	0.147471	0.148458
264.375000	128.682000	0.000318	0.150116	0.150435
270.000000	128.682000	0.000676	0.135721	0.136397
275.625000	128.682000	0.000828	0.154402	0.155229
281.250000	128.682000	0.001326	0.140504	0.141831
286.875000	128.682000	0.000333	0.154528	0.154861
292.500000	128.682000	0.000309	0.135444	0.135753
298.125000	128.682000	0.000310	0.139399	0.139709
303.750000	128.682000	0.000300	0.141721	0.142022
309.375000	128.682000	0.000563	0.150228	0.150791
315.000000	128.682000	0.000311	0.161177	0.161488
320.625000	128.682000	0.000301	0.153072	0.153373
326.250000	128.682000	0.000361	0.148337	0.148699
331.875000	128.682000	0.000000	0.154139	0.154139
337.500000	128.682000	0.000258	0.155019	0.155277
343.125000	128.682000	0.001338	0.142884	0.144222
348.750000	128.682000	0.000320	0.145018	0.145338
354.375000	128.682000	0.001242	0.146970	0.148212
2.812500	131.810000	0.000000	0.160053	0.160053
8.437500	131.810000	0.001001	0.163653	0.164654
14.062500	131.810000	0.000000	0.157072	0.157072
19.687500	131.810000	0.000341	0.154493	0.154834
25.312500	131.810000	0.000662	0.166987	0.167650
30.937500	131.810000	0.000000	0.174409	0.174408
36.562500	131.810000	0.000318	0.174703	0.175020
42.187500	131.810000	0.000639	0.152928	0.153566
47.812500	131.810000	0.000000	0.162805	0.162805
53.437500	131.810000	0.000607	0.178882	0.179488
59.062500	131.810000	0.000000	0.147807	0.147806
64.687500	131.810000	0.000298	0.171204	0.171502
70.312500	131.810000	0.000570	0.162581	0.163151
75.937500	131.810000	0.000000	0.176186	0.176187
81.562500	131.810000	0.000000	0.161553	0.161553
87.187500	131.810000	0.000545	0.162890	0.163435
92.812500	131.810000	0.000351	0.159459	0.159810
98.437500	131.810000	0.000712	0.165479	0.166192
104.062000	131.810000	0.000609	0.173840	0.174449
109.688000	131.810000	0.000000	0.172684	0.172684
115.312000	131.810000	0.000000	0.165209	0.165209
120.938000	131.810000	0.000621	0.158342	0.158962
126.562000	131.810000	0.000300	0.149511	0.149812
132.188000	131.810000	0.000000	0.159343	0.159343
137.812000	131.810000	0.000682	0.165589	0.166271
143.437000	131.810000	0.000000	0.179171	0.179171
149.062000	131.810000	0.000855	0.159367	0.160221
154.688000	131.810000	0.000296	0.156830	0.157126
160.312000	131.810000	0.000000	0.168285	0.168285
165.938000	131.810000	0.000918	0.156462	0.157380
171.562000	131.810000	0.000000	0.170467	0.170467
177.188000	131.810000	0.000327	0.174226	0.174553
182.812000	131.810000	0.000000	0.151987	0.151987
188.438000	131.810000	0.000000	0.178647	0.178648
194.062000	131.810000	0.000000	0.173544	0.173544
199.687000	131.810000	0.000379	0.164360	0.164739
205.312000	131.810000	0.000588	0.154900	0.155489
210.938000	131.810000	0.000000	0.161391	0.161391
216.562000	131.810000	0.000000	0.173014	0.173014
222.188000	131.810000	0.000301	0.169045	0.169347
227.812000	131.810000	0.000662	0.165211	0.165874
233.438000	131.810000	0.000308	0.167585	0.167894
239.062000	131.810000	0.000646	0.151043	0.151688
244.687000	131.810000	0.000289	0.171410	0.171699
250.312000	131.810000	0.000000	0.163170	0.163170
255.937000	131.810000	0.000321	0.162661	0.162982
261.562000	131.810000	0.000336	0.172401	0.172738
267.188000	131.810000	0.000610	0.172861	0.173472
272.812000	131.810000	0.000000	0.168733	0.168734
278.438000	131.810000	0.000000	0.159138	0.159138
284.062000	131.810000	0.000950	0.160967	0.161917
289.688000	131.810000	0.000000	0.161278	0.161278
295.312000	131.810000	0.000682	0.163871	0.164553
300.938000	131.810000	0.000601	0.176477	0.177079
306.562000	131.810000	0.000319	0.164683	0.165003
312.187000	131.810000	0.000342	0.171451	0.171793
317.812000	131.810000	0.000303	0.159489	0.159792
323.438000	131.810000	0.000591	0.159782	0.160372
329.062000	131.810000	0.000228	0.147747	0.147975
334.688000	131.810000	0.000345	0.171365	0.171710
340.312000	131.810000	0.000000	0.164090	0.164090
345.938000	131.810000	0.000309	0.167176	0.167485
351.562000	131.810000	0.000638	0.168858	0.169495
357.187000	131.810000	0.000308	0.156733	0.157041
3.000000	134.994000	0.000000	0.180193	0.180193
9.000000	134.994000	0.000000	0.180847	0.180847
15.000000	134.994000	0.000000	0.168652	0.168652
21.000000	134.994000	0.000000	0.172478	0.172478
27.000000	134.994000	0.000324	0.177901	0.178225
33.000000	134.994000	0.000000	0.183371	0.183371
39.000000	134.994000	0.000000	0.194700	0.194701
45.000000	134.994000	0.000000	0.172826	0.172827
51.000000	134.994000	0.000000	0.170912	0.170912
57.000000	134.994000	0.000369	0.185335	0.185703
63.000000	134.994000	0.000630	0.173896	0.174526
69.000000	134.994000	0.000295	0.182859	0.183155
75.000000	134.994000	0.000000	0.176428	0.176428
81.000000	134.994000	0.000000	0.171983	0.171983
87.000000	134.994000	0.000000	0.184436	0.184436
93.000000	134.994000	0.000995	0.180796	0.181792
99.000000	134.994000	0.000000	0.178006	0.178006
105.000000	134.994000	0.000000	0.164575	0.164575
111.000000	134.994000	0.000000	0.174992	0.174993
117.000000	134.994000	0.000301	0.190567	0.190867
123.000000	134.994000	0.000374	0.177352	0.177727
129.000000	134.994000	0.000000	0.203180	0.203181
135.000000	134.994000	0.000000	0.186962	0.186963
141.000000	134.994000	0.000000	0.160101	0.160101
147.000000	134.994000	0.000312	0.181278	0.181590
153.000000	134.994000	0.000000	0.167229	0.167229
159.000000	134.994000	0.000000	0.173196	0.173196
165.000000	134.994000	0.000000	0.170741	0.170741
171.000000	134.994000	0.000341	0.179413	0.179754
177.000000	134.994000	0.000311	0.189232	0.189543
183.000000	134.994000	0.000000	0.177505	0.177505
189.000000	134.994000	0.000000	0.187372	0.187372
195.000000	134.994000	0.000000	0.190431	0.190431
201.000000	134.994000	0.000000	0.165456	0.165456
207.000000	134.994000	0.000599	0.184648	0.185246
213.000000	134.994000	0.000000	0.174323	0.174323
219.000000	134.994000	0.000287	0.188450	0.188736
225.000000	134.994000	0.000000	0.189446	0.189446
231.000000	134.994000	0.000324	0.180397	0.180721
237.000000	134.994000	0.000000	0.181353	0.181353
243.000000	134.994000	0.000000	0.181710	0.181710
249.000000	134.994000	0.000000	0.180955	0.180955
255.000000	134.994000	0.000675	0.173374	0.174049
261.000000	134.994000	0.000000	0.184925	0.184926
267.000000	134.994000	0.000000	0.167053	0.167053
273.000000	134.994000	0.000588	0.170792	0.171380
279.000000	134.994000	0.000268	0.171489	0.171758
285.000000	134.994000	0.000000	0.190713	0.190712
291.000000	134.994000	0.000320	0.184882	0.185203
297.000000	134.994000	0.000000	0.174282	0.174281
303.000000	134.994000	0.000000	0.192165	0.192165
309.000000	134.994000	0.000000	0.175604	0.175604
315.000000	134.994000	0.000000	0.186630	0.186630
321.000000	134.994000	0.000319	0.172058	0.172378
327.000000	134.994000	0.000000	0.182639	0.182639
333.000000	134.994000	0.000000	0.187386	0.187386
339.000000	134.994000	0.000296	0.187902	0.188199
345.000000	134.994000	0.000303	0.180150	0.180453
351.000000	134.994000	0.000000	0.184384	0.184383
357.000000	134.994000	0.000000	0.187424	0.187424
3.214290	138.141000	0.000000	0.201976	0.201976
9.642860	138.141000	0.000000	0.192376	0.192376
16.071400	138.141000	0.000000	0.199004	0.199004
22.500000	138.141000	0.000000	0.194110	0.194110
28.928600	138.141000	0.000000	0.201595	0.201594
35.357100	138.141000	0.000000	0.186629	0.186628
41.785700	138.141000	0.000000	0.200954	0.200954
48.214300	138.141000	0.000000	0.197966	0.197965
54.642900	138.141000	0.000000	0.189417	0.189416
61.071400	138.141000	0.000927	0.201180	0.202106
67.500000	138.141000	0.000000	0.198271	0.198271
73.928600	138.141000	0.000000	0.207637	0.207637
80.357100	138.141000	0.000312	0.194159	0.194471
86.785700	138.141000	0.000000	0.193733	0.193733
93.214300	138.141000	0.000000	0.204727	0.204727
99.642900	138.141000	0.000000	0.202285	0.202285
106.071000	138.141000	0.000000	0.200091	0.200090
112.500000	138.141000	0.000000	0.206916	0.206916
118.929000	138.141000	0.000000	0.204223	0.204223
125.357000	138.141000	0.000000	0.194352	0.194352
131.786000	138.141000	0.000312	0.203171	0.203483
138.214000	138.141000	0.000000	0.200168	0.200167
144.643000	138.141000	0.000000	0.181004	0.181005
151.071000	138.141000	0.000363	0.183399	0.183762
157.500000	138.141000	0.000310	0.201513	0.201823
163.929000	138.141000	0.000000	0.181749	0.181749
170.357000	138.141000	0.000000	0.195185	0.195184
176.786000	138.141000	0.000000	0.203026	0.203026
183.214000	138.141000	0.000000	0.194310	0.194310
189.643000	138.141000	0.000000	0.201480	0.201479
196.071000	138.141000	0.000000	0.193892	0.193892
202.500000	138.141000	0.000000	0.190234	0.190234
208.929000	138.141000	0.000000	0.203274	0.203275
215.357000	138.141000	0.000359	0.203444	0.203803
221.786000	138.141000	0.000000	0.190786	0.190787
228.214000	138.141000	0.000000	0.216449	0.216449
234.643000	138.141000	0.000000	0.206058	0.206058
241.071000	138.141000	0.000000	0.191068	0.191068
247.500000	138.141000	0.000000	0.209249	0.209249
253.929000	138.141000	0.000000	0.183416	0.183416
260.357000	138.141000	0.000000	0.201253	0.201254
266.786000	138.141000	0.000000	0.195583	0.195582
273.214000	138.141000	0.000000	0.194254	0.194254
279.643000	138.141000	0.000000	0.181068	0.181068
286.071000	138.141000	0.000000	0.198840	0.198840
292.500000	138.141000	0.000000	0.199387	0.199387
298.929000	138.141000	0.000000	0.199611	0.199611
305.357000	138.141000	0.000000	0.193197	0.193198
311.786000	138.141000	0.000000	0.187890	0.187889
318.214000	138.141000	0.000359	0.208625	0.208984
324.643000	138.141000	0.000000	0.206251	0.206251
331.071000	138.141000	0.000000	0.192711	0.192711
337.500000	138.141000	0.000000	0.188837	0.188837
343.929000	138.141000	0.000000	0.193160	0.193160
350.357000	138.141000	0.000000	0.178796	0.178795
356.786000	138.141000	0.000286	0.193424	0.193710
3.461540	141.256000	0.000000	0.223693	0.223693
10.384600	141.256000	0.000000	0.217631	0.217631
17.307700	141.256000	0.000000	0.201805	0.201805
24.230800	141.256000	0.000000	0.195282	0.195282
31.153800	141.256000	0.000000	0.215688	0.215688
38.076900	141.256000	0.000000	0.192316	0.192316
45.000000	141.256000	0.000000	0.205366	0.205366
51.923100	141.256000	0.000000	0.198589	0.198589
58.846200	141.256000	0.000000	0.206556	0.206556
65.769200	141.256000	0.000000	0.197494	0.197494
72.692300	141.256000	0.000000	0.213349	0.213349
79.615400	141.256000	0.000341	0.205594	0.205935
86.538500	141.256000	0.000000	0.200710	0.200711
93.461500	141.256000	0.000000	0.215717	0.215718
100.385000	141.256000	0.000000	0.222050	0.222049
107.308000	141.256000	0.000000	0.207100	0.207101
114.231000	141.256000	0.000000	0.225179	0.225179
121.154000	141.256000	0.000000	0.201943	0.201944
128.077000	141.256000	0.000000	0.222323	0.222323
135.000000	141.256000	0.000000	0.202924	0.202924
141.923000	141.256000	0.000000	0.222908	0.222908
148.846000	141.256000	0.000000	0.202050	0.202050
155.769000	141.256000	0.000000	0.206359	0.206359
162.692000	141.256000	0.000000	0.204698	0.204699
169.615000	141.256000	0.000000	0.210862	0.210862
176.538000	141.256000	0.000000	0.207501	0.207500
183.462000	141.256000	0.000000	0.199900	0.199899
190.385000	141.256000	0.000000	0.219861	0.219861
197.308000	141.256000	0.000000	0.201711	0.201712
204.231000	141.256000	0.000000	0.203079	0.203079
211.154000	141.256000	0.000000	0.205794	0.205794
218.077000	141.256000	0.000366	0.208472	0.208838
225.000000	141.256000	0.000000	0.233299	0.233299
231.923000	141.256000	0.000307	0.229231	0.229539
238.846000	141.256000	0.000000	0.199382	0.199381
245.769000	141.256000	0.000000	0.193148	0.193147
252.692000	141.256000	0.000000	0.203987	0.203987
259.615000	141.256000	0.000000	0.200175	0.200175
266.538000	141.256000	0.000000	0.209400	0.209399
273.462000	141.256000	0.000000	0.209333	0.209333
280.385000	141.256000	0.000000	0.218026	0.218026
287.308000	141.256000	0.000000	0.210024	0.210024
294.231000	141.256000	0.000000	0.212269	0.212269
301.154000	141.256000	0.000000	0.197229	0.197229
308.077000	141.256000	0.000000	0.213459	0.213459
315.000000	141.256000	0.000000	0.206165	0.206165
321.923000	141.256000	0.000000	0.214920	0.214920
328.846000	141.256000	0.000000	0.205230	0.205230
335.769000	141.256000	0.000000	0.199047	0.199047
342.692000	141.256000	0.000000	0.212945	0.212946
349.615000	141.256000	0.000000	0.225012	0.225012
356.538000	141.256000	0.000000	0.204444	0.204444
3.750000	144.341000	0.000000	0.226031	0.226031
11.250000	144.341000	0.000000	0.211046	0.211046
18.750000	144.341000	0.000000	0.221100	0.221100
26.250000	144.341000	0.000000	0.225147	0.225147
33.750000	144.341000	0.000000	0.229724	0.229725
41.250000	144.341000	0.000000	0.213657	0.213657
48.750000	144.341000	0.000000	0.213587	0.213586
56.250000	144.341000	0.000000	0.230944	0.230943
63.750000	144.341000	0.000000	0.207293	0.207293
71.250000	144.341000	0.000000	0.207527	0.207527
78.750000	144.341000	0.000000	0.237054	0.237055
86.250000	144.341000	0.000000	0.215036	0.215036
93.750000	144.341000	0.000000	0.219919	0.219919
101.250000	144.341000	0.000000	0.217226	0.217226
108.750000	144.341000	0.000000	0.215065	0.215065
116.250000	144.341000	0.000000	0.230466	0.230467
123.750000	144.341000	0.000000	0.223889	0.223888
131.250000	144.341000	0.000000	0.230022	0.230022
138.750000	144.341000	0.000000	0.214333	0.214333
146.250000	144.341000	0.000000	0.217345	0.217345
153.750000	144.341000	0.000000	0.236056	0.236056
161.250000	144.341000	0.000360	0.241781	0.242140
168.750000	144.341000	0.000000	0.227975	0.227975
176.250000	144.341000	0.000000	0.222372	0.222372
183.750000	144.341000	0.000000	0.225308	0.225307
191.250000	144.341000	0.000000	0.207767	0.207766
198.750000	144.341000	0.000000	0.240240	0.240240
206.250000	144.341000	0.000000	0.220286	0.220287
213.750000	144.341000	0.000000	0.235351	0.235351
221.250000	144.341000	0.000000	0.210956	0.210956
228.750000	144.341000	0.000000	0.237019	0.237019
236.250000	144.341000	0.000000	0.226649	0.226649
243.750000	144.341000	0.000000	0.219429	0.219429
251.250000	144.341000	0.000000	0.228164	0.228164
258.750000	144.341000	0.000000	0.245188	0.245188
266.250000	144.341000	0.000000	0.228407	0.228407
273.750000	144.341000	0.000000	0.217287	0.217287
281.250000	144.341000	0.000000	0.226559	0.226559
288.750000	144.341000	0.000341	0.238819	0.239160
296.250000	144.341000	0.000000	0.233743	0.233743
303.750000	144.341000	0.000000	0.225215	0.225215
311.250000	144.341000	0.000000	0.231303	0.231304
318.750000	144.341000	0.000000	0.231486	0.231487
326.250000	144.341000	0.000000	0.210913	0.210913
333.750000	144.341000	0.000000	0.225187	0.225187
341.250000	144.341000	0.000000	0.217193	0.217193
348.750000	144.341000	0.000000	0.207342	0.207343
356.250000	144.341000	0.000000	0.228169	0.228170
4.090910	147.400000	0.000000	0.237090	0.237091
12.272700	147.400000	0.000000	0.249005	0.249005
20.454500	147.400000	0.000000	0.252027	0.252027
28.636400	147.400000	0.000000	0.233422	0.233422
36.818200	147.400000	0.000000	0.239363	0.239363
45.000000	147.400000	0.000000	0.248940	0.248939
53.181800	147.400000	0.000000	0.235574	0.235574
61.363600	147.400000	0.000000	0.243903	0.243904
69.545500	147.400000	0.000000	0.252218	0.252219
77.727300	147.400000	0.000000	0.224036	0.224036
85.909100	147.400000	0.000000	0.231559	0.231559
94.090900	147.400000	0.000000	0.208264	0.208264
102.273000	147.400000	0.000000	0.234903	0.234903
110.455000	147.400000	0.000000	0.241397	0.241397
118.636000	147.400000	0.000000	0.257644	0.257643
126.818000	147.400000	0.000000	0.229530	0.229530
135.000000	147.400000	0.000000	0.238350	0.238350
143.182000	147.400000	0.000000	0.250494	0.250494
151.364000	147.400000	0.000000	0.251739	0.251738
159.545000	147.400000	0.000000	0.241053	0.241053
167.727000	147.400000	0.000000	0.239605	0.239605
175.909000	147.400000	0.000000	0.241902	0.241902
184.091000	147.400000	0.000000	0.228665	0.228665
192.273000	147.400000	0.000000	0.239292	0.239292
200.455000	147.400000	0.000000	0.239614	0.239614
208.636000	147.400000	0.000000	0.244437	0.244438
216.818000	147.400000	0.000000	0.252157	0.252157
225.000000	147.400000	0.000000	0.239423	0.239423
233.182000	147.400000	0.000000	0.211034	0.211034
241.364000	147.400000	0.000000	0.228053	0.228053
249.545000	147.400000	0.000000	0.236384	0.236384
257.727000	147.400000	0.000000	0.230541	0.230541
265.909000	147.400000	0.000000	0.239171	0.239171
274.091000	147.400000	0.000000	0.234047	0.234047
282.273000	147.400000	0.000000	0.214664	0.214665
290.455000	147.400000	0.000000	0.234648	0.234647
298.636000	147.400000	0.000000	0.241971	0.241970
306.818000	147.400000	0.000000	0.249814	0.249814
315.000000	147.400000	0.000000	0.241229	0.241229
323.182000	147.400000	0.000000	0.221883	0.221884
331.364000	147.400000	0.000000	0.236879	0.236879
339.545000	147.400000	0.000000	0.243695	0.243695
347.727000	147.400000	0.000000	0.235593	0.235593
355.909000	147.400000	0.000000	0.247603	0.247603
4.500000	150.434000	0.000000	0.254878	0.254878
13.500000	150.434000	0.000000	0.249141	0.249141
22.500000	150.434000	0.000000	0.262915	0.262916
31.500000	150.434000	0.000000	0.248271	0.248271
40.500000	150.434000	0.000000	0.232558	0.232558
49.500000	150.434000	0.000000	0.240434	0.240434
58.500000	150.434000	0.000000	0.239780	0.239780
67.500000	150.434000	0.000000	0.247607	0.247608
76.500000	150.434000	0.000000	0.244532	0.244533
85.500000	150.434000	0.000000	0.256959	0.256960
94.500000	150.434000	0.000000	0.261875	0.261875
103.500000	150.434000	0.000000	0.248068	0.248068
112.500000	150.434000	0.000000	0.238098	0.238098
121.500000	150.434000	0.000000	0.242992	0.242992
130.500000	150.434000	0.000000	0.269815	0.269816
139.500000	150.434000	0.000000	0.246310	0.246310
148.500000	150.434000	0.000000	0.257269	0.257269
157.500000	150.434000	0.000000	0.254884	0.254884
166.500000	150.434000	0.000000	0.265767	0.265768
175.500000	150.434000	0.000000	0.261287	0.261286
184.500000	150.434000	0.000000	0.244925	0.244925
193.500000	150.434000	0.000000	0.250968	0.250968
202.500000	150.434000	0.000000	0.269918	0.269918
211.500000	150.434000	0.000000	0.241001	0.241001
220.500000	150.434000	0.000000	0.277587	0.277587
229.500000	150.434000	0.000000	0.253212	0.253213
238.500000	150.434000	0.000000	0.235800	0.235800
247.500000	150.434000	0.000000	0.265663	0.265663
256.500000	150.434000	0.000000	0.252990	0.252990
265.500000	150.434000	0.000000	0.244530	0.244530
274.500000	150.434000	0.000000	0.245630	0.245631
283.500000	150.434000	0.000000	0.246449	0.246449
292.500000	150.434000	0.000000	0.259796	0.259796
301.500000	150.434000	0.000000	0.231427	0.231426
310.500000	150.434000	0.000000	0.273276	0.273276
319.500000	150.434000	0.000000	0.254658	0.254658
328.500000	150.434000	0.000340	0.243483	0.243823
337.500000	150.434000	0.000000	0.251023	0.251023
346.500000	150.434000	0.000000	0.252816	0.252816
355.500000	150.434000	0.000000	0.234711	0.234711
5.000000	153.448000	0.000000	0.267336	0.267336
15.000000	153.448000	0.000000	0.290005	0.290005
25.000000	153.448000	0.000000	0.245677	0.245677
35.000000	153.448000	0.000000	0.267306	0.267305
45.000000	153.448000	0.000000	0.248530	0.248531
55.000000	153.448000	0.000000	0.274299	0.274299
65.000000	153.448000	0.000325	0.295406	0.295731
75.000000	153.448000	0.000000	0.275507	0.275508
85.000000	153.448000	0.000000	0.245409	0.245409
95.000000	153.448000	0.000000	0.248356	0.248356
105.000000	153.448000	0.000000	0.272237	0.272237
115.000000	153.448000	0.000000	0.238817	0.238817
125.000000	153.448000	0.000000	0.261069	0.261069
135.000000	153.448000	0.000000	0.246298	0.246297
145.000000	153.448000	0.000000	0.275506	0.275507
155.000000	153.448000	0.000000	0.263772	0.263772
165.000000	153.448000	0.000000	0.273124	0.273125
175.000000	153.448000	0.000000	0.264422	0.264422
185.000000	153.448000	0.000000	0.262984	0.262984
195.000000	153.448000	0.000000	0.247581	0.247581
205.000000	153.448000	0.000000	0.273510	0.273510
215.000000	153.448000	0.000000	0.267242	0.267242
225.000000	153.448000	0.000000	0.259269	0.259269
235.000000	153.448000	0.000000	0.258318	0.258318
245.000000	153.448000	0.000000	0.266788	0.266788
255.000000	153.448000	0.000000	0.272090	0.272090
265.000000	153.448000	0.000000	0.275359	0.275359
275.000000	153.448000	0.000000	0.257258	0.257258
285.000000	153.448000	0.000000	0.259442	0.259442
295.000000	153.448000	0.000000	0.274733	0.274733
305.000000	153.448000	0.000000	0.280090	0.280090
315.000000	153.448000	0.000000	0.276710	0.276710
325.000000	153.448000	0.000000	0.259701	0.259701
335.000000	153.448000	0.000000	0.253386	0.253385
345.000000	153.448000	0.000000	0.279086	0.279086
355.000000	153.448000	0.000000	0.275608	0.275608
5.625000	156.444000	0.000000	0.285998	0.285998
16.875000	156.444000	0.000000	0.275582	0.275582
28.125000	156.444000	0.000000	0.269616	0.269616
39.375000	156.444000	0.000000	0.274385	0.274386
50.625000	156.444000	0.000000	0.274993	0.274993
61.875000	156.444000	0.000000	0.277932	0.277932
73.125000	156.444000	0.000000	0.283715	0.283715
84.375000	156.444000	0.000000	0.269531	0.269532
95.625000	156.444000	0.000000	0.262641	0.262642
106.875000	156.444000	0.000000	0.290294	0.290294
118.125000	156.444000	0.000000	0.261926	0.261926
129.375000	156.444000	0.000000	0.307654	0.307655
140.625000	156.444000	0.000000	0.271189	0.271189
151.875000	156.444000	0.000000	0.252951	0.252952
163.125000	156.444000	0.000000	0.270461	0.270461
174.375000	156.444000	0.000000	0.272035	0.272036
185.625000	156.444000	0.000000	0.273068	0.273067
196.875000	156.444000	0.000000	0.275705	0.275705
208.125000	156.444000	0.000000	0.254173	0.254172
219.375000	156.444000	0.000000	0.263184	0.263184
230.625000	156.444000	0.000000	0.273673	0.273673
241.875000	156.444000	0.000000	0.278661	0.278661
253.125000	156.444000	0.000000	0.265547	0.265547
264.375000	156.444000	0.000000	0.256308	0.256308
275.625000	156.444000	0.000000	0.296144	0.296144
286.875000	156.444000	0.000000	0.274974	0.274973
298.125000	156.444000	0.000000	0.261424	0.261425
309.375000	156.444000	0.000000	0.256742	0.256742
320.625000	156.444000	0.000000	0.266826	0.266826
331.875000	156.444000	0.000000	0.280847	0.280846
343.125000	156.444000	0.000000	0.269319	0.269319
354.375000	156.444000	0.000000	0.278215	0.278215
6.428570	159.423000	0.000000	0.283989	0.283989
19.285700	159.423000	0.000000	0.270968	0.270968
32.142900	159.423000	0.000000	0.289866	0.289866
45.000000	159.423000	0.000000	0.292409	0.292408
57.857100	159.423000	0.000000	0.277683	0.277684
70.714300	159.423000	0.000000	0.277245	0.277244
83.571400	159.423000	0.000000	0.295308	0.295309
96.428600	159.423000	0.000000	0.307842	0.307842
109.286000	159.423000	0.000000	0.281690	0.281690
122.143000	159.423000	0.000000	0.281314	0.281314
135.000000	159.423000	0.000000	0.297559	0.297559
147.857000	159.423000	0.000000	0.296485	0.296485
160.714000	159.423000	0.000000	0.291237	0.291237
173.571000	159.423000	0.000000	0.283145	0.283144
186.429000	159.423000	0.000000	0.283775	0.283775
199.286000	159.423000	0.000000	0.270011	0.270010
212.143000	159.423000	0.000000	0.275235	0.275235
225.000000	159.423000	0.000000	0.288329	0.288330
237.857000	159.423000	0.000000	0.284065	0.284066
250.714000	159.423000	0.000000	0.281450	0.281450
263.571000	159.423000	0.000000	0.297319	0.297319
276.429000	159.423000	0.000000	0.280903	0.280904
289.286000	159.423000	0.000000	0.277049	0.277049
302.143000	159.423000	0.000000	0.281690	0.281690
315.000000	159.423000	0.000000	0.299645	0.299644
327.857000	159.423000	0.000000	0.269599	0.269600
340.714000	159.423000	0.000000	0.284483	0.284483
353.571000	159.423000	0.000000	0.276970	0.276970
7.500000	162.388000	0.000000	0.294819	0.294818
22.500000	162.388000	0.000000	0.291133	0.291133
37.500000	162.388000	0.000000	0.295841	0.295842
52.500000	162.388000	0.000000	0.303623	0.303624
67.500000	162.388000	0.000000	0.289082	0.289082
82.500000	162.388000	0.000000	0.303968	0.303969
97.500000	162.388000	0.000000	0.276111	0.276111
112.500000	162.388000	0.000000	0.286379	0.286379
127.500000	162.388000	0.000000	0.276780	0.276780
142.500000	162.388000	0.000000	0.289602	0.289602
157.500000	162.388000	0.000000	0.284106	0.284106
172.500000	162.388000	0.000000	0.300702	0.300703
187.500000	162.388000	0.000000	0.293687	0.293686
202.500000	162.388000	0.000000	0.304767	0.304767
217.500000	162.388000	0.000000	0.293968	0.293968
232.500000	162.388000	0.000000	0.310458	0.310458
247.500000	162.388000	0.000000	0.291288	0.291287
262.500000	162.388000	0.000000	0.301346	0.301346
277.500000	162.388000	0.000000	0.293460	0.293461
292.500000	162.388000	0.000000	0.280424	0.280423
307.500000	162.388000	0.000000	0.300278	0.300278
322.500000	162.388000	0.000000	0.290967	0.290967
337.500000	162.388000	0.000000	0.282740	0.282740
352.500000	162.388000	0.000000	0.308470	0.308470
9.000000	165.341000	0.000000	0.305769	0.305769
27.000000	165.341000	0.000000	0.306054	0.306053
45.000000	165.341000	0.000000	0.278261	0.278261
63.000000	165.341000	0.000000	0.292142	0.292142
81.000000	165.341000	0.000000	0.307900	0.307900
99.000000	165.341000	0.000000	0.309701	0.309701
117.000000	165.341000	0.000000	0.288826	0.288825
135.000000	165.341000	0.000000	0.295271	0.295271
153.000000	165.341000	0.000000	0.288873	0.288873
171.000000	165.341000	0.000000	0.317937	0.317937
189.000000	165.341000	0.000000	0.298106	0.298107
207.000000	165.341000	0.000000	0.301968	0.301968
225.000000	165.341000	0.000000	0.305668	0.305668
243.000000	165.341000	0.000000	0.306484	0.306483
261.000000	165.341000	0.000000	0.301118	0.301119
279.000000	165.341000	0.000000	0.312572	0.312571
297.000000	165.341000	0.000000	0.299172	0.299172
315.000000	165.341000	0.000000	0.302574	0.302573
333.000000	165.341000	0.000000	0.284285	0.284285
351.000000	165.341000	0.000000	0.292150	0.292150
11.250000	168.284000	0.000000	0.298744	0.298745
33.750000	168.284000	0.000000	0.309058	0.309058
56.250000	168.284000	0.000000	0.298203	0.298203
78.750000	168.284000	0.000000	0.287290	0.287290
101.250000	168.284000	0.000000	0.293808	0.293808
123.750000	168.284000	0.000000	0.293895	0.293894
146.250000	168.284000	0.000000	0.297324	0.297324
168.750000	168.284000	0.000000	0.310128	0.310128
191.250000	168.284000	0.000000	0.311088	0.311088
213.750000	168.284000	0.000000	0.298736	0.298737
236.250000	168.284000	0.000000	0.290252	0.290252
258.750000	168.284000	0.000000	0.306983	0.306984
281.250000	168.284000	0.000000	0.314248	0.314247
303.750000	168.284000	0.000000	0.311349	0.311349
326.250000	168.284000	0.000000	0.316261	0.316261
348.750000	168.284000	0.000000	0.287271	0.287271
15.000000	171.220000	0.000000	0.280303	0.280303
45.000000	171.220000	0.000000	0.309482	0.309482
75.000000	171.220000	0.000000	0.302525	0.302525
105.000000	171.220000	0.000000	0.328100	0.328100
135.000000	171.220000	0.000000	0.319408	0.319408
165.000000	171.220000	0.000000	0.309990	0.309989
195.000000	171.220000	0.000000	0.302965	0.302965
225.000000	171.220000	0.000000	0.308928	0.308928
255.000000	171.220000	0.000000	0.319527	0.319527
285.000000	171.220000	0.000000	0.314260	0.314260
315.000000	171.220000	0.000000	0.311937	0.311937
345.000000	171.220000	0.000000	0.298143	0.298142
22.500000	174.150000	0.000000	0.301121	0.301121
67.500000	174.150000	0.000000	0.326191	0.326191
112.500000	174.150000	0.000000	0.306710	0.306710
157.500000	174.150000	0.000000	0.304836	0.304836
202.500000	174.150000	0.000000	0.316117	0.316117
247.500000	174.150000	0.000000	0.320521	0.320521
292.500000	174.150000	0.000000	0.300287	0.300287
337.500000	174.150000	0.000000	0.321122	0.321122
45.000000	177.076000	0.000000	0.304560	0.304560
135.000000	177.076000	0.000000	0.306656	0.306655
225.000000	177.076000	0.000000	0.348181	0.348182
315.000000	177.076000	0.000000	0.297707	0.297708
