# phi	theta	PMT0	PMT1 	total
45.000000	2.924180	21.127939	0.219433	21.347400
135.000000	2.924180	21.145809	0.236898	21.382700
225.000000	2.924180	21.053748	0.212856	21.266600
315.000000	2.924180	21.565965	0.223167	21.789200
22.500000	5.850270	21.282544	0.130355	21.412900
67.500000	5.850270	21.630205	0.189790	21.820000
112.500000	5.850270	21.143660	0.165613	21.309300
157.500000	5.850270	20.856053	0.147542	21.003600
202.500000	5.850270	21.098987	0.164024	21.263000
247.500000	5.850270	20.978651	0.198170	21.176800
292.500000	5.850270	21.157797	0.167611	21.325400
337.500000	5.850270	21.585871	0.155952	21.741800
15.000000	8.780180	21.227126	0.127825	21.354900
45.000000	8.780180	21.047980	0.167389	21.215400
75.000000	8.780180	21.038706	0.141697	21.180400
105.000000	8.780180	21.394849	0.138766	21.533700
135.000000	8.780180	21.213667	0.139812	21.353500
165.000000	8.780180	21.236626	0.125277	21.361900
195.000000	8.780180	21.208012	0.124944	21.333000
225.000000	8.780180	21.135178	0.109493	21.244700
255.000000	8.780180	21.016991	0.126596	21.143600
285.000000	8.780180	21.063813	0.142791	21.206600
315.000000	8.780180	21.234816	0.137435	21.372200
345.000000	8.780180	21.400165	0.160406	21.560500
11.250000	11.715900	21.206316	0.159140	21.365500
33.750000	11.715900	20.939067	0.166298	21.105300
56.250000	11.715900	21.143773	0.177659	21.321500
78.750000	11.715900	20.950377	0.168297	21.118700
101.250000	11.715900	21.397337	0.167000	21.564300
123.750000	11.715900	20.976502	0.187837	21.164400
146.250000	11.715900	21.328122	0.190843	21.518900
168.750000	11.715900	21.313532	0.217701	21.531200
191.250000	11.715900	21.295210	0.139357	21.434600
213.750000	11.715900	21.156101	0.171297	21.327400
236.250000	11.715900	21.464291	0.161618	21.625900
258.750000	11.715900	21.236060	0.156756	21.392800
281.250000	11.715900	21.590168	0.172806	21.763000
303.750000	11.715900	21.295550	0.190718	21.486300
326.250000	11.715900	21.148071	0.174214	21.322300
348.750000	11.715900	21.366688	0.175098	21.541700
9.000000	14.659300	21.081683	0.132365	21.214100
27.000000	14.659300	21.257323	0.138846	21.396200
45.000000	14.659300	21.447100	0.133456	21.580500
63.000000	14.659300	21.242959	0.146371	21.389300
81.000000	14.659300	21.184714	0.163922	21.348600
99.000000	14.659300	21.074105	0.140083	21.214200
117.000000	14.659300	21.064266	0.136230	21.200500
135.000000	14.659300	21.412945	0.135390	21.548300
153.000000	14.659300	21.228596	0.118411	21.347000
171.000000	14.659300	21.316699	0.135860	21.452500
189.000000	14.659300	21.213667	0.142227	21.355900
207.000000	14.659300	21.171934	0.115815	21.287800
225.000000	14.659300	21.182339	0.151500	21.333900
243.000000	14.659300	21.522310	0.114079	21.636400
261.000000	14.659300	21.219774	0.156019	21.375800
279.000000	14.659300	21.217399	0.136718	21.354100
297.000000	14.659300	21.166166	0.166034	21.332200
315.000000	14.659300	21.357640	0.129606	21.487200
333.000000	14.659300	21.449136	0.130744	21.579900
351.000000	14.659300	21.241715	0.121248	21.362900
7.500000	17.612400	21.305276	0.174828	21.480100
22.500000	17.612400	21.307651	0.153276	21.460900
37.500000	17.612400	21.157119	0.145896	21.303000
52.500000	17.612400	21.350176	0.146186	21.496400
67.500000	17.612400	21.267841	0.128093	21.395900
82.500000	17.612400	21.154404	0.131775	21.286100
97.500000	17.612400	21.446195	0.155555	21.601800
112.500000	17.612400	21.040854	0.160267	21.201100
127.500000	17.612400	21.435225	0.156730	21.591900
142.500000	17.612400	21.660854	0.183445	21.844400
157.500000	17.612400	21.142303	0.187626	21.329900
172.500000	17.612400	21.582591	0.158121	21.740700
187.500000	17.612400	21.214007	0.166338	21.380300
202.500000	17.612400	21.475940	0.129683	21.605600
217.500000	17.612400	21.247936	0.173759	21.421700
232.500000	17.612400	21.497089	0.168222	21.665300
247.500000	17.612400	21.398921	0.173938	21.572800
262.500000	17.612400	21.326199	0.164317	21.490500
277.500000	17.612400	21.426969	0.159169	21.586200
292.500000	17.612400	21.338187	0.172806	21.511000
307.500000	17.612400	21.197381	0.171246	21.368600
322.500000	17.612400	21.155422	0.160060	21.315500
337.500000	17.612400	21.030223	0.163652	21.193800
352.500000	17.612400	21.391569	0.150858	21.542400
6.428570	20.577500	21.206316	0.146504	21.352900
19.285700	20.577500	21.625907	0.167121	21.793100
32.142900	20.577500	21.385688	0.176362	21.562100
45.000000	20.577500	21.006247	0.148333	21.154600
57.857100	20.577500	21.096046	0.154842	21.250900
70.714300	20.577500	21.350854	0.161638	21.512500
83.571400	20.577500	21.642645	0.186560	21.829200
96.428600	20.577500	20.895411	0.167375	21.062800
109.286000	20.577500	21.304258	0.167279	21.471600
122.143000	20.577500	21.374605	0.171676	21.546200
135.000000	20.577500	21.245448	0.155028	21.400400
147.857000	20.577500	21.269311	0.185909	21.455300
160.714000	20.577500	20.851190	0.169476	21.020600
173.571000	20.577500	21.066867	0.121669	21.188500
186.429000	20.577500	20.990187	0.177056	21.167200
199.286000	20.577500	21.280282	0.161692	21.441900
212.143000	20.577500	21.223620	0.175117	21.398700
225.000000	20.577500	21.282544	0.186772	21.469300
237.857000	20.577500	21.553072	0.134657	21.687700
250.714000	20.577500	21.544590	0.159266	21.703900
263.571000	20.577500	21.111088	0.163668	21.274700
276.429000	20.577500	21.090052	0.149333	21.239400
289.286000	20.577500	21.172839	0.168321	21.341100
302.143000	20.577500	21.345652	0.157239	21.502900
315.000000	20.577500	21.309008	0.176566	21.485600
327.857000	20.577500	21.520161	0.162822	21.683000
340.714000	20.577500	21.056688	0.139979	21.196700
353.571000	20.577500	21.093671	0.150901	21.244500
5.625000	23.556500	21.054539	0.170655	21.225200
16.875000	23.556500	21.385914	0.180758	21.566600
28.125000	23.556500	20.945061	0.159501	21.104600
39.375000	23.556500	20.930132	0.156601	21.086700
50.625000	23.556500	20.974919	0.154334	21.129200
61.875000	23.556500	20.960895	0.121947	21.082900
73.125000	23.556500	20.977746	0.134327	21.112100
84.375000	23.556500	21.313193	0.144753	21.458000
95.625000	23.556500	21.075575	0.161159	21.236800
106.875000	23.556500	20.980687	0.162476	21.143200
118.125000	23.556500	20.912828	0.135655	21.048500
129.375000	23.556500	21.250763	0.146553	21.397400
140.625000	23.556500	21.393266	0.156898	21.550200
151.875000	23.556500	21.197042	0.164934	21.361900
163.125000	23.556500	21.054765	0.149308	21.204000
174.375000	23.556500	21.162547	0.161006	21.323600
185.625000	23.556500	21.059742	0.150090	21.209900
196.875000	23.556500	21.099439	0.163581	21.263000
208.125000	23.556500	21.213328	0.178551	21.391900
219.375000	23.556500	20.777451	0.155534	20.933000
230.625000	23.556500	21.079081	0.133872	21.212900
241.875000	23.556500	21.029432	0.169713	21.199100
253.125000	23.556500	21.080552	0.137249	21.217800
264.375000	23.556500	21.208465	0.162600	21.371100
275.625000	23.556500	20.921537	0.141861	21.063400
286.875000	23.556500	20.838750	0.149311	20.988100
298.125000	23.556500	21.234590	0.152325	21.387000
309.375000	23.556500	20.922781	0.162605	21.085300
320.625000	23.556500	21.129410	0.160658	21.290100
331.875000	23.556500	21.365105	0.177696	21.542800
343.125000	23.556500	21.250763	0.154826	21.405600
354.375000	23.556500	20.980913	0.153832	21.134800
5.000000	26.551700	21.333777	0.208061	21.541900
15.000000	26.551700	20.832077	0.203960	21.036000
25.000000	26.551700	20.952412	0.216352	21.168800
35.000000	26.551700	21.128957	0.172270	21.301200
45.000000	26.551700	21.248501	0.218079	21.466600
55.000000	26.551700	21.082022	0.200125	21.282100
65.000000	26.551700	20.973109	0.173468	21.146600
75.000000	26.551700	20.970508	0.197108	21.167600
85.000000	26.551700	20.882066	0.191024	21.073100
95.000000	26.551700	21.453773	0.211169	21.664900
105.000000	26.551700	21.047414	0.224667	21.272100
115.000000	26.551700	20.865667	0.207753	21.073400
125.000000	26.551700	21.019479	0.203749	21.223300
135.000000	26.551700	20.936126	0.224987	21.161100
145.000000	26.551700	21.034973	0.207886	21.242900
155.000000	26.551700	21.224411	0.207200	21.431600
165.000000	26.551700	20.987925	0.179228	21.167200
175.000000	26.551700	20.797469	0.232783	21.030300
185.000000	26.551700	20.978425	0.210428	21.188800
195.000000	26.551700	21.078290	0.225966	21.304300
205.000000	26.551700	21.062456	0.210685	21.273100
215.000000	26.551700	20.845762	0.213821	21.059600
225.000000	26.551700	21.056575	0.200635	21.257200
235.000000	26.551700	21.000139	0.166069	21.166200
245.000000	26.551700	20.999348	0.165458	21.164800
255.000000	26.551700	21.026265	0.202502	21.228800
265.000000	26.551700	20.974127	0.197381	21.171600
275.000000	26.551700	21.222489	0.167445	21.389900
285.000000	26.551700	21.248614	0.188732	21.437400
295.000000	26.551700	21.214346	0.202269	21.416600
305.000000	26.551700	20.692628	0.203969	20.896600
315.000000	26.551700	21.233459	0.180951	21.414400
325.000000	26.551700	21.073766	0.223676	21.297400
335.000000	26.551700	20.976502	0.204202	21.180700
345.000000	26.551700	21.066980	0.196781	21.263800
355.000000	26.551700	20.960442	0.204279	21.164800
4.500000	29.565600	20.923799	0.175645	21.099400
13.500000	29.565600	21.095141	0.179374	21.274500
22.500000	29.565600	20.969603	0.178866	21.148500
31.500000	29.565600	20.833999	0.154946	20.988900
40.500000	29.565600	20.866458	0.148907	21.015400
49.500000	29.565600	20.822124	0.164924	20.987000
58.500000	29.565600	20.887495	0.173066	21.060500
67.500000	29.565600	20.949246	0.205420	21.154700
76.500000	29.565600	21.047867	0.195840	21.243700
85.500000	29.565600	21.010771	0.155979	21.166700
94.500000	29.565600	20.637549	0.132202	20.769800
103.500000	29.565600	20.930924	0.182780	21.113700
112.500000	29.565600	20.762183	0.181557	20.943700
121.500000	29.565600	21.167637	0.129368	21.297000
130.500000	29.565600	20.990865	0.161643	21.152500
139.500000	29.565600	20.990979	0.163462	21.154400
148.500000	29.565600	21.052390	0.148314	21.200700
157.500000	29.565600	21.145356	0.174836	21.320200
166.500000	29.565600	20.722485	0.166051	20.888600
175.500000	29.565600	21.051146	0.174259	21.225400
184.500000	29.565600	20.909096	0.177879	21.086900
193.500000	29.565600	20.948567	0.192046	21.140600
202.500000	29.565600	20.628049	0.146583	20.774600
211.500000	29.565600	20.908757	0.182157	21.090900
220.500000	29.565600	20.668086	0.158466	20.826500
229.500000	29.565600	20.998330	0.166757	21.165100
238.500000	29.565600	21.155309	0.182685	21.338000
247.500000	29.565600	20.973109	0.181854	21.155000
256.500000	29.565600	20.821559	0.168249	20.989800
265.500000	29.565600	20.437254	0.185889	20.623200
274.500000	29.565600	20.982044	0.184574	21.166600
283.500000	29.565600	20.622847	0.185793	20.808700
292.500000	29.565600	21.021062	0.202618	21.223700
301.500000	29.565600	21.346443	0.174380	21.520800
310.500000	29.565600	20.672836	0.183080	20.856000
319.500000	29.565600	20.873923	0.170278	21.044200
328.500000	29.565600	20.648633	0.178185	20.826800
337.500000	29.565600	20.608257	0.151337	20.759600
346.500000	29.565600	21.254948	0.163378	21.418300
355.500000	29.565600	20.569691	0.177925	20.747700
4.090910	32.600500	20.952073	0.196823	21.148900
12.272700	32.600500	20.585072	0.198632	20.783700
20.454500	32.600500	21.242281	0.218492	21.460800
28.636400	32.600500	20.893828	0.222857	21.116700
36.818200	32.600500	20.882405	0.212444	21.094900
45.000000	32.600500	20.731307	0.191251	20.922500
53.181800	32.600500	21.185167	0.206503	21.391700
61.363600	32.600500	21.022533	0.179155	21.201700
69.545500	32.600500	20.731194	0.217265	20.948500
77.727300	32.600500	20.854809	0.201656	21.056500
85.909100	32.600500	20.692402	0.231548	20.924000
94.090900	32.600500	20.759581	0.226405	20.985900
102.273000	32.600500	20.721241	0.228760	20.950000
110.455000	32.600500	20.939745	0.237640	21.177400
118.636000	32.600500	20.930358	0.206420	21.136800
126.818000	32.600500	20.620472	0.236816	20.857300
135.000000	32.600500	20.905816	0.217986	21.123800
143.182000	32.600500	20.958859	0.208763	21.167600
151.364000	32.600500	21.132576	0.197263	21.329900
159.545000	32.600500	20.754944	0.180769	20.935700
167.727000	32.600500	21.006247	0.192291	21.198600
175.909000	32.600500	21.023551	0.196474	21.220100
184.091000	32.600500	20.800296	0.193137	20.993400
192.273000	32.600500	20.820654	0.192174	21.012900
200.455000	32.600500	20.822803	0.168435	20.991200
208.636000	32.600500	20.731533	0.207620	20.939200
216.818000	32.600500	20.478987	0.194284	20.673200
225.000000	32.600500	21.085189	0.222686	21.307900
233.182000	32.600500	20.752682	0.226211	20.978900
241.364000	32.600500	20.630311	0.189570	20.819900
249.545000	32.600500	21.071278	0.228260	21.299500
257.727000	32.600500	20.808553	0.214555	21.023100
265.909000	32.600500	20.719997	0.231595	20.951600
274.091000	32.600500	20.932960	0.210819	21.143800
282.273000	32.600500	20.866345	0.218861	21.085200
290.455000	32.600500	20.951960	0.235028	21.187000
298.636000	32.600500	21.112671	0.212707	21.325400
306.818000	32.600500	20.627710	0.219757	20.847500
315.000000	32.600500	21.151237	0.218759	21.370000
323.182000	32.600500	20.892923	0.191873	21.084800
331.364000	32.600500	20.799618	0.209841	21.009500
339.545000	32.600500	20.705069	0.212485	20.917600
347.727000	32.600500	20.876976	0.201760	21.078700
355.909000	32.600500	20.616061	0.202629	20.818600
3.750000	35.659100	20.745218	0.342855	21.088000
11.250000	35.659100	20.681997	0.349498	21.031500
18.750000	35.659100	21.077046	0.374550	21.451600
26.250000	35.659100	20.711967	0.352363	21.064300
33.750000	35.659100	20.745331	0.339178	21.084500
41.250000	35.659100	20.653157	0.368061	21.021200
48.750000	35.659100	20.674985	0.381750	21.056700
56.250000	35.659100	21.200435	0.332680	21.533100
63.750000	35.659100	20.897447	0.356010	21.253500
71.250000	35.659100	20.589370	0.310806	20.900100
78.750000	35.659100	20.435558	0.348442	20.783900
86.250000	35.659100	20.429450	0.346421	20.775800
93.750000	35.659100	21.042890	0.371456	21.414400
101.250000	35.659100	20.775189	0.375203	21.150400
108.750000	35.659100	20.561774	0.354385	20.916100
116.250000	35.659100	20.936918	0.359159	21.296100
123.750000	35.659100	20.805386	0.336974	21.142300
131.250000	35.659100	20.911245	0.374098	21.285400
138.750000	35.659100	20.546167	0.302490	20.848700
146.250000	35.659100	20.752117	0.353512	21.105600
153.750000	35.659100	20.781409	0.355595	21.137000
161.250000	35.659100	20.777903	0.328380	21.106300
168.750000	35.659100	20.627597	0.375401	21.003100
176.250000	35.659100	20.306287	0.355950	20.662200
183.750000	35.659100	20.506922	0.325140	20.832000
191.250000	35.659100	20.994258	0.371231	21.365400
198.750000	35.659100	20.715021	0.370558	21.085500
206.250000	35.659100	20.525922	0.371207	20.897100
213.750000	35.659100	20.613007	0.344484	20.957500
221.250000	35.659100	21.040289	0.345337	21.385700
228.750000	35.659100	20.563471	0.346365	20.909800
236.250000	35.659100	20.629293	0.366802	20.996100
243.750000	35.659100	20.854922	0.343837	21.198800
251.250000	35.659100	20.792606	0.353053	21.145700
258.750000	35.659100	20.880709	0.367141	21.247800
266.250000	35.659100	20.684146	0.343368	21.027500
273.750000	35.659100	20.931942	0.333430	21.265300
281.250000	35.659100	20.634496	0.399420	21.033900
288.750000	35.659100	20.758564	0.419574	21.178200
296.250000	35.659100	20.895638	0.346392	21.242000
303.750000	35.659100	20.414521	0.354507	20.769000
311.250000	35.659100	20.939519	0.335183	21.274700
318.750000	35.659100	20.486904	0.401731	20.888600
326.250000	35.659100	20.888739	0.330421	21.219100
333.750000	35.659100	20.836261	0.365739	21.202000
341.250000	35.659100	20.634948	0.340156	20.975100
348.750000	35.659100	20.911697	0.334311	21.246000
356.250000	35.659100	21.042890	0.352969	21.395900
3.461540	38.744200	20.885346	0.573418	21.458800
10.384600	38.744200	20.499231	0.571508	21.070700
17.307700	38.744200	20.720563	0.620124	21.340700
24.230800	38.744200	20.599775	0.582785	21.182600
31.153800	38.744200	20.710271	0.626071	21.336400
38.076900	38.744200	20.949133	0.540761	21.489900
45.000000	38.744200	20.411920	0.608092	21.020000
51.923100	38.744200	20.967907	0.571840	21.539700
58.846200	38.744200	20.509071	0.628685	21.137700
65.769200	38.744200	20.910114	0.560767	21.470800
72.692300	38.744200	20.711515	0.553107	21.264600
79.615400	38.744200	21.013259	0.555575	21.568800
86.538500	38.744200	20.672044	0.565636	21.237700
93.461500	38.744200	20.703146	0.546267	21.249400
100.385000	38.744200	20.858542	0.562715	21.421300
107.308000	38.744200	20.646823	0.504882	21.151700
114.231000	38.744200	20.852434	0.614713	21.467200
121.154000	38.744200	20.711176	0.518742	21.229900
128.077000	38.744200	20.603846	0.553224	21.157100
135.000000	38.744200	20.492898	0.617084	21.109900
141.923000	38.744200	20.690253	0.601641	21.291900
148.846000	38.744200	20.903102	0.557392	21.460500
155.769000	38.744200	20.765349	0.586737	21.352000
162.692000	38.744200	20.708914	0.552659	21.261600
169.615000	38.744200	20.862839	0.553725	21.416600
176.538000	38.744200	20.827214	0.543100	21.370400
183.462000	38.744200	20.517214	0.626114	21.143300
190.385000	38.744200	21.151577	0.594140	21.745700
197.308000	38.744200	21.071391	0.619573	21.691000
204.231000	38.744200	20.932168	0.538107	21.470300
211.154000	38.744200	20.887155	0.594690	21.481800
218.077000	38.744200	20.721694	0.571281	21.293000
225.000000	38.744200	20.464510	0.570383	21.034900
231.923000	38.744200	20.816243	0.576457	21.392800
238.846000	38.744200	20.765236	0.604053	21.369300
245.769000	38.744200	20.211172	0.587858	20.799100
252.692000	38.744200	20.463719	0.560171	21.023900
259.615000	38.744200	20.719432	0.600171	21.319600
266.538000	38.744200	20.734587	0.591835	21.326400
273.462000	38.744200	21.126922	0.564879	21.691800
280.385000	38.744200	20.484303	0.606658	21.091000
287.308000	38.744200	20.712646	0.537588	21.250200
294.231000	38.744200	20.494142	0.605350	21.099500
301.154000	38.744200	20.427980	0.603949	21.032000
308.077000	38.744200	20.792267	0.566787	21.359000
315.000000	38.744200	20.543339	0.567045	21.110400
321.923000	38.744200	20.808100	0.564462	21.372600
328.846000	38.744200	20.543226	0.555642	21.098800
335.769000	38.744200	20.963948	0.595005	21.558900
342.692000	38.744200	20.772361	0.545122	21.317500
349.615000	38.744200	20.550464	0.565964	21.116400
356.538000	38.744200	20.534065	0.642645	21.176800
3.214290	41.858800	20.839428	0.864436	21.703800
9.642860	41.858800	20.570256	0.858583	21.428800
16.071400	41.858800	20.922781	0.872294	21.795100
22.500000	41.858800	20.911924	0.868814	21.780800
28.928600	41.858800	20.865214	0.856854	21.722100
35.357100	41.858800	20.790796	0.869597	21.660400
41.785700	41.858800	20.983967	0.906352	21.890300
48.214300	41.858800	20.751438	0.841716	21.593100
54.642900	41.858800	20.554988	0.913712	21.468700
61.071400	41.858800	20.526149	0.864746	21.390900
67.500000	41.858800	20.652704	0.956464	21.609200
73.928600	41.858800	20.947775	0.888141	21.835900
80.357100	41.858800	20.909662	0.824379	21.734000
86.785700	41.858800	20.651573	0.794681	21.446300
93.214300	41.858800	20.745331	0.905266	21.650600
99.642900	41.858800	20.639472	0.864091	21.503500
106.071000	41.858800	20.887381	0.833221	21.720600
112.500000	41.858800	20.580209	0.898801	21.479000
118.929000	41.858800	21.187881	0.903022	22.090900
125.357000	41.858800	20.835922	0.853668	21.689600
131.786000	41.858800	20.969603	0.883174	21.852800
138.214000	41.858800	20.626805	0.885352	21.512200
144.643000	41.858800	20.732664	0.916096	21.648800
151.071000	41.858800	20.900048	0.905596	21.805600
157.500000	41.858800	20.986794	0.819015	21.805800
163.929000	41.858800	20.970395	0.849740	21.820200
170.357000	41.858800	20.819071	0.869017	21.688100
176.786000	41.858800	20.939406	0.885491	21.824900
183.214000	41.858800	20.414408	0.864780	21.279200
189.643000	41.858800	20.905477	0.808576	21.714100
196.071000	41.858800	20.877090	0.816153	21.693300
202.500000	41.858800	20.976502	0.908204	21.884800
208.929000	41.858800	20.796451	0.799789	21.596300
215.357000	41.858800	20.606108	0.909258	21.515400
221.786000	41.858800	21.015181	0.902907	21.918100
228.214000	41.858800	20.678264	0.879592	21.557900
234.643000	41.858800	20.767498	0.881835	21.649400
241.071000	41.858800	20.730855	0.907166	21.638100
247.500000	41.858800	20.877316	0.873591	21.750900
253.929000	41.858800	20.874488	0.884326	21.758800
260.357000	41.858800	20.521059	0.859891	21.380900
266.786000	41.858800	21.082474	0.820108	21.902600
273.214000	41.858800	20.502172	0.918708	21.420800
279.643000	41.858800	20.868268	0.845961	21.714200
286.071000	41.858800	20.973901	0.852143	21.826100
292.500000	41.858800	20.974014	0.857290	21.831300
298.929000	41.858800	20.735944	0.855426	21.591400
305.357000	41.858800	20.883536	0.830072	21.713600
311.786000	41.858800	20.788647	0.890588	21.679200
318.214000	41.858800	20.832190	0.914573	21.746800
324.643000	41.858800	20.787969	0.896909	21.684900
331.071000	41.858800	20.774284	0.871950	21.646300
337.500000	41.858800	20.759129	0.899934	21.659000
343.929000	41.858800	21.158815	0.812437	21.971300
350.357000	41.858800	20.839541	0.862107	21.701600
356.786000	41.858800	21.000818	0.924498	21.925300
3.000000	45.006100	21.142416	1.276417	22.418900
9.000000	45.006100	20.821446	1.228418	22.049800
15.000000	45.006100	21.426177	1.209293	22.635500
21.000000	45.006100	21.210387	1.262800	22.473200
27.000000	45.006100	21.209483	1.214620	22.424000
33.000000	45.006100	21.133707	1.314598	22.448300
39.000000	45.006100	21.140154	1.241560	22.381700
45.000000	45.006100	20.975597	1.251773	22.227400
51.000000	45.006100	21.491095	1.192657	22.683800
57.000000	45.006100	21.119683	1.248199	22.367900
63.000000	45.006100	21.182679	1.268635	22.451300
69.000000	45.006100	21.045831	1.289638	22.335400
75.000000	45.006100	21.290008	1.351671	22.641600
81.000000	45.006100	21.394849	1.272368	22.667200
87.000000	45.006100	20.949924	1.265559	22.215400
93.000000	45.006100	21.133255	1.244195	22.377500
99.000000	45.006100	21.345765	1.253209	22.599000
105.000000	45.006100	21.424481	1.278780	22.703200
111.000000	45.006100	20.804368	1.331167	22.135500
117.000000	45.006100	21.230745	1.330658	22.561400
123.000000	45.006100	21.090165	1.330816	22.421000
129.000000	45.006100	21.582138	1.318919	22.901100
135.000000	45.006100	21.515524	1.334854	22.850400
141.000000	45.006100	21.080891	1.269947	22.350800
147.000000	45.006100	21.336604	1.255019	22.591700
153.000000	45.006100	21.232894	1.326824	22.559700
159.000000	45.006100	21.553185	1.269291	22.822500
165.000000	45.006100	21.261281	1.300359	22.561600
171.000000	45.006100	20.838523	1.279956	22.118500
177.000000	45.006100	20.996068	1.215220	22.211300
183.000000	45.006100	20.798487	1.271078	22.069600
189.000000	45.006100	20.915995	1.284593	22.200600
195.000000	45.006100	21.266710	1.278147	22.544900
201.000000	45.006100	21.397111	1.303017	22.700200
207.000000	45.006100	21.417016	1.296039	22.713100
213.000000	45.006100	21.051599	1.321418	22.373000
219.000000	45.006100	21.163000	1.197034	22.360000
225.000000	45.006100	21.327782	1.306478	22.634300
231.000000	45.006100	21.323372	1.222661	22.546000
237.000000	45.006100	21.357979	1.286969	22.645000
243.000000	45.006100	21.241715	1.229131	22.470800
249.000000	45.006100	21.264222	1.236425	22.500600
255.000000	45.006100	21.551376	1.312268	22.863600
261.000000	45.006100	21.246239	1.337772	22.584000
267.000000	45.006100	21.278020	1.276835	22.554900
273.000000	45.006100	21.395641	1.290497	22.686200
279.000000	45.006100	21.087903	1.290712	22.378600
285.000000	45.006100	21.411814	1.179628	22.591400
291.000000	45.006100	21.206429	1.335646	22.542100
297.000000	45.006100	21.433642	1.212087	22.645700
303.000000	45.006100	21.179851	1.194274	22.374100
309.000000	45.006100	20.716039	1.254216	21.970300
315.000000	45.006100	21.451737	1.191232	22.642900
321.000000	45.006100	21.447213	1.272899	22.720100
327.000000	45.006100	21.413963	1.199228	22.613200
333.000000	45.006100	21.305842	1.315639	22.621500
339.000000	45.006100	20.988377	1.327186	22.315600
345.000000	45.006100	21.241037	1.285363	22.526400
351.000000	45.006100	21.317151	1.255595	22.572800
357.000000	45.006100	20.883197	1.186391	22.069600
2.812500	48.189700	21.336039	1.852670	23.188800
8.437500	48.189700	21.243299	1.874724	23.118000
14.062500	48.189700	21.640610	1.874860	23.515500
19.687500	48.189700	21.554429	1.756368	23.310800
25.312500	48.189700	21.308443	1.886068	23.194500
30.937500	48.189700	21.349384	1.792751	23.142100
36.562500	48.189700	21.468249	1.793871	23.262100
42.187500	48.189700	21.221923	1.833851	23.055800
47.812500	48.189700	21.724754	1.835988	23.560800
53.437500	48.189700	21.668658	1.810304	23.479000
59.062500	48.189700	21.343729	1.864116	23.207900
64.687500	48.189700	21.741492	1.827155	23.568600
70.312500	48.189700	21.467345	1.900408	23.367800
75.937500	48.189700	21.577728	1.807691	23.385400
81.562500	48.189700	21.554203	1.829327	23.383500
87.187500	48.189700	21.385688	1.824814	23.210500
92.812500	48.189700	21.463499	1.829078	23.292500
98.437500	48.189700	21.469154	1.908608	23.377800
104.062000	48.189700	21.363408	1.929022	23.292400
109.688000	48.189700	21.247370	1.867180	23.114600
115.312000	48.189700	21.616746	1.843577	23.460300
120.938000	48.189700	21.710165	1.882222	23.592400
126.562000	48.189700	21.600686	1.733997	23.334700
132.188000	48.189700	21.774065	1.856448	23.630500
137.812000	48.189700	21.589942	1.787379	23.377300
143.437000	48.189700	21.623419	1.906109	23.529500
149.062000	48.189700	21.729730	1.913494	23.643200
154.688000	48.189700	21.657914	1.822959	23.480800
160.312000	48.189700	21.830613	1.906301	23.736900
165.938000	48.189700	21.499464	1.839732	23.339200
171.562000	48.189700	21.703831	1.890207	23.594000
177.188000	48.189700	21.291817	1.838657	23.130500
182.812000	48.189700	21.578293	1.752839	23.331200
188.438000	48.189700	21.539727	1.799899	23.339600
194.062000	48.189700	21.468023	1.896066	23.364000
199.687000	48.189700	21.414754	1.784540	23.199300
205.312000	48.189700	21.709034	1.838239	23.547200
210.938000	48.189700	21.622062	1.778727	23.400700
216.562000	48.189700	21.458749	1.885615	23.344300
222.188000	48.189700	21.623984	1.881340	23.505300
227.812000	48.189700	21.414076	1.847185	23.261300
233.438000	48.189700	21.420975	1.855011	23.276000
239.062000	48.189700	21.504327	1.844866	23.349200
244.687000	48.189700	21.734254	1.914636	23.648900
250.312000	48.189700	21.628056	1.863493	23.491500
255.937000	48.189700	21.239906	1.929418	23.169400
261.562000	48.189700	21.717403	1.821116	23.538500
267.188000	48.189700	21.421879	1.933297	23.355200
272.812000	48.189700	21.691390	1.936034	23.627500
278.438000	48.189700	21.443142	1.830639	23.273800
284.062000	48.189700	21.257097	1.790172	23.047300
289.688000	48.189700	21.476958	1.809829	23.286800
295.312000	48.189700	21.879584	1.868368	23.748000
300.938000	48.189700	21.962145	1.854480	23.816700
306.562000	48.189700	21.245674	1.739799	22.985500
312.187000	48.189700	21.355604	1.927326	23.282900
317.812000	48.189700	21.559180	1.874520	23.433700
323.438000	48.189700	21.489625	1.805067	23.294600
329.062000	48.189700	21.408534	1.711864	23.120400
334.688000	48.189700	21.923240	1.856221	23.779400
340.312000	48.189700	21.462821	1.901472	23.364300
345.938000	48.189700	21.722605	1.835050	23.557600
351.562000	48.189700	21.647396	1.814681	23.462100
357.187000	48.189700	21.499577	1.801256	23.300800
0.000000	51.317800	21.200774	2.505151	23.705900
5.625000	51.317800	20.832868	2.522127	23.355000
11.250000	51.317800	21.300074	2.485506	23.785600
16.875000	51.317800	21.203941	2.590314	23.794200
22.500000	51.317800	21.076141	2.585688	23.661900
28.125000	51.317800	21.272252	2.593842	23.866100
33.750000	51.317800	21.109165	2.517694	23.626800
39.375000	51.317800	21.116177	2.568983	23.685200
45.000000	51.317800	20.945513	2.481616	23.427200
50.625000	51.317800	20.918822	2.552980	23.471800
56.250000	51.317800	21.129636	2.446850	23.576500
61.875000	51.317800	21.078968	2.476198	23.555200
67.500000	51.317800	21.361938	2.496070	23.858000
73.125000	51.317800	20.971978	2.584093	23.556100
78.750000	51.317800	20.927870	2.471833	23.399700
84.375000	51.317800	21.045265	2.355976	23.401300
90.000000	51.317800	21.163339	2.446680	23.610000
95.625000	51.317800	21.127374	2.539974	23.667400
101.250000	51.317800	21.310705	2.632420	23.943100
106.875000	51.317800	21.124773	2.473789	23.598600
112.500000	51.317800	21.281073	2.543582	23.824600
118.125000	51.317800	21.079421	2.508024	23.587500
123.750000	51.317800	20.943591	2.449564	23.393100
129.375000	51.317800	21.059629	2.572105	23.631800
135.000000	51.317800	21.073313	2.493559	23.566800
140.625000	51.317800	20.919501	2.541094	23.460600
146.250000	51.317800	20.982609	2.419412	23.402000
151.875000	51.317800	21.318508	2.410364	23.728900
157.500000	51.317800	20.887381	2.361959	23.249400
163.125000	51.317800	21.534298	2.459449	23.993700
168.750000	51.317800	21.363747	2.407571	23.771400
174.375000	51.317800	21.098534	2.414198	23.512700
180.000000	51.317800	20.976841	2.468293	23.445200
185.625000	51.317800	21.324955	2.501668	23.826600
191.250000	51.317800	21.128957	2.570035	23.699000
196.875000	51.317800	20.881953	2.741841	23.623800
202.500000	51.317800	21.086207	2.464470	23.550700
208.125000	51.317800	21.048206	2.525939	23.574100
213.750000	51.317800	21.084284	2.528789	23.613100
219.375000	51.317800	21.366122	2.526753	23.892800
225.000000	51.317800	21.336943	2.571551	23.908500
230.625000	51.317800	21.307199	2.381389	23.688600
236.250000	51.317800	21.224525	2.525158	23.749700
241.875000	51.317800	21.242733	2.467897	23.710600
247.500000	51.317800	21.407290	2.443604	23.850900
253.125000	51.317800	21.145922	2.451226	23.597100
258.750000	51.317800	20.997086	2.427091	23.424100
264.375000	51.317800	21.235608	2.472771	23.708400
270.000000	51.317800	21.131219	2.466415	23.597600
275.625000	51.317800	21.166053	2.463531	23.629600
281.250000	51.317800	20.798826	2.553806	23.352600
286.875000	51.317800	20.959764	2.448897	23.408700
292.500000	51.317800	21.186863	2.449417	23.636200
298.125000	51.317800	21.448344	2.662707	24.111100
303.750000	51.317800	21.298716	2.575667	23.874400
309.375000	51.317800	21.079308	2.473077	23.552300
315.000000	51.317800	21.309348	2.457119	23.766500
320.625000	51.317800	21.514732	2.555005	24.069800
326.250000	51.317800	21.139362	2.580214	23.719600
331.875000	51.317800	20.973222	2.393558	23.366700
337.500000	51.317800	21.053408	2.486422	23.539800
343.125000	51.317800	21.272139	2.590969	23.863100
348.750000	51.317800	20.990413	2.493615	23.484000
354.375000	51.317800	20.817827	2.543559	23.361400
2.812500	54.314700	20.817487	3.133283	23.950800
8.437500	54.314700	20.743295	3.105822	23.849200
14.062500	54.314700	20.625674	3.148471	23.774200
19.687500	54.314700	20.564941	3.084232	23.649200
25.312500	54.314700	20.527053	3.296719	23.823700
30.937500	54.314700	20.515517	3.156253	23.671800
36.562500	54.314700	20.881953	3.166748	24.048600
42.187500	54.314700	21.100683	3.127763	24.228500
47.812500	54.314700	20.583715	3.195158	23.778900
53.437500	54.314700	20.889304	3.040418	23.929700
59.062500	54.314700	20.219881	3.168546	23.388500
64.687500	54.314700	20.919388	3.143020	24.062400
70.312500	54.314700	20.701336	3.154737	23.856100
75.937500	54.314700	21.072748	3.268524	24.341300
81.562500	54.314700	20.766028	3.135318	23.901400
87.187500	54.314700	21.055557	3.286043	24.341500
92.812500	54.314700	20.813642	3.217891	24.031500
98.437500	54.314700	20.557476	3.169722	23.727200
104.062000	54.314700	20.552274	3.204489	23.756700
109.688000	54.314700	20.806743	3.174665	23.981400
115.312000	54.314700	20.424700	3.163446	23.588200
120.938000	54.314700	20.385342	3.254772	23.640100
126.562000	54.314700	20.832982	3.166816	23.999800
132.188000	54.314700	20.480231	3.157644	23.637900
137.812000	54.314700	20.752909	3.278895	24.031800
143.437000	54.314700	20.663336	3.163321	23.826600
149.062000	54.314700	20.672044	3.171442	23.843500
154.688000	54.314700	20.717962	3.264509	23.982500
160.312000	54.314700	20.348586	3.104081	23.452600
165.938000	54.314700	20.504886	3.243473	23.748300
171.562000	54.314700	20.626240	3.125841	23.752100
177.188000	54.314700	20.716491	3.213197	23.929600
182.812000	54.314700	20.018455	3.167743	23.186200
188.438000	54.314700	20.635627	3.172007	23.807700
194.062000	54.314700	20.796225	3.230150	24.026400
199.687000	54.314700	20.527619	3.193925	23.721500
205.312000	54.314700	20.942799	3.255066	24.197800
210.938000	54.314700	20.671479	3.212485	23.884000
216.562000	54.314700	20.613912	3.258515	23.872500
222.188000	54.314700	20.578739	3.190815	23.769500
227.812000	54.314700	20.889078	3.191562	24.080700
233.438000	54.314700	20.641395	3.222426	23.863800
239.062000	54.314700	20.822916	3.108774	23.931700
244.687000	54.314700	20.569126	3.111274	23.680400
250.312000	54.314700	20.530220	3.138236	23.668400
255.937000	54.314700	20.818844	3.295588	24.114500
261.562000	54.314700	20.395295	3.241788	23.637000
267.188000	54.314700	20.518571	3.282017	23.800600
272.812000	54.314700	20.881500	3.127876	24.009400
278.438000	54.314700	20.746801	3.123737	23.870600
284.062000	54.314700	20.718188	3.249773	23.968000
289.688000	54.314700	20.623073	3.189876	23.812900
295.312000	54.314700	20.630085	3.188519	23.818600
300.938000	54.314700	20.362949	3.245927	23.608900
306.562000	54.314700	20.619793	3.171034	23.790800
312.187000	54.314700	20.510767	3.320741	23.831500
317.812000	54.314700	20.706086	3.305745	24.011900
323.438000	54.314700	20.709253	3.101898	23.811200
329.062000	54.314700	20.502624	3.129573	23.632200
334.688000	54.314700	21.012354	3.206649	24.219000
340.312000	54.314700	20.736057	3.172482	23.908500
345.938000	54.314700	20.590049	3.199297	23.789300
351.562000	54.314700	20.646032	3.239956	23.885900
357.187000	54.314700	20.541530	3.238327	23.779900
0.000000	57.202800	20.108819	3.855454	23.964300
5.625000	57.202800	20.103051	3.833807	23.936800
11.250000	57.202800	20.110290	3.883174	23.993500
16.875000	57.202800	20.312960	3.916233	24.229100
22.500000	57.202800	20.304704	3.964480	24.269200
28.125000	57.202800	20.110403	3.885244	23.995600
33.750000	57.202800	20.142862	3.919501	24.062300
39.375000	57.202800	20.342026	3.854742	24.196800
45.000000	57.202800	20.028633	3.831127	23.859800
50.625000	57.202800	20.213774	3.863439	24.077200
56.250000	57.202800	20.235715	3.932146	24.167900
61.875000	57.202800	19.759688	3.878888	23.638500
67.500000	57.202800	20.031687	3.897764	23.929500
73.125000	57.202800	20.140374	3.953114	24.093500
78.750000	57.202800	20.218411	3.909255	24.127700
84.375000	57.202800	20.046163	3.934792	23.981000
90.000000	57.202800	20.244536	3.922283	24.166800
95.625000	57.202800	20.321782	3.807512	24.129200
101.250000	57.202800	19.917572	3.843975	23.761500
106.875000	57.202800	19.925715	3.846678	23.772400
112.500000	57.202800	20.100903	3.827338	23.928300
118.125000	57.202800	20.025014	3.954109	23.979200
123.750000	57.202800	20.006127	3.698701	23.704800
129.375000	57.202800	20.348246	3.806721	24.155000
135.000000	57.202800	20.127254	3.952752	24.080000
140.625000	57.202800	20.148177	3.799347	23.947500
146.250000	57.202800	20.173511	3.722124	23.895600
151.875000	57.202800	20.035080	3.855047	23.890100
157.500000	57.202800	20.054533	3.897922	23.952400
163.125000	57.202800	19.889524	3.876683	23.766200
168.750000	57.202800	20.169779	3.937699	24.107400
174.375000	57.202800	20.202577	3.904900	24.107500
180.000000	57.202800	20.032931	3.824138	23.857100
185.625000	57.202800	20.138564	3.845999	23.984600
191.250000	57.202800	19.570928	3.829114	23.400100
196.875000	57.202800	20.205178	3.834667	24.039900
202.500000	57.202800	19.803457	3.923267	23.726800
208.125000	57.202800	20.113230	3.941612	24.054800
213.750000	57.202800	20.065277	3.912591	23.977900
219.375000	57.202800	20.182220	3.804787	23.987000
225.000000	57.202800	19.933858	3.867804	23.801600
230.625000	57.202800	19.895292	3.736962	23.632300
236.250000	57.202800	20.202916	3.813043	24.016000
241.875000	57.202800	20.097397	3.920587	24.018000
247.500000	57.202800	19.920738	3.823029	23.743800
253.125000	57.202800	19.752337	3.975518	23.727900
258.750000	57.202800	20.069688	3.902808	23.972500
264.375000	57.202800	20.320311	3.968348	24.288700
270.000000	57.202800	20.071158	3.915305	23.986500
275.625000	57.202800	20.213095	3.806427	24.019500
281.250000	57.202800	19.987127	3.764581	23.751700
286.875000	57.202800	20.300519	3.689778	23.990300
292.500000	57.202800	20.084390	3.867352	23.951700
298.125000	57.202800	20.031574	3.745614	23.777200
303.750000	57.202800	19.880476	3.848363	23.728800
309.375000	57.202800	20.112665	3.783377	23.896100
315.000000	57.202800	19.931370	3.859458	23.790800
320.625000	57.202800	20.274507	3.771366	24.045900
326.250000	57.202800	20.309793	3.909153	24.218900
331.875000	57.202800	20.106784	3.884000	23.990800
337.500000	57.202800	20.294638	3.796576	24.091300
343.125000	57.202800	20.054080	3.803871	23.857900
348.750000	57.202800	20.042431	3.840130	23.882500
354.375000	57.202800	19.957834	3.891996	23.849800
2.812500	60.000000	19.341454	4.721203	24.062700
8.437500	60.000000	19.514040	4.743687	24.257700
14.062500	60.000000	19.582464	4.586889	24.169400
19.687500	60.000000	19.667514	4.679549	24.347100
25.312500	60.000000	19.447539	4.746096	24.193600
30.937500	60.000000	19.486784	4.658807	24.145600
36.562500	60.000000	19.721800	4.503423	24.225300
42.187500	60.000000	19.832183	4.650223	24.482300
47.812500	60.000000	19.809225	4.658920	24.468100
53.437500	60.000000	19.644216	4.467401	24.111600
59.062500	60.000000	19.514719	4.682445	24.197200
64.687500	60.000000	19.576809	4.645620	24.222500
70.312500	60.000000	19.634037	4.765718	24.399700
75.937500	60.000000	19.386919	4.635181	24.022100
81.562500	60.000000	19.737182	4.591186	24.328300
87.187500	60.000000	19.573530	4.825467	24.399000
92.812500	60.000000	19.570702	4.726824	24.297500
98.437500	60.000000	19.533380	4.640259	24.173700
104.062000	60.000000	19.479659	4.605199	24.084900
109.688000	60.000000	19.679389	4.539478	24.218800
115.312000	60.000000	19.764212	4.686946	24.451100
120.938000	60.000000	19.578054	4.688393	24.266400
126.562000	60.000000	19.611417	4.616000	24.227400
132.188000	60.000000	19.373234	4.742940	24.116100
137.812000	60.000000	19.883190	4.616599	24.499700
143.437000	60.000000	19.537225	4.651592	24.188800
149.062000	60.000000	19.593661	4.737297	24.330900
154.688000	60.000000	19.449236	4.690316	24.139500
160.312000	60.000000	19.432837	4.611024	24.043800
165.938000	60.000000	19.702121	4.648956	24.351100
171.562000	60.000000	19.691264	4.697871	24.389100
177.188000	60.000000	19.427747	4.844264	24.272000
182.812000	60.000000	19.493683	4.624030	24.117800
188.438000	60.000000	19.794069	4.672028	24.466000
194.062000	60.000000	19.650662	4.641017	24.291700
199.687000	60.000000	19.429670	4.640418	24.070100
205.312000	60.000000	19.517999	4.661963	24.179900
210.938000	60.000000	19.261155	4.565626	23.826800
216.562000	60.000000	19.932614	4.852498	24.785100
222.188000	60.000000	19.559279	4.726700	24.286000
227.812000	60.000000	19.777218	4.605516	24.382700
233.438000	60.000000	19.580202	4.666645	24.246800
239.062000	60.000000	19.637543	4.671621	24.309200
244.687000	60.000000	19.767605	4.724777	24.492400
250.312000	60.000000	19.400038	4.659983	24.060000
255.937000	60.000000	19.885565	4.564179	24.449800
261.562000	60.000000	19.853446	4.848449	24.701900
267.188000	60.000000	19.796784	4.767720	24.564500
272.812000	60.000000	19.728699	4.648956	24.377700
278.438000	60.000000	19.659936	4.682218	24.342200
284.062000	60.000000	20.048538	4.695960	24.744500
289.688000	60.000000	19.456248	4.742160	24.198400
295.312000	60.000000	20.005222	4.708547	24.713700
300.938000	60.000000	19.387258	4.625986	24.013200
306.562000	60.000000	19.636977	4.585011	24.221900
312.187000	60.000000	19.564821	4.640406	24.205200
317.812000	60.000000	19.641727	4.648832	24.290600
323.438000	60.000000	19.573643	4.850530	24.424200
329.062000	60.000000	19.513814	4.772821	24.286700
334.688000	60.000000	19.413271	4.704612	24.117800
340.312000	60.000000	19.582464	4.682773	24.265300
345.938000	60.000000	19.664573	4.656274	24.320900
351.562000	60.000000	19.240006	4.522378	23.762300
357.187000	60.000000	19.711735	4.684774	24.396500
0.000000	62.720400	18.872665	5.286667	24.159400
5.625000	62.720400	18.963935	5.490570	24.454600
11.250000	62.720400	18.881939	5.319940	24.201900
16.875000	62.720400	19.170338	5.544744	24.715100
22.500000	62.720400	19.053621	5.442199	24.495800
28.125000	62.720400	19.006573	5.417724	24.424300
33.750000	62.720400	19.284114	5.654041	24.938100
39.375000	62.720400	19.072622	5.512443	24.585000
45.000000	62.720400	18.965292	5.425302	24.390600
50.625000	62.720400	19.051133	5.520089	24.571200
56.250000	62.720400	19.292030	5.519874	24.811900
61.875000	62.720400	19.180177	5.530573	24.710800
67.500000	62.720400	18.836022	5.568483	24.404500
73.125000	62.720400	18.965518	5.653724	24.619200
78.750000	62.720400	18.907047	5.390343	24.297300
84.375000	62.720400	18.549433	5.414931	23.964400
90.000000	62.720400	19.028287	5.544529	24.572800
95.625000	62.720400	19.109717	5.580584	24.690200
101.250000	62.720400	19.235708	5.353903	24.589700
106.875000	62.720400	19.197255	5.512986	24.710300
112.500000	62.720400	19.050341	5.499641	24.550000
118.125000	62.720400	18.894267	5.519659	24.413900
123.750000	62.720400	19.158010	5.627034	24.785100
129.375000	62.720400	19.161403	5.673177	24.834500
135.000000	62.720400	19.074544	5.495728	24.570300
140.625000	62.720400	19.207999	5.361029	24.569100
146.250000	62.720400	18.881713	5.544178	24.425900
151.875000	62.720400	19.288298	5.500014	24.788300
157.500000	62.720400	18.610506	5.585142	24.195600
163.125000	62.720400	19.319739	5.353508	24.673200
168.750000	62.720400	18.907499	5.307047	24.214500
174.375000	62.720400	18.803450	5.648013	24.451500
180.000000	62.720400	19.238083	5.557332	24.795400
185.625000	62.720400	18.918809	5.553418	24.472200
191.250000	62.720400	18.986554	5.299786	24.286300
196.875000	62.720400	19.086193	5.397604	24.483800
202.500000	62.720400	18.970382	5.574262	24.544600
208.125000	62.720400	19.014829	5.570259	24.585100
213.750000	62.720400	18.951381	5.501066	24.452500
219.375000	62.720400	18.936452	5.504346	24.440800
225.000000	62.720400	19.118765	5.488795	24.607600
230.625000	62.720400	19.126117	5.586545	24.712700
236.250000	62.720400	19.087664	5.403678	24.491300
241.875000	62.720400	19.104176	5.414083	24.518300
247.500000	62.720400	18.864862	5.703250	24.568100
253.125000	62.720400	18.986441	5.624602	24.611100
258.750000	62.720400	18.919601	5.381952	24.301600
264.375000	62.720400	19.238762	5.559763	24.798600
270.000000	62.720400	19.160951	5.298859	24.459800
275.625000	62.720400	19.017882	5.483999	24.501900
281.250000	62.720400	19.251881	5.589361	24.841300
286.875000	62.720400	18.996168	5.544246	24.540400
292.500000	62.720400	19.332406	5.361696	24.694100
298.125000	62.720400	19.069907	5.277868	24.347700
303.750000	62.720400	19.199064	5.603860	24.803000
309.375000	62.720400	19.049550	5.566719	24.616300
315.000000	62.720400	19.196350	5.437675	24.634100
320.625000	62.720400	18.647941	5.515373	24.163300
326.250000	62.720400	18.846314	5.559096	24.405400
331.875000	62.720400	19.106890	5.595864	24.702800
337.500000	62.720400	19.229714	5.606857	24.836600
343.125000	62.720400	19.095354	5.409785	24.505200
348.750000	62.720400	18.897886	5.469885	24.367800
354.375000	62.720400	19.060520	5.408416	24.468900
2.812500	65.375700	18.467325	6.223486	24.690800
8.437500	65.375700	18.487795	6.322265	24.810000
14.062500	65.375700	18.586190	6.319110	24.905300
19.687500	65.375700	18.647376	6.355471	25.002900
25.312500	65.375700	18.800396	6.218533	25.018900
30.937500	65.375700	18.536314	6.273656	24.810000
36.562500	65.375700	18.506230	6.281143	24.787400
42.187500	65.375700	18.475694	6.244500	24.720200
47.812500	65.375700	18.469926	6.242521	24.712400
53.437500	65.375700	18.404329	6.283156	24.687400
59.062500	65.375700	18.640250	6.270297	24.910600
64.687500	65.375700	18.272345	6.299420	24.571800
70.312500	65.375700	17.986435	6.396265	24.382700
75.937500	65.375700	18.562779	6.209903	24.772700
81.562500	65.375700	18.560969	6.331064	24.892000
87.187500	65.375700	18.712293	6.202744	24.915100
92.812500	65.375700	18.514712	6.283688	24.798400
98.437500	65.375700	18.606321	6.388258	24.994500
104.062000	65.375700	18.281280	6.252021	24.533200
109.688000	65.375700	18.644322	6.279164	24.923500
115.312000	65.375700	18.561761	6.146637	24.708400
120.938000	65.375700	18.301863	6.286425	24.588300
126.562000	65.375700	18.461783	6.348900	24.810700
132.188000	65.375700	18.373228	6.535850	24.909000
137.812000	65.375700	18.731294	6.209530	24.940800
143.437000	65.375700	18.760699	6.535341	25.296000
149.062000	65.375700	18.427854	6.442669	24.870500
154.688000	65.375700	18.341673	6.241853	24.583600
160.312000	65.375700	18.826522	6.257302	25.083800
165.938000	65.375700	18.541856	6.372107	24.914000
171.562000	65.375700	18.615030	6.495745	25.110800
177.188000	65.375700	18.743395	6.181516	24.924900
182.812000	65.375700	18.688543	6.371994	25.060500
188.438000	65.375700	18.436449	6.266870	24.703300
194.062000	65.375700	18.496617	6.489186	24.985800
199.687000	65.375700	18.474789	6.362336	24.837200
205.312000	65.375700	18.608470	6.450484	25.058900
210.938000	65.375700	18.807748	6.282964	25.090700
216.562000	65.375700	18.169313	6.221620	24.391000
222.188000	65.375700	18.742377	6.264179	25.006600
227.812000	65.375700	18.260130	6.164201	24.424300
233.438000	65.375700	18.727788	6.321802	25.049600
239.062000	65.375700	18.831272	6.471260	25.302500
244.687000	65.375700	18.804128	6.308682	25.112800
250.312000	65.375700	18.731746	6.341390	25.073100
255.937000	65.375700	18.274267	6.221360	24.495600
261.562000	65.375700	18.276982	6.427310	24.704300
267.188000	65.375700	18.782188	6.164088	24.946200
272.812000	65.375700	18.196230	6.268081	24.464300
278.438000	65.375700	18.596482	6.439525	25.036000
284.062000	65.375700	18.469021	6.274572	24.743600
289.688000	65.375700	18.751764	6.347045	25.098900
295.312000	65.375700	18.652691	6.358163	25.010900
300.938000	65.375700	18.509736	6.224809	24.734600
306.562000	65.375700	18.590261	6.498573	25.088900
312.187000	65.375700	18.553731	6.418285	24.972000
317.812000	65.375700	18.836361	6.391515	25.227900
323.438000	65.375700	18.393585	6.348210	24.741800
329.062000	65.375700	18.866445	6.282093	25.148500
334.688000	65.375700	18.444479	6.261905	24.706400
340.312000	65.375700	18.640477	6.253989	24.894400
345.938000	65.375700	18.272006	6.337522	24.609500
351.562000	65.375700	18.546267	6.364157	24.910500
357.187000	65.375700	18.551695	6.307687	24.859300
0.000000	67.975700	18.339525	7.015043	25.354500
5.625000	67.975700	18.110050	7.117464	25.227500
11.250000	67.975700	17.889058	7.166854	25.055900
16.875000	67.975700	17.918237	7.283231	25.201400
22.500000	67.975700	18.131426	6.997536	25.129000
28.125000	67.975700	18.031221	7.093815	25.125100
33.750000	67.975700	17.885552	7.096032	24.981600
39.375000	67.975700	18.122152	7.154085	25.276200
45.000000	67.975700	17.663655	6.966807	24.630500
50.625000	67.975700	17.926606	7.054876	24.981500
56.250000	67.975700	17.653815	6.974498	24.628300
61.875000	67.975700	17.997179	7.027936	25.025100
67.500000	67.975700	18.182319	7.143838	25.326200
73.125000	67.975700	17.900028	7.250591	25.150600
78.750000	67.975700	18.035632	7.054831	25.090500
84.375000	67.975700	18.108467	7.068323	25.176700
90.000000	67.975700	18.021608	7.239010	25.260600
95.625000	67.975700	18.028733	6.887707	24.916400
101.250000	67.975700	18.192611	6.875334	25.068000
106.875000	67.975700	17.744293	6.933907	24.678200
112.500000	67.975700	18.273363	7.075539	25.348800
118.125000	67.975700	17.716019	7.062657	24.778600
123.750000	67.975700	18.047960	7.244280	25.292300
129.375000	67.975700	18.040608	6.985887	25.026400
135.000000	67.975700	18.098854	7.005611	25.104400
140.625000	67.975700	18.235475	7.208383	25.443800
146.250000	67.975700	17.945833	7.086996	25.032800
151.875000	67.975700	18.107336	7.211346	25.318700
157.500000	67.975700	17.965172	7.176659	25.141900
163.125000	67.975700	18.111747	7.035175	25.146900
168.750000	67.975700	17.679602	7.108428	24.788000
174.375000	67.975700	17.669536	6.840523	24.510100
180.000000	67.975700	18.087091	7.096134	25.183300
185.625000	67.975700	17.883064	7.068142	24.951300
191.250000	67.975700	18.026132	7.056686	25.082900
196.875000	67.975700	17.977952	7.093589	25.071500
202.500000	67.975700	18.019459	6.961164	24.980600
208.125000	67.975700	18.067073	7.050612	25.117600
213.750000	67.975700	18.213760	7.008167	25.221900
219.375000	67.975700	18.094443	7.059343	25.153700
225.000000	67.975700	17.920725	6.957284	24.878100
230.625000	67.975700	17.995709	7.100726	25.096500
236.250000	67.975700	17.902290	6.926737	24.829000
241.875000	67.975700	17.718733	7.077891	24.796600
247.500000	67.975700	17.815318	7.095139	24.910400
253.125000	67.975700	17.805479	7.221027	25.026500
258.750000	67.975700	18.035406	7.079316	25.114700
264.375000	67.975700	18.055990	7.253215	25.309200
270.000000	67.975700	17.978970	6.917033	24.896000
275.625000	67.975700	17.835111	7.084157	24.919300
281.250000	67.975700	17.604053	7.019940	24.624000
286.875000	67.975700	17.925249	7.020517	24.945800
292.500000	67.975700	17.860671	7.109638	24.970300
298.125000	67.975700	18.002834	7.100816	25.103700
303.750000	67.975700	18.088109	7.064817	25.152900
309.375000	67.975700	18.073972	7.033874	25.107800
315.000000	67.975700	17.838277	7.203576	25.041800
320.625000	67.975700	18.104735	7.303396	25.408100
326.250000	67.975700	17.738752	7.204425	24.943200
331.875000	67.975700	18.184581	7.190842	25.375500
337.500000	67.975700	18.092520	7.309198	25.401700
343.125000	67.975700	18.052144	7.094969	25.147100
348.750000	67.975700	17.991977	7.026523	25.018500
354.375000	67.975700	18.025114	7.004514	25.029600
2.812500	70.528800	17.234111	7.849724	25.083800
8.437500	70.528800	17.411674	7.679886	25.091500
14.062500	70.528800	17.497741	7.783585	25.281300
19.687500	70.528800	17.275844	7.820149	25.095900
25.312500	70.528800	17.229814	7.787724	25.017500
30.937500	70.528800	17.304797	7.693661	24.998500
36.562500	70.528800	17.631648	7.852495	25.484200
42.187500	70.528800	17.094436	7.606938	24.701300
47.812500	70.528800	17.288850	7.696398	24.985300
53.437500	70.528800	17.065144	8.107631	25.172800
59.062500	70.528800	17.526581	7.663114	25.189600
64.687500	70.528800	17.177789	7.649689	24.827400
70.312500	70.528800	17.386566	7.748977	25.135600
75.937500	70.528800	17.398781	7.713713	25.112500
81.562500	70.528800	17.549879	7.870568	25.420400
87.187500	70.528800	17.440966	7.791298	25.232200
92.812500	70.528800	17.466187	7.872344	25.338600
98.437500	70.528800	17.212397	7.503827	24.716200
104.062000	70.528800	17.285005	7.822061	25.107100
109.688000	70.528800	17.563451	7.587565	25.151000
115.312000	70.528800	17.362137	7.807211	25.169400
120.938000	70.528800	17.353203	7.696364	25.049500
126.562000	70.528800	17.581320	7.823259	25.404600
132.188000	70.528800	17.556778	7.636898	25.193700
137.812000	70.528800	17.432710	7.798932	25.231600
143.437000	70.528800	17.323006	7.907121	25.230200
149.062000	70.528800	17.369489	7.797711	25.167200
154.688000	70.528800	17.436103	8.051196	25.487300
160.312000	70.528800	17.303327	7.921032	25.224300
165.938000	70.528800	17.182652	7.655581	24.838200
171.562000	70.528800	17.473651	7.877919	25.351500
177.188000	70.528800	17.148836	7.745437	24.894300
182.812000	70.528800	17.505658	7.798276	25.303900
188.438000	70.528800	17.529635	7.795426	25.325100
194.062000	70.528800	17.505771	7.631944	25.137700
199.687000	70.528800	17.548861	7.901613	25.450400
205.312000	70.528800	17.412579	7.592032	25.004700
210.938000	70.528800	17.299142	7.813476	25.112600
216.562000	70.528800	17.053721	7.898695	24.952500
222.188000	70.528800	17.548522	7.604043	25.152600
227.812000	70.528800	17.275053	7.648671	24.923700
233.438000	70.528800	17.226534	7.787758	25.014300
239.062000	70.528800	17.467205	7.756996	25.224200
244.687000	70.528800	17.141937	7.819934	24.961900
250.312000	70.528800	17.417329	7.957698	25.375000
255.937000	70.528800	17.561754	7.695765	25.257600
261.562000	70.528800	17.231510	7.877546	25.109000
267.188000	70.528800	17.231284	7.797575	25.028800
272.812000	70.528800	17.443568	7.657131	25.100700
278.438000	70.528800	17.162747	7.701612	24.864300
284.062000	70.528800	17.090478	7.716597	24.807100
289.688000	70.528800	17.621357	7.929333	25.550700
295.312000	70.528800	17.849021	7.573925	25.423000
300.938000	70.528800	17.344834	7.652935	24.997800
306.562000	70.528800	17.321762	7.815625	25.137400
312.187000	70.528800	17.512218	7.566325	25.078600
317.812000	70.528800	17.178920	7.927286	25.106200
323.438000	70.528800	17.075323	7.696274	24.771500
329.062000	70.528800	17.662863	7.775329	25.438100
334.688000	70.528800	17.121353	7.787611	24.909000
340.312000	70.528800	17.369489	7.702879	25.072300
345.938000	70.528800	17.464717	7.974143	25.438800
351.562000	70.528800	17.268606	7.900935	25.169500
357.187000	70.528800	17.267475	7.736910	25.004400
0.000000	73.042200	16.668512	8.366228	25.034800
5.625000	73.042200	17.027256	8.414623	25.441900
11.250000	73.042200	16.769281	8.168319	24.937600
16.875000	73.042200	16.764984	8.262122	25.027100
22.500000	73.042200	16.458377	8.182649	24.641000
28.125000	73.042200	16.451817	8.451187	24.903000
33.750000	73.042200	16.659916	8.388248	25.048200
39.375000	73.042200	16.721554	8.459669	25.181200
45.000000	73.042200	16.866319	8.504716	25.371000
50.625000	73.042200	16.622481	8.406774	25.029200
56.250000	73.042200	16.934064	8.593384	25.527500
61.875000	73.042200	16.898099	8.444910	25.343000
67.500000	73.042200	16.547950	8.314498	24.862500
73.125000	73.042200	16.723477	8.363243	25.086700
78.750000	73.042200	16.568194	8.249342	24.817500
84.375000	73.042200	16.715108	8.642831	25.358000
90.000000	73.042200	16.653809	8.400768	25.054600
95.625000	73.042200	16.889956	8.414815	25.304800
101.250000	73.042200	16.506556	8.541235	25.047800
106.875000	73.042200	16.976815	8.331236	25.308000
112.500000	73.042200	16.798234	8.261817	25.060100
118.125000	73.042200	16.575659	8.359024	24.934700
123.750000	73.042200	16.783192	8.405824	25.189000
129.375000	73.042200	16.547950	8.288169	24.836200
135.000000	73.042200	16.781270	8.410302	25.191600
140.625000	73.042200	16.928296	8.351808	25.280100
146.250000	73.042200	16.587081	8.444107	25.031100
151.875000	73.042200	16.533473	8.464781	24.998300
157.500000	73.042200	16.867110	8.494718	25.361900
163.125000	73.042200	16.910427	8.460359	25.370800
168.750000	73.042200	16.884414	8.520504	25.404900
174.375000	73.042200	16.808526	8.513255	25.321800
180.000000	73.042200	16.630624	8.686701	25.317300
185.625000	73.042200	16.932028	8.468955	25.401000
191.250000	73.042200	16.723251	8.574282	25.297500
196.875000	73.042200	16.501014	8.375706	24.876700
202.500000	73.042200	16.648267	8.498134	25.146400
208.125000	73.042200	16.835669	8.335941	25.171600
213.750000	73.042200	16.489592	8.378352	24.868000
219.375000	73.042200	16.858063	8.515811	25.373800
225.000000	73.042200	16.996833	8.353844	25.350600
230.625000	73.042200	16.826395	8.567609	25.394100
236.250000	73.042200	16.824925	8.546291	25.371200
241.875000	73.042200	16.425352	8.421262	24.846600
247.500000	73.042200	16.763739	8.543418	25.307100
253.125000	73.042200	16.668738	8.594029	25.262700
258.750000	73.042200	16.460978	8.313152	24.774100
264.375000	73.042200	16.884754	8.355020	25.239800
270.000000	73.042200	16.571813	8.388678	24.960400
275.625000	73.042200	16.748811	8.592717	25.341500
281.250000	73.042200	16.439037	8.375921	24.815000
286.875000	73.042200	16.677333	8.707262	25.384600
292.500000	73.042200	16.617844	8.503110	25.121000
298.125000	73.042200	16.757293	8.221181	24.978500
303.750000	73.042200	16.656071	8.332729	24.988800
309.375000	73.042200	16.708209	8.304387	25.012500
315.000000	73.042200	16.691470	8.422562	25.114000
320.625000	73.042200	16.877628	8.231552	25.109200
326.250000	73.042200	16.795294	8.417224	25.212500
331.875000	73.042200	17.007125	8.219654	25.226800
337.500000	73.042200	16.827639	8.275366	25.103000
343.125000	73.042200	16.804794	8.445057	25.249900
348.750000	73.042200	16.725173	8.239627	24.964800
354.375000	73.042200	16.735239	8.219247	24.954500
2.812500	75.522500	16.070679	9.104471	25.175100
8.437500	75.522500	16.140121	9.206010	25.346100
14.062500	75.522500	16.392667	8.762182	25.154900
19.687500	75.522500	16.427049	9.085403	25.512500
25.312500	75.522500	16.121912	9.398943	25.520900
30.937500	75.522500	16.016166	9.187496	25.203600
36.562500	75.522500	16.358625	9.096882	25.455500
42.187500	75.522500	16.249260	9.011030	25.260300
47.812500	75.522500	16.360661	9.234963	25.595600
53.437500	75.522500	16.207187	9.213339	25.420600
59.062500	75.522500	16.200741	8.944733	25.145500
64.687500	75.522500	16.123495	9.262717	25.386200
70.312500	75.522500	15.726524	9.044484	24.771000
75.937500	75.522500	16.160704	9.073946	25.234700
81.562500	75.522500	16.079614	9.091024	25.170700
87.187500	75.522500	16.116257	9.114605	25.230900
92.812500	75.522500	16.054845	9.063406	25.118300
98.437500	75.522500	16.216235	9.090334	25.306600
104.062000	75.522500	16.261474	8.950353	25.211800
109.688000	75.522500	16.118745	9.032134	25.150900
115.312000	75.522500	16.015940	9.064785	25.080800
120.938000	75.522500	16.385881	9.028017	25.413900
126.562000	75.522500	16.331029	9.266834	25.597900
132.188000	75.522500	16.187509	8.916831	25.104300
137.812000	75.522500	16.079048	9.144123	25.223200
143.437000	75.522500	16.277760	9.089633	25.367400
149.062000	75.522500	16.289522	8.966391	25.255900
154.688000	75.522500	16.380000	9.109730	25.489700
160.312000	75.522500	16.278665	9.012512	25.291100
165.938000	75.522500	16.172240	9.190798	25.363000
171.562000	75.522500	15.915962	9.207469	25.123400
177.188000	75.522500	16.069548	9.000195	25.069700
182.812000	75.522500	16.019898	8.910034	24.929900
188.438000	75.522500	16.068983	9.178991	25.248000
194.062000	75.522500	16.133674	8.934950	25.068600
199.687000	75.522500	16.066042	9.148161	25.214200
205.312000	75.522500	15.974546	9.206564	25.181100
210.938000	75.522500	15.917206	9.219503	25.136700
216.562000	75.522500	16.224039	9.218779	25.442800
222.188000	75.522500	16.182985	9.083367	25.266400
227.812000	75.522500	16.144305	9.024410	25.168700
233.438000	75.522500	16.235688	9.031331	25.267100
239.062000	75.522500	16.004065	9.158283	25.162400
244.687000	75.522500	16.038446	9.100682	25.139200
250.312000	75.522500	16.016505	9.220249	25.236800
255.937000	75.522500	16.039464	8.860622	24.900100
261.562000	75.522500	15.923087	9.059357	24.982500
267.188000	75.522500	16.341773	9.047561	25.389300
272.812000	75.522500	16.160818	8.966278	25.127100
278.438000	75.522500	16.265885	9.113474	25.379300
284.062000	75.522500	15.992189	9.069434	25.061700
289.688000	75.522500	16.251748	8.935425	25.187200
295.312000	75.522500	16.137972	9.082530	25.220500
300.938000	75.522500	16.314856	9.063971	25.378800
306.562000	75.522500	16.162175	8.988660	25.150800
312.187000	75.522500	16.080858	8.877281	24.958100
317.812000	75.522500	16.119989	8.906924	25.026900
323.438000	75.522500	16.302868	9.174637	25.477600
329.062000	75.522500	15.955094	8.993002	24.948000
334.688000	75.522500	16.149282	9.028470	25.177800
340.312000	75.522500	16.388143	8.894031	25.282200
345.938000	75.522500	16.241456	9.150457	25.391900
351.562000	75.522500	16.135936	9.194734	25.330600
357.187000	75.522500	16.243718	9.072634	25.316400
0.000000	77.975300	15.445477	9.642260	25.087700
5.625000	77.975300	15.376148	9.695846	25.072000
11.250000	77.975300	15.367892	9.835872	25.203700
16.875000	77.975300	15.541157	9.546953	25.088100
22.500000	77.975300	15.324689	9.783723	25.108400
28.125000	77.975300	15.517746	9.780895	25.298700
33.750000	77.975300	15.290647	9.569154	24.859700
39.375000	77.975300	15.656064	9.550957	25.207000
45.000000	77.975300	15.162620	9.845485	25.008100
50.625000	77.975300	15.357261	9.932276	25.289500
56.250000	77.975300	15.474317	9.599939	25.074300
61.875000	77.975300	15.533806	9.601161	25.134900
67.500000	77.975300	15.728333	9.676993	25.405300
73.125000	77.975300	15.489359	9.685712	25.175100
78.750000	77.975300	15.423762	9.505062	24.928800
84.375000	77.975300	15.659570	9.818274	25.477900
90.000000	77.975300	15.541044	9.589003	25.130000
95.625000	77.975300	15.389494	9.769404	25.158900
101.250000	77.975300	15.345273	9.527048	24.872300
106.875000	77.975300	15.538217	9.591796	25.130000
112.500000	77.975300	15.559366	9.647542	25.206900
118.125000	77.975300	15.274361	9.745055	25.019400
123.750000	77.975300	15.494561	9.665796	25.160400
129.375000	77.975300	15.178115	9.657924	24.836000
135.000000	77.975300	15.615915	9.437407	25.053300
140.625000	77.975300	15.318808	9.666169	24.984900
146.250000	77.975300	15.798567	9.630001	25.428600
151.875000	77.975300	15.666243	9.625522	25.291800
157.500000	77.975300	15.578140	9.601896	25.180000
163.125000	77.975300	15.272099	9.569607	24.841700
168.750000	77.975300	15.417203	9.855494	25.272700
174.375000	77.975300	15.725393	9.731777	25.457100
180.000000	77.975300	15.328987	9.576585	24.905500
185.625000	77.975300	15.571920	9.476313	25.048200
191.250000	77.975300	15.802186	9.586526	25.388800
196.875000	77.975300	15.543532	9.680985	25.224600
202.500000	77.975300	15.393905	9.709881	25.103700
208.125000	77.975300	15.704809	9.750427	25.455200
213.750000	77.975300	15.420596	9.783033	25.203600
219.375000	77.975300	15.360088	9.536345	24.896400
225.000000	77.975300	15.485400	9.527071	25.012400
230.625000	77.975300	15.467531	9.567560	25.035100
236.250000	77.975300	15.397297	9.555662	24.953000
241.875000	77.975300	15.532562	9.540100	25.072600
247.500000	77.975300	15.317338	9.816928	25.134300
253.125000	77.975300	15.430322	9.837353	25.267700
258.750000	77.975300	15.603474	9.463544	25.067000
264.375000	77.975300	15.740322	9.813083	25.553400
270.000000	77.975300	15.342106	9.520545	24.862700
275.625000	77.975300	15.573277	9.629152	25.202400
281.250000	77.975300	15.382142	9.760424	25.142600
286.875000	77.975300	15.559027	9.595687	25.154700
292.500000	77.975300	15.266557	9.610695	24.877200
298.125000	77.975300	15.469227	9.491547	24.960700
303.750000	77.975300	15.468436	9.841380	25.309800
309.375000	77.975300	15.629599	9.766532	25.396100
315.000000	77.975300	15.302635	9.577422	24.880100
320.625000	77.975300	15.682981	9.404405	25.087400
326.250000	77.975300	15.694857	9.684061	25.378900
331.875000	77.975300	15.423649	9.686357	25.109900
337.500000	77.975300	15.684904	9.643256	25.328200
343.125000	77.975300	15.663642	9.697147	25.360800
348.750000	77.975300	15.201187	9.649012	24.850200
354.375000	77.975300	15.348326	9.674900	25.023200
2.812500	80.405900	14.871847	10.326262	25.198100
8.437500	80.405900	14.761351	10.219781	24.981100
14.062500	80.405900	14.862799	10.143033	25.005900
19.687500	80.405900	14.917199	10.296133	25.213300
25.312500	80.405900	15.056309	10.236576	25.292800
30.937500	80.405900	14.650968	10.205508	24.856500
36.562500	80.405900	15.053368	10.273728	25.327100
42.187500	80.405900	14.979403	9.925400	24.904800
47.812500	80.405900	14.956557	10.072166	25.028700
53.437500	80.405900	14.950676	10.269091	25.219700
59.062500	80.405900	14.934729	10.172958	25.107700
64.687500	80.405900	15.061851	10.359727	25.421600
70.312500	80.405900	14.652438	10.272755	24.925200
75.937500	80.405900	14.997498	10.370958	25.368400
81.562500	80.405900	14.832150	10.278037	25.110200
87.187500	80.405900	14.890961	10.124621	25.015600
92.812500	80.405900	14.815072	10.154795	24.969900
98.437500	80.405900	14.902157	9.961919	24.864000
104.062000	80.405900	14.526335	9.869360	24.395700
109.688000	80.405900	14.866871	10.350600	25.217400
115.312000	80.405900	14.997385	10.162101	25.159500
120.938000	80.405900	14.734773	10.096832	24.831700
126.562000	80.405900	14.948301	10.331521	25.279800
132.188000	80.405900	15.202205	10.247354	25.449500
137.812000	80.405900	14.914146	9.981100	24.895200
143.437000	80.405900	15.016386	10.237096	25.253500
149.062000	80.405900	14.949658	10.309625	25.259300
154.688000	80.405900	14.904532	10.365801	25.270300
160.312000	80.405900	14.924098	10.434473	25.358600
165.938000	80.405900	14.770964	10.348406	25.119400
171.562000	80.405900	14.891979	10.404672	25.296600
177.188000	80.405900	14.744160	10.216309	24.960500
182.812000	80.405900	14.805459	10.437900	25.243400
188.438000	80.405900	14.774697	10.268265	25.042900
194.062000	80.405900	15.112631	10.207476	25.320100
199.687000	80.405900	14.617152	10.026418	24.643500
205.312000	80.405900	14.742464	10.290625	25.033100
210.938000	80.405900	14.961307	10.091336	25.052600
216.562000	80.405900	14.861668	10.321421	25.183000
222.188000	80.405900	14.590009	10.146776	24.736800
227.812000	80.405900	14.936539	10.347106	25.283600
233.438000	80.405900	14.842442	10.155756	24.998200
239.062000	80.405900	14.777637	10.303439	25.081100
244.687000	80.405900	14.359742	10.298067	24.657900
250.312000	80.405900	14.793245	10.219498	25.012700
255.937000	80.405900	15.030297	10.172958	25.203300
261.562000	80.405900	14.727761	10.433976	25.161700
267.188000	80.405900	14.796411	9.982107	24.778500
272.812000	80.405900	14.719618	10.232753	24.952400
278.438000	80.405900	14.785102	10.262486	25.047600
284.062000	80.405900	14.907360	9.903232	24.810600
289.688000	80.405900	14.674832	10.131893	24.806700
295.312000	80.405900	14.772322	10.170289	24.942600
300.938000	80.405900	14.829210	9.953606	24.782800
306.562000	80.405900	14.860311	10.367440	25.227800
312.187000	80.405900	14.700279	10.181735	24.882000
317.812000	80.405900	14.780578	10.303755	25.084400
323.438000	80.405900	14.786798	10.289799	25.076600
329.062000	80.405900	14.830793	10.238804	25.069600
334.688000	80.405900	14.593288	10.184528	24.777800
340.312000	80.405900	14.732738	10.281814	25.014500
345.938000	80.405900	14.982683	10.191495	25.174200
351.562000	80.405900	14.790078	10.155903	24.946000
357.187000	80.405900	14.833055	10.161162	24.994200
0.000000	82.819200	14.162161	10.845220	25.007400
5.625000	82.819200	14.077678	10.960285	25.037900
11.250000	82.819200	14.349903	10.994543	25.344400
16.875000	82.819200	14.220067	10.778809	24.998900
22.500000	82.819200	14.248115	10.722329	24.970400
28.125000	82.819200	14.300140	10.682688	24.982800
33.750000	82.819200	14.142822	10.774568	24.917400
39.375000	82.819200	14.401136	10.676241	25.077300
45.000000	82.819200	14.143727	10.972636	25.116300
50.625000	82.819200	14.580282	10.662591	25.242900
56.250000	82.819200	14.359516	10.904551	25.264100
61.875000	82.819200	14.348772	10.982916	25.331700
67.500000	82.819200	14.053701	10.754154	24.807800
73.125000	82.819200	14.472727	10.791069	25.263700
78.750000	82.819200	14.085255	10.906892	24.992100
84.375000	82.819200	14.042278	10.780653	24.822900
90.000000	82.819200	14.548728	10.844643	25.393400
95.625000	82.819200	14.505073	10.943637	25.448700
101.250000	82.819200	14.524638	10.860850	25.385500
106.875000	82.819200	14.414821	10.987915	25.402800
112.500000	82.819200	14.163292	10.898319	25.061600
118.125000	82.819200	14.256824	10.777690	25.034500
123.750000	82.819200	14.393219	10.878663	25.271800
129.375000	82.819200	14.108327	10.801632	24.909900
135.000000	82.819200	14.394011	10.956904	25.350900
140.625000	82.819200	14.257955	10.815815	25.073800
146.250000	82.819200	14.257503	10.706405	24.963900
151.875000	82.819200	14.256032	10.717352	24.973400
157.500000	82.819200	14.446827	10.839102	25.285900
163.125000	82.819200	14.212037	10.889826	25.101900
168.750000	82.819200	14.317783	10.667793	24.985600
174.375000	82.819200	14.244723	10.852866	25.097600
180.000000	82.819200	14.161822	10.890086	25.051900
185.625000	82.819200	14.036737	10.882599	24.919400
191.250000	82.819200	14.194394	10.833175	25.027600
196.875000	82.819200	14.051439	10.810511	24.861900
202.500000	82.819200	14.222895	10.791103	25.014000
208.125000	82.819200	14.428732	10.921391	25.350100
213.750000	82.819200	14.073719	10.781422	24.855100
219.375000	82.819200	14.278991	10.703136	24.982200
225.000000	82.819200	14.007897	10.744597	24.752500
230.625000	82.819200	14.307831	11.058556	25.366400
236.250000	82.819200	14.304325	10.661233	24.965600
241.875000	82.819200	14.312694	10.746871	25.059600
247.500000	82.819200	14.329885	10.946985	25.276900
253.125000	82.819200	14.378404	11.140099	25.518500
258.750000	82.819200	14.214073	10.837473	25.051500
264.375000	82.819200	14.262931	10.881966	25.144900
270.000000	82.819200	14.118958	10.820983	24.940000
275.625000	82.819200	14.289961	10.912083	25.202000
281.250000	82.819200	14.176638	10.876616	25.053300
286.875000	82.819200	14.242461	10.848059	25.090600
292.500000	82.819200	14.231829	10.918236	25.150100
298.125000	82.819200	14.225948	10.975429	25.201400
303.750000	82.819200	14.256258	10.932362	25.188600
309.375000	82.819200	14.476459	10.892110	25.368600
315.000000	82.819200	14.191454	10.722057	24.913500
320.625000	82.819200	14.382475	10.658813	25.041300
326.250000	82.819200	14.319141	10.734566	25.053700
331.875000	82.819200	14.260782	10.920170	25.180900
337.500000	82.819200	14.226514	11.069142	25.295700
343.125000	82.819200	14.318123	11.068090	25.386200
348.750000	82.819200	14.434839	10.843445	25.278300
354.375000	82.819200	14.373427	10.890109	25.263600
2.812500	85.219800	13.747547	11.454046	25.201600
8.437500	85.219800	13.499750	11.565786	25.065500
14.062500	85.219800	13.644967	11.524958	25.170000
19.687500	85.219800	13.610473	11.324210	24.934700
25.312500	85.219800	13.427934	11.369223	24.797200
30.937500	85.219800	13.342545	11.543393	24.886000
36.562500	85.219800	13.421713	11.492951	24.914600
42.187500	85.219800	13.698915	11.215467	24.914300
47.812500	85.219800	13.974533	11.032487	25.007100
53.437500	85.219800	13.655372	11.310751	24.966200
59.062500	85.219800	13.809411	11.292170	25.101500
64.687500	85.219800	13.525763	11.274628	24.800300
70.312500	85.219800	13.495453	11.531291	25.026700
75.937500	85.219800	13.568400	11.784290	25.352700
81.562500	85.219800	13.485613	11.119900	24.605500
87.187500	85.219800	13.509477	11.332692	24.842200
92.812500	85.219800	13.848316	11.603900	25.452200
98.437500	85.219800	13.605270	11.393539	24.998800
104.062000	85.219800	13.927937	11.492838	25.420800
109.688000	85.219800	13.487649	11.530613	25.018300
115.312000	85.219800	13.851257	11.543506	25.394700
120.938000	85.219800	13.617598	11.430635	25.048300
126.562000	85.219800	13.547138	11.462415	25.009600
132.188000	85.219800	13.659331	11.331109	24.990400
137.812000	85.219800	13.520334	11.520773	25.041100
143.437000	85.219800	13.586383	11.434254	25.020600
149.062000	85.219800	13.687944	11.581506	25.269400
154.688000	85.219800	13.731261	11.314371	25.045700
160.312000	85.219800	13.739291	11.304497	25.043800
165.938000	85.219800	13.677087	11.417968	25.095100
171.562000	85.219800	13.650396	11.387545	25.037900
177.188000	85.219800	13.474190	11.473838	24.948000
182.812000	85.219800	13.538317	11.446129	24.984400
188.438000	85.219800	13.588419	11.487070	25.075400
194.062000	85.219800	13.711129	11.458230	25.169300
199.687000	85.219800	13.741213	11.487070	25.228300
205.312000	85.219800	13.771863	11.282160	25.054000
210.938000	85.219800	13.736915	11.582524	25.319400
216.562000	85.219800	13.649831	11.360627	25.010500
222.188000	85.219800	13.687379	11.601298	25.288600
227.812000	85.219800	13.589550	11.355990	24.945600
233.438000	85.219800	13.499072	11.339591	24.838700
239.062000	85.219800	13.668492	11.227150	24.895700
244.687000	85.219800	13.804548	11.595644	25.400200
250.312000	85.219800	13.639086	11.336085	24.975200
255.937000	85.219800	13.655372	11.388336	25.043700
261.562000	85.219800	13.657974	11.425885	25.083800
267.188000	85.219800	13.535376	11.518059	25.053400
272.812000	85.219800	13.470458	11.431539	24.902000
278.438000	85.219800	13.973854	11.413444	25.387300
284.062000	85.219800	13.562632	11.341175	24.903800
289.688000	85.219800	13.818685	11.311430	25.130200
295.312000	85.219800	13.821060	11.464677	25.285700
300.938000	85.219800	13.717915	11.184331	24.902200
306.562000	85.219800	13.812125	11.172264	24.984400
312.187000	85.219800	13.438791	11.479719	24.918600
317.812000	85.219800	13.480411	11.567482	25.047800
323.438000	85.219800	13.579371	11.446694	25.026000
329.062000	85.219800	13.752749	11.551536	25.304300
334.688000	85.219800	13.645307	11.385509	25.030800
340.312000	85.219800	13.666682	11.474969	25.141700
345.938000	85.219800	13.779327	11.426337	25.205700
351.562000	85.219800	13.705927	11.276132	24.982000
357.187000	85.219800	13.679688	11.297802	24.977500
0.000000	87.612000	13.090903	11.870018	24.960900
5.625000	87.612000	13.284187	11.895012	25.179300
11.250000	87.612000	12.791535	11.787570	24.579200
16.875000	87.612000	13.191786	12.110236	25.302000
22.500000	87.612000	13.235216	11.655585	24.890700
28.125000	87.612000	13.063760	11.976216	25.040000
33.750000	87.612000	12.708634	12.341181	25.049900
39.375000	87.612000	13.197328	11.788022	24.985400
45.000000	87.612000	13.078689	11.891393	24.970000
50.625000	87.612000	12.978145	12.182053	25.160200
56.250000	87.612000	13.209429	12.234304	25.443800
61.875000	87.612000	13.154577	11.903381	25.058000
67.500000	87.612000	13.164191	12.140547	25.304700
73.125000	87.612000	13.108773	11.954049	25.062800
78.750000	87.612000	12.777171	11.986960	24.764100
84.375000	87.612000	13.196876	11.752849	24.949700
90.000000	87.612000	12.991830	11.858708	24.850500
95.625000	87.612000	13.044647	11.855541	24.900200
101.250000	87.612000	13.312687	11.926906	25.239600
106.875000	87.612000	13.418773	12.107296	25.526000
112.500000	87.612000	13.391516	11.639299	25.030800
118.125000	87.612000	12.909948	11.937876	24.847800
123.750000	87.612000	13.339944	11.882232	25.222300
129.375000	87.612000	13.142023	12.267668	25.409700
135.000000	87.612000	12.868328	12.023943	24.892400
140.625000	87.612000	12.975997	11.629573	24.605600
146.250000	87.612000	13.130940	11.947942	25.078800
151.875000	87.612000	13.010831	11.998383	25.009100
157.500000	87.612000	13.003592	11.961627	24.965200
163.125000	87.612000	13.141797	12.143261	25.285000
168.750000	87.612000	13.224471	11.968639	25.193100
174.375000	87.612000	13.304318	11.872619	25.176800
180.000000	87.612000	13.286562	11.838350	25.124900
185.625000	87.612000	13.261341	11.908358	25.169700
191.250000	87.612000	13.220965	11.986960	25.207900
196.875000	87.612000	12.795719	12.071444	24.867100
202.500000	87.612000	13.146095	12.049729	25.195900
208.125000	87.612000	13.176971	11.867190	25.044100
213.750000	87.612000	12.858036	11.943079	24.801100
219.375000	87.612000	13.205019	11.810642	25.015700
225.000000	87.612000	12.917412	12.058664	24.976000
230.625000	87.612000	13.404862	11.820255	25.225100
236.250000	87.612000	13.070772	12.036271	25.107000
241.875000	87.612000	13.030170	12.017497	25.047600
247.500000	87.612000	12.981651	11.780218	24.761800
253.125000	87.612000	12.914811	12.013878	24.928700
258.750000	87.612000	13.061159	11.747194	24.808300
264.375000	87.612000	13.171881	12.130255	25.302100
270.000000	87.612000	13.149488	11.993294	25.142800
275.625000	87.612000	13.050302	11.731247	24.781600
281.250000	87.612000	12.902031	11.846833	24.748900
286.875000	87.612000	12.856227	11.793677	24.649900
292.500000	87.612000	13.229108	12.116004	25.345100
298.125000	87.612000	12.983461	12.124034	25.107400
303.750000	87.612000	13.007098	11.896143	24.903300
309.375000	87.612000	13.086493	12.070313	25.156900
315.000000	87.612000	12.982669	11.948960	24.931600
320.625000	87.612000	13.326033	12.157964	25.484000
326.250000	87.612000	13.085475	11.936519	25.022000
331.875000	87.612000	12.845482	12.138285	24.983700
337.500000	87.612000	12.765636	12.164523	24.930100
343.125000	87.612000	13.143154	11.947942	25.091200
348.750000	87.612000	13.086266	11.882798	24.969000
354.375000	87.612000	13.135351	11.984246	25.119600
2.812500	90.000000	12.818113	12.423516	25.241600
8.437500	90.000000	12.507208	12.633312	25.140400
14.062500	90.000000	12.658419	12.852494	25.510900
19.687500	90.000000	12.734421	12.350342	25.084700
25.312500	90.000000	12.495672	12.587733	25.083400
30.937500	90.000000	12.347967	12.671425	25.019400
36.562500	90.000000	12.621776	12.630145	25.252000
42.187500	90.000000	12.789725	12.589543	25.379200
47.812500	90.000000	12.620871	12.508565	25.129400
53.437500	90.000000	12.527453	12.438897	24.966400
59.062500	90.000000	12.449302	12.485720	24.935000
64.687500	90.000000	12.566697	12.811440	25.378100
70.312500	90.000000	12.475315	12.400670	24.876000
75.937500	90.000000	12.520214	12.683074	25.203300
81.562500	90.000000	12.715081	12.455183	25.170400
87.187500	90.000000	12.677759	12.561269	25.239100
92.812500	90.000000	12.751272	12.576311	25.327500
98.437500	90.000000	12.523607	12.609335	25.132900
104.062000	90.000000	12.519875	12.409944	24.929800
109.688000	90.000000	12.822071	12.783053	25.605000
115.312000	90.000000	12.709313	12.504720	25.214000
120.938000	90.000000	12.399200	12.304651	24.703900
126.562000	90.000000	12.596781	12.631615	25.228400
132.188000	90.000000	12.713045	12.534012	25.247100
137.812000	90.000000	12.911644	12.626413	25.538100
143.437000	90.000000	12.337675	12.520667	24.858300
149.062000	90.000000	12.654913	12.609787	25.264700
154.688000	90.000000	12.503702	12.487416	24.991200
160.312000	90.000000	12.673574	12.769142	25.442700
165.938000	90.000000	12.559233	12.455749	25.015000
171.562000	90.000000	12.956431	12.420236	25.376600
177.188000	90.000000	12.472827	12.684658	25.157600
182.812000	90.000000	12.793910	12.560590	25.354500
188.438000	90.000000	12.537179	12.510036	25.047300
194.062000	90.000000	12.469886	12.666223	25.136100
199.687000	90.000000	12.513881	12.558441	25.072300
205.312000	90.000000	12.826934	12.818113	25.645100
210.938000	90.000000	12.689182	12.703998	25.393200
216.562000	90.000000	12.790743	12.649485	25.440200
222.188000	90.000000	12.675949	12.524399	25.200400
227.812000	90.000000	12.479839	12.663509	25.143300
233.438000	90.000000	12.298770	12.792553	25.091400
239.062000	90.000000	12.636478	12.631389	25.267900
244.687000	90.000000	12.651520	12.495559	25.147100
250.312000	90.000000	12.448171	12.563531	25.011700
255.937000	90.000000	12.559233	12.700831	25.260100
261.562000	90.000000	12.643377	12.578007	25.221500
267.188000	90.000000	12.653104	12.585132	25.238300
272.812000	90.000000	12.636026	12.499291	25.135200
278.438000	90.000000	12.539102	12.437088	24.976200
284.062000	90.000000	12.532655	12.513994	25.046700
289.688000	90.000000	12.832024	12.492732	25.324800
295.312000	90.000000	12.615555	12.400670	25.016300
300.938000	90.000000	12.498952	12.668259	25.167300
306.562000	90.000000	12.588412	12.596216	25.184600
312.187000	90.000000	12.699021	12.474071	25.173000
317.812000	90.000000	12.547018	12.692688	25.239700
323.438000	90.000000	12.599722	12.606847	25.206600
329.062000	90.000000	12.647901	12.605942	25.253800
334.688000	90.000000	12.598138	12.581174	25.179300
340.312000	90.000000	12.426909	12.535935	24.962900
345.938000	90.000000	12.587847	12.504494	25.092300
351.562000	90.000000	12.525191	12.500648	25.025800
357.187000	90.000000	12.650276	12.560364	25.210700
0.000000	92.388000	11.926001	13.105945	25.031900
5.625000	92.388000	11.809511	13.122458	24.932000
11.250000	92.388000	11.886078	13.371385	25.257500
16.875000	92.388000	12.050634	13.045891	25.096600
22.500000	92.388000	12.182619	13.316420	25.499000
28.125000	92.388000	12.141791	13.217573	25.359400
33.750000	92.388000	12.102320	13.175161	25.277600
39.375000	92.388000	12.068164	13.132636	25.200800
45.000000	92.388000	12.076420	13.200495	25.276900
50.625000	92.388000	12.325687	13.343337	25.669000
56.250000	92.388000	12.102885	13.017503	25.120500
61.875000	92.388000	12.060361	13.210560	25.270900
67.500000	92.388000	12.185333	13.129922	25.315300
73.125000	92.388000	12.022360	13.230579	25.252900
78.750000	92.388000	12.218810	13.003253	25.222000
84.375000	92.388000	11.850339	13.434041	25.284300
90.000000	92.388000	12.053462	13.039783	25.093300
95.625000	92.388000	11.945001	13.138631	25.083600
101.250000	92.388000	11.888000	12.991265	24.879200
106.875000	92.388000	12.022134	13.106059	25.128200
112.500000	92.388000	11.936858	13.141345	25.078200
118.125000	92.388000	11.922495	13.089320	25.011800
123.750000	92.388000	12.172101	13.200834	25.372800
129.375000	92.388000	12.355092	13.241097	25.596200
135.000000	92.388000	11.988431	13.055956	25.044400
140.625000	92.388000	12.188613	12.930984	25.119700
146.250000	92.388000	12.073706	13.115672	25.189400
151.875000	92.388000	12.228649	13.063308	25.292000
157.500000	92.388000	12.188047	13.204001	25.392100
163.125000	92.388000	12.171422	13.241549	25.412900
168.750000	92.388000	11.714961	13.234650	24.949700
174.375000	92.388000	11.945001	13.381564	25.326600
180.000000	92.388000	12.154797	13.349105	25.503800
185.625000	92.388000	12.015348	13.082874	25.098200
191.250000	92.388000	11.942287	13.052224	24.994500
196.875000	92.388000	12.064206	13.078802	25.142900
202.500000	92.388000	12.165767	12.950210	25.116000
208.125000	92.388000	12.112951	13.082082	25.195000
213.750000	92.388000	11.955293	13.355099	25.310400
219.375000	92.388000	11.996687	12.932907	24.929500
225.000000	92.388000	12.095986	13.315176	25.411100
230.625000	92.388000	12.129011	12.941954	25.070900
236.250000	92.388000	12.146541	12.916734	25.063200
241.875000	92.388000	12.040229	12.751951	24.792100
247.500000	92.388000	11.951448	13.236686	25.188100
253.125000	92.388000	12.072688	13.259984	25.332600
258.750000	92.388000	12.001211	13.076766	25.078000
264.375000	92.388000	11.970448	13.151411	25.121900
270.000000	92.388000	12.114308	13.017843	25.132100
275.625000	92.388000	12.004151	13.140214	25.144400
281.250000	92.388000	11.975538	12.921144	24.896700
286.875000	92.388000	11.947150	12.975092	24.922200
292.500000	92.388000	12.016253	13.181042	25.197300
298.125000	92.388000	12.079813	13.147905	25.227700
303.750000	92.388000	11.938442	13.162268	25.100600
309.375000	92.388000	11.969996	13.035938	25.005900
315.000000	92.388000	12.137380	12.643830	24.781300
320.625000	92.388000	11.832243	12.870251	24.702600
326.250000	92.388000	12.447040	13.136142	25.583200
331.875000	92.388000	12.134100	13.068284	25.202400
337.500000	92.388000	11.977234	12.980860	24.958100
343.125000	92.388000	12.086147	13.154012	25.240100
348.750000	92.388000	12.112725	13.271972	25.384700
354.375000	92.388000	12.184315	13.126077	25.310300
2.812500	94.780200	11.593382	13.723004	25.316400
8.437500	94.780200	11.447825	13.631509	25.079300
14.062500	94.780200	11.769135	13.967182	25.736200
19.687500	94.780200	11.408920	13.503030	24.911900
25.312500	94.780200	11.602656	13.957568	25.560200
30.937500	94.780200	11.639978	13.748904	25.388800
36.562500	94.780200	11.410843	13.668831	25.079700
42.187500	94.780200	11.804082	13.891633	25.695700
47.812500	94.780200	11.799332	13.958021	25.757400
53.437500	94.780200	11.735206	13.331122	25.066400
59.062500	94.780200	11.463546	13.822983	25.286600
64.687500	94.780200	11.715979	13.637277	25.353200
70.312500	94.780200	11.564203	13.773559	25.337700
75.937500	94.780200	11.640091	13.681498	25.321600
81.562500	94.780200	11.507880	13.580841	25.088700
87.187500	94.780200	11.501999	13.561954	25.064000
92.812500	94.780200	11.732604	13.889936	25.622500
98.437500	94.780200	11.570762	13.724588	25.295400
104.062000	94.780200	11.464338	13.950443	25.414700
109.688000	94.780200	11.789832	13.750487	25.540300
115.312000	94.780200	11.756355	13.675956	25.432300
120.938000	94.780200	11.506975	13.466160	24.973200
126.562000	94.780200	11.644728	13.608776	25.253500
132.188000	94.780200	11.677752	13.701629	25.379400
137.812000	94.780200	11.528238	13.668039	25.196300
143.437000	94.780200	11.627198	13.757725	25.384900
149.062000	94.780200	11.549952	13.590341	25.140300
154.688000	94.780200	11.459135	13.744493	25.203600
160.312000	94.780200	11.658413	13.560371	25.218800
165.938000	94.780200	11.646198	13.736124	25.382300
171.562000	94.780200	11.526315	13.741892	25.268200
177.188000	94.780200	11.447486	13.872406	25.319900
182.812000	94.780200	11.557304	13.592264	25.149600
188.438000	94.780200	11.813130	13.898305	25.711400
194.062000	94.780200	11.675943	13.542162	25.218100
199.687000	94.780200	11.391955	13.771523	25.163500
205.312000	94.780200	11.590667	13.797875	25.388600
210.938000	94.780200	11.527220	13.339039	24.866200
216.562000	94.780200	11.454837	13.522031	24.976900
222.188000	94.780200	11.501094	13.885638	25.386800
227.812000	94.780200	11.715414	13.685682	25.401200
233.438000	94.780200	11.585465	13.626306	25.211700
239.062000	94.780200	11.687479	13.474869	25.162300
244.687000	94.780200	11.662371	13.391177	25.053500
250.312000	94.780200	11.619846	13.504727	25.124600
255.937000	94.780200	11.521339	13.817667	25.339000
261.562000	94.780200	11.697318	13.637051	25.334400
267.188000	94.780200	11.488767	13.510608	24.999400
272.812000	94.780200	11.353389	13.468083	24.821600
278.438000	94.780200	11.661240	13.773785	25.435000
284.062000	94.780200	11.685895	13.619407	25.305300
289.688000	94.780200	11.709533	13.571115	25.280600
295.312000	94.780200	11.653776	13.605383	25.259200
300.938000	94.780200	11.470671	13.736802	25.207500
306.562000	94.780200	11.560018	13.741326	25.301400
312.187000	94.780200	11.419212	13.616693	25.035900
317.812000	94.780200	11.748891	13.845828	25.594800
323.438000	94.780200	11.578340	13.718141	25.296500
329.062000	94.780200	11.712926	13.652319	25.365300
334.688000	94.780200	11.535250	13.929746	25.465100
340.312000	94.780200	11.451558	13.919115	25.370700
345.938000	94.780200	11.519077	13.767678	25.286700
351.562000	94.780200	11.803403	13.610699	25.414000
357.187000	94.780200	11.343210	13.784190	25.127500
0.000000	97.180800	11.046477	14.222669	25.269100
5.625000	97.180800	11.156645	14.188400	25.345100
11.250000	97.180800	11.182997	13.930199	25.113200
16.875000	97.180800	11.062955	14.442530	25.505500
22.500000	97.180800	10.958894	14.268134	25.227000
28.125000	97.180800	10.916596	14.215430	25.132100
33.750000	97.180800	11.156758	14.228889	25.385700
39.375000	97.180800	10.933391	14.434952	25.368300
45.000000	97.180800	10.987632	14.052457	25.040000
50.625000	97.180800	10.969616	14.313599	25.283200
56.250000	97.180800	10.960512	14.193150	25.153700
61.875000	97.180800	11.174673	14.534365	25.709100
67.500000	97.180800	11.144351	14.208079	25.352400
73.125000	97.180800	11.180463	14.326379	25.506900
78.750000	97.180800	11.042530	14.172453	25.214900
84.375000	97.180800	11.032114	14.144179	25.176300
90.000000	97.180800	10.924739	14.210680	25.135400
95.625000	97.180800	10.792607	14.601205	25.393800
101.250000	97.180800	11.017433	14.339498	25.356900
106.875000	97.180800	10.933594	14.211472	25.145100
112.500000	97.180800	11.067875	14.439702	25.507600
118.125000	97.180800	10.989668	14.353183	25.342900
123.750000	97.180800	10.812580	14.068856	24.881500
129.375000	97.180800	11.110807	14.040129	25.151000
135.000000	97.180800	10.914266	14.130155	25.044400
140.625000	97.180800	11.098456	13.956098	25.054500
146.250000	97.180800	11.025429	14.307152	25.332600
151.875000	97.180800	11.034387	14.360082	25.394500
157.500000	97.180800	11.386074	14.315295	25.701400
163.125000	97.180800	11.114086	14.546919	25.661000
168.750000	97.180800	11.209461	14.195186	25.404600
174.375000	97.180800	10.877781	14.377046	25.254800
180.000000	97.180800	11.000525	14.340742	25.341300
185.625000	97.180800	11.047393	14.207400	25.254800
191.250000	97.180800	11.191162	14.068064	25.259300
196.875000	97.180800	10.901497	14.258860	25.160300
202.500000	97.180800	10.896759	14.026558	24.923400
208.125000	97.180800	11.114471	14.107309	25.221800
213.750000	97.180800	11.067818	14.124161	25.191900
219.375000	97.180800	11.038843	14.175055	25.213900
225.000000	97.180800	10.970917	14.319480	25.290400
230.625000	97.180800	11.158534	14.358612	25.517100
236.250000	97.180800	10.858000	14.410410	25.268400
241.875000	97.180800	10.907593	14.120768	25.028300
247.500000	97.180800	10.865431	14.123256	24.988700
253.125000	97.180800	10.924976	14.347754	25.272700
258.750000	97.180800	10.984251	14.442982	25.427200
264.375000	97.180800	10.918247	14.269943	25.188200
270.000000	97.180800	11.314823	14.131399	25.446300
275.625000	97.180800	11.166315	14.245288	25.411700
281.250000	97.180800	11.125159	14.203555	25.328800
286.875000	97.180800	11.041682	14.200501	25.242200
292.500000	97.180800	10.974909	14.253657	25.228600
298.125000	97.180800	11.120556	14.143387	25.263900
303.750000	97.180800	11.344681	14.068517	25.413300
309.375000	97.180800	11.073903	14.085481	25.159400
315.000000	97.180800	11.260220	14.105047	25.365300
320.625000	97.180800	11.107617	14.318575	25.426100
326.250000	97.180800	11.135620	14.236240	25.371900
331.875000	97.180800	11.090166	14.155602	25.245800
337.500000	97.180800	11.140144	14.466846	25.607000
343.125000	97.180800	10.965228	14.374219	25.339400
348.750000	97.180800	11.350335	14.204234	25.554500
354.375000	97.180800	11.096466	14.184668	25.281100
2.812500	99.594100	10.670858	14.682862	25.353700
8.437500	99.594100	10.765894	15.074518	25.840400
14.062500	99.594100	10.758214	14.858728	25.616900
19.687500	99.594100	10.809074	15.109012	25.918100
25.312500	99.594100	10.430176	14.709553	25.139700
30.937500	99.594100	10.472553	15.242015	25.714500
36.562500	99.594100	10.635447	14.951242	25.586700
42.187500	99.594100	10.558077	14.818691	25.376800
47.812500	99.594100	10.314353	14.878068	25.192400
53.437500	99.594100	10.461176	14.812471	25.273600
59.062500	99.594100	10.520201	14.906568	25.426800
64.687500	99.594100	10.550081	14.949206	25.499300
70.312500	99.594100	10.330424	14.508579	24.839000
75.937500	99.594100	10.441519	14.957123	25.398600
81.562500	99.594100	10.510248	14.622355	25.132600
87.187500	99.594100	10.367474	14.956670	25.324200
92.812500	99.594100	10.601066	14.680826	25.281900
98.437500	99.594100	10.392130	14.663409	25.055600
104.062000	99.594100	10.274712	14.423077	24.697800
109.688000	99.594100	10.732089	14.797316	25.529400
115.312000	99.594100	10.243622	14.840859	25.084500
120.938000	99.594100	10.538172	14.800483	25.338600
126.562000	99.594100	10.495433	14.713963	25.209400
132.188000	99.594100	10.605194	14.672004	25.277200
137.812000	99.594100	10.567080	14.886550	25.453600
143.437000	99.594100	10.927351	15.091595	26.018900
149.062000	99.594100	10.587347	14.771643	25.358900
154.688000	99.594100	10.567136	15.154138	25.721200
160.312000	99.594100	10.728967	14.865288	25.594300
165.938000	99.594100	10.434439	14.778090	25.212500
171.562000	99.594100	10.162825	14.619075	24.781900
177.188000	99.594100	10.577824	14.582997	25.160800
182.812000	99.594100	10.448735	14.986754	25.435400
188.438000	99.594100	10.558880	14.833055	25.391900
194.062000	99.594100	10.720689	14.947622	25.668300
199.687000	99.594100	10.667295	14.746535	25.413800
205.312000	99.594100	10.584881	14.857710	25.442500
210.938000	99.594100	10.508643	14.653117	25.161700
216.562000	99.594100	10.536148	14.772774	25.309000
222.188000	99.594100	10.513845	14.698356	25.212200
227.812000	99.594100	10.603542	14.837692	25.441300
233.438000	99.594100	10.417011	14.525656	24.942700
239.062000	99.594100	10.629679	15.101774	25.731400
244.687000	99.594100	10.422112	14.993427	25.415500
250.312000	99.594100	10.382268	14.914033	25.296300
255.937000	99.594100	10.618223	14.715660	25.333900
261.562000	99.594100	10.682303	14.793245	25.475500
267.188000	99.594100	10.412759	14.856014	25.268800
272.812000	99.594100	10.608688	14.692022	25.300700
278.438000	99.594100	10.682982	14.901139	25.584100
284.062000	99.594100	10.662670	14.762369	25.425000
289.688000	99.594100	10.510373	14.819483	25.329900
295.312000	99.594100	10.700591	14.795959	25.496500
300.938000	99.594100	10.429497	14.987093	25.416500
306.562000	99.594100	10.338533	14.748345	25.086900
312.187000	99.594100	10.681546	14.930092	25.611600
317.812000	99.594100	10.602117	15.007564	25.609700
323.438000	99.594100	10.684577	14.828757	25.513300
329.062000	99.594100	10.448893	14.540585	24.989400
334.688000	99.594100	10.678085	15.045904	25.724000
340.312000	99.594100	10.595219	14.596116	25.191300
345.938000	99.594100	10.571174	14.998856	25.570000
351.562000	99.594100	10.560068	14.737375	25.297400
357.187000	99.594100	10.489642	15.121453	25.611100
0.000000	102.025000	10.180332	15.300712	25.481100
5.625000	102.025000	10.231430	15.515710	25.747100
11.250000	102.025000	10.180151	15.474995	25.655200
16.875000	102.025000	10.145510	15.413923	25.559400
22.500000	102.025000	10.322620	15.200395	25.523000
28.125000	102.025000	10.239788	15.536407	25.776200
33.750000	102.025000	10.154342	15.160811	25.315200
39.375000	102.025000	10.057599	15.631183	25.688800
45.000000	102.025000	10.073862	15.604718	25.678600
50.625000	102.025000	9.878408	15.240884	25.119200
56.250000	102.025000	10.052838	15.226634	25.279400
61.875000	102.025000	10.038112	15.457691	25.495800
67.500000	102.025000	9.899557	15.706053	25.605600
73.125000	102.025000	10.000722	15.596801	25.597500
78.750000	102.025000	10.013129	15.401708	25.414900
84.375000	102.025000	10.046244	15.431340	25.477600
90.000000	102.025000	10.180694	15.358618	25.539300
95.625000	102.025000	9.857100	15.384404	25.241500
101.250000	102.025000	9.970412	15.532336	25.502800
106.875000	102.025000	9.786686	15.409060	25.195800
112.500000	102.025000	10.081904	15.473525	25.555400
118.125000	102.025000	10.084211	15.564908	25.649100
123.750000	102.025000	10.125876	15.136269	25.262200
129.375000	102.025000	10.323400	15.606528	25.930000
135.000000	102.025000	10.053256	15.342785	25.396100
140.625000	102.025000	10.206141	15.637969	25.844100
146.250000	102.025000	9.876813	15.548056	25.424900
151.875000	102.025000	9.977198	15.493543	25.470800
157.500000	102.025000	9.914067	15.498406	25.412400
163.125000	102.025000	9.796898	15.355451	25.152400
168.750000	102.025000	10.169203	15.153347	25.322500
174.375000	102.025000	9.987445	15.308968	25.296400
180.000000	102.025000	9.840169	15.661832	25.502000
185.625000	102.025000	9.897069	15.470358	25.367500
191.250000	102.025000	10.057599	15.224485	25.282000
196.875000	102.025000	9.899150	15.786352	25.685500
202.500000	102.025000	9.923748	15.549526	25.473300
208.125000	102.025000	9.948132	15.424102	25.372200
213.750000	102.025000	10.153076	15.510734	25.663800
219.375000	102.025000	9.928860	15.302296	25.231200
225.000000	102.025000	10.201662	15.269384	25.471000
230.625000	102.025000	10.118909	15.585378	25.704300
236.250000	102.025000	10.131384	15.042059	25.173400
241.875000	102.025000	9.910968	15.196437	25.107400
247.500000	102.025000	10.127075	15.605170	25.732200
253.125000	102.025000	10.300815	15.304105	25.605000
258.750000	102.025000	9.793980	15.337017	25.131000
264.375000	102.025000	10.071092	15.358505	25.429600
270.000000	102.025000	9.931462	15.392774	25.324300
275.625000	102.025000	9.790972	15.575426	25.366400
281.250000	102.025000	9.985782	15.802525	25.788300
286.875000	102.025000	9.851671	15.670428	25.522100
292.500000	102.025000	10.213741	15.459614	25.673300
298.125000	102.025000	9.935273	15.501121	25.436400
303.750000	102.025000	9.965300	15.237491	25.202800
309.375000	102.025000	10.165969	15.491621	25.657600
315.000000	102.025000	9.648334	15.247443	24.895800
320.625000	102.025000	10.057825	15.583682	25.641500
326.250000	102.025000	10.035217	15.276962	25.312100
331.875000	102.025000	9.830500	15.481329	25.311800
337.500000	102.025000	9.929957	15.470698	25.400700
343.125000	102.025000	10.033521	15.293813	25.327300
348.750000	102.025000	10.075909	15.570223	25.646200
354.375000	102.025000	9.962179	15.511526	25.473700
2.812500	104.478000	9.599091	16.305243	25.904400
8.437500	104.478000	9.570353	16.262944	25.833300
14.062500	104.478000	9.496761	16.094090	25.590900
19.687500	104.478000	9.588415	15.876265	25.464700
25.312500	104.478000	9.355830	15.946837	25.302700
30.937500	104.478000	9.504033	16.309427	25.813400
36.562500	104.478000	9.710786	16.179931	25.890700
42.187500	104.478000	9.628700	16.098501	25.727200
47.812500	104.478000	9.539545	16.113543	25.653100
53.437500	104.478000	9.508760	16.194181	25.702900
59.062500	104.478000	9.629062	15.865294	25.494400
64.687500	104.478000	9.465489	16.092733	25.558200
70.312500	104.478000	9.447303	16.057107	25.504400
75.937500	104.478000	9.676110	16.100424	25.776500
81.562500	104.478000	9.732444	16.084929	25.817400
87.187500	104.478000	9.417559	16.032452	25.450000
92.812500	104.478000	9.375882	16.070114	25.446000
98.437500	104.478000	9.300933	16.426144	25.727100
104.062000	104.478000	9.613511	16.127228	25.740700
109.688000	104.478000	9.556318	16.203229	25.759500
115.312000	104.478000	9.555006	16.096352	25.651300
120.938000	104.478000	9.414516	16.243831	25.658400
126.562000	104.478000	9.630091	16.351726	25.981800
132.188000	104.478000	9.619132	15.924670	25.543800
137.812000	104.478000	9.537397	16.080292	25.617700
143.437000	104.478000	9.538957	16.091715	25.630700
149.062000	104.478000	9.651862	16.268034	25.919900
154.688000	104.478000	9.482499	15.650183	25.132700
160.312000	104.478000	9.540518	16.242813	25.783300
165.938000	104.478000	9.359313	16.219176	25.578400
171.562000	104.478000	9.603841	16.124400	25.728300
177.188000	104.478000	9.567435	16.166359	25.733800
182.812000	104.478000	9.585225	15.983029	25.568200
188.438000	104.478000	9.347427	16.201193	25.548600
194.062000	104.478000	9.592203	16.049417	25.641600
199.687000	104.478000	9.451951	16.183776	25.635700
205.312000	104.478000	9.399440	16.184907	25.584400
210.938000	104.478000	9.458930	16.206056	25.665000
216.562000	104.478000	9.522456	16.017749	25.540200
222.188000	104.478000	9.521857	15.877283	25.399200
227.812000	104.478000	9.765650	16.262379	26.028000
233.438000	104.478000	9.620308	15.958373	25.578700
239.062000	104.478000	9.430497	16.114787	25.545200
244.687000	104.478000	9.425441	16.218271	25.643700
250.312000	104.478000	9.546343	16.393572	25.939900
255.937000	104.478000	9.799669	16.070227	25.869900
261.562000	104.478000	9.253839	16.121347	25.375100
267.188000	104.478000	9.579141	15.978957	25.558100
272.812000	104.478000	9.512368	16.359756	25.872100
278.438000	104.478000	9.366167	16.122817	25.489000
284.062000	104.478000	9.577071	16.293707	25.870800
289.688000	104.478000	9.570986	15.781715	25.352700
295.312000	104.478000	9.517118	16.228563	25.745700
300.938000	104.478000	9.643493	16.232634	25.876200
306.562000	104.478000	9.437950	16.057899	25.495900
312.187000	104.478000	9.431673	16.128132	25.559800
317.812000	104.478000	9.359099	16.041047	25.400200
323.438000	104.478000	9.412933	15.923652	25.336500
329.062000	104.478000	9.536254	15.983255	25.519500
334.688000	104.478000	9.803571	16.020351	25.823900
340.312000	104.478000	9.315782	15.946385	25.262100
345.938000	104.478000	9.490925	15.989249	25.480100
351.562000	104.478000	9.543866	16.013565	25.557500
357.187000	104.478000	9.620025	15.951701	25.571700
0.000000	106.958000	9.056213	16.971047	26.027300
5.625000	106.958000	8.996870	16.600540	25.597400
11.250000	106.958000	8.839823	16.900135	25.740000
16.875000	106.958000	8.949709	16.590135	25.539900
22.500000	106.958000	8.931104	16.760460	25.691600
28.125000	106.958000	8.862635	16.807282	25.669900
33.750000	106.958000	9.159018	16.814068	25.973100
39.375000	106.958000	9.043614	16.811693	25.855300
45.000000	106.958000	9.017635	16.571474	25.589100
50.625000	106.958000	8.914196	16.900587	25.814800
56.250000	106.958000	9.045570	16.710697	25.756200
61.875000	106.958000	9.043772	16.445936	25.489700
67.500000	106.958000	9.124060	16.900813	26.024900
73.125000	106.958000	8.974093	16.789639	25.763700
78.750000	106.958000	9.002141	17.021036	26.023200
84.375000	106.958000	9.007886	16.758876	25.766800
90.000000	106.958000	9.019897	16.864962	25.884900
95.625000	106.958000	9.112128	16.754579	25.866700
101.250000	106.958000	9.089113	16.784662	25.873800
106.875000	106.958000	9.107050	16.767811	25.874800
112.500000	106.958000	9.090696	16.857950	25.948600
118.125000	106.958000	9.056767	16.688643	25.745400
123.750000	106.958000	8.806426	16.531664	25.338100
129.375000	106.958000	8.947911	16.897873	25.845800
135.000000	106.958000	8.905341	16.489478	25.394800
140.625000	106.958000	9.071503	16.815538	25.887100
146.250000	106.958000	8.924024	16.630963	25.554900
151.875000	106.958000	9.111314	16.333856	25.445200
157.500000	106.958000	8.958972	16.688417	25.647300
163.125000	106.958000	8.849425	16.499318	25.348700
168.750000	106.958000	9.106202	16.546932	25.653100
174.375000	106.958000	8.898283	16.810562	25.708800
180.000000	106.958000	9.031275	17.110383	26.141700
185.625000	106.958000	9.149416	16.836235	25.985700
191.250000	106.958000	8.980777	16.890295	25.871100
196.875000	106.958000	8.961233	16.856819	25.818000
202.500000	106.958000	8.861436	16.775954	25.637400
208.125000	106.958000	9.011709	16.689548	25.701300
213.750000	106.958000	8.960204	16.697578	25.657800
219.375000	106.958000	8.945558	16.833634	25.779200
225.000000	106.958000	9.176933	16.581653	25.758500
230.625000	106.958000	9.021390	16.962565	25.984000
236.250000	106.958000	8.921401	16.945600	25.867000
241.875000	106.958000	9.050626	16.592171	25.642800
247.500000	106.958000	8.942629	16.665797	25.608400
253.125000	106.958000	9.077916	16.858515	25.936400
258.750000	106.958000	8.951111	16.724382	25.675500
264.375000	106.958000	8.900568	17.052477	25.953000
270.000000	106.958000	9.103861	16.840872	25.944800
275.625000	106.958000	9.005206	17.005655	26.010900
281.250000	106.958000	9.038275	16.914724	25.953000
286.875000	106.958000	8.737176	16.746096	25.483300
292.500000	106.958000	8.943749	16.625308	25.569100
298.125000	106.958000	9.146408	16.759216	25.905600
303.750000	106.958000	8.972034	16.587421	25.559400
309.375000	106.958000	8.895173	16.691357	25.586500
315.000000	106.958000	8.975099	16.791335	25.766500
320.625000	106.958000	8.636418	17.033703	25.670100
326.250000	106.958000	9.066380	16.816217	25.882600
331.875000	106.958000	9.079103	16.690113	25.769300
337.500000	106.958000	8.978605	16.813842	25.792400
343.125000	106.958000	9.073765	16.645213	25.719000
348.750000	106.958000	9.040198	16.903415	25.943600
354.375000	106.958000	8.917917	16.717143	25.635100
2.812500	109.471000	8.473377	17.326851	25.800200
8.437500	109.471000	8.431610	17.615023	26.046700
14.062500	109.471000	8.563108	17.160485	25.723600
19.687500	109.471000	8.525763	17.574195	26.100000
25.312500	109.471000	8.405179	17.759448	26.164600
30.937500	109.471000	8.440624	17.326625	25.767300
36.562500	109.471000	8.382175	17.334202	25.716400
42.187500	109.471000	8.395396	17.477044	25.872400
47.812500	109.471000	8.507159	17.055191	25.562300
53.437500	109.471000	8.477822	17.277880	25.755700
59.062500	109.471000	8.440318	17.249493	25.689800
64.687500	109.471000	8.382876	17.280934	25.663800
70.312500	109.471000	8.433680	17.666143	26.099800
75.937500	109.471000	8.495397	17.333637	25.829000
81.562500	109.471000	8.592604	17.484848	26.077500
87.187500	109.471000	8.349852	17.616041	25.965800
92.812500	109.471000	8.497105	17.245195	25.742300
98.437500	109.471000	8.397500	17.448770	25.846300
104.062000	109.471000	8.346595	17.323911	25.670500
109.688000	109.471000	8.411648	17.199503	25.611200
115.312000	109.471000	8.377165	17.249266	25.626500
120.938000	109.471000	8.236347	17.385322	25.621700
126.562000	109.471000	8.238541	17.635833	25.874400
132.188000	109.471000	8.448450	17.587767	26.036200
137.812000	109.471000	8.453426	17.235355	25.688800
143.437000	109.471000	8.694968	17.366774	26.061800
149.062000	109.471000	8.324529	17.363834	25.688400
154.688000	109.471000	8.415143	17.218504	25.633600
160.312000	109.471000	8.360246	17.665578	26.025800
165.938000	109.471000	8.515449	17.337143	25.852600
171.562000	109.471000	8.345000	17.462568	25.807600
177.188000	109.471000	8.440194	17.395275	25.835400
182.812000	109.471000	8.421250	17.158675	25.580000
188.438000	109.471000	8.570437	17.318369	25.888800
194.062000	109.471000	8.467654	17.420948	25.888600
199.687000	109.471000	8.518039	17.279350	25.797300
205.312000	109.471000	8.355077	17.326851	25.681900
210.938000	109.471000	8.436688	17.256391	25.693100
216.562000	109.471000	8.393711	17.396632	25.790400
222.188000	109.471000	8.341234	17.489485	25.830700
227.812000	109.471000	8.531283	17.136395	25.667700
233.438000	109.471000	8.233859	17.082674	25.316600
239.062000	109.471000	8.627099	17.649744	26.276800
244.687000	109.471000	8.503834	17.217938	25.721800
250.312000	109.471000	8.448869	17.584939	26.033800
255.937000	109.471000	8.490590	17.772455	26.263100
261.562000	109.471000	8.390838	17.387132	25.777900
267.188000	109.471000	8.421454	17.305250	25.726700
272.812000	109.471000	8.518514	16.983374	25.501900
278.438000	109.471000	8.538487	17.504075	26.042600
284.062000	109.471000	8.395521	17.478062	25.873600
289.688000	109.471000	8.380954	17.237843	25.618800
295.312000	109.471000	8.564635	17.443228	26.007800
300.938000	109.471000	8.582516	17.497402	26.079900
306.562000	109.471000	8.448755	17.412013	25.860700
312.187000	109.471000	8.481147	17.071138	25.552300
317.812000	109.471000	8.465675	17.229248	25.695000
323.438000	109.471000	8.546800	17.332619	25.879400
329.062000	109.471000	8.461762	17.414502	25.876300
334.688000	109.471000	8.531181	17.399686	25.930900
340.312000	109.471000	8.441676	17.505432	25.947100
345.938000	109.471000	8.390341	17.306720	25.697100
351.562000	109.471000	8.537435	17.388037	25.925500
357.187000	109.471000	8.349727	17.484735	25.834400
0.000000	112.024000	7.699158	17.807402	25.506500
5.625000	112.024000	7.688176	18.097836	25.786000
11.250000	112.024000	7.742022	18.052257	25.794300
16.875000	112.024000	7.787509	18.274720	26.062200
22.500000	112.024000	7.798378	17.915749	25.714200
28.125000	112.024000	7.922570	17.967548	25.890100
33.750000	112.024000	7.825137	18.091502	25.916600
39.375000	112.024000	7.771687	18.078722	25.850400
45.000000	112.024000	7.930170	17.977500	25.907700
50.625000	112.024000	7.690189	17.855694	25.545800
56.250000	112.024000	7.820907	17.736716	25.557600
61.875000	112.024000	7.705740	18.272458	25.978200
67.500000	112.024000	7.934502	18.126336	26.060800
73.125000	112.024000	7.898955	18.041852	25.940800
78.750000	112.024000	7.818566	17.978970	25.797600
84.375000	112.024000	7.971157	17.994691	25.965900
90.000000	112.024000	7.887781	17.623166	25.510900
95.625000	112.024000	7.705288	18.020138	25.725500
101.250000	112.024000	7.932636	17.932035	25.864700
106.875000	112.024000	7.686570	17.901386	25.588000
112.500000	112.024000	7.803897	17.753454	25.557300
118.125000	112.024000	7.744725	17.994465	25.739200
123.750000	112.024000	7.864246	18.186617	26.050800
129.375000	112.024000	7.800493	18.000006	25.800400
135.000000	112.024000	7.829717	17.946851	25.776500
140.625000	112.024000	7.894918	17.843932	25.738900
146.250000	112.024000	8.050087	17.888719	25.938900
151.875000	112.024000	7.550073	17.813396	25.363500
157.500000	112.024000	7.977049	17.987679	25.964700
163.125000	112.024000	7.872095	17.797901	25.670000
168.750000	112.024000	7.744159	18.039591	25.783700
174.375000	112.024000	7.844578	18.070353	25.914900
180.000000	112.024000	7.978813	18.019912	25.998700
185.625000	112.024000	7.525508	18.077478	25.603000
191.250000	112.024000	7.848186	17.688310	25.536500
196.875000	112.024000	7.672263	18.185825	25.858100
202.500000	112.024000	7.727443	17.989941	25.717400
208.125000	112.024000	7.816202	17.949791	25.766000
213.750000	112.024000	7.844194	17.762615	25.606800
219.375000	112.024000	7.709755	17.786818	25.496500
225.000000	112.024000	7.860796	18.230386	26.091200
230.625000	112.024000	7.796331	17.852754	25.649100
236.250000	112.024000	7.744645	17.832396	25.577100
241.875000	112.024000	7.914800	17.955559	25.870400
247.500000	112.024000	7.915083	18.055990	25.971100
253.125000	112.024000	7.722365	18.241017	25.963400
258.750000	112.024000	7.749215	17.431127	25.180400
264.375000	112.024000	7.998560	18.033257	26.031800
270.000000	112.024000	7.797632	17.834206	25.631800
275.625000	112.024000	7.939535	17.936333	25.875900
281.250000	112.024000	7.862911	18.103604	25.966500
286.875000	112.024000	7.722965	17.926493	25.649500
292.500000	112.024000	7.933156	17.947529	25.880700
298.125000	112.024000	7.619017	17.806497	25.425500
303.750000	112.024000	7.740811	17.980780	25.721600
309.375000	112.024000	7.977140	18.116723	26.093900
315.000000	112.024000	7.847440	18.247011	26.094400
320.625000	112.024000	7.858614	18.096931	25.955600
326.250000	112.024000	8.006635	17.873903	25.880600
331.875000	112.024000	7.698095	18.050561	25.748700
337.500000	112.024000	7.885814	18.014709	25.900500
343.125000	112.024000	7.907981	17.709233	25.617300
348.750000	112.024000	7.828733	18.149860	25.978600
354.375000	112.024000	7.619978	18.177795	25.797800
2.812500	114.624000	7.176252	18.334435	25.510700
8.437500	114.624000	7.117521	18.560404	25.677900
14.062500	114.624000	6.987662	18.382049	25.369700
19.687500	114.624000	7.172248	18.512450	25.684700
25.312500	114.624000	7.143499	18.485986	25.629500
30.937500	114.624000	7.124499	18.488926	25.613400
36.562500	114.624000	7.154051	18.564588	25.718600
42.187500	114.624000	7.121095	18.399579	25.520700
47.812500	114.624000	7.236816	18.300280	25.537000
53.437500	114.624000	7.159254	18.348007	25.507300
59.062500	114.624000	6.979938	18.624304	25.604200
64.687500	114.624000	7.240050	18.842582	26.082600
70.312500	114.624000	7.101597	18.557011	25.658600
75.937500	114.624000	7.091474	18.252553	25.344000
81.562500	114.624000	7.078389	18.662304	25.740600
87.187500	114.624000	7.160622	18.542987	25.703600
92.812500	114.624000	7.156008	18.286482	25.442400
98.437500	114.624000	7.192866	18.692615	25.885400
104.062000	114.624000	7.131352	18.694876	25.826200
109.688000	114.624000	7.018674	18.561987	25.580600
115.312000	114.624000	7.172984	18.533147	25.706100
120.938000	114.624000	7.209616	18.628149	25.837800
126.562000	114.624000	7.230957	18.693067	25.924100
132.188000	114.624000	7.210159	18.819510	26.029700
137.812000	114.624000	7.004978	18.384877	25.389800
143.437000	114.624000	6.998927	18.405234	25.404200
149.062000	114.624000	7.046496	18.741925	25.788400
154.688000	114.624000	7.007579	18.551356	25.559000
160.312000	114.624000	7.063087	18.463140	25.526200
165.938000	114.624000	7.194517	18.692615	25.887100
171.562000	114.624000	7.333152	18.285351	25.618500
177.188000	114.624000	7.185843	18.617292	25.803200
182.812000	114.624000	7.224115	18.285238	25.509400
188.438000	114.624000	7.384340	18.644661	26.029100
194.062000	114.624000	7.016774	18.744300	25.761100
199.687000	114.624000	7.300444	18.453414	25.753800
205.312000	114.624000	7.211629	18.482253	25.693800
210.938000	114.624000	7.320293	18.506796	25.827100
216.562000	114.624000	7.028524	18.636631	25.665100
222.188000	114.624000	7.046801	18.529189	25.576000
227.812000	114.624000	7.221389	18.576464	25.797900
233.438000	114.624000	7.098464	18.671578	25.770000
239.062000	114.624000	7.016581	18.714782	25.731400
244.687000	114.624000	7.170145	18.434979	25.605100
250.312000	114.624000	7.312399	18.572958	25.885400
255.937000	114.624000	7.129305	18.582345	25.711700
261.562000	114.624000	7.084134	18.681531	25.765700
267.188000	114.624000	7.176603	18.314869	25.491500
272.812000	114.624000	7.112985	18.609488	25.722400
278.438000	114.624000	7.196022	18.692841	25.888900
284.062000	114.624000	7.334622	18.353549	25.688200
289.688000	114.624000	7.203339	18.520480	25.723800
295.312000	114.624000	7.233887	18.332286	25.566200
300.938000	114.624000	7.083003	18.583928	25.666900
306.562000	114.624000	6.956798	18.864409	25.821200
312.187000	114.624000	7.050092	18.503516	25.553600
317.812000	114.624000	7.210871	18.705847	25.916700
323.438000	114.624000	7.140072	18.974114	26.114200
329.062000	114.624000	6.972405	18.513355	25.485800
334.688000	114.624000	7.261641	18.310685	25.572400
340.312000	114.624000	7.128729	18.413151	25.541900
345.938000	114.624000	7.186849	18.401954	25.588800
351.562000	114.624000	7.126489	18.720210	25.846700
357.187000	114.624000	7.060746	18.617631	25.678400
0.000000	117.280000	6.436890	19.309221	25.746100
5.625000	117.280000	6.328079	18.771443	25.099500
11.250000	117.280000	6.489582	18.758324	25.247900
16.875000	117.280000	6.466532	19.035865	25.502400
22.500000	117.280000	6.500258	19.207660	25.707900
28.125000	117.280000	6.315321	19.004989	25.320300
33.750000	117.280000	6.350687	19.120688	25.471400
39.375000	117.280000	6.353458	18.822676	25.176100
45.000000	117.280000	6.382592	19.256744	25.639400
50.625000	117.280000	6.242464	19.133016	25.375500
56.250000	117.280000	6.292329	19.092187	25.384500
61.875000	117.280000	6.375908	19.080538	25.456500
67.500000	117.280000	6.451886	19.102819	25.554700
73.125000	117.280000	6.318454	18.744413	25.062900
78.750000	117.280000	6.377864	19.168528	25.546400
84.375000	117.280000	6.371044	18.949572	25.320600
90.000000	117.280000	6.346661	19.052943	25.399600
95.625000	117.280000	6.382309	19.120349	25.502600
101.250000	117.280000	6.506184	19.154956	25.661200
106.875000	117.280000	6.510233	19.224737	25.735000
112.500000	117.280000	6.384797	19.103045	25.487900
118.125000	117.280000	6.539797	19.035978	25.575800
123.750000	117.280000	6.140281	18.995037	25.135300
129.375000	117.280000	6.320603	19.107795	25.428400
135.000000	117.280000	6.348436	19.352764	25.701200
140.625000	117.280000	6.358502	19.018448	25.377000
146.250000	117.280000	6.257042	19.086985	25.344000
151.875000	117.280000	6.518851	19.092640	25.611500
157.500000	117.280000	6.542477	18.915529	25.458000
163.125000	117.280000	6.290824	19.054752	25.345600
168.750000	117.280000	6.480839	19.081782	25.562700
174.375000	117.280000	6.188924	19.249619	25.438500
180.000000	117.280000	6.343177	19.120122	25.463200
185.625000	117.280000	6.366170	18.946292	25.312400
191.250000	117.280000	6.389671	19.137879	25.527500
196.875000	117.280000	6.290610	18.866332	25.156900
202.500000	117.280000	6.469507	19.095693	25.565100
208.125000	117.280000	6.455743	19.059615	25.515400
213.750000	117.280000	6.388314	18.669769	25.058100
219.375000	117.280000	6.355991	19.236613	25.592600
225.000000	117.280000	6.170738	18.759116	24.929800
230.625000	117.280000	6.569983	19.002501	25.572400
236.250000	117.280000	6.373860	19.214559	25.588400
241.875000	117.280000	6.341786	19.028740	25.370600
247.500000	117.280000	6.398810	19.109039	25.507800
253.125000	117.280000	6.365684	18.875719	25.241400
258.750000	117.280000	6.676011	19.079634	25.755600
264.375000	117.280000	6.381438	18.866898	25.248400
270.000000	117.280000	6.372944	19.184022	25.557000
275.625000	117.280000	6.550496	18.838171	25.388600
281.250000	117.280000	6.513479	19.370972	25.884400
286.875000	117.280000	6.371451	19.127926	25.499400
292.500000	117.280000	6.249465	19.468010	25.717500
298.125000	117.280000	6.274437	19.085515	25.360000
303.750000	117.280000	6.330804	19.113337	25.444100
309.375000	117.280000	6.469122	19.200082	25.669200
315.000000	117.280000	6.385238	19.033490	25.418800
320.625000	117.280000	6.455483	18.785354	25.240800
326.250000	117.280000	6.343177	19.127134	25.470300
331.875000	117.280000	6.452938	19.275971	25.729000
337.500000	117.280000	6.429335	18.840998	25.270400
343.125000	117.280000	6.558288	18.840207	25.398500
348.750000	117.280000	6.267685	19.190469	25.458100
354.375000	117.280000	6.355245	18.876398	25.231600
2.812500	120.000000	5.498691	19.675430	25.174100
8.437500	120.000000	5.569942	19.595584	25.165500
14.062500	120.000000	5.631207	19.318495	24.949700
19.687500	120.000000	5.551779	19.767718	25.319500
25.312500	120.000000	5.384768	19.554190	24.938900
30.937500	120.000000	5.420461	20.038360	25.458800
36.562500	120.000000	5.447865	19.774391	25.222200
42.187500	120.000000	5.544472	19.919155	25.463600
47.812500	120.000000	5.452513	19.451950	24.904500
53.437500	120.000000	5.552208	19.577036	25.129300
59.062500	120.000000	5.527236	19.762176	25.289400
64.687500	120.000000	5.610883	19.532702	25.143600
70.312500	120.000000	5.433411	19.589363	25.022800
75.937500	120.000000	5.501835	19.673847	25.175700
81.562500	120.000000	5.369986	19.633358	25.003300
87.187500	120.000000	5.509277	19.568780	25.078100
92.812500	120.000000	5.648782	19.645912	25.294700
98.437500	120.000000	5.512477	19.493117	25.005600
104.062000	120.000000	5.334089	19.687306	25.021400
109.688000	120.000000	5.547402	19.588006	25.135400
115.312000	120.000000	5.392040	19.594905	24.986900
120.938000	120.000000	5.527678	19.663781	25.191500
126.562000	120.000000	5.478955	19.769075	25.248000
132.188000	120.000000	5.510362	19.446861	24.957300
137.812000	120.000000	5.413653	19.938947	25.352600
143.437000	120.000000	5.669988	19.516868	25.186900
149.062000	120.000000	5.482981	19.593774	25.076700
154.688000	120.000000	5.601112	19.627816	25.228900
160.312000	120.000000	5.540797	19.418360	24.959200
165.938000	120.000000	5.455940	19.771676	25.227600
171.562000	120.000000	5.526784	19.716824	25.243600
177.188000	120.000000	5.514943	19.603840	25.118800
182.812000	120.000000	5.508734	19.653263	25.162000
188.438000	120.000000	5.574522	19.756521	25.331100
194.062000	120.000000	5.593308	19.420057	25.013400
199.687000	120.000000	5.695650	19.706306	25.402000
205.312000	120.000000	5.549890	19.316459	24.866400
210.938000	120.000000	5.444325	19.757087	25.201400
216.562000	120.000000	5.506494	19.445730	24.952300
222.188000	120.000000	5.453678	19.635507	25.089200
227.812000	120.000000	5.472260	19.430122	24.902400
233.438000	120.000000	5.399742	19.440527	24.840200
239.062000	120.000000	5.452004	19.665139	25.117100
244.687000	120.000000	5.674568	19.547630	25.222200
250.312000	120.000000	5.484667	19.592078	25.076700
255.937000	120.000000	5.523052	19.713997	25.237100
261.562000	120.000000	5.552276	19.602256	25.154500
267.188000	120.000000	5.509073	19.451837	24.960900
272.812000	120.000000	5.417317	19.222702	24.640100
278.438000	120.000000	5.583016	19.931030	25.514100
284.062000	120.000000	5.495094	19.735146	25.230200
289.688000	120.000000	5.406743	19.981924	25.388700
295.312000	120.000000	5.548352	19.335120	24.883500
300.938000	120.000000	5.674139	19.503862	25.178000
306.562000	120.000000	5.428423	19.704270	25.132600
312.187000	120.000000	5.533887	19.230958	24.764900
317.812000	120.000000	5.569275	19.441997	25.011300
323.438000	120.000000	5.596135	19.595244	25.191400
329.062000	120.000000	5.606914	19.547857	25.154800
334.688000	120.000000	5.562896	19.357061	24.920000
340.312000	120.000000	5.619592	19.845755	25.465300
345.938000	120.000000	5.583208	19.484183	25.067400
351.562000	120.000000	5.409593	19.620352	25.030000
357.187000	120.000000	5.424205	19.562899	24.987100
0.000000	122.797000	4.587963	20.263650	24.851600
5.625000	122.797000	4.529594	19.628382	24.158000
11.250000	122.797000	4.607122	20.307758	24.914800
16.875000	122.797000	4.560548	20.107688	24.668300
22.500000	122.797000	4.549646	20.319180	24.868800
28.125000	122.797000	4.563206	20.076247	24.639400
33.750000	122.797000	4.680805	19.928316	24.609100
39.375000	122.797000	4.507822	20.197148	24.705000
45.000000	122.797000	4.443289	19.801873	24.245100
50.625000	122.797000	4.629764	20.084164	24.713900
56.250000	122.797000	4.571541	20.035758	24.607300
61.875000	122.797000	4.515841	20.231643	24.747500
67.500000	122.797000	4.708299	19.901399	24.609700
73.125000	122.797000	4.536945	19.899363	24.436300
78.750000	122.797000	4.620365	20.126576	24.747000
84.375000	122.797000	4.500403	19.813070	24.313500
90.000000	122.797000	4.535814	20.039717	24.575500
95.625000	122.797000	4.538981	19.795653	24.334600
101.250000	122.797000	4.519641	20.033497	24.553200
106.875000	122.797000	4.571462	20.205631	24.777100
112.500000	122.797000	4.611974	20.107801	24.719800
118.125000	122.797000	4.561295	20.145915	24.707300
123.750000	122.797000	4.489240	20.164011	24.653200
129.375000	122.797000	4.628101	20.412033	25.040100
135.000000	122.797000	4.628248	19.956703	24.585000
140.625000	122.797000	4.701162	20.190023	24.891100
146.250000	122.797000	4.579209	20.463153	25.042300
151.875000	122.797000	4.575907	19.972763	24.548600
157.500000	122.797000	4.537126	20.240917	24.778000
163.125000	122.797000	4.468849	19.787623	24.256500
168.750000	122.797000	4.492045	20.048199	24.540300
174.375000	122.797000	4.666577	20.148290	24.814800
180.000000	122.797000	4.627174	19.936572	24.563700
185.625000	122.797000	4.538868	20.046050	24.584900
191.250000	122.797000	4.608117	20.047521	24.655700
196.875000	122.797000	4.512188	20.094795	24.607000
202.500000	122.797000	4.511464	20.124879	24.636300
208.125000	122.797000	4.533213	19.907167	24.440400
213.750000	122.797000	4.606669	20.079075	24.685700
219.375000	122.797000	4.519392	20.127028	24.646400
225.000000	122.797000	4.716509	20.236054	24.952600
230.625000	122.797000	4.482534	20.346437	24.828900
236.250000	122.797000	4.633349	20.160505	24.793800
241.875000	122.797000	4.634650	20.083146	24.717800
247.500000	122.797000	4.637387	19.867696	24.505100
253.125000	122.797000	4.489048	20.233226	24.722300
258.750000	122.797000	4.588121	20.178827	24.766900
264.375000	122.797000	4.690859	20.262292	24.953100
270.000000	122.797000	4.594398	20.411355	25.005700
275.625000	122.797000	4.484864	20.400950	24.885900
281.250000	122.797000	4.394012	20.385229	24.779300
286.875000	122.797000	4.618183	20.434992	25.053200
292.500000	122.797000	4.675896	20.445058	25.120900
298.125000	122.797000	4.614371	20.213321	24.827700
303.750000	122.797000	4.638031	19.973668	24.611700
309.375000	122.797000	4.641503	20.056795	24.698300
315.000000	122.797000	4.509032	20.351300	24.860300
320.625000	122.797000	4.607371	20.163332	24.770700
326.250000	122.797000	4.483733	20.214113	24.697800
331.875000	122.797000	4.563342	20.240125	24.803400
337.500000	122.797000	4.526235	20.352770	24.879000
343.125000	122.797000	4.706399	20.055211	24.761700
348.750000	122.797000	4.560288	20.050009	24.610300
354.375000	122.797000	4.580894	20.048312	24.629200
2.812500	125.685000	3.797854	20.709366	24.507300
8.437500	125.685000	3.676806	20.653835	24.330600
14.062500	125.685000	3.922792	20.553179	24.475900
19.687500	125.685000	3.708303	20.569126	24.277500
25.312500	125.685000	3.747695	20.670121	24.417800
30.937500	125.685000	3.772215	20.820993	24.593200
36.562500	125.685000	3.820349	20.736849	24.557200
42.187500	125.685000	3.768437	20.401515	24.170000
47.812500	125.685000	3.834158	20.771117	24.605300
53.437500	125.685000	3.831636	20.757998	24.589600
59.062500	125.685000	3.652773	20.902536	24.555300
64.687500	125.685000	3.797232	20.869173	24.666400
70.312500	125.685000	3.799358	20.621376	24.420700
75.937500	125.685000	3.819026	20.793737	24.612700
81.562500	125.685000	3.866131	20.933412	24.799600
87.187500	125.685000	3.739122	20.675663	24.414800
92.812500	125.685000	3.580402	20.861369	24.441800
98.437500	125.685000	3.691904	20.620811	24.312700
104.062000	125.685000	3.760079	20.578513	24.338600
109.688000	125.685000	3.679769	20.812737	24.492500
115.312000	125.685000	3.724849	20.691271	24.416100
120.938000	125.685000	3.628095	20.498779	24.126800
126.562000	125.685000	3.769297	20.541756	24.311000
132.188000	125.685000	3.754096	20.581906	24.336100
137.812000	125.685000	3.754820	20.507487	24.262300
143.437000	125.685000	3.798464	20.508618	24.307000
149.062000	125.685000	3.860996	20.868494	24.729500
154.688000	125.685000	3.724227	21.015634	24.739900
160.312000	125.685000	3.838082	20.419272	24.257400
165.938000	125.685000	3.746756	20.836375	24.583100
171.562000	125.685000	3.734983	20.380592	24.115600
177.188000	125.685000	3.684349	20.381836	24.066200
182.812000	125.685000	3.693770	20.552839	24.246600
188.438000	125.685000	3.588454	20.902423	24.490900
194.062000	125.685000	3.757919	20.202351	23.960300
199.687000	125.685000	3.667520	20.535875	24.203400
205.312000	125.685000	3.788331	20.712985	24.501300
210.938000	125.685000	3.741124	20.753022	24.494100
216.562000	125.685000	3.774318	20.375955	24.150200
222.188000	125.685000	3.716865	20.699979	24.416900
227.812000	125.685000	3.785074	20.744992	24.530100
233.438000	125.685000	3.642096	20.539833	24.182000
239.062000	125.685000	3.695297	20.506130	24.201400
244.687000	125.685000	3.751959	20.688782	24.440800
250.312000	125.685000	3.724092	20.848589	24.572600
255.937000	125.685000	3.737437	20.686521	24.424000
261.562000	125.685000	3.746564	20.728027	24.474600
267.188000	125.685000	3.908497	20.402307	24.310800
272.812000	125.685000	3.790355	20.607239	24.397600
278.438000	125.685000	3.855760	20.798487	24.654300
284.062000	125.685000	3.662465	20.795094	24.457600
289.688000	125.685000	3.853498	20.985098	24.838600
295.312000	125.685000	3.803237	20.439855	24.243100
300.938000	125.685000	3.629599	20.713777	24.343400
306.562000	125.685000	3.755239	20.674193	24.429500
312.187000	125.685000	3.687923	21.204280	24.892200
317.812000	125.685000	3.732642	20.457838	24.190500
323.438000	125.685000	3.759435	20.400837	24.160300
329.062000	125.685000	3.696066	20.596721	24.292800
334.688000	125.685000	3.706313	20.456028	24.162300
340.312000	125.685000	3.688998	20.746688	24.435700
345.938000	125.685000	3.727722	20.588918	24.316700
351.562000	125.685000	3.687324	21.137213	24.824500
357.187000	125.685000	3.786182	20.881161	24.667300
0.000000	128.682000	2.770681	21.109844	23.880500
5.625000	128.682000	2.797791	20.963157	23.760900
11.250000	128.682000	2.881347	21.213441	24.094700
16.875000	128.682000	2.764291	21.271573	24.035900
22.500000	128.682000	2.952236	21.229388	24.181700
28.125000	128.682000	2.976258	20.943478	23.919700
33.750000	128.682000	2.878633	20.836827	23.715500
39.375000	128.682000	2.877377	21.126582	24.003900
45.000000	128.682000	2.845020	21.090052	23.935100
50.625000	128.682000	2.793188	21.149541	23.942700
56.250000	128.682000	2.970377	21.308669	24.279100
61.875000	128.682000	2.834445	21.171256	24.005700
67.500000	128.682000	2.898549	21.291478	24.190000
73.125000	128.682000	2.796264	21.113576	23.909800
78.750000	128.682000	2.913761	21.097290	24.011000
84.375000	128.682000	2.831369	20.848024	23.679400
90.000000	128.682000	2.948006	21.315907	24.263900
95.625000	128.682000	2.841525	21.131785	23.973300
101.250000	128.682000	2.905584	21.450606	24.356200
106.875000	128.682000	2.960911	20.955353	23.916300
112.500000	128.682000	2.658896	21.023890	23.682800
118.125000	128.682000	2.965831	21.541084	24.506900
123.750000	128.682000	3.062902	21.027961	24.090800
129.375000	128.682000	2.971101	21.187881	24.159000
135.000000	128.682000	2.982252	21.094123	24.076300
140.625000	128.682000	2.916577	20.889304	23.805900
146.250000	128.682000	2.873000	21.502970	24.376000
151.875000	128.682000	2.800471	20.748724	23.549200
157.500000	128.682000	2.812878	21.606341	24.419200
163.125000	128.682000	2.800053	20.921537	23.721600
168.750000	128.682000	2.872638	21.090844	23.963400
174.375000	128.682000	2.815897	21.165827	23.981700
180.000000	128.682000	2.835689	21.029432	23.865100
185.625000	128.682000	2.802314	20.976502	23.778800
191.250000	128.682000	2.855866	21.459315	24.315200
196.875000	128.682000	2.901863	21.122398	24.024300
202.500000	128.682000	2.813737	20.962026	23.775700
208.125000	128.682000	2.884581	21.035200	23.919700
213.750000	128.682000	2.754542	21.175780	23.930300
219.375000	128.682000	2.865683	21.375170	24.240800
225.000000	128.682000	2.917448	21.505798	24.423300
230.625000	128.682000	2.839851	21.082587	23.922400
236.250000	128.682000	3.007292	21.355152	24.362400
241.875000	128.682000	2.979142	21.091861	24.071100
247.500000	128.682000	2.880951	21.203375	24.084300
253.125000	128.682000	3.032264	21.151124	24.183400
258.750000	128.682000	2.905708	21.198060	24.103800
264.375000	128.682000	2.932637	21.180190	24.112800
270.000000	128.682000	2.793764	21.008509	23.802300
275.625000	128.682000	2.949217	21.239114	24.188300
281.250000	128.682000	2.959441	21.057706	24.017100
286.875000	128.682000	2.776732	21.044813	23.821500
292.500000	128.682000	2.899081	21.009527	23.908600
298.125000	128.682000	2.828304	20.959651	23.788000
303.750000	128.682000	2.891435	21.083153	23.974600
309.375000	128.682000	2.853299	21.592883	24.446200
315.000000	128.682000	2.960311	21.218530	24.178800
320.625000	128.682000	2.850109	21.280734	24.130800
326.250000	128.682000	2.892329	21.442802	24.335100
331.875000	128.682000	2.776551	21.273722	24.050300
337.500000	128.682000	2.787521	21.343277	24.130800
343.125000	128.682000	2.932512	21.096385	24.028900
348.750000	128.682000	2.749532	20.935787	23.685300
354.375000	128.682000	2.798955	21.279942	24.078900
2.812500	131.810000	2.049007	21.316586	23.365600
8.437500	131.810000	1.979939	21.310026	23.290000
14.062500	131.810000	1.920053	21.144565	23.064600
19.687500	131.810000	2.072769	21.542102	23.614900
25.312500	131.810000	2.054221	21.511792	23.566000
30.937500	131.810000	2.000737	21.114028	23.114800
36.562500	131.810000	2.057614	21.437600	23.495300
42.187500	131.810000	1.975788	21.841810	23.817600
47.812500	131.810000	1.940931	21.871554	23.812500
53.437500	131.810000	2.146316	21.542894	23.689300
59.062500	131.810000	2.056471	21.513149	23.569600
64.687500	131.810000	1.998735	21.363634	23.362400
70.312500	131.810000	2.124556	21.518238	23.642800
75.937500	131.810000	1.978118	21.385010	23.363100
81.562500	131.810000	2.037935	21.624550	23.662400
87.187500	131.810000	2.075268	21.704736	23.780100
92.812500	131.810000	2.070631	21.609056	23.679700
98.437500	131.810000	1.930458	21.605549	23.536000
104.062000	131.810000	1.995908	21.429344	23.425200
109.688000	131.810000	2.029328	21.303580	23.332900
115.312000	131.810000	2.012499	22.073659	24.086200
120.938000	131.810000	1.981137	21.570150	23.551300
126.562000	131.810000	2.031420	21.443707	23.475100
132.188000	131.810000	2.100353	21.468815	23.569200
137.812000	131.810000	2.090288	21.530566	23.620800
143.437000	131.810000	1.989382	21.534864	23.524300
149.062000	131.810000	2.105194	21.609169	23.714300
154.688000	131.810000	1.991463	21.507155	23.498600
160.312000	131.810000	1.906584	21.599782	23.506400
165.938000	131.810000	2.021524	21.524572	23.546100
171.562000	131.810000	1.945489	21.646038	23.591500
177.188000	131.810000	2.046847	21.641628	23.688500
182.812000	131.810000	1.996858	21.658027	23.654900
188.438000	131.810000	2.026670	21.529548	23.556200
194.062000	131.810000	1.996632	21.352890	23.349600
199.687000	131.810000	2.116696	21.645360	23.762000
205.312000	131.810000	2.027586	21.294758	23.322400
210.938000	131.810000	2.025528	21.553751	23.579300
216.562000	131.810000	1.958936	21.453660	23.412600
222.188000	131.810000	1.999482	21.283901	23.283400
227.812000	131.810000	1.998622	21.660628	23.659200
233.438000	131.810000	1.937007	21.582251	23.519300
239.062000	131.810000	1.977043	21.688224	23.665200
244.687000	131.810000	1.909106	21.346217	23.255300
250.312000	131.810000	2.003531	21.724754	23.728300
255.937000	131.810000	2.032484	21.425385	23.457800
261.562000	131.810000	1.954209	21.598198	23.552400
267.188000	131.810000	2.007059	21.303806	23.310900
272.812000	131.810000	2.111595	21.671825	23.783400
278.438000	131.810000	1.967283	21.678723	23.646000
284.062000	131.810000	2.034576	21.444160	23.478700
289.688000	131.810000	1.995727	21.641062	23.636800
295.312000	131.810000	2.022599	21.222150	23.244700
300.938000	131.810000	2.034327	21.692521	23.726800
306.562000	131.810000	2.007444	21.554090	23.561500
312.187000	131.810000	2.032563	21.629074	23.661600
317.812000	131.810000	1.998566	21.147845	23.146400
323.438000	131.810000	2.075449	21.536334	23.611800
329.062000	131.810000	1.988217	21.405141	23.393400
334.688000	131.810000	1.907590	21.425612	23.333300
340.312000	131.810000	2.077700	21.602722	23.680400
345.938000	131.810000	2.060351	21.646491	23.706900
351.562000	131.810000	1.983433	21.202244	23.185700
357.187000	131.810000	2.082812	21.433415	23.516200
3.000000	134.994000	1.327209	20.853000	22.180200
9.000000	134.994000	1.457225	21.096611	22.553800
15.000000	134.994000	1.254148	21.224411	22.478500
21.000000	134.994000	1.322967	21.506363	22.829300
27.000000	134.994000	1.316996	21.010997	22.328000
33.000000	134.994000	1.389095	21.517447	22.906500
39.000000	134.994000	1.416510	21.317151	22.733700
45.000000	134.994000	1.362653	21.201679	22.564400
51.000000	134.994000	1.339887	20.987925	22.327900
57.000000	134.994000	1.355935	21.438165	22.794100
63.000000	134.994000	1.371034	21.341920	22.712900
69.000000	134.994000	1.295259	21.310931	22.606100
75.000000	134.994000	1.365424	21.076480	22.441900
81.000000	134.994000	1.430308	21.304032	22.734300
87.000000	134.994000	1.357123	21.280734	22.637800
93.000000	134.994000	1.351389	20.890209	22.241600
99.000000	134.994000	1.318771	21.262978	22.581700
105.000000	134.994000	1.280217	21.079534	22.359800
111.000000	134.994000	1.458085	21.054992	22.513100
117.000000	134.994000	1.442590	21.413284	22.855800
123.000000	134.994000	1.325128	21.242055	22.567100
129.000000	134.994000	1.406739	21.566644	22.973400
135.000000	134.994000	1.324766	21.256418	22.581200
141.000000	134.994000	1.366035	21.472886	22.838900
147.000000	134.994000	1.370299	21.381277	22.751600
153.000000	134.994000	1.366623	21.603740	22.970400
159.000000	134.994000	1.284888	21.471755	22.756700
165.000000	134.994000	1.350337	21.614597	22.964900
171.000000	134.994000	1.409317	21.428552	22.837900
177.000000	134.994000	1.354205	21.287180	22.641400
183.000000	134.994000	1.338303	21.131219	22.469600
189.000000	134.994000	1.347442	21.208917	22.556400
195.000000	134.994000	1.249816	21.000592	22.250400
201.000000	134.994000	1.287082	21.115159	22.402200
207.000000	134.994000	1.385895	21.395754	22.781600
213.000000	134.994000	1.426033	21.319187	22.745200
219.000000	134.994000	1.356297	21.214233	22.570600
225.000000	134.994000	1.365729	21.142416	22.508200
231.000000	134.994000	1.326168	21.197721	22.523900
237.000000	134.994000	1.381405	21.404576	22.786000
243.000000	134.994000	1.357643	21.160964	22.518600
249.000000	134.994000	1.370434	20.903781	22.274200
255.000000	134.994000	1.347057	20.974014	22.321100
261.000000	134.994000	1.383486	21.326538	22.710000
267.000000	134.994000	1.383938	21.228483	22.612400
273.000000	134.994000	1.303153	21.041985	22.345100
279.000000	134.994000	1.480602	21.408760	22.889400
285.000000	134.994000	1.406150	21.385575	22.791800
291.000000	134.994000	1.382219	21.519596	22.901900
297.000000	134.994000	1.325173	21.142981	22.468200
303.000000	134.994000	1.308197	20.836148	22.144400
309.000000	134.994000	1.333519	21.410570	22.744100
315.000000	134.994000	1.286392	21.248614	22.535000
321.000000	134.994000	1.372357	21.254043	22.626400
327.000000	134.994000	1.341640	21.313871	22.655500
333.000000	134.994000	1.392907	21.344408	22.737300
339.000000	134.994000	1.340724	21.288311	22.629000
345.000000	134.994000	1.332083	21.079534	22.411600
351.000000	134.994000	1.343314	21.383766	22.727100
357.000000	134.994000	1.333553	21.036218	22.369800
3.214290	138.141000	0.942143	20.794755	21.736900
9.642860	138.141000	0.911689	20.450713	21.362400
16.071400	138.141000	0.940897	20.886929	21.827900
22.500000	138.141000	0.874266	20.613233	21.487500
28.928600	138.141000	0.848687	21.020723	21.869400
35.357100	138.141000	0.921878	20.880822	21.802700
41.785700	138.141000	0.879287	20.695681	21.575000
48.214300	138.141000	0.892594	20.684259	21.576800
54.642900	138.141000	0.955231	21.038140	21.993400
61.071400	138.141000	0.872305	20.900048	21.772400
67.500000	138.141000	0.870135	21.033051	21.903200
73.928600	138.141000	0.861540	21.018914	21.880400
80.357100	138.141000	0.955003	20.715021	21.670000
86.785700	138.141000	0.855728	21.018574	21.874300
93.214300	138.141000	0.907206	20.810249	21.717500
99.642900	138.141000	0.830252	21.060647	21.890900
106.071000	138.141000	0.871550	20.436349	21.307900
112.500000	138.141000	0.861898	20.795886	21.657800
118.929000	138.141000	0.951837	20.515291	21.467100
125.357000	138.141000	1.022139	20.852095	21.874200
131.786000	138.141000	0.969349	20.803689	21.773100
138.214000	138.141000	0.906321	20.885572	21.791900
144.643000	138.141000	0.883765	20.669330	21.553100
151.071000	138.141000	0.906170	20.745784	21.651900
157.500000	138.141000	0.868099	21.084962	21.953100
163.929000	138.141000	0.885472	20.578286	21.463800
170.357000	138.141000	0.930359	20.655758	21.586100
176.786000	138.141000	0.984181	20.596947	21.581200
183.214000	138.141000	0.918148	20.837845	21.756000
189.643000	138.141000	0.940931	20.556911	21.497900
196.071000	138.141000	0.922107	20.895185	21.817300
202.500000	138.141000	0.908745	20.718188	21.626900
208.929000	138.141000	0.912365	20.566637	21.479000
215.357000	138.141000	0.924755	20.806064	21.730800
221.786000	138.141000	0.883775	20.878221	21.762000
228.214000	138.141000	0.959911	20.815565	21.775500
234.643000	138.141000	0.965801	20.848589	21.814400
241.071000	138.141000	0.904805	20.808439	21.713200
247.500000	138.141000	0.849962	20.910340	21.760300
253.929000	138.141000	0.895988	21.247823	22.143800
260.357000	138.141000	0.960777	20.799505	21.760300
266.786000	138.141000	0.933423	21.058611	21.992000
273.214000	138.141000	0.919947	20.814773	21.734700
279.643000	138.141000	0.887940	20.740807	21.628800
286.071000	138.141000	0.918103	20.971073	21.889200
292.500000	138.141000	0.926102	20.708575	21.634700
298.929000	138.141000	0.887822	20.821785	21.709600
305.357000	138.141000	0.982484	20.603168	21.585600
311.786000	138.141000	0.897481	20.664806	21.562200
318.214000	138.141000	0.914924	21.189012	22.103900
324.643000	138.141000	0.888165	20.664014	21.552200
331.071000	138.141000	0.937085	20.810475	21.747600
337.500000	138.141000	0.921467	20.762635	21.684100
343.929000	138.141000	0.928881	21.009640	21.938600
350.357000	138.141000	0.928370	20.766254	21.694600
356.786000	138.141000	0.911972	20.870756	21.782700
3.461540	141.256000	0.607139	20.618775	21.225900
10.384600	141.256000	0.603137	20.513708	21.116900
17.307700	141.256000	0.586402	20.592310	21.178700
24.230800	141.256000	0.595241	20.672383	21.267600
31.153800	141.256000	0.573518	20.708575	21.282100
38.076900	141.256000	0.570569	20.705973	21.276500
45.000000	141.256000	0.633552	20.664693	21.298200
51.923100	141.256000	0.631049	20.920971	21.552000
58.846200	141.256000	0.560391	20.809684	21.370100
65.769200	141.256000	0.577248	20.557024	21.134300
72.692300	141.256000	0.627856	20.812850	21.440700
79.615400	141.256000	0.566519	20.756754	21.323300
86.538500	141.256000	0.620935	21.071956	21.692900
93.461500	141.256000	0.614229	20.533274	21.147500
100.385000	141.256000	0.623330	20.573084	21.196400
107.308000	141.256000	0.565981	20.521964	21.088000
114.231000	141.256000	0.579847	20.510315	21.090100
121.154000	141.256000	0.546755	20.897899	21.444700
128.077000	141.256000	0.605390	20.607352	21.212700
135.000000	141.256000	0.608657	20.572632	21.181300
141.923000	141.256000	0.608671	21.179851	21.788500
148.846000	141.256000	0.562793	20.734021	21.296900
155.769000	141.256000	0.592472	20.801767	21.394200
162.692000	141.256000	0.605349	20.808892	21.414300
169.615000	141.256000	0.607473	20.796904	21.404400
176.538000	141.256000	0.586115	20.841238	21.427300
183.462000	141.256000	0.668069	20.760373	21.428400
190.385000	141.256000	0.572752	20.823708	21.396400
197.308000	141.256000	0.565909	20.767272	21.333100
204.231000	141.256000	0.608806	20.764558	21.373300
211.154000	141.256000	0.600410	20.641395	21.241900
218.077000	141.256000	0.609118	20.664467	21.273600
225.000000	141.256000	0.549599	20.439403	20.989000
231.923000	141.256000	0.596025	20.545036	21.141100
238.846000	141.256000	0.557837	20.671818	21.229700
245.769000	141.256000	0.665115	20.334675	20.999800
252.692000	141.256000	0.591176	21.043569	21.634700
259.615000	141.256000	0.579916	20.472540	21.052500
266.538000	141.256000	0.544388	20.454897	20.999300
273.462000	141.256000	0.592515	20.346211	20.938800
280.385000	141.256000	0.627903	20.637436	21.265300
287.308000	141.256000	0.576847	20.524226	21.101000
294.231000	141.256000	0.530963	20.948680	21.479700
301.154000	141.256000	0.581989	21.093897	21.675900
308.077000	141.256000	0.614113	20.625900	21.240100
315.000000	141.256000	0.599086	20.265798	20.864900
321.923000	141.256000	0.594676	20.965532	21.560200
328.846000	141.256000	0.576094	20.976276	21.552400
335.769000	141.256000	0.655017	20.922442	21.577500
342.692000	141.256000	0.668527	20.428885	21.097400
349.615000	141.256000	0.585282	20.835696	21.420900
356.538000	141.256000	0.593985	20.780844	21.374900
3.750000	144.341000	0.355717	20.339086	20.694800
11.250000	144.341000	0.350976	20.601811	20.952800
18.750000	144.341000	0.363041	21.285936	21.649000
26.250000	144.341000	0.370130	20.599209	20.969300
33.750000	144.341000	0.336914	20.625900	20.962900
41.250000	144.341000	0.340210	20.654966	20.995200
48.750000	144.341000	0.322981	21.080439	21.403400
56.250000	144.341000	0.332648	20.527845	20.860500
63.750000	144.341000	0.399245	20.841916	21.241200
71.250000	144.341000	0.366243	20.686973	21.053200
78.750000	144.341000	0.333562	20.807195	21.140800
86.250000	144.341000	0.347485	20.720789	21.068200
93.750000	144.341000	0.380855	20.703485	21.084300
101.250000	144.341000	0.317735	20.866119	21.183800
108.750000	144.341000	0.322782	20.849155	21.172000
116.250000	144.341000	0.391036	20.536214	20.927300
123.750000	144.341000	0.385285	20.497761	20.883000
131.250000	144.341000	0.348661	21.121041	21.469700
138.750000	144.341000	0.391337	20.731307	21.122600
146.250000	144.341000	0.355273	20.703485	21.058800
153.750000	144.341000	0.395582	20.470844	20.866500
161.250000	144.341000	0.320424	20.907965	21.228300
168.750000	144.341000	0.350032	21.082814	21.432900
176.250000	144.341000	0.301092	20.846553	21.147600
183.750000	144.341000	0.373140	20.619680	20.992800
191.250000	144.341000	0.331973	20.456594	20.788600
198.750000	144.341000	0.334744	20.435218	20.770000
206.250000	144.341000	0.392593	21.015521	21.408100
213.750000	144.341000	0.354657	20.826987	21.181700
221.250000	144.341000	0.323161	20.694890	21.018000
228.750000	144.341000	0.373374	20.745670	21.119100
236.250000	144.341000	0.351673	20.625561	20.977200
243.750000	144.341000	0.319723	20.732099	21.051900
251.250000	144.341000	0.357305	20.873131	21.230500
258.750000	144.341000	0.350603	20.401855	20.752500
266.250000	144.341000	0.339466	20.682336	21.021900
273.750000	144.341000	0.359363	20.503755	20.863100
281.250000	144.341000	0.362809	20.812963	21.175800
288.750000	144.341000	0.334010	20.857524	21.191600
296.250000	144.341000	0.330669	20.806969	21.137600
303.750000	144.341000	0.378800	20.371318	20.750100
311.250000	144.341000	0.341898	20.661639	21.003500
318.750000	144.341000	0.381965	20.944269	21.326200
326.250000	144.341000	0.351790	20.589822	20.941600
333.750000	144.341000	0.341357	20.644448	20.985800
341.250000	144.341000	0.373266	20.844518	21.217800
348.750000	144.341000	0.341883	20.709705	21.051500
356.250000	144.341000	0.343433	20.733908	21.077400
4.090910	147.400000	0.217619	21.035539	21.253100
12.272700	147.400000	0.178503	20.866458	21.045000
20.454500	147.400000	0.196735	21.143660	21.340400
28.636400	147.400000	0.194248	20.690140	20.884400
36.818200	147.400000	0.186508	20.661978	20.848500
45.000000	147.400000	0.216921	20.507035	20.723900
53.181800	147.400000	0.206394	20.857411	21.063800
61.363600	147.400000	0.180266	20.763540	20.943800
69.545500	147.400000	0.230840	21.233120	21.463900
77.727300	147.400000	0.208585	20.619793	20.828400
85.909100	147.400000	0.191967	21.157797	21.349700
94.090900	147.400000	0.185357	21.050920	21.236300
102.273000	147.400000	0.221834	21.091635	21.313500
110.455000	147.400000	0.205747	20.863970	21.069700
118.636000	147.400000	0.196706	20.667407	20.864100
126.818000	147.400000	0.220246	20.640829	20.861000
135.000000	147.400000	0.209619	20.893262	21.102900
143.182000	147.400000	0.214724	20.946984	21.161700
151.364000	147.400000	0.199034	20.576703	20.775800
159.545000	147.400000	0.192956	20.633252	20.826200
167.727000	147.400000	0.231902	20.765236	20.997200
175.909000	147.400000	0.205999	20.804255	21.010200
184.091000	147.400000	0.205924	20.839202	21.045200
192.273000	147.400000	0.228444	20.643770	20.872200
200.455000	147.400000	0.236500	20.606787	20.843300
208.636000	147.400000	0.225198	20.781409	21.006600
216.818000	147.400000	0.250287	20.955127	21.205400
225.000000	147.400000	0.231217	20.807308	21.038600
233.182000	147.400000	0.242950	20.895411	21.138400
241.364000	147.400000	0.197724	20.896995	21.094700
249.545000	147.400000	0.236723	20.884215	21.120900
257.727000	147.400000	0.206000	21.198399	21.404400
265.909000	147.400000	0.216732	20.849268	21.066000
274.091000	147.400000	0.225575	20.710271	20.935800
282.273000	147.400000	0.206155	20.934204	21.140400
290.455000	147.400000	0.197984	20.814660	21.012600
298.636000	147.400000	0.220190	20.630311	20.850500
306.818000	147.400000	0.214656	20.610180	20.824800
315.000000	147.400000	0.251706	20.781296	21.033000
323.182000	147.400000	0.226087	20.978538	21.204700
331.364000	147.400000	0.202678	20.972431	21.175100
339.545000	147.400000	0.197216	20.973109	21.170400
347.727000	147.400000	0.219875	20.476725	20.696600
355.909000	147.400000	0.246243	20.698283	20.944600
4.500000	150.434000	0.165379	20.844857	21.010300
13.500000	150.434000	0.155330	21.098195	21.253500
22.500000	150.434000	0.161325	20.842256	21.003600
31.500000	150.434000	0.174853	20.696473	20.871400
40.500000	150.434000	0.159620	20.821219	20.980900
49.500000	150.434000	0.196600	20.883536	21.080100
58.500000	150.434000	0.170931	20.855940	21.026800
67.500000	150.434000	0.138611	20.891905	21.030500
76.500000	150.434000	0.201052	21.058271	21.259300
85.500000	150.434000	0.157809	21.095367	21.253200
94.500000	150.434000	0.170905	20.882744	21.053600
103.500000	150.434000	0.176886	21.316473	21.493400
112.500000	150.434000	0.185726	21.018574	21.204400
121.500000	150.434000	0.149724	20.967681	21.117400
130.500000	150.434000	0.188555	20.923233	21.111800
139.500000	150.434000	0.167205	20.635514	20.802800
148.500000	150.434000	0.200196	20.864875	21.065100
157.500000	150.434000	0.178223	20.752569	20.930800
166.500000	150.434000	0.161593	20.982609	21.144300
175.500000	150.434000	0.164142	21.037575	21.201700
184.500000	150.434000	0.168094	20.789552	20.957700
193.500000	150.434000	0.182633	21.227804	21.410400
202.500000	150.434000	0.182671	20.904911	21.087600
211.500000	150.434000	0.168064	20.770326	20.938400
220.500000	150.434000	0.166374	21.022420	21.188800
229.500000	150.434000	0.156310	20.930019	21.086400
238.500000	150.434000	0.170608	20.960216	21.130800
247.500000	150.434000	0.168281	20.933299	21.101600
256.500000	150.434000	0.169135	20.845422	21.014600
265.500000	150.434000	0.188582	21.101475	21.290100
274.500000	150.434000	0.172160	20.990074	21.162300
283.500000	150.434000	0.169524	20.908304	21.077900
292.500000	150.434000	0.154811	20.634609	20.789400
301.500000	150.434000	0.165855	20.670121	20.836000
310.500000	150.434000	0.183964	20.746575	20.930500
319.500000	150.434000	0.181545	20.855036	21.036600
328.500000	150.434000	0.208484	20.809910	21.018400
337.500000	150.434000	0.172339	20.713325	20.885700
346.500000	150.434000	0.179321	21.123642	21.303000
355.500000	150.434000	0.151469	21.038479	21.190000
5.000000	153.448000	0.212052	21.092088	21.304100
15.000000	153.448000	0.181249	20.825291	21.006500
25.000000	153.448000	0.228463	21.059516	21.288000
35.000000	153.448000	0.209741	21.408986	21.618700
45.000000	153.448000	0.175010	21.268067	21.443100
55.000000	153.448000	0.206784	21.220905	21.427700
65.000000	153.448000	0.218374	21.095933	21.314300
75.000000	153.448000	0.182500	21.152821	21.335300
85.000000	153.448000	0.198451	20.910340	21.108800
95.000000	153.448000	0.191087	20.857298	21.048400
105.000000	153.448000	0.206987	20.632686	20.839700
115.000000	153.448000	0.211184	20.999461	21.210700
125.000000	153.448000	0.218582	21.386593	21.605200
135.000000	153.448000	0.158560	20.851530	21.010100
145.000000	153.448000	0.208188	21.030563	21.238800
155.000000	153.448000	0.192670	21.297359	21.490000
165.000000	153.448000	0.194784	20.980574	21.175300
175.000000	153.448000	0.182711	20.869625	21.052300
185.000000	153.448000	0.219550	21.214685	21.434200
195.000000	153.448000	0.217543	21.414754	21.632300
205.000000	153.448000	0.202463	21.238209	21.440700
215.000000	153.448000	0.194368	21.360468	21.554900
225.000000	153.448000	0.221145	21.193197	21.414400
235.000000	153.448000	0.149346	21.053634	21.202900
245.000000	153.448000	0.196181	20.900727	21.096900
255.000000	153.448000	0.199696	20.917126	21.116800
265.000000	153.448000	0.198179	21.022307	21.220500
275.000000	153.448000	0.206431	20.843613	21.050000
285.000000	153.448000	0.185022	20.809457	20.994500
295.000000	153.448000	0.194241	21.133481	21.327700
305.000000	153.448000	0.228053	21.309008	21.537100
315.000000	153.448000	0.226626	21.141737	21.368400
325.000000	153.448000	0.206015	20.973901	21.179900
335.000000	153.448000	0.231844	20.956371	21.188200
345.000000	153.448000	0.186476	21.039950	21.226500
355.000000	153.448000	0.201558	21.105207	21.306700
5.625000	156.444000	0.123706	21.125338	21.249000
16.875000	156.444000	0.138820	20.818731	20.957600
28.125000	156.444000	0.149276	21.185958	21.335300
39.375000	156.444000	0.150260	21.169785	21.320100
50.625000	156.444000	0.174537	21.265127	21.439700
61.875000	156.444000	0.154025	20.671366	20.825400
73.125000	156.444000	0.185864	20.968359	21.154200
84.375000	156.444000	0.175543	21.328461	21.504000
95.625000	156.444000	0.141130	21.261281	21.402500
106.875000	156.444000	0.142538	20.917578	21.060100
118.125000	156.444000	0.133299	21.221019	21.354300
129.375000	156.444000	0.135876	21.056914	21.192800
140.625000	156.444000	0.152439	21.122398	21.274800
151.875000	156.444000	0.165487	21.154517	21.320000
163.125000	156.444000	0.177251	20.975597	21.152900
174.375000	156.444000	0.170775	21.098421	21.269200
185.625000	156.444000	0.151461	20.887608	21.039000
196.875000	156.444000	0.156623	20.989848	21.146500
208.125000	156.444000	0.149865	21.167071	21.316900
219.375000	156.444000	0.156995	21.039610	21.196600
230.625000	156.444000	0.131599	21.179851	21.311400
241.875000	156.444000	0.170043	20.989961	21.160000
253.125000	156.444000	0.155220	21.259924	21.415100
264.375000	156.444000	0.139788	21.431266	21.571100
275.625000	156.444000	0.167677	20.826083	20.993800
286.875000	156.444000	0.156248	21.219661	21.376000
298.125000	156.444000	0.139708	20.848928	20.988700
309.375000	156.444000	0.159391	21.566531	21.726000
320.625000	156.444000	0.179531	20.893036	21.072600
331.875000	156.444000	0.154312	21.084284	21.238600
343.125000	156.444000	0.121341	21.207560	21.328900
354.375000	156.444000	0.142670	21.123755	21.266500
6.428570	159.423000	0.188056	20.800749	20.988800
19.285700	159.423000	0.131990	21.496297	21.628300
32.142900	159.423000	0.164947	20.882631	21.047600
45.000000	159.423000	0.155098	20.905364	21.060500
57.857100	159.423000	0.181158	21.223507	21.404700
70.714300	159.423000	0.118567	21.448118	21.566700
83.571400	159.423000	0.154264	21.179059	21.333300
96.428600	159.423000	0.173241	21.104076	21.277300
109.286000	159.423000	0.197322	21.213893	21.411200
122.143000	159.423000	0.177487	21.165940	21.343400
135.000000	159.423000	0.201006	21.184375	21.385400
147.857000	159.423000	0.143377	20.876072	21.019400
160.714000	159.423000	0.152938	21.038140	21.191100
173.571000	159.423000	0.157006	21.252120	21.409200
186.429000	159.423000	0.174894	21.187994	21.362900
199.286000	159.423000	0.148850	21.181095	21.329900
212.143000	159.423000	0.172110	21.185732	21.357800
225.000000	159.423000	0.180516	21.202018	21.382600
237.857000	159.423000	0.175975	21.440880	21.616800
250.714000	159.423000	0.165580	20.933638	21.099200
263.571000	159.423000	0.170932	21.104528	21.275500
276.429000	159.423000	0.172925	21.142416	21.315400
289.286000	159.423000	0.152482	21.205072	21.357600
302.143000	159.423000	0.180101	21.599895	21.780000
315.000000	159.423000	0.161506	20.983288	21.144800
327.857000	159.423000	0.173524	21.139928	21.313500
340.714000	159.423000	0.147176	21.182226	21.329400
353.571000	159.423000	0.182478	21.278811	21.461300
7.500000	162.388000	0.153773	21.197494	21.351200
22.500000	162.388000	0.151526	21.297359	21.448800
37.500000	162.388000	0.152995	21.538709	21.691700
52.500000	162.388000	0.162298	21.190256	21.352600
67.500000	162.388000	0.149486	21.495053	21.644600
82.500000	162.388000	0.143787	21.515411	21.659200
97.500000	162.388000	0.187343	21.244430	21.431800
112.500000	162.388000	0.138779	21.559971	21.698700
127.500000	162.388000	0.177218	21.460446	21.637700
142.500000	162.388000	0.202374	21.398355	21.600700
157.500000	162.388000	0.169800	21.356962	21.526800
172.500000	162.388000	0.148406	21.360807	21.509200
187.500000	162.388000	0.145568	21.537917	21.683500
202.500000	162.388000	0.127223	21.166619	21.293800
217.500000	162.388000	0.162184	21.482613	21.644800
232.500000	162.388000	0.180551	21.282770	21.463300
247.500000	162.388000	0.177199	21.435338	21.612600
262.500000	162.388000	0.153083	21.130314	21.283400
277.500000	162.388000	0.165292	21.243864	21.409200
292.500000	162.388000	0.145855	21.193988	21.339800
307.500000	162.388000	0.162061	21.088695	21.250800
322.500000	162.388000	0.167516	21.079534	21.247000
337.500000	162.388000	0.194216	21.229953	21.424100
352.500000	162.388000	0.159698	21.375283	21.535000
9.000000	165.341000	0.149335	21.308556	21.457900
27.000000	165.341000	0.115423	21.180190	21.295700
45.000000	165.341000	0.129527	20.847797	20.977400
63.000000	165.341000	0.143705	21.279037	21.422700
81.000000	165.341000	0.156924	21.314889	21.471900
99.000000	165.341000	0.151186	21.137779	21.288900
117.000000	165.341000	0.127175	21.329705	21.456900
135.000000	165.341000	0.160266	21.199191	21.359500
153.000000	165.341000	0.152127	20.875619	21.027800
171.000000	165.341000	0.170008	21.478089	21.648100
189.000000	165.341000	0.125727	21.399939	21.525700
207.000000	165.341000	0.144829	21.171821	21.316700
225.000000	165.341000	0.133186	21.277454	21.410700
243.000000	165.341000	0.149307	21.192066	21.341300
261.000000	165.341000	0.147074	21.295776	21.442900
279.000000	165.341000	0.139951	21.489738	21.629700
297.000000	165.341000	0.159502	21.337056	21.496500
315.000000	165.341000	0.138329	21.523667	21.662000
333.000000	165.341000	0.129900	21.286841	21.416700
351.000000	165.341000	0.153204	21.181321	21.334500
11.250000	168.284000	0.134528	21.160285	21.294900
33.750000	168.284000	0.181138	21.035087	21.216300
56.250000	168.284000	0.174199	21.312175	21.486400
78.750000	168.284000	0.164359	20.808100	20.972400
101.250000	168.284000	0.164978	21.090730	21.255700
123.750000	168.284000	0.169853	21.432171	21.602100
146.250000	168.284000	0.167895	21.203828	21.371700
168.750000	168.284000	0.158044	21.376754	21.534800
191.250000	168.284000	0.183212	21.267502	21.450700
213.750000	168.284000	0.146429	21.048206	21.194600
236.250000	168.284000	0.152503	21.082022	21.234600
258.750000	168.284000	0.170310	21.391004	21.561300
281.250000	168.284000	0.152379	20.984306	21.136600
303.750000	168.284000	0.164914	21.489964	21.654900
326.250000	168.284000	0.178339	21.368611	21.546900
348.750000	168.284000	0.172754	21.283335	21.456100
15.000000	171.220000	0.143653	21.051486	21.195100
45.000000	171.220000	0.147185	21.152708	21.299900
75.000000	171.220000	0.135842	21.376867	21.512700
105.000000	171.220000	0.124822	20.932281	21.057100
135.000000	171.220000	0.132228	21.301318	21.433500
165.000000	171.220000	0.165114	21.276436	21.441600
195.000000	171.220000	0.147986	21.151011	21.298900
225.000000	171.220000	0.138258	21.121606	21.259900
255.000000	171.220000	0.150129	21.396998	21.547200
285.000000	171.220000	0.147915	21.147958	21.295900
315.000000	171.220000	0.147920	20.638680	20.786600
345.000000	171.220000	0.142688	21.292609	21.435300
22.500000	174.150000	0.150814	21.289895	21.440700
67.500000	174.150000	0.156209	21.152934	21.309100
112.500000	174.150000	0.166907	21.030223	21.197200
157.500000	174.150000	0.130779	21.219774	21.350500
202.500000	174.150000	0.172668	20.880030	21.052700
247.500000	174.150000	0.153547	21.358997	21.512500
292.500000	174.150000	0.160613	21.309461	21.470100
337.500000	174.150000	0.178731	21.346443	21.525100
45.000000	177.076000	0.227335	21.333890	21.561200
135.000000	177.076000	0.203705	21.074671	21.278300
225.000000	177.076000	0.253050	21.313871	21.567000
315.000000	177.076000	0.250089	21.013824	21.264000
