# phi	theta	PMT0 	total
45.000000	2.924180	86.085620	86.085600
135.000000	2.924180	85.521604	85.521500
225.000000	2.924180	86.477050	86.477100
315.000000	2.924180	85.007350	85.007300
22.500000	5.850270	86.830932	86.830900
67.500000	5.850270	85.780710	85.780800
112.500000	5.850270	86.691483	86.691500
157.500000	5.850270	85.440174	85.440200
202.500000	5.850270	86.019232	86.019200
247.500000	5.850270	86.623624	86.623600
292.500000	5.850270	86.166033	86.166000
337.500000	5.850270	85.392447	85.392500
15.000000	8.780180	84.963695	84.963600
45.000000	8.780180	86.464383	86.464400
75.000000	8.780180	86.734347	86.734300
105.000000	8.780180	85.757638	85.757600
135.000000	8.780180	86.286481	86.286500
165.000000	8.780180	86.160265	86.160300
195.000000	8.780180	86.407722	86.407700
225.000000	8.780180	85.788740	85.788800
255.000000	8.780180	86.007583	86.007500
285.000000	8.780180	86.724281	86.724300
315.000000	8.780180	86.286820	86.286800
345.000000	8.780180	86.027714	86.027700
11.250000	11.715900	85.162067	85.162100
33.750000	11.715900	86.125317	86.125300
56.250000	11.715900	85.752322	85.752300
78.750000	11.715900	86.052483	86.052400
101.250000	11.715900	85.646124	85.646100
123.750000	11.715900	86.250403	86.250400
146.250000	11.715900	86.196116	86.196100
168.750000	11.715900	85.940064	85.940100
191.250000	11.715900	85.817240	85.817300
213.750000	11.715900	85.446847	85.446800
236.250000	11.715900	85.374690	85.374700
258.750000	11.715900	85.660714	85.660700
281.250000	11.715900	85.628142	85.628100
303.750000	11.715900	86.260695	86.260700
326.250000	11.715900	85.592742	85.592700
348.750000	11.715900	85.537664	85.537700
9.000000	14.659300	84.265432	84.265400
27.000000	14.659300	84.421958	84.422000
45.000000	14.659300	84.938022	84.938100
63.000000	14.659300	85.326285	85.326300
81.000000	14.659300	84.360999	84.361000
99.000000	14.659300	84.085381	84.085400
117.000000	14.659300	84.054279	84.054300
135.000000	14.659300	85.282629	85.282600
153.000000	14.659300	85.225289	85.225300
171.000000	14.659300	84.188752	84.188800
189.000000	14.659300	85.005428	85.005400
207.000000	14.659300	84.790882	84.790900
225.000000	14.659300	84.855121	84.855100
243.000000	14.659300	84.307278	84.307300
261.000000	14.659300	84.903866	84.903900
279.000000	14.659300	85.520134	85.520100
297.000000	14.659300	84.641820	84.641800
315.000000	14.659300	84.600087	84.600100
333.000000	14.659300	86.120680	86.120600
351.000000	14.659300	84.862246	84.862300
7.500000	17.612400	82.932127	82.932200
22.500000	17.612400	82.476232	82.476200
37.500000	17.612400	83.350927	83.350900
52.500000	17.612400	83.587526	83.587500
67.500000	17.612400	84.544669	84.544700
82.500000	17.612400	83.314622	83.314600
97.500000	17.612400	83.279675	83.279700
112.500000	17.612400	83.012653	83.012600
127.500000	17.612400	83.917544	83.917500
142.500000	17.612400	82.793244	82.793200
157.500000	17.612400	84.095786	84.095800
172.500000	17.612400	83.574746	83.574800
187.500000	17.612400	83.180037	83.180000
202.500000	17.612400	83.651992	83.651900
217.500000	17.612400	84.410083	84.410100
232.500000	17.612400	84.681517	84.681500
247.500000	17.612400	84.419131	84.419200
262.500000	17.612400	83.084583	83.084500
277.500000	17.612400	84.117048	84.117000
292.500000	17.612400	83.713630	83.713600
307.500000	17.612400	84.002254	84.002300
322.500000	17.612400	83.847876	83.847800
337.500000	17.612400	83.747220	83.747300
352.500000	17.612400	83.274812	83.274800
6.428570	20.577500	83.118964	83.119000
19.285700	20.577500	83.202656	83.202700
32.142900	20.577500	83.543758	83.543800
45.000000	20.577500	82.847304	82.847300
57.857100	20.577500	82.641806	82.641800
70.714300	20.577500	81.810202	81.810200
83.571400	20.577500	82.641806	82.641800
96.428600	20.577500	82.086838	82.086900
109.286000	20.577500	81.443540	81.443500
122.143000	20.577500	82.406790	82.406800
135.000000	20.577500	81.796178	81.796200
147.857000	20.577500	82.244722	82.244700
160.714000	20.577500	82.437326	82.437400
173.571000	20.577500	82.364831	82.364800
186.429000	20.577500	82.008914	82.009000
199.286000	20.577500	82.678789	82.678800
212.143000	20.577500	82.382361	82.382400
225.000000	20.577500	82.410862	82.410800
237.857000	20.577500	81.792559	81.792500
250.714000	20.577500	83.039683	83.039600
263.571000	20.577500	82.925907	82.925900
276.429000	20.577500	83.508584	83.508600
289.286000	20.577500	83.451244	83.451300
302.143000	20.577500	82.638300	82.638300
315.000000	20.577500	83.017968	83.018000
327.857000	20.577500	82.303532	82.303500
340.714000	20.577500	82.621901	82.621900
353.571000	20.577500	81.741665	81.741700
5.625000	23.556500	81.121326	81.121300
16.875000	23.556500	81.077218	81.077200
28.125000	23.556500	81.320603	81.320600
39.375000	23.556500	82.009819	82.009900
50.625000	23.556500	80.338014	80.338100
61.875000	23.556500	81.587739	81.587700
73.125000	23.556500	82.088082	82.088100
84.375000	23.556500	80.754099	80.754100
95.625000	23.556500	81.547816	81.547800
106.875000	23.556500	80.902143	80.902100
118.125000	23.556500	82.279329	82.279400
129.375000	23.556500	81.792785	81.792800
140.625000	23.556500	80.555274	80.555300
151.875000	23.556500	82.091927	82.092000
163.125000	23.556500	81.518750	81.518800
174.375000	23.556500	81.573263	81.573300
185.625000	23.556500	81.733748	81.733800
196.875000	23.556500	81.671997	81.672000
208.125000	23.556500	81.353175	81.353100
219.375000	23.556500	81.771183	81.771200
230.625000	23.556500	81.430308	81.430300
241.875000	23.556500	81.641800	81.641800
253.125000	23.556500	81.220852	81.220800
264.375000	23.556500	81.273442	81.273400
275.625000	23.556500	81.664306	81.664300
286.875000	23.556500	81.215084	81.215100
298.125000	23.556500	81.240870	81.240900
309.375000	23.556500	80.701509	80.701500
320.625000	23.556500	80.222768	80.222800
331.875000	23.556500	80.985157	80.985100
343.125000	23.556500	81.059914	81.060000
354.375000	23.556500	81.079593	81.079600
5.000000	26.551700	79.162706	79.162700
15.000000	26.551700	79.688043	79.688000
25.000000	26.551700	79.036037	79.036100
35.000000	26.551700	79.674924	79.675000
45.000000	26.551700	79.522582	79.522600
55.000000	26.551700	80.031520	80.031500
65.000000	26.551700	79.093491	79.093500
75.000000	26.551700	79.846266	79.846200
85.000000	26.551700	79.713603	79.713600
95.000000	26.551700	79.598131	79.598100
105.000000	26.551700	79.090211	79.090300
115.000000	26.551700	79.864023	79.864000
125.000000	26.551700	79.731925	79.731900
135.000000	26.551700	79.790396	79.790400
145.000000	26.551700	79.583768	79.583800
155.000000	26.551700	80.420235	80.420200
165.000000	26.551700	79.581393	79.581400
175.000000	26.551700	80.435617	80.435700
185.000000	26.551700	79.357686	79.357700
195.000000	26.551700	79.195165	79.195200
205.000000	26.551700	80.523041	80.523000
215.000000	26.551700	79.463319	79.463300
225.000000	26.551700	79.376121	79.376200
235.000000	26.551700	79.507314	79.507300
245.000000	26.551700	80.237470	80.237500
255.000000	26.551700	79.845022	79.845000
265.000000	26.551700	79.528576	79.528600
275.000000	26.551700	79.717336	79.717300
285.000000	26.551700	79.283947	79.284000
295.000000	26.551700	80.027448	80.027400
305.000000	26.551700	80.413563	80.413600
315.000000	26.551700	78.603666	78.603700
325.000000	26.551700	79.566803	79.566800
335.000000	26.551700	79.677978	79.677900
345.000000	26.551700	80.675949	80.675900
355.000000	26.551700	80.324555	80.324500
4.500000	29.565600	78.341393	78.341300
13.500000	29.565600	78.271838	78.271900
22.500000	29.565600	77.794794	77.794800
31.500000	29.565600	77.646523	77.646500
40.500000	29.565600	77.355071	77.355100
49.500000	29.565600	77.562266	77.562300
58.500000	29.565600	77.157377	77.157400
67.500000	29.565600	78.518164	78.518200
76.500000	29.565600	77.609654	77.609700
85.500000	29.565600	77.528110	77.528100
94.500000	29.565600	78.125943	78.126000
103.500000	29.565600	77.846819	77.846900
112.500000	29.565600	77.593028	77.593000
121.500000	29.565600	77.768329	77.768300
130.500000	29.565600	79.017715	79.017800
139.500000	29.565600	78.173331	78.173400
148.500000	29.565600	78.565100	78.565100
157.500000	29.565600	78.413210	78.413200
166.500000	29.565600	77.685203	77.685200
175.500000	29.565600	77.095513	77.095500
184.500000	29.565600	77.131930	77.131900
193.500000	29.565600	77.158395	77.158400
202.500000	29.565600	77.401894	77.401900
211.500000	29.565600	77.803729	77.803800
220.500000	29.565600	77.514539	77.514600
229.500000	29.565600	77.414561	77.414500
238.500000	29.565600	78.009905	78.009900
247.500000	29.565600	78.182265	78.182300
256.500000	29.565600	78.126622	78.126600
265.500000	29.565600	77.594612	77.594600
274.500000	29.565600	78.071769	78.071800
283.500000	29.565600	77.380518	77.380600
292.500000	29.565600	78.559445	78.559400
301.500000	29.565600	78.207486	78.207500
310.500000	29.565600	77.221730	77.221700
319.500000	29.565600	78.200587	78.200600
328.500000	29.565600	78.200700	78.200700
337.500000	29.565600	78.170390	78.170400
346.500000	29.565600	78.216195	78.216100
355.500000	29.565600	78.647774	78.647700
4.090910	32.600500	74.698415	74.698400
12.272700	32.600500	74.710630	74.710600
20.454500	32.600500	75.301676	75.301700
28.636400	32.600500	75.420881	75.420800
36.818200	32.600500	75.931968	75.932000
45.000000	32.600500	74.714701	74.714700
53.181800	32.600500	75.493376	75.493300
61.363600	32.600500	74.488280	74.488300
69.545500	32.600500	76.224437	76.224500
77.727300	32.600500	75.379035	75.379000
85.909100	32.600500	74.704070	74.704100
94.090900	32.600500	75.129655	75.129700
102.273000	32.600500	75.390910	75.390900
110.455000	32.600500	75.460239	75.460200
118.636000	32.600500	75.140965	75.140900
126.818000	32.600500	75.996094	75.996000
135.000000	32.600500	75.937170	75.937100
143.182000	32.600500	75.044493	75.044500
151.364000	32.600500	75.137572	75.137600
159.545000	32.600500	75.380844	75.380900
167.727000	32.600500	76.038505	76.038500
175.909000	32.600500	75.602515	75.602500
184.091000	32.600500	75.648093	75.648100
192.273000	32.600500	75.710636	75.710700
200.455000	32.600500	75.196722	75.196800
208.636000	32.600500	75.871461	75.871400
216.818000	32.600500	74.807102	74.807100
225.000000	32.600500	76.052303	76.052300
233.182000	32.600500	75.678403	75.678400
241.364000	32.600500	75.616087	75.616100
249.545000	32.600500	75.698648	75.698700
257.727000	32.600500	75.407422	75.407500
265.909000	32.600500	76.576057	76.576000
274.091000	32.600500	75.889782	75.889800
282.273000	32.600500	75.112012	75.112000
290.455000	32.600500	75.026397	75.026400
298.636000	32.600500	76.424733	76.424700
306.818000	32.600500	75.140965	75.141000
315.000000	32.600500	75.663362	75.663300
323.182000	32.600500	75.394303	75.394300
331.364000	32.600500	75.626605	75.626700
339.545000	32.600500	75.411720	75.411700
347.727000	32.600500	75.825882	75.825800
355.909000	32.600500	75.243544	75.243500
3.750000	35.659100	73.313538	73.313500
11.250000	35.659100	73.561334	73.561300
18.750000	35.659100	73.112790	73.112800
26.250000	35.659100	72.430248	72.430200
33.750000	35.659100	73.514512	73.514500
41.250000	35.659100	73.200102	73.200100
48.750000	35.659100	73.105326	73.105400
56.250000	35.659100	73.219441	73.219400
63.750000	35.659100	72.908197	72.908200
71.250000	35.659100	72.710390	72.710400
78.750000	35.659100	72.781641	72.781600
86.250000	35.659100	72.955246	72.955200
93.750000	35.659100	74.108499	74.108500
101.250000	35.659100	72.579197	72.579100
108.750000	35.659100	72.639026	72.639000
116.250000	35.659100	72.173630	72.173700
123.750000	35.659100	73.509988	73.510000
131.250000	35.659100	72.716610	72.716600
138.750000	35.659100	73.214013	73.214000
146.250000	35.659100	72.668770	72.668800
153.750000	35.659100	73.192863	73.192900
161.250000	35.659100	73.248168	73.248200
168.750000	35.659100	73.634395	73.634400
176.250000	35.659100	73.684271	73.684300
183.750000	35.659100	73.223852	73.223900
191.250000	35.659100	73.205191	73.205200
198.750000	35.659100	72.078968	72.079000
206.250000	35.659100	73.206209	73.206200
213.750000	35.659100	73.670134	73.670100
221.250000	35.659100	72.930025	72.930000
228.750000	35.659100	73.256990	73.257000
236.250000	35.659100	73.827792	73.827800
243.750000	35.659100	73.425957	73.425900
251.250000	35.659100	73.301097	73.301100
258.750000	35.659100	73.322812	73.322800
266.250000	35.659100	73.343057	73.343000
273.750000	35.659100	72.685848	72.685900
281.250000	35.659100	73.106570	73.106600
288.750000	35.659100	72.986461	72.986500
296.250000	35.659100	73.618449	73.618500
303.750000	35.659100	73.561108	73.561200
311.250000	35.659100	73.468934	73.469000
318.750000	35.659100	72.919055	72.919100
326.250000	35.659100	73.954461	73.954400
333.750000	35.659100	73.888412	73.888400
341.250000	35.659100	72.922561	72.922500
348.750000	35.659100	73.295330	73.295300
356.250000	35.659100	73.866358	73.866400
3.461540	38.744200	69.679495	69.679500
10.384600	38.744200	70.461676	70.461600
17.307700	38.744200	70.133241	70.133200
24.230800	38.744200	70.218177	70.218200
31.153800	38.744200	71.534404	71.534400
38.076900	38.744200	70.079972	70.079900
45.000000	38.744200	70.427860	70.427900
51.923100	38.744200	71.471748	71.471700
58.846200	38.744200	70.754485	70.754500
65.769200	38.744200	70.107003	70.107000
72.692300	38.744200	71.465188	71.465100
79.615400	38.744200	71.076247	71.076200
86.538500	38.744200	70.809676	70.809700
93.461500	38.744200	71.058377	71.058400
100.385000	38.744200	71.097961	71.098000
107.308000	38.744200	70.650209	70.650200
114.231000	38.744200	71.492897	71.492900
121.154000	38.744200	69.571147	69.571200
128.077000	38.744200	70.607571	70.607500
135.000000	38.744200	70.787170	70.787200
141.923000	38.744200	70.837272	70.837300
148.846000	38.744200	70.665816	70.665800
155.769000	38.744200	70.895856	70.895800
162.692000	38.744200	69.913606	69.913600
169.615000	38.744200	71.050687	71.050700
176.538000	38.744200	71.039829	71.039800
183.462000	38.744200	71.603620	71.603600
190.385000	38.744200	70.049323	70.049300
197.308000	38.744200	71.427640	71.427600
204.231000	38.744200	70.563237	70.563200
211.154000	38.744200	70.423336	70.423300
218.077000	38.744200	70.761723	70.761800
225.000000	38.744200	70.978191	70.978200
231.923000	38.744200	70.463485	70.463400
238.846000	38.744200	70.655298	70.655300
245.769000	38.744200	70.712186	70.712200
252.692000	38.744200	70.086758	70.086800
259.615000	38.744200	70.187075	70.187100
266.538000	38.744200	70.155521	70.155500
273.462000	38.744200	71.054306	71.054300
280.385000	38.744200	70.616732	70.616700
287.308000	38.744200	69.659363	69.659400
294.231000	38.744200	70.429330	70.429400
301.154000	38.744200	69.604624	69.604600
308.077000	38.744200	70.187867	70.187800
315.000000	38.744200	71.260708	71.260700
321.923000	38.744200	70.656882	70.656900
328.846000	38.744200	71.164915	71.164900
335.769000	38.744200	70.050680	70.050700
342.692000	38.744200	71.177130	71.177100
349.615000	38.744200	70.812843	70.812900
356.538000	38.744200	70.347108	70.347100
3.214290	41.858800	68.457930	68.457900
9.642860	41.858800	69.163771	69.163800
16.071400	41.858800	67.825942	67.826000
22.500000	41.858800	67.891539	67.891500
28.928600	41.858800	68.122257	68.122300
35.357100	41.858800	67.665797	67.665800
41.785700	41.858800	68.426376	68.426400
48.214300	41.858800	67.518205	67.518200
54.642900	41.858800	67.616373	67.616400
61.071400	41.858800	68.070120	68.070100
67.500000	41.858800	68.427507	68.427500
73.928600	41.858800	68.737507	68.737500
80.357100	41.858800	68.923552	68.923600
86.785700	41.858800	69.199623	69.199700
93.214300	41.858800	68.341214	68.341200
99.642900	41.858800	68.192604	68.192600
106.071000	41.858800	68.195997	68.196000
112.500000	41.858800	68.117960	68.117900
118.929000	41.858800	68.698262	68.698300
125.357000	41.858800	67.628474	67.628500
131.786000	41.858800	68.125537	68.125600
138.214000	41.858800	68.117168	68.117200
144.643000	41.858800	69.681870	69.681800
151.071000	41.858800	68.412578	68.412600
157.500000	41.858800	67.864622	67.864600
163.929000	41.858800	68.773019	68.773000
170.357000	41.858800	69.485420	69.485400
176.786000	41.858800	67.660255	67.660200
183.214000	41.858800	67.909521	67.909600
189.643000	41.858800	68.910772	68.910800
196.071000	41.858800	68.414727	68.414700
202.500000	41.858800	68.250736	68.250700
208.929000	41.858800	67.817799	67.817800
215.357000	41.858800	68.028613	68.028600
221.786000	41.858800	69.488813	69.488800
228.214000	41.858800	68.803216	68.803200
234.643000	41.858800	69.020024	69.020000
241.071000	41.858800	68.687179	68.687200
247.500000	41.858800	68.214092	68.214000
253.929000	41.858800	67.355457	67.355400
260.357000	41.858800	68.546712	68.546700
266.786000	41.858800	68.639678	68.639700
273.214000	41.858800	68.922308	68.922300
279.643000	41.858800	68.313392	68.313400
286.071000	41.858800	68.814300	68.814300
292.500000	41.858800	68.365982	68.366000
298.929000	41.858800	68.697131	68.697100
305.357000	41.858800	68.379893	68.379900
311.786000	41.858800	68.854110	68.854100
318.214000	41.858800	68.083917	68.083900
324.643000	41.858800	67.855461	67.855500
331.071000	41.858800	67.496603	67.496600
337.500000	41.858800	67.567176	67.567100
343.929000	41.858800	67.665231	67.665200
350.357000	41.858800	67.794049	67.794000
356.786000	41.858800	68.236486	68.236500
3.000000	45.006100	66.221317	66.221300
9.000000	45.006100	65.457910	65.457900
15.000000	45.006100	66.269384	66.269400
21.000000	45.006100	65.128458	65.128500
27.000000	45.006100	66.224710	66.224700
33.000000	45.006100	65.694510	65.694500
39.000000	45.006100	65.519435	65.519400
45.000000	45.006100	65.875240	65.875300
51.000000	45.006100	66.080737	66.080800
57.000000	45.006100	65.728326	65.728300
63.000000	45.006100	65.298330	65.298400
69.000000	45.006100	65.872751	65.872800
75.000000	45.006100	66.066148	66.066100
81.000000	45.006100	65.657301	65.657300
87.000000	45.006100	65.301723	65.301800
93.000000	45.006100	65.181840	65.181800
99.000000	45.006100	66.146334	66.146300
105.000000	45.006100	66.573050	66.573100
111.000000	45.006100	65.499191	65.499200
117.000000	45.006100	66.141018	66.141000
123.000000	45.006100	65.399891	65.399900
129.000000	45.006100	65.375236	65.375200
135.000000	45.006100	66.363141	66.363100
141.000000	45.006100	65.330450	65.330500
147.000000	45.006100	65.492857	65.492800
153.000000	45.006100	66.165221	66.165200
159.000000	45.006100	64.855780	64.855800
165.000000	45.006100	65.319932	65.319900
171.000000	45.006100	65.787024	65.787000
177.000000	45.006100	65.853751	65.853800
183.000000	45.006100	65.548049	65.548100
189.000000	45.006100	64.835649	64.835600
195.000000	45.006100	66.362350	66.362400
201.000000	45.006100	65.867097	65.867100
207.000000	45.006100	65.326944	65.327000
213.000000	45.006100	65.863817	65.863900
219.000000	45.006100	66.007563	66.007600
225.000000	45.006100	66.465608	66.465600
231.000000	45.006100	65.282723	65.282700
237.000000	45.006100	65.471934	65.471900
243.000000	45.006100	65.897746	65.897700
249.000000	45.006100	65.498739	65.498700
255.000000	45.006100	64.631282	64.631300
261.000000	45.006100	65.793131	65.793200
267.000000	45.006100	65.733302	65.733300
273.000000	45.006100	65.671551	65.671500
279.000000	45.006100	65.123595	65.123600
285.000000	45.006100	66.581419	66.581400
291.000000	45.006100	65.458928	65.458900
297.000000	45.006100	66.127560	66.127500
303.000000	45.006100	65.689308	65.689300
309.000000	45.006100	65.582204	65.582200
315.000000	45.006100	65.206043	65.206100
321.000000	45.006100	65.838935	65.838900
327.000000	45.006100	65.456214	65.456200
333.000000	45.006100	65.685915	65.685900
339.000000	45.006100	64.972723	64.972700
345.000000	45.006100	65.575192	65.575200
351.000000	45.006100	65.139089	65.139100
357.000000	45.006100	65.854543	65.854600
2.812500	48.189700	62.316632	62.316700
8.437500	48.189700	62.780444	62.780500
14.062500	48.189700	63.356675	63.356600
19.687500	48.189700	63.131498	63.131500
25.312500	48.189700	62.662936	62.663000
30.937500	48.189700	63.737021	63.737000
36.562500	48.189700	62.763140	62.763100
42.187500	48.189700	62.462301	62.462400
47.812500	48.189700	63.431998	63.432100
53.437500	48.189700	62.748777	62.748800
59.062500	48.189700	62.694151	62.694100
64.687500	48.189700	62.836993	62.837000
70.312500	48.189700	62.638394	62.638400
75.937500	48.189700	62.796278	62.796200
81.562500	48.189700	61.783830	61.783800
87.187500	48.189700	62.384943	62.384900
92.812500	48.189700	62.747759	62.747800
98.437500	48.189700	63.394336	63.394400
104.062000	48.189700	63.407229	63.407200
109.688000	48.189700	62.294691	62.294700
115.312000	48.189700	63.383027	63.383000
120.938000	48.189700	63.345591	63.345600
126.562000	48.189700	63.094855	63.094800
132.188000	48.189700	62.746854	62.746900
137.812000	48.189700	63.625507	63.625500
143.437000	48.189700	63.426343	63.426300
149.062000	48.189700	63.190874	63.190900
154.688000	48.189700	62.977233	62.977300
160.312000	48.189700	62.326132	62.326200
165.938000	48.189700	62.295370	62.295400
171.562000	48.189700	63.483344	63.483300
177.188000	48.189700	63.017722	63.017800
182.812000	48.189700	62.882232	62.882200
188.438000	48.189700	62.297179	62.297200
194.062000	48.189700	63.066807	63.066800
199.687000	48.189700	62.062050	62.062000
205.312000	48.189700	62.567934	62.568000
210.938000	48.189700	63.176285	63.176300
216.562000	48.189700	62.260423	62.260400
222.188000	48.189700	62.897160	62.897200
227.812000	48.189700	63.380199	63.380200
233.438000	48.189700	63.238262	63.238300
239.062000	48.189700	63.061717	63.061700
244.687000	48.189700	62.964793	62.964800
250.312000	48.189700	62.387770	62.387800
255.937000	48.189700	62.511159	62.511100
261.562000	48.189700	62.611816	62.611800
267.188000	48.189700	62.398401	62.398400
272.812000	48.189700	62.732265	62.732300
278.438000	48.189700	63.499969	63.500000
284.062000	48.189700	62.847398	62.847300
289.688000	48.189700	62.269583	62.269600
295.312000	48.189700	61.697763	61.697800
300.938000	48.189700	62.597453	62.597400
306.562000	48.189700	62.634096	62.634100
312.187000	48.189700	62.224118	62.224100
317.812000	48.189700	62.814939	62.814900
323.438000	48.189700	62.924304	62.924300
329.062000	48.189700	62.914125	62.914100
334.688000	48.189700	62.719598	62.719600
340.312000	48.189700	62.338799	62.338900
345.938000	48.189700	63.018853	63.018800
351.562000	48.189700	63.415712	63.415700
357.187000	48.189700	62.325114	62.325100
0.000000	51.317800	60.203861	60.203800
5.625000	51.317800	59.702500	59.702500
11.250000	51.317800	60.338220	60.338200
16.875000	51.317800	59.453007	59.453100
22.500000	51.317800	60.215962	60.215900
28.125000	51.317800	60.622773	60.622800
33.750000	51.317800	60.591445	60.591400
39.375000	51.317800	60.158848	60.158900
45.000000	51.317800	60.818884	60.818900
50.625000	51.317800	59.846021	59.846000
56.250000	51.317800	59.811752	59.811800
61.875000	51.317800	60.312095	60.312000
67.500000	51.317800	59.858914	59.859000
73.125000	51.317800	60.783711	60.783700
78.750000	51.317800	59.873051	59.873100
84.375000	51.317800	59.153865	59.153900
90.000000	51.317800	60.015214	60.015200
95.625000	51.317800	59.353142	59.353200
101.250000	51.317800	59.805306	59.805300
106.875000	51.317800	60.289136	60.289100
112.500000	51.317800	60.346476	60.346500
118.125000	51.317800	59.813222	59.813300
123.750000	51.317800	60.174795	60.174800
129.375000	51.317800	60.890814	60.890800
135.000000	51.317800	60.489205	60.489200
140.625000	51.317800	60.152627	60.152600
146.250000	51.317800	60.669143	60.669100
151.875000	51.317800	60.492824	60.492900
157.500000	51.317800	60.240843	60.240800
163.125000	51.317800	60.548921	60.548900
168.750000	51.317800	59.718560	59.718600
174.375000	51.317800	59.714262	59.714200
180.000000	51.317800	60.355298	60.355300
185.625000	51.317800	59.920326	59.920400
191.250000	51.317800	60.657042	60.657100
196.875000	51.317800	60.003339	60.003400
202.500000	51.317800	59.975178	59.975200
208.125000	51.317800	60.251588	60.251600
213.750000	51.317800	60.188819	60.188800
219.375000	51.317800	60.056947	60.056900
225.000000	51.317800	60.770931	60.771000
230.625000	51.317800	59.785627	59.785700
236.250000	51.317800	60.092233	60.092300
241.875000	51.317800	59.617903	59.617900
247.500000	51.317800	60.610898	60.610900
253.125000	51.317800	60.537045	60.537000
258.750000	51.317800	60.174568	60.174600
264.375000	51.317800	59.717881	59.717800
270.000000	51.317800	59.815710	59.815700
275.625000	51.317800	59.394423	59.394500
281.250000	51.317800	59.612814	59.612800
286.875000	51.317800	59.476532	59.476600
292.500000	51.317800	60.242087	60.242100
298.125000	51.317800	60.523021	60.523000
303.750000	51.317800	60.469526	60.469600
309.375000	51.317800	60.118698	60.118700
315.000000	51.317800	59.686553	59.686500
320.625000	51.317800	60.337542	60.337500
326.250000	51.317800	59.900307	59.900300
331.875000	51.317800	59.862080	59.862100
337.500000	51.317800	59.869432	59.869400
343.125000	51.317800	59.843759	59.843700
348.750000	51.317800	60.334149	60.334200
354.375000	51.317800	59.963642	59.963700
2.812500	54.314700	57.350754	57.350800
8.437500	54.314700	57.417255	57.417200
14.062500	54.314700	57.186537	57.186600
19.687500	54.314700	56.408993	56.408900
25.312500	54.314700	57.617324	57.617300
30.937500	54.314700	57.110762	57.110800
36.562500	54.314700	57.258806	57.258800
42.187500	54.314700	57.333563	57.333600
47.812500	54.314700	56.992801	56.992800
53.437500	54.314700	57.214019	57.214000
59.062500	54.314700	57.119244	57.119300
64.687500	54.314700	57.581020	57.581000
70.312500	54.314700	56.288318	56.288300
75.937500	54.314700	57.728725	57.728700
81.562500	54.314700	57.033968	57.034000
87.187500	54.314700	56.893728	56.893700
92.812500	54.314700	56.674432	56.674400
98.437500	54.314700	57.413297	57.413300
104.062000	54.314700	57.341480	57.341400
109.688000	54.314700	57.119470	57.119400
115.312000	54.314700	58.181115	58.181100
120.938000	54.314700	57.581699	57.581700
126.562000	54.314700	56.697051	56.697000
132.188000	54.314700	56.670021	56.670000
137.812000	54.314700	56.578299	56.578400
143.437000	54.314700	57.700338	57.700300
149.062000	54.314700	57.115851	57.115800
154.688000	54.314700	56.777464	56.777400
160.312000	54.314700	57.300313	57.300300
165.938000	54.314700	57.233698	57.233700
171.562000	54.314700	56.781422	56.781400
177.188000	54.314700	57.646617	57.646600
182.812000	54.314700	57.391695	57.391700
188.438000	54.314700	56.998682	56.998700
194.062000	54.314700	56.781535	56.781500
199.687000	54.314700	57.936033	57.936000
205.312000	54.314700	57.125803	57.125800
210.938000	54.314700	57.257223	57.257200
216.562000	54.314700	57.699433	57.699400
222.188000	54.314700	57.524924	57.524900
227.812000	54.314700	57.001623	57.001700
233.438000	54.314700	56.506482	56.506400
239.062000	54.314700	57.372469	57.372500
244.687000	54.314700	56.805625	56.805700
250.312000	54.314700	57.336278	57.336200
255.937000	54.314700	56.088701	56.088700
261.562000	54.314700	57.619586	57.619600
267.188000	54.314700	57.660528	57.660500
272.812000	54.314700	57.119583	57.119600
278.438000	54.314700	57.131571	57.131500
284.062000	54.314700	56.517001	56.517000
289.688000	54.314700	57.365570	57.365600
295.312000	54.314700	56.882079	56.882100
300.938000	54.314700	57.077850	57.077800
306.562000	54.314700	57.989415	57.989400
312.187000	54.314700	56.587686	56.587600
317.812000	54.314700	56.288092	56.288100
323.438000	54.314700	56.756088	56.756100
329.062000	54.314700	56.873144	56.873200
334.688000	54.314700	57.452768	57.452700
340.312000	54.314700	57.025034	57.025000
345.938000	54.314700	57.252925	57.253000
351.562000	54.314700	57.489072	57.489000
357.187000	54.314700	57.011123	57.011200
0.000000	57.202800	55.386932	55.386900
5.625000	57.202800	54.282536	54.282600
11.250000	57.202800	54.234470	54.234400
16.875000	57.202800	54.640942	54.641000
22.500000	57.202800	54.209928	54.209900
28.125000	57.202800	54.815451	54.815400
33.750000	57.202800	54.145689	54.145600
39.375000	57.202800	52.849819	52.849800
45.000000	57.202800	54.330264	54.330200
50.625000	57.202800	54.622620	54.622600
56.250000	57.202800	54.406152	54.406200
61.875000	57.202800	54.854470	54.854500
67.500000	57.202800	54.960555	54.960600
73.125000	57.202800	54.393598	54.393600
78.750000	57.202800	54.522303	54.522200
84.375000	57.202800	53.846207	53.846200
90.000000	57.202800	54.591179	54.591200
95.625000	57.202800	54.160278	54.160300
101.250000	57.202800	54.032931	54.032900
106.875000	57.202800	54.340442	54.340500
112.500000	57.202800	54.215017	54.215000
118.125000	57.202800	54.579304	54.579200
123.750000	57.202800	54.308888	54.308900
129.375000	57.202800	54.154397	54.154400
135.000000	57.202800	54.516535	54.516600
140.625000	57.202800	54.157564	54.157600
146.250000	57.202800	54.180410	54.180400
151.875000	57.202800	54.967454	54.967500
157.500000	57.202800	54.159147	54.159200
163.125000	57.202800	54.743182	54.743200
168.750000	57.202800	54.445057	54.445000
174.375000	57.202800	54.430581	54.430500
180.000000	57.202800	54.519475	54.519500
185.625000	57.202800	55.096837	55.096800
191.250000	57.202800	54.969263	54.969200
196.875000	57.202800	54.623073	54.623000
202.500000	57.202800	54.253923	54.253900
208.125000	57.202800	54.955918	54.956000
213.750000	57.202800	54.656549	54.656600
219.375000	57.202800	54.444153	54.444200
225.000000	57.202800	55.345199	55.345200
230.625000	57.202800	54.538589	54.538600
236.250000	57.202800	55.117873	55.117900
241.875000	57.202800	55.175553	55.175500
247.500000	57.202800	54.749063	54.749100
253.125000	57.202800	54.855827	54.855900
258.750000	57.202800	54.210833	54.210800
264.375000	57.202800	54.707443	54.707400
270.000000	57.202800	54.601697	54.601700
275.625000	57.202800	55.017443	55.017400
281.250000	57.202800	54.036550	54.036500
286.875000	57.202800	54.255393	54.255300
292.500000	57.202800	54.470165	54.470200
298.125000	57.202800	54.278578	54.278600
303.750000	57.202800	54.191493	54.191400
309.375000	57.202800	54.224404	54.224400
315.000000	57.202800	54.818731	54.818700
320.625000	57.202800	53.666043	53.666000
326.250000	57.202800	54.580209	54.580200
331.875000	57.202800	54.293846	54.293900
337.500000	57.202800	54.731420	54.731400
343.125000	57.202800	55.144225	55.144200
348.750000	57.202800	54.545601	54.545500
354.375000	57.202800	54.411807	54.411800
2.812500	60.000000	52.047733	52.047800
8.437500	60.000000	52.406591	52.406600
14.062500	60.000000	52.115365	52.115300
19.687500	60.000000	51.681298	51.681300
25.312500	60.000000	52.400597	52.400600
30.937500	60.000000	51.942326	51.942400
36.562500	60.000000	51.473877	51.473900
42.187500	60.000000	51.934183	51.934200
47.812500	60.000000	51.786026	51.786000
53.437500	60.000000	51.662637	51.662600
59.062500	60.000000	52.078156	52.078200
64.687500	60.000000	51.259784	51.259800
70.312500	60.000000	52.088335	52.088300
75.937500	60.000000	51.878992	51.879000
81.562500	60.000000	51.625767	51.625800
87.187500	60.000000	52.626452	52.626400
92.812500	60.000000	51.554629	51.554700
98.437500	60.000000	52.502950	52.502900
104.062000	60.000000	52.453526	52.453500
109.688000	60.000000	50.558920	50.558900
115.312000	60.000000	52.270987	52.271000
120.938000	60.000000	51.579058	51.579100
126.562000	60.000000	51.700864	51.700900
132.188000	60.000000	51.398667	51.398700
137.812000	60.000000	52.797229	52.797200
143.437000	60.000000	51.916427	51.916400
149.062000	60.000000	52.259338	52.259300
154.688000	60.000000	51.363947	51.363900
160.312000	60.000000	51.649744	51.649700
165.938000	60.000000	52.006566	52.006500
171.562000	60.000000	51.955333	51.955300
177.188000	60.000000	52.104734	52.104800
182.812000	60.000000	51.535968	51.536000
188.438000	60.000000	50.920605	50.920600
194.062000	60.000000	51.886682	51.886700
199.687000	60.000000	52.566171	52.566100
205.312000	60.000000	51.985982	51.985900
210.938000	60.000000	50.846526	50.846500
216.562000	60.000000	51.673155	51.673200
222.188000	60.000000	51.843140	51.843100
227.812000	60.000000	51.406811	51.406800
233.438000	60.000000	51.115698	51.115700
239.062000	60.000000	51.865081	51.865000
244.687000	60.000000	51.709572	51.709600
250.312000	60.000000	52.631315	52.631300
255.937000	60.000000	52.796211	52.796200
261.562000	60.000000	51.642053	51.642100
267.188000	60.000000	52.707317	52.707300
272.812000	60.000000	51.753454	51.753400
278.438000	60.000000	50.814294	50.814300
284.062000	60.000000	51.925927	51.925900
289.688000	60.000000	51.442210	51.442200
295.312000	60.000000	50.853425	50.853400
300.938000	60.000000	51.609933	51.609900
306.562000	60.000000	51.839860	51.839900
312.187000	60.000000	52.348346	52.348300
317.812000	60.000000	51.307398	51.307500
323.438000	60.000000	51.410656	51.410600
329.062000	60.000000	51.674964	51.675000
334.688000	60.000000	51.587314	51.587300
340.312000	60.000000	52.042304	52.042300
345.938000	60.000000	52.105978	52.106000
351.562000	60.000000	51.190455	51.190500
357.187000	60.000000	51.700411	51.700500
0.000000	62.720400	49.216794	49.216800
5.625000	62.720400	49.049410	49.049400
11.250000	62.720400	49.200055	49.200100
16.875000	62.720400	49.437560	49.437500
22.500000	62.720400	48.683879	48.683900
28.125000	62.720400	48.947961	48.947900
33.750000	62.720400	48.967753	48.967800
39.375000	62.720400	49.196097	49.196100
45.000000	62.720400	48.820614	48.820700
50.625000	62.720400	48.520227	48.520200
56.250000	62.720400	48.605050	48.605100
61.875000	62.720400	49.264521	49.264500
67.500000	62.720400	48.978498	48.978500
73.125000	62.720400	48.890282	48.890300
78.750000	62.720400	49.180150	49.180100
84.375000	62.720400	49.327064	49.327100
90.000000	62.720400	48.941854	48.941800
95.625000	62.720400	49.344820	49.344800
101.250000	62.720400	49.471489	49.471500
106.875000	62.720400	49.752536	49.752500
112.500000	62.720400	49.072934	49.072900
118.125000	62.720400	49.987891	49.987900
123.750000	62.720400	47.920246	47.920200
129.375000	62.720400	48.213168	48.213200
135.000000	62.720400	49.751631	49.751700
140.625000	62.720400	49.627224	49.627200
146.250000	62.720400	49.074065	49.074100
151.875000	62.720400	49.351153	49.351200
157.500000	62.720400	48.646105	48.646100
163.125000	62.720400	49.350249	49.350200
168.750000	62.720400	49.261806	49.261800
174.375000	62.720400	49.677439	49.677400
180.000000	62.720400	49.869818	49.869800
185.625000	62.720400	48.322081	48.322100
191.250000	62.720400	48.949545	48.949600
196.875000	62.720400	49.920485	49.920500
202.500000	62.720400	50.007118	50.007100
208.125000	62.720400	49.090238	49.090300
213.750000	62.720400	49.412565	49.412500
219.375000	62.720400	49.331814	49.331800
225.000000	62.720400	49.669862	49.669800
230.625000	62.720400	48.587633	48.587600
236.250000	62.720400	49.737720	49.737700
241.875000	62.720400	49.090012	49.090100
247.500000	62.720400	48.860876	48.860900
253.125000	62.720400	49.296867	49.296800
258.750000	62.720400	49.364046	49.364000
264.375000	62.720400	49.851948	49.852000
270.000000	62.720400	49.573276	49.573300
275.625000	62.720400	49.772328	49.772300
281.250000	62.720400	49.701981	49.702000
286.875000	62.720400	48.302741	48.302800
292.500000	62.720400	48.844703	48.844700
298.125000	62.720400	49.203335	49.203300
303.750000	62.720400	48.320271	48.320200
309.375000	62.720400	49.059475	49.059500
315.000000	62.720400	49.183882	49.183900
320.625000	62.720400	49.365743	49.365700
326.250000	62.720400	49.059362	49.059400
331.875000	62.720400	48.965265	48.965300
337.500000	62.720400	49.373999	49.374000
343.125000	62.720400	48.882930	48.882900
348.750000	62.720400	49.604265	49.604200
354.375000	62.720400	48.514007	48.514000
2.812500	65.375700	46.668145	46.668100
8.437500	65.375700	46.383592	46.383600
14.062500	65.375700	46.650615	46.650600
19.687500	65.375700	46.253078	46.253000
25.312500	65.375700	46.848988	46.849000
30.937500	65.375700	46.887667	46.887700
36.562500	65.375700	46.471921	46.472000
42.187500	65.375700	46.497368	46.497300
47.812500	65.375700	47.024967	47.024900
53.437500	65.375700	46.984026	46.984000
59.062500	65.375700	46.667467	46.667500
64.687500	65.375700	46.716325	46.716300
70.312500	65.375700	46.729105	46.729100
75.937500	65.375700	47.338473	47.338500
81.562500	65.375700	46.398747	46.398700
87.187500	65.375700	47.184095	47.184100
92.812500	65.375700	46.229101	46.229200
98.437500	65.375700	46.355657	46.355600
104.062000	65.375700	46.775588	46.775600
109.688000	65.375700	46.382235	46.382300
115.312000	65.375700	47.351479	47.351500
120.938000	65.375700	46.211797	46.211800
126.562000	65.375700	46.574953	46.575000
132.188000	65.375700	46.378616	46.378600
137.812000	65.375700	45.992162	45.992200
143.437000	65.375700	46.519648	46.519600
149.062000	65.375700	46.698342	46.698300
154.688000	65.375700	46.868441	46.868400
160.312000	65.375700	46.726730	46.726700
165.938000	65.375700	46.335074	46.335000
171.562000	65.375700	46.792100	46.792100
177.188000	65.375700	46.656496	46.656500
182.812000	65.375700	46.025865	46.025800
188.438000	65.375700	46.098700	46.098700
194.062000	65.375700	47.164869	47.164800
199.687000	65.375700	46.466606	46.466600
205.312000	65.375700	46.446022	46.446000
210.938000	65.375700	46.763712	46.763700
216.562000	65.375700	46.829309	46.829300
222.188000	65.375700	46.324669	46.324700
227.812000	65.375700	46.874322	46.874300
233.438000	65.375700	46.732498	46.732500
239.062000	65.375700	45.935048	45.935100
244.687000	65.375700	46.500987	46.500900
250.312000	65.375700	46.871494	46.871500
255.937000	65.375700	46.916055	46.916100
261.562000	65.375700	46.249346	46.249400
267.188000	65.375700	47.391177	47.391200
272.812000	65.375700	46.583548	46.583600
278.438000	65.375700	46.630484	46.630500
284.062000	65.375700	46.922614	46.922700
289.688000	65.375700	46.747653	46.747600
295.312000	65.375700	46.449980	46.450000
300.938000	65.375700	46.870363	46.870300
306.562000	65.375700	47.465368	47.465400
312.187000	65.375700	46.865274	46.865300
317.812000	65.375700	47.008342	47.008300
323.438000	65.375700	46.840166	46.840200
329.062000	65.375700	46.716212	46.716200
334.688000	65.375700	46.448510	46.448500
340.312000	65.375700	47.977812	47.977800
345.938000	65.375700	46.400105	46.400100
351.562000	65.375700	46.855661	46.855600
357.187000	65.375700	46.537631	46.537700
0.000000	67.975700	44.107622	44.107600
5.625000	67.975700	44.376228	44.376300
11.250000	67.975700	44.740288	44.740300
16.875000	67.975700	44.599821	44.599900
22.500000	67.975700	43.992941	43.993000
28.125000	67.975700	43.590314	43.590400
33.750000	67.975700	44.187921	44.187900
39.375000	67.975700	44.931649	44.931700
45.000000	67.975700	44.036257	44.036200
50.625000	67.975700	43.821938	43.821900
56.250000	67.975700	44.161569	44.161600
61.875000	67.975700	44.383014	44.383100
67.500000	67.975700	44.554582	44.554600
73.125000	67.975700	44.190974	44.191000
78.750000	67.975700	43.683393	43.683400
84.375000	67.975700	43.846141	43.846200
90.000000	67.975700	44.492039	44.492000
95.625000	67.975700	44.142116	44.142100
101.250000	67.975700	43.949851	43.949900
106.875000	67.975700	44.566005	44.566000
112.500000	67.975700	44.920452	44.920500
118.125000	67.975700	44.616899	44.616900
123.750000	67.975700	43.607392	43.607400
129.375000	67.975700	44.279303	44.279300
135.000000	67.975700	44.025513	44.025500
140.625000	67.975700	43.953018	43.953000
146.250000	67.975700	44.299661	44.299700
151.875000	67.975700	43.863784	43.863800
157.500000	67.975700	44.449854	44.449900
163.125000	67.975700	43.782580	43.782600
168.750000	67.975700	43.652857	43.652800
174.375000	67.975700	44.502671	44.502600
180.000000	67.975700	43.844670	43.844700
185.625000	67.975700	44.209635	44.209700
191.250000	67.975700	44.616673	44.616700
196.875000	67.975700	44.655917	44.655900
202.500000	67.975700	45.010591	45.010600
208.125000	67.975700	43.995203	43.995200
213.750000	67.975700	44.349876	44.349900
219.375000	67.975700	44.034108	44.034100
225.000000	67.975700	43.991810	43.991800
230.625000	67.975700	43.190515	43.190500
236.250000	67.975700	44.463765	44.463800
241.875000	67.975700	43.920898	43.920900
247.500000	67.975700	44.478015	44.478000
253.125000	67.975700	43.925082	43.925000
258.750000	67.975700	44.926333	44.926300
264.375000	67.975700	44.258720	44.258700
270.000000	67.975700	44.357340	44.357300
275.625000	67.975700	44.146979	44.146900
281.250000	67.975700	44.215177	44.215100
286.875000	67.975700	44.205677	44.205600
292.500000	67.975700	44.634203	44.634200
298.125000	67.975700	44.405181	44.405200
303.750000	67.975700	44.407782	44.407800
309.375000	67.975700	44.431306	44.431300
315.000000	67.975700	44.000066	44.000000
320.625000	67.975700	44.158289	44.158300
326.250000	67.975700	44.153313	44.153300
331.875000	67.975700	44.325447	44.325400
337.500000	67.975700	44.001310	44.001300
343.125000	67.975700	44.190861	44.190800
348.750000	67.975700	44.364126	44.364100
354.375000	67.975700	43.541456	43.541500
2.812500	70.528800	41.983314	41.983300
8.437500	70.528800	42.209283	42.209200
14.062500	70.528800	41.548681	41.548700
19.687500	70.528800	42.087703	42.087700
25.312500	70.528800	42.786418	42.786500
30.937500	70.528800	41.808918	41.808900
36.562500	70.528800	42.069268	42.069300
42.187500	70.528800	41.972796	41.972800
47.812500	70.528800	41.707809	41.707800
53.437500	70.528800	42.215956	42.215900
59.062500	70.528800	41.729298	41.729300
64.687500	70.528800	41.729750	41.729700
70.312500	70.528800	41.534092	41.534100
75.937500	70.528800	41.997565	41.997600
81.562500	70.528800	42.468276	42.468200
87.187500	70.528800	41.605795	41.605800
92.812500	70.528800	41.881753	41.881800
98.437500	70.528800	41.156799	41.156800
104.062000	70.528800	41.719119	41.719100
109.688000	70.528800	41.702267	41.702300
115.312000	70.528800	41.947010	41.947000
120.938000	70.528800	41.592337	41.592400
126.562000	70.528800	42.086911	42.086900
132.188000	70.528800	41.614956	41.615000
137.812000	70.528800	41.839681	41.839700
143.437000	70.528800	41.635992	41.636000
149.062000	70.528800	41.533526	41.533500
154.688000	70.528800	41.733143	41.733100
160.312000	70.528800	41.963635	41.963700
165.938000	70.528800	40.592783	40.592700
171.562000	70.528800	41.768769	41.768800
177.188000	70.528800	41.866032	41.866000
182.812000	70.528800	41.588152	41.588100
188.438000	70.528800	42.165740	42.165800
194.062000	70.528800	42.318648	42.318600
199.687000	70.528800	40.770798	40.770800
205.312000	70.528800	41.925295	41.925300
210.938000	70.528800	41.829615	41.829600
216.562000	70.528800	41.143906	41.143900
222.188000	70.528800	42.533872	42.533800
227.812000	70.528800	41.879039	41.879000
233.438000	70.528800	41.562140	41.562200
239.062000	70.528800	41.149221	41.149200
244.687000	70.528800	41.597539	41.597500
250.312000	70.528800	41.092107	41.092100
255.937000	70.528800	41.089732	41.089700
261.562000	70.528800	41.881753	41.881700
267.188000	70.528800	41.850086	41.850100
272.812000	70.528800	41.875646	41.875700
278.438000	70.528800	41.147977	41.148000
284.062000	70.528800	42.307338	42.307300
289.688000	70.528800	41.415679	41.415700
295.312000	70.528800	41.821698	41.821700
300.938000	70.528800	42.130228	42.130200
306.562000	70.528800	41.933778	41.933700
312.187000	70.528800	41.595051	41.595000
317.812000	70.528800	42.521658	42.521700
323.438000	70.528800	42.422019	42.422000
329.062000	70.528800	41.580462	41.580500
334.688000	70.528800	42.429483	42.429500
340.312000	70.528800	41.414887	41.414800
345.938000	70.528800	42.219801	42.219800
351.562000	70.528800	42.467823	42.467800
357.187000	70.528800	41.303486	41.303500
0.000000	73.042200	39.688117	39.688100
5.625000	73.042200	39.501054	39.501100
11.250000	73.042200	39.154298	39.154300
16.875000	73.042200	39.317158	39.317100
22.500000	73.042200	39.070719	39.070700
28.125000	73.042200	39.821459	39.821400
33.750000	73.042200	40.270794	40.270800
39.375000	73.042200	39.040409	39.040400
45.000000	73.042200	39.834013	39.834000
50.625000	73.042200	39.405487	39.405500
56.250000	73.042200	39.398701	39.398700
61.875000	73.042200	39.034075	39.034100
67.500000	73.042200	39.448803	39.448900
73.125000	73.042200	39.078975	39.079000
78.750000	73.042200	39.733469	39.733500
84.375000	73.042200	39.481714	39.481700
90.000000	73.042200	39.428106	39.428200
95.625000	73.042200	39.516661	39.516700
101.250000	73.042200	39.366355	39.366400
106.875000	73.042200	39.527858	39.527900
112.500000	73.042200	39.849846	39.849900
118.125000	73.042200	39.367147	39.367200
123.750000	73.042200	39.350069	39.350000
129.375000	73.042200	38.928103	38.928100
135.000000	73.042200	39.696486	39.696500
140.625000	73.042200	40.099791	40.099800
146.250000	73.042200	39.565972	39.566000
151.875000	73.042200	39.989408	39.989500
157.500000	73.042200	40.272378	40.272400
163.125000	73.042200	39.484768	39.484800
168.750000	73.042200	39.370427	39.370400
174.375000	73.042200	39.710510	39.710600
180.000000	73.042200	39.175899	39.175900
185.625000	73.042200	39.383998	39.384000
191.250000	73.042200	39.068117	39.068100
196.875000	73.042200	39.797369	39.797400
202.500000	73.042200	39.161762	39.161700
208.125000	73.042200	39.389653	39.389700
213.750000	73.042200	39.725100	39.725100
219.375000	73.042200	39.440095	39.440100
225.000000	73.042200	38.707902	38.707900
230.625000	73.042200	38.836268	38.836200
236.250000	73.042200	40.497668	40.497700
241.875000	73.042200	39.541769	39.541700
247.500000	73.042200	38.578858	38.578800
253.125000	73.042200	39.207453	39.207500
258.750000	73.042200	39.413177	39.413200
264.375000	73.042200	39.430142	39.430100
270.000000	73.042200	39.769547	39.769500
275.625000	73.042200	39.272710	39.272700
281.250000	73.042200	39.525483	39.525500
286.875000	73.042200	39.387052	39.387000
292.500000	73.042200	39.899722	39.899800
298.125000	73.042200	39.729624	39.729600
303.750000	73.042200	40.243990	40.244000
309.375000	73.042200	39.599222	39.599200
315.000000	73.042200	40.287985	40.288000
320.625000	73.042200	39.920080	39.920100
326.250000	73.042200	39.352105	39.352100
331.875000	73.042200	39.298949	39.298900
337.500000	73.042200	39.621842	39.621800
343.125000	73.042200	39.140160	39.140100
348.750000	73.042200	39.355950	39.355900
354.375000	73.042200	39.532043	39.532000
2.812500	75.522500	37.037002	37.037000
8.437500	75.522500	37.443813	37.443800
14.062500	75.522500	36.385901	36.385900
19.687500	75.522500	36.920738	36.920700
25.312500	75.522500	37.312621	37.312700
30.937500	75.522500	37.501380	37.501400
36.562500	75.522500	37.664806	37.664800
42.187500	75.522500	37.875845	37.875800
47.812500	75.522500	37.103956	37.104000
53.437500	75.522500	36.864303	36.864300
59.062500	75.522500	37.351413	37.351400
64.687500	75.522500	36.660501	36.660500
70.312500	75.522500	37.425605	37.425600
75.937500	75.522500	37.199749	37.199800
81.562500	75.522500	37.596382	37.596400
87.187500	75.522500	37.267382	37.267400
92.812500	75.522500	37.727009	37.727000
98.437500	75.522500	37.142748	37.142700
104.062000	75.522500	37.576816	37.576800
109.688000	75.522500	37.077491	37.077500
115.312000	75.522500	37.174189	37.174200
120.938000	75.522500	37.490975	37.491000
126.562000	75.522500	36.888619	36.888700
132.188000	75.522500	37.146707	37.146700
137.812000	75.522500	37.106783	37.106800
143.437000	75.522500	37.724408	37.724400
149.062000	75.522500	37.626126	37.626200
154.688000	75.522500	37.523999	37.524000
160.312000	75.522500	37.043223	37.043200
165.938000	75.522500	37.738658	37.738700
171.562000	75.522500	37.438272	37.438300
177.188000	75.522500	38.038140	38.038100
182.812000	75.522500	37.117415	37.117400
188.438000	75.522500	37.943817	37.943800
194.062000	75.522500	36.945959	36.945900
199.687000	75.522500	37.443474	37.443500
205.312000	75.522500	37.481362	37.481400
210.938000	75.522500	36.602709	36.602700
216.562000	75.522500	36.645346	36.645300
222.188000	75.522500	37.505678	37.505700
227.812000	75.522500	37.369509	37.369500
233.438000	75.522500	36.522749	36.522800
239.062000	75.522500	37.387378	37.387300
244.687000	75.522500	37.005561	37.005500
250.312000	75.522500	37.286382	37.286400
255.937000	75.522500	37.859672	37.859700
261.562000	75.522500	37.891000	37.891000
267.188000	75.522500	37.235601	37.235600
272.812000	75.522500	37.560643	37.560600
278.438000	75.522500	37.267947	37.267900
284.062000	75.522500	37.285590	37.285600
289.688000	75.522500	36.677353	36.677300
295.312000	75.522500	37.507940	37.508000
300.938000	75.522500	38.069807	38.069800
306.562000	75.522500	36.947316	36.947400
312.187000	75.522500	36.911125	36.911100
317.812000	75.522500	37.487582	37.487600
323.438000	75.522500	37.737980	37.738000
329.062000	75.522500	37.923459	37.923500
334.688000	75.522500	37.186856	37.186900
340.312000	75.522500	36.964281	36.964200
345.938000	75.522500	37.259012	37.259000
351.562000	75.522500	37.060187	37.060200
357.187000	75.522500	36.963037	36.963000
0.000000	77.975300	35.697817	35.697800
5.625000	77.975300	35.416657	35.416700
11.250000	77.975300	35.271666	35.271600
16.875000	77.975300	35.098966	35.098900
22.500000	77.975300	35.588225	35.588200
28.125000	77.975300	35.089353	35.089300
33.750000	77.975300	35.305482	35.305500
39.375000	77.975300	35.055537	35.055600
45.000000	77.975300	35.760812	35.760800
50.625000	77.975300	35.292815	35.292900
56.250000	77.975300	35.626905	35.627000
61.875000	77.975300	34.894373	34.894300
67.500000	77.975300	35.427175	35.427100
73.125000	77.975300	35.360334	35.360300
78.750000	77.975300	35.654048	35.654100
84.375000	77.975300	36.055996	36.055900
90.000000	77.975300	34.871754	34.871700
95.625000	77.975300	36.066740	36.066800
101.250000	77.975300	35.721115	35.721100
106.875000	77.975300	34.940404	34.940400
112.500000	77.975300	36.046043	36.046100
118.125000	77.975300	35.482253	35.482200
123.750000	77.975300	35.256285	35.256300
129.375000	77.975300	35.508605	35.508600
135.000000	77.975300	36.118539	36.118500
140.625000	77.975300	35.447193	35.447200
146.250000	77.975300	35.109371	35.109400
151.875000	77.975300	34.956011	34.956000
157.500000	77.975300	35.848576	35.848500
163.125000	77.975300	35.222016	35.222000
168.750000	77.975300	34.749722	34.749700
174.375000	77.975300	35.479087	35.479100
180.000000	77.975300	34.896522	34.896500
185.625000	77.975300	35.146580	35.146600
191.250000	77.975300	35.543439	35.543400
196.875000	77.975300	35.437014	35.437000
202.500000	77.975300	35.171349	35.171400
208.125000	77.975300	35.826522	35.826500
213.750000	77.975300	35.240451	35.240400
219.375000	77.975300	34.943118	34.943100
225.000000	77.975300	35.614125	35.614100
230.625000	77.975300	35.225975	35.226000
236.250000	77.975300	35.557124	35.557100
241.875000	77.975300	35.856719	35.856800
247.500000	77.975300	35.431586	35.431500
253.125000	77.975300	35.299488	35.299500
258.750000	77.975300	35.004304	35.004300
264.375000	77.975300	35.322673	35.322700
270.000000	77.975300	35.734800	35.734800
275.625000	77.975300	35.291119	35.291100
281.250000	77.975300	35.064472	35.064500
286.875000	77.975300	35.419145	35.419100
292.500000	77.975300	35.657215	35.657200
298.125000	77.975300	35.325953	35.325900
303.750000	77.975300	35.073746	35.073800
309.375000	77.975300	35.054632	35.054700
315.000000	77.975300	34.889510	34.889500
320.625000	77.975300	35.030543	35.030600
326.250000	77.975300	35.640703	35.640700
331.875000	77.975300	36.129396	36.129400
337.500000	77.975300	35.343596	35.343600
343.125000	77.975300	35.061870	35.061800
348.750000	77.975300	35.583362	35.583400
354.375000	77.975300	35.536992	35.536900
2.812500	80.405900	33.102007	33.102000
8.437500	80.405900	33.636279	33.636300
14.062500	80.405900	33.858515	33.858500
19.687500	80.405900	33.909182	33.909200
25.312500	80.405900	33.535509	33.535600
30.937500	80.405900	33.487895	33.487900
36.562500	80.405900	33.524878	33.524900
42.187500	80.405900	34.060959	34.061000
47.812500	80.405900	33.293254	33.293200
53.437500	80.405900	33.550777	33.550800
59.062500	80.405900	33.061631	33.061600
64.687500	80.405900	33.843473	33.843500
70.312500	80.405900	33.975797	33.975800
75.937500	80.405900	33.392667	33.392600
81.562500	80.405900	33.630171	33.630200
87.187500	80.405900	34.177223	34.177200
92.812500	80.405900	33.309088	33.309000
98.437500	80.405900	33.347654	33.347600
104.062000	80.405900	33.696559	33.696500
109.688000	80.405900	34.023750	34.023800
115.312000	80.405900	34.266005	34.266000
120.938000	80.405900	33.537997	33.538000
126.562000	80.405900	33.980321	33.980300
132.188000	80.405900	33.213747	33.213800
137.812000	80.405900	33.621010	33.621000
143.437000	80.405900	32.907932	32.908000
149.062000	80.405900	32.997957	32.997900
154.688000	80.405900	33.513116	33.513100
160.312000	80.405900	34.095680	34.095600
165.938000	80.405900	33.839288	33.839300
171.562000	80.405900	33.129037	33.129000
177.188000	80.405900	33.810448	33.810400
182.812000	80.405900	33.048625	33.048700
188.438000	80.405900	33.764079	33.764000
194.062000	80.405900	33.379661	33.379700
199.687000	80.405900	34.039923	34.040000
205.312000	80.405900	33.392554	33.392600
210.938000	80.405900	33.472514	33.472600
216.562000	80.405900	33.243944	33.243900
222.188000	80.405900	33.775162	33.775200
227.812000	80.405900	34.206289	34.206200
233.438000	80.405900	34.021940	34.022000
239.062000	80.405900	33.193050	33.193100
244.687000	80.405900	34.284326	34.284300
250.312000	80.405900	33.151656	33.151600
255.937000	80.405900	34.374239	34.374300
261.562000	80.405900	33.110602	33.110600
267.188000	80.405900	32.915283	32.915300
272.812000	80.405900	33.282962	33.282900
278.438000	80.405900	33.867789	33.867800
284.062000	80.405900	34.207307	34.207400
289.688000	80.405900	32.949778	32.949700
295.312000	80.405900	32.906461	32.906500
300.938000	80.405900	34.123841	34.123900
306.562000	80.405900	33.858967	33.859000
312.187000	80.405900	33.494115	33.494200
317.812000	80.405900	33.376833	33.376900
323.438000	80.405900	33.228223	33.228200
329.062000	80.405900	33.203003	33.203000
334.688000	80.405900	33.227432	33.227400
340.312000	80.405900	33.569438	33.569400
345.938000	80.405900	34.261820	34.261900
351.562000	80.405900	32.891193	32.891200
357.187000	80.405900	33.500222	33.500200
0.000000	82.819200	31.516382	31.516400
5.625000	82.819200	31.812923	31.812900
11.250000	82.819200	32.121227	32.121300
16.875000	82.819200	31.358951	31.358900
22.500000	82.819200	32.032332	32.032300
28.125000	82.819200	31.360534	31.360600
33.750000	82.819200	32.655498	32.655500
39.375000	82.819200	31.812584	31.812600
45.000000	82.819200	31.513215	31.513200
50.625000	82.819200	31.391975	31.392000
56.250000	82.819200	31.639432	31.639400
61.875000	82.819200	31.164310	31.164300
67.500000	82.819200	31.566937	31.567000
73.125000	82.819200	31.817447	31.817500
78.750000	82.819200	32.210913	32.210900
84.375000	82.819200	32.003832	32.003900
90.000000	82.819200	31.566032	31.566100
95.625000	82.819200	31.770399	31.770400
101.250000	82.819200	32.658326	32.658300
106.875000	82.819200	31.716564	31.716500
112.500000	82.819200	31.913014	31.913100
118.125000	82.819200	31.286568	31.286600
123.750000	82.819200	31.984492	31.984500
129.375000	82.819200	31.826382	31.826400
135.000000	82.819200	31.716791	31.716800
140.625000	82.819200	31.882931	31.883000
146.250000	82.819200	31.734434	31.734400
151.875000	82.819200	31.863704	31.863700
157.500000	82.819200	32.446155	32.446100
163.125000	82.819200	31.586842	31.586800
168.750000	82.819200	31.681504	31.681500
174.375000	82.819200	31.225383	31.225400
180.000000	82.819200	31.124047	31.124000
185.625000	82.819200	31.667706	31.667700
191.250000	82.819200	31.591592	31.591600
196.875000	82.819200	32.315075	32.315100
202.500000	82.819200	31.591026	31.591000
208.125000	82.819200	31.531311	31.531300
213.750000	82.819200	31.896050	31.896100
219.375000	82.819200	31.700505	31.700500
225.000000	82.819200	31.307265	31.307200
230.625000	82.819200	32.046696	32.046700
236.250000	82.819200	30.853519	30.853500
241.875000	82.819200	32.223014	32.223000
247.500000	82.819200	32.721660	32.721700
253.125000	82.819200	31.992183	31.992100
258.750000	82.819200	31.802518	31.802600
264.375000	82.819200	31.463905	31.463900
270.000000	82.819200	31.909508	31.909500
275.625000	82.819200	31.756488	31.756500
281.250000	82.819200	31.477250	31.477300
286.875000	82.819200	32.497501	32.497500
292.500000	82.819200	31.795280	31.795300
298.125000	82.819200	31.583901	31.583900
303.750000	82.819200	31.442756	31.442700
309.375000	82.819200	31.968658	31.968600
315.000000	82.819200	32.094196	32.094200
320.625000	82.819200	31.473744	31.473800
326.250000	82.819200	31.890734	31.890700
331.875000	82.819200	31.565806	31.565800
337.500000	82.819200	31.665331	31.665300
343.125000	82.819200	31.610931	31.610900
348.750000	82.819200	32.755137	32.755100
354.375000	82.819200	31.541037	31.541100
2.812500	85.219800	29.709200	29.709100
8.437500	85.219800	30.186810	30.186800
14.062500	85.219800	30.417415	30.417400
19.687500	85.219800	28.960382	28.960400
25.312500	85.219800	30.030396	30.030400
30.937500	85.219800	29.960728	29.960700
36.562500	85.219800	29.749802	29.749800
42.187500	85.219800	29.968871	29.968900
47.812500	85.219800	29.413337	29.413400
53.437500	85.219800	29.989342	29.989400
59.062500	85.219800	30.325806	30.325800
64.687500	85.219800	29.743355	29.743400
70.312500	85.219800	30.336098	30.336100
75.937500	85.219800	29.751724	29.751700
81.562500	85.219800	30.004045	30.004100
87.187500	85.219800	30.056182	30.056200
92.812500	85.219800	29.669276	29.669300
98.437500	85.219800	29.436635	29.436600
104.062000	85.219800	29.505285	29.505300
109.688000	85.219800	29.761338	29.761400
115.312000	85.219800	30.107189	30.107200
120.938000	85.219800	29.829422	29.829500
126.562000	85.219800	30.165887	30.165900
132.188000	85.219800	30.485839	30.485900
137.812000	85.219800	29.412206	29.412300
143.437000	85.219800	29.654121	29.654200
149.062000	85.219800	29.865274	29.865200
154.688000	85.219800	29.849101	29.849100
160.312000	85.219800	29.406551	29.406500
165.938000	85.219800	29.562173	29.562200
171.562000	85.219800	29.637609	29.637600
177.188000	85.219800	30.166113	30.166100
182.812000	85.219800	29.420010	29.420000
188.438000	85.219800	29.922501	29.922500
194.062000	85.219800	29.564888	29.564900
199.687000	85.219800	29.663282	29.663200
205.312000	85.219800	29.514333	29.514300
210.938000	85.219800	30.550078	30.550100
216.562000	85.219800	30.069641	30.069700
222.188000	85.219800	29.587055	29.587000
227.812000	85.219800	29.454731	29.454800
233.438000	85.219800	29.827500	29.827500
239.062000	85.219800	29.817095	29.817100
244.687000	85.219800	29.320145	29.320200
250.312000	85.219800	29.653895	29.653900
255.937000	85.219800	29.816077	29.816100
261.562000	85.219800	30.101874	30.101900
267.188000	85.219800	30.065004	30.065000
272.812000	85.219800	30.456773	30.456800
278.438000	85.219800	29.601079	29.601100
284.062000	85.219800	29.617930	29.618000
289.688000	85.219800	30.121213	30.121200
295.312000	85.219800	29.466832	29.466800
300.938000	85.219800	29.622228	29.622200
306.562000	85.219800	29.875114	29.875100
312.187000	85.219800	29.655252	29.655200
317.812000	85.219800	29.797076	29.797100
323.438000	85.219800	30.627889	30.627900
329.062000	85.219800	29.996580	29.996600
334.688000	85.219800	30.240757	30.240700
340.312000	85.219800	30.192578	30.192600
345.938000	85.219800	29.622907	29.622900
351.562000	85.219800	29.645300	29.645300
357.187000	85.219800	29.742790	29.742800
0.000000	87.612000	27.719139	27.719100
5.625000	87.612000	27.557862	27.557900
11.250000	87.612000	27.385276	27.385300
16.875000	87.612000	27.348632	27.348600
22.500000	87.612000	27.444652	27.444600
28.125000	87.612000	27.058424	27.058400
33.750000	87.612000	27.745604	27.745600
39.375000	87.612000	27.620292	27.620300
45.000000	87.612000	28.292995	28.293000
50.625000	87.612000	27.512963	27.513000
56.250000	87.612000	27.930857	27.930900
61.875000	87.612000	27.887993	27.888000
67.500000	87.612000	27.828278	27.828300
73.125000	87.612000	27.951667	27.951700
78.750000	87.612000	27.570642	27.570600
84.375000	87.612000	27.808599	27.808600
90.000000	87.612000	28.123349	28.123300
95.625000	87.612000	27.591000	27.591000
101.250000	87.612000	27.568267	27.568300
106.875000	87.612000	27.617804	27.617800
112.500000	87.612000	27.936625	27.936700
118.125000	87.612000	27.781003	27.781000
123.750000	87.612000	28.047461	28.047400
129.375000	87.612000	27.799891	27.799900
135.000000	87.612000	27.933911	27.933900
140.625000	87.612000	28.143593	28.143500
146.250000	87.612000	28.417402	28.417400
151.875000	87.612000	27.443973	27.443900
157.500000	87.612000	28.582750	28.582700
163.125000	87.612000	27.986614	27.986600
168.750000	87.612000	28.266191	28.266200
174.375000	87.612000	27.266184	27.266100
180.000000	87.612000	27.953929	27.953900
185.625000	87.612000	27.757705	27.757700
191.250000	87.612000	27.895571	27.895500
196.875000	87.612000	27.498373	27.498300
202.500000	87.612000	27.971007	27.971000
208.125000	87.612000	27.849314	27.849400
213.750000	87.612000	28.166100	28.166100
219.375000	87.612000	27.731919	27.731900
225.000000	87.612000	28.061824	28.061800
230.625000	87.612000	27.561708	27.561700
236.250000	87.612000	27.937869	27.937900
241.875000	87.612000	28.104349	28.104300
247.500000	87.612000	27.722758	27.722800
253.125000	87.612000	27.805998	27.806000
258.750000	87.612000	28.051985	28.052000
264.375000	87.612000	27.996341	27.996400
270.000000	87.612000	27.765961	27.766000
275.625000	87.612000	27.917625	27.917700
281.250000	87.612000	27.907107	27.907100
286.875000	87.612000	27.661233	27.661300
292.500000	87.612000	28.030835	28.030900
298.125000	87.612000	27.434360	27.434300
303.750000	87.612000	27.969084	27.969100
309.375000	87.612000	27.494415	27.494400
315.000000	87.612000	27.509117	27.509100
320.625000	87.612000	27.374079	27.374000
326.250000	87.612000	27.809956	27.810000
331.875000	87.612000	27.770598	27.770600
337.500000	87.612000	28.057187	28.057200
343.125000	87.612000	27.900208	27.900200
348.750000	87.612000	27.353382	27.353400
354.375000	87.612000	28.195279	28.195300
2.812500	90.000000	25.460472	25.460400
8.437500	90.000000	25.832676	25.832700
14.062500	90.000000	26.023358	26.023300
19.687500	90.000000	25.851337	25.851300
25.312500	90.000000	25.666309	25.666300
30.937500	90.000000	25.815937	25.815900
36.562500	90.000000	25.500282	25.500200
42.187500	90.000000	25.818765	25.818700
47.812500	90.000000	25.759275	25.759300
53.437500	90.000000	25.745025	25.745000
59.062500	90.000000	25.534325	25.534400
64.687500	90.000000	26.431413	26.431400
70.312500	90.000000	26.098907	26.098900
75.937500	90.000000	25.979023	25.979100
81.562500	90.000000	26.021661	26.021700
87.187500	90.000000	25.676149	25.676200
92.812500	90.000000	26.123675	26.123700
98.437500	90.000000	25.757013	25.757000
104.062000	90.000000	25.682030	25.682000
109.688000	90.000000	25.837312	25.837300
115.312000	90.000000	25.884361	25.884300
120.938000	90.000000	25.950071	25.950000
126.562000	90.000000	25.205211	25.205200
132.188000	90.000000	26.113949	26.114000
137.812000	90.000000	25.420662	25.420700
143.437000	90.000000	26.213135	26.213100
149.062000	90.000000	25.587707	25.587700
154.688000	90.000000	25.549593	25.549600
160.312000	90.000000	26.076513	26.076600
165.938000	90.000000	26.092121	26.092100
171.562000	90.000000	26.020643	26.020700
177.188000	90.000000	25.978006	25.978000
182.812000	90.000000	25.856539	25.856600
188.438000	90.000000	26.031388	26.031400
194.062000	90.000000	25.810508	25.810500
199.687000	90.000000	26.157717	26.157700
205.312000	90.000000	26.126615	26.126600
210.938000	90.000000	25.549480	25.549500
216.562000	90.000000	26.122883	26.122900
222.188000	90.000000	25.851450	25.851400
227.812000	90.000000	25.910260	25.910200
233.438000	90.000000	25.479020	25.479000
239.062000	90.000000	26.095514	26.095500
244.687000	90.000000	25.725346	25.725300
250.312000	90.000000	26.091668	26.091700
255.937000	90.000000	26.423157	26.423200
261.562000	90.000000	25.899855	25.899900
267.188000	90.000000	26.379049	26.379000
272.812000	90.000000	25.833128	25.833100
278.438000	90.000000	25.548010	25.548000
284.062000	90.000000	26.277035	26.277000
289.688000	90.000000	25.957987	25.958000
295.312000	90.000000	26.240957	26.241000
300.938000	90.000000	26.216415	26.216400
306.562000	90.000000	25.888319	25.888300
312.187000	90.000000	26.255094	26.255100
317.812000	90.000000	25.770698	25.770800
323.438000	90.000000	26.235868	26.235900
329.062000	90.000000	25.817407	25.817400
334.688000	90.000000	26.106145	26.106200
340.312000	90.000000	25.725912	25.725900
345.938000	90.000000	25.659184	25.659200
351.562000	90.000000	26.555141	26.555200
357.187000	90.000000	26.157265	26.157300
0.000000	92.388000	24.493829	24.493800
5.625000	92.388000	24.299189	24.299200
11.250000	92.388000	24.330177	24.330100
16.875000	92.388000	24.410929	24.411000
22.500000	92.388000	24.100251	24.100300
28.125000	92.388000	24.081589	24.081600
33.750000	92.388000	24.342618	24.342600
39.375000	92.388000	24.421673	24.421700
45.000000	92.388000	24.974719	24.974700
50.625000	92.388000	24.267635	24.267600
56.250000	92.388000	24.307445	24.307400
61.875000	92.388000	24.669583	24.669600
67.500000	92.388000	24.861396	24.861400
73.125000	92.388000	24.228729	24.228800
78.750000	92.388000	24.286522	24.286500
84.375000	92.388000	24.699553	24.699600
90.000000	92.388000	24.190163	24.190100
95.625000	92.388000	24.919980	24.920000
101.250000	92.388000	24.505026	24.505000
106.875000	92.388000	23.907080	23.907000
112.500000	92.388000	24.501067	24.501100
118.125000	92.388000	24.233253	24.233200
123.750000	92.388000	24.630112	24.630100
129.375000	92.388000	25.312541	25.312500
135.000000	92.388000	24.664606	24.664600
140.625000	92.388000	24.510455	24.510500
146.250000	92.388000	24.546872	24.546900
151.875000	92.388000	24.340017	24.340000
157.500000	92.388000	24.904033	24.904100
163.125000	92.388000	24.544949	24.545000
168.750000	92.388000	24.562932	24.562900
174.375000	92.388000	24.388309	24.388400
180.000000	92.388000	24.312082	24.312000
185.625000	92.388000	24.940338	24.940400
191.250000	92.388000	23.833567	23.833600
196.875000	92.388000	24.197740	24.197700
202.500000	92.388000	24.565420	24.565400
208.125000	92.388000	24.553545	24.553600
213.750000	92.388000	24.195931	24.195900
219.375000	92.388000	24.936153	24.936100
225.000000	92.388000	24.284373	24.284300
230.625000	92.388000	24.686999	24.687000
236.250000	92.388000	24.576503	24.576500
241.875000	92.388000	24.563610	24.563600
247.500000	92.388000	24.176591	24.176500
253.125000	92.388000	23.826442	23.826400
258.750000	92.388000	24.099798	24.099900
264.375000	92.388000	24.312534	24.312600
270.000000	92.388000	24.372476	24.372500
275.625000	92.388000	24.673767	24.673700
281.250000	92.388000	24.981505	24.981500
286.875000	92.388000	24.117328	24.117400
292.500000	92.388000	24.716518	24.716600
298.125000	92.388000	24.316832	24.316800
303.750000	92.388000	24.218550	24.218600
309.375000	92.388000	24.398601	24.398600
315.000000	92.388000	24.391250	24.391300
320.625000	92.388000	24.154650	24.154600
326.250000	92.388000	24.869086	24.869100
331.875000	92.388000	24.745132	24.745100
337.500000	92.388000	24.751691	24.751700
343.125000	92.388000	24.004344	24.004400
348.750000	92.388000	24.447686	24.447600
354.375000	92.388000	24.233366	24.233400
2.812500	94.780200	23.334695	23.334700
8.437500	94.780200	23.625468	23.625500
14.062500	94.780200	23.479459	23.479400
19.687500	94.780200	22.868394	22.868300
25.312500	94.780200	22.863305	22.863300
30.937500	94.780200	22.334688	22.334700
36.562500	94.780200	22.835031	22.835100
42.187500	94.780200	22.869299	22.869300
47.812500	94.780200	22.580788	22.580800
53.437500	94.780200	22.628063	22.628100
59.062500	94.780200	22.751339	22.751300
64.687500	94.780200	22.777464	22.777500
70.312500	94.780200	22.725213	22.725200
75.937500	94.780200	23.003093	23.003100
81.562500	94.780200	22.904133	22.904100
87.187500	94.780200	23.335826	23.335800
92.812500	94.780200	22.967355	22.967400
98.437500	94.780200	22.587687	22.587700
104.062000	94.780200	23.281313	23.281300
109.688000	94.780200	23.071065	23.071100
115.312000	94.780200	23.022094	23.022100
120.938000	94.780200	22.917592	22.917600
126.562000	94.780200	22.479000	22.479000
132.188000	94.780200	22.789339	22.789300
137.812000	94.780200	22.668099	22.668100
143.437000	94.780200	23.128405	23.128400
149.062000	94.780200	22.920758	22.920800
154.688000	94.780200	23.023903	23.024000
160.312000	94.780200	23.062809	23.062800
165.938000	94.780200	22.438964	22.439000
171.562000	94.780200	22.868055	22.868100
177.188000	94.780200	22.207001	22.207000
182.812000	94.780200	22.533852	22.533900
188.438000	94.780200	22.732904	22.732900
194.062000	94.780200	22.705082	22.705100
199.687000	94.780200	22.555793	22.555800
205.312000	94.780200	23.239467	23.239400
210.938000	94.780200	23.069142	23.069100
216.562000	94.780200	22.906056	22.906000
222.188000	94.780200	22.921776	22.921800
227.812000	94.780200	23.069142	23.069100
233.438000	94.780200	23.066993	23.067000
239.062000	94.780200	22.925622	22.925600
244.687000	94.780200	22.891353	22.891400
250.312000	94.780200	22.479905	22.479900
255.937000	94.780200	23.315129	23.315100
261.562000	94.780200	22.705195	22.705200
267.188000	94.780200	23.348832	23.348900
272.812000	94.780200	23.170138	23.170100
278.438000	94.780200	22.579996	22.580000
284.062000	94.780200	22.777238	22.777200
289.688000	94.780200	22.720350	22.720400
295.312000	94.780200	22.705308	22.705300
300.938000	94.780200	23.600586	23.600500
306.562000	94.780200	23.531032	23.531000
312.187000	94.780200	22.667986	22.667900
317.812000	94.780200	22.858216	22.858200
323.438000	94.780200	22.840799	22.840800
329.062000	94.780200	22.657920	22.657900
334.688000	94.780200	22.234031	22.234100
340.312000	94.780200	22.930372	22.930400
345.938000	94.780200	23.351772	23.351800
351.562000	94.780200	23.096625	23.096600
357.187000	94.780200	22.870543	22.870500
0.000000	97.180800	20.934995	20.935000
5.625000	97.180800	21.234138	21.234100
11.250000	97.180800	21.382522	21.382600
16.875000	97.180800	21.356057	21.356000
22.500000	97.180800	20.817940	20.817900
28.125000	97.180800	21.058045	21.058100
33.750000	97.180800	21.488607	21.488600
39.375000	97.180800	20.986794	20.986800
45.000000	97.180800	21.240924	21.240900
50.625000	97.180800	20.983967	20.984000
56.250000	97.180800	20.905364	20.905400
61.875000	97.180800	21.084397	21.084400
67.500000	97.180800	21.111767	21.111800
73.125000	97.180800	21.251781	21.251700
78.750000	97.180800	20.827892	20.827800
84.375000	97.180800	21.117534	21.117500
90.000000	97.180800	21.235156	21.235100
95.625000	97.180800	20.822464	20.822400
101.250000	97.180800	21.111540	21.111500
106.875000	97.180800	21.370533	21.370500
112.500000	97.180800	21.407629	21.407600
118.125000	97.180800	21.227691	21.227700
123.750000	97.180800	21.359223	21.359200
129.375000	97.180800	21.020158	21.020200
135.000000	97.180800	21.116630	21.116700
140.625000	97.180800	21.011336	21.011300
146.250000	97.180800	21.001497	21.001500
151.875000	97.180800	21.905597	21.905600
157.500000	97.180800	21.110409	21.110400
163.125000	97.180800	21.396772	21.396800
168.750000	97.180800	21.424707	21.424700
174.375000	97.180800	21.078742	21.078700
180.000000	97.180800	21.322693	21.322700
185.625000	97.180800	21.218078	21.218000
191.250000	97.180800	21.360920	21.360900
196.875000	97.180800	21.043456	21.043400
202.500000	97.180800	20.574215	20.574200
208.125000	97.180800	20.951395	20.951300
213.750000	97.180800	21.005568	21.005600
219.375000	97.180800	21.043230	21.043200
225.000000	97.180800	20.920632	20.920700
230.625000	97.180800	20.845309	20.845300
236.250000	97.180800	21.661193	21.661200
241.875000	97.180800	21.115046	21.115000
247.500000	97.180800	21.131219	21.131300
253.125000	97.180800	20.881387	20.881400
258.750000	97.180800	21.064831	21.064800
264.375000	97.180800	21.374605	21.374600
270.000000	97.180800	21.204167	21.204100
275.625000	97.180800	21.680420	21.680400
281.250000	97.180800	21.009074	21.009100
286.875000	97.180800	20.908870	20.908900
292.500000	97.180800	21.141624	21.141600
298.125000	97.180800	20.883875	20.883900
303.750000	97.180800	20.797695	20.797700
309.375000	97.180800	21.458975	21.459000
315.000000	97.180800	20.926965	20.926900
320.625000	97.180800	21.326086	21.326000
326.250000	97.180800	21.066414	21.066400
331.875000	97.180800	21.451172	21.451100
337.500000	97.180800	21.406385	21.406300
343.125000	97.180800	20.770552	20.770600
348.750000	97.180800	20.684711	20.684700
354.375000	97.180800	21.323824	21.323900
2.812500	99.594100	19.679728	19.679700
8.437500	99.594100	19.298138	19.298100
14.062500	99.594100	18.985084	18.985100
19.687500	99.594100	18.733556	18.733600
25.312500	99.594100	19.066514	19.066500
30.937500	99.594100	19.068437	19.068500
36.562500	99.594100	19.298477	19.298500
42.187500	99.594100	19.028061	19.028000
47.812500	99.594100	19.408634	19.408600
53.437500	99.594100	19.167510	19.167500
59.062500	99.594100	19.053395	19.053400
64.687500	99.594100	19.178368	19.178400
70.312500	99.594100	19.585631	19.585700
75.937500	99.594100	18.826409	18.826400
81.562500	99.594100	19.025347	19.025300
87.187500	99.594100	19.673168	19.673200
92.812500	99.594100	18.951947	18.952000
98.437500	99.594100	19.379342	19.379300
104.062000	99.594100	19.736955	19.737000
109.688000	99.594100	19.217386	19.217400
115.312000	99.594100	19.356270	19.356300
120.938000	99.594100	18.533826	18.533800
126.562000	99.594100	19.025234	19.025200
132.188000	99.594100	19.123515	19.123600
137.812000	99.594100	19.234803	19.234800
143.437000	99.594100	19.648400	19.648400
149.062000	99.594100	18.839189	18.839200
154.688000	99.594100	19.139349	19.139400
160.312000	99.594100	18.981578	18.981600
165.938000	99.594100	19.067532	19.067600
171.562000	99.594100	19.362377	19.362400
177.188000	99.594100	19.332972	19.332900
182.812000	99.594100	18.776646	18.776700
188.438000	99.594100	18.778682	18.778600
194.062000	99.594100	18.988138	18.988100
199.687000	99.594100	19.080991	19.081000
205.312000	99.594100	19.411574	19.411600
210.938000	99.594100	19.131319	19.131300
216.562000	99.594100	19.218517	19.218500
222.188000	99.594100	18.530433	18.530400
227.812000	99.594100	19.357966	19.357900
233.438000	99.594100	19.117295	19.117300
239.062000	99.594100	19.058032	19.058000
244.687000	99.594100	19.091735	19.091800
250.312000	99.594100	19.515511	19.515500
255.937000	99.594100	18.892118	18.892100
261.562000	99.594100	19.458962	19.458900
267.188000	99.594100	18.885445	18.885500
272.812000	99.594100	19.021954	19.021900
278.438000	99.594100	19.117861	19.117900
284.062000	99.594100	18.915982	18.916000
289.688000	99.594100	19.008948	19.008900
295.312000	99.594100	18.927631	18.927600
300.938000	99.594100	19.384431	19.384400
306.562000	99.594100	18.447193	18.447200
312.187000	99.594100	18.914851	18.914900
317.812000	99.594100	18.923333	18.923400
323.438000	99.594100	18.755270	18.755200
329.062000	99.594100	18.835004	18.835000
334.688000	99.594100	19.218178	19.218200
340.312000	99.594100	19.747700	19.747700
345.938000	99.594100	18.750294	18.750300
351.562000	99.594100	18.822450	18.822500
357.187000	99.594100	19.060633	19.060600
0.000000	102.025000	17.286815	17.286800
5.625000	102.025000	16.932028	16.932000
11.250000	102.025000	17.240558	17.240600
16.875000	102.025000	17.529182	17.529200
22.500000	102.025000	17.471163	17.471200
28.125000	102.025000	16.902397	16.902500
33.750000	102.025000	17.361572	17.361600
39.375000	102.025000	17.047840	17.047900
45.000000	102.025000	16.970934	16.970900
50.625000	102.025000	17.465961	17.466000
56.250000	102.025000	16.989256	16.989300
61.875000	102.025000	17.016060	17.016100
67.500000	102.025000	16.974327	16.974300
73.125000	102.025000	17.697697	17.697700
78.750000	102.025000	17.063447	17.063400
84.375000	102.025000	17.551349	17.551300
90.000000	102.025000	17.249719	17.249700
95.625000	102.025000	16.979303	16.979300
101.250000	102.025000	16.987898	16.987900
106.875000	102.025000	17.352298	17.352300
112.500000	102.025000	17.875599	17.875600
118.125000	102.025000	17.232302	17.232300
123.750000	102.025000	17.235129	17.235100
129.375000	102.025000	16.875027	16.875000
135.000000	102.025000	16.838949	16.838900
140.625000	102.025000	17.306041	17.306000
146.250000	102.025000	17.164104	17.164100
151.875000	102.025000	17.326738	17.326800
157.500000	102.025000	17.166818	17.166800
163.125000	102.025000	17.397198	17.397200
168.750000	102.025000	16.974779	16.974800
174.375000	102.025000	17.326173	17.326200
180.000000	102.025000	17.409865	17.409900
185.625000	102.025000	17.396406	17.396500
191.250000	102.025000	16.960981	16.961000
196.875000	102.025000	16.978964	16.979000
202.500000	102.025000	17.076906	17.076900
208.125000	102.025000	17.191134	17.191100
213.750000	102.025000	17.105180	17.105200
219.375000	102.025000	17.045917	17.045900
225.000000	102.025000	17.406359	17.406300
230.625000	102.025000	17.026238	17.026300
236.250000	102.025000	17.307285	17.307300
241.875000	102.025000	17.743049	17.743000
247.500000	102.025000	17.593987	17.594000
253.125000	102.025000	16.797329	16.797300
258.750000	102.025000	17.031780	17.031700
264.375000	102.025000	17.259558	17.259500
270.000000	102.025000	17.576683	17.576700
275.625000	102.025000	17.394257	17.394200
281.250000	102.025000	16.678803	16.678800
286.875000	102.025000	17.253338	17.253400
292.500000	102.025000	17.125764	17.125800
298.125000	102.025000	16.715899	16.715900
303.750000	102.025000	17.820182	17.820100
309.375000	102.025000	17.453068	17.453100
315.000000	102.025000	17.156300	17.156400
320.625000	102.025000	16.953404	16.953400
326.250000	102.025000	17.611178	17.611200
331.875000	102.025000	17.222462	17.222400
337.500000	102.025000	17.075436	17.075500
343.125000	102.025000	17.229927	17.229900
348.750000	102.025000	17.024203	17.024200
354.375000	102.025000	17.311809	17.311900
2.812500	104.478000	15.532901	15.532800
8.437500	104.478000	15.049749	15.049800
14.062500	104.478000	15.332040	15.332000
19.687500	104.478000	15.186258	15.186300
25.312500	104.478000	15.000213	15.000200
30.937500	104.478000	15.432358	15.432300
36.562500	104.478000	15.349570	15.349600
42.187500	104.478000	15.421613	15.421600
47.812500	104.478000	15.336112	15.336100
53.437500	104.478000	15.103244	15.103300
59.062500	104.478000	14.977933	14.977900
64.687500	104.478000	15.460066	15.460100
70.312500	104.478000	15.476918	15.477000
75.937500	104.478000	14.949997	14.950000
81.562500	104.478000	15.204466	15.204400
87.187500	104.478000	15.651314	15.651300
92.812500	104.478000	15.219961	15.219900
98.437500	104.478000	15.452263	15.452300
104.062000	104.478000	15.249932	15.249900
109.688000	104.478000	15.088994	15.089000
115.312000	104.478000	15.386214	15.386200
120.938000	104.478000	15.411661	15.411600
126.562000	104.478000	15.296641	15.296600
132.188000	104.478000	15.496823	15.496900
137.812000	104.478000	15.174948	15.174900
143.437000	104.478000	15.461197	15.461300
149.062000	104.478000	15.006999	15.007000
154.688000	104.478000	14.687612	14.687600
160.312000	104.478000	15.485740	15.485700
165.938000	104.478000	15.570789	15.570800
171.562000	104.478000	15.504401	15.504300
177.188000	104.478000	15.406685	15.406600
182.812000	104.478000	15.171329	15.171300
188.438000	104.478000	15.013897	15.013900
194.062000	104.478000	15.280129	15.280100
199.687000	104.478000	15.270063	15.270000
205.312000	104.478000	15.238509	15.238500
210.938000	104.478000	15.255926	15.256000
216.562000	104.478000	15.555747	15.555800
222.188000	104.478000	15.857264	15.857300
227.812000	104.478000	15.274361	15.274300
233.438000	104.478000	15.352850	15.352800
239.062000	104.478000	14.999195	14.999200
244.687000	104.478000	14.702088	14.702000
250.312000	104.478000	15.225163	15.225200
255.937000	104.478000	15.555521	15.555500
261.562000	104.478000	15.381577	15.381600
267.188000	104.478000	15.572485	15.572500
272.812000	104.478000	15.378863	15.378800
278.438000	104.478000	15.799132	15.799200
284.062000	104.478000	15.454864	15.454800
289.688000	104.478000	15.468549	15.468500
295.312000	104.478000	14.907021	14.907000
300.938000	104.478000	15.102000	15.102000
306.562000	104.478000	15.352850	15.352900
312.187000	104.478000	14.683314	14.683300
317.812000	104.478000	15.492978	15.492900
323.438000	104.478000	15.301165	15.301200
329.062000	104.478000	15.381238	15.381300
334.688000	104.478000	15.384517	15.384500
340.312000	104.478000	14.992635	14.992700
345.938000	104.478000	15.317111	15.317100
351.562000	104.478000	15.464817	15.464800
357.187000	104.478000	15.302861	15.302800
0.000000	106.958000	13.226055	13.226000
5.625000	106.958000	13.290068	13.290100
11.250000	106.958000	13.259192	13.259200
16.875000	106.958000	13.629360	13.629400
22.500000	106.958000	13.720969	13.720900
28.125000	106.958000	12.547923	12.548000
33.750000	106.958000	13.580276	13.580300
39.375000	106.958000	13.467178	13.467200
45.000000	106.958000	13.602782	13.602800
50.625000	106.958000	13.391403	13.391400
56.250000	106.958000	13.643610	13.643600
61.875000	106.958000	13.232728	13.232700
67.500000	106.958000	13.451797	13.451800
73.125000	106.958000	13.268353	13.268400
78.750000	106.958000	13.230239	13.230300
84.375000	106.958000	13.245055	13.245000
90.000000	106.958000	13.562293	13.562300
95.625000	106.958000	13.780006	13.780000
101.250000	106.958000	13.402826	13.402800
106.875000	106.958000	13.283395	13.283400
112.500000	106.958000	13.821060	13.821000
118.125000	106.958000	13.281246	13.281300
123.750000	106.958000	13.891180	13.891200
129.375000	106.958000	13.381224	13.381200
135.000000	106.958000	13.198007	13.198000
140.625000	106.958000	13.421374	13.421400
146.250000	106.958000	12.735665	12.735700
151.875000	106.958000	13.343111	13.343100
157.500000	106.958000	13.356908	13.356900
163.125000	106.958000	12.858602	12.858600
168.750000	106.958000	13.535715	13.535700
174.375000	106.958000	13.354420	13.354500
180.000000	106.958000	13.581067	13.581100
185.625000	106.958000	13.556751	13.556700
191.250000	106.958000	13.314497	13.314400
196.875000	106.958000	13.105154	13.105200
202.500000	106.958000	13.518072	13.518000
208.125000	106.958000	13.465143	13.465100
213.750000	106.958000	13.582425	13.582400
219.375000	106.958000	12.933585	12.933600
225.000000	106.958000	13.250031	13.250000
230.625000	106.958000	13.579710	13.579700
236.250000	106.958000	13.829203	13.829200
241.875000	106.958000	13.467178	13.467200
247.500000	106.958000	13.419791	13.419800
253.125000	106.958000	13.789732	13.789700
258.750000	106.958000	13.880323	13.880300
264.375000	106.958000	13.597919	13.597900
270.000000	106.958000	13.711242	13.711300
275.625000	106.958000	13.169054	13.169000
281.250000	106.958000	13.851483	13.851500
286.875000	106.958000	13.329426	13.329400
292.500000	106.958000	13.391403	13.391400
298.125000	106.958000	13.489119	13.489100
303.750000	106.958000	13.337569	13.337500
309.375000	106.958000	13.260889	13.260800
315.000000	106.958000	12.786332	12.786400
320.625000	106.958000	13.227977	13.228000
326.250000	106.958000	13.395927	13.395900
331.875000	106.958000	13.781023	13.781100
337.500000	106.958000	13.711242	13.711200
343.125000	106.958000	13.359057	13.359100
348.750000	106.958000	13.571115	13.571100
354.375000	106.958000	13.762815	13.762800
2.812500	109.471000	11.896030	11.896000
8.437500	109.471000	11.804761	11.804800
14.062500	109.471000	11.609102	11.609100
19.687500	109.471000	11.839595	11.839600
25.312500	109.471000	11.702521	11.702600
30.937500	109.471000	11.577435	11.577500
36.562500	109.471000	11.454837	11.454800
42.187500	109.471000	11.497023	11.497000
47.812500	109.471000	11.844458	11.844400
53.437500	109.471000	11.745384	11.745400
59.062500	109.471000	12.029146	12.029200
64.687500	109.471000	11.711229	11.711200
70.312500	109.471000	11.528238	11.528200
75.937500	109.471000	11.560244	11.560300
81.562500	109.471000	11.566578	11.566500
87.187500	109.471000	11.510934	11.511000
92.812500	109.471000	11.599828	11.599900
98.437500	109.471000	11.786100	11.786100
104.062000	109.471000	11.888566	11.888600
109.688000	109.471000	11.790850	11.790800
115.312000	109.471000	11.733170	11.733200
120.938000	109.471000	11.487523	11.487500
126.562000	109.471000	11.822630	11.822600
132.188000	109.471000	11.338460	11.338400
137.812000	109.471000	11.521112	11.521100
143.437000	109.471000	11.838464	11.838400
149.062000	109.471000	12.053235	12.053300
154.688000	109.471000	11.680014	11.680000
160.312000	109.471000	11.905757	11.905800
165.938000	109.471000	11.795487	11.795500
171.562000	109.471000	11.440248	11.440300
177.188000	109.471000	11.454046	11.454100
182.812000	109.471000	11.647216	11.647200
188.438000	109.471000	11.665085	11.665100
194.062000	109.471000	11.696640	11.696600
199.687000	109.471000	11.733735	11.733700
205.312000	109.471000	11.859613	11.859600
210.938000	109.471000	11.866625	11.866700
216.562000	109.471000	11.930864	11.930800
222.188000	109.471000	11.744819	11.744800
227.812000	109.471000	11.658978	11.658900
233.438000	109.471000	11.911638	11.911600
239.062000	109.471000	11.560697	11.560700
244.687000	109.471000	11.779653	11.779700
250.312000	109.471000	11.575965	11.576000
255.937000	109.471000	11.351127	11.351200
261.562000	109.471000	11.573250	11.573200
267.188000	109.471000	11.675603	11.675600
272.812000	109.471000	11.383021	11.383000
278.438000	109.471000	11.559000	11.559000
284.062000	109.471000	11.576417	11.576400
289.688000	109.471000	11.518511	11.518500
295.312000	109.471000	11.826588	11.826600
300.938000	109.471000	11.301805	11.301800
306.562000	109.471000	11.929620	11.929700
312.187000	109.471000	11.665877	11.665900
317.812000	109.471000	11.731587	11.731600
323.438000	109.471000	11.779201	11.779200
329.062000	109.471000	11.965585	11.965600
334.688000	109.471000	11.773885	11.773900
340.312000	109.471000	11.653436	11.653400
345.938000	109.471000	11.501660	11.501700
351.562000	109.471000	11.402360	11.402400
357.187000	109.471000	11.836089	11.836100
0.000000	112.024000	9.607064	9.607070
5.625000	112.024000	9.961037	9.961040
11.250000	112.024000	9.731404	9.731400
16.875000	112.024000	9.680747	9.680750
22.500000	112.024000	9.591118	9.591120
28.125000	112.024000	9.432521	9.432520
33.750000	112.024000	10.103449	10.103500
39.375000	112.024000	10.052046	10.052000
45.000000	112.024000	9.644273	9.644280
50.625000	112.024000	10.031146	10.031100
56.250000	112.024000	10.098744	10.098700
61.875000	112.024000	9.760933	9.760930
67.500000	112.024000	9.611396	9.611390
73.125000	112.024000	10.090703	10.090700
78.750000	112.024000	10.026407	10.026400
84.375000	112.024000	9.847125	9.847130
90.000000	112.024000	9.830058	9.830060
95.625000	112.024000	10.157894	10.157900
101.250000	112.024000	10.083973	10.084000
106.875000	112.024000	10.052815	10.052800
112.500000	112.024000	9.673057	9.673060
118.125000	112.024000	9.829108	9.829110
123.750000	112.024000	9.860357	9.860360
129.375000	112.024000	9.677174	9.677180
135.000000	112.024000	10.060845	10.060800
140.625000	112.024000	9.837172	9.837170
146.250000	112.024000	9.736052	9.736050
151.875000	112.024000	10.089051	10.089000
157.500000	112.024000	9.764824	9.764820
163.125000	112.024000	9.911783	9.911790
168.750000	112.024000	9.868602	9.868600
174.375000	112.024000	9.955483	9.955490
180.000000	112.024000	10.323344	10.323300
185.625000	112.024000	10.133306	10.133300
191.250000	112.024000	9.621575	9.621570
196.875000	112.024000	9.874381	9.874380
202.500000	112.024000	9.988881	9.988880
208.125000	112.024000	9.842375	9.842380
213.750000	112.024000	9.920197	9.920200
219.375000	112.024000	10.138170	10.138200
225.000000	112.024000	10.217100	10.217100
230.625000	112.024000	10.147975	10.148000
236.250000	112.024000	9.945497	9.945500
241.875000	112.024000	10.085625	10.085600
247.500000	112.024000	9.897759	9.897760
253.125000	112.024000	9.831845	9.831840
258.750000	112.024000	9.873850	9.873850
264.375000	112.024000	9.878555	9.878560
270.000000	112.024000	9.662188	9.662190
275.625000	112.024000	9.836381	9.836380
281.250000	112.024000	9.920446	9.920450
286.875000	112.024000	10.016092	10.016100
292.500000	112.024000	9.880217	9.880220
298.125000	112.024000	9.838179	9.838180
303.750000	112.024000	9.510389	9.510390
309.375000	112.024000	9.958379	9.958380
315.000000	112.024000	9.547643	9.547640
320.625000	112.024000	10.357986	10.358000
326.250000	112.024000	9.507448	9.507440
331.875000	112.024000	9.862857	9.862850
337.500000	112.024000	9.569742	9.569750
343.125000	112.024000	9.840260	9.840250
348.750000	112.024000	9.826914	9.826920
354.375000	112.024000	9.890566	9.890570
2.812500	114.624000	8.263547	8.263550
8.437500	114.624000	8.393326	8.393330
14.062500	114.624000	8.298619	8.298610
19.687500	114.624000	8.345498	8.345500
25.312500	114.624000	8.258277	8.258280
30.937500	114.624000	8.191041	8.191040
36.562500	114.624000	8.193189	8.193190
42.187500	114.624000	8.522371	8.522370
47.812500	114.624000	8.244287	8.244290
53.437500	114.624000	8.427663	8.427660
59.062500	114.624000	8.353856	8.353850
64.687500	114.624000	8.197793	8.197790
70.312500	114.624000	8.490952	8.490950
75.937500	114.624000	8.450689	8.450690
81.562500	114.624000	8.318739	8.318740
87.187500	114.624000	8.488996	8.488990
92.812500	114.624000	8.205246	8.205240
98.437500	114.624000	8.144196	8.144190
104.062000	114.624000	8.327968	8.327970
109.688000	114.624000	8.266171	8.266170
115.312000	114.624000	8.094320	8.094320
120.938000	114.624000	8.440907	8.440910
126.562000	114.624000	8.385579	8.385580
132.188000	114.624000	8.425243	8.425240
137.812000	114.624000	8.572518	8.572520
143.437000	114.624000	8.444989	8.444990
149.062000	114.624000	8.174619	8.174610
154.688000	114.624000	8.555203	8.555200
160.312000	114.624000	8.362078	8.362080
165.938000	114.624000	8.398291	8.398300
171.562000	114.624000	8.414385	8.414390
177.188000	114.624000	8.588680	8.588680
182.812000	114.624000	8.064326	8.064330
188.438000	114.624000	8.420673	8.420670
194.062000	114.624000	8.199104	8.199110
199.687000	114.624000	8.332424	8.332420
205.312000	114.624000	8.367450	8.367450
210.938000	114.624000	8.109995	8.110000
216.562000	114.624000	8.017414	8.017410
222.188000	114.624000	8.273002	8.273000
227.812000	114.624000	8.197204	8.197200
233.438000	114.624000	8.152712	8.152710
239.062000	114.624000	8.086041	8.086040
244.687000	114.624000	8.479043	8.479040
250.312000	114.624000	8.316816	8.316810
255.937000	114.624000	8.146593	8.146590
261.562000	114.624000	8.462542	8.462550
267.188000	114.624000	8.701732	8.701740
272.812000	114.624000	8.682844	8.682850
278.438000	114.624000	8.150665	8.150660
284.062000	114.624000	8.348472	8.348470
289.688000	114.624000	8.405134	8.405130
295.312000	114.624000	8.065152	8.065150
300.938000	114.624000	8.324620	8.324620
306.562000	114.624000	8.267879	8.267870
312.187000	114.624000	7.851127	7.851130
317.812000	114.624000	8.378013	8.378020
323.438000	114.624000	8.337773	8.337780
329.062000	114.624000	8.271023	8.271030
334.688000	114.624000	8.141289	8.141290
340.312000	114.624000	8.166917	8.166920
345.938000	114.624000	8.319191	8.319190
351.562000	114.624000	8.203504	8.203500
357.187000	114.624000	8.084062	8.084060
0.000000	117.280000	6.582830	6.582830
5.625000	117.280000	6.671928	6.671920
11.250000	117.280000	6.925934	6.925930
16.875000	117.280000	7.078118	7.078120
22.500000	117.280000	6.795103	6.795100
28.125000	117.280000	6.952749	6.952740
33.750000	117.280000	6.910134	6.910130
39.375000	117.280000	7.065813	7.065810
45.000000	117.280000	7.043973	7.043970
50.625000	117.280000	6.851866	6.851860
56.250000	117.280000	6.911310	6.911300
61.875000	117.280000	6.573014	6.573020
67.500000	117.280000	6.839561	6.839560
73.125000	117.280000	6.769407	6.769410
78.750000	117.280000	6.816965	6.816960
84.375000	117.280000	6.668479	6.668480
90.000000	117.280000	6.873762	6.873770
95.625000	117.280000	7.050273	7.050280
101.250000	117.280000	6.918062	6.918070
106.875000	117.280000	6.676803	6.676800
112.500000	117.280000	6.788193	6.788190
118.125000	117.280000	6.822608	6.822600
123.750000	117.280000	6.498584	6.498580
129.375000	117.280000	6.871839	6.871840
135.000000	117.280000	6.847320	6.847320
140.625000	117.280000	6.650225	6.650220
146.250000	117.280000	6.839697	6.839690
151.875000	117.280000	6.928354	6.928350
157.500000	117.280000	6.642614	6.642610
163.125000	117.280000	7.010689	7.010680
168.750000	117.280000	6.559725	6.559730
174.375000	117.280000	7.010293	7.010290
180.000000	117.280000	6.766467	6.766460
185.625000	117.280000	6.757758	6.757760
191.250000	117.280000	6.903495	6.903490
196.875000	117.280000	6.755134	6.755140
202.500000	117.280000	6.748575	6.748580
208.125000	117.280000	6.520740	6.520740
213.750000	117.280000	6.449432	6.449430
219.375000	117.280000	6.818344	6.818340
225.000000	117.280000	6.842061	6.842060
230.625000	117.280000	6.556863	6.556860
236.250000	117.280000	6.796697	6.796700
241.875000	117.280000	6.880299	6.880300
247.500000	117.280000	6.899707	6.899700
253.125000	117.280000	6.802341	6.802340
258.750000	117.280000	6.458706	6.458700
264.375000	117.280000	6.889471	6.889470
270.000000	117.280000	6.845623	6.845620
275.625000	117.280000	6.779111	6.779110
281.250000	117.280000	6.959150	6.959160
286.875000	117.280000	6.917146	6.917140
292.500000	117.280000	6.580501	6.580500
298.125000	117.280000	6.750848	6.750850
303.750000	117.280000	6.829100	6.829100
309.375000	117.280000	6.889618	6.889620
315.000000	117.280000	6.802940	6.802940
320.625000	117.280000	6.663175	6.663180
326.250000	117.280000	6.928433	6.928440
331.875000	117.280000	6.826125	6.826120
337.500000	117.280000	6.877641	6.877640
343.125000	117.280000	6.733827	6.733830
348.750000	117.280000	6.875244	6.875250
354.375000	117.280000	7.025369	7.025370
2.812500	120.000000	5.586307	5.586300
8.437500	120.000000	5.322225	5.322220
14.062500	120.000000	5.517092	5.517090
19.687500	120.000000	5.341146	5.341150
25.312500	120.000000	5.521355	5.521360
30.937500	120.000000	5.302716	5.302720
36.562500	120.000000	5.463223	5.463220
42.187500	120.000000	5.190738	5.190740
47.812500	120.000000	5.506494	5.506500
53.437500	120.000000	5.467634	5.467630
59.062500	120.000000	5.498849	5.498850
64.687500	120.000000	5.213731	5.213730
70.312500	120.000000	5.632462	5.632460
75.937500	120.000000	5.738774	5.738770
81.562500	120.000000	5.505194	5.505190
87.187500	120.000000	5.541374	5.541380
92.812500	120.000000	5.753691	5.753690
98.437500	120.000000	5.711958	5.711960
104.062000	120.000000	5.569094	5.569100
109.688000	120.000000	5.208969	5.208970
115.312000	120.000000	5.526999	5.527000
120.938000	120.000000	5.320732	5.320730
126.562000	120.000000	5.319499	5.319500
132.188000	120.000000	5.346496	5.346490
137.812000	120.000000	5.456245	5.456240
143.437000	120.000000	5.432314	5.432320
149.062000	120.000000	5.464513	5.464510
154.688000	120.000000	5.715476	5.715470
160.312000	120.000000	5.477869	5.477870
165.938000	120.000000	5.407297	5.407300
171.562000	120.000000	5.423176	5.423170
177.188000	120.000000	5.657434	5.657430
182.812000	120.000000	5.470100	5.470100
188.438000	120.000000	5.508813	5.508810
194.062000	120.000000	5.392040	5.392050
199.687000	120.000000	5.653430	5.653440
205.312000	120.000000	5.376489	5.376490
210.938000	120.000000	5.603566	5.603570
216.562000	120.000000	5.419477	5.419480
222.188000	120.000000	5.672069	5.672070
227.812000	120.000000	5.325098	5.325090
233.438000	120.000000	5.458315	5.458310
239.062000	120.000000	5.562839	5.562840
244.687000	120.000000	5.281465	5.281470
250.312000	120.000000	5.533796	5.533790
255.937000	120.000000	5.405498	5.405500
261.562000	120.000000	5.236011	5.236010
267.188000	120.000000	5.525359	5.525360
272.812000	120.000000	5.505952	5.505960
278.438000	120.000000	5.186485	5.186480
284.062000	120.000000	5.424544	5.424540
289.688000	120.000000	5.504922	5.504920
295.312000	120.000000	5.392424	5.392430
300.938000	120.000000	5.342458	5.342460
306.562000	120.000000	5.381929	5.381930
312.187000	120.000000	5.653408	5.653410
317.812000	120.000000	5.473730	5.473730
323.438000	120.000000	5.483920	5.483930
329.062000	120.000000	5.492470	5.492470
334.688000	120.000000	5.411855	5.411850
340.312000	120.000000	5.634713	5.634710
345.938000	120.000000	5.515667	5.515670
351.562000	120.000000	5.533604	5.533610
357.187000	120.000000	5.640877	5.640870
0.000000	122.797000	4.331741	4.331740
5.625000	122.797000	4.209053	4.209050
11.250000	122.797000	4.225294	4.225290
16.875000	122.797000	4.257719	4.257720
22.500000	122.797000	4.391038	4.391030
28.125000	122.797000	4.589784	4.589780
33.750000	122.797000	4.181898	4.181900
39.375000	122.797000	4.252584	4.252580
45.000000	122.797000	4.131276	4.131270
50.625000	122.797000	4.366213	4.366220
56.250000	122.797000	4.346749	4.346750
61.875000	122.797000	4.258409	4.258400
67.500000	122.797000	4.306882	4.306880
73.125000	122.797000	4.338697	4.338700
78.750000	122.797000	4.289307	4.289310
84.375000	122.797000	4.125316	4.125310
90.000000	122.797000	4.136524	4.136520
95.625000	122.797000	4.617097	4.617100
101.250000	122.797000	4.430837	4.430840
106.875000	122.797000	4.402144	4.402150
112.500000	122.797000	4.310637	4.310630
118.125000	122.797000	4.249010	4.249010
123.750000	122.797000	4.229343	4.229340
129.375000	122.797000	4.280270	4.280280
135.000000	122.797000	4.019355	4.019360
140.625000	122.797000	4.166257	4.166250
146.250000	122.797000	4.542577	4.542570
151.875000	122.797000	4.217309	4.217310
157.500000	122.797000	4.197246	4.197240
163.125000	122.797000	4.305763	4.305760
168.750000	122.797000	4.466417	4.466420
174.375000	122.797000	4.391377	4.391380
180.000000	122.797000	4.389477	4.389470
185.625000	122.797000	4.326934	4.326940
191.250000	122.797000	4.321788	4.321790
196.875000	122.797000	4.526291	4.526290
202.500000	122.797000	4.164968	4.164970
208.125000	122.797000	4.472129	4.472130
213.750000	122.797000	4.420602	4.420600
219.375000	122.797000	4.161586	4.161590
225.000000	122.797000	4.178867	4.178860
230.625000	122.797000	4.371721	4.371720
236.250000	122.797000	4.451884	4.451880
241.875000	122.797000	4.271867	4.271870
247.500000	122.797000	4.357233	4.357230
253.125000	122.797000	4.389805	4.389810
258.750000	122.797000	4.147630	4.147630
264.375000	122.797000	4.305514	4.305510
270.000000	122.797000	4.362911	4.362910
275.625000	122.797000	4.251646	4.251650
281.250000	122.797000	4.201091	4.201090
286.875000	122.797000	4.421280	4.421280
292.500000	122.797000	4.442837	4.442840
298.125000	122.797000	4.237621	4.237620
303.750000	122.797000	4.362029	4.362030
309.375000	122.797000	4.426042	4.426050
315.000000	122.797000	4.197200	4.197200
320.625000	122.797000	4.337339	4.337330
326.250000	122.797000	4.399973	4.399970
331.875000	122.797000	4.380497	4.380500
337.500000	122.797000	4.329637	4.329640
343.125000	122.797000	4.437182	4.437180
348.750000	122.797000	4.076356	4.076360
354.375000	122.797000	4.441197	4.441190
2.812500	125.685000	3.486327	3.486330
8.437500	125.685000	3.319486	3.319490
14.062500	125.685000	3.217687	3.217690
19.687500	125.685000	3.350927	3.350930
25.312500	125.685000	3.322347	3.322340
30.937500	125.685000	3.195079	3.195080
36.562500	125.685000	3.510145	3.510140
42.187500	125.685000	3.233668	3.233670
47.812500	125.685000	3.252792	3.252790
53.437500	125.685000	3.245317	3.245310
59.062500	125.685000	3.280253	3.280250
64.687500	125.685000	3.254444	3.254450
70.312500	125.685000	3.222494	3.222490
75.937500	125.685000	3.300418	3.300410
81.562500	125.685000	3.207791	3.207790
87.187500	125.685000	3.224982	3.224980
92.812500	125.685000	3.303279	3.303280
98.437500	125.685000	3.311694	3.311690
104.062000	125.685000	3.113773	3.113780
109.688000	125.685000	3.193993	3.194000
115.312000	125.685000	3.130104	3.130110
120.938000	125.685000	3.343621	3.343620
126.562000	125.685000	3.390760	3.390760
132.188000	125.685000	3.121453	3.121450
137.812000	125.685000	3.275129	3.275130
143.437000	125.685000	3.299377	3.299380
149.062000	125.685000	3.259906	3.259910
154.688000	125.685000	3.109849	3.109850
160.312000	125.685000	3.302250	3.302240
165.938000	125.685000	3.224122	3.224130
171.562000	125.685000	3.261727	3.261730
177.188000	125.685000	3.412509	3.412510
182.812000	125.685000	3.259556	3.259550
188.438000	125.685000	3.224032	3.224030
194.062000	125.685000	3.261829	3.261830
199.687000	125.685000	3.156920	3.156920
205.312000	125.685000	3.294819	3.294820
210.938000	125.685000	3.280603	3.280610
216.562000	125.685000	3.245034	3.245030
222.188000	125.685000	3.304399	3.304390
227.812000	125.685000	3.133814	3.133810
233.438000	125.685000	3.286213	3.286210
239.062000	125.685000	3.200598	3.200590
244.687000	125.685000	3.221012	3.221010
250.312000	125.685000	3.175864	3.175870
255.937000	125.685000	3.177481	3.177490
261.562000	125.685000	3.152928	3.152930
267.188000	125.685000	3.061748	3.061750
272.812000	125.685000	3.631442	3.631450
278.438000	125.685000	3.235115	3.235110
284.062000	125.685000	3.515925	3.515930
289.688000	125.685000	3.353359	3.353350
295.312000	125.685000	3.395171	3.395170
300.938000	125.685000	3.251209	3.251210
306.562000	125.685000	3.125004	3.125010
312.187000	125.685000	3.244830	3.244830
317.812000	125.685000	3.064135	3.064140
323.438000	125.685000	3.114814	3.114810
329.062000	125.685000	3.290239	3.290240
334.688000	125.685000	3.223975	3.223980
340.312000	125.685000	3.112043	3.112040
345.938000	125.685000	3.266590	3.266590
351.562000	125.685000	3.202509	3.202500
357.187000	125.685000	3.287129	3.287130
0.000000	128.682000	2.209074	2.209070
5.625000	128.682000	2.393388	2.393390
11.250000	128.682000	2.236002	2.236010
16.875000	128.682000	2.311110	2.311110
22.500000	128.682000	2.401905	2.401900
28.125000	128.682000	2.348658	2.348660
33.750000	128.682000	2.300309	2.300300
39.375000	128.682000	2.244100	2.244100
45.000000	128.682000	2.298658	2.298660
50.625000	128.682000	2.346634	2.346630
56.250000	128.682000	2.176287	2.176290
61.875000	128.682000	2.516280	2.516290
67.500000	128.682000	2.202503	2.202500
73.125000	128.682000	2.250546	2.250550
78.750000	128.682000	2.350276	2.350280
84.375000	128.682000	2.385539	2.385540
90.000000	128.682000	2.293376	2.293370
95.625000	128.682000	2.263394	2.263400
101.250000	128.682000	2.463000	2.463000
106.875000	128.682000	2.259481	2.259490
112.500000	128.682000	2.283650	2.283650
118.125000	128.682000	2.337484	2.337490
123.750000	128.682000	2.314424	2.314430
129.375000	128.682000	2.288344	2.288340
135.000000	128.682000	2.200309	2.200310
140.625000	128.682000	2.310952	2.310960
146.250000	128.682000	2.315996	2.315990
151.875000	128.682000	2.365827	2.365820
157.500000	128.682000	2.370011	2.370010
163.125000	128.682000	2.369299	2.369300
168.750000	128.682000	2.377510	2.377510
174.375000	128.682000	2.306937	2.306930
180.000000	128.682000	2.260205	2.260210
185.625000	128.682000	2.173030	2.173030
191.250000	128.682000	2.365747	2.365740
196.875000	128.682000	2.284193	2.284200
202.500000	128.682000	2.289689	2.289690
208.125000	128.682000	2.345605	2.345610
213.750000	128.682000	2.394746	2.394740
219.375000	128.682000	2.467750	2.467750
225.000000	128.682000	2.388774	2.388780
230.625000	128.682000	2.346521	2.346520
236.250000	128.682000	2.310545	2.310540
241.875000	128.682000	2.218936	2.218940
247.500000	128.682000	2.232123	2.232130
253.125000	128.682000	2.521562	2.521560
258.750000	128.682000	2.182609	2.182610
264.375000	128.682000	2.222476	2.222480
270.000000	128.682000	2.511688	2.511690
275.625000	128.682000	2.544464	2.544460
281.250000	128.682000	2.280800	2.280800
286.875000	128.682000	2.473608	2.473610
292.500000	128.682000	2.518451	2.518450
298.125000	128.682000	2.430337	2.430330
303.750000	128.682000	2.471799	2.471800
309.375000	128.682000	2.273302	2.273300
315.000000	128.682000	2.344417	2.344410
320.625000	128.682000	2.444441	2.444440
326.250000	128.682000	2.273652	2.273650
331.875000	128.682000	2.353884	2.353890
337.500000	128.682000	2.181829	2.181830
343.125000	128.682000	2.421979	2.421980
348.750000	128.682000	2.237925	2.237930
354.375000	128.682000	2.172294	2.172290
2.812500	131.810000	1.516556	1.516560
8.437500	131.810000	1.506411	1.506410
14.062500	131.810000	1.562112	1.562110
19.687500	131.810000	1.595193	1.595190
25.312500	131.810000	1.496877	1.496880
30.937500	131.810000	1.457893	1.457890
36.562500	131.810000	1.564464	1.564460
42.187500	131.810000	1.540725	1.540730
47.812500	131.810000	1.443518	1.443510
53.437500	131.810000	1.568773	1.568770
59.062500	131.810000	1.481824	1.481820
64.687500	131.810000	1.410720	1.410720
70.312500	131.810000	1.467698	1.467700
75.937500	131.810000	1.652454	1.652460
81.562500	131.810000	1.487660	1.487660
87.187500	131.810000	1.431801	1.431800
92.812500	131.810000	1.462778	1.462780
98.437500	131.810000	1.599886	1.599890
104.062000	131.810000	1.558888	1.558880
109.688000	131.810000	1.616998	1.616990
115.312000	131.810000	1.433203	1.433200
120.938000	131.810000	1.446775	1.446770
126.562000	131.810000	1.443868	1.443870
132.188000	131.810000	1.473545	1.473550
137.812000	131.810000	1.413015	1.413010
143.437000	131.810000	1.446583	1.446580
149.062000	131.810000	1.412190	1.412180
154.688000	131.810000	1.521227	1.521230
160.312000	131.810000	1.469666	1.469670
165.938000	131.810000	1.600497	1.600500
171.562000	131.810000	1.574485	1.574490
177.188000	131.810000	1.493405	1.493410
182.812000	131.810000	1.562259	1.562260
188.438000	131.810000	1.447567	1.447570
194.062000	131.810000	1.541200	1.541200
199.687000	131.810000	1.514272	1.514270
205.312000	131.810000	1.475694	1.475690
210.938000	131.810000	1.486642	1.486640
216.562000	131.810000	1.567801	1.567800
222.188000	131.810000	1.489390	1.489390
227.812000	131.810000	1.475095	1.475100
233.438000	131.810000	1.495396	1.495400
239.062000	131.810000	1.447691	1.447690
244.687000	131.810000	1.528296	1.528300
250.312000	131.810000	1.509544	1.509550
255.937000	131.810000	1.418048	1.418040
261.562000	131.810000	1.543779	1.543780
267.188000	131.810000	1.503934	1.503930
272.812000	131.810000	1.483011	1.483010
278.438000	131.810000	1.430727	1.430730
284.062000	131.810000	1.561060	1.561060
289.688000	131.810000	1.651108	1.651100
295.312000	131.810000	1.544457	1.544460
300.938000	131.810000	1.406705	1.406710
306.562000	131.810000	1.498913	1.498920
312.187000	131.810000	1.481937	1.481940
317.812000	131.810000	1.460901	1.460910
323.438000	131.810000	1.559160	1.559160
329.062000	131.810000	1.475728	1.475730
334.688000	131.810000	1.506660	1.506660
340.312000	131.810000	1.492998	1.493000
345.938000	131.810000	1.587977	1.587970
351.562000	131.810000	1.557011	1.557010
357.187000	131.810000	1.520085	1.520080
3.000000	134.994000	0.895968	0.895968
9.000000	134.994000	0.884570	0.884570
15.000000	134.994000	0.760045	0.760045
21.000000	134.994000	0.871327	0.871327
27.000000	134.994000	0.883280	0.883280
33.000000	134.994000	0.864297	0.864297
39.000000	134.994000	0.869146	0.869146
45.000000	134.994000	1.012484	1.012480
51.000000	134.994000	0.857511	0.857511
57.000000	134.994000	0.908696	0.908697
63.000000	134.994000	0.866413	0.866413
69.000000	134.994000	0.907702	0.907702
75.000000	134.994000	0.889190	0.889190
81.000000	134.994000	0.833444	0.833443
87.000000	134.994000	0.803471	0.803471
93.000000	134.994000	0.759965	0.759966
99.000000	134.994000	0.886429	0.886428
105.000000	134.994000	0.838120	0.838120
111.000000	134.994000	0.922867	0.922868
117.000000	134.994000	0.865750	0.865750
123.000000	134.994000	0.821076	0.821076
129.000000	134.994000	0.942436	0.942436
135.000000	134.994000	0.911230	0.911229
141.000000	134.994000	0.790807	0.790807
147.000000	134.994000	0.800362	0.800361
153.000000	134.994000	0.844217	0.844218
159.000000	134.994000	0.843346	0.843347
165.000000	134.994000	0.902643	0.902644
171.000000	134.994000	0.847211	0.847211
177.000000	134.994000	0.872069	0.872069
183.000000	134.994000	0.922127	0.922127
189.000000	134.994000	0.899642	0.899642
195.000000	134.994000	0.802594	0.802594
201.000000	134.994000	0.820879	0.820879
207.000000	134.994000	0.817052	0.817052
213.000000	134.994000	0.870283	0.870283
219.000000	134.994000	0.796080	0.796080
225.000000	134.994000	0.790824	0.790824
231.000000	134.994000	0.876933	0.876933
237.000000	134.994000	0.848686	0.848686
243.000000	134.994000	0.861803	0.861803
249.000000	134.994000	0.829282	0.829282
255.000000	134.994000	0.739668	0.739668
261.000000	134.994000	0.805319	0.805318
267.000000	134.994000	0.909052	0.909051
273.000000	134.994000	0.828083	0.828083
279.000000	134.994000	0.786734	0.786734
285.000000	134.994000	0.913174	0.913174
291.000000	134.994000	0.791479	0.791479
297.000000	134.994000	0.905161	0.905161
303.000000	134.994000	0.829742	0.829742
309.000000	134.994000	0.847815	0.847816
315.000000	134.994000	0.773714	0.773714
321.000000	134.994000	0.771562	0.771562
327.000000	134.994000	0.825957	0.825956
333.000000	134.994000	0.927961	0.927961
339.000000	134.994000	0.843757	0.843757
345.000000	134.994000	0.822065	0.822065
351.000000	134.994000	0.810864	0.810864
357.000000	134.994000	0.901718	0.901719
3.214290	138.141000	0.315789	0.315789
9.642860	138.141000	0.404478	0.404478
16.071400	138.141000	0.364408	0.364407
22.500000	138.141000	0.267414	0.267414
28.928600	138.141000	0.365439	0.365439
35.357100	138.141000	0.306987	0.306987
41.785700	138.141000	0.364316	0.364316
48.214300	138.141000	0.414649	0.414649
54.642900	138.141000	0.382058	0.382057
61.071400	138.141000	0.399904	0.399904
67.500000	138.141000	0.345735	0.345735
73.928600	138.141000	0.404419	0.404419
80.357100	138.141000	0.289822	0.289823
86.785700	138.141000	0.437878	0.437878
93.214300	138.141000	0.326671	0.326671
99.642900	138.141000	0.332158	0.332157
106.071000	138.141000	0.354064	0.354064
112.500000	138.141000	0.337731	0.337731
118.929000	138.141000	0.389836	0.389836
125.357000	138.141000	0.426376	0.426376
131.786000	138.141000	0.358554	0.358554
138.214000	138.141000	0.381994	0.381994
144.643000	138.141000	0.322391	0.322391
151.071000	138.141000	0.392533	0.392533
157.500000	138.141000	0.416426	0.416426
163.929000	138.141000	0.274764	0.274764
170.357000	138.141000	0.278173	0.278173
176.786000	138.141000	0.383021	0.383021
183.214000	138.141000	0.369815	0.369815
189.643000	138.141000	0.414633	0.414633
196.071000	138.141000	0.339767	0.339768
202.500000	138.141000	0.375062	0.375063
208.929000	138.141000	0.353150	0.353150
215.357000	138.141000	0.392914	0.392913
221.786000	138.141000	0.313872	0.313872
228.214000	138.141000	0.340318	0.340317
234.643000	138.141000	0.381251	0.381252
241.071000	138.141000	0.361961	0.361961
247.500000	138.141000	0.407442	0.407442
253.929000	138.141000	0.331619	0.331619
260.357000	138.141000	0.373200	0.373200
266.786000	138.141000	0.349480	0.349480
273.214000	138.141000	0.364948	0.364948
279.643000	138.141000	0.314861	0.314860
286.071000	138.141000	0.325239	0.325238
292.500000	138.141000	0.312845	0.312845
298.929000	138.141000	0.364037	0.364036
305.357000	138.141000	0.373461	0.373461
311.786000	138.141000	0.350117	0.350117
318.214000	138.141000	0.392379	0.392379
324.643000	138.141000	0.302134	0.302134
331.071000	138.141000	0.393100	0.393100
337.500000	138.141000	0.376044	0.376044
343.929000	138.141000	0.350549	0.350549
350.357000	138.141000	0.356804	0.356804
356.786000	138.141000	0.391485	0.391485
3.461540	141.256000	0.076462	0.076462
10.384600	141.256000	0.093308	0.093308
17.307700	141.256000	0.135247	0.135248
24.230800	141.256000	0.060279	0.060279
31.153800	141.256000	0.090626	0.090626
38.076900	141.256000	0.081508	0.081508
45.000000	141.256000	0.063286	0.063286
51.923100	141.256000	0.115772	0.115772
58.846200	141.256000	0.094757	0.094757
65.769200	141.256000	0.101771	0.101771
72.692300	141.256000	0.084461	0.084461
79.615400	141.256000	0.065344	0.065344
86.538500	141.256000	0.083122	0.083122
93.461500	141.256000	0.119452	0.119452
100.385000	141.256000	0.066013	0.066013
107.308000	141.256000	0.105003	0.105003
114.231000	141.256000	0.100934	0.100934
121.154000	141.256000	0.115227	0.115227
128.077000	141.256000	0.076732	0.076732
135.000000	141.256000	0.096622	0.096622
141.923000	141.256000	0.086789	0.086789
148.846000	141.256000	0.096529	0.096530
155.769000	141.256000	0.120230	0.120230
162.692000	141.256000	0.076469	0.076469
169.615000	141.256000	0.070109	0.070109
176.538000	141.256000	0.140415	0.140415
183.462000	141.256000	0.112446	0.112446
190.385000	141.256000	0.067579	0.067579
197.308000	141.256000	0.096983	0.096983
204.231000	141.256000	0.052291	0.052291
211.154000	141.256000	0.077445	0.077445
218.077000	141.256000	0.088049	0.088049
225.000000	141.256000	0.102737	0.102737
231.923000	141.256000	0.057794	0.057794
238.846000	141.256000	0.086479	0.086479
245.769000	141.256000	0.102804	0.102804
252.692000	141.256000	0.086731	0.086731
259.615000	141.256000	0.098570	0.098570
266.538000	141.256000	0.106781	0.106780
273.462000	141.256000	0.093072	0.093072
280.385000	141.256000	0.089987	0.089987
287.308000	141.256000	0.109637	0.109637
294.231000	141.256000	0.072183	0.072183
301.154000	141.256000	0.114405	0.114405
308.077000	141.256000	0.124841	0.124841
315.000000	141.256000	0.103085	0.103085
321.923000	141.256000	0.093161	0.093161
328.846000	141.256000	0.111602	0.111602
335.769000	141.256000	0.090464	0.090464
342.692000	141.256000	0.093106	0.093106
349.615000	141.256000	0.073114	0.073114
356.538000	141.256000	0.132708	0.132709
3.750000	144.341000	0.068782	0.068782
11.250000	144.341000	0.058743	0.058743
18.750000	144.341000	0.079901	0.079901
26.250000	144.341000	0.051453	0.051453
33.750000	144.341000	0.098239	0.098239
41.250000	144.341000	0.069838	0.069838
48.750000	144.341000	0.054014	0.054014
56.250000	144.341000	0.115803	0.115802
63.750000	144.341000	0.081220	0.081220
71.250000	144.341000	0.064336	0.064336
78.750000	144.341000	0.053545	0.053545
86.250000	144.341000	0.072021	0.072021
93.750000	144.341000	0.061171	0.061171
101.250000	144.341000	0.048183	0.048183
108.750000	144.341000	0.043562	0.043562
116.250000	144.341000	0.069409	0.069409
123.750000	144.341000	0.081124	0.081124
131.250000	144.341000	0.074324	0.074324
138.750000	144.341000	0.057468	0.057468
146.250000	144.341000	0.080625	0.080625
153.750000	144.341000	0.094683	0.094683
161.250000	144.341000	0.032783	0.032783
168.750000	144.341000	0.071781	0.071781
176.250000	144.341000	0.074917	0.074917
183.750000	144.341000	0.088455	0.088455
191.250000	144.341000	0.113853	0.113853
198.750000	144.341000	0.082737	0.082737
206.250000	144.341000	0.050406	0.050406
213.750000	144.341000	0.070531	0.070531
221.250000	144.341000	0.065215	0.065215
228.750000	144.341000	0.074348	0.074348
236.250000	144.341000	0.071639	0.071639
243.750000	144.341000	0.080880	0.080880
251.250000	144.341000	0.044368	0.044368
258.750000	144.341000	0.059675	0.059675
266.250000	144.341000	0.092392	0.092392
273.750000	144.341000	0.071250	0.071249
281.250000	144.341000	0.102614	0.102614
288.750000	144.341000	0.074695	0.074695
296.250000	144.341000	0.073656	0.073656
303.750000	144.341000	0.047500	0.047500
311.250000	144.341000	0.065093	0.065093
318.750000	144.341000	0.082106	0.082106
326.250000	144.341000	0.084753	0.084753
333.750000	144.341000	0.059939	0.059939
341.250000	144.341000	0.082056	0.082056
348.750000	144.341000	0.074923	0.074923
356.250000	144.341000	0.063421	0.063421
4.090910	147.400000	0.039097	0.039097
12.272700	147.400000	0.053917	0.053917
20.454500	147.400000	0.054003	0.054003
28.636400	147.400000	0.047749	0.047749
36.818200	147.400000	0.028819	0.028819
45.000000	147.400000	0.043817	0.043817
53.181800	147.400000	0.070732	0.070732
61.363600	147.400000	0.037879	0.037879
69.545500	147.400000	0.042784	0.042784
77.727300	147.400000	0.048385	0.048384
85.909100	147.400000	0.067898	0.067898
94.090900	147.400000	0.053916	0.053916
102.273000	147.400000	0.038575	0.038575
110.455000	147.400000	0.038523	0.038523
118.636000	147.400000	0.044093	0.044093
126.818000	147.400000	0.049896	0.049896
135.000000	147.400000	0.080885	0.080885
143.182000	147.400000	0.046706	0.046706
151.364000	147.400000	0.064587	0.064587
159.545000	147.400000	0.057547	0.057548
167.727000	147.400000	0.048698	0.048698
175.909000	147.400000	0.073517	0.073516
184.091000	147.400000	0.043209	0.043209
192.273000	147.400000	0.042638	0.042638
200.455000	147.400000	0.050551	0.050551
208.636000	147.400000	0.045028	0.045028
216.818000	147.400000	0.055103	0.055103
225.000000	147.400000	0.056079	0.056079
233.182000	147.400000	0.039734	0.039734
241.364000	147.400000	0.037244	0.037244
249.545000	147.400000	0.045052	0.045052
257.727000	147.400000	0.049180	0.049180
265.909000	147.400000	0.065052	0.065051
274.091000	147.400000	0.036569	0.036569
282.273000	147.400000	0.023013	0.023013
290.455000	147.400000	0.025726	0.025726
298.636000	147.400000	0.060002	0.060002
306.818000	147.400000	0.056158	0.056158
315.000000	147.400000	0.052821	0.052821
323.182000	147.400000	0.054777	0.054777
331.364000	147.400000	0.027119	0.027119
339.545000	147.400000	0.049134	0.049134
347.727000	147.400000	0.069360	0.069361
355.909000	147.400000	0.041746	0.041746
4.500000	150.434000	0.054209	0.054209
13.500000	150.434000	0.029309	0.029309
22.500000	150.434000	0.040097	0.040097
31.500000	150.434000	0.038502	0.038502
40.500000	150.434000	0.031269	0.031269
49.500000	150.434000	0.025637	0.025637
58.500000	150.434000	0.045761	0.045761
67.500000	150.434000	0.052010	0.052010
76.500000	150.434000	0.045447	0.045447
85.500000	150.434000	0.036140	0.036140
94.500000	150.434000	0.036221	0.036221
103.500000	150.434000	0.046478	0.046478
112.500000	150.434000	0.039056	0.039056
121.500000	150.434000	0.019768	0.019768
130.500000	150.434000	0.030398	0.030398
139.500000	150.434000	0.040837	0.040837
148.500000	150.434000	0.031208	0.031208
157.500000	150.434000	0.028333	0.028333
166.500000	150.434000	0.055976	0.055976
175.500000	150.434000	0.024727	0.024727
184.500000	150.434000	0.027597	0.027597
193.500000	150.434000	0.026741	0.026741
202.500000	150.434000	0.017548	0.017548
211.500000	150.434000	0.054741	0.054741
220.500000	150.434000	0.024175	0.024175
229.500000	150.434000	0.038405	0.038406
238.500000	150.434000	0.041096	0.041096
247.500000	150.434000	0.030127	0.030127
256.500000	150.434000	0.027169	0.027169
265.500000	150.434000	0.033217	0.033217
274.500000	150.434000	0.025982	0.025982
283.500000	150.434000	0.044984	0.044984
292.500000	150.434000	0.033259	0.033259
301.500000	150.434000	0.035919	0.035920
310.500000	150.434000	0.032204	0.032204
319.500000	150.434000	0.056172	0.056172
328.500000	150.434000	0.035533	0.035533
337.500000	150.434000	0.040722	0.040722
346.500000	150.434000	0.039384	0.039384
355.500000	150.434000	0.015553	0.015553
5.000000	153.448000	0.029040	0.029040
15.000000	153.448000	0.014558	0.014558
25.000000	153.448000	0.010005	0.010005
35.000000	153.448000	0.026455	0.026455
45.000000	153.448000	0.008567	0.008567
55.000000	153.448000	0.010190	0.010190
65.000000	153.448000	0.024879	0.024879
75.000000	153.448000	0.007344	0.007344
85.000000	153.448000	0.017721	0.017721
95.000000	153.448000	0.012345	0.012345
105.000000	153.448000	0.013818	0.013818
115.000000	153.448000	0.020742	0.020742
125.000000	153.448000	0.019420	0.019420
135.000000	153.448000	0.003102	0.003102
145.000000	153.448000	0.020856	0.020856
155.000000	153.448000	0.009842	0.009842
165.000000	153.448000	0.026109	0.026109
175.000000	153.448000	0.026168	0.026167
185.000000	153.448000	0.018913	0.018913
195.000000	153.448000	0.023471	0.023471
205.000000	153.448000	0.014114	0.014114
215.000000	153.448000	0.015804	0.015804
225.000000	153.448000	0.013323	0.013323
235.000000	153.448000	0.016666	0.016666
245.000000	153.448000	0.021777	0.021777
255.000000	153.448000	0.025196	0.025196
265.000000	153.448000	0.016526	0.016526
275.000000	153.448000	0.006663	0.006663
285.000000	153.448000	0.007310	0.007310
295.000000	153.448000	0.004035	0.004035
305.000000	153.448000	0.020727	0.020727
315.000000	153.448000	0.016270	0.016270
325.000000	153.448000	0.012775	0.012775
335.000000	153.448000	0.022343	0.022343
345.000000	153.448000	0.013469	0.013469
355.000000	153.448000	0.018003	0.018003
5.625000	156.444000	0.005299	0.005299
16.875000	156.444000	0.003648	0.003648
28.125000	156.444000	0.006486	0.006486
39.375000	156.444000	0.000289	0.000289
50.625000	156.444000	0.000000	0.000000
61.875000	156.444000	0.006714	0.006714
73.125000	156.444000	0.000000	0.000000
84.375000	156.444000	0.004326	0.004326
95.625000	156.444000	0.006290	0.006290
106.875000	156.444000	0.000000	0.000000
118.125000	156.444000	0.002926	0.002926
129.375000	156.444000	0.000000	0.000000
140.625000	156.444000	0.003368	0.003368
151.875000	156.444000	0.000000	0.000000
163.125000	156.444000	0.004035	0.004035
174.375000	156.444000	0.000297	0.000297
185.625000	156.444000	0.003609	0.003609
196.875000	156.444000	0.003980	0.003980
208.125000	156.444000	0.000524	0.000524
219.375000	156.444000	0.001061	0.001061
230.625000	156.444000	0.000302	0.000302
241.875000	156.444000	0.012642	0.012642
253.125000	156.444000	0.000223	0.000223
264.375000	156.444000	0.000000	0.000000
275.625000	156.444000	0.006218	0.006218
286.875000	156.444000	0.002921	0.002921
298.125000	156.444000	0.002939	0.002939
309.375000	156.444000	0.003207	0.003207
320.625000	156.444000	0.000302	0.000302
331.875000	156.444000	0.000000	0.000000
343.125000	156.444000	0.000000	0.000000
354.375000	156.444000	0.006518	0.006518
6.428570	159.423000	0.000000	0.000000
19.285700	159.423000	0.000000	0.000000
32.142900	159.423000	0.000000	0.000000
45.000000	159.423000	0.000000	0.000000
57.857100	159.423000	0.000000	0.000000
70.714300	159.423000	0.000000	0.000000
83.571400	159.423000	0.000000	0.000000
96.428600	159.423000	0.000303	0.000303
109.286000	159.423000	0.000000	0.000000
122.143000	159.423000	0.000000	0.000000
135.000000	159.423000	0.003507	0.003507
147.857000	159.423000	0.000333	0.000333
160.714000	159.423000	0.000000	0.000000
173.571000	159.423000	0.000000	0.000000
186.429000	159.423000	0.000000	0.000000
199.286000	159.423000	0.000000	0.000000
212.143000	159.423000	0.000000	0.000000
225.000000	159.423000	0.000000	0.000000
237.857000	159.423000	0.003933	0.003933
250.714000	159.423000	0.000000	0.000000
263.571000	159.423000	0.000290	0.000290
276.429000	159.423000	0.000000	0.000000
289.286000	159.423000	0.000000	0.000000
302.143000	159.423000	0.000000	0.000000
315.000000	159.423000	0.000000	0.000000
327.857000	159.423000	0.000000	0.000000
340.714000	159.423000	0.000000	0.000000
353.571000	159.423000	0.000000	0.000000
7.500000	162.388000	0.000000	0.000000
22.500000	162.388000	0.000000	0.000000
37.500000	162.388000	0.000290	0.000290
52.500000	162.388000	0.000000	0.000000
67.500000	162.388000	0.000000	0.000000
82.500000	162.388000	0.000000	0.000000
97.500000	162.388000	0.000000	0.000000
112.500000	162.388000	0.000299	0.000299
127.500000	162.388000	0.000000	0.000000
142.500000	162.388000	0.000000	0.000000
157.500000	162.388000	0.000000	0.000000
172.500000	162.388000	0.003714	0.003714
187.500000	162.388000	0.003614	0.003614
202.500000	162.388000	0.000000	0.000000
217.500000	162.388000	0.000000	0.000000
232.500000	162.388000	0.000000	0.000000
247.500000	162.388000	0.000000	0.000000
262.500000	162.388000	0.003936	0.003936
277.500000	162.388000	0.000000	0.000000
292.500000	162.388000	0.000000	0.000000
307.500000	162.388000	0.000000	0.000000
322.500000	162.388000	0.003618	0.003618
337.500000	162.388000	0.000000	0.000000
352.500000	162.388000	0.000000	0.000000
9.000000	165.341000	0.000000	0.000000
27.000000	165.341000	0.000000	0.000000
45.000000	165.341000	0.000000	0.000000
63.000000	165.341000	0.000000	0.000000
81.000000	165.341000	0.000000	0.000000
99.000000	165.341000	0.000000	0.000000
117.000000	165.341000	0.000000	0.000000
135.000000	165.341000	0.000000	0.000000
153.000000	165.341000	0.000200	0.000200
171.000000	165.341000	0.000332	0.000332
189.000000	165.341000	0.000602	0.000602
207.000000	165.341000	0.000000	0.000000
225.000000	165.341000	0.000000	0.000000
243.000000	165.341000	0.000000	0.000000
261.000000	165.341000	0.000000	0.000000
279.000000	165.341000	0.000000	0.000000
297.000000	165.341000	0.000000	0.000000
315.000000	165.341000	0.000301	0.000301
333.000000	165.341000	0.000000	0.000000
351.000000	165.341000	0.000000	0.000000
11.250000	168.284000	0.000000	0.000000
33.750000	168.284000	0.000000	0.000000
56.250000	168.284000	0.007773	0.007773
78.750000	168.284000	0.000000	0.000000
101.250000	168.284000	0.000000	0.000000
123.750000	168.284000	0.000000	0.000000
146.250000	168.284000	0.000000	0.000000
168.750000	168.284000	0.000000	0.000000
191.250000	168.284000	0.000000	0.000000
213.750000	168.284000	0.000000	0.000000
236.250000	168.284000	0.000000	0.000000
258.750000	168.284000	0.000000	0.000000
281.250000	168.284000	0.000000	0.000000
303.750000	168.284000	0.000000	0.000000
326.250000	168.284000	0.000000	0.000000
348.750000	168.284000	0.003624	0.003624
15.000000	171.220000	0.000000	0.000000
45.000000	171.220000	0.000000	0.000000
75.000000	171.220000	0.000000	0.000000
105.000000	171.220000	0.000000	0.000000
135.000000	171.220000	0.000000	0.000000
165.000000	171.220000	0.000000	0.000000
195.000000	171.220000	0.000000	0.000000
225.000000	171.220000	0.000523	0.000523
255.000000	171.220000	0.000000	0.000000
285.000000	171.220000	0.003672	0.003672
315.000000	171.220000	0.000000	0.000000
345.000000	171.220000	0.000000	0.000000
22.500000	174.150000	0.000000	0.000000
67.500000	174.150000	0.000000	0.000000
112.500000	174.150000	0.000000	0.000000
157.500000	174.150000	0.000000	0.000000
202.500000	174.150000	0.000000	0.000000
247.500000	174.150000	0.000803	0.000803
292.500000	174.150000	0.000000	0.000000
337.500000	174.150000	0.000000	0.000000
45.000000	177.076000	0.000000	0.000000
135.000000	177.076000	0.003769	0.003769
225.000000	177.076000	0.000000	0.000000
315.000000	177.076000	0.000000	0.000000
