# phi	theta	PMT0 	total
45.000000	2.924180	79.940703	79.940700
135.000000	2.924180	80.849892	80.849900
225.000000	2.924180	79.903833	79.903900
315.000000	2.924180	79.739163	79.739200
22.500000	5.850270	80.342538	80.342600
67.500000	5.850270	79.980287	79.980300
112.500000	5.850270	80.114760	80.114700
157.500000	5.850270	80.688729	80.688700
202.500000	5.850270	80.385741	80.385800
247.500000	5.850270	80.379634	80.379700
292.500000	5.850270	80.580607	80.580600
337.500000	5.850270	80.324442	80.324400
15.000000	8.780180	82.434612	82.434600
45.000000	8.780180	81.345824	81.345900
75.000000	8.780180	80.277394	80.277400
105.000000	8.780180	80.396372	80.396300
135.000000	8.780180	80.214059	80.214000
165.000000	8.780180	81.584120	81.584100
195.000000	8.780180	80.875565	80.875600
225.000000	8.780180	79.599375	79.599400
255.000000	8.780180	80.339823	80.339900
285.000000	8.780180	81.046003	81.046000
315.000000	8.780180	80.079247	80.079300
345.000000	8.780180	80.055044	80.055100
11.250000	11.715900	80.709878	80.709900
33.750000	11.715900	80.150838	80.150800
56.250000	11.715900	80.918995	80.919000
78.750000	11.715900	80.669954	80.669900
101.250000	11.715900	80.684996	80.684900
123.750000	11.715900	80.658192	80.658200
146.250000	11.715900	81.049396	81.049400
168.750000	11.715900	79.715526	79.715600
191.250000	11.715900	80.130254	80.130300
213.750000	11.715900	80.450998	80.451000
236.250000	11.715900	80.814380	80.814400
258.750000	11.715900	80.175380	80.175300
281.250000	11.715900	80.667240	80.667200
303.750000	11.715900	80.448171	80.448200
326.250000	11.715900	81.264733	81.264800
348.750000	11.715900	80.700717	80.700700
9.000000	14.659300	80.367871	80.367900
27.000000	14.659300	80.101866	80.101800
45.000000	14.659300	79.256012	79.256000
63.000000	14.659300	79.983001	79.983000
81.000000	14.659300	79.275804	79.275800
99.000000	14.659300	79.517832	79.517900
117.000000	14.659300	79.529933	79.529900
135.000000	14.659300	80.527565	80.527600
153.000000	14.659300	79.968751	79.968800
171.000000	14.659300	79.785986	79.786000
189.000000	14.659300	79.964679	79.964700
207.000000	14.659300	81.547024	81.547000
225.000000	14.659300	80.120188	80.120200
243.000000	14.659300	79.918988	79.919000
261.000000	14.659300	79.664632	79.664600
279.000000	14.659300	79.964114	79.964200
297.000000	14.659300	79.869451	79.869500
315.000000	14.659300	80.115777	80.115800
333.000000	14.659300	79.454950	79.455000
351.000000	14.659300	79.304983	79.305000
7.500000	17.612400	78.885957	78.886000
22.500000	17.612400	79.033662	79.033600
37.500000	17.612400	80.028806	80.028800
52.500000	17.612400	78.779532	78.779500
67.500000	17.612400	78.749562	78.749600
82.500000	17.612400	79.300685	79.300700
97.500000	17.612400	78.772973	78.773000
112.500000	17.612400	77.698774	77.698700
127.500000	17.612400	79.137033	79.137000
142.500000	17.612400	78.483896	78.483900
157.500000	17.612400	77.924630	77.924700
172.500000	17.612400	79.125045	79.125100
187.500000	17.612400	79.147325	79.147400
202.500000	17.612400	78.532075	78.532100
217.500000	17.612400	79.172885	79.172900
232.500000	17.612400	78.873177	78.873200
247.500000	17.612400	78.460711	78.460800
262.500000	17.612400	77.441252	77.441200
277.500000	17.612400	77.968625	77.968600
292.500000	17.612400	78.210087	78.210100
307.500000	17.612400	78.273874	78.273900
322.500000	17.612400	78.023703	78.023700
337.500000	17.612400	78.663947	78.664000
352.500000	17.612400	78.448383	78.448400
6.428570	20.577500	77.350095	77.350100
19.285700	20.577500	77.478574	77.478500
32.142900	20.577500	77.339464	77.339500
45.000000	20.577500	77.843426	77.843400
57.857100	20.577500	77.245028	77.245100
70.714300	20.577500	77.373393	77.373300
83.571400	20.577500	77.171401	77.171400
96.428600	20.577500	77.470544	77.470600
109.286000	20.577500	76.969636	76.969700
122.143000	20.577500	76.724780	76.724800
135.000000	20.577500	77.543718	77.543700
147.857000	20.577500	77.215283	77.215300
160.714000	20.577500	77.553670	77.553700
173.571000	20.577500	77.618701	77.618700
186.429000	20.577500	76.978118	76.978200
199.286000	20.577500	77.073798	77.073800
212.143000	20.577500	76.584087	76.584100
225.000000	20.577500	78.300226	78.300200
237.857000	20.577500	77.414108	77.414100
250.714000	20.577500	77.156133	77.156100
263.571000	20.577500	77.345119	77.345200
276.429000	20.577500	76.512609	76.512600
289.286000	20.577500	77.727614	77.727600
302.143000	20.577500	77.338899	77.338900
315.000000	20.577500	77.954714	77.954800
327.857000	20.577500	77.235188	77.235200
340.714000	20.577500	77.553444	77.553500
353.571000	20.577500	76.448257	76.448200
5.625000	23.556500	76.403357	76.403400
16.875000	23.556500	75.629885	75.629900
28.125000	23.556500	76.703178	76.703200
39.375000	23.556500	76.232467	76.232500
50.625000	23.556500	76.694018	76.694000
61.875000	23.556500	76.786870	76.786900
73.125000	23.556500	76.571420	76.571400
84.375000	23.556500	77.770139	77.770200
95.625000	23.556500	76.910033	76.910100
106.875000	23.556500	76.180443	76.180400
118.125000	23.556500	77.227950	77.228000
129.375000	23.556500	75.947010	75.947000
140.625000	23.556500	76.576396	76.576400
151.875000	23.556500	76.119031	76.119000
163.125000	23.556500	76.881307	76.881300
174.375000	23.556500	76.631701	76.631700
185.625000	23.556500	76.853711	76.853700
196.875000	23.556500	77.160205	77.160200
208.125000	23.556500	76.567235	76.567300
219.375000	23.556500	77.751591	77.751600
230.625000	23.556500	77.449508	77.449500
241.875000	23.556500	76.614171	76.614200
253.125000	23.556500	76.511592	76.511600
264.375000	23.556500	76.863324	76.863300
275.625000	23.556500	76.667327	76.667300
286.875000	23.556500	76.465335	76.465300
298.125000	23.556500	76.963868	76.963900
309.375000	23.556500	76.370333	76.370400
320.625000	23.556500	76.158728	76.158700
331.875000	23.556500	75.756554	75.756600
343.125000	23.556500	76.478793	76.478700
354.375000	23.556500	77.118133	77.118100
5.000000	26.551700	74.994052	74.994000
15.000000	26.551700	75.521085	75.521100
25.000000	26.551700	75.879717	75.879800
35.000000	26.551700	75.199097	75.199100
45.000000	26.551700	74.560097	74.560100
55.000000	26.551700	74.642093	74.642000
65.000000	26.551700	75.708374	75.708400
75.000000	26.551700	75.366933	75.366900
85.000000	26.551700	74.923592	74.923600
95.000000	26.551700	74.894978	74.895000
105.000000	26.551700	75.041326	75.041300
115.000000	26.551700	75.263449	75.263400
125.000000	26.551700	75.841264	75.841200
135.000000	26.551700	74.686314	74.686300
145.000000	26.551700	74.881067	74.881100
155.000000	26.551700	75.216740	75.216800
165.000000	26.551700	75.331534	75.331600
175.000000	26.551700	74.838316	74.838300
185.000000	26.551700	75.079666	75.079600
195.000000	26.551700	75.358112	75.358200
205.000000	26.551700	74.988510	74.988500
215.000000	26.551700	75.297152	75.297200
225.000000	26.551700	76.341380	76.341300
235.000000	26.551700	74.873264	74.873200
245.000000	26.551700	75.062928	75.062900
255.000000	26.551700	75.483197	75.483200
265.000000	26.551700	76.292974	76.293000
275.000000	26.551700	75.756328	75.756300
285.000000	26.551700	75.086678	75.086700
295.000000	26.551700	74.977879	74.977800
305.000000	26.551700	74.832888	74.832900
315.000000	26.551700	74.876996	74.877000
325.000000	26.551700	75.969516	75.969500
335.000000	26.551700	74.999480	74.999500
345.000000	26.551700	74.380612	74.380600
355.000000	26.551700	74.679641	74.679600
4.500000	29.565600	73.992348	73.992400
13.500000	29.565600	74.815245	74.815300
22.500000	29.565600	74.152720	74.152700
31.500000	29.565600	74.000605	74.000600
40.500000	29.565600	73.637336	73.637300
49.500000	29.565600	73.251674	73.251600
58.500000	29.565600	73.210167	73.210100
67.500000	29.565600	73.975610	73.975600
76.500000	29.565600	74.089838	74.089900
85.500000	29.565600	73.822137	73.822100
94.500000	29.565600	73.485333	73.485400
103.500000	29.565600	74.166179	74.166200
112.500000	29.565600	73.474815	73.474800
121.500000	29.565600	73.474250	73.474200
130.500000	29.565600	72.825636	72.825700
139.500000	29.565600	73.886263	73.886300
148.500000	29.565600	74.024129	74.024100
157.500000	29.565600	74.690951	74.691000
166.500000	29.565600	73.830393	73.830400
175.500000	29.565600	73.939984	73.940000
184.500000	29.565600	73.754731	73.754700
193.500000	29.565600	73.771017	73.771100
202.500000	29.565600	74.289907	74.289900
211.500000	29.565600	75.126602	75.126600
220.500000	29.565600	73.539846	73.539800
229.500000	29.565600	73.452422	73.452400
238.500000	29.565600	72.891120	72.891100
247.500000	29.565600	73.659955	73.660000
256.500000	29.565600	74.046070	74.046000
265.500000	29.565600	73.498679	73.498700
274.500000	29.565600	73.689926	73.689900
283.500000	29.565600	74.015533	74.015500
292.500000	29.565600	73.970068	73.970100
301.500000	29.565600	73.856292	73.856200
310.500000	29.565600	73.360700	73.360700
319.500000	29.565600	74.062469	74.062500
328.500000	29.565600	73.267734	73.267700
337.500000	29.565600	74.672290	74.672300
346.500000	29.565600	74.651253	74.651200
355.500000	29.565600	73.705647	73.705700
4.090910	32.600500	71.329585	71.329600
12.272700	32.600500	72.068563	72.068600
20.454500	32.600500	72.759248	72.759200
28.636400	32.600500	72.122171	72.122200
36.818200	32.600500	71.329698	71.329700
45.000000	32.600500	72.177589	72.177500
53.181800	32.600500	71.993805	71.993700
61.363600	32.600500	72.290799	72.290800
69.545500	32.600500	72.486457	72.486500
77.727300	32.600500	71.814207	71.814200
85.909100	32.600500	72.617085	72.617100
94.090900	32.600500	71.472427	71.472500
102.273000	32.600500	71.969150	71.969100
110.455000	32.600500	71.726896	71.726900
118.636000	32.600500	71.917917	71.918000
126.818000	32.600500	71.329924	71.330000
135.000000	32.600500	73.159047	73.159000
143.182000	32.600500	72.147844	72.147900
151.364000	32.600500	72.169332	72.169300
159.545000	32.600500	72.175327	72.175300
167.727000	32.600500	72.280168	72.280200
175.909000	32.600500	71.498552	71.498600
184.091000	32.600500	72.033729	72.033700
192.273000	32.600500	71.971412	71.971400
200.455000	32.600500	72.617537	72.617500
208.636000	32.600500	72.044021	72.044000
216.818000	32.600500	71.036436	71.036400
225.000000	32.600500	72.377318	72.377300
233.182000	32.600500	72.965538	72.965600
241.364000	32.600500	72.119570	72.119600
249.545000	32.600500	72.084736	72.084800
257.727000	32.600500	72.095819	72.095800
265.909000	32.600500	72.729730	72.729700
274.091000	32.600500	72.459314	72.459300
282.273000	32.600500	72.849613	72.849600
290.455000	32.600500	71.779147	71.779100
298.636000	32.600500	73.176917	73.176900
306.818000	32.600500	72.457504	72.457600
315.000000	32.600500	72.030901	72.030800
323.182000	32.600500	72.620365	72.620400
331.364000	32.600500	71.464171	71.464200
339.545000	32.600500	71.422438	71.422400
347.727000	32.600500	71.854017	71.854000
355.909000	32.600500	72.749748	72.749700
3.750000	35.659100	69.652577	69.652600
11.250000	35.659100	70.027834	70.027900
18.750000	35.659100	69.977958	69.977900
26.250000	35.659100	69.876397	69.876400
33.750000	35.659100	71.011668	71.011600
41.250000	35.659100	71.376859	71.376800
48.750000	35.659100	70.488367	70.488400
56.250000	35.659100	71.299727	71.299700
63.750000	35.659100	69.390305	69.390300
71.250000	35.659100	70.534510	70.534500
78.750000	35.659100	70.792938	70.792900
86.250000	35.659100	70.204719	70.204700
93.750000	35.659100	70.355930	70.355900
101.250000	35.659100	69.292136	69.292100
108.750000	35.659100	70.082234	70.082200
116.250000	35.659100	70.294292	70.294300
123.750000	35.659100	70.924470	70.924500
131.250000	35.659100	70.134259	70.134300
138.750000	35.659100	70.669209	70.669200
146.250000	35.659100	69.909195	69.909200
153.750000	35.659100	70.504992	70.505000
161.250000	35.659100	70.836254	70.836300
168.750000	35.659100	70.508272	70.508300
176.250000	35.659100	70.649530	70.649500
183.750000	35.659100	70.163664	70.163600
191.250000	35.659100	69.344727	69.344800
198.750000	35.659100	70.249844	70.249800
206.250000	35.659100	70.219987	70.220000
213.750000	35.659100	69.863504	69.863500
221.250000	35.659100	70.448670	70.448700
228.750000	35.659100	69.232082	69.232100
236.250000	35.659100	70.640143	70.640100
243.750000	35.659100	70.213993	70.214000
251.250000	35.659100	70.328673	70.328700
258.750000	35.659100	69.962690	69.962700
266.250000	35.659100	69.907838	69.907800
273.750000	35.659100	69.893701	69.893700
281.250000	35.659100	69.848123	69.848100
288.750000	35.659100	70.444824	70.444900
296.250000	35.659100	70.084044	70.084000
303.750000	35.659100	70.424241	70.424200
311.250000	35.659100	70.325393	70.325300
318.750000	35.659100	70.269523	70.269500
326.250000	35.659100	70.350840	70.350800
333.750000	35.659100	70.040049	70.040000
341.250000	35.659100	70.111300	70.111300
348.750000	35.659100	70.338739	70.338800
356.250000	35.659100	70.357287	70.357200
3.461540	38.744200	68.411334	68.411300
10.384600	38.744200	68.535515	68.535500
17.307700	38.744200	68.379215	68.379200
24.230800	38.744200	68.825497	68.825500
31.153800	38.744200	67.792126	67.792100
38.076900	38.744200	67.233539	67.233600
45.000000	38.744200	69.093198	69.093200
51.923100	38.744200	68.814752	68.814800
58.846200	38.744200	68.309207	68.309200
65.769200	38.744200	68.122710	68.122700
72.692300	38.744200	68.151550	68.151600
79.615400	38.744200	68.336011	68.336000
86.538500	38.744200	68.506336	68.506300
93.461500	38.744200	67.974552	67.974500
100.385000	38.744200	68.511991	68.512000
107.308000	38.744200	67.949558	67.949600
114.231000	38.744200	68.325833	68.325800
121.154000	38.744200	67.645326	67.645300
128.077000	38.744200	68.545920	68.545900
135.000000	38.744200	67.511532	67.511600
141.923000	38.744200	68.304797	68.304800
148.846000	38.744200	68.571593	68.571600
155.769000	38.744200	67.499091	67.499100
162.692000	38.744200	67.897420	67.897500
169.615000	38.744200	67.210014	67.210000
176.538000	38.744200	67.722798	67.722800
183.462000	38.744200	68.679375	68.679400
190.385000	38.744200	66.965611	66.965600
197.308000	38.744200	67.834877	67.834900
204.231000	38.744200	67.944129	67.944100
211.154000	38.744200	68.402173	68.402200
218.077000	38.744200	67.837931	67.837900
225.000000	38.744200	68.143067	68.143100
231.923000	38.744200	67.611849	67.611800
238.846000	38.744200	68.375482	68.375500
245.769000	38.744200	67.959963	67.960000
252.692000	38.744200	67.446501	67.446500
259.615000	38.744200	67.370839	67.370800
266.538000	38.744200	68.245307	68.245300
273.462000	38.744200	68.304118	68.304100
280.385000	38.744200	68.521717	68.521700
287.308000	38.744200	67.929766	67.929700
294.231000	38.744200	68.147365	68.147400
301.154000	38.744200	67.125304	67.125400
308.077000	38.744200	67.969124	67.969200
315.000000	38.744200	68.148835	68.148800
321.923000	38.744200	68.975124	68.975100
328.846000	38.744200	68.474669	68.474700
335.769000	38.744200	68.039809	68.039900
342.692000	38.744200	68.119882	68.119900
349.615000	38.744200	68.300612	68.300700
356.538000	38.744200	67.941302	67.941300
3.214290	41.858800	66.560949	66.560900
9.642860	41.858800	66.242693	66.242700
16.071400	41.858800	67.085833	67.085900
22.500000	41.858800	65.582091	65.582000
28.928600	41.858800	65.499756	65.499700
35.357100	41.858800	65.675736	65.675700
41.785700	41.858800	65.566710	65.566700
48.214300	41.858800	65.778202	65.778200
54.642900	41.858800	65.944342	65.944300
61.071400	41.858800	66.254342	66.254400
67.500000	41.858800	66.018081	66.018100
73.928600	41.858800	65.846400	65.846400
80.357100	41.858800	66.026564	66.026500
86.785700	41.858800	66.221544	66.221500
93.214300	41.858800	65.975783	65.975700
99.642900	41.858800	65.943437	65.943500
106.071000	41.858800	66.364499	66.364500
112.500000	41.858800	65.845043	65.845100
118.929000	41.858800	65.987658	65.987700
125.357000	41.858800	66.838603	66.838600
131.786000	41.858800	65.759541	65.759600
138.214000	41.858800	65.374218	65.374200
144.643000	41.858800	66.893681	66.893700
151.071000	41.858800	65.033682	65.033700
157.500000	41.858800	66.517067	66.517100
163.929000	41.858800	66.403178	66.403100
170.357000	41.858800	65.746195	65.746200
176.786000	41.858800	65.524299	65.524300
183.214000	41.858800	66.434280	66.434300
189.643000	41.858800	66.652105	66.652100
196.071000	41.858800	66.462328	66.462300
202.500000	41.858800	65.974426	65.974400
208.929000	41.858800	64.887334	64.887400
215.357000	41.858800	65.800030	65.800100
221.786000	41.858800	66.489924	66.489900
228.214000	41.858800	66.225163	66.225200
234.643000	41.858800	66.186370	66.186300
241.071000	41.858800	65.971033	65.971100
247.500000	41.858800	65.699939	65.700000
253.929000	41.858800	65.682522	65.682500
260.357000	41.858800	65.987771	65.987700
266.786000	41.858800	66.496144	66.496100
273.214000	41.858800	66.088315	66.088300
279.643000	41.858800	65.275597	65.275600
286.071000	41.858800	65.714415	65.714500
292.500000	41.858800	66.108220	66.108200
298.929000	41.858800	65.840406	65.840400
305.357000	41.858800	66.580854	66.580900
311.786000	41.858800	66.188972	66.189000
318.214000	41.858800	66.765994	66.766000
324.643000	41.858800	66.320164	66.320200
331.071000	41.858800	65.795619	65.795600
337.500000	41.858800	66.566151	66.566200
343.929000	41.858800	65.500096	65.500100
350.357000	41.858800	66.014010	66.014000
356.786000	41.858800	66.898544	66.898600
3.000000	45.006100	64.777743	64.777700
9.000000	45.006100	64.835423	64.835400
15.000000	45.006100	64.391742	64.391700
21.000000	45.006100	63.815172	63.815200
27.000000	45.006100	63.812683	63.812700
33.000000	45.006100	64.525762	64.525800
39.000000	45.006100	63.872738	63.872700
45.000000	45.006100	64.469440	64.469500
51.000000	45.006100	64.500202	64.500200
57.000000	45.006100	64.892311	64.892300
63.000000	45.006100	64.764511	64.764500
69.000000	45.006100	64.888013	64.888000
75.000000	45.006100	64.364259	64.364200
81.000000	45.006100	64.129921	64.129900
87.000000	45.006100	63.645865	63.645900
93.000000	45.006100	64.294026	64.294100
99.000000	45.006100	63.960049	63.960100
105.000000	45.006100	64.905317	64.905300
111.000000	45.006100	63.722545	63.722500
117.000000	45.006100	63.788368	63.788300
123.000000	45.006100	63.904632	63.904700
129.000000	45.006100	64.284412	64.284400
135.000000	45.006100	64.203887	64.203900
141.000000	45.006100	64.535828	64.535800
147.000000	45.006100	63.078682	63.078700
153.000000	45.006100	62.901119	62.901100
159.000000	45.006100	64.103117	64.103100
165.000000	45.006100	64.631961	64.632000
171.000000	45.006100	63.902483	63.902500
177.000000	45.006100	64.728772	64.728800
183.000000	45.006100	63.549393	63.549400
189.000000	45.006100	64.600633	64.600600
195.000000	45.006100	64.268126	64.268100
201.000000	45.006100	63.929287	63.929300
207.000000	45.006100	63.834624	63.834600
213.000000	45.006100	64.113635	64.113600
219.000000	45.006100	64.121552	64.121600
225.000000	45.006100	63.897393	63.897400
231.000000	45.006100	63.616460	63.616400
237.000000	45.006100	64.466725	64.466700
243.000000	45.006100	64.653562	64.653600
249.000000	45.006100	64.730468	64.730500
255.000000	45.006100	64.681723	64.681700
261.000000	45.006100	64.201964	64.201900
267.000000	45.006100	64.173238	64.173200
273.000000	45.006100	64.598484	64.598500
279.000000	45.006100	64.708527	64.708500
285.000000	45.006100	63.569977	63.570000
291.000000	45.006100	64.422278	64.422300
297.000000	45.006100	63.491148	63.491200
303.000000	45.006100	64.462541	64.462600
309.000000	45.006100	63.398973	63.398900
315.000000	45.006100	64.002574	64.002500
321.000000	45.006100	65.203894	65.203900
327.000000	45.006100	64.150053	64.150100
333.000000	45.006100	63.378616	63.378600
339.000000	45.006100	64.143719	64.143700
345.000000	45.006100	64.293573	64.293600
351.000000	45.006100	64.391855	64.391800
357.000000	45.006100	64.233519	64.233500
2.812500	48.189700	61.728300	61.728400
8.437500	48.189700	61.032525	61.032600
14.062500	48.189700	61.257588	61.257500
19.687500	48.189700	61.186676	61.186700
25.312500	48.189700	61.608643	61.608600
30.937500	48.189700	61.409139	61.409100
36.562500	48.189700	62.630138	62.630100
42.187500	48.189700	61.733728	61.733800
47.812500	48.189700	62.098580	62.098600
53.437500	48.189700	61.618821	61.618800
59.062500	48.189700	61.080591	61.080500
64.687500	48.189700	62.498379	62.498300
70.312500	48.189700	61.050733	61.050700
75.937500	48.189700	62.536606	62.536600
81.562500	48.189700	61.829295	61.829300
87.187500	48.189700	61.477110	61.477200
92.812500	48.189700	61.096538	61.096600
98.437500	48.189700	61.973608	61.973600
104.062000	48.189700	61.774104	61.774100
109.688000	48.189700	62.333370	62.333300
115.312000	48.189700	62.457664	62.457700
120.938000	48.189700	61.876118	61.876100
126.562000	48.189700	61.069621	61.069600
132.188000	48.189700	61.626625	61.626600
137.812000	48.189700	61.376228	61.376200
143.437000	48.189700	61.998602	61.998700
149.062000	48.189700	61.171182	61.171100
154.688000	48.189700	61.434586	61.434600
160.312000	48.189700	62.061710	62.061700
165.938000	48.189700	61.550963	61.550900
171.562000	48.189700	60.886403	60.886400
177.188000	48.189700	61.206129	61.206200
182.812000	48.189700	62.147438	62.147500
188.438000	48.189700	61.584100	61.584100
194.062000	48.189700	61.922601	61.922600
199.687000	48.189700	61.524837	61.524800
205.312000	48.189700	61.135104	61.135100
210.938000	48.189700	61.777271	61.777300
216.562000	48.189700	61.103437	61.103400
222.188000	48.189700	61.171974	61.172000
227.812000	48.189700	61.281113	61.281100
233.438000	48.189700	61.483896	61.483900
239.062000	48.189700	61.590095	61.590100
244.687000	48.189700	61.892969	61.893000
250.312000	48.189700	62.088175	62.088200
255.937000	48.189700	61.136687	61.136600
261.562000	48.189700	61.412532	61.412500
267.188000	48.189700	61.490569	61.490600
272.812000	48.189700	61.296268	61.296300
278.438000	48.189700	62.093378	62.093300
284.062000	48.189700	61.958340	61.958300
289.688000	48.189700	61.277720	61.277700
295.312000	48.189700	61.081948	61.082000
300.938000	48.189700	61.397377	61.397300
306.562000	48.189700	61.201266	61.201300
312.187000	48.189700	60.978690	60.978600
317.812000	48.189700	61.264487	61.264500
323.438000	48.189700	61.450532	61.450600
329.062000	48.189700	61.438770	61.438800
334.688000	48.189700	61.331667	61.331700
340.312000	48.189700	61.597446	61.597500
345.938000	48.189700	61.852820	61.852800
351.562000	48.189700	61.422937	61.422900
357.187000	48.189700	61.869219	61.869300
0.000000	51.317800	58.412964	58.412900
5.625000	51.317800	59.117674	59.117700
11.250000	51.317800	58.905956	58.906000
16.875000	51.317800	58.426310	58.426300
22.500000	51.317800	58.806769	58.806800
28.125000	51.317800	59.041899	59.041900
33.750000	51.317800	58.830407	58.830400
39.375000	51.317800	58.275777	58.275700
45.000000	51.317800	58.830633	58.830600
50.625000	51.317800	58.579330	58.579300
56.250000	51.317800	58.978790	58.978700
61.875000	51.317800	59.262212	59.262300
67.500000	51.317800	59.317517	59.317500
73.125000	51.317800	58.462727	58.462700
78.750000	51.317800	59.213693	59.213700
84.375000	51.317800	58.752709	58.752700
90.000000	51.317800	58.848389	58.848400
95.625000	51.317800	58.106584	58.106600
101.250000	51.317800	59.025726	59.025700
106.875000	51.317800	58.486138	58.486200
112.500000	51.317800	59.174449	59.174400
118.125000	51.317800	58.963183	58.963100
123.750000	51.317800	59.265831	59.265900
129.375000	51.317800	58.586569	58.586600
135.000000	51.317800	58.983540	58.983600
140.625000	51.317800	58.696952	58.697000
146.250000	51.317800	59.801234	59.801200
151.875000	51.317800	59.317177	59.317200
157.500000	51.317800	59.544616	59.544600
163.125000	51.317800	59.195937	59.196000
168.750000	51.317800	59.931861	59.931900
174.375000	51.317800	59.214485	59.214500
180.000000	51.317800	58.995755	58.995800
185.625000	51.317800	59.706006	59.706000
191.250000	51.317800	58.064964	58.065000
196.875000	51.317800	58.552753	58.552800
202.500000	51.317800	59.130793	59.130800
208.125000	51.317800	59.307451	59.307500
213.750000	51.317800	58.644701	58.644700
219.375000	51.317800	58.704755	58.704700
225.000000	51.317800	58.396113	58.396100
230.625000	51.317800	58.860603	58.860600
236.250000	51.317800	59.199556	59.199600
241.875000	51.317800	58.371458	58.371400
247.500000	51.317800	59.156919	59.156900
253.125000	51.317800	58.175347	58.175300
258.750000	51.317800	58.886616	58.886600
264.375000	51.317800	58.629206	58.629200
270.000000	51.317800	59.330636	59.330700
275.625000	51.317800	58.754518	58.754500
281.250000	51.317800	59.035565	59.035600
286.875000	51.317800	58.542574	58.542600
292.500000	51.317800	58.484216	58.484200
298.125000	51.317800	59.587706	59.587700
303.750000	51.317800	58.658725	58.658700
309.375000	51.317800	58.385255	58.385200
315.000000	51.317800	59.307225	59.307200
320.625000	51.317800	59.579903	59.579900
326.250000	51.317800	59.106477	59.106500
331.875000	51.317800	58.896795	58.896700
337.500000	51.317800	58.862074	58.862100
343.125000	51.317800	58.728506	58.728600
348.750000	51.317800	59.387863	59.387900
354.375000	51.317800	58.189032	58.189000
2.812500	54.314700	56.048551	56.048500
8.437500	54.314700	56.841477	56.841500
14.062500	54.314700	56.848263	56.848200
19.687500	54.314700	55.847464	55.847400
25.312500	54.314700	56.560882	56.560900
30.937500	54.314700	56.089040	56.089000
36.562500	54.314700	56.008967	56.009000
42.187500	54.314700	56.092659	56.092600
47.812500	54.314700	56.590966	56.591000
53.437500	54.314700	56.283681	56.283600
59.062500	54.314700	55.557935	55.558000
64.687500	54.314700	55.571959	55.572000
70.312500	54.314700	55.564947	55.564900
75.937500	54.314700	55.727694	55.727700
81.562500	54.314700	56.007384	56.007400
87.187500	54.314700	55.765695	55.765700
92.812500	54.314700	55.621722	55.621700
98.437500	54.314700	56.291937	56.291900
104.062000	54.314700	56.060200	56.060200
109.688000	54.314700	55.527738	55.527700
115.312000	54.314700	55.338639	55.338700
120.938000	54.314700	56.644914	56.644900
126.562000	54.314700	56.215483	56.215500
132.188000	54.314700	56.299514	56.299500
137.812000	54.314700	56.078183	56.078100
143.437000	54.314700	55.752236	55.752300
149.062000	54.314700	56.036111	56.036100
154.688000	54.314700	55.888632	55.888700
160.312000	54.314700	55.556578	55.556600
165.938000	54.314700	56.085534	56.085600
171.562000	54.314700	55.844184	55.844200
177.188000	54.314700	55.655425	55.655400
182.812000	54.314700	56.567894	56.567900
188.438000	54.314700	56.091528	56.091500
194.062000	54.314700	56.393724	56.393800
199.687000	54.314700	56.422677	56.422700
205.312000	54.314700	55.979110	55.979100
210.938000	54.314700	56.042444	56.042500
216.562000	54.314700	56.066081	56.066100
222.188000	54.314700	55.705414	55.705400
227.812000	54.314700	56.515870	56.515800
233.438000	54.314700	55.787410	55.787400
239.062000	54.314700	56.092659	56.092700
244.687000	54.314700	56.719445	56.719500
250.312000	54.314700	55.629300	55.629300
255.937000	54.314700	55.786505	55.786500
261.562000	54.314700	56.291937	56.291900
267.188000	54.314700	56.533173	56.533100
272.812000	54.314700	55.465874	55.465900
278.438000	54.314700	55.739569	55.739500
284.062000	54.314700	55.224411	55.224500
289.688000	54.314700	56.058956	56.059000
295.312000	54.314700	55.660288	55.660300
300.938000	54.314700	56.571400	56.571400
306.562000	54.314700	56.027855	56.027800
312.187000	54.314700	55.083718	55.083800
317.812000	54.314700	56.234483	56.234500
323.438000	54.314700	55.915775	55.915700
329.062000	54.314700	56.453214	56.453200
334.688000	54.314700	56.727701	56.727700
340.312000	54.314700	56.269430	56.269500
345.938000	54.314700	56.109737	56.109800
351.562000	54.314700	55.992568	55.992600
357.187000	54.314700	55.297246	55.297300
0.000000	57.202800	53.735372	53.735400
5.625000	57.202800	54.102372	54.102400
11.250000	57.202800	54.040961	54.041000
16.875000	57.202800	54.134040	54.134100
22.500000	57.202800	53.452402	53.452400
28.125000	57.202800	54.021169	54.021200
33.750000	57.202800	53.467783	53.467800
39.375000	57.202800	53.682103	53.682100
45.000000	57.202800	53.520713	53.520800
50.625000	57.202800	53.239779	53.239700
56.250000	57.202800	53.631322	53.631400
61.875000	57.202800	53.320078	53.320100
67.500000	57.202800	54.134040	54.134000
73.125000	57.202800	54.113682	54.113700
78.750000	57.202800	54.237411	54.237400
84.375000	57.202800	53.811260	53.811300
90.000000	57.202800	53.264887	53.264900
95.625000	57.202800	53.674299	53.674300
101.250000	57.202800	53.452741	53.452700
106.875000	57.202800	53.219761	53.219800
112.500000	57.202800	53.836707	53.836700
118.125000	57.202800	53.764098	53.764100
123.750000	57.202800	54.219428	54.219500
129.375000	57.202800	53.870749	53.870700
135.000000	57.202800	54.200428	54.200500
140.625000	57.202800	53.740348	53.740300
146.250000	57.202800	54.099093	54.099100
151.875000	57.202800	53.903660	53.903700
157.500000	57.202800	53.805944	53.805900
163.125000	57.202800	54.217392	54.217300
168.750000	57.202800	54.887381	54.887400
174.375000	57.202800	54.019924	54.019900
180.000000	57.202800	53.879344	53.879300
185.625000	57.202800	53.196915	53.196900
191.250000	57.202800	52.808539	52.808600
196.875000	57.202800	53.926619	53.926600
202.500000	57.202800	53.440187	53.440200
208.125000	57.202800	53.145908	53.145900
213.750000	57.202800	54.240464	54.240500
219.375000	57.202800	53.597845	53.597800
225.000000	57.202800	53.687758	53.687700
230.625000	57.202800	53.679954	53.680000
236.250000	57.202800	53.796218	53.796200
241.875000	57.202800	53.945846	53.945800
247.500000	57.202800	53.950822	53.950900
253.125000	57.202800	53.865207	53.865200
258.750000	57.202800	53.810468	53.810500
264.375000	57.202800	53.516754	53.516800
270.000000	57.202800	54.012347	54.012400
275.625000	57.202800	53.791807	53.791800
281.250000	57.202800	53.812278	53.812200
286.875000	57.202800	53.686174	53.686100
292.500000	57.202800	53.904678	53.904700
298.125000	57.202800	54.177469	54.177400
303.750000	57.202800	53.938381	53.938400
309.375000	57.202800	54.046276	54.046300
315.000000	57.202800	54.093551	54.093600
320.625000	57.202800	53.162873	53.162900
326.250000	57.202800	53.567196	53.567200
331.875000	57.202800	53.349257	53.349200
337.500000	57.202800	53.192957	53.193000
343.125000	57.202800	54.114361	54.114300
348.750000	57.202800	53.726776	53.726800
354.375000	57.202800	53.400377	53.400400
2.812500	60.000000	50.799252	50.799200
8.437500	60.000000	51.062542	51.062600
14.062500	60.000000	51.199616	51.199700
19.687500	60.000000	51.632327	51.632300
25.312500	60.000000	51.890641	51.890700
30.937500	60.000000	51.392560	51.392500
36.562500	60.000000	51.295410	51.295400
42.187500	60.000000	50.877063	50.877000
47.812500	60.000000	52.173724	52.173800
53.437500	60.000000	51.138091	51.138000
59.062500	60.000000	51.984738	51.984800
64.687500	60.000000	52.146919	52.147000
70.312500	60.000000	51.657547	51.657500
75.937500	60.000000	51.603034	51.603000
81.562500	60.000000	51.255147	51.255200
87.187500	60.000000	51.721560	51.721500
92.812500	60.000000	51.958612	51.958600
98.437500	60.000000	51.398781	51.398800
104.062000	60.000000	51.455782	51.455800
109.688000	60.000000	52.281279	52.281300
115.312000	60.000000	51.449448	51.449500
120.938000	60.000000	51.311809	51.311800
126.562000	60.000000	51.899462	51.899500
132.188000	60.000000	51.541509	51.541500
137.812000	60.000000	51.383626	51.383600
143.437000	60.000000	51.678244	51.678200
149.062000	60.000000	52.223260	52.223300
154.688000	60.000000	52.201998	52.202000
160.312000	60.000000	51.513574	51.513500
165.938000	60.000000	51.268040	51.268000
171.562000	60.000000	51.311922	51.311900
177.188000	60.000000	52.634369	52.634400
182.812000	60.000000	52.095008	52.095000
188.438000	60.000000	51.529069	51.529000
194.062000	60.000000	52.394942	52.395000
199.687000	60.000000	50.775840	50.775800
205.312000	60.000000	51.061185	51.061200
210.938000	60.000000	51.375030	51.375000
216.562000	60.000000	51.532122	51.532100
222.188000	60.000000	51.464829	51.464900
227.812000	60.000000	51.034833	51.034900
233.438000	60.000000	51.758543	51.758500
239.062000	60.000000	51.160711	51.160700
244.687000	60.000000	51.440514	51.440600
250.312000	60.000000	51.568540	51.568500
255.937000	60.000000	51.298011	51.298000
261.562000	60.000000	51.414614	51.414600
267.188000	60.000000	51.499437	51.499500
272.812000	60.000000	51.748138	51.748100
278.438000	60.000000	51.796770	51.796800
284.062000	60.000000	51.580754	51.580700
289.688000	60.000000	51.755376	51.755300
295.312000	60.000000	51.697923	51.697900
300.938000	60.000000	51.734001	51.734000
306.562000	60.000000	51.753115	51.753200
312.187000	60.000000	50.820966	50.820900
317.812000	60.000000	50.926825	50.926900
323.438000	60.000000	51.655059	51.655100
329.062000	60.000000	51.799824	51.799800
334.688000	60.000000	51.571367	51.571300
340.312000	60.000000	50.800269	50.800300
345.938000	60.000000	51.065370	51.065400
351.562000	60.000000	51.304457	51.304500
357.187000	60.000000	51.983494	51.983400
0.000000	62.720400	49.801733	49.801700
5.625000	62.720400	48.989355	48.989300
11.250000	62.720400	48.936199	48.936200
16.875000	62.720400	48.927491	48.927400
22.500000	62.720400	49.320165	49.320100
28.125000	62.720400	50.191014	50.191000
33.750000	62.720400	49.410643	49.410700
39.375000	62.720400	49.924444	49.924400
45.000000	62.720400	48.633325	48.633400
50.625000	62.720400	49.764524	49.764500
56.250000	62.720400	49.227425	49.227500
61.875000	62.720400	49.817793	49.817800
67.500000	62.720400	49.013332	49.013400
73.125000	62.720400	49.804561	49.804500
78.750000	62.720400	48.743594	48.743600
84.375000	62.720400	49.284878	49.284900
90.000000	62.720400	49.366987	49.367000
95.625000	62.720400	49.591485	49.591500
101.250000	62.720400	50.092846	50.092800
106.875000	62.720400	48.845043	48.845100
112.500000	62.720400	49.464590	49.464600
118.125000	62.720400	49.654707	49.654700
123.750000	62.720400	49.202430	49.202400
129.375000	62.720400	49.460745	49.460700
135.000000	62.720400	49.691803	49.691700
140.625000	62.720400	49.322992	49.323000
146.250000	62.720400	49.261354	49.261400
151.875000	62.720400	49.309081	49.309100
157.500000	62.720400	49.720303	49.720300
163.125000	62.720400	49.894360	49.894400
168.750000	62.720400	49.603700	49.603700
174.375000	62.720400	49.380106	49.380200
180.000000	62.720400	49.464590	49.464600
185.625000	62.720400	50.187056	50.187100
191.250000	62.720400	49.359523	49.359500
196.875000	62.720400	49.998975	49.999000
202.500000	62.720400	49.324349	49.324400
208.125000	62.720400	49.491846	49.491900
213.750000	62.720400	49.738399	49.738400
219.375000	62.720400	48.789286	48.789300
225.000000	62.720400	49.541949	49.541900
230.625000	62.720400	49.207746	49.207700
236.250000	62.720400	48.883270	48.883300
241.875000	62.720400	49.121905	49.122000
247.500000	62.720400	49.187728	49.187700
253.125000	62.720400	49.727654	49.727600
258.750000	62.720400	49.388589	49.388600
264.375000	62.720400	50.002481	50.002500
270.000000	62.720400	49.369814	49.369800
275.625000	62.720400	49.689314	49.689300
281.250000	62.720400	49.987891	49.987800
286.875000	62.720400	49.522609	49.522700
292.500000	62.720400	49.425684	49.425700
298.125000	62.720400	49.837811	49.837800
303.750000	62.720400	49.222222	49.222200
309.375000	62.720400	49.355677	49.355600
315.000000	62.720400	49.430548	49.430600
320.625000	62.720400	49.218490	49.218500
326.250000	62.720400	49.233306	49.233300
331.875000	62.720400	49.580289	49.580300
337.500000	62.720400	49.271420	49.271400
343.125000	62.720400	49.723470	49.723500
348.750000	62.720400	49.703904	49.703900
354.375000	62.720400	50.022273	50.022300
2.812500	65.375700	47.203096	47.203100
8.437500	65.375700	46.350794	46.350800
14.062500	65.375700	47.497827	47.497800
19.687500	65.375700	46.810309	46.810300
25.312500	65.375700	46.941388	46.941400
30.937500	65.375700	48.197787	48.197800
36.562500	65.375700	47.430421	47.430500
42.187500	65.375700	46.170630	46.170600
47.812500	65.375700	48.053135	48.053200
53.437500	65.375700	47.340735	47.340800
59.062500	65.375700	47.132297	47.132300
64.687500	65.375700	47.220173	47.220200
70.312500	65.375700	47.317211	47.317200
75.937500	65.375700	47.017616	47.017600
81.562500	65.375700	47.556072	47.556100
87.187500	65.375700	47.705587	47.705600
92.812500	65.375700	46.884274	46.884300
98.437500	65.375700	47.270502	47.270500
104.062000	65.375700	47.410290	47.410300
109.688000	65.375700	47.828524	47.828500
115.312000	65.375700	47.256930	47.256900
120.938000	65.375700	47.040009	47.040000
126.562000	65.375700	47.924996	47.925000
132.188000	65.375700	47.369801	47.369900
137.812000	65.375700	47.257043	47.257000
143.437000	65.375700	47.050867	47.050800
149.062000	65.375700	47.368331	47.368300
154.688000	65.375700	47.496131	47.496100
160.312000	65.375700	47.472720	47.472800
165.938000	65.375700	47.484369	47.484400
171.562000	65.375700	47.464124	47.464100
177.188000	65.375700	47.608436	47.608500
182.812000	65.375700	47.135237	47.135200
188.438000	65.375700	47.528024	47.528000
194.062000	65.375700	47.466726	47.466700
199.687000	65.375700	47.019539	47.019500
205.312000	65.375700	47.318568	47.318500
210.938000	65.375700	48.206721	48.206800
216.562000	65.375700	47.090111	47.090100
222.188000	65.375700	47.304092	47.304100
227.812000	65.375700	47.294931	47.294900
233.438000	65.375700	47.648360	47.648300
239.062000	65.375700	47.516036	47.516000
244.687000	65.375700	46.657401	46.657400
250.312000	65.375700	47.249579	47.249600
255.937000	65.375700	47.122797	47.122800
261.562000	65.375700	47.027342	47.027300
267.188000	65.375700	46.770951	46.770900
272.812000	65.375700	47.744153	47.744200
278.438000	65.375700	47.298437	47.298400
284.062000	65.375700	47.279663	47.279600
289.688000	65.375700	47.422957	47.423000
295.312000	65.375700	46.969210	46.969200
300.938000	65.375700	47.587061	47.587100
306.562000	65.375700	47.304092	47.304000
312.187000	65.375700	47.385069	47.385000
317.812000	65.375700	47.068849	47.068800
323.438000	65.375700	47.051093	47.051100
329.062000	65.375700	47.121666	47.121600
334.688000	65.375700	46.640210	46.640300
340.312000	65.375700	47.310538	47.310500
345.938000	65.375700	46.879863	46.879900
351.562000	65.375700	47.125511	47.125500
357.187000	65.375700	47.356116	47.356200
0.000000	67.975700	45.707949	45.708000
5.625000	67.975700	45.056848	45.056900
11.250000	67.975700	44.869785	44.869800
16.875000	67.975700	45.608989	45.609000
22.500000	67.975700	46.353622	46.353600
28.125000	67.975700	44.436622	44.436600
33.750000	67.975700	45.533440	45.533400
39.375000	67.975700	46.374205	46.374200
45.000000	67.975700	45.450539	45.450500
50.625000	67.975700	44.911291	44.911300
56.250000	67.975700	45.236446	45.236500
61.875000	67.975700	45.777956	45.778000
67.500000	67.975700	45.014097	45.014100
73.125000	67.975700	45.258387	45.258400
78.750000	67.975700	45.056734	45.056700
84.375000	67.975700	44.428253	44.428200
90.000000	67.975700	44.987180	44.987200
95.625000	67.975700	45.060806	45.060900
101.250000	67.975700	45.133075	45.133100
106.875000	67.975700	44.802492	44.802500
112.500000	67.975700	45.201047	45.201000
118.125000	67.975700	44.762455	44.762500
123.750000	67.975700	44.467045	44.467000
129.375000	67.975700	44.834046	44.834000
135.000000	67.975700	44.955625	44.955600
140.625000	67.975700	45.523035	45.523100
146.250000	67.975700	45.460605	45.460600
151.875000	67.975700	45.242893	45.242900
157.500000	67.975700	44.758157	44.758200
163.125000	67.975700	45.428146	45.428200
168.750000	67.975700	45.238482	45.238500
174.375000	67.975700	45.643823	45.643900
180.000000	67.975700	44.922940	44.923000
185.625000	67.975700	44.622101	44.622100
191.250000	67.975700	45.019186	45.019200
196.875000	67.975700	44.987632	44.987600
202.500000	67.975700	45.466373	45.466300
208.125000	67.975700	44.783039	44.783000
213.750000	67.975700	44.254987	44.255000
219.375000	67.975700	45.211904	45.211900
225.000000	67.975700	45.365829	45.365900
230.625000	67.975700	44.766187	44.766200
236.250000	67.975700	44.985822	44.985800
241.875000	67.975700	45.355085	45.355000
247.500000	67.975700	45.081842	45.081900
253.125000	67.975700	44.848296	44.848300
258.750000	67.975700	45.439795	45.439700
264.375000	67.975700	45.431426	45.431400
270.000000	67.975700	44.624476	44.624500
275.625000	67.975700	46.327044	46.327000
281.250000	67.975700	45.204666	45.204700
286.875000	67.975700	44.423050	44.423100
292.500000	67.975700	45.397384	45.397400
298.125000	67.975700	45.201951	45.202000
303.750000	67.975700	45.387770	45.387800
309.375000	67.975700	45.411634	45.411600
315.000000	67.975700	45.651966	45.651900
320.625000	67.975700	44.583988	44.583900
326.250000	67.975700	45.205570	45.205600
331.875000	67.975700	44.892969	44.893000
337.500000	67.975700	44.669263	44.669300
343.125000	67.975700	45.149814	45.149900
348.750000	67.975700	44.930744	44.930700
354.375000	67.975700	45.576869	45.576800
2.812500	70.528800	42.685423	42.685400
8.437500	70.528800	42.518152	42.518200
14.062500	70.528800	43.131592	43.131600
19.687500	70.528800	42.890581	42.890600
25.312500	70.528800	42.723084	42.723100
30.937500	70.528800	42.420888	42.420900
36.562500	70.528800	43.054572	43.054600
42.187500	70.528800	42.665178	42.665100
47.812500	70.528800	43.471675	43.471600
53.437500	70.528800	42.788454	42.788400
59.062500	70.528800	43.425645	43.425700
64.687500	70.528800	42.836747	42.836800
70.312500	70.528800	43.202504	43.202500
75.937500	70.528800	43.150705	43.150800
81.562500	70.528800	43.317071	43.317100
87.187500	70.528800	43.634988	43.635000
92.812500	70.528800	43.432204	43.432200
98.437500	70.528800	43.478235	43.478200
104.062000	70.528800	43.729085	43.729100
109.688000	70.528800	43.058870	43.058900
115.312000	70.528800	43.018947	43.019000
120.938000	70.528800	42.862646	42.862600
126.562000	70.528800	42.849414	42.849500
132.188000	70.528800	42.243212	42.243200
137.812000	70.528800	42.561807	42.561800
143.437000	70.528800	42.538622	42.538600
149.062000	70.528800	43.257808	43.257800
154.688000	70.528800	43.304517	43.304500
160.312000	70.528800	43.078097	43.078100
165.938000	70.528800	43.037834	43.037800
171.562000	70.528800	43.028786	43.028700
177.188000	70.528800	42.729531	42.729600
182.812000	70.528800	43.094156	43.094100
188.438000	70.528800	43.026411	43.026500
194.062000	70.528800	42.866605	42.866700
199.687000	70.528800	43.004244	43.004200
205.312000	70.528800	43.146068	43.146100
210.938000	70.528800	42.784496	42.784500
216.562000	70.528800	42.573795	42.573800
222.188000	70.528800	42.987845	42.987900
227.812000	70.528800	43.289702	43.289700
233.438000	70.528800	43.637363	43.637400
239.062000	70.528800	43.215962	43.215900
244.687000	70.528800	42.638148	42.638100
250.312000	70.528800	43.071311	43.071300
255.937000	70.528800	43.522117	43.522100
261.562000	70.528800	43.115192	43.115200
267.188000	70.528800	43.021095	43.021100
272.812000	70.528800	43.005827	43.005800
278.438000	70.528800	42.947243	42.947300
284.062000	70.528800	43.295696	43.295700
289.688000	70.528800	43.344554	43.344500
295.312000	70.528800	43.499158	43.499200
300.938000	70.528800	43.020869	43.020900
306.562000	70.528800	42.024708	42.024700
312.187000	70.528800	43.516914	43.516900
317.812000	70.528800	42.818199	42.818200
323.438000	70.528800	42.838669	42.838700
329.062000	70.528800	43.427341	43.427400
334.688000	70.528800	42.543033	42.543100
340.312000	70.528800	43.165408	43.165400
345.938000	70.528800	42.857217	42.857300
351.562000	70.528800	42.655904	42.655900
357.187000	70.528800	42.138484	42.138500
0.000000	73.042200	41.103304	41.103400
5.625000	73.042200	40.581699	40.581700
11.250000	73.042200	40.539853	40.539800
16.875000	73.042200	41.335606	41.335600
22.500000	73.042200	40.503775	40.503800
28.125000	73.042200	41.403577	41.403500
33.750000	73.042200	41.134406	41.134400
39.375000	73.042200	41.282450	41.282500
45.000000	73.042200	41.582045	41.582100
50.625000	73.042200	40.726011	40.726000
56.250000	73.042200	40.187329	40.187400
61.875000	73.042200	40.972450	40.972400
67.500000	73.042200	40.765369	40.765300
73.125000	73.042200	40.625920	40.625900
78.750000	73.042200	40.726464	40.726400
84.375000	73.042200	40.733815	40.733800
90.000000	73.042200	40.399952	40.399900
95.625000	73.042200	40.751006	40.751000
101.250000	73.042200	40.184049	40.184100
106.875000	73.042200	41.150805	41.150800
112.500000	73.042200	41.137686	41.137700
118.125000	73.042200	40.598664	40.598600
123.750000	73.042200	40.822144	40.822100
129.375000	73.042200	41.245015	41.245000
135.000000	73.042200	40.922801	40.922800
140.625000	73.042200	41.003213	41.003200
146.250000	73.042200	41.280754	41.280800
151.875000	73.042200	42.189491	42.189500
157.500000	73.042200	40.648087	40.648100
163.125000	73.042200	41.042005	41.042000
168.750000	73.042200	40.493709	40.493700
174.375000	73.042200	40.777357	40.777400
180.000000	73.042200	41.167769	41.167800
185.625000	73.042200	40.860145	40.860100
191.250000	73.042200	40.725898	40.725900
196.875000	73.042200	41.353249	41.353200
202.500000	73.042200	41.648433	41.648400
208.125000	73.042200	40.485906	40.485900
213.750000	73.042200	41.054107	41.054100
219.375000	73.042200	40.457292	40.457300
225.000000	73.042200	40.665391	40.665300
230.625000	73.042200	40.899503	40.899500
236.250000	73.042200	40.833228	40.833200
241.875000	73.042200	40.206668	40.206700
247.500000	73.042200	40.777244	40.777200
253.125000	73.042200	40.968266	40.968200
258.750000	73.042200	41.298510	41.298500
264.375000	73.042200	41.251009	41.251000
270.000000	73.042200	40.653629	40.653600
275.625000	73.042200	41.187675	41.187700
281.250000	73.042200	41.014636	41.014600
286.875000	73.042200	41.062137	41.062100
292.500000	73.042200	40.576497	40.576500
298.125000	73.042200	40.966569	40.966600
303.750000	73.042200	40.468602	40.468600
309.375000	73.042200	40.593235	40.593300
315.000000	73.042200	40.097190	40.097200
320.625000	73.042200	40.957861	40.957900
326.250000	73.042200	40.657361	40.657300
331.875000	73.042200	40.280521	40.280600
337.500000	73.042200	40.953450	40.953400
343.125000	73.042200	41.133388	41.133400
348.750000	73.042200	40.984778	40.984800
354.375000	73.042200	40.946664	40.946700
2.812500	75.522500	39.403564	39.403600
8.437500	75.522500	39.374046	39.374000
14.062500	75.522500	39.122857	39.122800
19.687500	75.522500	39.011116	39.011100
25.312500	75.522500	38.874382	38.874400
30.937500	75.522500	39.172393	39.172400
36.562500	75.522500	39.001729	39.001700
42.187500	75.522500	38.368837	38.368800
47.812500	75.522500	39.039730	39.039700
53.437500	75.522500	39.421433	39.421400
59.062500	75.522500	39.126589	39.126600
64.687500	75.522500	39.179744	39.179700
70.312500	75.522500	38.995170	38.995100
75.937500	75.522500	38.916454	38.916400
81.562500	75.522500	38.549566	38.549600
87.187500	75.522500	38.814892	38.814900
92.812500	75.522500	38.823488	38.823500
98.437500	75.522500	39.070606	39.070600
104.062000	75.522500	38.329139	38.329200
109.688000	75.522500	39.115731	39.115800
115.312000	75.522500	38.969497	38.969600
120.938000	75.522500	38.737195	38.737200
126.562000	75.522500	38.245787	38.245800
132.188000	75.522500	38.973794	38.973800
137.812000	75.522500	39.303473	39.303500
143.437000	75.522500	39.132696	39.132700
149.062000	75.522500	39.408993	39.409000
154.688000	75.522500	38.721248	38.721200
160.312000	75.522500	38.134499	38.134500
165.938000	75.522500	39.336950	39.336900
171.562000	75.522500	38.816023	38.816000
177.188000	75.522500	39.266829	39.266900
182.812000	75.522500	38.686753	38.686800
188.438000	75.522500	38.898698	38.898700
194.062000	75.522500	39.118672	39.118600
199.687000	75.522500	39.050474	39.050500
205.312000	75.522500	39.697504	39.697500
210.938000	75.522500	38.464178	38.464200
216.562000	75.522500	38.806749	38.806800
222.188000	75.522500	38.423349	38.423300
227.812000	75.522500	39.508066	39.508100
233.438000	75.522500	39.216162	39.216100
239.062000	75.522500	38.884334	38.884300
244.687000	75.522500	39.791036	39.791000
250.312000	75.522500	39.413856	39.413800
255.937000	75.522500	39.284812	39.284800
261.562000	75.522500	39.765362	39.765300
267.188000	75.522500	38.083831	38.083800
272.812000	75.522500	39.078183	39.078200
278.438000	75.522500	38.630657	38.630600
284.062000	75.522500	38.671485	38.671500
289.688000	75.522500	38.773046	38.773100
295.312000	75.522500	38.962598	38.962600
300.938000	75.522500	39.160405	39.160400
306.562000	75.522500	39.321795	39.321800
312.187000	75.522500	39.146381	39.146400
317.812000	75.522500	39.093225	39.093200
323.438000	75.522500	39.239460	39.239500
329.062000	75.522500	39.055790	39.055800
334.688000	75.522500	39.273502	39.273500
340.312000	75.522500	39.341700	39.341700
345.938000	75.522500	39.340003	39.340000
351.562000	75.522500	39.218198	39.218200
357.187000	75.522500	38.906049	38.906100
0.000000	77.975300	37.259691	37.259700
5.625000	77.975300	38.243864	38.243900
11.250000	77.975300	38.145130	38.145200
16.875000	77.975300	37.789439	37.789400
22.500000	77.975300	37.493576	37.493500
28.125000	77.975300	37.370526	37.370500
33.750000	77.975300	37.616400	37.616400
39.375000	77.975300	37.121938	37.121900
45.000000	77.975300	36.973555	36.973600
50.625000	77.975300	37.702015	37.702000
56.250000	77.975300	38.233798	38.233800
61.875000	77.975300	38.173631	38.173700
67.500000	77.975300	37.543452	37.543500
73.125000	77.975300	37.826196	37.826200
78.750000	77.975300	37.628728	37.628800
84.375000	77.975300	37.446754	37.446800
90.000000	77.975300	37.739676	37.739700
95.625000	77.975300	37.253131	37.253200
101.250000	77.975300	37.667520	37.667600
106.875000	77.975300	37.861821	37.861800
112.500000	77.975300	37.955127	37.955100
118.125000	77.975300	36.952406	36.952400
123.750000	77.975300	37.482832	37.482800
129.375000	77.975300	37.741599	37.741600
135.000000	77.975300	37.516874	37.516900
140.625000	77.975300	37.596947	37.596900
146.250000	77.975300	37.695342	37.695400
151.875000	77.975300	37.658925	37.658900
157.500000	77.975300	36.597732	36.597700
163.125000	77.975300	37.228476	37.228500
168.750000	77.975300	37.307757	37.307800
174.375000	77.975300	37.329698	37.329800
180.000000	77.975300	38.012128	38.012100
185.625000	77.975300	37.609388	37.609400
191.250000	77.975300	37.899822	37.899800
196.875000	77.975300	37.421307	37.421300
202.500000	77.975300	37.878560	37.878600
208.125000	77.975300	37.795772	37.795800
213.750000	77.975300	37.643543	37.643500
219.375000	77.975300	37.775980	37.775900
225.000000	77.975300	37.793624	37.793600
230.625000	77.975300	37.186630	37.186600
236.250000	77.975300	38.101588	38.101600
241.875000	77.975300	37.638680	37.638700
247.500000	77.975300	37.645353	37.645300
253.125000	77.975300	37.502172	37.502200
258.750000	77.975300	36.879571	36.879600
264.375000	77.975300	38.213554	38.213600
270.000000	77.975300	37.824160	37.824100
275.625000	77.975300	37.693872	37.693900
281.250000	77.975300	37.037115	37.037200
286.875000	77.975300	37.469034	37.469000
292.500000	77.975300	38.093784	38.093800
298.125000	77.975300	37.935108	37.935100
303.750000	77.975300	37.187083	37.187100
309.375000	77.975300	37.353901	37.353900
315.000000	77.975300	38.134838	38.134800
320.625000	77.975300	37.446867	37.446900
326.250000	77.975300	37.627370	37.627400
331.875000	77.975300	37.315109	37.315100
337.500000	77.975300	37.018681	37.018600
343.125000	77.975300	36.999567	36.999600
348.750000	77.975300	37.501380	37.501300
354.375000	77.975300	37.601132	37.601200
2.812500	80.405900	36.232428	36.232500
8.437500	80.405900	35.550903	35.550900
14.062500	80.405900	35.925029	35.925000
19.687500	80.405900	36.294971	36.294900
25.312500	80.405900	35.584380	35.584400
30.937500	80.405900	35.651334	35.651300
36.562500	80.405900	36.086872	36.086800
42.187500	80.405900	35.325500	35.325500
47.812500	80.405900	36.239440	36.239400
53.437500	80.405900	35.645792	35.645800
59.062500	80.405900	36.284000	36.284000
64.687500	80.405900	36.353442	36.353500
70.312500	80.405900	35.785015	35.785100
75.937500	80.405900	35.753913	35.753900
81.562500	80.405900	35.474563	35.474600
87.187500	80.405900	35.842694	35.842700
92.812500	80.405900	35.710371	35.710300
98.437500	80.405900	35.728127	35.728100
104.062000	80.405900	35.606660	35.606700
109.688000	80.405900	35.809105	35.809100
115.312000	80.405900	36.069002	36.069000
120.938000	80.405900	36.080538	36.080600
126.562000	80.405900	36.020710	36.020700
132.188000	80.405900	35.964613	35.964600
137.812000	80.405900	35.559159	35.559100
143.437000	80.405900	35.824712	35.824700
149.062000	80.405900	36.031115	36.031100
154.688000	80.405900	35.705168	35.705200
160.312000	80.405900	35.661739	35.661700
165.938000	80.405900	35.842468	35.842500
171.562000	80.405900	35.760925	35.760900
177.188000	80.405900	35.517540	35.517600
182.812000	80.405900	35.281279	35.281300
188.438000	80.405900	35.863052	35.863000
194.062000	80.405900	35.745996	35.746000
199.687000	80.405900	35.790670	35.790700
205.312000	80.405900	35.798360	35.798300
210.938000	80.405900	35.512903	35.512900
216.562000	80.405900	35.489378	35.489400
222.188000	80.405900	36.548309	36.548300
227.812000	80.405900	35.447985	35.448000
233.438000	80.405900	35.990400	35.990300
239.062000	80.405900	35.718514	35.718500
244.687000	80.405900	35.867915	35.867900
250.312000	80.405900	35.838962	35.838900
255.937000	80.405900	35.685037	35.685000
261.562000	80.405900	36.064365	36.064300
267.188000	80.405900	35.569791	35.569800
272.812000	80.405900	36.218291	36.218300
278.438000	80.405900	35.924577	35.924600
284.062000	80.405900	35.839075	35.839100
289.688000	80.405900	36.429670	36.429600
295.312000	80.405900	35.507022	35.507000
300.938000	80.405900	36.363734	36.363800
306.562000	80.405900	35.907952	35.907900
312.187000	80.405900	36.232654	36.232600
317.812000	80.405900	35.338280	35.338200
323.438000	80.405900	35.827087	35.827100
329.062000	80.405900	35.725413	35.725400
334.688000	80.405900	34.951940	34.951900
340.312000	80.405900	35.824712	35.824700
345.938000	80.405900	35.756741	35.756800
351.562000	80.405900	35.963369	35.963400
357.187000	80.405900	35.821545	35.821500
0.000000	82.819200	34.122371	34.122300
5.625000	82.819200	34.636624	34.636700
11.250000	82.819200	33.574301	33.574300
16.875000	82.819200	33.366881	33.366900
22.500000	82.819200	34.347774	34.347800
28.125000	82.819200	33.912462	33.912500
33.750000	82.819200	34.327416	34.327500
39.375000	82.819200	34.052929	34.052900
45.000000	82.819200	34.246212	34.246200
50.625000	82.819200	34.218051	34.218100
56.250000	82.819200	34.557456	34.557500
61.875000	82.819200	33.351952	33.351900
67.500000	82.819200	33.618296	33.618300
73.125000	82.819200	34.059376	34.059300
78.750000	82.819200	33.979303	33.979300
84.375000	82.819200	33.894254	33.894200
90.000000	82.819200	34.275844	34.275800
95.625000	82.819200	34.437686	34.437600
101.250000	82.819200	33.860551	33.860600
106.875000	82.819200	33.842116	33.842200
112.500000	82.819200	33.876384	33.876400
118.125000	82.819200	34.231510	34.231500
123.750000	82.819200	33.868580	33.868600
129.375000	82.819200	34.150871	34.150900
135.000000	82.819200	33.882378	33.882400
140.625000	82.819200	34.084257	34.084200
146.250000	82.819200	33.602689	33.602600
151.875000	82.819200	33.994232	33.994200
157.500000	82.819200	34.016173	34.016100
163.125000	82.819200	33.755709	33.755700
168.750000	82.819200	33.882605	33.882600
174.375000	82.819200	34.022506	34.022500
180.000000	82.819200	34.063221	34.063200
185.625000	82.819200	33.837139	33.837100
191.250000	82.819200	34.118299	34.118200
196.875000	82.819200	33.800722	33.800700
202.500000	82.819200	33.561521	33.561500
208.125000	82.819200	34.551915	34.552000
213.750000	82.819200	33.713524	33.713600
219.375000	82.819200	33.847997	33.848000
225.000000	82.819200	34.428978	34.429000
230.625000	82.819200	34.544111	34.544100
236.250000	82.819200	33.546705	33.546700
241.875000	82.819200	33.700857	33.700800
247.500000	82.819200	33.836800	33.836800
253.125000	82.819200	34.794169	34.794100
258.750000	82.819200	34.206402	34.206400
264.375000	82.819200	34.024655	34.024600
270.000000	82.819200	33.946618	33.946600
275.625000	82.819200	33.806264	33.806200
281.250000	82.819200	34.168175	34.168200
286.875000	82.819200	33.816556	33.816600
292.500000	82.819200	33.931915	33.932000
298.125000	82.819200	34.034947	34.034900
303.750000	82.819200	34.450127	34.450200
309.375000	82.819200	33.801853	33.801900
315.000000	82.819200	34.529634	34.529600
320.625000	82.819200	33.957362	33.957400
326.250000	82.819200	34.348679	34.348700
331.875000	82.819200	33.744965	33.744900
337.500000	82.819200	34.369828	34.369800
343.125000	82.819200	34.357161	34.357200
348.750000	82.819200	34.049423	34.049400
354.375000	82.819200	33.638314	33.638300
2.812500	85.219800	32.587640	32.587600
8.437500	85.219800	32.253890	32.253900
14.062500	85.219800	31.309188	31.309200
19.687500	85.219800	32.318355	32.318400
25.312500	85.219800	32.089899	32.089900
30.937500	85.219800	32.520347	32.520400
36.562500	85.219800	32.281259	32.281300
42.187500	85.219800	31.989468	31.989500
47.812500	85.219800	32.510055	32.510000
53.437500	85.219800	32.199490	32.199500
59.062500	85.219800	31.967075	31.967000
64.687500	85.219800	32.829442	32.829500
70.312500	85.219800	32.378523	32.378600
75.937500	85.219800	31.832376	31.832400
81.562500	85.219800	32.138531	32.138500
87.187500	85.219800	32.454751	32.454700
92.812500	85.219800	31.784988	31.784900
98.437500	85.219800	32.172799	32.172800
104.062000	85.219800	32.098155	32.098200
109.688000	85.219800	32.220639	32.220600
115.312000	85.219800	32.489019	32.489000
120.938000	85.219800	32.122018	32.122000
126.562000	85.219800	32.075648	32.075600
132.188000	85.219800	31.908151	31.908200
137.812000	85.219800	32.462781	32.462800
143.437000	85.219800	31.625069	31.625100
149.062000	85.219800	31.515364	31.515300
154.688000	85.219800	32.769727	32.769700
160.312000	85.219800	32.499763	32.499700
165.938000	85.219800	32.247896	32.247900
171.562000	85.219800	31.109684	31.109700
177.188000	85.219800	32.163299	32.163300
182.812000	85.219800	31.763047	31.763000
188.438000	85.219800	32.306254	32.306300
194.062000	85.219800	31.954974	31.955000
199.687000	85.219800	31.809757	31.809800
205.312000	85.219800	32.506210	32.506200
210.938000	85.219800	32.377845	32.377800
216.562000	85.219800	31.907133	31.907100
222.188000	85.219800	32.088202	32.088200
227.812000	85.219800	32.406458	32.406400
233.438000	85.219800	31.761125	31.761100
239.062000	85.219800	32.763959	32.763900
244.687000	85.219800	32.014350	32.014400
250.312000	85.219800	32.593974	32.593900
255.937000	85.219800	32.274813	32.274800
261.562000	85.219800	31.939027	31.939000
267.188000	85.219800	32.974433	32.974400
272.812000	85.219800	32.406232	32.406200
278.438000	85.219800	31.969563	31.969600
284.062000	85.219800	31.891187	31.891200
289.688000	85.219800	32.031880	32.031900
295.312000	85.219800	31.683653	31.683600
300.938000	85.219800	32.098833	32.098800
306.562000	85.219800	32.354094	32.354100
312.187000	85.219800	31.794828	31.794800
317.812000	85.219800	31.696999	31.697000
323.438000	85.219800	31.866984	31.867000
329.062000	85.219800	32.015820	32.015800
334.688000	85.219800	31.830793	31.830800
340.312000	85.219800	32.057892	32.057900
345.938000	85.219800	31.197674	31.197600
351.562000	85.219800	32.449548	32.449500
357.187000	85.219800	31.903401	31.903400
0.000000	87.612000	30.018408	30.018500
5.625000	87.612000	29.400896	29.400900
11.250000	87.612000	29.932228	29.932200
16.875000	87.612000	30.185226	30.185300
22.500000	87.612000	29.980633	29.980600
28.125000	87.612000	29.706485	29.706400
33.750000	87.612000	30.291199	30.291200
39.375000	87.612000	30.309068	30.309100
45.000000	87.612000	29.956317	29.956300
50.625000	87.612000	30.345712	30.345700
56.250000	87.612000	30.854197	30.854200
61.875000	87.612000	29.911644	29.911600
67.500000	87.612000	30.533792	30.533800
73.125000	87.612000	29.902144	29.902200
78.750000	87.612000	30.368105	30.368100
84.375000	87.612000	29.465136	29.465100
90.000000	87.612000	29.922388	29.922400
95.625000	87.612000	29.666223	29.666200
101.250000	87.612000	29.878846	29.878800
106.875000	87.612000	29.948627	29.948600
112.500000	87.612000	30.081855	30.081800
118.125000	87.612000	30.329652	30.329700
123.750000	87.612000	29.321163	29.321100
129.375000	87.612000	30.274460	30.274400
135.000000	87.612000	29.701509	29.701500
140.625000	87.612000	30.058218	30.058200
146.250000	87.612000	29.928609	29.928700
151.875000	87.612000	30.048152	30.048200
157.500000	87.612000	30.575412	30.575400
163.125000	87.612000	29.890269	29.890300
168.750000	87.612000	30.498167	30.498200
174.375000	87.612000	29.759528	29.759500
180.000000	87.612000	30.278532	30.278500
185.625000	87.612000	29.733629	29.733600
191.250000	87.612000	30.288597	30.288600
196.875000	87.612000	30.079367	30.079400
202.500000	87.612000	30.400790	30.400800
208.125000	87.612000	29.495220	29.495200
213.750000	87.612000	30.372289	30.372200
219.375000	87.612000	29.846839	29.846900
225.000000	87.612000	30.258853	30.258800
230.625000	87.612000	29.403724	29.403700
236.250000	87.612000	29.896941	29.897000
241.875000	87.612000	29.960954	29.960900
247.500000	87.612000	30.172220	30.172200
253.125000	87.612000	29.864369	29.864400
258.750000	87.612000	30.165774	30.165800
264.375000	87.612000	29.482779	29.482800
270.000000	87.612000	30.170976	30.171000
275.625000	87.612000	30.442410	30.442400
281.250000	87.612000	29.917299	29.917300
286.875000	87.612000	30.562858	30.562900
292.500000	87.612000	30.250597	30.250600
298.125000	87.612000	30.090338	30.090400
303.750000	87.612000	30.330104	30.330100
309.375000	87.612000	30.439469	30.439500
315.000000	87.612000	30.343337	30.343300
320.625000	87.612000	30.036730	30.036700
326.250000	87.612000	30.265186	30.265100
331.875000	87.612000	30.543180	30.543200
337.500000	87.612000	29.870250	29.870200
343.125000	87.612000	29.673913	29.673900
348.750000	87.612000	29.940371	29.940400
354.375000	87.612000	30.455190	30.455200
2.812500	90.000000	28.418759	28.418700
8.437500	90.000000	28.370014	28.370000
14.062500	90.000000	28.457438	28.457400
19.687500	90.000000	28.000186	28.000200
25.312500	90.000000	28.058431	28.058400
30.937500	90.000000	28.335520	28.335600
36.562500	90.000000	27.915250	27.915200
42.187500	90.000000	28.344341	28.344300
47.812500	90.000000	28.648460	28.648400
53.437500	90.000000	28.467843	28.467900
59.062500	90.000000	27.778741	27.778700
64.687500	90.000000	28.503582	28.503600
70.312500	90.000000	28.388788	28.388800
75.937500	90.000000	28.455063	28.455100
81.562500	90.000000	28.120182	28.120200
87.187500	90.000000	28.254316	28.254300
92.812500	90.000000	28.000073	28.000100
98.437500	90.000000	28.115998	28.116000
104.062000	90.000000	27.837778	27.837800
109.688000	90.000000	27.981864	27.981900
115.312000	90.000000	28.212243	28.212200
120.938000	90.000000	28.344115	28.344100
126.562000	90.000000	28.695848	28.695900
132.188000	90.000000	28.473498	28.473500
137.812000	90.000000	28.100729	28.100700
143.437000	90.000000	28.929846	28.929800
149.062000	90.000000	28.299781	28.299700
154.688000	90.000000	28.438212	28.438200
160.312000	90.000000	28.323192	28.323200
165.938000	90.000000	28.580601	28.580600
171.562000	90.000000	28.424980	28.424900
177.188000	90.000000	28.739729	28.739800
182.812000	90.000000	28.510820	28.510800
188.438000	90.000000	28.808040	28.808000
194.062000	90.000000	28.360062	28.360100
199.687000	90.000000	28.554476	28.554500
205.312000	90.000000	28.267548	28.267600
210.938000	90.000000	28.699127	28.699100
216.562000	90.000000	28.705461	28.705500
222.188000	90.000000	28.175374	28.175400
227.812000	90.000000	28.592364	28.592400
233.438000	90.000000	28.203874	28.203900
239.062000	90.000000	28.028800	28.028800
244.687000	90.000000	28.532309	28.532400
250.312000	90.000000	28.405074	28.405100
255.937000	90.000000	28.521904	28.521900
261.562000	90.000000	28.392860	28.392900
267.188000	90.000000	27.940923	27.940900
272.812000	90.000000	28.633305	28.633200
278.438000	90.000000	28.556059	28.556100
284.062000	90.000000	28.414009	28.414000
289.688000	90.000000	27.746848	27.746900
295.312000	90.000000	28.552440	28.552500
300.938000	90.000000	28.397610	28.397700
306.562000	90.000000	28.182838	28.182800
312.187000	90.000000	28.168927	28.169000
317.812000	90.000000	28.199803	28.199800
323.438000	90.000000	28.445224	28.445200
329.062000	90.000000	28.322287	28.322300
334.688000	90.000000	28.604691	28.604700
340.312000	90.000000	28.623578	28.623600
345.938000	90.000000	27.995097	27.995100
351.562000	90.000000	28.332805	28.332800
357.187000	90.000000	28.062616	28.062700
0.000000	92.388000	27.087377	27.087400
5.625000	92.388000	27.006400	27.006400
11.250000	92.388000	26.327137	26.327100
16.875000	92.388000	26.692668	26.692600
22.500000	92.388000	26.890927	26.890900
28.125000	92.388000	26.714382	26.714400
33.750000	92.388000	27.170617	27.170600
39.375000	92.388000	26.850325	26.850300
45.000000	92.388000	26.788687	26.788600
50.625000	92.388000	26.810854	26.810800
56.250000	92.388000	27.046662	27.046600
61.875000	92.388000	26.815039	26.815100
67.500000	92.388000	26.998257	26.998200
73.125000	92.388000	26.181355	26.181300
78.750000	92.388000	26.824652	26.824600
84.375000	92.388000	26.688709	26.688700
90.000000	92.388000	26.744014	26.744000
95.625000	92.388000	26.977899	26.977900
101.250000	92.388000	27.037841	27.037800
106.875000	92.388000	26.460253	26.460200
112.500000	92.388000	26.722412	26.722400
118.125000	92.388000	27.020424	27.020500
123.750000	92.388000	27.352704	27.352700
129.375000	92.388000	27.066907	27.066900
135.000000	92.388000	26.992715	26.992700
140.625000	92.388000	26.455616	26.455700
146.250000	92.388000	27.231576	27.231500
151.875000	92.388000	26.813908	26.813900
157.500000	92.388000	26.511486	26.511500
163.125000	92.388000	27.279304	27.279300
168.750000	92.388000	26.890362	26.890400
174.375000	92.388000	27.076859	27.076800
180.000000	92.388000	26.650595	26.650600
185.625000	92.388000	26.815039	26.815100
191.250000	92.388000	26.511486	26.511400
196.875000	92.388000	26.527772	26.527800
202.500000	92.388000	27.320923	27.320900
208.125000	92.388000	26.088615	26.088600
213.750000	92.388000	26.846819	26.846800
219.375000	92.388000	27.501427	27.501400
225.000000	92.388000	26.590993	26.591000
230.625000	92.388000	26.577535	26.577500
236.250000	92.388000	26.676834	26.676800
241.875000	92.388000	26.833021	26.833000
247.500000	92.388000	27.259059	27.259100
253.125000	92.388000	26.246612	26.246600
258.750000	92.388000	26.880975	26.881000
264.375000	92.388000	27.041573	27.041500
270.000000	92.388000	26.764145	26.764200
275.625000	92.388000	26.481854	26.481900
281.250000	92.388000	27.006173	27.006200
286.875000	92.388000	27.182945	27.182900
292.500000	92.388000	27.146414	27.146400
298.125000	92.388000	26.696739	26.696800
303.750000	92.388000	27.247976	27.248000
309.375000	92.388000	26.575386	26.575400
315.000000	92.388000	26.655685	26.655700
320.625000	92.388000	26.228629	26.228600
326.250000	92.388000	26.752270	26.752300
331.875000	92.388000	26.743675	26.743700
337.500000	92.388000	26.625714	26.625700
343.125000	92.388000	27.456414	27.456400
348.750000	92.388000	27.243112	27.243200
354.375000	92.388000	27.015900	27.015900
2.812500	94.780200	25.833920	25.833900
8.437500	94.780200	25.256105	25.256100
14.062500	94.780200	25.223420	25.223400
19.687500	94.780200	25.273296	25.273300
25.312500	94.780200	24.808353	24.808300
30.937500	94.780200	25.386620	25.386600
36.562500	94.780200	25.364453	25.364500
42.187500	94.780200	25.361060	25.361100
47.812500	94.780200	24.930385	24.930400
53.437500	94.780200	24.939093	24.939100
59.062500	94.780200	24.881301	24.881300
64.687500	94.780200	25.338440	25.338400
70.312500	94.780200	25.088382	25.088400
75.937500	94.780200	25.316047	25.316100
81.562500	94.780200	25.431972	25.431900
87.187500	94.780200	25.045179	25.045200
92.812500	94.780200	25.029571	25.029600
98.437500	94.780200	25.841610	25.841600
104.062000	94.780200	25.008648	25.008600
109.688000	94.780200	25.927564	25.927600
115.312000	94.780200	25.442942	25.443000
120.938000	94.780200	25.498134	25.498100
126.562000	94.780200	25.200009	25.200000
132.188000	94.780200	25.223420	25.223500
137.812000	94.780200	25.609308	25.609300
143.437000	94.780200	25.300892	25.300900
149.062000	94.780200	25.750228	25.750200
154.688000	94.780200	25.200688	25.200700
160.312000	94.780200	24.818079	24.818100
165.938000	94.780200	25.299874	25.299900
171.562000	94.780200	25.561694	25.561700
177.188000	94.780200	25.381983	25.382000
182.812000	94.780200	25.400644	25.400600
188.438000	94.780200	25.152961	25.153000
194.062000	94.780200	25.445770	25.445700
199.687000	94.780200	25.727156	25.727200
205.312000	94.780200	25.297160	25.297200
210.938000	94.780200	25.661899	25.661900
216.562000	94.780200	25.445204	25.445100
222.188000	94.780200	25.192431	25.192500
227.812000	94.780200	25.210075	25.210100
233.438000	94.780200	25.692774	25.692800
239.062000	94.780200	25.695262	25.695200
244.687000	94.780200	25.473591	25.473500
250.312000	94.780200	25.246153	25.246200
255.937000	94.780200	25.363208	25.363200
261.562000	94.780200	25.324982	25.325000
267.188000	94.780200	25.217313	25.217300
272.812000	94.780200	25.217765	25.217700
278.438000	94.780200	25.264248	25.264300
284.062000	94.780200	25.120388	25.120300
289.688000	94.780200	25.647874	25.647900
295.312000	94.780200	25.164836	25.164900
300.938000	94.780200	25.340137	25.340200
306.562000	94.780200	25.244004	25.244000
312.187000	94.780200	25.406412	25.406500
317.812000	94.780200	25.055923	25.056000
323.438000	94.780200	25.822384	25.822400
329.062000	94.780200	24.954927	24.954900
334.688000	94.780200	25.306886	25.306900
340.312000	94.780200	25.057846	25.057900
345.938000	94.780200	25.206229	25.206200
351.562000	94.780200	25.283927	25.283900
357.187000	94.780200	25.430162	25.430100
0.000000	97.180800	23.621283	23.621300
5.625000	97.180800	23.715154	23.715200
11.250000	97.180800	23.393505	23.393500
16.875000	97.180800	23.500043	23.500100
22.500000	97.180800	23.803822	23.803800
28.125000	97.180800	23.173983	23.174000
33.750000	97.180800	23.325308	23.325300
39.375000	97.180800	23.247157	23.247200
45.000000	97.180800	23.670933	23.670900
50.625000	97.180800	23.663695	23.663700
56.250000	97.180800	23.368171	23.368200
61.875000	97.180800	23.168894	23.168900
67.500000	97.180800	23.813096	23.813100
73.125000	97.180800	23.335486	23.335400
78.750000	97.180800	23.629653	23.629600
84.375000	97.180800	23.686088	23.686100
90.000000	97.180800	23.485906	23.485900
95.625000	97.180800	23.701696	23.701700
101.250000	97.180800	23.520514	23.520500
106.875000	97.180800	22.927318	22.927300
112.500000	97.180800	23.567788	23.567800
118.125000	97.180800	23.447792	23.447800
123.750000	97.180800	23.541437	23.541500
129.375000	97.180800	23.563491	23.563400
135.000000	97.180800	23.478894	23.478900
140.625000	97.180800	23.427208	23.427200
146.250000	97.180800	23.626260	23.626200
151.875000	97.180800	23.783578	23.783600
157.500000	97.180800	23.631575	23.631600
163.125000	97.180800	23.043469	23.043400
168.750000	97.180800	23.511579	23.511500
174.375000	97.180800	23.651820	23.651800
180.000000	97.180800	23.234038	23.234000
185.625000	97.180800	23.641980	23.642000
191.250000	97.180800	23.428565	23.428600
196.875000	97.180800	23.969623	23.969600
202.500000	97.180800	24.391476	24.391500
208.125000	97.180800	23.874056	23.874000
213.750000	97.180800	23.791608	23.791600
219.375000	97.180800	23.689029	23.689000
225.000000	97.180800	24.063155	24.063100
230.625000	97.180800	24.208372	24.208400
236.250000	97.180800	24.082720	24.082700
241.875000	97.180800	23.812644	23.812700
247.500000	97.180800	23.192305	23.192300
253.125000	97.180800	23.487263	23.487200
258.750000	97.180800	23.467584	23.467600
264.375000	97.180800	23.098434	23.098400
270.000000	97.180800	23.490543	23.490500
275.625000	97.180800	23.674552	23.674600
281.250000	97.180800	23.497329	23.497300
286.875000	97.180800	23.490543	23.490500
292.500000	97.180800	23.464643	23.464600
298.125000	97.180800	23.321236	23.321200
303.750000	97.180800	24.197175	24.197200
309.375000	97.180800	23.504567	23.504500
315.000000	97.180800	23.673195	23.673200
320.625000	97.180800	24.091655	24.091600
326.250000	97.180800	23.555121	23.555200
331.875000	97.180800	23.756548	23.756500
337.500000	97.180800	23.604884	23.604800
343.125000	97.180800	23.478894	23.478900
348.750000	97.180800	23.902217	23.902200
354.375000	97.180800	23.550484	23.550400
2.812500	99.594100	21.929460	21.929500
8.437500	99.594100	21.451737	21.451700
14.062500	99.594100	21.964520	21.964500
19.687500	99.594100	21.485101	21.485100
25.312500	99.594100	22.037355	22.037300
30.937500	99.594100	21.779041	21.779000
36.562500	99.594100	21.521066	21.521000
42.187500	99.594100	21.546739	21.546700
47.812500	99.594100	22.117880	22.117900
53.437500	99.594100	21.465535	21.465500
59.062500	99.594100	21.742737	21.742700
64.687500	99.594100	21.415094	21.415100
70.312500	99.594100	22.167756	22.167800
75.937500	99.594100	21.716724	21.716800
81.562500	99.594100	21.648413	21.648500
87.187500	99.594100	21.502405	21.502400
92.812500	99.594100	21.157119	21.157100
98.437500	99.594100	21.889198	21.889100
104.062000	99.594100	21.770219	21.770200
109.688000	99.594100	21.534751	21.534800
115.312000	99.594100	21.546626	21.546700
120.938000	99.594100	21.668997	21.669000
126.562000	99.594100	21.485893	21.485900
132.188000	99.594100	21.817720	21.817800
137.812000	99.594100	21.551941	21.552000
143.437000	99.594100	22.204965	22.205000
149.062000	99.594100	21.814101	21.814100
154.688000	99.594100	21.742284	21.742300
160.312000	99.594100	21.669563	21.669500
165.938000	99.594100	21.186071	21.186000
171.562000	99.594100	21.357301	21.357300
177.188000	99.594100	21.719325	21.719400
182.812000	99.594100	21.800529	21.800500
188.438000	99.594100	21.730974	21.731000
194.062000	99.594100	21.388290	21.388300
199.687000	99.594100	21.495732	21.495800
205.312000	99.594100	21.672503	21.672500
210.938000	99.594100	21.543233	21.543300
216.562000	99.594100	21.519596	21.519600
222.188000	99.594100	21.610639	21.610700
227.812000	99.594100	21.438505	21.438500
233.438000	99.594100	21.600121	21.600200
239.062000	99.594100	21.682682	21.682600
244.687000	99.594100	21.718308	21.718400
250.312000	99.594100	21.912496	21.912500
255.937000	99.594100	21.531131	21.531100
261.562000	99.594100	21.632354	21.632300
267.188000	99.594100	21.848709	21.848800
272.812000	99.594100	21.357753	21.357700
278.438000	99.594100	21.713557	21.713500
284.062000	99.594100	21.711861	21.711900
289.688000	99.594100	21.898245	21.898200
295.312000	99.594100	21.934663	21.934700
300.938000	99.594100	21.275079	21.275000
306.562000	99.594100	21.564721	21.564800
312.187000	99.594100	21.471642	21.471600
317.812000	99.594100	21.696480	21.696500
323.438000	99.594100	21.129410	21.129400
329.062000	99.594100	21.981146	21.981100
334.688000	99.594100	21.533393	21.533400
340.312000	99.594100	21.270668	21.270700
345.938000	99.594100	21.965425	21.965500
351.562000	99.594100	21.576144	21.576100
357.187000	99.594100	22.249978	22.250000
0.000000	102.025000	19.819177	19.819100
5.625000	102.025000	19.276536	19.276500
11.250000	102.025000	19.550571	19.550600
16.875000	102.025000	19.741819	19.741800
22.500000	102.025000	19.369728	19.369700
28.125000	102.025000	19.858987	19.858900
33.750000	102.025000	19.670002	19.670000
39.375000	102.025000	19.888845	19.888800
45.000000	102.025000	19.504880	19.504900
50.625000	102.025000	19.675543	19.675500
56.250000	102.025000	19.508046	19.508100
61.875000	102.025000	20.176225	20.176200
67.500000	102.025000	20.022865	20.022800
73.125000	102.025000	19.879119	19.879100
78.750000	102.025000	19.494814	19.494800
84.375000	102.025000	19.678371	19.678400
90.000000	102.025000	19.537339	19.537400
95.625000	102.025000	19.840439	19.840400
101.250000	102.025000	19.114241	19.114200
106.875000	102.025000	19.930804	19.930800
112.500000	102.025000	19.986561	19.986600
118.125000	102.025000	19.998776	19.998800
123.750000	102.025000	19.916780	19.916800
129.375000	102.025000	19.694657	19.694600
135.000000	102.025000	19.704157	19.704200
140.625000	102.025000	19.163326	19.163300
146.250000	102.025000	19.843267	19.843300
151.875000	102.025000	19.845981	19.846000
157.500000	102.025000	19.797915	19.797900
163.125000	102.025000	19.739443	19.739500
168.750000	102.025000	19.898232	19.898300
174.375000	102.025000	19.622840	19.622900
180.000000	102.025000	19.650436	19.650500
185.625000	102.025000	19.656317	19.656300
191.250000	102.025000	20.093891	20.093900
196.875000	102.025000	19.769640	19.769600
202.500000	102.025000	20.084617	20.084600
208.125000	102.025000	19.868601	19.868600
213.750000	102.025000	19.825737	19.825700
219.375000	102.025000	20.037455	20.037500
225.000000	102.025000	19.608929	19.609000
230.625000	102.025000	20.022074	20.022100
236.250000	102.025000	19.519130	19.519100
241.875000	102.025000	20.049896	20.049900
247.500000	102.025000	19.578280	19.578200
253.125000	102.025000	19.459075	19.459100
258.750000	102.025000	20.077039	20.077000
264.375000	102.025000	19.836481	19.836500
270.000000	102.025000	19.525689	19.525700
275.625000	102.025000	19.735033	19.735000
281.250000	102.025000	19.785474	19.785500
286.875000	102.025000	19.520261	19.520300
292.500000	102.025000	19.784004	19.784000
298.125000	102.025000	19.854350	19.854300
303.750000	102.025000	19.864077	19.864100
309.375000	102.025000	19.802099	19.802100
315.000000	102.025000	19.400717	19.400700
320.625000	102.025000	19.630418	19.630500
326.250000	102.025000	19.592982	19.593000
331.875000	102.025000	19.998436	19.998400
337.500000	102.025000	19.512118	19.512200
343.125000	102.025000	19.951049	19.951000
348.750000	102.025000	20.027842	20.027800
354.375000	102.025000	20.008841	20.008900
2.812500	104.478000	17.556212	17.556200
8.437500	104.478000	18.006905	18.006900
14.062500	104.478000	17.951488	17.951500
19.687500	104.478000	17.665465	17.665500
25.312500	104.478000	17.853545	17.853600
30.937500	104.478000	17.455217	17.455200
36.562500	104.478000	18.213082	18.213100
42.187500	104.478000	17.937011	17.937000
47.812500	104.478000	17.711156	17.711200
53.437500	104.478000	18.049204	18.049200
59.062500	104.478000	18.177230	18.177200
64.687500	104.478000	17.608916	17.608900
70.312500	104.478000	18.224052	18.224100
75.937500	104.478000	17.651554	17.651600
81.562500	104.478000	17.504414	17.504400
87.187500	104.478000	18.173158	18.173100
92.812500	104.478000	17.799711	17.799700
98.437500	104.478000	17.700298	17.700300
104.062000	104.478000	18.008715	18.008700
109.688000	104.478000	17.675530	17.675600
115.312000	104.478000	17.768722	17.768800
120.938000	104.478000	17.946398	17.946400
126.562000	104.478000	17.390073	17.390100
132.188000	104.478000	17.948547	17.948600
137.812000	104.478000	17.798693	17.798600
143.437000	104.478000	17.354786	17.354800
149.062000	104.478000	17.940291	17.940300
154.688000	104.478000	17.829116	17.829200
160.312000	104.478000	17.994465	17.994400
165.938000	104.478000	18.077478	18.077400
171.562000	104.478000	18.033144	18.033100
177.188000	104.478000	17.929434	17.929400
182.812000	104.478000	17.902403	17.902400
188.438000	104.478000	17.663316	17.663300
194.062000	104.478000	17.834545	17.834500
199.687000	104.478000	17.794622	17.794600
205.312000	104.478000	18.005209	18.005200
210.938000	104.478000	17.695888	17.695800
216.562000	104.478000	17.940857	17.940800
222.188000	104.478000	17.661619	17.661600
227.812000	104.478000	17.222123	17.222100
233.438000	104.478000	18.099758	18.099800
239.062000	104.478000	17.757073	17.757100
244.687000	104.478000	17.811021	17.811000
250.312000	104.478000	17.733549	17.733500
255.937000	104.478000	17.553498	17.553600
261.562000	104.478000	18.379448	18.379500
267.188000	104.478000	17.494574	17.494600
272.812000	104.478000	17.708781	17.708800
278.438000	104.478000	18.296548	18.296600
284.062000	104.478000	17.514140	17.514200
289.688000	104.478000	17.893129	17.893200
295.312000	104.478000	17.842009	17.842000
300.938000	104.478000	17.711834	17.711900
306.562000	104.478000	17.923892	17.923900
312.187000	104.478000	17.813396	17.813400
317.812000	104.478000	17.751645	17.751600
323.438000	104.478000	17.818033	17.818000
329.062000	104.478000	17.299029	17.299000
334.688000	104.478000	18.054067	18.054000
340.312000	104.478000	17.836015	17.836000
345.938000	104.478000	18.372097	18.372100
351.562000	104.478000	18.017084	18.017000
357.187000	104.478000	17.893921	17.893900
0.000000	106.958000	16.478508	16.478500
5.625000	106.958000	15.941635	15.941700
11.250000	106.958000	16.229128	16.229100
16.875000	106.958000	16.061518	16.061500
22.500000	106.958000	15.849008	15.849000
28.125000	106.958000	16.095108	16.095100
33.750000	106.958000	16.098727	16.098800
39.375000	106.958000	15.887235	15.887200
45.000000	106.958000	15.818924	15.818900
50.625000	106.958000	15.807728	15.807700
56.250000	106.958000	16.181514	16.181600
61.875000	106.958000	15.997618	15.997700
67.500000	106.958000	16.116483	16.116500
73.125000	106.958000	15.720077	15.720100
78.750000	106.958000	16.214313	16.214300
84.375000	106.958000	15.803543	15.803500
90.000000	106.958000	15.990493	15.990500
95.625000	106.958000	15.913021	15.913000
101.250000	106.958000	15.823448	15.823400
106.875000	106.958000	16.035053	16.035000
112.500000	106.958000	16.483145	16.483100
118.125000	106.958000	15.906688	15.906700
123.750000	106.958000	15.767465	15.767400
129.375000	106.958000	15.862241	15.862200
135.000000	106.958000	16.178913	16.178900
140.625000	106.958000	15.901033	15.901100
146.250000	106.958000	16.327749	16.327800
151.875000	106.958000	16.200515	16.200500
157.500000	106.958000	15.928176	15.928200
163.125000	106.958000	15.909855	15.909900
168.750000	106.958000	16.385994	16.386000
174.375000	106.958000	15.969570	15.969500
180.000000	106.958000	15.972624	15.972700
185.625000	106.958000	16.049643	16.049600
191.250000	106.958000	15.926593	15.926600
196.875000	106.958000	15.734667	15.734700
202.500000	106.958000	15.848782	15.848800
208.125000	106.958000	15.921730	15.921800
213.750000	106.958000	16.237950	16.238000
219.375000	106.958000	15.925236	15.925200
225.000000	106.958000	15.972511	15.972500
230.625000	106.958000	15.554955	15.554900
236.250000	106.958000	15.459614	15.459600
241.875000	106.958000	16.361792	16.361800
247.500000	106.958000	16.069774	16.069800
253.125000	106.958000	16.021142	16.021100
258.750000	106.958000	16.035506	16.035500
264.375000	106.958000	15.726298	15.726400
270.000000	106.958000	15.518651	15.518700
275.625000	106.958000	15.524984	15.525000
281.250000	106.958000	15.945480	15.945500
286.875000	106.958000	15.605170	15.605200
292.500000	106.958000	15.520121	15.520100
298.125000	106.958000	16.555753	16.555800
303.750000	106.958000	15.896396	15.896400
309.375000	106.958000	15.942766	15.942700
315.000000	106.958000	15.864389	15.864400
320.625000	106.958000	15.950457	15.950400
326.250000	106.958000	15.876491	15.876500
331.875000	106.958000	15.508585	15.508600
337.500000	106.958000	16.080066	16.080100
343.125000	106.958000	15.531431	15.531400
348.750000	106.958000	16.322773	16.322800
354.375000	106.958000	15.918337	15.918300
2.812500	109.471000	14.160578	14.160600
8.437500	109.471000	14.255693	14.255700
14.062500	109.471000	14.177203	14.177200
19.687500	109.471000	13.842661	13.842700
25.312500	109.471000	14.088083	14.088000
30.937500	109.471000	14.359516	14.359600
36.562500	109.471000	14.373088	14.373000
42.187500	109.471000	14.343570	14.343600
47.812500	109.471000	14.095547	14.095600
53.437500	109.471000	13.982676	13.982700
59.062500	109.471000	14.248342	14.248300
64.687500	109.471000	14.226966	14.227000
70.312500	109.471000	14.116809	14.116800
75.937500	109.471000	13.798780	13.798700
81.562500	109.471000	14.355558	14.355600
87.187500	109.471000	14.087291	14.087300
92.812500	109.471000	14.431899	14.431900
98.437500	109.471000	13.990593	13.990600
104.062000	109.471000	14.404303	14.404300
109.688000	109.471000	14.263836	14.263800
115.312000	109.471000	13.985390	13.985400
120.938000	109.471000	14.138524	14.138500
126.562000	109.471000	14.127441	14.127500
132.188000	109.471000	13.710677	13.710700
137.812000	109.471000	14.439024	14.439000
143.437000	109.471000	14.109797	14.109800
149.062000	109.471000	14.358159	14.358200
154.688000	109.471000	14.151304	14.151400
160.312000	109.471000	14.093851	14.093900
165.938000	109.471000	14.275485	14.275400
171.562000	109.471000	14.419345	14.419300
177.188000	109.471000	14.174150	14.174100
182.812000	109.471000	14.363475	14.363500
188.438000	109.471000	14.450107	14.450100
194.062000	109.471000	14.111268	14.111300
199.687000	109.471000	13.905091	13.905000
205.312000	109.471000	13.980301	13.980400
210.938000	109.471000	14.172793	14.172800
216.562000	109.471000	14.169739	14.169700
222.188000	109.471000	14.201406	14.201400
227.812000	109.471000	14.256145	14.256200
233.438000	109.471000	14.125631	14.125600
239.062000	109.471000	14.032665	14.032700
244.687000	109.471000	13.791994	13.792000
250.312000	109.471000	14.198692	14.198600
255.937000	109.471000	14.236919	14.236900
261.562000	109.471000	14.460286	14.460300
267.188000	109.471000	14.186477	14.186400
272.812000	109.471000	13.936080	13.936100
278.438000	109.471000	14.551103	14.551100
284.062000	109.471000	14.385302	14.385300
289.688000	109.471000	14.344248	14.344300
295.312000	109.471000	14.293920	14.293900
300.938000	109.471000	13.857703	13.857700
306.562000	109.471000	14.302515	14.302500
312.187000	109.471000	14.329093	14.329100
317.812000	109.471000	14.652212	14.652200
323.438000	109.471000	14.082089	14.082100
329.062000	109.471000	14.446488	14.446500
334.688000	109.471000	14.334522	14.334600
340.312000	109.471000	14.294938	14.295000
345.938000	109.471000	14.520341	14.520300
351.562000	109.471000	14.100863	14.100900
357.187000	109.471000	14.014909	14.014900
0.000000	112.024000	12.454279	12.454200
5.625000	112.024000	12.804315	12.804400
11.250000	112.024000	12.696420	12.696500
16.875000	112.024000	12.705355	12.705400
22.500000	112.024000	12.401123	12.401100
28.125000	112.024000	12.588751	12.588800
33.750000	112.024000	12.607978	12.607900
39.375000	112.024000	12.269704	12.269700
45.000000	112.024000	12.476446	12.476400
50.625000	112.024000	12.540685	12.540700
56.250000	112.024000	12.410058	12.410100
61.875000	112.024000	12.486624	12.486600
67.500000	112.024000	12.665205	12.665200
73.125000	112.024000	12.222203	12.222200
78.750000	112.024000	12.374658	12.374700
84.375000	112.024000	12.535030	12.535000
90.000000	112.024000	12.589204	12.589200
95.625000	112.024000	12.333717	12.333700
101.250000	112.024000	12.373301	12.373300
106.875000	112.024000	12.088069	12.088100
112.500000	112.024000	12.346158	12.346200
118.125000	112.024000	12.349777	12.349800
123.750000	112.024000	12.243239	12.243200
129.375000	112.024000	12.479273	12.479300
135.000000	112.024000	12.290061	12.290100
140.625000	112.024000	12.666449	12.666500
146.250000	112.024000	12.410284	12.410300
151.875000	112.024000	12.727296	12.727300
157.500000	112.024000	12.486851	12.486800
163.125000	112.024000	12.520441	12.520400
168.750000	112.024000	12.273323	12.273300
174.375000	112.024000	12.404742	12.404700
180.000000	112.024000	12.866292	12.866300
185.625000	112.024000	12.637609	12.637600
191.250000	112.024000	12.148690	12.148700
196.875000	112.024000	12.842089	12.842100
202.500000	112.024000	12.318901	12.318900
208.125000	112.024000	12.800017	12.800000
213.750000	112.024000	12.458237	12.458200
219.375000	112.024000	12.529262	12.529200
225.000000	112.024000	12.409492	12.409500
230.625000	112.024000	12.721414	12.721500
236.250000	112.024000	12.108653	12.108600
241.875000	112.024000	12.734194	12.734200
247.500000	112.024000	12.209649	12.209700
253.125000	112.024000	12.372849	12.372800
258.750000	112.024000	12.409040	12.409000
264.375000	112.024000	12.396599	12.396500
270.000000	112.024000	12.448963	12.448900
275.625000	112.024000	12.423177	12.423200
281.250000	112.024000	12.144618	12.144600
286.875000	112.024000	12.202411	12.202400
292.500000	112.024000	12.398522	12.398500
298.125000	112.024000	12.490017	12.490000
303.750000	112.024000	12.542381	12.542400
309.375000	112.024000	12.492166	12.492200
315.000000	112.024000	12.187256	12.187300
320.625000	112.024000	12.664413	12.664400
326.250000	112.024000	12.499065	12.499000
331.875000	112.024000	12.574727	12.574700
337.500000	112.024000	12.156041	12.156000
343.125000	112.024000	12.807934	12.808000
348.750000	112.024000	12.574501	12.574500
354.375000	112.024000	12.375563	12.375600
2.812500	114.624000	10.885064	10.885100
8.437500	114.624000	11.211248	11.211200
14.062500	114.624000	10.558236	10.558200
19.687500	114.624000	11.058284	11.058300
25.312500	114.624000	10.908340	10.908300
30.937500	114.624000	10.857163	10.857200
36.562500	114.624000	10.531104	10.531100
42.187500	114.624000	10.881049	10.881100
47.812500	114.624000	11.085756	11.085800
53.437500	114.624000	10.796611	10.796600
59.062500	114.624000	10.933741	10.933700
64.687500	114.624000	10.950559	10.950600
70.312500	114.624000	10.931774	10.931800
75.937500	114.624000	10.806462	10.806500
81.562500	114.624000	10.779115	10.779100
87.187500	114.624000	10.649155	10.649100
92.812500	114.624000	11.003127	11.003100
98.437500	114.624000	11.176641	11.176600
104.062000	114.624000	11.088504	11.088500
109.688000	114.624000	10.903850	10.903900
115.312000	114.624000	10.817138	10.817100
120.938000	114.624000	10.745197	10.745200
126.562000	114.624000	10.872273	10.872300
132.188000	114.624000	10.810228	10.810200
137.812000	114.624000	10.881015	10.881000
143.437000	114.624000	11.040573	11.040600
149.062000	114.624000	11.129773	11.129800
154.688000	114.624000	10.921176	10.921200
160.312000	114.624000	10.654221	10.654200
165.938000	114.624000	10.875395	10.875400
171.562000	114.624000	10.926119	10.926100
177.188000	114.624000	10.775269	10.775300
182.812000	114.624000	10.695389	10.695400
188.438000	114.624000	10.882983	10.883000
194.062000	114.624000	10.913723	10.913700
199.687000	114.624000	10.786613	10.786600
205.312000	114.624000	10.743037	10.743000
210.938000	114.624000	10.782202	10.782200
216.562000	114.624000	11.065952	11.066000
222.188000	114.624000	10.744066	10.744100
227.812000	114.624000	11.223847	11.223800
233.438000	114.624000	10.669478	10.669500
239.062000	114.624000	10.776016	10.776000
244.687000	114.624000	10.907277	10.907300
250.312000	114.624000	10.690198	10.690200
255.937000	114.624000	10.522621	10.522600
261.562000	114.624000	10.797821	10.797800
267.188000	114.624000	11.175216	11.175200
272.812000	114.624000	10.759685	10.759700
278.438000	114.624000	10.962785	10.962800
284.062000	114.624000	10.780144	10.780100
289.688000	114.624000	10.896171	10.896200
295.312000	114.624000	10.899597	10.899600
300.938000	114.624000	10.484621	10.484600
306.562000	114.624000	10.668178	10.668200
312.187000	114.624000	10.920419	10.920400
317.812000	114.624000	10.698047	10.698100
323.438000	114.624000	10.916528	10.916500
329.062000	114.624000	10.705307	10.705300
334.688000	114.624000	10.801847	10.801800
340.312000	114.624000	11.201070	11.201100
345.938000	114.624000	10.794960	10.795000
351.562000	114.624000	10.976198	10.976200
357.187000	114.624000	11.070476	11.070500
0.000000	117.280000	9.225644	9.225640
5.625000	117.280000	9.422230	9.422230
11.250000	117.280000	9.078572	9.078570
16.875000	117.280000	9.154980	9.154980
22.500000	117.280000	9.239238	9.239240
28.125000	117.280000	9.342258	9.342250
33.750000	117.280000	9.277521	9.277520
39.375000	117.280000	9.195910	9.195910
45.000000	117.280000	9.197584	9.197580
50.625000	117.280000	9.127034	9.127030
56.250000	117.280000	9.210602	9.210600
61.875000	117.280000	9.194406	9.194410
67.500000	117.280000	8.881421	8.881420
73.125000	117.280000	9.351216	9.351210
78.750000	117.280000	9.041306	9.041300
84.375000	117.280000	9.308838	9.308840
90.000000	117.280000	9.522241	9.522240
95.625000	117.280000	9.229319	9.229320
101.250000	117.280000	9.422919	9.422920
106.875000	117.280000	9.332238	9.332240
112.500000	117.280000	9.347517	9.347510
118.125000	117.280000	9.291512	9.291510
123.750000	117.280000	9.358782	9.358780
129.375000	117.280000	9.355887	9.355890
135.000000	117.280000	9.046871	9.046870
140.625000	117.280000	9.289137	9.289130
146.250000	117.280000	9.322659	9.322660
151.875000	117.280000	9.246996	9.247000
157.500000	117.280000	9.489443	9.489440
163.125000	117.280000	9.226650	9.226650
168.750000	117.280000	9.360139	9.360140
174.375000	117.280000	9.329671	9.329670
180.000000	117.280000	9.275248	9.275250
185.625000	117.280000	9.137688	9.137690
191.250000	117.280000	9.181671	9.181670
196.875000	117.280000	9.219220	9.219230
202.500000	117.280000	9.443198	9.443200
208.125000	117.280000	9.094349	9.094340
213.750000	117.280000	9.478303	9.478300
219.375000	117.280000	9.188480	9.188480
225.000000	117.280000	9.292620	9.292620
230.625000	117.280000	9.323812	9.323810
236.250000	117.280000	9.437045	9.437040
241.875000	117.280000	9.118936	9.118930
247.500000	117.280000	9.403602	9.403600
253.125000	117.280000	8.926603	8.926600
258.750000	117.280000	8.966244	8.966240
264.375000	117.280000	9.300853	9.300860
270.000000	117.280000	9.479626	9.479620
275.625000	117.280000	9.272353	9.272350
281.250000	117.280000	9.339657	9.339660
286.875000	117.280000	9.187225	9.187230
292.500000	117.280000	9.060375	9.060380
298.125000	117.280000	9.328721	9.328720
303.750000	117.280000	8.808088	8.808090
309.375000	117.280000	9.529966	9.529960
315.000000	117.280000	9.197822	9.197820
320.625000	117.280000	9.172940	9.172940
326.250000	117.280000	9.239419	9.239420
331.875000	117.280000	9.220260	9.220260
337.500000	117.280000	9.308250	9.308250
343.125000	117.280000	9.248376	9.248370
348.750000	117.280000	9.385586	9.385580
354.375000	117.280000	9.081931	9.081930
2.812500	120.000000	7.533040	7.533040
8.437500	120.000000	7.458317	7.458310
14.062500	120.000000	7.446464	7.446470
19.687500	120.000000	7.971417	7.971420
25.312500	120.000000	7.591568	7.591570
30.937500	120.000000	7.978463	7.978460
36.562500	120.000000	7.594543	7.594540
42.187500	120.000000	7.667649	7.667650
47.812500	120.000000	7.902620	7.902620
53.437500	120.000000	7.335991	7.335990
59.062500	120.000000	7.662062	7.662060
64.687500	120.000000	7.446148	7.446150
70.312500	120.000000	7.697710	7.697710
75.937500	120.000000	7.558453	7.558450
81.562500	120.000000	7.196858	7.196860
87.187500	120.000000	7.639114	7.639120
92.812500	120.000000	7.749011	7.749020
98.437500	120.000000	7.615443	7.615440
104.062000	120.000000	7.634828	7.634820
109.688000	120.000000	7.577804	7.577800
115.312000	120.000000	7.751115	7.751110
120.938000	120.000000	7.734987	7.734990
126.562000	120.000000	7.521199	7.521200
132.188000	120.000000	7.771404	7.771400
137.812000	120.000000	7.822490	7.822490
143.437000	120.000000	7.689963	7.689960
149.062000	120.000000	7.681334	7.681340
154.688000	120.000000	7.645041	7.645040
160.312000	120.000000	7.754530	7.754530
165.938000	120.000000	7.716303	7.716300
171.562000	120.000000	7.891615	7.891620
177.188000	120.000000	7.728574	7.728570
182.812000	120.000000	7.671223	7.671220
188.438000	120.000000	7.696172	7.696170
194.062000	120.000000	7.950935	7.950930
199.687000	120.000000	7.732454	7.732460
205.312000	120.000000	7.746896	7.746900
210.938000	120.000000	7.906454	7.906460
216.562000	120.000000	7.545323	7.545320
222.188000	120.000000	7.773248	7.773250
227.812000	120.000000	7.672648	7.672650
233.438000	120.000000	7.540030	7.540030
239.062000	120.000000	7.675498	7.675500
244.687000	120.000000	7.380823	7.380820
250.312000	120.000000	7.624265	7.624270
255.937000	120.000000	7.626097	7.626090
261.562000	120.000000	7.642089	7.642080
267.188000	120.000000	7.624140	7.624140
272.812000	120.000000	7.751737	7.751740
278.438000	120.000000	7.623416	7.623420
284.062000	120.000000	7.558193	7.558200
289.688000	120.000000	7.773689	7.773690
295.312000	120.000000	7.561247	7.561240
300.938000	120.000000	7.649689	7.649690
306.562000	120.000000	7.824933	7.824930
312.187000	120.000000	7.467919	7.467920
317.812000	120.000000	7.888336	7.888340
323.438000	120.000000	7.517444	7.517450
329.062000	120.000000	7.581288	7.581290
334.688000	120.000000	7.699768	7.699770
340.312000	120.000000	7.576809	7.576810
345.938000	120.000000	7.372125	7.372130
351.562000	120.000000	7.576164	7.576170
357.187000	120.000000	7.582453	7.582450
0.000000	122.797000	6.030599	6.030600
5.625000	122.797000	6.110706	6.110700
11.250000	122.797000	5.929399	5.929400
16.875000	122.797000	6.039533	6.039540
22.500000	122.797000	6.043277	6.043280
28.125000	122.797000	6.163613	6.163620
33.750000	122.797000	6.220964	6.220960
39.375000	122.797000	6.388688	6.388680
45.000000	122.797000	6.127693	6.127690
50.625000	122.797000	5.960286	5.960290
56.250000	122.797000	6.212878	6.212880
61.875000	122.797000	5.993525	5.993530
67.500000	122.797000	6.370015	6.370020
73.125000	122.797000	6.210842	6.210840
78.750000	122.797000	6.248526	6.248530
84.375000	122.797000	5.929535	5.929540
90.000000	122.797000	6.259361	6.259360
95.625000	122.797000	6.085575	6.085580
101.250000	122.797000	6.111271	6.111270
106.875000	122.797000	6.542432	6.542430
112.500000	122.797000	6.310390	6.310390
118.125000	122.797000	6.437150	6.437150
123.750000	122.797000	6.299895	6.299900
129.375000	122.797000	6.228881	6.228890
135.000000	122.797000	6.167933	6.167930
140.625000	122.797000	6.045686	6.045680
146.250000	122.797000	6.195574	6.195580
151.875000	122.797000	5.979230	5.979230
157.500000	122.797000	5.963453	5.963450
163.125000	122.797000	6.115580	6.115580
168.750000	122.797000	6.256703	6.256700
174.375000	122.797000	6.205798	6.205790
180.000000	122.797000	6.011270	6.011270
185.625000	122.797000	6.352542	6.352540
191.250000	122.797000	6.232217	6.232220
196.875000	122.797000	6.070850	6.070850
202.500000	122.797000	6.107494	6.107500
208.125000	122.797000	6.408378	6.408380
213.750000	122.797000	6.273815	6.273810
219.375000	122.797000	6.050051	6.050050
225.000000	122.797000	6.325093	6.325090
230.625000	122.797000	6.231482	6.231490
236.250000	122.797000	6.330182	6.330190
241.875000	122.797000	6.227671	6.227670
247.500000	122.797000	6.183031	6.183040
253.125000	122.797000	6.178326	6.178330
258.750000	122.797000	6.096817	6.096820
264.375000	122.797000	6.422707	6.422710
270.000000	122.797000	6.116089	6.116090
275.625000	122.797000	6.177128	6.177130
281.250000	122.797000	6.219245	6.219250
286.875000	122.797000	6.124243	6.124240
292.500000	122.797000	6.082228	6.082230
298.125000	122.797000	6.055740	6.055740
303.750000	122.797000	6.257710	6.257710
309.375000	122.797000	6.369472	6.369470
315.000000	122.797000	6.124503	6.124500
320.625000	122.797000	6.574314	6.574320
326.250000	122.797000	6.254192	6.254190
331.875000	122.797000	6.313195	6.313190
337.500000	122.797000	5.917151	5.917150
343.125000	122.797000	6.118419	6.118420
348.750000	122.797000	6.182952	6.182950
354.375000	122.797000	6.198345	6.198340
2.812500	125.685000	4.730228	4.730230
8.437500	125.685000	4.952872	4.952870
14.062500	125.685000	4.826587	4.826590
19.687500	125.685000	4.805630	4.805630
25.312500	125.685000	4.948721	4.948720
30.937500	125.685000	4.934946	4.934940
36.562500	125.685000	4.969814	4.969820
42.187500	125.685000	5.006661	5.006660
47.812500	125.685000	4.565819	4.565820
53.437500	125.685000	4.677853	4.677850
59.062500	125.685000	4.760584	4.760590
64.687500	125.685000	5.020142	5.020140
70.312500	125.685000	4.786664	4.786660
75.937500	125.685000	4.785013	4.785020
81.562500	125.685000	4.890453	4.890460
87.187500	125.685000	4.878657	4.878660
92.812500	125.685000	4.620286	4.620290
98.437500	125.685000	4.797589	4.797580
104.062000	125.685000	4.880863	4.880860
109.688000	125.685000	4.929189	4.929190
115.312000	125.685000	4.952894	4.952900
120.938000	125.685000	4.803651	4.803650
126.562000	125.685000	4.757338	4.757330
132.188000	125.685000	4.886065	4.886060
137.812000	125.685000	4.748686	4.748690
143.437000	125.685000	4.940849	4.940850
149.062000	125.685000	4.623396	4.623390
154.688000	125.685000	4.878126	4.878120
160.312000	125.685000	4.904907	4.904910
165.938000	125.685000	4.819145	4.819150
171.562000	125.685000	4.809374	4.809370
177.188000	125.685000	4.849048	4.849050
182.812000	125.685000	5.012350	5.012360
188.438000	125.685000	4.840577	4.840570
194.062000	125.685000	5.045611	5.045610
199.687000	125.685000	4.957181	4.957180
205.312000	125.685000	4.860087	4.860080
210.938000	125.685000	4.831778	4.831780
216.562000	125.685000	4.858548	4.858550
222.188000	125.685000	4.729357	4.729360
227.812000	125.685000	4.648481	4.648480
233.438000	125.685000	4.789310	4.789310
239.062000	125.685000	4.885680	4.885680
244.687000	125.685000	4.960189	4.960190
250.312000	125.685000	4.989131	4.989130
255.937000	125.685000	4.615638	4.615640
261.562000	125.685000	4.748765	4.748770
267.188000	125.685000	4.973840	4.973840
272.812000	125.685000	4.652858	4.652860
278.438000	125.685000	5.071477	5.071480
284.062000	125.685000	4.935443	4.935450
289.688000	125.685000	4.600811	4.600810
295.312000	125.685000	5.007995	5.007990
300.938000	125.685000	4.857644	4.857640
306.562000	125.685000	4.691922	4.691930
312.187000	125.685000	4.799512	4.799510
317.812000	125.685000	4.924654	4.924660
323.438000	125.685000	4.662336	4.662340
329.062000	125.685000	4.709045	4.709050
334.688000	125.685000	4.989323	4.989320
340.312000	125.685000	4.520976	4.520970
345.938000	125.685000	5.108799	5.108800
351.562000	125.685000	4.675353	4.675350
357.187000	125.685000	4.816589	4.816590
0.000000	128.682000	3.530616	3.530620
5.625000	128.682000	3.454468	3.454460
11.250000	128.682000	3.404592	3.404590
16.875000	128.682000	3.504321	3.504320
22.500000	128.682000	3.446845	3.446840
28.125000	128.682000	3.632110	3.632110
33.750000	128.682000	3.619397	3.619400
39.375000	128.682000	3.568255	3.568260
45.000000	128.682000	3.532505	3.532500
50.625000	128.682000	3.420980	3.420980
56.250000	128.682000	3.516106	3.516110
61.875000	128.682000	3.605045	3.605050
67.500000	128.682000	3.627099	3.627100
73.125000	128.682000	3.738953	3.738950
78.750000	128.682000	3.610395	3.610390
84.375000	128.682000	3.685786	3.685790
90.000000	128.682000	3.612363	3.612370
95.625000	128.682000	3.515088	3.515090
101.250000	128.682000	3.465144	3.465150
106.875000	128.682000	3.519352	3.519350
112.500000	128.682000	3.620517	3.620510
118.125000	128.682000	3.614941	3.614940
123.750000	128.682000	3.405010	3.405010
129.375000	128.682000	3.729679	3.729670
135.000000	128.682000	3.452353	3.452350
140.625000	128.682000	3.545681	3.545680
146.250000	128.682000	3.453642	3.453640
151.875000	128.682000	3.692447	3.692450
157.500000	128.682000	3.589167	3.589170
163.125000	128.682000	3.644980	3.644980
168.750000	128.682000	3.522971	3.522970
174.375000	128.682000	3.460993	3.461000
180.000000	128.682000	3.504570	3.504570
185.625000	128.682000	3.722463	3.722460
191.250000	128.682000	3.589087	3.589090
196.875000	128.682000	3.719534	3.719530
202.500000	128.682000	3.501301	3.501310
208.125000	128.682000	3.538239	3.538240
213.750000	128.682000	3.405587	3.405590
219.375000	128.682000	3.611650	3.611650
225.000000	128.682000	3.552715	3.552720
230.625000	128.682000	3.538205	3.538210
236.250000	128.682000	3.750432	3.750430
241.875000	128.682000	3.529361	3.529360
247.500000	128.682000	3.534948	3.534940
253.125000	128.682000	3.475153	3.475150
258.750000	128.682000	3.655894	3.655890
264.375000	128.682000	3.527642	3.527640
270.000000	128.682000	3.667068	3.667060
275.625000	128.682000	3.490546	3.490540
281.250000	128.682000	3.577088	3.577080
286.875000	128.682000	3.551754	3.551760
292.500000	128.682000	3.645953	3.645960
298.125000	128.682000	3.538239	3.538240
303.750000	128.682000	3.561118	3.561120
309.375000	128.682000	3.668323	3.668320
315.000000	128.682000	3.605713	3.605710
320.625000	128.682000	3.612917	3.612920
326.250000	128.682000	3.572191	3.572190
331.875000	128.682000	3.490444	3.490450
337.500000	128.682000	3.708484	3.708480
343.125000	128.682000	3.588918	3.588920
348.750000	128.682000	3.585152	3.585150
354.375000	128.682000	3.360914	3.360910
2.812500	131.810000	2.230031	2.230040
8.437500	131.810000	2.468293	2.468290
14.062500	131.810000	2.444938	2.444930
19.687500	131.810000	2.336862	2.336870
25.312500	131.810000	2.394847	2.394850
30.937500	131.810000	2.548377	2.548370
36.562500	131.810000	2.486354	2.486350
42.187500	131.810000	2.201881	2.201880
47.812500	131.810000	2.420905	2.420900
53.437500	131.810000	2.392325	2.392320
59.062500	131.810000	2.441285	2.441280
64.687500	131.810000	2.402787	2.402780
70.312500	131.810000	2.381864	2.381860
75.937500	131.810000	2.448750	2.448750
81.562500	131.810000	2.440222	2.440220
87.187500	131.810000	2.411902	2.411900
92.812500	131.810000	2.464210	2.464210
98.437500	131.810000	2.263146	2.263150
104.062000	131.810000	2.365578	2.365580
109.688000	131.810000	2.488447	2.488440
115.312000	131.810000	2.399643	2.399640
120.938000	131.810000	2.423178	2.423180
126.562000	131.810000	2.480971	2.480970
132.188000	131.810000	2.376786	2.376780
137.812000	131.810000	2.355998	2.356000
143.437000	131.810000	2.310205	2.310200
149.062000	131.810000	2.452312	2.452320
154.688000	131.810000	2.424298	2.424300
160.312000	131.810000	2.449994	2.450000
165.938000	131.810000	2.451645	2.451640
171.562000	131.810000	2.361529	2.361530
177.188000	131.810000	2.481921	2.481920
182.812000	131.810000	2.341533	2.341540
188.438000	131.810000	2.232790	2.232790
194.062000	131.810000	2.345560	2.345560
199.687000	131.810000	2.396329	2.396330
205.312000	131.810000	2.343354	2.343360
210.938000	131.810000	2.482634	2.482640
216.562000	131.810000	2.318756	2.318750
222.188000	131.810000	2.361405	2.361400
227.812000	131.810000	2.429975	2.429970
233.438000	131.810000	2.432803	2.432800
239.062000	131.810000	2.486207	2.486210
244.687000	131.810000	2.400593	2.400590
250.312000	131.810000	2.373562	2.373570
255.937000	131.810000	2.442631	2.442630
261.562000	131.810000	2.422624	2.422620
267.188000	131.810000	2.483504	2.483510
272.812000	131.810000	2.313508	2.313510
278.438000	131.810000	2.389543	2.389540
284.062000	131.810000	2.547359	2.547360
289.688000	131.810000	2.408363	2.408360
295.312000	131.810000	2.276310	2.276310
300.938000	131.810000	2.416675	2.416680
306.562000	131.810000	2.306123	2.306120
312.187000	131.810000	2.472183	2.472190
317.812000	131.810000	2.440437	2.440440
323.438000	131.810000	2.464922	2.464920
329.062000	131.810000	2.481310	2.481310
334.688000	131.810000	2.513170	2.513180
340.312000	131.810000	2.332191	2.332200
345.938000	131.810000	2.462005	2.462000
351.562000	131.810000	2.334793	2.334790
357.187000	131.810000	2.352097	2.352100
3.000000	134.994000	1.395022	1.395020
9.000000	134.994000	1.392907	1.392910
15.000000	134.994000	1.238291	1.238290
21.000000	134.994000	1.384187	1.384190
27.000000	134.994000	1.348901	1.348900
33.000000	134.994000	1.289751	1.289760
39.000000	134.994000	1.339434	1.339440
45.000000	134.994000	1.307349	1.307350
51.000000	134.994000	1.323160	1.323160
57.000000	134.994000	1.534878	1.534870
63.000000	134.994000	1.376281	1.376290
69.000000	134.994000	1.451016	1.451010
75.000000	134.994000	1.463864	1.463860
81.000000	134.994000	1.284469	1.284460
87.000000	134.994000	1.328328	1.328330
93.000000	134.994000	1.378962	1.378960
99.000000	134.994000	1.373420	1.373420
105.000000	134.994000	1.369349	1.369350
111.000000	134.994000	1.415504	1.415500
117.000000	134.994000	1.302259	1.302260
123.000000	134.994000	1.355619	1.355610
129.000000	134.994000	1.324178	1.324170
135.000000	134.994000	1.252383	1.252390
141.000000	134.994000	1.302825	1.302830
147.000000	134.994000	1.315277	1.315280
153.000000	134.994000	1.412925	1.412920
159.000000	134.994000	1.407915	1.407910
165.000000	134.994000	1.336901	1.336900
171.000000	134.994000	1.381778	1.381780
177.000000	134.994000	1.452577	1.452580
183.000000	134.994000	1.361918	1.361910
189.000000	134.994000	1.399862	1.399860
195.000000	134.994000	1.355076	1.355080
201.000000	134.994000	1.475626	1.475630
207.000000	134.994000	1.271463	1.271460
213.000000	134.994000	1.422798	1.422800
219.000000	134.994000	1.404906	1.404900
225.000000	134.994000	1.430399	1.430400
231.000000	134.994000	1.263998	1.264000
237.000000	134.994000	1.430218	1.430210
243.000000	134.994000	1.300359	1.300350
249.000000	134.994000	1.338564	1.338570
255.000000	134.994000	1.281461	1.281470
261.000000	134.994000	1.420785	1.420790
267.000000	134.994000	1.324325	1.324330
273.000000	134.994000	1.246774	1.246780
279.000000	134.994000	1.418263	1.418260
285.000000	134.994000	1.327457	1.327460
291.000000	134.994000	1.499625	1.499630
297.000000	134.994000	1.360595	1.360590
303.000000	134.994000	1.481507	1.481500
309.000000	134.994000	1.291029	1.291030
315.000000	134.994000	1.319902	1.319900
321.000000	134.994000	1.333169	1.333170
327.000000	134.994000	1.325139	1.325130
333.000000	134.994000	1.397340	1.397340
339.000000	134.994000	1.370547	1.370540
345.000000	134.994000	1.298425	1.298430
351.000000	134.994000	1.361511	1.361510
357.000000	134.994000	1.378102	1.378100
3.214290	138.141000	0.479628	0.479628
9.642860	138.141000	0.536838	0.536837
16.071400	138.141000	0.554641	0.554640
22.500000	138.141000	0.561716	0.561716
28.928600	138.141000	0.547469	0.547469
35.357100	138.141000	0.560698	0.560698
41.785700	138.141000	0.547273	0.547274
48.214300	138.141000	0.470028	0.470028
54.642900	138.141000	0.494476	0.494477
61.071400	138.141000	0.570947	0.570947
67.500000	138.141000	0.506479	0.506480
73.928600	138.141000	0.500378	0.500378
80.357100	138.141000	0.529061	0.529062
86.785700	138.141000	0.524505	0.524505
93.214300	138.141000	0.503760	0.503760
99.642900	138.141000	0.542444	0.542444
106.071000	138.141000	0.544869	0.544869
112.500000	138.141000	0.493501	0.493501
118.929000	138.141000	0.559099	0.559099
125.357000	138.141000	0.524302	0.524302
131.786000	138.141000	0.515587	0.515587
138.214000	138.141000	0.533247	0.533247
144.643000	138.141000	0.548656	0.548656
151.071000	138.141000	0.459785	0.459785
157.500000	138.141000	0.516943	0.516943
163.929000	138.141000	0.626338	0.626337
170.357000	138.141000	0.556802	0.556802
176.786000	138.141000	0.580772	0.580772
183.214000	138.141000	0.535286	0.535286
189.643000	138.141000	0.560259	0.560259
196.071000	138.141000	0.531597	0.531597
202.500000	138.141000	0.660694	0.660694
208.929000	138.141000	0.500495	0.500495
215.357000	138.141000	0.504844	0.504844
221.786000	138.141000	0.564718	0.564717
228.214000	138.141000	0.516727	0.516727
234.643000	138.141000	0.549127	0.549128
241.071000	138.141000	0.576499	0.576498
247.500000	138.141000	0.521393	0.521393
253.929000	138.141000	0.525346	0.525346
260.357000	138.141000	0.554021	0.554020
266.786000	138.141000	0.512371	0.512370
273.214000	138.141000	0.536645	0.536644
279.643000	138.141000	0.525002	0.525002
286.071000	138.141000	0.557598	0.557598
292.500000	138.141000	0.520673	0.520673
298.929000	138.141000	0.579152	0.579152
305.357000	138.141000	0.538493	0.538492
311.786000	138.141000	0.486971	0.486971
318.214000	138.141000	0.469814	0.469814
324.643000	138.141000	0.544311	0.544311
331.071000	138.141000	0.586757	0.586756
337.500000	138.141000	0.541470	0.541471
343.929000	138.141000	0.583547	0.583547
350.357000	138.141000	0.476308	0.476309
356.786000	138.141000	0.552287	0.552287
3.461540	141.256000	0.166804	0.166804
10.384600	141.256000	0.161036	0.161036
17.307700	141.256000	0.159222	0.159222
24.230800	141.256000	0.173034	0.173035
31.153800	141.256000	0.191833	0.191834
38.076900	141.256000	0.165966	0.165966
45.000000	141.256000	0.171828	0.171828
51.923100	141.256000	0.171167	0.171167
58.846200	141.256000	0.128367	0.128367
65.769200	141.256000	0.132419	0.132419
72.692300	141.256000	0.195430	0.195430
79.615400	141.256000	0.181928	0.181928
86.538500	141.256000	0.187523	0.187523
93.461500	141.256000	0.211080	0.211080
100.385000	141.256000	0.182006	0.182006
107.308000	141.256000	0.111261	0.111261
114.231000	141.256000	0.162437	0.162438
121.154000	141.256000	0.178565	0.178565
128.077000	141.256000	0.192325	0.192326
135.000000	141.256000	0.194810	0.194810
141.923000	141.256000	0.167055	0.167055
148.846000	141.256000	0.190975	0.190975
155.769000	141.256000	0.234959	0.234959
162.692000	141.256000	0.239454	0.239454
169.615000	141.256000	0.191275	0.191275
176.538000	141.256000	0.176587	0.176587
183.462000	141.256000	0.150545	0.150545
190.385000	141.256000	0.206299	0.206299
197.308000	141.256000	0.141847	0.141846
204.231000	141.256000	0.175929	0.175929
211.154000	141.256000	0.168808	0.168808
218.077000	141.256000	0.204690	0.204691
225.000000	141.256000	0.173187	0.173187
231.923000	141.256000	0.223425	0.223425
238.846000	141.256000	0.147486	0.147486
245.769000	141.256000	0.180783	0.180782
252.692000	141.256000	0.180874	0.180874
259.615000	141.256000	0.171528	0.171528
266.538000	141.256000	0.144199	0.144199
273.462000	141.256000	0.180762	0.180763
280.385000	141.256000	0.190114	0.190115
287.308000	141.256000	0.163009	0.163009
294.231000	141.256000	0.173557	0.173557
301.154000	141.256000	0.217845	0.217844
308.077000	141.256000	0.153989	0.153989
315.000000	141.256000	0.189565	0.189565
321.923000	141.256000	0.146740	0.146741
328.846000	141.256000	0.158676	0.158676
335.769000	141.256000	0.188615	0.188615
342.692000	141.256000	0.172373	0.172372
349.615000	141.256000	0.168370	0.168370
356.538000	141.256000	0.171294	0.171293
3.750000	144.341000	0.107181	0.107181
11.250000	144.341000	0.120399	0.120399
18.750000	144.341000	0.131359	0.131359
26.250000	144.341000	0.154164	0.154164
33.750000	144.341000	0.117359	0.117359
41.250000	144.341000	0.084324	0.084324
48.750000	144.341000	0.124768	0.124767
56.250000	144.341000	0.088910	0.088910
63.750000	144.341000	0.110094	0.110094
71.250000	144.341000	0.144426	0.144426
78.750000	144.341000	0.171107	0.171107
86.250000	144.341000	0.123199	0.123199
93.750000	144.341000	0.163500	0.163500
101.250000	144.341000	0.128511	0.128511
108.750000	144.341000	0.113423	0.113423
116.250000	144.341000	0.110898	0.110898
123.750000	144.341000	0.130584	0.130585
131.250000	144.341000	0.119248	0.119248
138.750000	144.341000	0.120150	0.120150
146.250000	144.341000	0.109042	0.109042
153.750000	144.341000	0.125778	0.125777
161.250000	144.341000	0.145673	0.145673
168.750000	144.341000	0.134001	0.134001
176.250000	144.341000	0.127877	0.127877
183.750000	144.341000	0.121537	0.121537
191.250000	144.341000	0.129029	0.129029
198.750000	144.341000	0.131467	0.131467
206.250000	144.341000	0.160285	0.160285
213.750000	144.341000	0.110497	0.110497
221.250000	144.341000	0.131605	0.131604
228.750000	144.341000	0.131841	0.131840
236.250000	144.341000	0.132406	0.132406
243.750000	144.341000	0.128617	0.128617
251.250000	144.341000	0.120744	0.120744
258.750000	144.341000	0.111349	0.111349
266.250000	144.341000	0.142650	0.142650
273.750000	144.341000	0.091854	0.091854
281.250000	144.341000	0.122300	0.122300
288.750000	144.341000	0.103638	0.103638
296.250000	144.341000	0.111721	0.111721
303.750000	144.341000	0.107943	0.107943
311.250000	144.341000	0.130437	0.130438
318.750000	144.341000	0.101946	0.101946
326.250000	144.341000	0.089599	0.089599
333.750000	144.341000	0.141944	0.141944
341.250000	144.341000	0.122363	0.122363
348.750000	144.341000	0.131659	0.131658
356.250000	144.341000	0.127374	0.127373
4.090910	147.400000	0.088874	0.088874
12.272700	147.400000	0.138689	0.138689
20.454500	147.400000	0.101874	0.101874
28.636400	147.400000	0.116862	0.116862
36.818200	147.400000	0.079300	0.079300
45.000000	147.400000	0.104972	0.104972
53.181800	147.400000	0.109159	0.109159
61.363600	147.400000	0.101230	0.101230
69.545500	147.400000	0.100087	0.100087
77.727300	147.400000	0.089170	0.089170
85.909100	147.400000	0.080128	0.080128
94.090900	147.400000	0.093667	0.093667
102.273000	147.400000	0.088524	0.088524
110.455000	147.400000	0.073292	0.073292
118.636000	147.400000	0.103590	0.103590
126.818000	147.400000	0.105462	0.105462
135.000000	147.400000	0.095710	0.095710
143.182000	147.400000	0.131758	0.131758
151.364000	147.400000	0.063039	0.063039
159.545000	147.400000	0.101872	0.101872
167.727000	147.400000	0.105676	0.105676
175.909000	147.400000	0.068542	0.068542
184.091000	147.400000	0.110876	0.110876
192.273000	147.400000	0.114856	0.114856
200.455000	147.400000	0.059583	0.059583
208.636000	147.400000	0.068226	0.068226
216.818000	147.400000	0.105607	0.105607
225.000000	147.400000	0.105663	0.105663
233.182000	147.400000	0.106295	0.106295
241.364000	147.400000	0.101447	0.101447
249.545000	147.400000	0.091413	0.091413
257.727000	147.400000	0.082283	0.082283
265.909000	147.400000	0.138001	0.138002
274.091000	147.400000	0.100114	0.100114
282.273000	147.400000	0.088689	0.088689
290.455000	147.400000	0.089213	0.089213
298.636000	147.400000	0.087065	0.087065
306.818000	147.400000	0.107753	0.107753
315.000000	147.400000	0.083766	0.083766
323.182000	147.400000	0.091820	0.091820
331.364000	147.400000	0.128984	0.128984
339.545000	147.400000	0.109928	0.109928
347.727000	147.400000	0.091912	0.091912
355.909000	147.400000	0.094774	0.094774
4.500000	150.434000	0.038468	0.038468
13.500000	150.434000	0.058734	0.058734
22.500000	150.434000	0.055863	0.055863
31.500000	150.434000	0.073906	0.073906
40.500000	150.434000	0.049461	0.049461
49.500000	150.434000	0.050797	0.050797
58.500000	150.434000	0.088632	0.088633
67.500000	150.434000	0.089690	0.089691
76.500000	150.434000	0.058305	0.058305
85.500000	150.434000	0.062230	0.062230
94.500000	150.434000	0.053055	0.053055
103.500000	150.434000	0.033005	0.033005
112.500000	150.434000	0.080562	0.080562
121.500000	150.434000	0.068278	0.068278
130.500000	150.434000	0.052019	0.052019
139.500000	150.434000	0.077801	0.077801
148.500000	150.434000	0.049077	0.049077
157.500000	150.434000	0.072670	0.072670
166.500000	150.434000	0.064883	0.064883
175.500000	150.434000	0.037136	0.037136
184.500000	150.434000	0.069653	0.069653
193.500000	150.434000	0.060160	0.060160
202.500000	150.434000	0.076427	0.076427
211.500000	150.434000	0.056133	0.056133
220.500000	150.434000	0.085787	0.085787
229.500000	150.434000	0.049225	0.049225
238.500000	150.434000	0.083092	0.083092
247.500000	150.434000	0.057002	0.057002
256.500000	150.434000	0.064172	0.064172
265.500000	150.434000	0.034440	0.034440
274.500000	150.434000	0.074593	0.074593
283.500000	150.434000	0.073315	0.073315
292.500000	150.434000	0.090520	0.090520
301.500000	150.434000	0.061880	0.061880
310.500000	150.434000	0.070933	0.070933
319.500000	150.434000	0.048099	0.048099
328.500000	150.434000	0.057348	0.057348
337.500000	150.434000	0.037144	0.037144
346.500000	150.434000	0.071369	0.071369
355.500000	150.434000	0.063444	0.063444
5.000000	153.448000	0.052729	0.052729
15.000000	153.448000	0.027377	0.027377
25.000000	153.448000	0.007049	0.007049
35.000000	153.448000	0.032459	0.032459
45.000000	153.448000	0.044397	0.044397
55.000000	153.448000	0.021349	0.021349
65.000000	153.448000	0.037300	0.037300
75.000000	153.448000	0.030303	0.030303
85.000000	153.448000	0.037845	0.037845
95.000000	153.448000	0.027691	0.027691
105.000000	153.448000	0.028331	0.028331
115.000000	153.448000	0.014966	0.014966
125.000000	153.448000	0.030433	0.030433
135.000000	153.448000	0.048606	0.048606
145.000000	153.448000	0.037490	0.037490
155.000000	153.448000	0.023385	0.023385
165.000000	153.448000	0.035717	0.035717
175.000000	153.448000	0.033114	0.033114
185.000000	153.448000	0.032110	0.032110
195.000000	153.448000	0.030611	0.030611
205.000000	153.448000	0.050400	0.050399
215.000000	153.448000	0.029605	0.029605
225.000000	153.448000	0.017798	0.017798
235.000000	153.448000	0.020470	0.020470
245.000000	153.448000	0.036343	0.036343
255.000000	153.448000	0.034551	0.034551
265.000000	153.448000	0.024469	0.024469
275.000000	153.448000	0.033501	0.033501
285.000000	153.448000	0.028757	0.028757
295.000000	153.448000	0.021610	0.021610
305.000000	153.448000	0.032679	0.032679
315.000000	153.448000	0.034749	0.034749
325.000000	153.448000	0.037715	0.037715
335.000000	153.448000	0.020986	0.020986
345.000000	153.448000	0.029946	0.029946
355.000000	153.448000	0.028733	0.028733
5.625000	156.444000	0.006038	0.006038
16.875000	156.444000	0.006108	0.006108
28.125000	156.444000	0.014252	0.014252
39.375000	156.444000	0.007573	0.007573
50.625000	156.444000	0.009635	0.009635
61.875000	156.444000	0.010039	0.010039
73.125000	156.444000	0.005881	0.005881
84.375000	156.444000	0.003223	0.003223
95.625000	156.444000	0.003087	0.003087
106.875000	156.444000	0.008447	0.008447
118.125000	156.444000	0.013984	0.013984
129.375000	156.444000	0.005530	0.005530
140.625000	156.444000	0.003617	0.003617
151.875000	156.444000	0.015715	0.015715
163.125000	156.444000	0.013055	0.013055
174.375000	156.444000	0.004486	0.004486
185.625000	156.444000	0.017554	0.017554
196.875000	156.444000	0.007727	0.007727
208.125000	156.444000	0.011691	0.011691
219.375000	156.444000	0.015212	0.015212
230.625000	156.444000	0.000265	0.000265
241.875000	156.444000	0.006105	0.006105
253.125000	156.444000	0.008812	0.008812
264.375000	156.444000	0.003985	0.003985
275.625000	156.444000	0.009645	0.009645
286.875000	156.444000	0.006686	0.006686
298.125000	156.444000	0.012987	0.012987
309.375000	156.444000	0.008598	0.008598
320.625000	156.444000	0.003821	0.003821
331.875000	156.444000	0.011221	0.011221
343.125000	156.444000	0.005436	0.005436
354.375000	156.444000	0.013791	0.013791
6.428570	159.423000	0.000000	0.000000
19.285700	159.423000	0.000249	0.000249
32.142900	159.423000	0.000245	0.000245
45.000000	159.423000	0.000264	0.000264
57.857100	159.423000	0.000000	0.000000
70.714300	159.423000	0.000518	0.000518
83.571400	159.423000	0.000000	0.000000
96.428600	159.423000	0.000292	0.000292
109.286000	159.423000	0.003167	0.003167
122.143000	159.423000	0.000265	0.000265
135.000000	159.423000	0.000000	0.000000
147.857000	159.423000	0.000278	0.000278
160.714000	159.423000	0.007437	0.007437
173.571000	159.423000	0.002929	0.002929
186.429000	159.423000	0.000000	0.000000
199.286000	159.423000	0.000226	0.000226
212.143000	159.423000	0.009364	0.009364
225.000000	159.423000	0.000000	0.000000
237.857000	159.423000	0.003542	0.003542
250.714000	159.423000	0.000531	0.000531
263.571000	159.423000	0.000276	0.000276
276.429000	159.423000	0.000000	0.000000
289.286000	159.423000	0.006910	0.006910
302.143000	159.423000	0.000000	0.000000
315.000000	159.423000	0.000000	0.000000
327.857000	159.423000	0.000230	0.000230
340.714000	159.423000	0.000000	0.000000
353.571000	159.423000	0.000000	0.000000
7.500000	162.388000	0.003179	0.003179
22.500000	162.388000	0.000000	0.000000
37.500000	162.388000	0.000292	0.000292
52.500000	162.388000	0.000000	0.000000
67.500000	162.388000	0.006203	0.006203
82.500000	162.388000	0.000000	0.000000
97.500000	162.388000	0.000264	0.000264
112.500000	162.388000	0.000000	0.000000
127.500000	162.388000	0.002769	0.002769
142.500000	162.388000	0.000000	0.000000
157.500000	162.388000	0.002580	0.002580
172.500000	162.388000	0.000000	0.000000
187.500000	162.388000	0.000000	0.000000
202.500000	162.388000	0.007766	0.007766
217.500000	162.388000	0.000000	0.000000
232.500000	162.388000	0.000000	0.000000
247.500000	162.388000	0.000000	0.000000
262.500000	162.388000	0.000000	0.000000
277.500000	162.388000	0.000000	0.000000
292.500000	162.388000	0.003444	0.003444
307.500000	162.388000	0.000550	0.000550
322.500000	162.388000	0.000000	0.000000
337.500000	162.388000	0.000572	0.000572
352.500000	162.388000	0.000557	0.000557
9.000000	165.341000	0.000000	0.000000
27.000000	165.341000	0.000000	0.000000
45.000000	165.341000	0.002758	0.002758
63.000000	165.341000	0.000000	0.000000
81.000000	165.341000	0.000000	0.000000
99.000000	165.341000	0.000000	0.000000
117.000000	165.341000	0.003113	0.003113
135.000000	165.341000	0.000000	0.000000
153.000000	165.341000	0.000000	0.000000
171.000000	165.341000	0.000000	0.000000
189.000000	165.341000	0.000000	0.000000
207.000000	165.341000	0.000000	0.000000
225.000000	165.341000	0.000000	0.000000
243.000000	165.341000	0.000000	0.000000
261.000000	165.341000	0.000000	0.000000
279.000000	165.341000	0.000283	0.000283
297.000000	165.341000	0.000000	0.000000
315.000000	165.341000	0.003177	0.003177
333.000000	165.341000	0.000195	0.000195
351.000000	165.341000	0.000000	0.000000
11.250000	168.284000	0.000000	0.000000
33.750000	168.284000	0.002770	0.002770
56.250000	168.284000	0.000000	0.000000
78.750000	168.284000	0.000000	0.000000
101.250000	168.284000	0.000265	0.000265
123.750000	168.284000	0.000000	0.000000
146.250000	168.284000	0.000000	0.000000
168.750000	168.284000	0.000000	0.000000
191.250000	168.284000	0.000000	0.000000
213.750000	168.284000	0.000261	0.000261
236.250000	168.284000	0.003281	0.003281
258.750000	168.284000	0.000000	0.000000
281.250000	168.284000	0.000292	0.000292
303.750000	168.284000	0.000000	0.000000
326.250000	168.284000	0.000000	0.000000
348.750000	168.284000	0.000000	0.000000
15.000000	171.220000	0.000000	0.000000
45.000000	171.220000	0.000000	0.000000
75.000000	171.220000	0.000219	0.000219
105.000000	171.220000	0.003516	0.003516
135.000000	171.220000	0.000000	0.000000
165.000000	171.220000	0.000000	0.000000
195.000000	171.220000	0.000000	0.000000
225.000000	171.220000	0.000264	0.000264
255.000000	171.220000	0.000264	0.000264
285.000000	171.220000	0.000000	0.000000
315.000000	171.220000	0.000000	0.000000
345.000000	171.220000	0.000000	0.000000
22.500000	174.150000	0.000000	0.000000
67.500000	174.150000	0.000255	0.000255
112.500000	174.150000	0.000000	0.000000
157.500000	174.150000	0.000000	0.000000
202.500000	174.150000	0.000491	0.000491
247.500000	174.150000	0.002988	0.002988
292.500000	174.150000	0.000000	0.000000
337.500000	174.150000	0.000000	0.000000
45.000000	177.076000	0.003356	0.003356
135.000000	177.076000	0.000000	0.000000
225.000000	177.076000	0.000000	0.000000
315.000000	177.076000	0.000254	0.000254
