# phi	theta	PMT0	PMT1	PMT2	PMT3	PMT4	PMT5	PMT6	PMT7	PMT8	PMT9	PMT10	PMT11	PMT12	PMT13	PMT14	PMT15 	total
45.000000	2.924180	0.243798	0.253050	0.264489	0.250489	0.140076	0.138170	0.097571	0.096288	0.017322	0.016977	0.037240	0.034327	0.000000	0.000093	0.000082	0.000159	1.590130
135.000000	2.924180	0.260761	0.249604	0.252270	0.270522	0.099018	0.153849	0.143635	0.098394	0.034049	0.019117	0.020057	0.033604	0.000186	0.000193	0.000396	0.000073	1.635730
225.000000	2.924180	0.266983	0.253336	0.234970	0.253034	0.102119	0.099177	0.142980	0.140612	0.031270	0.031432	0.017688	0.018530	0.000021	0.000021	0.000000	0.000185	1.592360
315.000000	2.924180	0.253236	0.258910	0.242227	0.243086	0.143163	0.099908	0.094401	0.144769	0.017713	0.033552	0.033605	0.018697	0.000311	0.000150	0.000219	0.000154	1.584100
22.500000	5.850270	0.241504	0.267779	0.282666	0.240928	0.169931	0.142645	0.065673	0.091118	0.012515	0.021962	0.006808	0.027628	0.000222	0.000262	0.000102	0.000261	1.572010
67.500000	5.850270	0.241172	0.251987	0.270589	0.261636	0.146852	0.172640	0.091894	0.068145	0.018408	0.012077	0.029293	0.008332	0.000282	0.000332	0.000073	0.000058	1.573770
112.500000	5.850270	0.248402	0.234066	0.264685	0.274565	0.095860	0.175786	0.139741	0.068032	0.028218	0.010630	0.017953	0.007275	0.000253	0.000140	0.000159	0.000222	1.565990
157.500000	5.850270	0.256025	0.233676	0.243301	0.268866	0.070410	0.145559	0.177912	0.098247	0.009463	0.019234	0.012547	0.029130	0.000072	0.000252	0.000149	0.000327	1.565170
202.500000	5.850270	0.270551	0.241979	0.233451	0.263992	0.066108	0.097975	0.171629	0.148513	0.009005	0.025732	0.010843	0.018631	0.000311	0.000163	0.000074	0.000329	1.559280
247.500000	5.850270	0.269620	0.263394	0.237294	0.242913	0.096251	0.065520	0.151134	0.163792	0.027710	0.008600	0.017851	0.013281	0.000263	0.000177	0.000075	0.000251	1.558120
292.500000	5.850270	0.266262	0.284638	0.251345	0.242662	0.149972	0.071282	0.095501	0.165819	0.020224	0.006916	0.025817	0.013305	0.000000	0.000199	0.000509	0.000096	1.594550
337.500000	5.850270	0.249608	0.272575	0.270057	0.234539	0.174042	0.092942	0.067662	0.144337	0.011316	0.024369	0.007381	0.017698	0.000000	0.000147	0.000077	0.000074	1.566830
15.000000	8.780180	0.239380	0.276324	0.288251	0.249070	0.184956	0.138627	0.056629	0.093271	0.018600	0.019818	0.005255	0.018475	0.000390	0.000444	0.000097	0.000394	1.589980
45.000000	8.780180	0.243444	0.250005	0.279102	0.259172	0.178801	0.169741	0.069033	0.070652	0.013084	0.012849	0.004863	0.004651	0.000372	0.000000	0.000271	0.000244	1.556280
75.000000	8.780180	0.234445	0.245055	0.276572	0.277594	0.140086	0.196123	0.094100	0.057110	0.021474	0.018171	0.020490	0.004315	0.000399	0.000551	0.000365	0.000116	1.586970
105.000000	8.780180	0.245223	0.245471	0.277792	0.276660	0.094787	0.190218	0.144785	0.055678	0.021502	0.021233	0.023933	0.004090	0.000550	0.000246	0.000250	0.000261	1.602680
135.000000	8.780180	0.254998	0.245066	0.253215	0.283000	0.073470	0.177076	0.177989	0.074147	0.005431	0.012128	0.011109	0.005546	0.000326	0.000095	0.000239	0.000273	1.574110
165.000000	8.780180	0.270478	0.237808	0.237558	0.288345	0.057880	0.143626	0.188966	0.097622	0.005549	0.021516	0.021362	0.019228	0.000397	0.000355	0.000468	0.000260	1.591420
195.000000	8.780180	0.283826	0.249490	0.232722	0.283137	0.057881	0.090883	0.186798	0.141222	0.007968	0.021448	0.019810	0.021609	0.000611	0.000794	0.000494	0.000055	1.598750
225.000000	8.780180	0.281583	0.247827	0.243434	0.258984	0.070023	0.069308	0.172176	0.178395	0.005099	0.005328	0.011075	0.013547	0.000889	0.000231	0.000096	0.000059	1.558050
255.000000	8.780180	0.290476	0.272565	0.237353	0.244849	0.094513	0.056147	0.138265	0.192037	0.020041	0.008839	0.019262	0.017523	0.000226	0.000270	0.000591	0.000845	1.593800
285.000000	8.780180	0.280152	0.283396	0.245957	0.235697	0.143681	0.054320	0.096719	0.194820	0.020617	0.005251	0.017941	0.017825	0.000200	0.000169	0.000458	0.000726	1.597930
315.000000	8.780180	0.255393	0.295760	0.259916	0.239262	0.177496	0.069604	0.073189	0.178494	0.013128	0.004015	0.005660	0.013977	0.000145	0.000093	0.000080	0.000370	1.586580
345.000000	8.780180	0.245472	0.289348	0.271141	0.244795	0.195696	0.090427	0.053179	0.150927	0.017946	0.021388	0.004209	0.019532	0.000507	0.000202	0.000084	0.000383	1.605240
11.250000	11.715900	0.237715	0.281552	0.290215	0.251308	0.207845	0.131730	0.040310	0.095846	0.034061	0.021589	0.004866	0.013454	0.000890	0.000175	0.000149	0.001692	1.613400
33.750000	11.715900	0.250482	0.267885	0.292253	0.253283	0.197581	0.171263	0.056032	0.074370	0.021908	0.013675	0.003917	0.003582	0.000457	0.000463	0.000483	0.001745	1.609380
56.250000	11.715900	0.245419	0.250377	0.291534	0.268446	0.169839	0.191474	0.071987	0.054811	0.013516	0.024241	0.003861	0.003878	0.000342	0.001606	0.000216	0.000271	1.591820
78.750000	11.715900	0.234618	0.234727	0.289625	0.282379	0.135128	0.212738	0.092997	0.040808	0.019084	0.027130	0.012725	0.006650	0.000637	0.000807	0.000150	0.000325	1.590530
101.250000	11.715900	0.242376	0.242972	0.276360	0.289577	0.091770	0.208186	0.142425	0.044536	0.013836	0.029153	0.020901	0.005831	0.001276	0.000954	0.000051	0.002564	1.612770
123.750000	11.715900	0.256197	0.249493	0.272352	0.297095	0.076119	0.205478	0.168258	0.059987	0.004039	0.024154	0.012642	0.003389	0.001154	0.000252	0.000164	0.007766	1.638540
146.250000	11.715900	0.265410	0.243008	0.256169	0.292670	0.054443	0.169992	0.196648	0.075287	0.004192	0.011580	0.024718	0.003870	0.000267	0.000970	0.001400	0.008169	1.608790
168.750000	11.715900	0.277012	0.250635	0.246616	0.297168	0.042039	0.133286	0.211497	0.096511	0.007625	0.021192	0.031095	0.013249	0.000100	0.001083	0.001335	0.003077	1.633520
191.250000	11.715900	0.294892	0.237853	0.240187	0.281426	0.041062	0.094158	0.204275	0.133981	0.008133	0.013570	0.030393	0.020963	0.000433	0.001285	0.000951	0.000035	1.603600
213.750000	11.715900	0.286235	0.251588	0.251154	0.276385	0.057473	0.071245	0.194159	0.171165	0.003638	0.003502	0.022176	0.013250	0.003327	0.001005	0.000565	0.000423	1.607290
236.250000	11.715900	0.283717	0.274834	0.242376	0.248374	0.075870	0.055420	0.171553	0.194136	0.003671	0.004582	0.013751	0.021978	0.002904	0.000317	0.000478	0.001708	1.595670
258.750000	11.715900	0.284113	0.289201	0.240638	0.232803	0.092192	0.044862	0.137353	0.211525	0.014976	0.007138	0.021809	0.029017	0.000851	0.000162	0.000681	0.001295	1.608620
281.250000	11.715900	0.278754	0.285371	0.243283	0.235481	0.134241	0.044335	0.096924	0.204146	0.018433	0.006447	0.012821	0.030908	0.000152	0.000096	0.001176	0.000834	1.593400
303.750000	11.715900	0.263672	0.290777	0.244386	0.246269	0.171357	0.052181	0.066469	0.193126	0.012884	0.003966	0.003426	0.024831	0.000438	0.000338	0.001165	0.000650	1.575940
326.250000	11.715900	0.254110	0.297736	0.275835	0.242943	0.200240	0.070121	0.062088	0.174899	0.022381	0.004423	0.003535	0.016289	0.001115	0.000415	0.000391	0.000466	1.626990
348.750000	11.715900	0.236579	0.293834	0.288305	0.243404	0.207503	0.094489	0.044543	0.134029	0.034271	0.014503	0.005811	0.021389	0.001424	0.000094	0.000000	0.001228	1.621410
9.000000	14.659300	0.227465	0.288881	0.293113	0.238627	0.222965	0.128042	0.038766	0.088251	0.041287	0.016048	0.006536	0.009259	0.001739	0.000170	0.000093	0.002476	1.603720
27.000000	14.659300	0.248789	0.281937	0.295330	0.243591	0.214330	0.160685	0.045922	0.069417	0.034189	0.015905	0.004588	0.003011	0.000608	0.000145	0.000151	0.001919	1.620520
45.000000	14.659300	0.248051	0.261551	0.290917	0.265851	0.194662	0.191923	0.061150	0.061181	0.026667	0.024580	0.002806	0.004153	0.000258	0.002283	0.000683	0.001903	1.638620
63.000000	14.659300	0.252130	0.246539	0.300716	0.289280	0.163756	0.211193	0.070040	0.050493	0.012840	0.036316	0.003603	0.006121	0.000643	0.002402	0.000416	0.000632	1.647120
81.000000	14.659300	0.241223	0.235727	0.298626	0.286385	0.130298	0.226198	0.094670	0.035290	0.016524	0.043452	0.010192	0.007621	0.001269	0.003244	0.000128	0.000081	1.630930
99.000000	14.659300	0.238177	0.246099	0.284896	0.295080	0.093543	0.223796	0.133500	0.035094	0.010139	0.041046	0.017698	0.006272	0.002524	0.001837	0.000402	0.000420	1.630520
117.000000	14.659300	0.254066	0.243279	0.276681	0.306628	0.072948	0.219422	0.169499	0.046258	0.002454	0.038988	0.014832	0.004569	0.002372	0.000614	0.000439	0.000948	1.654000
135.000000	14.659300	0.260486	0.242931	0.259583	0.297996	0.060030	0.191819	0.201000	0.060797	0.004308	0.023538	0.023011	0.003142	0.001159	0.000439	0.001705	0.001044	1.632990
153.000000	14.659300	0.282977	0.245681	0.248702	0.296237	0.049425	0.167777	0.211248	0.070326	0.005732	0.015399	0.037422	0.002813	0.000602	0.000084	0.001962	0.000699	1.637090
171.000000	14.659300	0.289552	0.239490	0.240091	0.294968	0.031796	0.131965	0.221056	0.095176	0.008939	0.018308	0.040186	0.009602	0.000270	0.001668	0.002575	0.000137	1.625780
189.000000	14.659300	0.299458	0.241577	0.249433	0.286516	0.038213	0.089766	0.225108	0.129595	0.008441	0.009505	0.046079	0.018246	0.000380	0.002896	0.001402	0.000259	1.646870
207.000000	14.659300	0.291782	0.248704	0.249342	0.285135	0.043681	0.068377	0.216039	0.159818	0.003751	0.002829	0.039168	0.013203	0.000524	0.001831	0.000879	0.000429	1.625490
225.000000	14.659300	0.288976	0.263451	0.245896	0.265891	0.061297	0.059106	0.200004	0.197770	0.003674	0.002729	0.022205	0.026359	0.001122	0.001740	0.000445	0.001118	1.641780
243.000000	14.659300	0.301639	0.286083	0.237729	0.255277	0.068601	0.047603	0.163645	0.215522	0.003150	0.004985	0.015567	0.039323	0.000707	0.000759	0.000704	0.001733	1.643030
261.000000	14.659300	0.294921	0.293866	0.248824	0.243874	0.093568	0.034832	0.129886	0.218297	0.009504	0.006563	0.016476	0.039701	0.000077	0.000225	0.001721	0.003179	1.635520
279.000000	14.659300	0.289345	0.291149	0.240465	0.245317	0.133181	0.032766	0.095389	0.222570	0.017426	0.008058	0.009465	0.043927	0.000153	0.000336	0.002579	0.001443	1.633570
297.000000	14.659300	0.283638	0.306575	0.250007	0.259123	0.160607	0.046905	0.067872	0.212332	0.016303	0.006041	0.003033	0.038448	0.000252	0.000408	0.002303	0.000491	1.654340
315.000000	14.659300	0.260204	0.304697	0.271935	0.252918	0.190958	0.060047	0.059213	0.197928	0.023760	0.004069	0.003458	0.025250	0.001462	0.001926	0.001636	0.000688	1.660150
333.000000	14.659300	0.247212	0.300666	0.278017	0.251821	0.216701	0.070015	0.048459	0.165321	0.037739	0.004036	0.004340	0.013957	0.001359	0.000493	0.000510	0.000706	1.641350
351.000000	14.659300	0.241176	0.290459	0.293745	0.245664	0.224770	0.093338	0.033215	0.134204	0.044872	0.011979	0.007279	0.018295	0.003217	0.000143	0.000000	0.001316	1.643670
7.500000	17.612400	0.249005	0.302595	0.298611	0.244337	0.240364	0.123559	0.028836	0.093963	0.050314	0.011117	0.009071	0.010442	0.002052	0.000099	0.000937	0.003495	1.668800
22.500000	17.612400	0.253309	0.280614	0.302172	0.252288	0.232913	0.155450	0.036536	0.064981	0.046967	0.014614	0.007283	0.002281	0.001136	0.000753	0.003971	0.005132	1.660400
37.500000	17.612400	0.257466	0.276057	0.292290	0.259738	0.216821	0.179203	0.057483	0.068617	0.042198	0.026638	0.005596	0.004678	0.000651	0.002263	0.002162	0.003261	1.695120
52.500000	17.612400	0.257947	0.267519	0.292186	0.279383	0.186769	0.222544	0.063251	0.053633	0.026311	0.039518	0.003675	0.004535	0.000616	0.004326	0.002628	0.001978	1.706820
67.500000	17.612400	0.257574	0.240610	0.298039	0.281402	0.156683	0.236462	0.065687	0.035177	0.014882	0.047240	0.002512	0.013743	0.000743	0.006275	0.004193	0.000355	1.661570
82.500000	17.612400	0.247126	0.242309	0.292492	0.302092	0.126219	0.244225	0.091712	0.028853	0.012082	0.048254	0.007439	0.008170	0.003163	0.004676	0.000432	0.000223	1.659470
97.500000	17.612400	0.239823	0.247300	0.293493	0.304193	0.093126	0.247031	0.129492	0.026837	0.008388	0.051939	0.008433	0.007993	0.004470	0.002326	0.000000	0.000569	1.665410
112.500000	17.612400	0.246462	0.253776	0.292462	0.301541	0.065883	0.223938	0.154263	0.038578	0.001780	0.044187	0.013294	0.008813	0.004992	0.000613	0.000608	0.003708	1.654900
127.500000	17.612400	0.265096	0.258651	0.272356	0.287656	0.064610	0.209328	0.191709	0.059672	0.003866	0.039130	0.023457	0.005946	0.003996	0.000358	0.003667	0.003449	1.692950
142.500000	17.612400	0.272487	0.256761	0.259306	0.299245	0.052937	0.187237	0.216166	0.068818	0.006075	0.025113	0.034583	0.002446	0.002020	0.000659	0.003398	0.002358	1.689610
157.500000	17.612400	0.292352	0.252691	0.252222	0.294669	0.035073	0.153142	0.231554	0.072717	0.013731	0.014290	0.046877	0.002806	0.000930	0.000773	0.006561	0.004636	1.675020
172.500000	17.612400	0.293681	0.246108	0.236861	0.292799	0.028552	0.130026	0.231756	0.094425	0.008906	0.009662	0.049844	0.009016	0.000162	0.002760	0.004108	0.000741	1.639400
187.500000	17.612400	0.293206	0.244848	0.245068	0.299546	0.029020	0.091111	0.251816	0.125950	0.008106	0.009307	0.049924	0.010322	0.000819	0.005501	0.002570	0.000078	1.667190
202.500000	17.612400	0.301762	0.248974	0.253332	0.286376	0.035381	0.070192	0.227666	0.160045	0.014115	0.002404	0.046430	0.013172	0.003397	0.005162	0.001134	0.000297	1.669840
217.500000	17.612400	0.290559	0.273416	0.250581	0.279284	0.053399	0.061647	0.221040	0.183013	0.004247	0.003651	0.036397	0.025565	0.003330	0.003900	0.000864	0.002456	1.693350
232.500000	17.612400	0.291437	0.274606	0.258227	0.265998	0.065926	0.054591	0.197816	0.204413	0.003499	0.004903	0.024879	0.041280	0.003556	0.002462	0.000179	0.003147	1.696920
247.500000	17.612400	0.299870	0.294482	0.252088	0.257759	0.065523	0.038105	0.160373	0.227248	0.002109	0.008832	0.015060	0.045962	0.004564	0.000567	0.000458	0.005286	1.678290
262.500000	17.612400	0.293683	0.285927	0.243155	0.238927	0.089529	0.029553	0.129574	0.238405	0.009367	0.009280	0.009256	0.054410	0.000667	0.000351	0.002714	0.004234	1.639030
277.500000	17.612400	0.293277	0.296446	0.243328	0.241853	0.125226	0.027762	0.084021	0.232517	0.010460	0.007966	0.009855	0.049991	0.000356	0.000292	0.003795	0.002565	1.629710
292.500000	17.612400	0.286487	0.302265	0.248285	0.249332	0.161838	0.038189	0.064797	0.224922	0.015332	0.014696	0.002598	0.046181	0.000750	0.004523	0.004004	0.000917	1.665120
307.500000	17.612400	0.283871	0.291365	0.264107	0.253884	0.185333	0.055164	0.064175	0.218589	0.026752	0.007405	0.003649	0.039994	0.002214	0.002686	0.003698	0.000621	1.703510
322.500000	17.612400	0.264303	0.301840	0.273685	0.262702	0.217427	0.066142	0.057753	0.185515	0.038315	0.002379	0.004385	0.026512	0.004255	0.002428	0.002625	0.000229	1.710500
337.500000	17.612400	0.250705	0.302732	0.287284	0.254079	0.227338	0.063839	0.033705	0.159493	0.049392	0.001745	0.007419	0.013887	0.005765	0.002802	0.000155	0.001416	1.661760
352.500000	17.612400	0.249095	0.291660	0.289570	0.242320	0.248158	0.088396	0.028346	0.129892	0.053214	0.009163	0.008324	0.010639	0.004395	0.000300	0.000154	0.002145	1.655770
6.428570	20.577500	0.251843	0.296111	0.293735	0.244276	0.250747	0.125815	0.023226	0.092060	0.056610	0.008533	0.015391	0.006967	0.004648	0.000393	0.000240	0.005121	1.675720
19.285700	20.577500	0.242616	0.295694	0.297877	0.247381	0.253397	0.155703	0.027612	0.070932	0.054895	0.014649	0.011413	0.002064	0.001850	0.000834	0.000904	0.007809	1.685630
32.142900	20.577500	0.252352	0.283682	0.287690	0.252840	0.232439	0.179548	0.041012	0.072889	0.046291	0.023644	0.008104	0.002931	0.000405	0.003122	0.003363	0.007780	1.698090
45.000000	20.577500	0.255436	0.270472	0.271618	0.272867	0.207321	0.206475	0.068492	0.067202	0.043475	0.039117	0.003304	0.002664	0.000709	0.005336	0.004822	0.005242	1.724550
57.857100	20.577500	0.256331	0.265649	0.281655	0.294568	0.176177	0.238899	0.064377	0.042800	0.026038	0.046100	0.001722	0.006578	0.000485	0.007538	0.003360	0.002915	1.715190
70.714300	20.577500	0.254744	0.256312	0.296203	0.289941	0.151057	0.245836	0.068232	0.027070	0.012625	0.053588	0.002667	0.016336	0.001378	0.006992	0.001097	0.001152	1.685230
83.571400	20.577500	0.265852	0.237762	0.299185	0.297437	0.125261	0.250899	0.090006	0.023149	0.007728	0.058165	0.006851	0.015612	0.002617	0.003723	0.000000	0.000622	1.684870
96.428600	20.577500	0.239446	0.255879	0.294113	0.295414	0.087461	0.252563	0.122057	0.022122	0.007527	0.053201	0.009355	0.015693	0.004945	0.003261	0.000000	0.000317	1.663360
109.286000	20.577500	0.251777	0.257231	0.292096	0.288111	0.069830	0.242010	0.148435	0.026455	0.002779	0.053198	0.014713	0.012005	0.008018	0.001175	0.000904	0.001568	1.670300
122.143000	20.577500	0.267256	0.255906	0.278699	0.291160	0.072663	0.233259	0.181676	0.043262	0.002516	0.044162	0.022535	0.007300	0.008781	0.000800	0.002573	0.004268	1.716820
135.000000	20.577500	0.271967	0.261547	0.268737	0.278494	0.062484	0.211594	0.209298	0.069924	0.003893	0.041412	0.040974	0.004383	0.006096	0.000607	0.005209	0.006048	1.742670
147.857000	20.577500	0.282611	0.265911	0.259730	0.286520	0.048067	0.177220	0.238716	0.065152	0.007876	0.026718	0.047888	0.002600	0.003502	0.000710	0.007087	0.004515	1.724820
160.714000	20.577500	0.298015	0.261618	0.247940	0.292127	0.027701	0.147481	0.250284	0.066697	0.012025	0.016889	0.051252	0.002181	0.000337	0.001491	0.007043	0.001427	1.684510
173.571000	20.577500	0.295582	0.263665	0.243143	0.295466	0.025586	0.123249	0.260826	0.092310	0.017213	0.008537	0.056306	0.006719	0.000285	0.003211	0.004485	0.000000	1.696580
186.429000	20.577500	0.293401	0.240705	0.246792	0.298964	0.023140	0.089677	0.250854	0.122601	0.015344	0.007016	0.060075	0.008985	0.000134	0.003957	0.003124	0.000529	1.665300
199.286000	20.577500	0.300639	0.248229	0.259740	0.295977	0.026385	0.068925	0.243551	0.152267	0.013220	0.002667	0.053281	0.013704	0.001098	0.006663	0.001385	0.001145	1.688880
212.143000	20.577500	0.271803	0.261818	0.259737	0.282789	0.039137	0.071103	0.232377	0.182121	0.009054	0.002479	0.046283	0.024073	0.003476	0.008505	0.000596	0.004624	1.699970
225.000000	20.577500	0.278009	0.270073	0.247456	0.269445	0.063594	0.066863	0.212355	0.208237	0.004744	0.003017	0.039441	0.040196	0.004761	0.005135	0.000533	0.004654	1.718520
237.857000	20.577500	0.281347	0.283139	0.261777	0.258977	0.073636	0.047274	0.176700	0.237385	0.002192	0.009005	0.024456	0.043769	0.004250	0.003035	0.000095	0.009639	1.716670
250.714000	20.577500	0.291514	0.297261	0.255533	0.256489	0.070925	0.029311	0.149061	0.248642	0.001583	0.013309	0.014707	0.051239	0.001526	0.000566	0.001251	0.008416	1.691330
263.571000	20.577500	0.300765	0.302900	0.240896	0.244658	0.089708	0.024482	0.127587	0.258911	0.005993	0.013769	0.009200	0.059383	0.000285	0.000373	0.003127	0.003180	1.685220
276.429000	20.577500	0.289073	0.289404	0.241747	0.252560	0.124028	0.022960	0.094128	0.248794	0.006820	0.015023	0.006634	0.055002	0.001012	0.000000	0.005604	0.003899	1.656690
289.286000	20.577500	0.290164	0.286600	0.249461	0.258403	0.144549	0.024141	0.066823	0.254412	0.016103	0.012401	0.002509	0.052572	0.001053	0.001336	0.006241	0.001399	1.668160
302.143000	20.577500	0.281107	0.273305	0.262259	0.258940	0.182613	0.045187	0.071232	0.233616	0.025218	0.007332	0.002725	0.047264	0.003369	0.004235	0.009192	0.000254	1.707850
315.000000	20.577500	0.274305	0.280433	0.278819	0.253156	0.207827	0.069641	0.071144	0.211659	0.037851	0.004193	0.004499	0.039338	0.005284	0.006263	0.006158	0.000453	1.751020
327.857000	20.577500	0.257197	0.279434	0.282161	0.264527	0.239305	0.068926	0.041961	0.184383	0.040193	0.001846	0.006660	0.023941	0.010116	0.003865	0.002692	0.001234	1.708440
340.714000	20.577500	0.248484	0.284089	0.300656	0.257878	0.240273	0.064740	0.029274	0.152942	0.052798	0.001930	0.011344	0.014386	0.007240	0.000968	0.000642	0.001463	1.669110
353.571000	20.577500	0.241836	0.297561	0.294777	0.258140	0.253603	0.099797	0.023209	0.126108	0.053385	0.008159	0.015609	0.006867	0.005426	0.000315	0.000448	0.003021	1.688260
5.625000	23.556500	0.250163	0.289959	0.280345	0.239018	0.274253	0.124132	0.023645	0.094770	0.066028	0.009518	0.006254	0.003898	0.004266	0.000992	0.001689	0.006548	1.675480
16.875000	23.556500	0.260925	0.290346	0.271031	0.253694	0.256135	0.143084	0.025561	0.071749	0.065226	0.013072	0.009035	0.001548	0.002154	0.001480	0.000566	0.007499	1.673100
28.125000	23.556500	0.261602	0.290630	0.274694	0.266099	0.253872	0.170943	0.028197	0.072747	0.062710	0.023856	0.016160	0.002241	0.000731	0.004710	0.001517	0.009548	1.740260
39.375000	23.556500	0.255765	0.280669	0.272889	0.271081	0.239324	0.206660	0.060110	0.082740	0.044260	0.044138	0.004749	0.004091	0.000274	0.007455	0.002742	0.011551	1.788500
50.625000	23.556500	0.250705	0.269256	0.271757	0.273722	0.201346	0.239705	0.081538	0.061571	0.039913	0.048550	0.002682	0.004131	0.000316	0.011285	0.002544	0.006564	1.765580
61.875000	23.556500	0.264859	0.265987	0.264390	0.288105	0.174848	0.241733	0.072644	0.031928	0.024484	0.061068	0.002740	0.017318	0.000245	0.011169	0.001421	0.003867	1.726810
73.125000	23.556500	0.257291	0.254648	0.269767	0.290207	0.143792	0.267267	0.072336	0.023646	0.014381	0.061292	0.001395	0.009187	0.001516	0.007354	0.000786	0.003947	1.678810
84.375000	23.556500	0.247071	0.243811	0.294144	0.291910	0.127022	0.265674	0.092848	0.022194	0.008263	0.065641	0.005243	0.007406	0.004840	0.006248	0.001889	0.001760	1.685960
95.625000	23.556500	0.241592	0.255402	0.295345	0.287017	0.092102	0.258426	0.125397	0.021757	0.004776	0.067340	0.008130	0.006694	0.006849	0.003614	0.000872	0.002717	1.678030
106.875000	23.556500	0.256329	0.274678	0.299926	0.264897	0.069806	0.265450	0.147261	0.025443	0.002222	0.066851	0.013935	0.008232	0.009293	0.002569	0.001682	0.000551	1.709130
118.125000	23.556500	0.261342	0.263565	0.289884	0.272516	0.068284	0.255151	0.183234	0.033179	0.001669	0.059006	0.023946	0.016241	0.007895	0.000446	0.004467	0.001490	1.742320
129.375000	23.556500	0.273923	0.257895	0.279392	0.267316	0.077442	0.230667	0.209119	0.053528	0.003693	0.050403	0.042897	0.004424	0.011370	0.001145	0.007657	0.003454	1.774330
140.625000	23.556500	0.277862	0.263075	0.266921	0.262189	0.059285	0.207810	0.226336	0.078107	0.004500	0.041898	0.048493	0.003615	0.007648	0.000650	0.009580	0.003889	1.761850
151.875000	23.556500	0.290846	0.257766	0.257827	0.255355	0.031166	0.178822	0.258155	0.072321	0.013889	0.025911	0.058666	0.002350	0.003907	0.000625	0.011115	0.001230	1.719950
163.125000	23.556500	0.297605	0.264312	0.256120	0.276079	0.022330	0.147262	0.260654	0.071946	0.009549	0.012674	0.062737	0.001673	0.003984	0.001844	0.008110	0.000759	1.697640
174.375000	23.556500	0.291864	0.254710	0.242957	0.282353	0.018945	0.124225	0.254140	0.099827	0.006350	0.007527	0.069905	0.004797	0.001286	0.003782	0.006277	0.002460	1.671400
185.625000	23.556500	0.278291	0.248046	0.245300	0.293688	0.024525	0.094438	0.265058	0.121251	0.006306	0.005414	0.066790	0.008779	0.002350	0.007288	0.004912	0.001515	1.673950
196.875000	23.556500	0.280026	0.255844	0.257137	0.291547	0.019897	0.070163	0.259659	0.140815	0.008543	0.001754	0.061852	0.013957	0.000735	0.008946	0.002394	0.004542	1.677810
208.125000	23.556500	0.263391	0.263054	0.265698	0.288336	0.031169	0.075737	0.256835	0.169150	0.015018	0.002258	0.056355	0.024831	0.001064	0.009013	0.000568	0.004473	1.726950
219.375000	23.556500	0.263315	0.272180	0.256112	0.282958	0.057245	0.079226	0.220504	0.201857	0.004571	0.004062	0.048005	0.040923	0.004254	0.010589	0.001149	0.008518	1.755470
230.625000	23.556500	0.268227	0.279468	0.261728	0.283217	0.079491	0.056034	0.206886	0.223427	0.004684	0.005686	0.042274	0.050754	0.004141	0.008486	0.000780	0.011003	1.786280
241.875000	23.556500	0.263235	0.290657	0.264410	0.263088	0.075786	0.032039	0.166164	0.255048	0.001758	0.014576	0.023696	0.057398	0.000963	0.004087	0.000379	0.007590	1.720870
253.125000	23.556500	0.276051	0.282029	0.273659	0.267649	0.064498	0.021778	0.147293	0.261307	0.001324	0.007618	0.014835	0.065777	0.000603	0.001493	0.001893	0.009031	1.696840
264.375000	23.556500	0.282726	0.290263	0.260031	0.247417	0.099124	0.022980	0.126532	0.269140	0.003840	0.006027	0.007950	0.074987	0.002341	0.001423	0.003705	0.007155	1.705640
275.625000	23.556500	0.295023	0.281368	0.239982	0.250526	0.126455	0.021860	0.096820	0.265661	0.008536	0.006191	0.004116	0.075909	0.002312	0.003129	0.007389	0.004203	1.689480
286.875000	23.556500	0.287672	0.268254	0.250395	0.264575	0.142603	0.025712	0.065303	0.271203	0.016529	0.008231	0.001449	0.064068	0.005507	0.000763	0.008182	0.002253	1.682700
298.125000	23.556500	0.295109	0.269874	0.253372	0.248926	0.174342	0.030374	0.071994	0.255001	0.023363	0.014988	0.002563	0.058601	0.003257	0.000827	0.008866	0.000996	1.712450
309.375000	23.556500	0.273176	0.263371	0.272848	0.249913	0.198425	0.058756	0.078266	0.235324	0.041028	0.004302	0.003903	0.049785	0.007072	0.002779	0.009712	0.000508	1.749170
320.625000	23.556500	0.270069	0.265871	0.281034	0.258844	0.227836	0.079886	0.058009	0.205131	0.052905	0.003907	0.005435	0.039978	0.010083	0.003078	0.006586	0.000470	1.769120
331.875000	23.556500	0.266264	0.268308	0.294794	0.263026	0.249824	0.072385	0.030323	0.172402	0.058266	0.001874	0.016866	0.025779	0.010827	0.000964	0.003005	0.000964	1.735870
343.125000	23.556500	0.252454	0.275836	0.297490	0.272309	0.268260	0.069104	0.022253	0.148371	0.067798	0.001170	0.008155	0.016555	0.010469	0.000586	0.001718	0.001300	1.713830
354.375000	23.556500	0.254252	0.280549	0.285617	0.258626	0.265169	0.096664	0.021684	0.121866	0.072780	0.004024	0.005948	0.007430	0.007039	0.001783	0.000264	0.004697	1.688390
5.000000	26.551700	0.254483	0.278683	0.266224	0.246489	0.268111	0.125123	0.020643	0.096745	0.088828	0.007488	0.008350	0.003034	0.005950	0.000239	0.003391	0.007964	1.681750
15.000000	26.551700	0.267748	0.295738	0.258094	0.253790	0.268839	0.142362	0.019739	0.071238	0.083938	0.015554	0.007161	0.001747	0.002128	0.001068	0.000845	0.012054	1.702040
25.000000	26.551700	0.269589	0.295204	0.244015	0.267500	0.261297	0.164838	0.025831	0.075897	0.073022	0.023844	0.010172	0.001822	0.001933	0.003800	0.002124	0.012196	1.733080
35.000000	26.551700	0.249971	0.291602	0.245996	0.268279	0.255557	0.195844	0.045063	0.087147	0.067345	0.041561	0.015636	0.002661	0.003089	0.009286	0.002420	0.012640	1.794100
45.000000	26.551700	0.254858	0.279249	0.243812	0.280677	0.228476	0.230762	0.066496	0.074468	0.049445	0.051070	0.004288	0.003704	0.003321	0.012268	0.003449	0.011758	1.798100
55.000000	26.551700	0.266802	0.258727	0.243197	0.291284	0.194206	0.253706	0.085371	0.046753	0.040297	0.062722	0.002119	0.015583	0.002619	0.011625	0.001869	0.009286	1.786170
65.000000	26.551700	0.264191	0.258211	0.240548	0.292823	0.166261	0.259564	0.077663	0.025637	0.023371	0.074587	0.001817	0.010233	0.001566	0.012065	0.002047	0.003144	1.713730
75.000000	26.551700	0.274797	0.250357	0.251487	0.293779	0.136020	0.272019	0.072584	0.020657	0.014146	0.087068	0.001029	0.009021	0.002402	0.010836	0.001478	0.005273	1.702950
85.000000	26.551700	0.254146	0.255508	0.265047	0.275693	0.129299	0.269124	0.097490	0.018662	0.007395	0.083456	0.002578	0.008583	0.005400	0.007599	0.004152	0.001361	1.685490
95.000000	26.551700	0.251578	0.259814	0.271410	0.260690	0.098636	0.268068	0.126848	0.020625	0.003164	0.081599	0.007656	0.009480	0.006825	0.004671	0.000189	0.003958	1.675210
105.000000	26.551700	0.266280	0.267096	0.291617	0.258069	0.072640	0.272652	0.142751	0.018057	0.001293	0.079353	0.015965	0.009370	0.010712	0.002369	0.000686	0.002066	1.710980
115.000000	26.551700	0.259111	0.267273	0.289750	0.255651	0.076904	0.267160	0.164350	0.024253	0.001982	0.074360	0.022877	0.010863	0.012798	0.001379	0.004204	0.001963	1.734880
125.000000	26.551700	0.271365	0.264649	0.281336	0.253901	0.087517	0.259208	0.197271	0.045295	0.002786	0.060996	0.046012	0.015085	0.011120	0.001904	0.011142	0.002101	1.811690
135.000000	26.551700	0.280350	0.250079	0.283693	0.244160	0.067948	0.228878	0.225481	0.070482	0.004554	0.054914	0.053449	0.003844	0.011122	0.003426	0.010804	0.004401	1.797590
145.000000	26.551700	0.289222	0.262204	0.269280	0.239332	0.044018	0.186678	0.263087	0.091109	0.014679	0.038253	0.063930	0.002760	0.008641	0.003419	0.010725	0.001654	1.788990
155.000000	26.551700	0.292672	0.259152	0.266218	0.253190	0.025005	0.169261	0.270158	0.075791	0.013748	0.021915	0.075015	0.001023	0.004882	0.001100	0.010845	0.002718	1.742690
165.000000	26.551700	0.291024	0.265114	0.259087	0.261180	0.021941	0.138185	0.267921	0.072331	0.008021	0.012890	0.081658	0.000697	0.006186	0.002858	0.009268	0.000941	1.699300
175.000000	26.551700	0.274401	0.256676	0.250519	0.261767	0.019296	0.127926	0.258429	0.093637	0.009106	0.007703	0.085193	0.003233	0.001321	0.004940	0.007005	0.004531	1.665680
185.000000	26.551700	0.263371	0.248695	0.255922	0.277228	0.021025	0.096156	0.253013	0.124096	0.008324	0.003118	0.085704	0.008374	0.004012	0.007119	0.005334	0.001110	1.662600
195.000000	26.551700	0.253336	0.266445	0.254930	0.288105	0.020924	0.074411	0.270039	0.140706	0.008018	0.001714	0.079900	0.016320	0.001990	0.010211	0.002519	0.005981	1.695550
205.000000	26.551700	0.252963	0.276772	0.265960	0.295901	0.024162	0.076031	0.262673	0.170092	0.011060	0.001856	0.070159	0.025718	0.001428	0.011867	0.001243	0.003160	1.751040
215.000000	26.551700	0.248050	0.275493	0.258809	0.290005	0.045783	0.094597	0.249835	0.199430	0.013322	0.001731	0.062482	0.037250	0.002145	0.012184	0.002689	0.009596	1.803400
225.000000	26.551700	0.244899	0.283348	0.251245	0.278271	0.066255	0.070550	0.226293	0.229189	0.004193	0.004033	0.052456	0.051899	0.004198	0.011722	0.003350	0.010004	1.791910
235.000000	26.551700	0.253073	0.288151	0.262955	0.274062	0.088260	0.045642	0.204036	0.254110	0.002684	0.013089	0.041037	0.059232	0.001865	0.008354	0.002672	0.011589	1.810810
245.000000	26.551700	0.254701	0.289810	0.261057	0.273529	0.075549	0.023644	0.168531	0.267351	0.001888	0.009179	0.025438	0.072973	0.002000	0.004515	0.001649	0.011007	1.742820
255.000000	26.551700	0.254668	0.283670	0.260723	0.257924	0.072389	0.018504	0.146136	0.269881	0.001174	0.008848	0.015804	0.082944	0.001361	0.000372	0.003252	0.011185	1.688830
265.000000	26.551700	0.266456	0.276102	0.255635	0.246928	0.101580	0.021919	0.131404	0.260141	0.003179	0.010306	0.008374	0.081826	0.004859	0.000767	0.004781	0.008225	1.682480
275.000000	26.551700	0.271170	0.265683	0.254389	0.261366	0.126167	0.021703	0.098352	0.269009	0.007124	0.009134	0.002975	0.085062	0.000943	0.003549	0.008125	0.006139	1.690890
285.000000	26.551700	0.286720	0.251092	0.263721	0.277062	0.139244	0.020406	0.071789	0.272915	0.014528	0.007352	0.000964	0.081324	0.006110	0.001123	0.009214	0.002863	1.706430
295.000000	26.551700	0.300141	0.247964	0.258034	0.267127	0.169087	0.023871	0.070928	0.254582	0.024665	0.011048	0.001585	0.070620	0.003719	0.001005	0.010181	0.002086	1.716640
305.000000	26.551700	0.286756	0.245913	0.263105	0.250417	0.198116	0.045048	0.087229	0.252906	0.040529	0.015721	0.003095	0.063756	0.009738	0.001396	0.013642	0.002413	1.779780
315.000000	26.551700	0.279853	0.240204	0.276247	0.255767	0.236349	0.071470	0.070848	0.219145	0.050312	0.004454	0.002645	0.052530	0.010717	0.004427	0.010840	0.003303	1.789110
325.000000	26.551700	0.269163	0.234005	0.288270	0.261319	0.250575	0.086910	0.044337	0.193892	0.060856	0.002572	0.014376	0.043576	0.012208	0.002107	0.009110	0.002896	1.776170
335.000000	26.551700	0.259857	0.255153	0.296437	0.267370	0.256220	0.077810	0.026915	0.163952	0.073177	0.002032	0.012347	0.025048	0.011571	0.002036	0.004728	0.001572	1.736230
345.000000	26.551700	0.255860	0.252033	0.282238	0.261556	0.275773	0.069082	0.019798	0.145961	0.080616	0.002228	0.004821	0.015720	0.010228	0.000511	0.000872	0.002763	1.680060
355.000000	26.551700	0.253991	0.266489	0.272027	0.254739	0.272094	0.094131	0.023067	0.126592	0.080704	0.002618	0.006997	0.007006	0.007099	0.004116	0.000289	0.005781	1.677740
4.500000	29.565600	0.251914	0.257376	0.253203	0.246963	0.263217	0.131187	0.019392	0.099797	0.102667	0.006578	0.008595	0.001817	0.006162	0.000783	0.002030	0.009594	1.661270
13.500000	29.565600	0.275965	0.264638	0.236856	0.273334	0.255805	0.145381	0.019294	0.077119	0.100819	0.016070	0.009892	0.001545	0.005709	0.001279	0.001640	0.012919	1.698270
22.500000	29.565600	0.268833	0.287608	0.234009	0.269218	0.269970	0.164133	0.019940	0.082224	0.092212	0.027879	0.007592	0.003712	0.005574	0.004660	0.000792	0.015362	1.753720
31.500000	29.565600	0.259590	0.281107	0.231281	0.265995	0.254327	0.185911	0.025747	0.095945	0.080804	0.038951	0.006950	0.001928	0.006594	0.010671	0.002286	0.014780	1.762870
40.500000	29.565600	0.253408	0.284466	0.224309	0.284692	0.249589	0.224429	0.053418	0.078603	0.065619	0.056698	0.010066	0.003274	0.006930	0.016181	0.001794	0.016152	1.829630
49.500000	29.565600	0.256747	0.280090	0.230145	0.290864	0.223710	0.248690	0.078775	0.049577	0.051748	0.070586	0.001783	0.010775	0.006908	0.015963	0.002132	0.013292	1.831780
58.500000	29.565600	0.267721	0.261932	0.234890	0.296830	0.188434	0.266982	0.086358	0.026626	0.039711	0.081914	0.002370	0.011609	0.007625	0.016774	0.001878	0.012922	1.804570
67.500000	29.565600	0.267259	0.261877	0.230768	0.284492	0.164752	0.263925	0.077899	0.020285	0.023931	0.090765	0.005412	0.010521	0.007202	0.014428	0.000856	0.004993	1.729360
76.500000	29.565600	0.270513	0.245756	0.236645	0.268187	0.134442	0.269337	0.084239	0.020779	0.014792	0.092847	0.002420	0.009081	0.006179	0.013234	0.002128	0.002772	1.673350
85.500000	29.565600	0.255895	0.256846	0.248634	0.263631	0.126416	0.255246	0.100565	0.021657	0.007101	0.102266	0.002405	0.009085	0.006366	0.008307	0.001890	0.000778	1.667090
94.500000	29.565600	0.249351	0.267082	0.265238	0.242205	0.098137	0.257156	0.130436	0.022404	0.002116	0.098887	0.006702	0.010350	0.009462	0.005898	0.000529	0.001119	1.667070
103.500000	29.565600	0.264763	0.276188	0.270341	0.236743	0.079516	0.254695	0.142639	0.019127	0.002193	0.093968	0.017225	0.010061	0.012057	0.005865	0.001032	0.002560	1.688970
112.500000	29.565600	0.260473	0.281193	0.288438	0.231307	0.084371	0.275257	0.161888	0.017084	0.004695	0.086441	0.024580	0.007522	0.014456	0.005951	0.003275	0.001186	1.748120
121.500000	29.565600	0.263761	0.266455	0.283671	0.233148	0.094614	0.258949	0.189505	0.025451	0.001776	0.080582	0.040734	0.007122	0.016262	0.006952	0.010895	0.001880	1.781760
130.500000	29.565600	0.277822	0.260678	0.289948	0.230137	0.081533	0.246522	0.230789	0.049865	0.002190	0.068963	0.054910	0.011571	0.017462	0.007211	0.013605	0.002318	1.845520
139.500000	29.565600	0.279131	0.252830	0.272480	0.227147	0.049318	0.222892	0.248797	0.083591	0.011486	0.054065	0.068513	0.004052	0.015593	0.007340	0.017060	0.002984	1.817280
148.500000	29.565600	0.282258	0.267591	0.271345	0.228028	0.026760	0.192764	0.270773	0.092643	0.010048	0.038303	0.080818	0.001550	0.011544	0.007908	0.014668	0.002475	1.799480
157.500000	29.565600	0.286256	0.261279	0.270275	0.227855	0.018867	0.159951	0.270592	0.081582	0.009625	0.023826	0.093372	0.005473	0.004391	0.005045	0.015022	0.001570	1.734980
166.500000	29.565600	0.271736	0.257854	0.260355	0.229477	0.019443	0.142045	0.263351	0.080256	0.009242	0.015985	0.096098	0.001722	0.004116	0.005930	0.011365	0.003321	1.672300
175.500000	29.565600	0.259189	0.250309	0.251487	0.233470	0.019642	0.131412	0.260825	0.098088	0.010076	0.006143	0.095167	0.002099	0.001349	0.007325	0.008828	0.001142	1.636550
184.500000	29.565600	0.240505	0.254139	0.252633	0.261657	0.019730	0.096570	0.267024	0.126323	0.007763	0.002079	0.098042	0.007265	0.001727	0.010656	0.007412	0.000890	1.654420
193.500000	29.565600	0.244446	0.258716	0.272073	0.276023	0.021610	0.081892	0.262105	0.134234	0.009883	0.002043	0.095487	0.014802	0.002008	0.012671	0.006475	0.003851	1.698320
202.500000	29.565600	0.232615	0.263524	0.268843	0.283213	0.019263	0.076147	0.265916	0.157407	0.008037	0.004992	0.093081	0.027468	0.001866	0.013802	0.004389	0.004748	1.725310
211.500000	29.565600	0.218995	0.271537	0.263487	0.287742	0.027512	0.096108	0.255264	0.181248	0.010550	0.000836	0.084053	0.040254	0.002415	0.015465	0.006899	0.011313	1.773680
220.500000	29.565600	0.227148	0.282254	0.252344	0.290063	0.051105	0.077859	0.248625	0.225244	0.011422	0.002827	0.069412	0.054581	0.003147	0.016763	0.007108	0.016704	1.836610
229.500000	29.565600	0.227256	0.288442	0.248184	0.276114	0.077706	0.049218	0.223272	0.258284	0.002705	0.008806	0.052786	0.067044	0.001823	0.015463	0.007466	0.016627	1.821200
238.500000	29.565600	0.226873	0.295192	0.259101	0.267168	0.101025	0.025029	0.187105	0.268286	0.002302	0.008107	0.038219	0.077992	0.002124	0.011006	0.006180	0.016291	1.792000
247.500000	29.565600	0.235145	0.294451	0.273346	0.258923	0.080900	0.016789	0.160900	0.261175	0.004623	0.007891	0.026842	0.091789	0.001245	0.004417	0.006056	0.013793	1.738280
256.500000	29.565600	0.235275	0.271671	0.268069	0.256103	0.078389	0.018596	0.142082	0.254044	0.002751	0.009910	0.015340	0.095350	0.003006	0.000827	0.005157	0.012791	1.669360
265.500000	29.565600	0.257596	0.251044	0.262235	0.249519	0.092922	0.020604	0.125526	0.262670	0.001610	0.010327	0.006078	0.103611	0.001623	0.000305	0.006525	0.010085	1.662280
274.500000	29.565600	0.265387	0.247320	0.249481	0.250048	0.120865	0.019180	0.099433	0.251959	0.005597	0.006758	0.001105	0.101017	0.000883	0.001042	0.008034	0.005436	1.633550
283.500000	29.565600	0.275881	0.241753	0.253954	0.264618	0.143046	0.018759	0.080326	0.262793	0.014338	0.007748	0.001917	0.101639	0.005348	0.001536	0.010324	0.004739	1.688720
292.500000	29.565600	0.285891	0.224373	0.266867	0.266470	0.158950	0.021041	0.081388	0.262536	0.029532	0.008802	0.005020	0.091054	0.004180	0.001035	0.015682	0.005678	1.728500
301.500000	29.565600	0.284037	0.222949	0.272709	0.266992	0.189005	0.026444	0.091906	0.265781	0.038187	0.008727	0.001163	0.078759	0.010471	0.002115	0.015581	0.006797	1.781620
310.500000	29.565600	0.289835	0.221516	0.280227	0.251726	0.219217	0.048486	0.079698	0.249294	0.051499	0.011201	0.003435	0.069626	0.015645	0.001425	0.016023	0.008903	1.817750
319.500000	29.565600	0.273888	0.221770	0.282074	0.249320	0.252986	0.083836	0.051890	0.221670	0.069964	0.002795	0.010687	0.052785	0.016736	0.002289	0.014304	0.009110	1.816100
328.500000	29.565600	0.265851	0.229986	0.297670	0.265487	0.268727	0.094561	0.027061	0.190967	0.081154	0.002390	0.008151	0.039168	0.015682	0.001960	0.010714	0.007281	1.806810
337.500000	29.565600	0.266940	0.231611	0.284713	0.269745	0.266247	0.077305	0.018493	0.167900	0.092174	0.004438	0.007732	0.022087	0.016193	0.000954	0.004043	0.006745	1.737320
346.500000	29.565600	0.251518	0.239073	0.282207	0.270537	0.267951	0.073233	0.019964	0.140237	0.092189	0.001983	0.007418	0.015522	0.010289	0.001745	0.001115	0.005936	1.680920
355.500000	29.565600	0.259366	0.249209	0.257612	0.247754	0.267324	0.099372	0.020498	0.131818	0.101680	0.001997	0.008734	0.007151	0.008413	0.000994	0.000231	0.006070	1.668220
4.090910	32.600500	0.256780	0.235442	0.224085	0.261895	0.247468	0.129032	0.020637	0.096356	0.120186	0.006889	0.003122	0.002076	0.010308	0.002908	0.000719	0.011072	1.628970
12.272700	32.600500	0.262088	0.254472	0.217615	0.263388	0.263252	0.140106	0.021101	0.084594	0.115131	0.017368	0.004934	0.002121	0.009185	0.001398	0.001827	0.018145	1.676730
20.454500	32.600500	0.283184	0.277885	0.209249	0.270356	0.265911	0.152818	0.017193	0.082039	0.110396	0.030040	0.010168	0.005141	0.010750	0.003598	0.001244	0.016410	1.746380
28.636400	32.600500	0.269828	0.295146	0.211445	0.268854	0.261861	0.177380	0.017127	0.103959	0.099319	0.039691	0.012267	0.001083	0.016043	0.013914	0.001510	0.019322	1.808750
36.818200	32.600500	0.262332	0.281520	0.203427	0.273347	0.261651	0.207640	0.028333	0.091254	0.086139	0.059397	0.007933	0.002662	0.013828	0.020921	0.001657	0.024440	1.826480
45.000000	32.600500	0.253971	0.280789	0.206638	0.286454	0.246293	0.249493	0.055860	0.058107	0.069574	0.065744	0.002289	0.003134	0.016840	0.024035	0.001066	0.024486	1.844770
53.181800	32.600500	0.258840	0.279475	0.205387	0.287846	0.217769	0.261149	0.089076	0.029401	0.055638	0.088338	0.002197	0.010776	0.014717	0.023568	0.002164	0.019718	1.846060
61.363600	32.600500	0.270274	0.277257	0.200381	0.282923	0.175707	0.256821	0.105192	0.017642	0.037323	0.097031	0.000875	0.013701	0.012410	0.017311	0.001011	0.013677	1.779540
69.545500	32.600500	0.273214	0.269578	0.212266	0.284149	0.161229	0.259618	0.081823	0.018549	0.025057	0.107437	0.004118	0.011584	0.013228	0.015743	0.001124	0.005025	1.743740
77.727300	32.600500	0.268590	0.267799	0.216957	0.253611	0.138367	0.260873	0.086105	0.019912	0.016509	0.110203	0.001558	0.003856	0.010318	0.015304	0.001621	0.002006	1.673590
85.909100	32.600500	0.257844	0.261868	0.220968	0.236185	0.129788	0.261972	0.103395	0.019689	0.008213	0.122341	0.002048	0.002940	0.010911	0.012572	0.000958	0.004074	1.655770
94.090900	32.600500	0.253550	0.257606	0.237074	0.228156	0.103669	0.261548	0.125384	0.020035	0.001185	0.119602	0.007764	0.002581	0.011996	0.010459	0.002516	0.001484	1.644610
102.273000	32.600500	0.264331	0.267980	0.250361	0.217960	0.084550	0.262825	0.146062	0.017721	0.001793	0.115003	0.017169	0.005375	0.015602	0.011923	0.001331	0.002610	1.682600
110.455000	32.600500	0.280049	0.272723	0.273500	0.214982	0.084822	0.270753	0.156438	0.017681	0.004248	0.103527	0.029000	0.010853	0.016430	0.012212	0.004637	0.001489	1.753350
118.636000	32.600500	0.268453	0.267359	0.292171	0.200649	0.097971	0.261343	0.186441	0.018050	0.001408	0.098007	0.041665	0.011504	0.018217	0.012178	0.015137	0.001291	1.791840
126.818000	32.600500	0.274734	0.260865	0.284638	0.208280	0.086229	0.270851	0.217458	0.028712	0.002360	0.086138	0.054976	0.006524	0.024944	0.016251	0.020242	0.002000	1.845200
135.000000	32.600500	0.286127	0.255376	0.285727	0.203767	0.058331	0.245137	0.259149	0.055547	0.002234	0.075753	0.071593	0.002389	0.022630	0.016087	0.023671	0.000989	1.864510
143.182000	32.600500	0.276143	0.261167	0.279708	0.205613	0.026673	0.216497	0.262088	0.092688	0.009116	0.055467	0.084611	0.003081	0.022242	0.015645	0.022895	0.002011	1.835640
151.364000	32.600500	0.279738	0.264434	0.270268	0.208320	0.016499	0.182503	0.268112	0.097601	0.012015	0.041396	0.102556	0.001478	0.016066	0.012572	0.020957	0.001647	1.796160
159.545000	32.600500	0.271469	0.276032	0.265965	0.209758	0.016450	0.154784	0.261004	0.086598	0.010825	0.029674	0.110036	0.004323	0.006117	0.012183	0.014610	0.001803	1.731630
167.727000	32.600500	0.254001	0.266025	0.255615	0.207417	0.018328	0.143694	0.260045	0.086233	0.005613	0.014079	0.113179	0.001409	0.000975	0.009995	0.015047	0.002288	1.653940
175.909000	32.600500	0.231692	0.258311	0.251967	0.230320	0.019100	0.130804	0.254317	0.099999	0.003471	0.007452	0.118143	0.002358	0.002425	0.012150	0.012275	0.000806	1.635590
184.091000	32.600500	0.221385	0.254938	0.256107	0.229230	0.016764	0.104704	0.264269	0.126039	0.003847	0.001755	0.118322	0.007724	0.001296	0.011079	0.010153	0.003833	1.631450
192.273000	32.600500	0.214759	0.258536	0.273711	0.255019	0.016599	0.083710	0.255633	0.139668	0.005391	0.002084	0.120436	0.018754	0.002523	0.015978	0.012871	0.001748	1.677420
200.455000	32.600500	0.205739	0.261911	0.276973	0.277289	0.019169	0.089153	0.260417	0.157105	0.011419	0.005523	0.113464	0.025199	0.001090	0.015398	0.010869	0.006128	1.736840
208.636000	32.600500	0.210586	0.269794	0.268538	0.280936	0.017254	0.098481	0.254600	0.176225	0.012654	0.001747	0.101512	0.038653	0.001424	0.019655	0.012595	0.014614	1.779270
216.818000	32.600500	0.198307	0.275740	0.261795	0.280442	0.030899	0.088904	0.267646	0.216370	0.009974	0.002620	0.087255	0.062307	0.001377	0.020454	0.015277	0.021465	1.840830
225.000000	32.600500	0.205587	0.280918	0.265193	0.283606	0.053447	0.053947	0.252419	0.246497	0.003255	0.003306	0.076092	0.069665	0.001139	0.026220	0.017560	0.023417	1.862270
233.182000	32.600500	0.204373	0.298595	0.249908	0.279296	0.089767	0.027341	0.206723	0.263061	0.002788	0.007549	0.050254	0.081824	0.000975	0.018527	0.012827	0.025482	1.819290
241.364000	32.600500	0.208247	0.280549	0.268329	0.273648	0.098426	0.016247	0.186346	0.264356	0.001281	0.010252	0.039035	0.104175	0.002010	0.015408	0.010965	0.018137	1.797410
249.545000	32.600500	0.216426	0.273233	0.267517	0.269062	0.081955	0.018873	0.155107	0.265184	0.004675	0.011294	0.030279	0.111373	0.001405	0.005600	0.009684	0.016505	1.738170
257.727000	32.600500	0.217237	0.251386	0.274103	0.265997	0.088469	0.018167	0.144987	0.259384	0.001850	0.004487	0.019636	0.115870	0.002449	0.001476	0.011238	0.015040	1.691780
265.909000	32.600500	0.221664	0.239931	0.262974	0.251159	0.106227	0.021175	0.128030	0.258845	0.001954	0.003630	0.008812	0.121685	0.001344	0.002590	0.011652	0.011712	1.653380
274.091000	32.600500	0.240498	0.219474	0.257154	0.252735	0.125209	0.020721	0.101621	0.252724	0.006585	0.002014	0.002367	0.120208	0.003934	0.001211	0.010612	0.011570	1.628640
282.273000	32.600500	0.258508	0.217030	0.271114	0.267753	0.134539	0.017433	0.084001	0.257445	0.018723	0.004050	0.002013	0.114978	0.002375	0.001232	0.015133	0.009946	1.676270
290.455000	32.600500	0.271924	0.208368	0.264534	0.276016	0.158931	0.017772	0.084671	0.259532	0.027448	0.010630	0.004621	0.113694	0.006239	0.001151	0.015523	0.012223	1.733280
298.636000	32.600500	0.293268	0.206972	0.271534	0.266377	0.172406	0.016045	0.098349	0.266517	0.046536	0.012383	0.001701	0.099754	0.015832	0.002027	0.019948	0.014983	1.804630
306.818000	32.600500	0.294776	0.208649	0.280380	0.254978	0.203781	0.031128	0.086572	0.262990	0.058054	0.010057	0.002455	0.088113	0.020853	0.001697	0.025163	0.014279	1.843920
315.000000	32.600500	0.282743	0.215574	0.289740	0.252739	0.251205	0.051259	0.054988	0.250304	0.076273	0.002856	0.002679	0.073112	0.026290	0.001043	0.022910	0.013545	1.867260
323.182000	32.600500	0.276403	0.203395	0.290806	0.273381	0.272508	0.087488	0.029789	0.217087	0.092869	0.003171	0.008235	0.056824	0.025393	0.001118	0.020545	0.014683	1.873690
331.364000	32.600500	0.268888	0.204874	0.286554	0.266452	0.266661	0.100551	0.018290	0.184151	0.100448	0.001716	0.010852	0.042977	0.018459	0.001482	0.015373	0.013112	1.800840
339.545000	32.600500	0.266020	0.207077	0.268735	0.280181	0.257643	0.084633	0.018201	0.160761	0.106441	0.004000	0.009683	0.030220	0.016119	0.001358	0.005507	0.013615	1.730190
347.727000	32.600500	0.265203	0.211742	0.263071	0.276274	0.263303	0.085601	0.017411	0.142423	0.113351	0.002551	0.004911	0.018180	0.013682	0.001609	0.001530	0.011832	1.692680
355.909000	32.600500	0.261283	0.224031	0.236827	0.250804	0.261503	0.101950	0.020212	0.131525	0.122301	0.001813	0.002924	0.008343	0.012652	0.000958	0.001549	0.013616	1.652290
3.750000	35.659100	0.262473	0.213359	0.209663	0.270266	0.254329	0.126744	0.019335	0.108631	0.134507	0.008605	0.001905	0.002702	0.019045	0.001411	0.001361	0.022018	1.656350
11.250000	35.659100	0.272390	0.230045	0.195859	0.270756	0.258490	0.146840	0.017217	0.092545	0.132489	0.019055	0.001844	0.001394	0.018007	0.001543	0.001617	0.022581	1.682670
18.750000	35.659100	0.285872	0.250357	0.189664	0.266610	0.264639	0.160662	0.018033	0.094542	0.132489	0.029919	0.001951	0.001493	0.020554	0.006624	0.001559	0.022081	1.747050
26.250000	35.659100	0.274344	0.266860	0.176967	0.274804	0.268561	0.179027	0.015629	0.105613	0.117286	0.048031	0.004869	0.001768	0.021677	0.018240	0.000994	0.022765	1.797440
33.750000	35.659100	0.271438	0.282376	0.176093	0.272688	0.264444	0.206867	0.018075	0.087792	0.109812	0.061281	0.016576	0.001846	0.023736	0.023150	0.001658	0.025196	1.843030
41.250000	35.659100	0.266662	0.284423	0.181618	0.273636	0.261804	0.246053	0.027877	0.057347	0.090504	0.076966	0.011034	0.001364	0.026090	0.026402	0.000379	0.028778	1.860940
48.750000	35.659100	0.266115	0.280943	0.182296	0.283922	0.245365	0.264065	0.060557	0.029612	0.079135	0.089212	0.002387	0.009619	0.027475	0.027553	0.000925	0.025847	1.875030
56.250000	35.659100	0.267554	0.277357	0.178724	0.280399	0.199332	0.261264	0.094261	0.016100	0.065431	0.112670	0.001598	0.017601	0.023786	0.023097	0.000836	0.023070	1.843080
63.750000	35.659100	0.276733	0.274499	0.183459	0.275066	0.175549	0.257506	0.102341	0.018377	0.046682	0.120838	0.002131	0.005532	0.020194	0.028531	0.000981	0.016856	1.805270
71.250000	35.659100	0.285244	0.267006	0.179962	0.247145	0.146194	0.253157	0.095102	0.015984	0.033464	0.130441	0.001456	0.002059	0.018677	0.024805	0.001797	0.005569	1.708060
78.750000	35.659100	0.266829	0.269701	0.196577	0.226814	0.146072	0.250120	0.089097	0.018482	0.019040	0.126787	0.001147	0.002265	0.020330	0.021714	0.002084	0.000946	1.658000
86.250000	35.659100	0.260676	0.248323	0.198244	0.218004	0.137540	0.247732	0.105562	0.018904	0.007820	0.135952	0.002563	0.001683	0.017612	0.020487	0.002500	0.002252	1.625850
93.750000	35.659100	0.268680	0.257862	0.215466	0.207329	0.106015	0.246490	0.130823	0.019141	0.002864	0.131861	0.009305	0.002051	0.020946	0.018490	0.001302	0.002160	1.640790
101.250000	35.659100	0.269891	0.262044	0.227768	0.200570	0.095767	0.252745	0.143204	0.016252	0.001178	0.131531	0.018805	0.001490	0.024351	0.016404	0.000936	0.001927	1.664870
108.750000	35.659100	0.267005	0.281126	0.253382	0.197458	0.092555	0.250611	0.161269	0.018954	0.001355	0.131173	0.030572	0.002248	0.023628	0.019764	0.005902	0.001661	1.738660
116.250000	35.659100	0.277243	0.273752	0.268225	0.174558	0.100097	0.275187	0.173326	0.017095	0.001128	0.121182	0.045740	0.005474	0.026057	0.018773	0.017037	0.001515	1.796390
123.750000	35.659100	0.277369	0.270775	0.275890	0.180616	0.088152	0.272246	0.214634	0.017642	0.002386	0.111079	0.062308	0.016971	0.025457	0.021289	0.026122	0.001167	1.864100
131.250000	35.659100	0.281814	0.261437	0.289870	0.180327	0.057339	0.266110	0.250350	0.029893	0.001407	0.095326	0.077342	0.010908	0.028824	0.026217	0.026147	0.000424	1.883730
138.750000	35.659100	0.279134	0.263997	0.281081	0.181604	0.031809	0.237736	0.260683	0.063739	0.009457	0.076472	0.091149	0.001483	0.027827	0.023957	0.026851	0.000601	1.857580
146.250000	35.659100	0.271324	0.265375	0.280176	0.183148	0.017234	0.206776	0.263131	0.089099	0.018662	0.063936	0.112376	0.002550	0.024911	0.023589	0.025638	0.001312	1.849240
153.750000	35.659100	0.274320	0.283398	0.273668	0.184622	0.016407	0.175269	0.260892	0.105592	0.005474	0.046454	0.121141	0.001830	0.018855	0.020922	0.027651	0.001072	1.817570
161.250000	35.659100	0.250834	0.276295	0.272925	0.187349	0.016535	0.151990	0.260392	0.097726	0.001817	0.030110	0.127369	0.001516	0.008656	0.018431	0.024180	0.002425	1.728550
168.750000	35.659100	0.231655	0.265616	0.270862	0.194320	0.016047	0.150908	0.257964	0.088731	0.001646	0.017254	0.137060	0.001011	0.001190	0.019764	0.022417	0.002481	1.678930
176.250000	35.659100	0.211635	0.259714	0.256239	0.205932	0.017258	0.129498	0.252249	0.100861	0.001290	0.009148	0.136357	0.001903	0.001943	0.020348	0.019959	0.002148	1.626480
183.750000	35.659100	0.203096	0.260536	0.256751	0.207797	0.018107	0.103606	0.246957	0.126689	0.001886	0.002372	0.138784	0.006768	0.002427	0.018426	0.020235	0.001861	1.616300
191.250000	35.659100	0.191801	0.263658	0.256662	0.226130	0.020358	0.085978	0.259501	0.146463	0.002013	0.001049	0.127077	0.016947	0.002794	0.020081	0.019440	0.001385	1.641340
198.750000	35.659100	0.188631	0.274413	0.275200	0.247240	0.018409	0.092786	0.253313	0.152706	0.002057	0.001289	0.127189	0.032597	0.001600	0.022313	0.019051	0.006917	1.715710
206.250000	35.659100	0.179690	0.268277	0.283451	0.273489	0.015031	0.105949	0.264812	0.180830	0.005277	0.002806	0.119516	0.044377	0.001716	0.025548	0.020578	0.017231	1.808580
213.750000	35.659100	0.184721	0.269708	0.275712	0.283241	0.016335	0.084586	0.261627	0.200552	0.017346	0.002303	0.110611	0.063562	0.001635	0.025776	0.024612	0.024865	1.847190
221.250000	35.659100	0.176533	0.276905	0.267484	0.284145	0.028105	0.063820	0.266153	0.241229	0.008554	0.001713	0.091731	0.075959	0.000919	0.028374	0.022475	0.026600	1.860700
228.750000	35.659100	0.182185	0.284128	0.263362	0.289557	0.058405	0.033219	0.249310	0.268396	0.001890	0.009808	0.077439	0.097747	0.000271	0.026546	0.022757	0.029516	1.894540
236.250000	35.659100	0.174907	0.286185	0.265426	0.273761	0.092549	0.015716	0.194065	0.268994	0.002586	0.015496	0.056666	0.106454	0.002095	0.022068	0.021310	0.024586	1.822860
243.750000	35.659100	0.185460	0.272511	0.276663	0.270302	0.109902	0.013781	0.181303	0.257550	0.001906	0.004461	0.044763	0.118024	0.000776	0.018746	0.019898	0.024968	1.801010
251.250000	35.659100	0.187202	0.249608	0.265634	0.272100	0.091758	0.016415	0.158138	0.261764	0.000910	0.001686	0.032203	0.128017	0.001768	0.005840	0.020884	0.021818	1.715750
258.750000	35.659100	0.187295	0.231303	0.257263	0.266957	0.093227	0.018753	0.148299	0.250047	0.001596	0.002231	0.019275	0.134360	0.001981	0.000584	0.020191	0.023600	1.656960
266.250000	35.659100	0.204582	0.208779	0.266082	0.255968	0.098471	0.019515	0.134205	0.248769	0.002633	0.001760	0.007791	0.138367	0.002072	0.001249	0.018910	0.020841	1.629990
273.750000	35.659100	0.207528	0.198115	0.270220	0.255392	0.132046	0.018923	0.103505	0.257759	0.007678	0.002074	0.002204	0.134528	0.000985	0.001836	0.020471	0.022323	1.635590
281.250000	35.659100	0.233912	0.189095	0.266558	0.259667	0.142844	0.017797	0.099700	0.255590	0.016755	0.002420	0.001016	0.136848	0.000802	0.001964	0.021357	0.018133	1.664460
288.750000	35.659100	0.247501	0.192129	0.266536	0.277921	0.154388	0.018341	0.090344	0.260093	0.027271	0.001377	0.001756	0.124259	0.007752	0.002368	0.023529	0.019305	1.714870
296.250000	35.659100	0.272945	0.187727	0.273666	0.268066	0.173159	0.013945	0.106395	0.260303	0.044947	0.004925	0.001385	0.117595	0.018013	0.000814	0.025920	0.020719	1.790520
303.750000	35.659100	0.282167	0.180222	0.277352	0.268321	0.200510	0.014801	0.091197	0.265972	0.061536	0.019527	0.001913	0.112426	0.025397	0.001163	0.025069	0.025648	1.853220
311.250000	35.659100	0.284361	0.180137	0.282351	0.259278	0.245724	0.034671	0.056249	0.259032	0.077293	0.011582	0.001984	0.088186	0.028743	0.000306	0.027000	0.027136	1.864030
318.750000	35.659100	0.280964	0.170140	0.288425	0.264565	0.271406	0.055077	0.031793	0.246269	0.091088	0.002016	0.008794	0.075800	0.026818	0.000841	0.030298	0.026456	1.870750
326.250000	35.659100	0.266140	0.179472	0.292698	0.271185	0.254435	0.094735	0.014497	0.197444	0.109949	0.003230	0.015725	0.064045	0.024995	0.000924	0.022398	0.023925	1.835800
333.750000	35.659100	0.256565	0.179604	0.275490	0.285117	0.265861	0.106582	0.015370	0.183857	0.121444	0.001559	0.004572	0.047665	0.023773	0.000893	0.019454	0.024732	1.812540
341.250000	35.659100	0.265645	0.184820	0.252193	0.283359	0.259174	0.087543	0.018597	0.157127	0.127203	0.001713	0.001706	0.029869	0.024409	0.001345	0.005349	0.018660	1.718710
348.750000	35.659100	0.258654	0.191878	0.225540	0.267364	0.247645	0.094641	0.019624	0.140598	0.132883	0.001140	0.001960	0.018114	0.020722	0.001964	0.000831	0.019775	1.643330
356.250000	35.659100	0.258477	0.198080	0.209806	0.267044	0.249297	0.100259	0.021367	0.139368	0.134770	0.002314	0.001278	0.007851	0.019203	0.002542	0.001695	0.017905	1.631260
3.461540	38.744200	0.260749	0.188388	0.183645	0.285279	0.255478	0.125028	0.019219	0.106525	0.151977	0.011504	0.002768	0.003264	0.028792	0.001154	0.001987	0.031422	1.657180
10.384600	38.744200	0.257341	0.199006	0.170862	0.275591	0.246944	0.144947	0.018283	0.098334	0.152695	0.021841	0.001950	0.001173	0.028642	0.001095	0.002750	0.029463	1.650920
17.307700	38.744200	0.287016	0.229379	0.168878	0.273922	0.247023	0.153976	0.018075	0.105120	0.146228	0.032829	0.001575	0.000856	0.026933	0.008358	0.003901	0.030937	1.735010
24.230800	38.744200	0.289376	0.247363	0.156678	0.277766	0.253039	0.177092	0.014378	0.109195	0.139407	0.050681	0.001789	0.001734	0.038588	0.019644	0.000843	0.034610	1.812180
31.153800	38.744200	0.276549	0.280510	0.158368	0.268202	0.256655	0.204461	0.014646	0.091105	0.130510	0.067615	0.002665	0.002535	0.048440	0.026491	0.000556	0.031774	1.861080
38.076900	38.744200	0.269080	0.280148	0.156688	0.279114	0.264909	0.244419	0.015653	0.056067	0.117967	0.085267	0.005694	0.002445	0.051857	0.027102	0.000579	0.027411	1.884400
45.000000	38.744200	0.273934	0.280243	0.153648	0.285403	0.262583	0.270652	0.030258	0.029563	0.096209	0.097741	0.013202	0.014744	0.052612	0.030345	0.000306	0.030847	1.922290
51.923100	38.744200	0.275600	0.273204	0.155939	0.282628	0.241171	0.270126	0.060882	0.015691	0.080795	0.117925	0.001875	0.005587	0.050411	0.029629	0.000798	0.028324	1.890580
58.846200	38.744200	0.276025	0.265757	0.155138	0.279918	0.205614	0.267853	0.090284	0.013466	0.061844	0.133066	0.003045	0.002661	0.048438	0.034384	0.000712	0.025744	1.863950
65.769200	38.744200	0.279965	0.267174	0.154156	0.246841	0.170620	0.253654	0.115824	0.013562	0.048349	0.144241	0.001263	0.001549	0.037282	0.035795	0.000865	0.020092	1.791230
72.692300	38.744200	0.282671	0.270980	0.166840	0.216319	0.151921	0.259053	0.103183	0.018032	0.033125	0.145724	0.000602	0.001942	0.025424	0.030715	0.004014	0.006211	1.716760
79.615400	38.744200	0.261173	0.279504	0.164911	0.195215	0.137013	0.254080	0.097113	0.018951	0.017689	0.157815	0.000759	0.003231	0.029107	0.030882	0.002539	0.002389	1.652370
86.538500	38.744200	0.272916	0.268991	0.179164	0.187937	0.133859	0.247165	0.107601	0.019014	0.009689	0.150685	0.002781	0.002934	0.027326	0.025900	0.001852	0.000736	1.638550
93.461500	38.744200	0.270896	0.263029	0.187475	0.181969	0.102580	0.253477	0.132822	0.021064	0.003353	0.154276	0.010658	0.003049	0.028388	0.030706	0.001102	0.002184	1.647030
100.385000	38.744200	0.269271	0.265950	0.200267	0.169870	0.099651	0.253769	0.148094	0.019394	0.001024	0.147209	0.021318	0.001903	0.030965	0.025249	0.001032	0.002927	1.657890
107.308000	38.744200	0.268700	0.288207	0.215882	0.158244	0.105585	0.244273	0.151777	0.019353	0.000783	0.146129	0.031865	0.001508	0.033927	0.028228	0.007370	0.002262	1.704090
114.231000	38.744200	0.262076	0.274061	0.256221	0.160132	0.110481	0.250021	0.179467	0.015392	0.001528	0.147686	0.042918	0.001497	0.035156	0.032811	0.016833	0.000947	1.787230
121.154000	38.744200	0.276990	0.286206	0.279900	0.152158	0.090604	0.254082	0.200358	0.013338	0.002414	0.131460	0.068465	0.001881	0.035135	0.039378	0.027223	0.001048	1.860640
128.077000	38.744200	0.279057	0.269655	0.276055	0.151947	0.055709	0.262506	0.245937	0.017054	0.002268	0.107474	0.081484	0.005671	0.027421	0.052782	0.029542	0.001042	1.865600
135.000000	38.744200	0.284164	0.283144	0.284443	0.155300	0.031011	0.268465	0.258079	0.031362	0.013394	0.097855	0.092648	0.011358	0.030760	0.057717	0.027492	0.000606	1.927800
141.923000	38.744200	0.279476	0.270819	0.281086	0.158990	0.014682	0.245142	0.270715	0.061076	0.005957	0.074182	0.117127	0.001840	0.029321	0.050296	0.027694	0.000589	1.888990
148.846000	38.744200	0.271293	0.277649	0.273130	0.155888	0.014542	0.199116	0.261999	0.092715	0.006553	0.060337	0.137226	0.002469	0.028088	0.046135	0.034552	0.000884	1.862580
155.769000	38.744200	0.254790	0.289531	0.268811	0.162795	0.016307	0.173751	0.260925	0.111823	0.002172	0.051236	0.140712	0.001720	0.020490	0.032125	0.034387	0.001078	1.822660
162.692000	38.744200	0.231519	0.268933	0.282219	0.165042	0.016451	0.151688	0.259403	0.105561	0.002673	0.032610	0.150772	0.000529	0.007685	0.028628	0.030620	0.002862	1.737200
169.615000	38.744200	0.204982	0.268291	0.278029	0.165767	0.016549	0.136279	0.247324	0.093404	0.001678	0.021624	0.145764	0.000762	0.001709	0.029284	0.033531	0.002609	1.647590
176.538000	38.744200	0.180416	0.266823	0.261818	0.187151	0.018480	0.133821	0.243158	0.110046	0.001895	0.008800	0.159442	0.003694	0.000641	0.029961	0.028141	0.002410	1.636700
183.462000	38.744200	0.176435	0.269318	0.265048	0.190446	0.019081	0.108661	0.245671	0.133001	0.002220	0.003721	0.160960	0.010877	0.002155	0.029506	0.028508	0.000941	1.646550
190.385000	38.744200	0.173888	0.265150	0.262787	0.208415	0.016217	0.100367	0.253399	0.146502	0.002059	0.001125	0.156491	0.018081	0.003243	0.029686	0.028178	0.002420	1.668010
197.308000	38.744200	0.157843	0.271437	0.285965	0.215488	0.019197	0.104499	0.252701	0.158904	0.001668	0.001005	0.152023	0.029715	0.003652	0.030840	0.027506	0.007975	1.720420
204.231000	38.744200	0.152330	0.261091	0.280263	0.243803	0.016350	0.113431	0.257022	0.177744	0.001564	0.001465	0.142071	0.046541	0.000740	0.036378	0.035987	0.019993	1.786770
211.154000	38.744200	0.149541	0.265315	0.284445	0.273528	0.015860	0.095455	0.260978	0.195326	0.004063	0.002669	0.122199	0.064948	0.000773	0.028507	0.043198	0.028907	1.835710
218.077000	38.744200	0.149250	0.280747	0.266815	0.281807	0.016576	0.057369	0.270022	0.239544	0.006589	0.002564	0.117915	0.080931	0.000808	0.027844	0.054898	0.026575	1.880250
225.000000	38.744200	0.161088	0.279260	0.273122	0.281992	0.029065	0.030865	0.266665	0.262606	0.012319	0.012488	0.100049	0.097581	0.000985	0.025773	0.055339	0.030305	1.919500
231.923000	38.744200	0.156307	0.283245	0.282657	0.273416	0.061925	0.015377	0.244920	0.259824	0.002906	0.006105	0.086679	0.118647	0.001108	0.027938	0.052777	0.028773	1.902610
238.846000	38.744200	0.157165	0.256582	0.284301	0.270824	0.095281	0.013306	0.208540	0.259536	0.003288	0.001788	0.061916	0.128301	0.000484	0.029556	0.043312	0.031780	1.845960
245.769000	38.744200	0.155572	0.240261	0.285944	0.265543	0.113230	0.015103	0.177660	0.261108	0.001330	0.001451	0.043696	0.137431	0.001163	0.022273	0.031129	0.036576	1.789470
252.692000	38.744200	0.156992	0.217539	0.280564	0.265505	0.104063	0.017182	0.146399	0.253318	0.000792	0.001858	0.032989	0.142680	0.002720	0.005598	0.027414	0.030661	1.686270
259.615000	38.744200	0.162904	0.196699	0.273672	0.271966	0.096898	0.015003	0.143306	0.246625	0.001434	0.002255	0.018341	0.143404	0.003816	0.001180	0.025041	0.032073	1.634610
266.538000	38.744200	0.176363	0.185546	0.259848	0.262686	0.102311	0.020119	0.139845	0.253856	0.003266	0.002768	0.010608	0.154775	0.002006	0.000833	0.030359	0.026816	1.632000
273.462000	38.744200	0.183701	0.176897	0.268373	0.271923	0.136251	0.019542	0.108033	0.255401	0.009096	0.002669	0.003660	0.151446	0.000887	0.001207	0.025360	0.025093	1.639540
280.385000	38.744200	0.205798	0.166926	0.271622	0.255560	0.145633	0.015912	0.099764	0.258662	0.019984	0.001614	0.001172	0.153495	0.001373	0.003122	0.028909	0.026850	1.656390
287.308000	38.744200	0.226163	0.161147	0.273144	0.284121	0.150016	0.020460	0.098750	0.252887	0.034930	0.001757	0.000503	0.142585	0.008545	0.003115	0.031468	0.025381	1.714970
294.231000	38.744200	0.242774	0.155501	0.264531	0.281055	0.170305	0.014824	0.116784	0.252373	0.046627	0.002203	0.001610	0.136901	0.019777	0.001252	0.037715	0.039826	1.784060
301.154000	38.744200	0.275294	0.148930	0.268510	0.282659	0.193459	0.013644	0.094915	0.259507	0.063118	0.005296	0.003146	0.126952	0.025593	0.001267	0.034681	0.043271	1.840240
308.077000	38.744200	0.280782	0.155346	0.278560	0.258092	0.245153	0.016233	0.053628	0.265368	0.081946	0.004878	0.001894	0.117802	0.028091	0.000477	0.027206	0.053111	1.868570
315.000000	38.744200	0.278541	0.155211	0.281716	0.261059	0.264063	0.030463	0.029299	0.266210	0.102597	0.013239	0.012313	0.095424	0.026993	0.000223	0.028473	0.055940	1.901760
321.923000	38.744200	0.279259	0.160379	0.280371	0.271480	0.259548	0.056292	0.015913	0.249373	0.116356	0.002167	0.005640	0.083970	0.026864	0.000907	0.029991	0.056248	1.894760
328.846000	38.744200	0.267156	0.155296	0.280355	0.277962	0.258874	0.097938	0.014387	0.201942	0.131403	0.003199	0.002174	0.064046	0.035074	0.000514	0.028209	0.048078	1.866610
335.769000	38.744200	0.273718	0.153628	0.252063	0.286135	0.251008	0.114285	0.016109	0.171156	0.141925	0.001559	0.000870	0.053057	0.031896	0.000835	0.018098	0.039202	1.805540
342.692000	38.744200	0.283016	0.162923	0.223773	0.289449	0.249875	0.098709	0.017779	0.158509	0.150468	0.000969	0.001518	0.035195	0.032231	0.002405	0.006963	0.025364	1.739150
349.615000	38.744200	0.265731	0.173356	0.196715	0.268553	0.250917	0.104477	0.018847	0.143157	0.151038	0.001228	0.001995	0.021483	0.029389	0.002711	0.001894	0.029795	1.661280
356.538000	38.744200	0.274305	0.176775	0.186570	0.260888	0.251774	0.101977	0.017494	0.131911	0.157100	0.003911	0.002051	0.009342	0.026719	0.001532	0.000707	0.028207	1.631260
3.214290	41.858800	0.260692	0.155529	0.155509	0.274910	0.248919	0.134804	0.018833	0.114725	0.198853	0.011028	0.003315	0.004627	0.041727	0.001177	0.002322	0.040991	1.667960
9.642860	41.858800	0.266653	0.172216	0.146362	0.275359	0.260567	0.141846	0.018302	0.106967	0.192234	0.022882	0.000851	0.002006	0.041758	0.002278	0.004536	0.037623	1.692440
16.071400	41.858800	0.276318	0.189182	0.140304	0.270368	0.239273	0.157567	0.016670	0.119793	0.197650	0.036837	0.001706	0.000986	0.038235	0.006380	0.003992	0.040283	1.735540
22.500000	41.858800	0.292971	0.218449	0.132046	0.272720	0.256270	0.175492	0.014594	0.119012	0.186517	0.052481	0.001399	0.001558	0.041343	0.022230	0.001216	0.045800	1.834100
28.928600	41.858800	0.290825	0.248635	0.129166	0.270962	0.240634	0.210851	0.013408	0.084344	0.172394	0.067160	0.001850	0.001793	0.043485	0.031475	0.000503	0.050226	1.857710
35.357100	41.858800	0.286008	0.269883	0.130154	0.278552	0.265389	0.239261	0.014654	0.047328	0.160363	0.083076	0.003096	0.005962	0.052387	0.028642	0.000801	0.049984	1.915540
41.785700	41.858800	0.287458	0.280436	0.126284	0.282307	0.268499	0.257882	0.012759	0.025652	0.143964	0.112060	0.001463	0.003636	0.048351	0.027644	0.000675	0.033166	1.912240
48.214300	41.858800	0.278699	0.282523	0.124588	0.278990	0.256376	0.258116	0.027190	0.012494	0.118994	0.148093	0.001864	0.001501	0.050609	0.036102	0.000318	0.026308	1.902760
54.642900	41.858800	0.287106	0.266558	0.122629	0.262978	0.235696	0.261221	0.053532	0.011683	0.089455	0.163600	0.005017	0.005696	0.050048	0.045268	0.000521	0.031729	1.892740
61.071400	41.858800	0.289580	0.272075	0.129408	0.248707	0.202306	0.248259	0.089498	0.011662	0.069816	0.181025	0.001823	0.002912	0.043484	0.048787	0.001253	0.027394	1.867990
67.500000	41.858800	0.292231	0.264633	0.133274	0.218818	0.179355	0.246673	0.122106	0.015633	0.052804	0.185523	0.000576	0.001798	0.040603	0.047099	0.001193	0.024395	1.826710
73.928600	41.858800	0.275400	0.270490	0.140722	0.187667	0.149007	0.259137	0.120488	0.015090	0.037021	0.204842	0.000286	0.001012	0.040611	0.042931	0.004659	0.006018	1.755380
80.357100	41.858800	0.267799	0.261514	0.149612	0.170166	0.149354	0.250377	0.106708	0.017560	0.019609	0.190111	0.001751	0.001646	0.042834	0.037872	0.003438	0.003070	1.673420
86.785700	41.858800	0.273739	0.269880	0.154334	0.158449	0.132924	0.251284	0.119112	0.019622	0.013644	0.199569	0.004489	0.002505	0.039763	0.038857	0.001625	0.001238	1.681030
93.214300	41.858800	0.276317	0.268092	0.159459	0.149885	0.109739	0.255367	0.135608	0.019037	0.004271	0.199060	0.011114	0.002093	0.039038	0.037159	0.001612	0.002178	1.670030
99.642900	41.858800	0.272432	0.270097	0.177867	0.146214	0.108428	0.248484	0.144981	0.018308	0.000791	0.197981	0.022896	0.001653	0.038841	0.042083	0.001238	0.002936	1.695230
106.071000	41.858800	0.267458	0.276922	0.194382	0.136228	0.117488	0.238299	0.155671	0.017908	0.001026	0.191837	0.037056	0.001414	0.039606	0.037889	0.006715	0.004207	1.724100
112.500000	41.858800	0.271511	0.286237	0.217848	0.129510	0.116030	0.249676	0.174015	0.015757	0.001310	0.183625	0.048904	0.001618	0.045041	0.040152	0.021708	0.000429	1.803370
118.929000	41.858800	0.276784	0.287913	0.248128	0.130962	0.091560	0.248958	0.203190	0.011259	0.001370	0.175105	0.068629	0.001294	0.050164	0.042922	0.029351	0.001077	1.868660
125.357000	41.858800	0.278948	0.282683	0.270343	0.133258	0.055516	0.256773	0.241542	0.012977	0.004311	0.151688	0.083256	0.003577	0.046791	0.051555	0.031143	0.000900	1.905260
131.786000	41.858800	0.276712	0.274053	0.281408	0.132199	0.024529	0.268043	0.251150	0.012805	0.003354	0.132527	0.104023	0.000828	0.036897	0.049975	0.026023	0.000569	1.875100
138.214000	41.858800	0.280890	0.273043	0.280752	0.129845	0.015265	0.262186	0.267235	0.026421	0.001109	0.105202	0.132469	0.002618	0.029670	0.046756	0.035821	0.000263	1.889540
144.643000	41.858800	0.272259	0.274229	0.265691	0.125856	0.012692	0.237521	0.254513	0.057743	0.003452	0.083448	0.156898	0.005333	0.030783	0.043374	0.046033	0.000828	1.870650
151.071000	41.858800	0.234502	0.279816	0.270668	0.130856	0.014681	0.199020	0.250132	0.098269	0.003454	0.060652	0.173080	0.001683	0.029324	0.045228	0.051863	0.001502	1.844730
157.500000	41.858800	0.207663	0.294263	0.263381	0.136341	0.015709	0.179039	0.250357	0.114823	0.002576	0.050563	0.181570	0.001163	0.022217	0.040495	0.046292	0.001161	1.807610
163.929000	41.858800	0.184704	0.272327	0.275040	0.139705	0.017103	0.156572	0.245771	0.119155	0.001736	0.033981	0.197390	0.001140	0.006971	0.036528	0.041032	0.005270	1.734420
170.357000	41.858800	0.175000	0.266456	0.271126	0.141688	0.016075	0.140271	0.244536	0.108565	0.002278	0.018240	0.195697	0.001510	0.002357	0.042503	0.041603	0.004497	1.672400
176.786000	41.858800	0.164350	0.268532	0.274120	0.152090	0.018648	0.133615	0.247226	0.116927	0.002565	0.010782	0.192634	0.004587	0.000956	0.036310	0.036251	0.002279	1.661870
183.214000	41.858800	0.149214	0.267637	0.261319	0.165550	0.018287	0.113236	0.246065	0.130595	0.003023	0.003180	0.198157	0.010192	0.001793	0.038220	0.042541	0.000732	1.649740
189.643000	41.858800	0.146943	0.268395	0.264923	0.176348	0.020050	0.111566	0.244319	0.144186	0.002426	0.000824	0.199119	0.021784	0.003458	0.037134	0.042427	0.002656	1.686560
196.071000	41.858800	0.139119	0.281033	0.278934	0.184587	0.015009	0.117056	0.249225	0.156791	0.002076	0.001135	0.188288	0.037142	0.004223	0.041356	0.038240	0.006908	1.741120
202.500000	41.858800	0.133380	0.271927	0.291196	0.218566	0.016708	0.119067	0.250740	0.186614	0.001875	0.001150	0.187742	0.047141	0.000827	0.049797	0.042205	0.021977	1.840910
208.929000	41.858800	0.135140	0.264480	0.280898	0.239213	0.012619	0.089593	0.251040	0.200519	0.002557	0.001039	0.182829	0.066005	0.001779	0.049254	0.044765	0.028664	1.850390
215.357000	41.858800	0.125849	0.270953	0.287731	0.269082	0.010624	0.054980	0.260469	0.241620	0.004013	0.004905	0.156324	0.084441	0.001002	0.047680	0.046557	0.031232	1.897460
221.786000	41.858800	0.122283	0.278330	0.275104	0.280351	0.013904	0.029446	0.275032	0.265546	0.001612	0.003198	0.128520	0.103830	0.000230	0.033968	0.047347	0.025094	1.883800
228.214000	41.858800	0.128226	0.280441	0.275912	0.277043	0.027888	0.014468	0.267895	0.272540	0.003516	0.001261	0.106904	0.130849	0.000906	0.030169	0.049439	0.035696	1.903160
234.643000	41.858800	0.126133	0.270191	0.285269	0.268150	0.052708	0.014730	0.237253	0.251063	0.005574	0.003597	0.080088	0.154472	0.000737	0.028222	0.045659	0.044938	1.868780
241.071000	41.858800	0.135597	0.245541	0.295056	0.271451	0.088652	0.013703	0.207565	0.257575	0.002344	0.001395	0.069468	0.176612	0.000813	0.028608	0.045082	0.051141	1.890600
247.500000	41.858800	0.134941	0.214638	0.285501	0.275964	0.112714	0.014155	0.177731	0.239136	0.001284	0.001401	0.050437	0.193274	0.001249	0.021441	0.040282	0.045651	1.809800
253.929000	41.858800	0.133376	0.190034	0.281272	0.264672	0.120431	0.019278	0.151682	0.244599	0.001165	0.002035	0.034141	0.197457	0.003778	0.006250	0.037649	0.040755	1.728570
260.357000	41.858800	0.147880	0.180723	0.273201	0.273698	0.111951	0.017558	0.145335	0.242418	0.001414	0.001975	0.022540	0.195997	0.004303	0.001941	0.041411	0.038764	1.701110
266.786000	41.858800	0.161549	0.163591	0.272298	0.273257	0.115305	0.019166	0.130489	0.243452	0.005642	0.002785	0.011335	0.205523	0.001492	0.001882	0.038399	0.038145	1.684310
273.214000	41.858800	0.166881	0.150309	0.268976	0.274875	0.132912	0.019913	0.111437	0.244475	0.011282	0.003617	0.003827	0.201821	0.001592	0.002390	0.037321	0.040978	1.672610
279.643000	41.858800	0.173868	0.138228	0.272450	0.266676	0.144273	0.015633	0.105988	0.251709	0.021102	0.001905	0.001433	0.201293	0.002381	0.003794	0.039238	0.039114	1.679080
286.071000	41.858800	0.185100	0.139592	0.270900	0.272423	0.155589	0.017076	0.123773	0.244688	0.042793	0.002308	0.000803	0.193642	0.007993	0.003081	0.039219	0.040509	1.739490
292.500000	41.858800	0.214747	0.136888	0.262571	0.285849	0.169587	0.015022	0.118184	0.246706	0.053330	0.001193	0.000688	0.187911	0.021497	0.000992	0.045730	0.044867	1.805760
298.929000	41.858800	0.245836	0.129823	0.265446	0.286169	0.202270	0.014014	0.090909	0.243942	0.070769	0.004294	0.001405	0.177777	0.029374	0.000956	0.050972	0.045331	1.859290
305.357000	41.858800	0.271706	0.120595	0.264841	0.284831	0.232377	0.011466	0.053229	0.253984	0.094926	0.004949	0.005280	0.164537	0.030995	0.000677	0.042111	0.046400	1.882900
311.786000	41.858800	0.271906	0.121922	0.274209	0.282146	0.259582	0.011181	0.026608	0.272404	0.120086	0.000648	0.001963	0.149441	0.026825	0.000438	0.033473	0.049268	1.902100
318.214000	41.858800	0.281742	0.127628	0.271198	0.284551	0.266248	0.027009	0.013827	0.263198	0.148716	0.003575	0.001010	0.117560	0.034214	0.000965	0.028723	0.049808	1.919970
324.643000	41.858800	0.271572	0.131057	0.267883	0.277397	0.262281	0.051952	0.011461	0.234860	0.157816	0.005803	0.003467	0.091362	0.042695	0.000735	0.032162	0.048420	1.890920
331.071000	41.858800	0.271486	0.129725	0.244715	0.300525	0.250645	0.093525	0.013267	0.214643	0.189585	0.002551	0.000606	0.069771	0.048265	0.000915	0.028215	0.044255	1.902690
337.500000	41.858800	0.261674	0.131888	0.210464	0.292776	0.250935	0.119008	0.013220	0.178686	0.195248	0.000933	0.001968	0.048347	0.045224	0.001131	0.021529	0.044734	1.817770
343.929000	41.858800	0.258550	0.132891	0.194910	0.274788	0.250470	0.114503	0.016262	0.157733	0.198419	0.001088	0.000979	0.037664	0.040893	0.004003	0.007678	0.045046	1.735880
350.357000	41.858800	0.268029	0.144296	0.173447	0.267165	0.253380	0.110407	0.016185	0.147636	0.199801	0.002164	0.002638	0.023087	0.039112	0.004426	0.001855	0.045109	1.698740
356.786000	41.858800	0.265904	0.156753	0.165286	0.268258	0.241528	0.120703	0.019472	0.140793	0.205108	0.006095	0.002154	0.011113	0.038957	0.002627	0.001873	0.040458	1.687080
3.000000	45.006100	0.280506	0.136107	0.129197	0.283491	0.244150	0.132184	0.018839	0.124114	0.230359	0.013581	0.002323	0.006122	0.048575	0.002057	0.001971	0.049399	1.702970
9.000000	45.006100	0.260718	0.153913	0.119674	0.278026	0.245051	0.134845	0.016968	0.127612	0.221822	0.026852	0.002175	0.001943	0.049325	0.002244	0.004519	0.044212	1.689900
15.000000	45.006100	0.274051	0.157860	0.109452	0.275876	0.246213	0.161376	0.010540	0.129918	0.207120	0.039930	0.001718	0.001260	0.052741	0.005185	0.004561	0.047993	1.725790
21.000000	45.006100	0.283720	0.181234	0.103593	0.261246	0.246536	0.186704	0.007665	0.112996	0.207813	0.053905	0.001279	0.001386	0.069853	0.024733	0.000667	0.051971	1.795300
27.000000	45.006100	0.290443	0.210629	0.099220	0.270217	0.244536	0.211760	0.004915	0.084112	0.200563	0.085123	0.000822	0.001206	0.087251	0.027623	0.000571	0.058376	1.877370
33.000000	45.006100	0.299131	0.251025	0.100153	0.264962	0.244531	0.236161	0.004222	0.046763	0.184001	0.105881	0.004412	0.005716	0.101544	0.031969	0.000984	0.056856	1.938310
39.000000	45.006100	0.286699	0.265211	0.098284	0.280851	0.262272	0.264333	0.006110	0.023574	0.174561	0.130777	0.000803	0.000886	0.106921	0.031872	0.000930	0.055978	1.990060
45.000000	45.006100	0.288981	0.282772	0.092878	0.271164	0.265754	0.267032	0.008669	0.007966	0.152368	0.157825	0.001066	0.001445	0.102025	0.046004	0.000503	0.044083	1.990530
51.000000	45.006100	0.285996	0.272017	0.093154	0.271690	0.258604	0.259769	0.021542	0.004989	0.130712	0.171874	0.000653	0.000715	0.107606	0.050340	0.000425	0.034607	1.964690
57.000000	45.006100	0.302145	0.272540	0.099977	0.250652	0.235879	0.248656	0.044440	0.004513	0.100891	0.183010	0.004300	0.007918	0.092619	0.058071	0.000852	0.027977	1.934440
63.000000	45.006100	0.296494	0.273751	0.103625	0.217027	0.208080	0.247264	0.081815	0.004607	0.083726	0.200465	0.001457	0.000685	0.085993	0.056951	0.001301	0.030780	1.894020
69.000000	45.006100	0.287578	0.266488	0.100972	0.174262	0.174343	0.248150	0.117142	0.006767	0.054891	0.206200	0.000821	0.000743	0.066034	0.054133	0.001808	0.023628	1.783960
75.000000	45.006100	0.259727	0.267413	0.114935	0.171400	0.160435	0.242985	0.137022	0.011126	0.040178	0.213402	0.001132	0.002516	0.052466	0.046324	0.004858	0.006547	1.732470
81.000000	45.006100	0.272438	0.273480	0.119533	0.151997	0.139327	0.250852	0.123952	0.013929	0.025456	0.219566	0.000791	0.001866	0.049196	0.048152	0.004706	0.002027	1.697270
87.000000	45.006100	0.280404	0.266140	0.127854	0.138401	0.123704	0.254146	0.123320	0.016634	0.012968	0.230522	0.005793	0.003008	0.049807	0.048065	0.001850	0.003429	1.686040
93.000000	45.006100	0.269879	0.278080	0.137722	0.132482	0.122323	0.244002	0.129426	0.018666	0.007503	0.232323	0.013294	0.002386	0.048279	0.050551	0.002622	0.002601	1.692140
99.000000	45.006100	0.273886	0.276797	0.144676	0.124231	0.125800	0.245447	0.140805	0.016708	0.001991	0.217108	0.022810	0.002079	0.045373	0.049653	0.001664	0.003064	1.692090
105.000000	45.006100	0.265688	0.273544	0.157002	0.113857	0.130116	0.250859	0.151267	0.010240	0.000938	0.216851	0.035732	0.001959	0.046337	0.054679	0.005698	0.003316	1.718080
111.000000	45.006100	0.267235	0.283846	0.175561	0.109354	0.115531	0.244825	0.167659	0.007403	0.000871	0.205494	0.056947	0.001345	0.053163	0.072013	0.023511	0.000585	1.785340
117.000000	45.006100	0.268668	0.301262	0.212042	0.104321	0.087366	0.257531	0.205618	0.004518	0.001215	0.194550	0.071076	0.001203	0.062678	0.082710	0.030270	0.000408	1.885430
123.000000	45.006100	0.277224	0.288238	0.242693	0.100722	0.044507	0.248642	0.243900	0.005527	0.005068	0.184221	0.086454	0.003407	0.058618	0.094984	0.028694	0.000836	1.913730
129.000000	45.006100	0.267442	0.289492	0.269325	0.094509	0.020458	0.265211	0.265395	0.006073	0.001198	0.171281	0.117376	0.001052	0.052605	0.101787	0.030326	0.000777	1.954310
135.000000	45.006100	0.275263	0.287575	0.270399	0.098397	0.008689	0.269795	0.268477	0.006791	0.001267	0.147048	0.150889	0.001147	0.045589	0.109758	0.040060	0.000712	1.981860
141.000000	45.006100	0.275478	0.281028	0.276998	0.100009	0.005612	0.258634	0.267384	0.021016	0.000701	0.118156	0.168579	0.000702	0.035165	0.105625	0.055388	0.000840	1.971310
147.000000	45.006100	0.243768	0.303755	0.278961	0.094028	0.004634	0.239748	0.260496	0.043845	0.008941	0.089491	0.186747	0.006205	0.028893	0.096153	0.057876	0.001122	1.944660
153.000000	45.006100	0.211058	0.301790	0.264793	0.105985	0.004801	0.211910	0.253253	0.082036	0.000929	0.068213	0.196936	0.001012	0.029603	0.088771	0.059340	0.002130	1.882560
159.000000	45.006100	0.181312	0.283439	0.274276	0.101355	0.006403	0.177242	0.243086	0.113469	0.001137	0.053516	0.197951	0.000945	0.023101	0.067113	0.050180	0.001395	1.775920
165.000000	45.006100	0.160883	0.280262	0.258104	0.120056	0.011097	0.157761	0.247273	0.144681	0.001578	0.039937	0.210380	0.001194	0.007071	0.057855	0.044986	0.004463	1.747580
171.000000	45.006100	0.149290	0.272321	0.267904	0.118179	0.017027	0.141644	0.249951	0.124135	0.001522	0.025474	0.214051	0.001396	0.001825	0.051141	0.047397	0.004241	1.687500
177.000000	45.006100	0.139431	0.270896	0.265882	0.127086	0.017930	0.129547	0.247121	0.119570	0.002381	0.013218	0.224868	0.005764	0.003117	0.053838	0.045064	0.002660	1.668370
183.000000	45.006100	0.131108	0.280475	0.263810	0.134061	0.017491	0.113135	0.252313	0.132532	0.003563	0.006283	0.234545	0.012464	0.001757	0.046751	0.044210	0.003242	1.677740
189.000000	45.006100	0.116810	0.267502	0.277899	0.149256	0.015240	0.131225	0.246057	0.141571	0.002177	0.001130	0.220354	0.024332	0.003698	0.047843	0.049939	0.001295	1.696330
195.000000	45.006100	0.116558	0.269599	0.277551	0.163850	0.011644	0.135348	0.256264	0.159528	0.001580	0.000650	0.213148	0.038141	0.003171	0.041941	0.052802	0.006297	1.748070
201.000000	45.006100	0.105689	0.263761	0.276021	0.179583	0.007229	0.122659	0.253302	0.181882	0.001631	0.000847	0.200541	0.052846	0.001151	0.053551	0.068748	0.022437	1.791880
207.000000	45.006100	0.099344	0.264557	0.288665	0.212675	0.004749	0.079477	0.262015	0.197161	0.001457	0.000592	0.195414	0.068023	0.000694	0.058547	0.086344	0.032019	1.851730
213.000000	45.006100	0.095640	0.271958	0.295449	0.246498	0.005014	0.045335	0.251902	0.224649	0.006716	0.005270	0.183076	0.093035	0.000707	0.060161	0.095671	0.032888	1.913970
219.000000	45.006100	0.095175	0.271373	0.294095	0.268997	0.004933	0.021616	0.263957	0.258600	0.001462	0.000704	0.166705	0.122609	0.000997	0.056121	0.104931	0.036750	1.969020
225.000000	45.006100	0.096980	0.272047	0.283894	0.277413	0.008226	0.006965	0.272492	0.264868	0.001911	0.000904	0.146641	0.151820	0.000828	0.039550	0.110477	0.042674	1.977690
231.000000	45.006100	0.095686	0.263149	0.286271	0.273461	0.018754	0.004856	0.253603	0.261622	0.000853	0.000610	0.118144	0.173819	0.001406	0.034080	0.100050	0.054790	1.941150
237.000000	45.006100	0.101391	0.242385	0.297368	0.273417	0.047927	0.005140	0.233060	0.251517	0.005728	0.004321	0.088085	0.182555	0.000482	0.028621	0.090320	0.060499	1.912820
243.000000	45.006100	0.100056	0.214243	0.300218	0.259700	0.087190	0.004501	0.207255	0.244178	0.001032	0.001216	0.069337	0.190831	0.000671	0.028316	0.085441	0.061545	1.855730
249.000000	45.006100	0.103008	0.183983	0.284495	0.272036	0.116736	0.006335	0.179198	0.249606	0.001155	0.001434	0.053180	0.207572	0.001437	0.022476	0.063115	0.047289	1.793060
255.000000	45.006100	0.115273	0.172065	0.280647	0.259439	0.133287	0.011268	0.157136	0.240228	0.001337	0.001649	0.039656	0.214826	0.003906	0.006109	0.052008	0.045246	1.734080
261.000000	45.006100	0.122919	0.146593	0.277509	0.275821	0.123364	0.014490	0.141978	0.251981	0.001800	0.001122	0.025502	0.219115	0.004978	0.001734	0.050877	0.047141	1.706920
267.000000	45.006100	0.127128	0.138380	0.283080	0.276305	0.120886	0.016986	0.127005	0.241679	0.005665	0.002154	0.013181	0.231589	0.002125	0.002014	0.043564	0.050636	1.682380
273.000000	45.006100	0.137272	0.124086	0.268961	0.271242	0.132933	0.018326	0.120848	0.244501	0.014142	0.002312	0.005400	0.235622	0.002422	0.001834	0.047682	0.048072	1.675660
279.000000	45.006100	0.150991	0.118674	0.270769	0.269294	0.134437	0.016308	0.119790	0.256446	0.025596	0.001847	0.000961	0.220168	0.001778	0.004027	0.047050	0.052926	1.691060
285.000000	45.006100	0.162248	0.110782	0.266575	0.280452	0.151721	0.010758	0.131697	0.237115	0.041406	0.001687	0.000994	0.211898	0.005099	0.004293	0.044224	0.054130	1.715080
291.000000	45.006100	0.181217	0.103904	0.273003	0.279459	0.175536	0.006347	0.119132	0.245043	0.055586	0.001489	0.001323	0.212302	0.023059	0.001632	0.054346	0.066781	1.800160
297.000000	45.006100	0.211413	0.103145	0.270339	0.298375	0.200143	0.004901	0.082731	0.252092	0.082497	0.002085	0.000686	0.198902	0.030580	0.001525	0.058630	0.087689	1.885730
303.000000	45.006100	0.241289	0.100200	0.272325	0.294340	0.235471	0.005540	0.048241	0.258745	0.110487	0.009482	0.004673	0.181419	0.027747	0.000739	0.055773	0.092012	1.938480
309.000000	45.006100	0.268007	0.093358	0.278054	0.302394	0.258712	0.006389	0.020968	0.262203	0.130233	0.001183	0.000871	0.165658	0.033592	0.000640	0.053857	0.103356	1.979470
315.000000	45.006100	0.273562	0.089749	0.277502	0.284562	0.277977	0.008726	0.010472	0.270641	0.162011	0.001709	0.002072	0.157823	0.044883	0.000552	0.042151	0.108829	2.013220
321.000000	45.006100	0.275144	0.095558	0.268170	0.294969	0.254357	0.019707	0.005643	0.262697	0.179264	0.001011	0.001316	0.136428	0.054679	0.000682	0.034948	0.106267	1.990840
327.000000	45.006100	0.280119	0.094367	0.247717	0.293120	0.249841	0.042571	0.005617	0.229502	0.188015	0.004686	0.004708	0.105527	0.055710	0.000431	0.030924	0.100853	1.933710
333.000000	45.006100	0.256970	0.100976	0.206365	0.293060	0.249017	0.085602	0.005232	0.207166	0.204615	0.000738	0.001149	0.082115	0.062650	0.001146	0.028839	0.083666	1.869300
339.000000	45.006100	0.264334	0.106587	0.169731	0.287078	0.241343	0.116171	0.006493	0.180640	0.212203	0.001542	0.002490	0.059442	0.058872	0.001353	0.022553	0.068179	1.799010
345.000000	45.006100	0.266972	0.113113	0.161167	0.275746	0.245885	0.125769	0.009146	0.156286	0.212195	0.001918	0.001736	0.043088	0.045043	0.003711	0.006092	0.054442	1.722310
351.000000	45.006100	0.276587	0.121845	0.144723	0.271317	0.246793	0.130916	0.017007	0.140106	0.220539	0.002613	0.001518	0.026452	0.047382	0.004579	0.001137	0.049738	1.703250
357.000000	45.006100	0.279961	0.131986	0.134247	0.271135	0.241266	0.118701	0.019310	0.128471	0.233090	0.005604	0.003026	0.013301	0.049251	0.002612	0.002402	0.048525	1.682890
2.812500	48.189700	0.279076	0.113340	0.101836	0.275314	0.248797	0.128104	0.014262	0.130156	0.262619	0.014152	0.003338	0.009049	0.064865	0.002437	0.002235	0.059352	1.708930
8.437500	48.189700	0.279519	0.132107	0.095946	0.275671	0.245857	0.140808	0.010429	0.141438	0.265242	0.029746	0.001242	0.002495	0.068008	0.003174	0.004670	0.057238	1.753590
14.062500	48.189700	0.275503	0.132016	0.086380	0.258491	0.244901	0.153158	0.005872	0.136454	0.258818	0.039433	0.001805	0.000975	0.076942	0.009266	0.001961	0.054545	1.736520
19.687500	48.189700	0.277873	0.147446	0.079083	0.269133	0.242843	0.185005	0.003089	0.107182	0.254925	0.069374	0.001336	0.000519	0.089901	0.021070	0.000922	0.062749	1.812450
25.312500	48.189700	0.288022	0.168237	0.069273	0.271157	0.246088	0.202874	0.003588	0.069453	0.237348	0.086779	0.001407	0.000646	0.094333	0.030036	0.000379	0.062846	1.832470
30.937500	48.189700	0.306318	0.206472	0.066263	0.268381	0.256064	0.225446	0.002565	0.034744	0.222919	0.123989	0.001423	0.000713	0.100055	0.032328	0.000442	0.065427	1.913550
36.562500	48.189700	0.302050	0.245129	0.069684	0.265282	0.250706	0.247925	0.003108	0.015335	0.213247	0.148351	0.001613	0.000512	0.103589	0.035981	0.000990	0.066591	1.970090
42.187500	48.189700	0.307184	0.260306	0.067167	0.277945	0.260196	0.268763	0.004744	0.005943	0.177661	0.163732	0.000648	0.000799	0.102119	0.044778	0.000392	0.061439	2.003820
47.812500	48.189700	0.304982	0.277626	0.068753	0.269069	0.268602	0.261171	0.005282	0.005325	0.161351	0.185875	0.000313	0.000963	0.103761	0.058445	0.000230	0.048011	2.019760
53.437500	48.189700	0.306294	0.277316	0.068626	0.246416	0.246263	0.254424	0.012276	0.004001	0.150547	0.209923	0.000267	0.001689	0.098085	0.062115	0.000819	0.036299	1.975360
59.062500	48.189700	0.310259	0.267690	0.074290	0.205480	0.236502	0.253787	0.035538	0.003589	0.126536	0.234853	0.000854	0.002929	0.100986	0.064199	0.000761	0.029657	1.947910
64.687500	48.189700	0.299599	0.268964	0.076688	0.165855	0.204725	0.246122	0.069118	0.003370	0.093852	0.247714	0.000985	0.001869	0.096212	0.064003	0.001187	0.028672	1.868940
70.312500	48.189700	0.286607	0.268743	0.075591	0.153555	0.172841	0.234933	0.108947	0.003852	0.066990	0.254490	0.000505	0.003545	0.083651	0.060853	0.001738	0.023501	1.800340
75.937500	48.189700	0.281783	0.267186	0.084275	0.137703	0.152237	0.239830	0.134438	0.006368	0.043954	0.260988	0.000815	0.003307	0.075942	0.059116	0.001471	0.008945	1.758360
81.562500	48.189700	0.280763	0.272183	0.091832	0.126360	0.137085	0.255822	0.149259	0.011601	0.029464	0.257673	0.001744	0.001329	0.064861	0.052391	0.003915	0.003475	1.739760
87.187500	48.189700	0.283340	0.287596	0.104694	0.112472	0.121994	0.247668	0.126553	0.014303	0.015560	0.263567	0.005099	0.002509	0.061110	0.053334	0.002575	0.002548	1.704920
92.812500	48.189700	0.273248	0.270767	0.113147	0.104604	0.132695	0.247059	0.125977	0.014056	0.007148	0.258755	0.015686	0.002055	0.057283	0.070130	0.002716	0.001597	1.696920
98.437500	48.189700	0.279147	0.272576	0.123965	0.094742	0.142048	0.245645	0.136847	0.011242	0.003237	0.254452	0.024322	0.001708	0.054793	0.068372	0.002378	0.004270	1.719740
104.062000	48.189700	0.268142	0.278547	0.132647	0.085524	0.140354	0.253085	0.163943	0.005512	0.000528	0.266182	0.041722	0.001621	0.054033	0.076447	0.007811	0.002185	1.778290
109.688000	48.189700	0.265416	0.281246	0.153042	0.075974	0.107272	0.249653	0.184268	0.003231	0.000481	0.248788	0.057130	0.001726	0.063122	0.085377	0.020332	0.000619	1.797680
115.312000	48.189700	0.260119	0.283622	0.171149	0.079546	0.068367	0.247636	0.215700	0.003003	0.000605	0.238199	0.082151	0.001104	0.066342	0.088482	0.029029	0.000976	1.836030
120.938000	48.189700	0.269560	0.300297	0.208696	0.076829	0.034149	0.257732	0.245850	0.002746	0.000888	0.212650	0.107240	0.001308	0.063530	0.099548	0.031965	0.000477	1.913460
126.562000	48.189700	0.285239	0.308332	0.230181	0.070913	0.013976	0.257857	0.244863	0.004003	0.000146	0.198472	0.137798	0.002159	0.062537	0.101105	0.039085	0.001136	1.957800
132.188000	48.189700	0.269940	0.310379	0.259653	0.073798	0.005780	0.265614	0.258084	0.005295	0.001519	0.178707	0.153016	0.000491	0.055709	0.098559	0.042789	0.000267	1.979600
137.812000	48.189700	0.265546	0.310733	0.274802	0.067845	0.005422	0.261307	0.263776	0.004367	0.001504	0.167964	0.184042	0.000590	0.046834	0.099078	0.058740	0.000450	2.013000
143.437000	48.189700	0.234341	0.301231	0.277720	0.069340	0.003030	0.263570	0.256384	0.012393	0.002373	0.129896	0.210057	0.000658	0.034999	0.102826	0.064550	0.000481	1.963850
149.062000	48.189700	0.205125	0.310918	0.271677	0.076096	0.002827	0.239031	0.255758	0.034493	0.005655	0.101057	0.220179	0.001511	0.029869	0.099889	0.065986	0.001699	1.921770
154.688000	48.189700	0.171830	0.293609	0.255117	0.078099	0.003351	0.214705	0.248391	0.071582	0.001254	0.078659	0.229118	0.000807	0.029533	0.097308	0.062719	0.000505	1.836590
160.312000	48.189700	0.154913	0.288592	0.257242	0.074735	0.003369	0.179956	0.243920	0.105127	0.002068	0.056093	0.246195	0.001047	0.017117	0.081999	0.068392	0.001227	1.781990
165.938000	48.189700	0.132883	0.278538	0.267978	0.085977	0.006233	0.155097	0.247361	0.141830	0.002049	0.043306	0.254474	0.000794	0.008211	0.072979	0.049990	0.002230	1.749930
171.562000	48.189700	0.122476	0.272641	0.268273	0.093669	0.012645	0.136869	0.254173	0.144512	0.001326	0.025281	0.256885	0.001681	0.002462	0.068986	0.054290	0.003707	1.719880
177.188000	48.189700	0.115552	0.274393	0.279566	0.107334	0.015318	0.133487	0.252067	0.136009	0.001704	0.015970	0.258001	0.005850	0.002015	0.061721	0.062406	0.002158	1.723550
182.812000	48.189700	0.099926	0.266431	0.269487	0.111042	0.014859	0.126288	0.247754	0.123097	0.002771	0.006101	0.262632	0.013367	0.002475	0.060065	0.062235	0.001805	1.670340
188.438000	48.189700	0.090645	0.272086	0.282147	0.126773	0.009584	0.144440	0.240716	0.136462	0.001746	0.001358	0.262693	0.026549	0.003431	0.059849	0.066994	0.002864	1.728340
194.062000	48.189700	0.083649	0.269853	0.279585	0.132149	0.006507	0.147914	0.246246	0.151761	0.002486	0.000871	0.252568	0.039497	0.003004	0.051627	0.074170	0.009535	1.751420
199.687000	48.189700	0.076733	0.264060	0.287501	0.155717	0.003816	0.108900	0.251533	0.178205	0.003600	0.000737	0.252419	0.056785	0.002021	0.062118	0.082452	0.020214	1.806810
205.312000	48.189700	0.073516	0.262111	0.274612	0.173405	0.003840	0.068880	0.248944	0.206070	0.002038	0.000948	0.237792	0.081559	0.001435	0.063190	0.091912	0.027071	1.817320
210.938000	48.189700	0.073469	0.279150	0.301092	0.214913	0.003122	0.037392	0.253846	0.245043	0.003061	0.001363	0.227387	0.109104	0.000607	0.064992	0.097316	0.032164	1.944020
216.562000	48.189700	0.071287	0.267555	0.302262	0.236510	0.004774	0.012948	0.261150	0.253375	0.001829	0.000582	0.204356	0.137936	0.000710	0.058992	0.102595	0.035818	1.952680
222.188000	48.189700	0.067339	0.269247	0.305400	0.259679	0.004514	0.005639	0.253734	0.261507	0.001049	0.001402	0.171173	0.165726	0.000566	0.061127	0.110378	0.050273	1.988750
227.812000	48.189700	0.068722	0.278191	0.295677	0.281716	0.005522	0.006015	0.260824	0.262583	0.000891	0.000527	0.158852	0.178326	0.000234	0.047992	0.106181	0.057174	2.009430
233.438000	48.189700	0.072868	0.238841	0.306769	0.269779	0.011741	0.003305	0.255317	0.262605	0.001102	0.001561	0.146194	0.202410	0.001149	0.038804	0.103179	0.063558	1.979180
239.062000	48.189700	0.068771	0.194776	0.302190	0.263054	0.036166	0.003832	0.238138	0.254480	0.001259	0.000965	0.103685	0.224593	0.000249	0.032417	0.099648	0.064784	1.889010
244.687000	48.189700	0.075466	0.175102	0.292610	0.264874	0.072844	0.002969	0.203981	0.248661	0.001428	0.001266	0.072129	0.238186	0.000579	0.029357	0.091228	0.063856	1.834540
250.312000	48.189700	0.072676	0.149931	0.283458	0.256810	0.110595	0.004056	0.185874	0.243354	0.000809	0.001268	0.060870	0.253443	0.001247	0.018456	0.078250	0.064253	1.785350
255.937000	48.189700	0.082514	0.136829	0.271660	0.270813	0.133263	0.007843	0.152101	0.245990	0.000761	0.001464	0.040579	0.258603	0.002664	0.008629	0.076965	0.059464	1.750140
261.562000	48.189700	0.087829	0.124018	0.269125	0.271783	0.141239	0.011724	0.142511	0.249131	0.001981	0.001721	0.027367	0.259254	0.003620	0.003501	0.070876	0.058506	1.724190
267.188000	48.189700	0.102221	0.113732	0.271095	0.269800	0.138934	0.016304	0.129220	0.241463	0.005475	0.003327	0.016941	0.259184	0.002789	0.003228	0.060838	0.058029	1.692580
272.812000	48.189700	0.115604	0.098746	0.275787	0.279125	0.127438	0.015553	0.130038	0.243254	0.016446	0.002885	0.006484	0.260623	0.001526	0.001821	0.060205	0.063488	1.699020
278.438000	48.189700	0.119768	0.095536	0.264347	0.282177	0.138524	0.011248	0.143014	0.252896	0.032254	0.000978	0.001357	0.261523	0.002150	0.003931	0.055307	0.066657	1.731670
284.062000	48.189700	0.135044	0.085080	0.264777	0.277055	0.157856	0.006809	0.143585	0.243807	0.047657	0.001447	0.000513	0.259218	0.009454	0.002338	0.057558	0.072669	1.764870
289.688000	48.189700	0.152125	0.078165	0.263185	0.286249	0.173829	0.002746	0.109394	0.246431	0.069210	0.001437	0.000969	0.259911	0.021916	0.001566	0.062076	0.086260	1.815470
295.312000	48.189700	0.167141	0.076170	0.271207	0.283364	0.201435	0.003964	0.072032	0.246381	0.097986	0.001132	0.001042	0.239667	0.030921	0.000956	0.062582	0.091181	1.847160
300.938000	48.189700	0.203870	0.077193	0.264131	0.302628	0.236363	0.003750	0.034743	0.257537	0.122268	0.006084	0.001666	0.219496	0.032153	0.001758	0.061296	0.096466	1.921400
306.562000	48.189700	0.247138	0.066239	0.267306	0.304932	0.261249	0.003124	0.013105	0.251156	0.138922	0.001785	0.001016	0.205191	0.035036	0.000634	0.064680	0.102812	1.964320
312.187000	48.189700	0.260598	0.068049	0.276591	0.304953	0.265644	0.004459	0.005963	0.265132	0.169485	0.001011	0.000545	0.178066	0.043345	0.000252	0.055810	0.110783	2.010690
317.812000	48.189700	0.274347	0.068578	0.265445	0.300237	0.259656	0.005420	0.004693	0.274484	0.182651	0.001696	0.000853	0.171086	0.054561	0.000239	0.042591	0.104794	2.011330
323.438000	48.189700	0.277657	0.071031	0.235920	0.309000	0.265447	0.014293	0.003816	0.256716	0.212865	0.000692	0.002841	0.147808	0.065256	0.000513	0.036373	0.103817	2.004050
329.062000	48.189700	0.264540	0.072038	0.206944	0.311981	0.251429	0.035600	0.004625	0.229739	0.228581	0.001465	0.001056	0.119706	0.064386	0.000452	0.030595	0.101851	1.924990
334.688000	48.189700	0.272053	0.077171	0.161791	0.281004	0.256685	0.060495	0.003572	0.210133	0.238906	0.001441	0.000676	0.098043	0.065117	0.000838	0.026290	0.089249	1.843460
340.312000	48.189700	0.268442	0.081684	0.147545	0.274136	0.250822	0.111232	0.003448	0.175050	0.251866	0.000859	0.001269	0.072900	0.060352	0.001180	0.019050	0.084692	1.804530
345.938000	48.189700	0.266282	0.087765	0.136208	0.281715	0.245534	0.140795	0.007703	0.156972	0.258265	0.001027	0.001357	0.047400	0.054413	0.001899	0.009252	0.077739	1.774320
351.562000	48.189700	0.268120	0.093382	0.128636	0.277259	0.250583	0.147455	0.010617	0.140530	0.256331	0.002628	0.001471	0.028895	0.057787	0.003337	0.002522	0.071798	1.741350
357.187000	48.189700	0.275654	0.103835	0.118253	0.268027	0.244274	0.124727	0.016190	0.123890	0.261683	0.008709	0.002672	0.017082	0.060432	0.002301	0.002174	0.059143	1.689050
0.000000	51.317800	0.286404	0.086722	0.079187	0.278912	0.242219	0.136159	0.013266	0.133600	0.287040	0.014495	0.002594	0.016933	0.071510	0.002289	0.003021	0.072144	1.726490
5.625000	51.317800	0.284889	0.097872	0.073257	0.265376	0.244023	0.131658	0.010581	0.153990	0.289989	0.022489	0.000797	0.003917	0.078269	0.004771	0.003567	0.067171	1.732620
11.250000	51.317800	0.279560	0.110412	0.059682	0.259996	0.246219	0.138666	0.007395	0.143863	0.286347	0.042743	0.001436	0.003022	0.082044	0.005951	0.002671	0.066779	1.736790
16.875000	51.317800	0.282212	0.127816	0.055510	0.264644	0.242981	0.171444	0.002500	0.099805	0.274037	0.070175	0.002281	0.001735	0.085944	0.015964	0.002893	0.070247	1.770190
22.500000	51.317800	0.275963	0.138006	0.052718	0.257266	0.251501	0.205317	0.002578	0.060313	0.285380	0.101129	0.001764	0.000952	0.098623	0.024491	0.001257	0.069769	1.827030
28.125000	51.317800	0.282226	0.164534	0.050805	0.280418	0.254384	0.236324	0.002407	0.027212	0.274540	0.125545	0.001176	0.000777	0.109134	0.031875	0.000357	0.067149	1.908870
33.750000	51.317800	0.297923	0.202026	0.049357	0.273915	0.254837	0.252383	0.003035	0.007702	0.261498	0.152333	0.001610	0.003395	0.112856	0.036935	0.000818	0.064481	1.975100
39.375000	51.317800	0.304723	0.237770	0.047432	0.270899	0.256365	0.257793	0.003035	0.003622	0.237276	0.177242	0.000929	0.001174	0.115322	0.051418	0.000370	0.066336	2.031700
45.000000	51.317800	0.319689	0.269329	0.045554	0.256625	0.260294	0.264648	0.002300	0.002927	0.213118	0.204796	0.000862	0.000428	0.120541	0.058787	0.000742	0.058853	2.079490
50.625000	51.317800	0.306315	0.274444	0.049797	0.230680	0.255473	0.257016	0.003427	0.003262	0.184922	0.233549	0.000802	0.001418	0.119349	0.060775	0.000707	0.047265	2.029200
56.250000	51.317800	0.300241	0.267508	0.048856	0.198240	0.250163	0.254113	0.008985	0.003286	0.150561	0.258500	0.003346	0.006147	0.114555	0.070227	0.000795	0.037898	1.973420
61.875000	51.317800	0.287475	0.261099	0.048539	0.157225	0.239153	0.246400	0.026410	0.002169	0.124443	0.273792	0.000723	0.001614	0.108280	0.069985	0.001238	0.030751	1.879290
67.500000	51.317800	0.280516	0.263777	0.051552	0.137085	0.207788	0.244624	0.057273	0.002146	0.094323	0.289576	0.001105	0.005186	0.094101	0.072294	0.001459	0.027795	1.830600
73.125000	51.317800	0.283779	0.258855	0.057200	0.128289	0.171847	0.249909	0.094292	0.001871	0.070151	0.281876	0.000850	0.006896	0.091830	0.075396	0.002667	0.014100	1.789810
78.750000	51.317800	0.284311	0.263640	0.063731	0.109288	0.152401	0.253562	0.142194	0.005319	0.039381	0.286727	0.001672	0.002596	0.084888	0.066947	0.003254	0.005954	1.765870
84.375000	51.317800	0.274413	0.275830	0.072288	0.094157	0.124699	0.243173	0.153132	0.010617	0.026120	0.292912	0.003623	0.001012	0.075033	0.072577	0.003333	0.003742	1.726660
90.000000	51.317800	0.281626	0.285506	0.089055	0.081113	0.130859	0.232147	0.136640	0.013661	0.016778	0.284950	0.012376	0.003110	0.074125	0.071640	0.002624	0.002253	1.718460
95.625000	51.317800	0.268631	0.273942	0.098698	0.071120	0.146182	0.245957	0.128066	0.011083	0.007163	0.302589	0.023233	0.002147	0.067373	0.078833	0.003265	0.003597	1.731880
101.250000	51.317800	0.266318	0.274551	0.107629	0.060403	0.138126	0.258792	0.149448	0.005580	0.002951	0.281131	0.038414	0.001917	0.062200	0.083337	0.007023	0.002685	1.740500
106.875000	51.317800	0.252695	0.277822	0.126632	0.059318	0.099470	0.251596	0.161455	0.002188	0.000865	0.281866	0.056885	0.001639	0.070988	0.083635	0.013539	0.002543	1.743140
112.500000	51.317800	0.256870	0.282247	0.138600	0.052899	0.061523	0.256026	0.204095	0.001736	0.000637	0.285791	0.082682	0.001473	0.068671	0.098147	0.027177	0.001620	1.820190
118.125000	51.317800	0.259013	0.287989	0.158650	0.052978	0.027493	0.246101	0.244140	0.003333	0.001169	0.269276	0.112951	0.001712	0.071951	0.109693	0.031746	0.000657	1.878850
123.750000	51.317800	0.268024	0.300351	0.205804	0.045314	0.007229	0.248790	0.255624	0.003041	0.003878	0.254583	0.144396	0.002040	0.066009	0.112988	0.039746	0.000558	1.958370
129.375000	51.317800	0.273620	0.316601	0.238881	0.050943	0.003341	0.268769	0.264915	0.003329	0.001795	0.233038	0.165058	0.001689	0.068320	0.116149	0.047069	0.000670	2.054190
135.000000	51.317800	0.263551	0.313731	0.261292	0.047330	0.002844	0.260228	0.269807	0.001781	0.001660	0.205476	0.198749	0.000647	0.058355	0.120052	0.059652	0.000330	2.065490
140.625000	51.317800	0.234479	0.309386	0.275911	0.045451	0.002303	0.254982	0.267468	0.003287	0.001627	0.170852	0.220800	0.000714	0.047446	0.118826	0.065090	0.000345	2.018970
146.250000	51.317800	0.197944	0.305968	0.277190	0.044347	0.003978	0.245312	0.259964	0.008868	0.012011	0.138333	0.259504	0.003955	0.038665	0.115877	0.068041	0.000608	1.980560
151.875000	51.317800	0.162586	0.290375	0.274910	0.045603	0.001983	0.241023	0.245115	0.027360	0.002336	0.108723	0.270493	0.000770	0.032514	0.108095	0.068386	0.000808	1.881080
157.500000	51.317800	0.143492	0.279337	0.261047	0.049081	0.002988	0.202013	0.249027	0.058503	0.002881	0.081794	0.279218	0.000675	0.026510	0.098972	0.066600	0.001643	1.803780
163.125000	51.317800	0.124715	0.277179	0.256020	0.056001	0.002632	0.176874	0.250684	0.101573	0.004212	0.053323	0.277663	0.001464	0.010693	0.088203	0.073854	0.002922	1.758010
168.750000	51.317800	0.108550	0.279736	0.260935	0.054961	0.004224	0.142583	0.243549	0.141637	0.002787	0.038793	0.285246	0.001661	0.006221	0.088642	0.059861	0.003809	1.723200
174.375000	51.317800	0.097893	0.266894	0.265566	0.069007	0.008790	0.129987	0.248154	0.153549	0.001284	0.021893	0.290295	0.004568	0.003327	0.080002	0.065278	0.003522	1.710010
180.000000	51.317800	0.086536	0.278869	0.283823	0.085615	0.013660	0.136708	0.245531	0.131844	0.002631	0.010861	0.287167	0.011206	0.003005	0.067519	0.072331	0.001731	1.719040
185.625000	51.317800	0.068082	0.270861	0.274047	0.091289	0.010691	0.152916	0.243616	0.127305	0.001624	0.002949	0.280939	0.025367	0.003708	0.068433	0.080780	0.002821	1.705430
191.250000	51.317800	0.058994	0.268379	0.269494	0.106960	0.005597	0.136856	0.243115	0.147690	0.002377	0.002527	0.287904	0.041699	0.002727	0.064775	0.088334	0.007636	1.735060
196.875000	51.317800	0.060409	0.263244	0.281478	0.120184	0.002285	0.095835	0.243355	0.168836	0.007198	0.000904	0.280118	0.054798	0.002411	0.075455	0.079590	0.013398	1.749500
202.500000	51.317800	0.053138	0.265748	0.277388	0.142377	0.001876	0.060551	0.246490	0.194017	0.007359	0.001293	0.277432	0.078608	0.001429	0.068779	0.102424	0.023799	1.802710
208.125000	51.317800	0.051373	0.265031	0.280247	0.166502	0.003499	0.025943	0.245431	0.238568	0.001814	0.000863	0.279341	0.106200	0.001132	0.069178	0.113196	0.034505	1.882820
213.750000	51.317800	0.046234	0.280144	0.297655	0.193182	0.001788	0.008664	0.255214	0.254820	0.007063	0.002812	0.254817	0.142107	0.000475	0.067710	0.115044	0.038236	1.965970
219.375000	51.317800	0.044114	0.269199	0.311084	0.238575	0.002574	0.003632	0.263166	0.263154	0.001151	0.001015	0.227694	0.172624	0.000779	0.063359	0.116745	0.048719	2.027580
225.000000	51.317800	0.047985	0.260903	0.314060	0.260238	0.002671	0.003048	0.257687	0.268062	0.001006	0.000644	0.205124	0.200255	0.000182	0.056641	0.116100	0.060294	2.054900
230.625000	51.317800	0.047543	0.228743	0.308966	0.271701	0.004297	0.002967	0.263343	0.253665	0.001151	0.000650	0.176721	0.229770	0.000665	0.047852	0.124077	0.064707	2.026820
236.250000	51.317800	0.045757	0.196621	0.301562	0.267178	0.008348	0.002488	0.254812	0.253590	0.003322	0.002509	0.145115	0.266575	0.000720	0.036683	0.114352	0.068546	1.968180
241.875000	51.317800	0.049117	0.171082	0.292415	0.264664	0.027142	0.002291	0.233097	0.257339	0.000641	0.001772	0.109646	0.265337	0.000686	0.029645	0.108447	0.070663	1.883980
247.500000	51.317800	0.053203	0.138131	0.278674	0.259917	0.063680	0.002554	0.201283	0.248592	0.000936	0.002560	0.081823	0.275140	0.001881	0.027646	0.098296	0.070031	1.804350
253.125000	51.317800	0.054676	0.128768	0.266135	0.259616	0.095197	0.003179	0.169815	0.245696	0.000989	0.001303	0.054494	0.295320	0.002843	0.012459	0.085172	0.071600	1.747260
258.750000	51.317800	0.061902	0.113437	0.282873	0.259505	0.144822	0.006658	0.153107	0.259304	0.002046	0.001788	0.038757	0.288062	0.003035	0.005259	0.086885	0.067448	1.774890
264.375000	51.317800	0.069982	0.095651	0.283062	0.267249	0.148242	0.011002	0.130338	0.242947	0.005500	0.001496	0.020955	0.290792	0.002522	0.002490	0.078244	0.064418	1.714890
270.000000	51.317800	0.080332	0.085195	0.287430	0.270780	0.128111	0.014452	0.133621	0.244972	0.015255	0.003928	0.011892	0.286253	0.003795	0.001146	0.071344	0.070954	1.709460
275.625000	51.317800	0.102443	0.066833	0.265220	0.283641	0.128786	0.008521	0.155399	0.235644	0.026121	0.000839	0.003752	0.281006	0.004366	0.003156	0.067712	0.080556	1.713990
281.250000	51.317800	0.110731	0.059705	0.259310	0.279575	0.148125	0.005815	0.145120	0.250756	0.047118	0.003349	0.001593	0.294159	0.007616	0.002513	0.066512	0.079158	1.761150
286.875000	51.317800	0.128130	0.057673	0.259786	0.268006	0.168722	0.002424	0.090834	0.252303	0.074102	0.005160	0.001212	0.290320	0.013202	0.002038	0.072618	0.086877	1.773410
292.500000	51.317800	0.135993	0.050446	0.262896	0.279935	0.196777	0.002438	0.058714	0.239446	0.097788	0.002422	0.001194	0.277204	0.028378	0.002141	0.072109	0.094443	1.802320
298.125000	51.317800	0.164105	0.050457	0.272990	0.292664	0.236752	0.003569	0.028271	0.261421	0.136343	0.001713	0.000435	0.273987	0.030642	0.000751	0.068267	0.113862	1.936230
303.750000	51.317800	0.203974	0.046970	0.269461	0.302529	0.249218	0.003732	0.010207	0.250029	0.158128	0.010273	0.003258	0.258676	0.035263	0.000857	0.070423	0.116036	1.989030
309.375000	51.317800	0.239989	0.047938	0.269460	0.304636	0.255644	0.003026	0.004024	0.260996	0.177184	0.000817	0.000674	0.235022	0.047227	0.000344	0.071652	0.119374	2.038010
315.000000	51.317800	0.261228	0.049310	0.258345	0.311556	0.261819	0.002886	0.002332	0.271854	0.207024	0.001515	0.000329	0.210735	0.057272	0.000187	0.060521	0.113690	2.070600
320.625000	51.317800	0.268107	0.046132	0.240046	0.307531	0.251648	0.003724	0.003227	0.265331	0.241172	0.001978	0.000512	0.185108	0.067959	0.000572	0.044691	0.118303	2.046040
326.250000	51.317800	0.267802	0.049729	0.196193	0.303403	0.253328	0.007805	0.001799	0.253878	0.257032	0.003094	0.001882	0.157291	0.066976	0.000460	0.041492	0.109620	1.971790
331.875000	51.317800	0.267713	0.048496	0.159208	0.296739	0.255726	0.027730	0.001892	0.237616	0.269980	0.000994	0.001124	0.128120	0.068931	0.000591	0.031330	0.113210	1.909400
337.500000	51.317800	0.261133	0.053605	0.145190	0.283731	0.253672	0.057889	0.002501	0.195626	0.286780	0.001201	0.002160	0.105386	0.074013	0.001739	0.024116	0.094688	1.843430
343.125000	51.317800	0.261565	0.051363	0.127170	0.276435	0.248821	0.096222	0.003061	0.174802	0.282553	0.001508	0.001800	0.075463	0.070900	0.002307	0.011400	0.090103	1.775470
348.750000	51.317800	0.259220	0.064195	0.114979	0.276670	0.247943	0.141369	0.003638	0.142446	0.286643	0.003618	0.001726	0.048929	0.065140	0.002415	0.006992	0.084035	1.749960
354.375000	51.317800	0.276913	0.073612	0.102065	0.272480	0.246441	0.148029	0.011084	0.133048	0.284898	0.006155	0.001232	0.029150	0.069843	0.002624	0.003765	0.079517	1.740850
2.812500	54.314700	0.283751	0.072752	0.055992	0.273077	0.231077	0.135064	0.010810	0.137586	0.310775	0.020269	0.001972	0.012464	0.089539	0.003772	0.003136	0.077970	1.720010
8.437500	54.314700	0.279413	0.083259	0.041965	0.268884	0.236887	0.132259	0.006588	0.137262	0.299541	0.040003	0.001644	0.004666	0.086914	0.005574	0.004986	0.068505	1.698350
14.062500	54.314700	0.276906	0.105669	0.037650	0.259282	0.243712	0.162712	0.002684	0.092341	0.295492	0.065102	0.001197	0.003951	0.098804	0.010495	0.009377	0.069433	1.734810
19.687500	54.314700	0.279100	0.121644	0.037245	0.255022	0.251931	0.197284	0.001866	0.048460	0.297609	0.100846	0.001380	0.001352	0.112052	0.017779	0.005217	0.071265	1.800050
25.312500	54.314700	0.281333	0.134256	0.031496	0.259382	0.256253	0.230585	0.002602	0.019860	0.288700	0.127886	0.003277	0.000354	0.126611	0.030679	0.000968	0.070234	1.864470
30.937500	54.314700	0.279361	0.161362	0.027944	0.265118	0.261862	0.251633	0.002749	0.004980	0.277985	0.162573	0.001130	0.001777	0.128545	0.035110	0.000104	0.068335	1.930570
36.562500	54.314700	0.283996	0.187869	0.024664	0.269356	0.256184	0.259903	0.002349	0.002807	0.263857	0.198126	0.001529	0.001585	0.136123	0.046438	0.000177	0.070251	2.005220
42.187500	54.314700	0.300695	0.225945	0.024419	0.250507	0.262751	0.270082	0.001896	0.002112	0.250407	0.233770	0.000885	0.000948	0.134655	0.051735	0.000890	0.065285	2.076980
47.812500	54.314700	0.290118	0.259363	0.023011	0.221626	0.264126	0.264570	0.001612	0.002801	0.231455	0.253479	0.000978	0.000702	0.131819	0.064562	0.000471	0.058185	2.068880
53.437500	54.314700	0.288823	0.267434	0.026313	0.193928	0.264220	0.260495	0.002977	0.002870	0.191171	0.274171	0.001706	0.003411	0.131767	0.068392	0.000267	0.047597	2.025540
59.062500	54.314700	0.279669	0.266961	0.029952	0.161429	0.248471	0.251152	0.006507	0.002276	0.158334	0.274855	0.001162	0.002417	0.127099	0.067732	0.000904	0.037857	1.916780
64.687500	54.314700	0.284070	0.267405	0.029158	0.133988	0.234246	0.255774	0.020320	0.001726	0.127123	0.284314	0.001214	0.007481	0.125718	0.064415	0.001301	0.030182	1.868440
70.312500	54.314700	0.274159	0.259545	0.034498	0.119714	0.187179	0.252348	0.048062	0.001721	0.100480	0.288711	0.001985	0.008111	0.109263	0.075028	0.005662	0.018319	1.784790
75.937500	54.314700	0.286266	0.258568	0.035303	0.104986	0.160055	0.246818	0.089269	0.002301	0.068610	0.296438	0.004526	0.003177	0.098108	0.072093	0.007621	0.011204	1.745340
81.562500	54.314700	0.274233	0.260237	0.046497	0.088883	0.132335	0.239469	0.141452	0.006608	0.037615	0.311470	0.003963	0.001336	0.088386	0.071810	0.003490	0.005545	1.713330
87.187500	54.314700	0.275321	0.270704	0.053816	0.073327	0.135642	0.226961	0.141471	0.010217	0.021248	0.315842	0.009381	0.002288	0.085642	0.077405	0.001737	0.002999	1.704000
92.812500	54.314700	0.272544	0.285049	0.073156	0.056175	0.136346	0.230051	0.127805	0.011753	0.012380	0.305279	0.020059	0.002012	0.075137	0.084709	0.003403	0.002577	1.698440
98.437500	54.314700	0.266737	0.271446	0.083138	0.045360	0.137219	0.237034	0.134239	0.005981	0.003738	0.301467	0.032500	0.001712	0.073300	0.092029	0.006010	0.003900	1.695810
104.062000	54.314700	0.264115	0.271221	0.098051	0.039264	0.087590	0.250664	0.164067	0.003366	0.004928	0.303461	0.053992	0.001236	0.068572	0.091746	0.010353	0.010138	1.722760
109.688000	54.314700	0.259718	0.275953	0.122695	0.031575	0.048669	0.248430	0.191479	0.002902	0.001441	0.288891	0.085762	0.001457	0.072841	0.107633	0.016519	0.004604	1.760570
115.312000	54.314700	0.264590	0.290992	0.136644	0.029144	0.020076	0.255419	0.228591	0.002257	0.000605	0.291243	0.110295	0.001949	0.065693	0.116689	0.028333	0.001132	1.843650
120.938000	54.314700	0.263098	0.288542	0.156595	0.027284	0.005549	0.258589	0.254454	0.002006	0.002583	0.281621	0.142792	0.001139	0.068352	0.126893	0.038643	0.000260	1.918400
126.562000	54.314700	0.262612	0.294709	0.191482	0.023917	0.002119	0.255951	0.268073	0.002910	0.001830	0.273658	0.175676	0.001893	0.066907	0.139299	0.048001	0.001117	2.010150
132.188000	54.314700	0.253093	0.288835	0.229580	0.023404	0.001508	0.267323	0.256834	0.002807	0.001407	0.254591	0.218097	0.000892	0.064144	0.139439	0.056047	0.000594	2.058590
137.812000	54.314700	0.238639	0.288526	0.260374	0.022665	0.002047	0.265132	0.263440	0.002374	0.001542	0.223371	0.248861	0.000578	0.058720	0.141311	0.070802	0.000345	2.088720
143.437000	54.314700	0.195358	0.284837	0.275614	0.023720	0.003781	0.250859	0.254405	0.002081	0.004041	0.181080	0.264472	0.001621	0.045113	0.136404	0.063035	0.000698	1.987120
149.062000	54.314700	0.160939	0.287191	0.269191	0.028432	0.002375	0.253920	0.252455	0.005178	0.003460	0.144763	0.287232	0.002422	0.039069	0.132482	0.064976	0.001162	1.935250
154.688000	54.314700	0.138602	0.280274	0.259493	0.030219	0.002675	0.233968	0.245718	0.020423	0.003797	0.110443	0.289336	0.000415	0.029927	0.121035	0.068003	0.000593	1.834920
160.312000	54.314700	0.117375	0.273741	0.254705	0.033240	0.002384	0.189636	0.247144	0.047553	0.004519	0.078543	0.294718	0.001102	0.019458	0.109236	0.068118	0.005869	1.747340
165.938000	54.314700	0.102973	0.287519	0.256650	0.035885	0.003349	0.153488	0.256346	0.094408	0.002277	0.056481	0.299620	0.003186	0.009638	0.099006	0.073629	0.008998	1.743450
171.562000	54.314700	0.088222	0.276456	0.260689	0.047454	0.006227	0.137164	0.242606	0.140077	0.001682	0.037402	0.306530	0.004447	0.004677	0.086491	0.073839	0.002506	1.716470
177.188000	54.314700	0.071489	0.279304	0.267384	0.058322	0.011369	0.134978	0.230415	0.139267	0.003197	0.020473	0.302229	0.009029	0.002276	0.085018	0.079293	0.002691	1.696740
182.812000	54.314700	0.056745	0.269169	0.273932	0.071155	0.010621	0.141240	0.234238	0.131027	0.003460	0.008217	0.308507	0.018148	0.002233	0.078312	0.087293	0.001945	1.696240
188.438000	54.314700	0.049622	0.271201	0.281669	0.088869	0.006163	0.141278	0.239150	0.138913	0.001571	0.003740	0.308330	0.033219	0.003357	0.072460	0.089460	0.004216	1.733220
194.062000	54.314700	0.038264	0.254883	0.288199	0.106279	0.002545	0.093055	0.250417	0.156211	0.003616	0.003674	0.292300	0.058360	0.008092	0.073440	0.101609	0.010387	1.741330
199.687000	54.314700	0.035242	0.254802	0.284277	0.115570	0.002622	0.046178	0.252784	0.198202	0.008421	0.001564	0.298879	0.080253	0.008325	0.068682	0.109741	0.016805	1.782350
205.312000	54.314700	0.027620	0.260871	0.285942	0.135652	0.002190	0.019124	0.243080	0.229216	0.007862	0.000345	0.289120	0.105835	0.000459	0.069858	0.120324	0.028541	1.826040
210.938000	54.314700	0.027646	0.268275	0.282008	0.162860	0.003202	0.004232	0.258914	0.242309	0.002464	0.002458	0.275489	0.148154	0.000397	0.062850	0.128790	0.038076	1.908120
216.562000	54.314700	0.025586	0.262335	0.292454	0.194959	0.001782	0.001894	0.255687	0.248055	0.003792	0.000859	0.266854	0.178146	0.000381	0.069639	0.138104	0.047643	1.988170
222.188000	54.314700	0.022662	0.262091	0.280455	0.230801	0.002811	0.001563	0.253355	0.261552	0.001020	0.000681	0.257967	0.224838	0.000370	0.062403	0.136653	0.056052	2.055270
227.812000	54.314700	0.022873	0.236741	0.297271	0.264807	0.001408	0.003080	0.253569	0.259892	0.000842	0.000870	0.219404	0.256810	0.000083	0.057940	0.141300	0.064064	2.080950
233.438000	54.314700	0.023619	0.193287	0.290464	0.269318	0.002557	0.001126	0.258108	0.265316	0.002439	0.000806	0.195333	0.265624	0.000852	0.043214	0.135753	0.064657	2.012470
239.062000	54.314700	0.029034	0.161580	0.289689	0.265383	0.004954	0.001934	0.251429	0.264785	0.001999	0.001206	0.147523	0.283758	0.000529	0.038061	0.132454	0.062230	1.936550
244.687000	54.314700	0.027632	0.135936	0.275559	0.267793	0.016857	0.002597	0.233539	0.257769	0.000588	0.003079	0.109846	0.289361	0.000722	0.029776	0.121902	0.065464	1.838420
250.312000	54.314700	0.035579	0.114436	0.283141	0.252104	0.046267	0.002084	0.195180	0.253268	0.001387	0.001389	0.082492	0.295238	0.006237	0.018909	0.107555	0.070598	1.765860
255.937000	54.314700	0.042534	0.106561	0.282806	0.260089	0.090327	0.002220	0.165374	0.250519	0.003735	0.000807	0.052716	0.299784	0.009137	0.010545	0.095071	0.070346	1.742570
261.562000	54.314700	0.043547	0.084181	0.282332	0.266038	0.137134	0.004719	0.132911	0.239289	0.005406	0.001088	0.034871	0.307604	0.004914	0.005175	0.090188	0.072562	1.711960
267.188000	54.314700	0.054904	0.067306	0.288370	0.269690	0.140048	0.011003	0.137259	0.227559	0.012460	0.002340	0.019383	0.301332	0.003477	0.003275	0.085007	0.081127	1.704540
272.812000	54.314700	0.074455	0.053964	0.259967	0.276167	0.132855	0.011797	0.138877	0.237021	0.024820	0.002546	0.010035	0.305404	0.003006	0.002704	0.074573	0.083137	1.691330
278.438000	54.314700	0.084863	0.042812	0.265075	0.282349	0.135094	0.007413	0.133131	0.238008	0.047954	0.001020	0.004209	0.308867	0.006274	0.004016	0.069619	0.089500	1.720200
284.062000	54.314700	0.108655	0.038023	0.266471	0.276609	0.162598	0.002711	0.095652	0.250004	0.074441	0.002799	0.003635	0.294050	0.009293	0.008923	0.074243	0.099597	1.767700
289.688000	54.314700	0.117165	0.034763	0.252274	0.283579	0.191772	0.002646	0.046181	0.259199	0.100020	0.004986	0.001638	0.300482	0.018878	0.005677	0.073491	0.111649	1.804400
295.312000	54.314700	0.125575	0.031904	0.259341	0.280110	0.225474	0.003025	0.017799	0.257105	0.132035	0.004319	0.001207	0.295944	0.031047	0.000794	0.067412	0.120369	1.853460
300.938000	54.314700	0.161246	0.030488	0.271169	0.287896	0.241355	0.002997	0.005869	0.250317	0.155648	0.003246	0.002534	0.282203	0.039553	0.000714	0.068196	0.127906	1.931340
306.562000	54.314700	0.193416	0.022343	0.259234	0.283960	0.257732	0.001880	0.002505	0.264159	0.193992	0.006386	0.001924	0.271442	0.046826	0.000318	0.067770	0.131756	2.005640
312.187000	54.314700	0.234523	0.024007	0.254258	0.292869	0.261864	0.002658	0.002487	0.266932	0.230965	0.001161	0.000705	0.259055	0.057857	0.000480	0.062239	0.133110	2.085170
317.812000	54.314700	0.246074	0.021823	0.234298	0.301348	0.255793	0.002269	0.001884	0.265377	0.260225	0.001526	0.000723	0.229637	0.063354	0.000502	0.060068	0.139118	2.084020
323.438000	54.314700	0.264610	0.023487	0.196103	0.285332	0.258263	0.002466	0.002996	0.259101	0.272569	0.001566	0.000773	0.200724	0.065725	0.000486	0.041534	0.131976	2.007710
329.062000	54.314700	0.269156	0.026340	0.156363	0.282499	0.254304	0.005711	0.002143	0.250672	0.274948	0.002317	0.001379	0.165850	0.063305	0.000649	0.037895	0.129658	1.923190
334.688000	54.314700	0.256930	0.029449	0.133605	0.278795	0.257251	0.019223	0.002423	0.234007	0.293044	0.001215	0.001329	0.133549	0.065778	0.000717	0.031853	0.119216	1.858380
340.312000	54.314700	0.254212	0.033514	0.122429	0.275598	0.257830	0.046972	0.002624	0.196572	0.293382	0.002066	0.001521	0.107296	0.069758	0.005766	0.018184	0.110536	1.798260
345.938000	54.314700	0.256378	0.039747	0.104036	0.286669	0.254683	0.097963	0.002848	0.157649	0.299047	0.003729	0.001644	0.073392	0.071463	0.009680	0.010177	0.096289	1.765390
351.562000	54.314700	0.258615	0.047767	0.089292	0.276039	0.238293	0.130992	0.008098	0.138370	0.298514	0.006128	0.001001	0.047490	0.070823	0.004104	0.004995	0.091401	1.711920
357.187000	54.314700	0.268319	0.055244	0.072566	0.272744	0.239131	0.136209	0.010957	0.132625	0.303149	0.011624	0.002045	0.026706	0.072643	0.002571	0.003342	0.086644	1.696520
0.000000	57.202800	0.267153	0.046464	0.049985	0.269928	0.234685	0.131620	0.007960	0.127145	0.310969	0.020158	0.002621	0.025957	0.091182	0.002977	0.002407	0.086105	1.677320
5.625000	57.202800	0.277428	0.066215	0.042533	0.264730	0.237927	0.129053	0.007384	0.111273	0.312958	0.034658	0.001155	0.011618	0.089266	0.003358	0.004488	0.075804	1.669850
11.250000	57.202800	0.279924	0.088967	0.034981	0.261576	0.246050	0.152298	0.004081	0.087546	0.312917	0.066030	0.001411	0.005246	0.105420	0.009546	0.014081	0.077853	1.747930
16.875000	57.202800	0.285158	0.102458	0.025401	0.259333	0.254520	0.171305	0.003710	0.036060	0.307996	0.091045	0.001519	0.002474	0.119992	0.013058	0.002423	0.064876	1.741330
22.500000	57.202800	0.281159	0.116425	0.018691	0.257194	0.261948	0.221810	0.005184	0.012445	0.295469	0.130204	0.001755	0.001377	0.140335	0.025446	0.000954	0.066857	1.837250
28.125000	57.202800	0.285737	0.133092	0.017114	0.260041	0.245428	0.250169	0.004253	0.003751	0.302263	0.166280	0.002815	0.001060	0.149825	0.035393	0.000416	0.059378	1.917010
33.750000	57.202800	0.281466	0.163557	0.013081	0.272179	0.257801	0.257333	0.003030	0.001541	0.283786	0.200907	0.001871	0.002444	0.152149	0.042528	0.000360	0.062015	1.996050
39.375000	57.202800	0.281783	0.202398	0.006648	0.251328	0.262790	0.265294	0.003215	0.001802	0.277843	0.238367	0.001013	0.001088	0.154581	0.056668	0.000363	0.066317	2.071500
45.000000	57.202800	0.288447	0.227071	0.002674	0.226281	0.263821	0.264028	0.002825	0.002438	0.268879	0.262260	0.000511	0.000773	0.155077	0.059799	0.001005	0.062538	2.088430
50.625000	57.202800	0.288078	0.242630	0.005890	0.195241	0.263976	0.258947	0.001204	0.003486	0.231354	0.273290	0.000845	0.002185	0.160531	0.064338	0.000725	0.053275	2.045990
56.250000	57.202800	0.281516	0.263110	0.011391	0.161674	0.250361	0.256311	0.002445	0.004289	0.203153	0.285635	0.002270	0.004298	0.147741	0.063931	0.001160	0.044332	1.983620
61.875000	57.202800	0.277173	0.261220	0.016609	0.127473	0.255735	0.248217	0.003030	0.004370	0.161092	0.295786	0.001869	0.006878	0.142392	0.062082	0.000842	0.038143	1.902910
67.500000	57.202800	0.275419	0.252031	0.019721	0.112908	0.224420	0.260441	0.012934	0.005009	0.123416	0.310875	0.001732	0.009171	0.129681	0.065033	0.000574	0.023637	1.827000
73.125000	57.202800	0.278763	0.253019	0.025201	0.098215	0.178172	0.250564	0.037023	0.003575	0.088781	0.311050	0.002619	0.004326	0.122515	0.068899	0.002516	0.014419	1.739660
78.750000	57.202800	0.279724	0.254739	0.037926	0.081112	0.151944	0.239498	0.088633	0.004010	0.064719	0.312498	0.003831	0.002697	0.106030	0.072185	0.012733	0.007783	1.720060
84.375000	57.202800	0.282729	0.264383	0.040221	0.065909	0.127643	0.220536	0.115997	0.008750	0.033297	0.315304	0.006495	0.001946	0.100759	0.077944	0.003497	0.004027	1.669440
90.000000	57.202800	0.268745	0.272782	0.046004	0.052207	0.133137	0.234761	0.129712	0.008241	0.020960	0.308398	0.014550	0.002705	0.085863	0.080706	0.002738	0.002455	1.663960
95.625000	57.202800	0.251087	0.280244	0.061533	0.037302	0.111404	0.232899	0.130546	0.007832	0.012449	0.313073	0.030223	0.001499	0.079038	0.093928	0.004320	0.003912	1.651290
101.250000	57.202800	0.253734	0.279136	0.082930	0.036295	0.088499	0.240609	0.149728	0.004558	0.005329	0.312757	0.051402	0.000983	0.078007	0.106682	0.009996	0.013291	1.713940
106.875000	57.202800	0.256817	0.286391	0.098368	0.026056	0.032903	0.245106	0.184221	0.003779	0.002734	0.303873	0.079616	0.001491	0.067715	0.124197	0.013573	0.002980	1.729820
112.500000	57.202800	0.271644	0.280847	0.104984	0.021152	0.010774	0.263209	0.220229	0.005631	0.002451	0.299337	0.109940	0.002485	0.065156	0.125892	0.025479	0.000784	1.809990
118.125000	57.202800	0.267354	0.273620	0.127920	0.015450	0.003326	0.264771	0.242754	0.003667	0.001030	0.294709	0.154367	0.002071	0.061862	0.139292	0.037915	0.000392	1.890500
123.750000	57.202800	0.261081	0.280293	0.164316	0.013580	0.002063	0.247804	0.266259	0.003369	0.002209	0.284077	0.182239	0.001972	0.063197	0.154816	0.044407	0.000632	1.972310
129.375000	57.202800	0.251089	0.287676	0.189376	0.005972	0.001519	0.262302	0.260413	0.002136	0.001515	0.268412	0.232189	0.001746	0.063713	0.151078	0.053383	0.000434	2.032950
135.000000	57.202800	0.232473	0.293524	0.232786	0.003716	0.002953	0.263682	0.264848	0.002139	0.000949	0.251660	0.266342	0.001095	0.061966	0.163220	0.067462	0.000832	2.109640
140.625000	57.202800	0.192649	0.278541	0.257344	0.006151	0.004519	0.251438	0.255077	0.001240	0.003231	0.225478	0.281101	0.001579	0.055103	0.155544	0.065810	0.000260	2.035060
146.250000	57.202800	0.154460	0.284011	0.270075	0.013997	0.002924	0.254979	0.268033	0.001263	0.006167	0.191021	0.283789	0.002273	0.045845	0.148718	0.062922	0.001078	1.991560
151.875000	57.202800	0.135946	0.276909	0.267602	0.019271	0.005093	0.247338	0.255530	0.003600	0.006705	0.153124	0.298915	0.001932	0.036898	0.145424	0.060186	0.000614	1.915090
157.500000	57.202800	0.117195	0.276451	0.253907	0.019455	0.004556	0.216581	0.252037	0.011529	0.005854	0.110972	0.298073	0.001520	0.021100	0.129926	0.064809	0.000667	1.784630
163.125000	57.202800	0.098701	0.280575	0.255125	0.025176	0.003470	0.172996	0.250099	0.037950	0.001788	0.072224	0.296391	0.002670	0.013589	0.120938	0.067538	0.001547	1.700780
168.750000	57.202800	0.077768	0.283502	0.258970	0.037496	0.003362	0.143465	0.244153	0.088490	0.002483	0.050585	0.310046	0.003743	0.007796	0.108383	0.076665	0.013032	1.709940
174.375000	57.202800	0.062110	0.285123	0.254981	0.042059	0.007726	0.131121	0.234231	0.113347	0.001141	0.030139	0.308588	0.005788	0.004735	0.097271	0.076930	0.004343	1.659630
180.000000	57.202800	0.047563	0.272483	0.271305	0.048667	0.009520	0.139864	0.235897	0.135813	0.002975	0.016044	0.303675	0.015688	0.002099	0.082248	0.088783	0.002450	1.675070
185.625000	57.202800	0.042664	0.266690	0.281586	0.062986	0.007296	0.114390	0.235514	0.129225	0.002154	0.007295	0.320692	0.026798	0.004707	0.081076	0.093020	0.003673	1.679770
191.250000	57.202800	0.038301	0.257515	0.286427	0.081500	0.004409	0.086962	0.247466	0.150011	0.003260	0.004561	0.307808	0.047065	0.011166	0.076416	0.109055	0.009812	1.721730
196.875000	57.202800	0.023776	0.255926	0.284888	0.108179	0.004290	0.037025	0.251646	0.176225	0.004506	0.002913	0.308870	0.076203	0.002064	0.065900	0.122750	0.011165	1.736330
202.500000	57.202800	0.018693	0.259600	0.273731	0.114027	0.004133	0.011937	0.254648	0.219877	0.008435	0.002068	0.296238	0.106422	0.000426	0.065760	0.132738	0.024193	1.792920
208.125000	57.202800	0.016160	0.263711	0.276456	0.136488	0.002934	0.003265	0.257949	0.244669	0.007015	0.001746	0.299363	0.152830	0.000549	0.058631	0.146816	0.038140	1.906720
213.750000	57.202800	0.012639	0.261024	0.282573	0.156074	0.003476	0.001522	0.249556	0.248127	0.003727	0.003224	0.292585	0.196479	0.000529	0.059444	0.153298	0.041841	1.966120
219.375000	57.202800	0.005558	0.262802	0.273253	0.192189	0.003981	0.002142	0.263483	0.259567	0.002690	0.001119	0.279974	0.229055	0.000427	0.069347	0.156661	0.049200	2.051450
225.000000	57.202800	0.003526	0.224625	0.282495	0.235298	0.002291	0.002391	0.263536	0.270192	0.001106	0.000839	0.260143	0.253566	0.000864	0.059484	0.163904	0.063338	2.087600
230.625000	57.202800	0.006803	0.199324	0.281245	0.246775	0.002318	0.002315	0.259120	0.261244	0.001689	0.000777	0.230939	0.275309	0.000749	0.055281	0.154275	0.067184	2.045350
236.250000	57.202800	0.012174	0.159456	0.272995	0.272014	0.001879	0.002210	0.255863	0.267824	0.003190	0.002063	0.193502	0.283336	0.000555	0.042317	0.154708	0.061507	1.985590
241.875000	57.202800	0.016902	0.134536	0.275360	0.270943	0.002790	0.005211	0.246834	0.253649	0.000776	0.003342	0.149088	0.297564	0.000779	0.036951	0.144636	0.057738	1.897100
247.500000	57.202800	0.018155	0.112993	0.274724	0.261302	0.012066	0.005390	0.224498	0.264434	0.001697	0.002445	0.109637	0.300547	0.000745	0.020930	0.133629	0.063299	1.806490
253.125000	57.202800	0.023833	0.094948	0.272796	0.257110	0.036888	0.004546	0.178460	0.252086	0.002809	0.001085	0.074776	0.308183	0.001898	0.014730	0.119979	0.068156	1.712280
258.750000	57.202800	0.033032	0.086150	0.272603	0.254163	0.091256	0.003752	0.151092	0.247711	0.005350	0.001753	0.051268	0.311149	0.013244	0.007893	0.111478	0.073188	1.715080
264.375000	57.202800	0.043456	0.063032	0.283665	0.258557	0.113534	0.007451	0.129893	0.222329	0.010500	0.002093	0.032939	0.310728	0.005132	0.003827	0.093425	0.078543	1.659100
270.000000	57.202800	0.050157	0.046611	0.266274	0.271978	0.129042	0.009547	0.129208	0.234087	0.024632	0.002809	0.015671	0.310091	0.003731	0.002870	0.093966	0.086541	1.677220
275.625000	57.202800	0.063053	0.042209	0.258897	0.280807	0.130587	0.007887	0.117591	0.220167	0.047248	0.001462	0.006006	0.301551	0.003529	0.004466	0.077277	0.092135	1.654870
281.250000	57.202800	0.078791	0.035990	0.271931	0.285401	0.149277	0.003653	0.081779	0.243775	0.072344	0.002121	0.003389	0.314386	0.009370	0.013900	0.068674	0.107829	1.742610
286.875000	57.202800	0.096434	0.024366	0.251922	0.289045	0.177153	0.003550	0.035379	0.245618	0.101762	0.001940	0.002209	0.306801	0.015400	0.002001	0.067482	0.123952	1.745010
292.500000	57.202800	0.111806	0.020433	0.250865	0.282147	0.218786	0.005267	0.012052	0.252532	0.129149	0.004430	0.001952	0.297905	0.026425	0.000855	0.062793	0.134754	1.812150
298.125000	57.202800	0.128355	0.017618	0.257283	0.270275	0.243649	0.004547	0.004559	0.250088	0.167279	0.005561	0.000792	0.290182	0.036321	0.000303	0.065434	0.135989	1.878240
303.750000	57.202800	0.166051	0.011845	0.276686	0.279723	0.248622	0.003997	0.001173	0.255859	0.204980	0.005691	0.002208	0.289388	0.041029	0.001444	0.057771	0.154690	2.001160
309.375000	57.202800	0.198110	0.006124	0.257334	0.281422	0.259746	0.004110	0.002148	0.249867	0.236062	0.003261	0.001115	0.280915	0.050980	0.000677	0.064499	0.152341	2.048710
315.000000	57.202800	0.233208	0.005263	0.235742	0.283965	0.265879	0.001789	0.002435	0.261000	0.268024	0.001740	0.001436	0.259803	0.058909	0.000866	0.059305	0.158896	2.098260
320.625000	57.202800	0.269246	0.007334	0.195215	0.293679	0.247371	0.001454	0.001873	0.266970	0.272403	0.001876	0.000685	0.237873	0.064487	0.000775	0.052983	0.157878	2.072100
326.250000	57.202800	0.269164	0.011740	0.162289	0.278222	0.255103	0.001579	0.004813	0.255065	0.281075	0.002325	0.002561	0.197614	0.057193	0.000245	0.043553	0.144483	1.967020
331.875000	57.202800	0.266567	0.017708	0.135941	0.275687	0.262920	0.003661	0.004752	0.246075	0.293774	0.000967	0.002276	0.168534	0.060852	0.000215	0.034859	0.144762	1.919550
337.500000	57.202800	0.253646	0.019845	0.113388	0.273691	0.258155	0.012384	0.004091	0.215784	0.303208	0.001640	0.002360	0.132399	0.064796	0.000591	0.026313	0.135767	1.818060
343.125000	57.202800	0.256066	0.021619	0.098160	0.272299	0.251973	0.036523	0.003540	0.180517	0.309745	0.002659	0.001409	0.098468	0.067802	0.002829	0.013726	0.120472	1.737810
348.750000	57.202800	0.256653	0.036924	0.078802	0.283672	0.239818	0.087253	0.004570	0.151773	0.314875	0.003524	0.001281	0.065970	0.074475	0.013755	0.008129	0.105530	1.727010
354.375000	57.202800	0.266047	0.038270	0.061589	0.279833	0.231039	0.115985	0.007635	0.125005	0.299662	0.010228	0.001007	0.045739	0.076363	0.004513	0.003084	0.091774	1.657770
2.812500	60.000000	0.269269	0.045454	0.038093	0.261253	0.225145	0.130545	0.008322	0.108653	0.308017	0.025074	0.002343	0.019908	0.099292	0.003804	0.002868	0.086169	1.634210
8.437500	60.000000	0.267946	0.057231	0.040000	0.258073	0.225344	0.135916	0.005118	0.072737	0.305207	0.057900	0.001359	0.008421	0.108768	0.008083	0.008182	0.077398	1.637680
14.062500	60.000000	0.292602	0.073114	0.033442	0.252089	0.234156	0.169846	0.003606	0.039072	0.318476	0.091526	0.001004	0.004957	0.129274	0.011707	0.001687	0.074648	1.731210
19.687500	60.000000	0.273468	0.092915	0.019190	0.251153	0.252578	0.207986	0.003626	0.007643	0.311796	0.123864	0.001858	0.001432	0.146837	0.017643	0.000856	0.062125	1.774970
25.312500	60.000000	0.283015	0.112348	0.013255	0.264793	0.259245	0.240901	0.001626	0.002233	0.306363	0.165221	0.002338	0.000966	0.156133	0.034273	0.000657	0.061920	1.905290
30.937500	60.000000	0.282331	0.131238	0.009581	0.261308	0.256005	0.257761	0.002250	0.002224	0.288360	0.193980	0.002376	0.002040	0.161552	0.042273	0.000347	0.054939	1.948560
36.562500	60.000000	0.272939	0.160746	0.003604	0.241880	0.265325	0.255689	0.003694	0.000959	0.281374	0.229853	0.002351	0.001629	0.173037	0.050352	0.000502	0.053483	1.997420
42.187500	60.000000	0.282723	0.193353	0.002356	0.220398	0.267934	0.269687	0.002339	0.001538	0.271739	0.270369	0.001084	0.001041	0.171885	0.054426	0.000871	0.062158	2.073900
47.812500	60.000000	0.278886	0.230382	0.003032	0.193937	0.265378	0.267154	0.001498	0.002773	0.267775	0.277980	0.001050	0.001879	0.178048	0.059069	0.001099	0.060700	2.090640
53.437500	60.000000	0.282375	0.249726	0.002820	0.150675	0.254015	0.258431	0.001608	0.003103	0.235723	0.292325	0.001199	0.005411	0.173572	0.057064	0.000317	0.049497	2.017860
59.062500	60.000000	0.276377	0.255549	0.009111	0.129657	0.259228	0.250894	0.002356	0.001823	0.201339	0.292536	0.001657	0.007733	0.170621	0.054623	0.001070	0.040741	1.955320
64.687500	60.000000	0.277402	0.270063	0.014470	0.114209	0.241036	0.254298	0.002305	0.002297	0.162149	0.301266	0.000861	0.007929	0.152918	0.058297	0.000684	0.028954	1.889140
70.312500	60.000000	0.287323	0.256735	0.016418	0.097512	0.201444	0.250503	0.007735	0.002781	0.123486	0.312759	0.001475	0.005253	0.142556	0.066834	0.000693	0.019130	1.792640
75.937500	60.000000	0.276703	0.253607	0.033210	0.072256	0.169800	0.234188	0.039982	0.001945	0.091149	0.314956	0.003504	0.003569	0.128127	0.074536	0.001737	0.009697	1.708970
81.562500	60.000000	0.275366	0.264647	0.036079	0.062563	0.133246	0.232852	0.079117	0.004733	0.053224	0.305191	0.007499	0.002872	0.115077	0.078838	0.009947	0.007208	1.668460
87.187500	60.000000	0.264230	0.255118	0.037966	0.047437	0.129654	0.232960	0.104158	0.008961	0.026874	0.310770	0.013117	0.002276	0.097497	0.094790	0.002495	0.005052	1.633350
92.812500	60.000000	0.253775	0.265404	0.048696	0.039380	0.110350	0.226682	0.123370	0.007928	0.013748	0.307796	0.024688	0.003285	0.084640	0.097453	0.003066	0.002599	1.612860
98.437500	60.000000	0.254131	0.272847	0.058761	0.037892	0.075198	0.235558	0.132147	0.005573	0.008260	0.315785	0.042360	0.001552	0.079376	0.115589	0.008010	0.008157	1.651200
104.062000	60.000000	0.243589	0.280719	0.076328	0.035078	0.038550	0.257296	0.166521	0.002770	0.004831	0.313144	0.068189	0.001193	0.073723	0.129986	0.010684	0.001289	1.703890
109.688000	60.000000	0.253851	0.285699	0.089087	0.018541	0.008428	0.257957	0.205700	0.002977	0.001603	0.303265	0.102031	0.001955	0.064799	0.144260	0.018252	0.000273	1.758680
115.312000	60.000000	0.258757	0.276162	0.114725	0.013149	0.002096	0.260041	0.240270	0.001889	0.001466	0.300736	0.154428	0.002582	0.056695	0.159148	0.034032	0.000325	1.876500
120.938000	60.000000	0.253513	0.276848	0.135716	0.008877	0.002075	0.252633	0.257236	0.001771	0.001968	0.296329	0.198142	0.002511	0.053120	0.165529	0.043309	0.000707	1.950280
126.562000	60.000000	0.243340	0.276291	0.163855	0.002542	0.001505	0.267639	0.260728	0.003674	0.001917	0.282810	0.231653	0.002546	0.058378	0.172561	0.049054	0.000940	2.019430
132.188000	60.000000	0.220391	0.276327	0.191423	0.003383	0.001571	0.265456	0.262381	0.002693	0.001479	0.269071	0.263493	0.001186	0.059201	0.166839	0.057675	0.000376	2.042950
137.812000	60.000000	0.195861	0.281245	0.224844	0.002720	0.004092	0.273205	0.261885	0.001932	0.000939	0.259967	0.282176	0.001042	0.062869	0.174366	0.059174	0.000531	2.086850
143.437000	60.000000	0.169819	0.285726	0.256400	0.004268	0.003948	0.254062	0.250439	0.001046	0.006678	0.240703	0.285365	0.001965	0.050915	0.170760	0.057945	0.000726	2.040760
149.062000	60.000000	0.133613	0.281396	0.258330	0.011909	0.001901	0.253819	0.252369	0.001380	0.006076	0.197554	0.305889	0.002020	0.041295	0.168578	0.054904	0.001057	1.972090
154.688000	60.000000	0.108792	0.282916	0.265620	0.012728	0.001419	0.239525	0.259852	0.001676	0.004064	0.150878	0.311874	0.000867	0.032379	0.159393	0.059046	0.000714	1.891740
160.312000	60.000000	0.091961	0.279488	0.247542	0.018225	0.003045	0.199553	0.246153	0.007838	0.001734	0.103443	0.315448	0.001707	0.018484	0.148634	0.059589	0.000656	1.743500
165.938000	60.000000	0.069478	0.284692	0.254242	0.032872	0.003647	0.165845	0.246603	0.037634	0.003083	0.073328	0.317630	0.003238	0.010075	0.132913	0.069707	0.001504	1.706490
171.562000	60.000000	0.059588	0.275276	0.258168	0.038624	0.005458	0.132478	0.232693	0.072885	0.001014	0.044516	0.321606	0.006560	0.008768	0.115495	0.077094	0.008861	1.659080
177.188000	60.000000	0.048151	0.277038	0.253733	0.039973	0.008030	0.129032	0.242161	0.103007	0.002677	0.026247	0.307544	0.014207	0.002959	0.096753	0.087650	0.003193	1.642350
182.812000	60.000000	0.041780	0.262270	0.267264	0.044918	0.009411	0.112339	0.231627	0.124056	0.003534	0.015426	0.306445	0.026601	0.002062	0.090584	0.099092	0.002406	1.639810
188.438000	60.000000	0.037911	0.258037	0.272635	0.062647	0.005184	0.074176	0.236292	0.134465	0.003197	0.005381	0.307548	0.042246	0.008527	0.076719	0.119509	0.009391	1.653860
194.062000	60.000000	0.031141	0.258011	0.281083	0.073369	0.002773	0.036905	0.245181	0.168235	0.004889	0.004022	0.318786	0.071400	0.001052	0.073299	0.123062	0.011056	1.704270
199.687000	60.000000	0.019126	0.251937	0.275703	0.098866	0.003831	0.006101	0.265493	0.202808	0.005583	0.002015	0.318691	0.106219	0.000579	0.066588	0.145419	0.016656	1.785620
205.312000	60.000000	0.012656	0.263541	0.274434	0.104909	0.001444	0.001300	0.256275	0.238318	0.007524	0.001327	0.299780	0.147891	0.000475	0.056604	0.151865	0.030829	1.849170
210.938000	60.000000	0.009190	0.264735	0.283494	0.135073	0.002633	0.001635	0.270234	0.251764	0.008253	0.001829	0.287584	0.191249	0.000704	0.055459	0.165880	0.044504	1.974220
216.562000	60.000000	0.004506	0.257456	0.283970	0.165146	0.003850	0.001395	0.272514	0.257622	0.004270	0.001808	0.290855	0.235262	0.000553	0.054743	0.178436	0.047050	2.059440
222.188000	60.000000	0.001719	0.223553	0.277419	0.198317	0.003130	0.002035	0.268586	0.268916	0.001319	0.000774	0.273877	0.255405	0.000617	0.060711	0.167652	0.057076	2.061110
227.812000	60.000000	0.001610	0.192493	0.279469	0.229230	0.001395	0.002205	0.263941	0.265631	0.001177	0.001289	0.260412	0.275660	0.000671	0.059504	0.164497	0.064285	2.063470
233.438000	60.000000	0.003741	0.164343	0.282593	0.243707	0.001625	0.002984	0.259984	0.264117	0.001910	0.002517	0.232493	0.287680	0.000462	0.044995	0.170211	0.058143	2.021500
239.062000	60.000000	0.009148	0.138216	0.284962	0.259687	0.001426	0.002672	0.252139	0.265974	0.001754	0.001583	0.192122	0.288430	0.000902	0.043447	0.171240	0.056662	1.970370
244.687000	60.000000	0.013259	0.109389	0.283340	0.266163	0.001950	0.001212	0.246127	0.262035	0.000830	0.002123	0.145370	0.298251	0.000644	0.031472	0.156621	0.056604	1.875390
250.312000	60.000000	0.018338	0.091109	0.285005	0.260895	0.009346	0.003262	0.217363	0.257355	0.001871	0.001099	0.109493	0.315944	0.000563	0.016976	0.143131	0.066814	1.798570
255.937000	60.000000	0.032114	0.077173	0.280821	0.256797	0.037378	0.002379	0.166990	0.238436	0.004667	0.001795	0.066354	0.316500	0.001500	0.009702	0.124631	0.068397	1.685630
261.562000	60.000000	0.037567	0.059810	0.280549	0.262206	0.080181	0.005331	0.134398	0.231955	0.007358	0.001193	0.042164	0.317126	0.006841	0.008576	0.108598	0.079919	1.663770
267.188000	60.000000	0.042826	0.045041	0.274105	0.263043	0.104668	0.007145	0.129348	0.233502	0.021170	0.002750	0.023074	0.309774	0.002835	0.004042	0.104352	0.091973	1.659650
272.812000	60.000000	0.052640	0.036003	0.257200	0.269892	0.122139	0.008699	0.113515	0.233760	0.044296	0.003156	0.014146	0.313394	0.004059	0.002124	0.091427	0.102390	1.668840
278.438000	60.000000	0.061621	0.038931	0.252322	0.272217	0.131821	0.006357	0.079762	0.233525	0.068127	0.001785	0.006909	0.308017	0.008808	0.007883	0.078265	0.115441	1.671790
284.062000	60.000000	0.076918	0.032243	0.256885	0.285034	0.167649	0.003564	0.038823	0.244984	0.096339	0.002978	0.003279	0.312042	0.012066	0.001534	0.073313	0.123859	1.731510
289.688000	60.000000	0.098984	0.019653	0.259593	0.279970	0.204267	0.004285	0.007065	0.241758	0.126964	0.001905	0.001792	0.308836	0.017072	0.000698	0.064199	0.146360	1.783400
295.312000	60.000000	0.114645	0.012477	0.265170	0.285501	0.238048	0.001510	0.002109	0.255136	0.163815	0.005011	0.000769	0.301316	0.031275	0.000768	0.060604	0.158836	1.896990
300.938000	60.000000	0.130376	0.010454	0.255540	0.275133	0.258422	0.002813	0.002130	0.258778	0.199488	0.006620	0.001675	0.297117	0.040356	0.000632	0.053811	0.163714	1.957060
306.562000	60.000000	0.162572	0.003908	0.258075	0.272603	0.265263	0.003748	0.000805	0.259510	0.240705	0.010230	0.001262	0.289962	0.047081	0.001106	0.051227	0.169982	2.038040
312.187000	60.000000	0.192150	0.003062	0.229421	0.282092	0.262845	0.002712	0.002046	0.265831	0.256334	0.001069	0.001188	0.291035	0.058331	0.000375	0.058452	0.169289	2.076230
317.812000	60.000000	0.224214	0.002620	0.200470	0.284885	0.261586	0.002228	0.002721	0.265113	0.282394	0.000790	0.000913	0.272214	0.063954	0.000949	0.057746	0.173969	2.096760
323.438000	60.000000	0.249613	0.003406	0.164092	0.278933	0.257645	0.001999	0.004008	0.262336	0.300762	0.002080	0.003672	0.239852	0.051854	0.000832	0.042789	0.169056	2.032930
329.062000	60.000000	0.254506	0.011138	0.127901	0.280892	0.254830	0.001849	0.002369	0.254704	0.294020	0.001872	0.002060	0.201807	0.060805	0.000747	0.039659	0.171345	1.960500
334.688000	60.000000	0.258864	0.012956	0.111379	0.273703	0.252588	0.001420	0.001343	0.241224	0.299623	0.000614	0.002986	0.167546	0.058311	0.000356	0.029080	0.159822	1.871820
340.312000	60.000000	0.261403	0.019916	0.094828	0.278731	0.243046	0.008383	0.003907	0.209518	0.317628	0.001626	0.001581	0.128623	0.063962	0.000513	0.016782	0.148885	1.799330
345.938000	60.000000	0.253154	0.029328	0.076748	0.276737	0.248927	0.039291	0.003102	0.164319	0.316452	0.003796	0.001264	0.093545	0.073019	0.001030	0.010397	0.126213	1.717320
351.562000	60.000000	0.253683	0.038071	0.062310	0.283322	0.225771	0.075389	0.005092	0.137711	0.305701	0.008888	0.001293	0.063150	0.079461	0.007403	0.007518	0.111071	1.665830
357.187000	60.000000	0.252812	0.036440	0.043534	0.260563	0.232878	0.119036	0.007404	0.122789	0.303273	0.016416	0.002195	0.041444	0.091490	0.002197	0.003691	0.101917	1.638080
0.000000	62.720400	0.250588	0.044071	0.043070	0.259218	0.223434	0.107178	0.009767	0.108061	0.302202	0.020820	0.003830	0.034979	0.105366	0.003495	0.003202	0.098720	1.618000
5.625000	62.720400	0.267939	0.048028	0.042482	0.252193	0.226790	0.125390	0.004838	0.081851	0.304869	0.046724	0.005306	0.012053	0.116748	0.007946	0.002666	0.093034	1.638860
11.250000	62.720400	0.272986	0.056827	0.048570	0.241975	0.242326	0.153411	0.002923	0.044953	0.307315	0.085979	0.001235	0.002778	0.139845	0.007443	0.001573	0.077116	1.687260
16.875000	62.720400	0.277350	0.074146	0.027456	0.252027	0.241930	0.191746	0.002024	0.007859	0.319542	0.120099	0.001701	0.002575	0.156866	0.014866	0.001300	0.067690	1.759180
22.500000	62.720400	0.285618	0.093245	0.012642	0.246128	0.257194	0.232228	0.001278	0.002106	0.315410	0.156075	0.001329	0.001577	0.168068	0.021876	0.000734	0.066138	1.861650
28.125000	62.720400	0.285553	0.106551	0.006014	0.250723	0.255022	0.247542	0.002723	0.000945	0.306606	0.195146	0.001763	0.001003	0.169811	0.034250	0.000989	0.056608	1.921250
33.750000	62.720400	0.272948	0.138307	0.002590	0.241096	0.266073	0.261957	0.003156	0.001602	0.301067	0.227914	0.002318	0.001756	0.187098	0.044116	0.000230	0.046869	1.999100
39.375000	62.720400	0.279292	0.171067	0.002243	0.228297	0.261461	0.251417	0.002853	0.002175	0.288921	0.267246	0.003004	0.001365	0.183783	0.051979	0.000545	0.050513	2.046160
45.000000	62.720400	0.273627	0.202856	0.001327	0.211313	0.267248	0.266336	0.002399	0.003803	0.281093	0.270607	0.000473	0.001275	0.184245	0.056247	0.000514	0.055050	2.078410
50.625000	62.720400	0.276273	0.234044	0.001716	0.172922	0.268417	0.256038	0.002407	0.003671	0.264983	0.291599	0.001301	0.005003	0.185499	0.053860	0.000321	0.057358	2.075410
56.250000	62.720400	0.281381	0.247844	0.003160	0.136711	0.254280	0.258369	0.002087	0.003484	0.235177	0.309624	0.001158	0.005110	0.178900	0.054822	0.000750	0.043012	2.015870
61.875000	62.720400	0.279206	0.256570	0.006212	0.108116	0.251482	0.258395	0.002976	0.003017	0.192207	0.306652	0.001129	0.007102	0.172798	0.054406	0.000496	0.037985	1.938750
67.500000	62.720400	0.280824	0.255270	0.010528	0.092236	0.233057	0.256660	0.001830	0.001473	0.160466	0.316663	0.001668	0.006450	0.167107	0.059502	0.000334	0.023305	1.867370
73.125000	62.720400	0.276339	0.250545	0.030953	0.075003	0.196109	0.254256	0.010829	0.002287	0.119703	0.316117	0.002053	0.004515	0.156370	0.067910	0.001601	0.015172	1.779760
78.750000	62.720400	0.277519	0.249866	0.046874	0.053748	0.154537	0.234417	0.042881	0.003197	0.083809	0.315950	0.003247	0.002454	0.135163	0.080025	0.001948	0.008882	1.694520
84.375000	62.720400	0.277660	0.250348	0.047611	0.049204	0.125459	0.235619	0.079824	0.006338	0.047708	0.298407	0.007269	0.005924	0.121548	0.093066	0.002530	0.009438	1.657950
90.000000	62.720400	0.259962	0.265072	0.044852	0.047125	0.109498	0.226421	0.109808	0.006998	0.024263	0.301467	0.021379	0.003606	0.102033	0.103516	0.001919	0.003532	1.631450
95.625000	62.720400	0.251958	0.271555	0.046920	0.047553	0.077000	0.232052	0.126041	0.007742	0.009997	0.307439	0.042317	0.005927	0.089387	0.119260	0.007358	0.003183	1.645690
101.250000	62.720400	0.251937	0.273974	0.058633	0.047251	0.044486	0.246409	0.157588	0.001906	0.004388	0.317610	0.067526	0.001187	0.080325	0.134590	0.009577	0.002011	1.699400
106.875000	62.720400	0.251755	0.287628	0.072498	0.031491	0.011143	0.255462	0.193512	0.002066	0.003816	0.307817	0.101028	0.001745	0.068135	0.152272	0.015359	0.001536	1.757260
112.500000	62.720400	0.245898	0.280692	0.089602	0.011895	0.001860	0.260892	0.230210	0.001891	0.001580	0.308741	0.146157	0.001210	0.062312	0.162886	0.024891	0.000880	1.831600
118.125000	62.720400	0.258520	0.288118	0.109551	0.006364	0.001733	0.253908	0.258793	0.002700	0.001395	0.302696	0.191019	0.001608	0.057001	0.174954	0.035941	0.000511	1.944810
123.750000	62.720400	0.243617	0.278175	0.135244	0.002676	0.001966	0.249939	0.257372	0.002085	0.001940	0.294398	0.232981	0.002218	0.050572	0.184577	0.041964	0.000690	1.980410
129.375000	62.720400	0.225285	0.280925	0.163194	0.001677	0.001831	0.256171	0.266282	0.003585	0.001526	0.294347	0.258693	0.003273	0.051849	0.185705	0.052698	0.000933	2.047970
135.000000	62.720400	0.192832	0.275354	0.191904	0.000841	0.003069	0.266901	0.272379	0.003057	0.000771	0.276427	0.283081	0.000584	0.054215	0.186034	0.051995	0.001058	2.060500
140.625000	62.720400	0.172576	0.269660	0.230593	0.001822	0.003092	0.261757	0.257612	0.001688	0.007224	0.264493	0.292169	0.001170	0.050918	0.181401	0.051299	0.000984	2.048460
146.250000	62.720400	0.137177	0.275487	0.247117	0.002233	0.002283	0.263992	0.257097	0.001783	0.005679	0.232010	0.301087	0.001847	0.042691	0.178248	0.049505	0.000905	1.999140
151.875000	62.720400	0.110693	0.273110	0.252838	0.005890	0.003050	0.247627	0.254426	0.002393	0.004825	0.186414	0.302288	0.000820	0.033648	0.179456	0.053177	0.000254	1.910910
157.500000	62.720400	0.097475	0.272957	0.251646	0.013313	0.001414	0.231431	0.262570	0.002155	0.003412	0.139878	0.315200	0.001733	0.022838	0.162691	0.058399	0.000653	1.837760
163.125000	62.720400	0.073622	0.279531	0.243320	0.033194	0.002009	0.189499	0.244032	0.010771	0.003371	0.101877	0.314269	0.001529	0.014488	0.150919	0.071757	0.001490	1.735680
168.750000	62.720400	0.058333	0.277966	0.252489	0.048507	0.001963	0.154915	0.233535	0.043216	0.001724	0.067652	0.318722	0.003504	0.008172	0.135185	0.082464	0.001699	1.690050
174.375000	62.720400	0.051525	0.272310	0.251665	0.048572	0.007215	0.121851	0.242175	0.079779	0.006210	0.039499	0.303550	0.007288	0.008939	0.121642	0.093504	0.003107	1.658830
180.000000	62.720400	0.044163	0.265610	0.265322	0.041439	0.007480	0.102589	0.235442	0.104546	0.004002	0.023905	0.294600	0.019736	0.002243	0.100217	0.099174	0.002388	1.612850
185.625000	62.720400	0.043345	0.251949	0.268075	0.049354	0.006189	0.075463	0.225738	0.129170	0.006552	0.008344	0.309994	0.040688	0.001924	0.089210	0.117094	0.006324	1.629410
191.250000	62.720400	0.047403	0.253294	0.284478	0.055684	0.001719	0.041812	0.244684	0.152990	0.002251	0.002381	0.307794	0.072662	0.002390	0.082336	0.134577	0.008766	1.695220
196.875000	62.720400	0.032189	0.249911	0.282433	0.072585	0.001901	0.009500	0.249771	0.186758	0.004494	0.001325	0.311929	0.099574	0.001532	0.069255	0.154807	0.014588	1.742550
202.500000	62.720400	0.013421	0.250438	0.282380	0.088212	0.001630	0.002626	0.254556	0.236907	0.005898	0.001424	0.315738	0.149249	0.000885	0.063966	0.166349	0.022727	1.856410
208.125000	62.720400	0.004777	0.251861	0.283298	0.111931	0.002833	0.001422	0.255693	0.243154	0.005551	0.001107	0.303781	0.186573	0.000932	0.057739	0.170474	0.032411	1.913540
213.750000	62.720400	0.002577	0.243364	0.276745	0.135227	0.003710	0.002364	0.261256	0.257636	0.007224	0.001848	0.299734	0.228298	0.000951	0.052266	0.166731	0.047812	1.987740
219.375000	62.720400	0.002226	0.230892	0.268735	0.161392	0.002920	0.002120	0.261213	0.259537	0.004465	0.000957	0.290268	0.257378	0.000865	0.046415	0.179803	0.053046	2.022230
225.000000	62.720400	0.001281	0.194085	0.276582	0.200231	0.002807	0.002778	0.271870	0.267747	0.001107	0.001295	0.280618	0.283680	0.000866	0.060398	0.182444	0.052770	2.080560
230.625000	62.720400	0.002831	0.161713	0.288115	0.234736	0.002393	0.003016	0.259417	0.262645	0.001011	0.003957	0.264060	0.287491	0.000424	0.054709	0.182152	0.047313	2.055980
236.250000	62.720400	0.002553	0.135115	0.278500	0.255312	0.001700	0.003035	0.252526	0.255278	0.002059	0.003256	0.235798	0.298145	0.000738	0.040710	0.178797	0.051967	1.995490
241.875000	62.720400	0.006762	0.111834	0.277613	0.251773	0.002500	0.002767	0.253911	0.254057	0.000901	0.002038	0.190334	0.308204	0.000461	0.034397	0.182713	0.057124	1.937390
247.500000	62.720400	0.012492	0.089495	0.278323	0.259695	0.001606	0.001513	0.233116	0.260317	0.001373	0.001475	0.145449	0.317141	0.000487	0.021624	0.172104	0.062255	1.858460
253.125000	62.720400	0.031119	0.071935	0.276480	0.256808	0.010265	0.002763	0.186935	0.250878	0.002422	0.001495	0.097390	0.309870	0.001725	0.013748	0.155884	0.068568	1.738290
258.750000	62.720400	0.045293	0.057331	0.278302	0.252100	0.043389	0.002226	0.150668	0.229798	0.003008	0.001127	0.063818	0.317047	0.002702	0.008162	0.134378	0.083358	1.672710
264.375000	62.720400	0.042631	0.051533	0.263473	0.255119	0.072641	0.007455	0.127583	0.222278	0.011091	0.005674	0.037983	0.303536	0.003068	0.007070	0.124409	0.090227	1.625770
270.000000	62.720400	0.041508	0.045548	0.268475	0.255377	0.109858	0.007073	0.107037	0.223752	0.034167	0.003854	0.022666	0.302853	0.002685	0.001733	0.103146	0.101671	1.631410
275.625000	62.720400	0.046957	0.042936	0.255156	0.260628	0.125431	0.007305	0.079559	0.232797	0.062352	0.005646	0.006686	0.309603	0.007382	0.001755	0.087885	0.120138	1.652220
281.250000	62.720400	0.057072	0.046049	0.251473	0.277984	0.156019	0.002469	0.041816	0.242299	0.093928	0.001889	0.002853	0.307164	0.008684	0.002281	0.078630	0.139901	1.710510
286.875000	62.720400	0.070657	0.029272	0.252293	0.279150	0.191525	0.001984	0.008488	0.250386	0.122594	0.004299	0.001781	0.312007	0.013757	0.001478	0.069743	0.152176	1.761590
292.500000	62.720400	0.094694	0.015513	0.247443	0.273242	0.230793	0.001898	0.002503	0.253919	0.162208	0.002445	0.001424	0.302335	0.023627	0.000430	0.062136	0.172582	1.847190
298.125000	62.720400	0.107611	0.007271	0.258286	0.276803	0.248637	0.002210	0.001941	0.259276	0.196283	0.005116	0.001078	0.314507	0.034278	0.000474	0.055030	0.171875	1.940670
303.750000	62.720400	0.137535	0.003242	0.248830	0.273967	0.260563	0.003811	0.001051	0.258412	0.235547	0.008018	0.001069	0.289023	0.044293	0.001062	0.046010	0.177392	1.989830
309.375000	62.720400	0.167116	0.001660	0.228774	0.280362	0.259331	0.003995	0.001728	0.257692	0.264996	0.005623	0.000945	0.288756	0.055738	0.000955	0.045264	0.181314	2.044250
315.000000	62.720400	0.193783	0.001194	0.211135	0.278344	0.262935	0.003340	0.003671	0.268020	0.278527	0.001017	0.000793	0.280433	0.055403	0.000539	0.056989	0.185545	2.081670
320.625000	62.720400	0.222443	0.001727	0.166182	0.279060	0.263675	0.002560	0.002413	0.263145	0.288213	0.002079	0.003591	0.265063	0.050860	0.000835	0.050403	0.190102	2.052350
326.250000	62.720400	0.248382	0.003142	0.138499	0.287845	0.257274	0.001589	0.003519	0.257324	0.310396	0.002041	0.003732	0.233482	0.054766	0.000729	0.043918	0.170995	2.017630
331.875000	62.720400	0.249017	0.008157	0.108410	0.286226	0.252642	0.001586	0.002845	0.259652	0.303119	0.001190	0.001986	0.199896	0.054621	0.000398	0.035056	0.179881	1.944680
337.500000	62.720400	0.257615	0.010922	0.094028	0.295246	0.259288	0.001742	0.001281	0.235858	0.308488	0.001608	0.000974	0.165403	0.061175	0.001048	0.023584	0.164147	1.882410
343.125000	62.720400	0.254149	0.031306	0.068530	0.289481	0.248479	0.010788	0.002229	0.194883	0.304686	0.002931	0.001480	0.126834	0.069853	0.001345	0.012623	0.144022	1.763620
348.750000	62.720400	0.247904	0.049501	0.058814	0.273089	0.240818	0.038121	0.002389	0.152111	0.307576	0.004438	0.001101	0.096417	0.078748	0.001971	0.008802	0.135759	1.697560
354.375000	62.720400	0.253573	0.049070	0.050320	0.271537	0.235809	0.078912	0.006776	0.122790	0.301831	0.008963	0.007486	0.061446	0.086086	0.003680	0.009440	0.116046	1.663770
2.812500	65.375700	0.258688	0.049363	0.057392	0.257870	0.239747	0.108472	0.008559	0.091098	0.297514	0.037873	0.005141	0.026207	0.117260	0.002253	0.002055	0.103262	1.662750
8.437500	65.375700	0.260369	0.055094	0.062346	0.248229	0.241027	0.138602	0.004481	0.049427	0.311717	0.079281	0.004975	0.005655	0.138268	0.006906	0.002469	0.093865	1.702710
14.062500	65.375700	0.270566	0.059015	0.044825	0.243647	0.250629	0.182711	0.001759	0.019079	0.300817	0.115841	0.001178	0.003072	0.155241	0.010874	0.001643	0.078078	1.738980
19.687500	65.375700	0.293184	0.071839	0.022226	0.242797	0.244513	0.222790	0.002053	0.002968	0.305627	0.150081	0.000748	0.002864	0.178621	0.017868	0.001598	0.071980	1.831760
25.312500	65.375700	0.284401	0.094966	0.005463	0.254746	0.265079	0.242880	0.001793	0.002868	0.319675	0.192703	0.002747	0.001579	0.175715	0.023796	0.001068	0.059149	1.928630
30.937500	65.375700	0.274827	0.106575	0.002634	0.247393	0.260218	0.264529	0.002589	0.001679	0.307561	0.226209	0.001171	0.001485	0.183616	0.036381	0.001434	0.050031	1.968330
36.562500	65.375700	0.282723	0.137811	0.001038	0.233657	0.257736	0.261785	0.002463	0.001735	0.306763	0.259606	0.008018	0.001507	0.186714	0.049364	0.000773	0.043801	2.035490
42.187500	65.375700	0.280637	0.162962	0.001323	0.205931	0.263442	0.261203	0.002762	0.003317	0.291134	0.281047	0.004742	0.001677	0.193438	0.051720	0.000854	0.045584	2.051770
47.812500	65.375700	0.269829	0.199422	0.001053	0.168721	0.265614	0.263815	0.002049	0.002629	0.280050	0.286813	0.000919	0.007066	0.191000	0.045889	0.001326	0.048132	2.034330
53.437500	65.375700	0.283414	0.231957	0.000735	0.134681	0.268636	0.264751	0.001871	0.002464	0.256372	0.301230	0.001826	0.008563	0.188006	0.045470	0.000847	0.044226	2.035050
59.062500	65.375700	0.285739	0.252334	0.001982	0.113901	0.267465	0.248157	0.002399	0.002537	0.235128	0.306615	0.001802	0.007849	0.185870	0.051965	0.001070	0.037158	2.001970
64.687500	65.375700	0.282560	0.245283	0.005913	0.091594	0.252171	0.273273	0.002649	0.002276	0.196328	0.306233	0.001785	0.006817	0.185217	0.058787	0.000569	0.026393	1.937850
70.312500	65.375700	0.277619	0.259344	0.023315	0.075238	0.219632	0.244680	0.002454	0.002071	0.159502	0.314292	0.001829	0.003489	0.163425	0.074329	0.001094	0.017143	1.839460
75.937500	65.375700	0.266085	0.253566	0.041486	0.059840	0.178149	0.255187	0.016786	0.001720	0.112554	0.300927	0.002451	0.003688	0.159028	0.078628	0.001733	0.011533	1.743360
81.562500	65.375700	0.259722	0.253416	0.061869	0.050612	0.139987	0.240738	0.048326	0.004877	0.069391	0.313252	0.002298	0.005312	0.133157	0.091667	0.002188	0.006375	1.683190
87.187500	65.375700	0.267733	0.252563	0.059396	0.049529	0.109152	0.238612	0.083122	0.007723	0.039783	0.298106	0.014979	0.006603	0.110993	0.109543	0.001269	0.002890	1.652000
92.812500	65.375700	0.251827	0.255004	0.050176	0.054049	0.091833	0.235350	0.115580	0.009227	0.016755	0.293042	0.035432	0.005594	0.110667	0.124040	0.002942	0.001671	1.653190
98.437500	65.375700	0.242311	0.268079	0.052463	0.061062	0.055737	0.245338	0.136118	0.004177	0.005666	0.298016	0.063644	0.003698	0.097379	0.138703	0.005764	0.002044	1.680200
104.062000	65.375700	0.254397	0.278861	0.059067	0.047005	0.019501	0.246242	0.183693	0.001985	0.004960	0.295010	0.091210	0.001407	0.079235	0.154429	0.012060	0.000950	1.730010
109.688000	65.375700	0.252805	0.280479	0.071875	0.024129	0.002519	0.245702	0.228569	0.001882	0.002339	0.309123	0.137306	0.000726	0.073298	0.172165	0.017518	0.000534	1.820970
115.312000	65.375700	0.243862	0.283718	0.091028	0.004758	0.002948	0.263874	0.243556	0.002791	0.000960	0.304848	0.183584	0.001400	0.058563	0.180106	0.024173	0.000558	1.890730
120.938000	65.375700	0.243735	0.285676	0.107079	0.001333	0.001400	0.266740	0.256128	0.003097	0.001477	0.310371	0.229710	0.001898	0.055923	0.189490	0.040480	0.000854	1.995390
126.562000	65.375700	0.229659	0.287445	0.139592	0.001675	0.001183	0.272655	0.256607	0.003191	0.001640	0.292448	0.256531	0.007030	0.053112	0.186828	0.044919	0.001286	2.035800
132.188000	65.375700	0.190627	0.280944	0.160838	0.001560	0.002765	0.276230	0.268539	0.002265	0.001409	0.289223	0.281465	0.006149	0.040668	0.192164	0.053621	0.001296	2.049760
137.812000	65.375700	0.164774	0.286066	0.198050	0.001009	0.002751	0.273129	0.264926	0.002651	0.005613	0.280256	0.293096	0.001305	0.048946	0.187925	0.041654	0.000549	2.052700
143.437000	65.375700	0.139847	0.284320	0.229163	0.000975	0.003041	0.258541	0.264155	0.002283	0.009791	0.255961	0.313584	0.000872	0.043228	0.188182	0.046259	0.001409	2.041610
149.062000	65.375700	0.108459	0.287547	0.257053	0.001826	0.003278	0.250791	0.259433	0.002034	0.006873	0.224180	0.309599	0.000926	0.036815	0.184853	0.052084	0.000956	1.986710
154.688000	65.375700	0.092012	0.286663	0.247320	0.005203	0.002154	0.253207	0.271855	0.001781	0.003966	0.178897	0.321952	0.001944	0.026655	0.181899	0.062368	0.001068	1.938950
160.312000	65.375700	0.075781	0.282281	0.253194	0.018950	0.002268	0.214257	0.254203	0.001996	0.004103	0.128088	0.314909	0.000867	0.017196	0.176579	0.069639	0.000478	1.814790
165.938000	65.375700	0.063398	0.279246	0.254317	0.045931	0.000744	0.170604	0.248882	0.018305	0.002849	0.094524	0.301946	0.001918	0.010371	0.165812	0.077509	0.001455	1.737810
171.562000	65.375700	0.050870	0.272130	0.252549	0.061476	0.005287	0.138622	0.241082	0.052903	0.004813	0.061247	0.313981	0.002338	0.005332	0.149126	0.096329	0.001238	1.709320
177.188000	65.375700	0.050977	0.253378	0.248375	0.053071	0.008110	0.107681	0.238607	0.090556	0.006413	0.034971	0.297127	0.015612	0.003010	0.124035	0.106289	0.000756	1.638970
182.812000	65.375700	0.056386	0.261443	0.258075	0.048482	0.007573	0.087650	0.238570	0.102041	0.005980	0.015905	0.299510	0.035946	0.001108	0.108738	0.120557	0.001918	1.649880
188.438000	65.375700	0.060923	0.249645	0.257584	0.053756	0.004251	0.046528	0.242293	0.135125	0.005074	0.002332	0.306322	0.066384	0.000980	0.092639	0.141106	0.006064	1.671010
194.062000	65.375700	0.044154	0.259573	0.267002	0.057981	0.001910	0.019084	0.248070	0.172874	0.002445	0.003306	0.312738	0.091787	0.001844	0.080867	0.158477	0.009183	1.731290
199.687000	65.375700	0.020505	0.255821	0.280746	0.069160	0.001510	0.002392	0.256440	0.216739	0.004241	0.001076	0.306132	0.135868	0.001163	0.071651	0.170447	0.016196	1.810090
205.312000	65.375700	0.006244	0.257035	0.272510	0.094001	0.003075	0.002737	0.270161	0.246220	0.005228	0.001628	0.317119	0.191758	0.000631	0.061552	0.185558	0.026167	1.941620
210.938000	65.375700	0.001747	0.246336	0.292220	0.108052	0.003346	0.001163	0.264344	0.268901	0.008398	0.001346	0.309585	0.223020	0.000577	0.051605	0.184635	0.036987	2.002260
216.562000	65.375700	0.001710	0.229870	0.278095	0.139345	0.002977	0.001787	0.270829	0.256516	0.007812	0.000992	0.295483	0.253677	0.001047	0.045057	0.194895	0.047641	2.027730
222.188000	65.375700	0.001143	0.204786	0.279312	0.172176	0.002279	0.002334	0.267414	0.265502	0.005980	0.001158	0.290654	0.274016	0.001512	0.045877	0.186847	0.053589	2.054580
227.812000	65.375700	0.000535	0.175189	0.271682	0.190067	0.003104	0.001994	0.267189	0.264134	0.000893	0.004255	0.284820	0.290092	0.001408	0.051391	0.185602	0.044487	2.036840
233.438000	65.375700	0.001232	0.138247	0.289188	0.231852	0.002252	0.003844	0.249575	0.271624	0.001137	0.007589	0.258640	0.299079	0.000894	0.048048	0.186341	0.042863	2.032400
239.062000	65.375700	0.001536	0.111065	0.280304	0.242823	0.001003	0.002804	0.253564	0.254052	0.001774	0.002051	0.219298	0.311382	0.000779	0.035418	0.186015	0.050805	1.954670
244.687000	65.375700	0.006521	0.093235	0.282699	0.255551	0.002169	0.002605	0.248095	0.260416	0.001831	0.001584	0.182176	0.314044	0.000715	0.024865	0.176787	0.060616	1.913910
250.312000	65.375700	0.023636	0.071154	0.275542	0.257439	0.003045	0.001968	0.222038	0.251532	0.002779	0.001240	0.135348	0.320443	0.001069	0.019189	0.174763	0.066113	1.827300
255.937000	65.375700	0.043782	0.057204	0.268455	0.252157	0.019393	0.001676	0.175751	0.246180	0.004049	0.001045	0.094543	0.310819	0.002338	0.011560	0.160723	0.081010	1.730680
261.562000	65.375700	0.057851	0.053348	0.266214	0.250621	0.053454	0.004761	0.135133	0.248304	0.005395	0.004034	0.059513	0.304942	0.002509	0.005802	0.142840	0.097750	1.692470
267.188000	65.375700	0.055902	0.050715	0.259781	0.252059	0.086700	0.007814	0.106931	0.232565	0.024716	0.005554	0.036227	0.303149	0.002507	0.002390	0.123001	0.102241	1.652250
272.812000	65.375700	0.051699	0.054625	0.251400	0.257663	0.111825	0.007147	0.089546	0.229983	0.054327	0.006763	0.013196	0.304671	0.004116	0.001472	0.110371	0.130563	1.679370
278.438000	65.375700	0.050608	0.055699	0.258958	0.269124	0.139444	0.005193	0.050224	0.250126	0.082347	0.004526	0.003027	0.307649	0.006139	0.002167	0.096829	0.137425	1.719480
284.062000	65.375700	0.053633	0.045622	0.246005	0.274659	0.170008	0.002656	0.017630	0.247620	0.122923	0.002859	0.002984	0.318275	0.010830	0.001719	0.079842	0.164064	1.761330
289.688000	65.375700	0.069042	0.022779	0.248858	0.266404	0.212217	0.001821	0.002549	0.252529	0.151798	0.003099	0.001560	0.312465	0.019484	0.000856	0.065861	0.173106	1.804430
295.312000	65.375700	0.094608	0.006587	0.256488	0.275226	0.250925	0.001819	0.002174	0.257448	0.189457	0.003917	0.001215	0.308717	0.026780	0.001065	0.059883	0.179381	1.915690
300.938000	65.375700	0.109760	0.002109	0.244198	0.289112	0.254778	0.003410	0.001306	0.256627	0.225812	0.007278	0.001669	0.304644	0.037468	0.000597	0.047970	0.187721	1.974460
306.562000	65.375700	0.137360	0.001372	0.232131	0.279336	0.257579	0.002714	0.002287	0.262902	0.267387	0.009636	0.001024	0.297298	0.044830	0.001399	0.043644	0.194591	2.035490
312.187000	65.375700	0.162391	0.000759	0.198709	0.284384	0.266470	0.002476	0.003236	0.267755	0.276981	0.005234	0.001003	0.289125	0.047962	0.000833	0.046192	0.189619	2.043130
317.812000	65.375700	0.194285	0.001048	0.164968	0.279399	0.258659	0.003751	0.001933	0.265655	0.286524	0.001467	0.005716	0.278983	0.042206	0.001377	0.050861	0.193637	2.030470
323.438000	65.375700	0.229312	0.000788	0.134733	0.279018	0.255015	0.002427	0.003884	0.268642	0.305616	0.001221	0.005683	0.261287	0.048574	0.001038	0.048508	0.188148	2.033890
329.062000	65.375700	0.242933	0.001762	0.110912	0.281448	0.255247	0.001189	0.003534	0.257440	0.303963	0.001407	0.002566	0.237907	0.047951	0.001191	0.038264	0.182801	1.970520
334.688000	65.375700	0.256910	0.006482	0.093205	0.285634	0.258746	0.002907	0.002996	0.243528	0.298441	0.001397	0.002019	0.192624	0.064263	0.000890	0.028556	0.181302	1.919900
340.312000	65.375700	0.251463	0.020757	0.074103	0.281590	0.254644	0.002571	0.000958	0.214179	0.306947	0.002670	0.000781	0.151379	0.068527	0.001149	0.018766	0.163654	1.814140
345.938000	65.375700	0.246406	0.044202	0.063280	0.276956	0.244020	0.017717	0.002871	0.176200	0.303308	0.004850	0.000856	0.116502	0.080311	0.002101	0.008987	0.166008	1.754580
351.562000	65.375700	0.248830	0.061283	0.052790	0.263744	0.235801	0.050500	0.004637	0.138879	0.301659	0.005262	0.004154	0.084484	0.092067	0.001969	0.006457	0.133343	1.685860
357.187000	65.375700	0.256654	0.055608	0.050003	0.260810	0.226292	0.084872	0.007409	0.111023	0.293044	0.017866	0.005608	0.054123	0.112010	0.001281	0.003326	0.122716	1.662650
0.000000	67.975700	0.261108	0.067953	0.065806	0.250901	0.238106	0.098787	0.007826	0.094091	0.288549	0.030874	0.001020	0.039942	0.128706	0.002376	0.003106	0.121715	1.700870
5.625000	67.975700	0.259947	0.057811	0.070098	0.250973	0.242135	0.120537	0.006524	0.063115	0.290852	0.063389	0.003936	0.014052	0.144567	0.003843	0.001698	0.107334	1.700810
11.250000	67.975700	0.259285	0.057513	0.059441	0.245904	0.242440	0.169150	0.001565	0.024841	0.303610	0.106825	0.000434	0.003667	0.162663	0.008182	0.001065	0.094084	1.740670
16.875000	67.975700	0.274184	0.060680	0.035305	0.250662	0.261748	0.203374	0.001714	0.003766	0.299036	0.136475	0.000859	0.002519	0.174410	0.012190	0.001384	0.079161	1.797470
22.500000	67.975700	0.276811	0.067343	0.013765	0.250358	0.245151	0.242751	0.003545	0.002660	0.318756	0.171981	0.001469	0.002035	0.184349	0.021132	0.000748	0.069535	1.872390
28.125000	67.975700	0.283605	0.088757	0.002142	0.248197	0.267531	0.258026	0.004310	0.001857	0.315404	0.224183	0.002734	0.002738	0.181120	0.026724	0.000759	0.055539	1.963630
33.750000	67.975700	0.290012	0.111550	0.001076	0.226434	0.259092	0.265574	0.004286	0.002275	0.309018	0.255612	0.002999	0.002025	0.197687	0.040791	0.001147	0.051971	2.021550
39.375000	67.975700	0.292424	0.139171	0.001099	0.197530	0.261536	0.263975	0.002405	0.002993	0.296074	0.274374	0.009190	0.002458	0.201603	0.046312	0.001550	0.039007	2.031700
45.000000	67.975700	0.277727	0.166275	0.000560	0.168149	0.272060	0.273239	0.002516	0.003145	0.291329	0.288740	0.006237	0.006061	0.200813	0.041796	0.000946	0.039416	2.039010
50.625000	67.975700	0.285506	0.197348	0.000513	0.141863	0.262117	0.264682	0.003009	0.001353	0.277998	0.290906	0.001475	0.011230	0.193297	0.043101	0.000857	0.048903	2.024160
56.250000	67.975700	0.275295	0.226171	0.001416	0.108556	0.256279	0.261559	0.002138	0.002658	0.245639	0.300580	0.001994	0.006726	0.182811	0.053306	0.000995	0.040226	1.966350
61.875000	67.975700	0.281564	0.240891	0.001738	0.086153	0.252313	0.266958	0.001143	0.005662	0.222948	0.317453	0.001638	0.006050	0.185273	0.059916	0.001080	0.029629	1.960410
67.500000	67.975700	0.279217	0.254598	0.012000	0.068196	0.249236	0.258344	0.002169	0.003000	0.177584	0.313554	0.001986	0.004619	0.181625	0.068080	0.001109	0.018594	1.893910
73.125000	67.975700	0.284223	0.249615	0.033842	0.062823	0.198796	0.259739	0.004616	0.001415	0.140780	0.319890	0.001702	0.002812	0.180559	0.081967	0.001469	0.012306	1.836550
78.750000	67.975700	0.261686	0.243729	0.058238	0.061758	0.159397	0.241289	0.026847	0.001492	0.106465	0.312551	0.001779	0.001555	0.163763	0.093756	0.001464	0.008749	1.744520
84.375000	67.975700	0.273487	0.252707	0.073288	0.055726	0.130884	0.242575	0.061812	0.006255	0.066019	0.295721	0.006741	0.003624	0.139739	0.114785	0.000486	0.003373	1.727220
90.000000	67.975700	0.253551	0.248687	0.072460	0.066877	0.096470	0.243122	0.098612	0.006033	0.028561	0.291806	0.028255	0.001298	0.125678	0.123108	0.001526	0.002289	1.688330
95.625000	67.975700	0.256102	0.256951	0.059011	0.071973	0.060617	0.235959	0.123825	0.005992	0.010294	0.290408	0.058076	0.003297	0.110682	0.144304	0.004143	0.001604	1.693240
101.250000	67.975700	0.238854	0.268473	0.058632	0.063278	0.027034	0.249251	0.157027	0.001617	0.004711	0.303922	0.087239	0.000587	0.096780	0.164148	0.006592	0.001085	1.729230
106.875000	67.975700	0.257281	0.282792	0.063397	0.029145	0.004144	0.257464	0.197756	0.001637	0.004401	0.308049	0.126723	0.000495	0.079499	0.180817	0.013598	0.001924	1.809120
112.500000	67.975700	0.255453	0.281170	0.075174	0.012810	0.003063	0.253210	0.231666	0.003492	0.002127	0.305285	0.175086	0.001418	0.065613	0.183923	0.019213	0.001184	1.869890
118.125000	67.975700	0.248371	0.276556	0.089341	0.000911	0.002157	0.260393	0.252217	0.004342	0.000934	0.319693	0.213425	0.001601	0.057795	0.191919	0.030496	0.000885	1.951040
123.750000	67.975700	0.224813	0.287696	0.112559	0.001498	0.001714	0.261126	0.261368	0.002200	0.001972	0.310271	0.249142	0.003974	0.045641	0.196812	0.039794	0.001643	2.002220
129.375000	67.975700	0.199939	0.288745	0.139780	0.001114	0.002953	0.267587	0.273840	0.003253	0.002598	0.288698	0.280592	0.011907	0.042138	0.196144	0.050325	0.002045	2.051660
135.000000	67.975700	0.168865	0.281013	0.170742	0.000382	0.003157	0.267655	0.278141	0.004269	0.007718	0.287982	0.285504	0.006052	0.042601	0.197137	0.039154	0.000959	2.041330
140.625000	67.975700	0.139930	0.273801	0.206996	0.001227	0.003135	0.264334	0.266404	0.001763	0.011953	0.272004	0.302025	0.001566	0.047216	0.198832	0.037338	0.002239	2.030760
146.250000	67.975700	0.112612	0.283061	0.230359	0.001576	0.001567	0.248341	0.260424	0.001689	0.006775	0.261959	0.313599	0.002562	0.041658	0.185715	0.050724	0.001358	2.003980
151.875000	67.975700	0.083025	0.288257	0.249496	0.001429	0.004546	0.256616	0.264081	0.001829	0.006605	0.213082	0.308731	0.001538	0.030212	0.189337	0.053322	0.001006	1.953110
157.500000	67.975700	0.073800	0.276429	0.254074	0.014143	0.003370	0.233794	0.259340	0.002097	0.003205	0.171552	0.307343	0.001146	0.019522	0.180942	0.064383	0.000964	1.866100
163.125000	67.975700	0.055272	0.276142	0.243891	0.033474	0.001874	0.199266	0.265239	0.005043	0.002710	0.124491	0.310261	0.001423	0.016548	0.173163	0.082185	0.001235	1.792220
168.750000	67.975700	0.058555	0.274147	0.250461	0.058314	0.002832	0.165258	0.245317	0.025663	0.000822	0.088732	0.292408	0.001336	0.007484	0.167124	0.094855	0.001140	1.734450
174.375000	67.975700	0.055075	0.256937	0.257341	0.068440	0.005448	0.129593	0.242224	0.065956	0.003475	0.054386	0.297834	0.006725	0.003362	0.149804	0.104703	0.001181	1.702480
180.000000	67.975700	0.064899	0.253734	0.256355	0.067372	0.007508	0.098155	0.241610	0.095984	0.001750	0.029463	0.294062	0.028698	0.002084	0.126913	0.123445	0.002003	1.694040
185.625000	67.975700	0.074232	0.250606	0.257788	0.057709	0.007274	0.065450	0.244234	0.125392	0.003441	0.008176	0.293869	0.053633	0.001207	0.108859	0.154317	0.002897	1.709080
191.250000	67.975700	0.058114	0.252162	0.268464	0.060038	0.001221	0.025219	0.257235	0.162714	0.001515	0.001897	0.303945	0.088511	0.001706	0.095339	0.163731	0.007747	1.749560
196.875000	67.975700	0.035439	0.245291	0.265387	0.063825	0.001777	0.004041	0.260107	0.205044	0.002419	0.001559	0.315654	0.126511	0.001520	0.085993	0.173411	0.013722	1.801700
202.500000	67.975700	0.012833	0.244099	0.279891	0.071317	0.003673	0.002791	0.254212	0.238492	0.003838	0.000529	0.310290	0.178627	0.001392	0.074361	0.187224	0.019932	1.883500
208.125000	67.975700	0.001702	0.238850	0.277055	0.090703	0.004698	0.001630	0.255589	0.248149	0.005749	0.001598	0.317465	0.223934	0.001082	0.055873	0.183948	0.028130	1.936160
213.750000	67.975700	0.001111	0.231290	0.280357	0.116183	0.003218	0.001864	0.262617	0.257121	0.005970	0.001501	0.304688	0.248863	0.001280	0.048960	0.193926	0.040204	1.999150
219.375000	67.975700	0.000474	0.201064	0.282427	0.139607	0.002214	0.003187	0.261886	0.265614	0.010916	0.002537	0.308947	0.277798	0.002242	0.041436	0.193869	0.049057	2.043280
225.000000	67.975700	0.000253	0.172842	0.288740	0.170256	0.003464	0.003006	0.265208	0.273521	0.008225	0.007467	0.286305	0.291031	0.001345	0.040029	0.197819	0.042279	2.051790
230.625000	67.975700	0.000992	0.140716	0.283241	0.199696	0.003039	0.001309	0.266827	0.262981	0.001476	0.011398	0.276116	0.297555	0.002185	0.045614	0.198484	0.043825	2.035450
236.250000	67.975700	0.000793	0.109239	0.282637	0.230877	0.002053	0.002862	0.256490	0.255830	0.001901	0.002377	0.262548	0.311443	0.001090	0.041187	0.185187	0.043978	1.990490
241.875000	67.975700	0.002069	0.090047	0.282491	0.240322	0.001905	0.006260	0.261038	0.275656	0.001239	0.001145	0.216668	0.321694	0.000644	0.028513	0.185232	0.055440	1.970360
247.500000	67.975700	0.013925	0.073844	0.278613	0.252361	0.002441	0.003636	0.235824	0.263311	0.002104	0.000971	0.174062	0.314778	0.001716	0.020466	0.180501	0.070673	1.889230
253.125000	67.975700	0.035089	0.062827	0.266529	0.247533	0.004321	0.001413	0.199838	0.252437	0.002290	0.001017	0.124509	0.310195	0.001788	0.013347	0.171711	0.084149	1.778990
258.750000	67.975700	0.059434	0.060482	0.275400	0.240195	0.028403	0.001813	0.156186	0.249798	0.003427	0.000829	0.086291	0.297514	0.000984	0.007187	0.163345	0.095210	1.726500
264.375000	67.975700	0.065895	0.058910	0.260969	0.247858	0.059726	0.006232	0.132414	0.235581	0.014949	0.003092	0.048696	0.298053	0.001898	0.003483	0.143689	0.111406	1.692850
270.000000	67.975700	0.072023	0.067005	0.257861	0.255663	0.096593	0.007114	0.092698	0.244520	0.045888	0.001098	0.027493	0.295264	0.002258	0.002184	0.125140	0.121802	1.714600
275.625000	67.975700	0.060681	0.068334	0.247346	0.257754	0.127285	0.006126	0.064359	0.244749	0.074933	0.004069	0.007280	0.297146	0.003637	0.001774	0.104140	0.149507	1.719120
281.250000	67.975700	0.054830	0.059877	0.247691	0.263191	0.152714	0.001791	0.028891	0.251881	0.109555	0.000785	0.001377	0.298013	0.009283	0.001451	0.097807	0.162672	1.741810
286.875000	67.975700	0.062698	0.033188	0.258357	0.278743	0.197950	0.001399	0.004343	0.251216	0.144661	0.004017	0.001626	0.310820	0.011234	0.000948	0.081869	0.176989	1.820060
292.500000	67.975700	0.073844	0.012716	0.246211	0.286083	0.234618	0.004182	0.003841	0.263232	0.178453	0.003833	0.001355	0.311890	0.019866	0.001122	0.065495	0.184910	1.891650
298.125000	67.975700	0.092628	0.001979	0.242834	0.286128	0.250047	0.006067	0.002664	0.260382	0.232230	0.006287	0.001269	0.305824	0.028441	0.000953	0.058243	0.187175	1.963150
303.750000	67.975700	0.110563	0.001320	0.231097	0.283982	0.264959	0.002253	0.002001	0.269186	0.255599	0.006772	0.002121	0.312664	0.042052	0.001141	0.046261	0.187934	2.019910
309.375000	67.975700	0.140684	0.001266	0.196838	0.281437	0.269036	0.002094	0.002996	0.267073	0.272902	0.011810	0.002082	0.301882	0.050710	0.001634	0.036760	0.201456	2.040660
315.000000	67.975700	0.165080	0.000884	0.167047	0.283378	0.278809	0.002317	0.003676	0.269616	0.289682	0.006732	0.007452	0.287657	0.041013	0.000800	0.037089	0.192632	2.033860
320.625000	67.975700	0.205701	0.000640	0.135949	0.278688	0.269758	0.002700	0.002877	0.266430	0.301520	0.002537	0.011321	0.269440	0.043077	0.000751	0.046806	0.193599	2.031790
326.250000	67.975700	0.228390	0.001422	0.111563	0.289617	0.262657	0.002137	0.002521	0.260580	0.314698	0.002110	0.004040	0.263790	0.049405	0.001150	0.040925	0.195329	2.030330
331.875000	67.975700	0.237442	0.001880	0.089339	0.273135	0.262592	0.002423	0.005748	0.253905	0.320061	0.002171	0.001151	0.214455	0.056689	0.001748	0.029589	0.190607	1.942930
337.500000	67.975700	0.249023	0.013921	0.070064	0.287438	0.255754	0.004154	0.003930	0.239209	0.310017	0.001703	0.001481	0.189254	0.074696	0.001262	0.020641	0.185903	1.908450
343.125000	67.975700	0.245860	0.033951	0.061431	0.279297	0.258386	0.003608	0.002075	0.205226	0.307763	0.004613	0.001119	0.144406	0.080545	0.002330	0.013428	0.168569	1.812610
348.750000	67.975700	0.245668	0.058742	0.058235	0.265344	0.242426	0.028501	0.001615	0.157778	0.305715	0.004102	0.000654	0.109998	0.097095	0.000895	0.007548	0.161365	1.745680
354.375000	67.975700	0.243769	0.068897	0.058711	0.268708	0.245377	0.065810	0.007414	0.123942	0.297806	0.009060	0.003657	0.076739	0.107333	0.001904	0.004923	0.142264	1.726310
2.812500	70.528800	0.258243	0.076632	0.081424	0.248421	0.248915	0.111216	0.007458	0.083042	0.294795	0.051155	0.000674	0.032357	0.149944	0.002243	0.001470	0.130971	1.778960
8.437500	70.528800	0.253761	0.066452	0.069707	0.245369	0.245343	0.141039	0.006423	0.036125	0.292337	0.093002	0.000400	0.009974	0.169876	0.004769	0.001915	0.107951	1.744440
14.062500	70.528800	0.262006	0.061812	0.050351	0.250394	0.253712	0.186050	0.001048	0.010175	0.305195	0.138652	0.000237	0.002600	0.176685	0.007759	0.001286	0.098919	1.806880
19.687500	70.528800	0.283592	0.063570	0.024721	0.245998	0.259131	0.221357	0.003715	0.003644	0.306774	0.176560	0.001218	0.002204	0.181284	0.013969	0.001286	0.080686	1.869710
25.312500	70.528800	0.279307	0.073842	0.005103	0.238689	0.267146	0.246698	0.034090	0.002990	0.307019	0.209992	0.002991	0.001625	0.188090	0.020884	0.001347	0.069316	1.949130
30.937500	70.528800	0.273545	0.089990	0.001444	0.229548	0.262779	0.257322	0.042934	0.002366	0.315701	0.249052	0.001257	0.001944	0.191725	0.031378	0.001090	0.058296	2.010370
36.562500	70.528800	0.284120	0.119813	0.000731	0.205029	0.258034	0.270312	0.006093	0.002265	0.310285	0.272421	0.005740	0.002606	0.194405	0.046015	0.001706	0.042867	2.022440
42.187500	70.528800	0.280462	0.137279	0.000821	0.166164	0.270525	0.280079	0.002056	0.005587	0.293019	0.283654	0.013064	0.006833	0.201593	0.040568	0.001401	0.035679	2.018780
47.812500	70.528800	0.284013	0.169874	0.001077	0.139064	0.266940	0.265508	0.004284	0.001996	0.285390	0.297797	0.008298	0.012187	0.198859	0.036407	0.001984	0.039452	2.013130
53.437500	70.528800	0.279327	0.203861	0.000531	0.117164	0.267095	0.263243	0.002457	0.007085	0.266375	0.312111	0.001797	0.007071	0.195743	0.045166	0.001782	0.040461	2.011270
59.062500	70.528800	0.276938	0.228701	0.000366	0.092432	0.259746	0.259943	0.002470	0.038660	0.249774	0.314699	0.002306	0.006020	0.187200	0.053703	0.001731	0.028881	2.003570
64.687500	70.528800	0.278403	0.245008	0.005793	0.070914	0.244084	0.259011	0.002385	0.033868	0.210187	0.308714	0.000966	0.005064	0.183804	0.068120	0.001163	0.021270	1.938760
70.312500	70.528800	0.279511	0.245834	0.021461	0.066837	0.226465	0.264759	0.003079	0.003546	0.172323	0.307955	0.001464	0.001947	0.180562	0.073762	0.000950	0.013118	1.863570
75.937500	70.528800	0.255902	0.247605	0.045491	0.057191	0.175325	0.261799	0.007731	0.001345	0.132587	0.295803	0.000703	0.000885	0.182176	0.097712	0.000957	0.009163	1.772380
81.562500	70.528800	0.259613	0.243422	0.072584	0.066889	0.144327	0.248160	0.036295	0.005308	0.092567	0.279654	0.003430	0.001182	0.161846	0.107492	0.000944	0.004676	1.728390
87.187500	70.528800	0.244941	0.251064	0.078364	0.075364	0.113445	0.247615	0.081615	0.005335	0.055769	0.301247	0.019617	0.000399	0.150369	0.128669	0.000855	0.001856	1.756520
92.812500	70.528800	0.245350	0.252809	0.071652	0.079475	0.076094	0.246801	0.110072	0.007510	0.024463	0.286520	0.045144	0.000446	0.128480	0.148737	0.002338	0.001706	1.727600
98.437500	70.528800	0.249572	0.258344	0.068633	0.068081	0.038685	0.256212	0.143560	0.004861	0.005703	0.292472	0.081970	0.000393	0.105890	0.163589	0.004152	0.000843	1.742960
104.062000	70.528800	0.256817	0.265264	0.064540	0.044259	0.006939	0.256379	0.184333	0.001503	0.006353	0.308688	0.112969	0.000774	0.096630	0.173361	0.007761	0.000913	1.787480
109.688000	70.528800	0.246618	0.271848	0.060363	0.023163	0.002540	0.264911	0.228771	0.001926	0.003844	0.309772	0.166914	0.000629	0.079702	0.182649	0.011942	0.001580	1.857170
115.312000	70.528800	0.232554	0.275591	0.071864	0.005079	0.003067	0.273238	0.256213	0.031178	0.002393	0.315193	0.203927	0.002347	0.066142	0.188140	0.022045	0.001931	1.950900
120.938000	70.528800	0.229753	0.278259	0.089748	0.000591	0.002159	0.262983	0.258645	0.042480	0.001770	0.308275	0.252140	0.001479	0.053575	0.190754	0.029636	0.002619	2.004860
126.562000	70.528800	0.199754	0.280977	0.114723	0.000788	0.001910	0.271117	0.275343	0.005840	0.001873	0.305311	0.274035	0.004690	0.041754	0.201464	0.044671	0.001462	2.025710
132.188000	70.528800	0.165645	0.281754	0.141328	0.000828	0.004674	0.278527	0.281586	0.002000	0.007494	0.301301	0.278780	0.011435	0.034321	0.195645	0.037365	0.001805	2.024490
137.812000	70.528800	0.142625	0.288922	0.175610	0.000582	0.002276	0.267352	0.281400	0.004257	0.013104	0.280213	0.294241	0.007101	0.035514	0.202916	0.040080	0.001506	2.037700
143.437000	70.528800	0.114142	0.294619	0.196041	0.000811	0.006383	0.263014	0.269735	0.002811	0.008132	0.268697	0.318588	0.003301	0.044271	0.195869	0.043881	0.001023	2.031320
149.062000	70.528800	0.085006	0.285876	0.222484	0.001020	0.041051	0.254384	0.264029	0.001983	0.003874	0.240550	0.321217	0.001710	0.029752	0.197480	0.053223	0.001753	2.005390
154.688000	70.528800	0.074621	0.277429	0.242926	0.006075	0.033183	0.251914	0.264508	0.002240	0.003238	0.215638	0.312472	0.001177	0.019948	0.188172	0.065739	0.001672	1.960950
160.312000	70.528800	0.065073	0.279367	0.236425	0.023537	0.001614	0.220323	0.257572	0.003797	0.001742	0.161658	0.301916	0.000581	0.016023	0.196356	0.079714	0.001051	1.846750
165.938000	70.528800	0.067040	0.261595	0.241980	0.045626	0.001502	0.177478	0.255245	0.007732	0.000981	0.111764	0.306237	0.001719	0.008632	0.174072	0.095426	0.001514	1.758540
171.562000	70.528800	0.071470	0.256220	0.246316	0.070533	0.004600	0.145120	0.249281	0.034342	0.000283	0.079682	0.291791	0.003361	0.004960	0.162476	0.107524	0.001478	1.729440
177.188000	70.528800	0.078128	0.252571	0.242907	0.079358	0.005935	0.115402	0.256438	0.075899	0.001039	0.050226	0.291315	0.023130	0.002193	0.148910	0.126750	0.001597	1.751800
182.812000	70.528800	0.084827	0.256016	0.251316	0.076378	0.006491	0.080203	0.253706	0.118947	0.001282	0.021678	0.283811	0.045952	0.001883	0.127978	0.149209	0.001585	1.761260
188.438000	70.528800	0.074636	0.249164	0.261387	0.066953	0.004659	0.038665	0.256828	0.142494	0.001114	0.002639	0.297078	0.080454	0.001093	0.110569	0.168499	0.004586	1.760820
194.062000	70.528800	0.045511	0.249844	0.263861	0.061421	0.001322	0.007594	0.253619	0.184145	0.001114	0.000871	0.296056	0.114184	0.000294	0.097410	0.177326	0.008224	1.762800
199.687000	70.528800	0.025194	0.246336	0.272665	0.064486	0.002805	0.002544	0.258666	0.222407	0.001711	0.000736	0.313495	0.160787	0.001281	0.081911	0.182479	0.014978	1.852480
205.312000	70.528800	0.004233	0.240284	0.271887	0.072570	0.033621	0.002379	0.263254	0.241427	0.002927	0.001944	0.312132	0.207578	0.001240	0.066432	0.188979	0.018903	1.929790
210.938000	70.528800	0.001445	0.220743	0.285711	0.085662	0.039015	0.002510	0.260669	0.268786	0.005357	0.001838	0.318241	0.243172	0.000913	0.053312	0.192971	0.030684	2.011030
216.562000	70.528800	0.001058	0.207566	0.281609	0.109303	0.006775	0.002493	0.263046	0.259664	0.006601	0.002571	0.304621	0.272740	0.001643	0.045838	0.190774	0.041198	1.997500
222.188000	70.528800	0.000353	0.168357	0.280540	0.137477	0.001988	0.004851	0.262647	0.278437	0.013675	0.008406	0.301288	0.289669	0.001004	0.039987	0.200995	0.036036	2.025710
227.812000	70.528800	0.000783	0.138189	0.281379	0.167771	0.006104	0.001758	0.270091	0.268140	0.006507	0.011991	0.271042	0.295433	0.001262	0.039188	0.204000	0.040957	2.004590
233.438000	70.528800	0.000296	0.111578	0.280763	0.192466	0.002535	0.007062	0.266636	0.263360	0.002815	0.005900	0.276230	0.306892	0.001395	0.039719	0.195919	0.042516	1.996080
239.062000	70.528800	0.000692	0.082759	0.279883	0.221645	0.001798	0.037260	0.259608	0.261593	0.001091	0.001997	0.247101	0.316478	0.001520	0.028821	0.196563	0.055091	1.993900
244.687000	70.528800	0.004691	0.070928	0.272223	0.232545	0.002562	0.032364	0.249988	0.263666	0.001963	0.002783	0.220162	0.299162	0.001798	0.022168	0.185515	0.067971	1.930490
250.312000	70.528800	0.023226	0.062608	0.274518	0.250487	0.002384	0.001675	0.216585	0.262094	0.002392	0.000696	0.165745	0.309800	0.001723	0.012959	0.186907	0.078965	1.852760
255.937000	70.528800	0.052194	0.066491	0.264432	0.254529	0.008149	0.000894	0.181321	0.255348	0.002949	0.000897	0.113518	0.299429	0.000789	0.008970	0.180707	0.093806	1.784420
261.562000	70.528800	0.073493	0.068416	0.252734	0.238836	0.033853	0.004329	0.144714	0.257942	0.009679	0.000586	0.083509	0.294693	0.001935	0.005047	0.177589	0.110072	1.757430
267.188000	70.528800	0.080005	0.075514	0.259537	0.253138	0.077883	0.006685	0.111559	0.253025	0.034244	0.001447	0.050391	0.289396	0.001700	0.002011	0.152792	0.128729	1.778050
272.812000	70.528800	0.073106	0.084344	0.248588	0.254949	0.106576	0.006538	0.075839	0.250462	0.061490	0.000551	0.018554	0.291461	0.002726	0.001723	0.130636	0.153644	1.761190
278.438000	70.528800	0.064924	0.077142	0.253220	0.254427	0.145547	0.004383	0.037090	0.246573	0.099597	0.000960	0.003984	0.291638	0.004040	0.000852	0.107853	0.165247	1.757480
284.062000	70.528800	0.068047	0.048735	0.250580	0.261531	0.182367	0.001556	0.007940	0.257589	0.139673	0.000991	0.001740	0.306487	0.007979	0.001168	0.098812	0.179410	1.814600
289.688000	70.528800	0.067523	0.022302	0.250218	0.279285	0.223302	0.002439	0.003533	0.252003	0.176518	0.002508	0.001208	0.308504	0.013597	0.002244	0.079043	0.181704	1.865930
295.312000	70.528800	0.069562	0.005650	0.243266	0.272151	0.250633	0.032937	0.003078	0.271660	0.219185	0.003700	0.002018	0.310387	0.020140	0.001688	0.068673	0.189828	1.964550
300.938000	70.528800	0.088884	0.000967	0.224591	0.278481	0.248450	0.038982	0.001693	0.259881	0.253445	0.006750	0.001551	0.307797	0.029144	0.001318	0.055488	0.197484	1.994910
306.562000	70.528800	0.114028	0.000365	0.195540	0.288937	0.268466	0.006926	0.001682	0.269309	0.266739	0.007543	0.002427	0.313965	0.040846	0.000905	0.043295	0.200462	2.021430
312.187000	70.528800	0.141095	0.000349	0.170815	0.289673	0.271449	0.001519	0.003787	0.272188	0.283865	0.014289	0.008095	0.293686	0.039000	0.001274	0.037120	0.207071	2.035270
317.812000	70.528800	0.164712	0.000767	0.140897	0.275801	0.270031	0.004365	0.001485	0.274752	0.297574	0.008225	0.013067	0.296910	0.039685	0.001061	0.039928	0.199438	2.028700
323.438000	70.528800	0.200579	0.000615	0.115558	0.282686	0.265434	0.002195	0.006977	0.273299	0.303027	0.002844	0.004771	0.269022	0.046259	0.001071	0.040435	0.195485	2.010260
329.062000	70.528800	0.223029	0.001014	0.084471	0.278976	0.259899	0.002284	0.038113	0.251109	0.314819	0.001472	0.001504	0.259852	0.055945	0.001768	0.028298	0.189299	1.991850
334.688000	70.528800	0.239692	0.006190	0.072453	0.278303	0.263957	0.003036	0.033321	0.254312	0.318327	0.002094	0.001333	0.210426	0.066033	0.000884	0.020906	0.190951	1.962220
340.312000	70.528800	0.257218	0.020443	0.065966	0.276391	0.258510	0.003029	0.002239	0.223797	0.304142	0.004581	0.000953	0.172973	0.079678	0.001414	0.014223	0.188089	1.873650
345.938000	70.528800	0.245428	0.047314	0.063780	0.267758	0.264625	0.007612	0.001398	0.175977	0.295285	0.005658	0.000404	0.134327	0.096709	0.000455	0.008796	0.183748	1.799270
351.562000	70.528800	0.249873	0.073816	0.067976	0.261866	0.248483	0.040720	0.004138	0.138282	0.295229	0.006803	0.000789	0.096380	0.102287	0.000798	0.006289	0.170141	1.763870
357.187000	70.528800	0.251569	0.083332	0.080362	0.254918	0.248779	0.077901	0.005649	0.116149	0.284314	0.021642	0.000605	0.060959	0.122505	0.001662	0.002787	0.149942	1.763080
0.000000	73.042200	0.248249	0.090342	0.085877	0.246944	0.259037	0.097222	0.005284	0.098761	0.295615	0.039891	0.000685	0.053260	0.149564	0.001388	0.001768	0.153647	1.827540
5.625000	73.042200	0.260115	0.087352	0.079716	0.248629	0.275140	0.129021	0.005700	0.053165	0.290559	0.088515	0.000920	0.021092	0.162982	0.002598	0.001855	0.124513	1.831870
11.250000	73.042200	0.264277	0.075019	0.063053	0.244402	0.256514	0.165990	0.001359	0.020558	0.291857	0.126023	0.000464	0.007268	0.173565	0.006260	0.001247	0.108377	1.806230
16.875000	73.042200	0.265778	0.072942	0.033915	0.243453	0.258362	0.195337	0.001464	0.003635	0.301995	0.158365	0.000787	0.002792	0.187592	0.009564	0.000785	0.094939	1.831700
22.500000	73.042200	0.276512	0.067968	0.010415	0.237465	0.273418	0.239148	0.030029	0.003351	0.308370	0.203339	0.002187	0.002339	0.194376	0.015745	0.002208	0.084905	1.951770
28.125000	73.042200	0.271447	0.071309	0.001161	0.224357	0.272956	0.260411	0.058725	0.002477	0.318855	0.245872	0.002278	0.002732	0.195057	0.023422	0.002115	0.066394	2.019570
33.750000	73.042200	0.275572	0.084826	0.000546	0.193899	0.269700	0.260824	0.052072	0.002595	0.308053	0.265472	0.002623	0.002336	0.200162	0.032788	0.001793	0.049880	2.003140
39.375000	73.042200	0.281601	0.113579	0.001780	0.171784	0.276321	0.271203	0.012116	0.003759	0.300649	0.275641	0.007370	0.011722	0.200833	0.036714	0.001585	0.042677	2.009330
45.000000	73.042200	0.287160	0.141936	0.002367	0.140810	0.276152	0.281191	0.003924	0.004413	0.289015	0.290541	0.012157	0.011196	0.203665	0.035061	0.001357	0.034631	2.015570
50.625000	73.042200	0.279977	0.175750	0.002222	0.120190	0.278209	0.268595	0.004628	0.011782	0.276115	0.313332	0.012170	0.007715	0.196784	0.044088	0.001049	0.035335	2.027940
56.250000	73.042200	0.280031	0.202465	0.001124	0.087779	0.262570	0.263508	0.003287	0.047956	0.254109	0.308082	0.001971	0.004627	0.199275	0.053112	0.001736	0.033918	2.005550
61.875000	73.042200	0.274635	0.226736	0.001314	0.076909	0.255290	0.270537	0.002720	0.061522	0.235524	0.316953	0.002169	0.004576	0.198679	0.064271	0.001497	0.023013	2.016350
67.500000	73.042200	0.266759	0.242456	0.010468	0.072051	0.240734	0.264598	0.003217	0.034910	0.198895	0.318173	0.001195	0.002260	0.190628	0.080952	0.001537	0.014439	1.943270
73.125000	73.042200	0.270538	0.249142	0.033995	0.070075	0.205048	0.264581	0.003046	0.001884	0.161307	0.298619	0.001000	0.001303	0.190529	0.099929	0.000826	0.008352	1.860170
78.750000	73.042200	0.257309	0.242022	0.062919	0.078006	0.169277	0.264848	0.020123	0.003041	0.123814	0.302082	0.002331	0.001074	0.179052	0.105306	0.001386	0.005468	1.818060
84.375000	73.042200	0.253959	0.239334	0.081655	0.087174	0.133050	0.257515	0.053942	0.006011	0.081763	0.298399	0.012486	0.000511	0.174255	0.125017	0.001358	0.002493	1.808920
90.000000	73.042200	0.243523	0.240531	0.087956	0.091023	0.092649	0.264867	0.092549	0.005467	0.043105	0.291460	0.038788	0.000619	0.151507	0.152884	0.000994	0.002085	1.800010
95.625000	73.042200	0.247197	0.250818	0.096707	0.077109	0.052510	0.251405	0.131918	0.005261	0.014246	0.291851	0.067487	0.000731	0.135864	0.170545	0.002534	0.001519	1.797700
101.250000	73.042200	0.241803	0.263720	0.076142	0.061944	0.017787	0.260309	0.160645	0.002198	0.005029	0.284301	0.108127	0.000552	0.108673	0.176345	0.004925	0.000946	1.773450
106.875000	73.042200	0.250774	0.252939	0.071508	0.031151	0.004529	0.264108	0.206672	0.001336	0.006847	0.303027	0.145841	0.000604	0.100689	0.186001	0.012010	0.001179	1.839210
112.500000	73.042200	0.238633	0.263966	0.068361	0.011555	0.003516	0.282095	0.238257	0.031910	0.003324	0.317807	0.193151	0.000967	0.081889	0.200755	0.015013	0.001842	1.953040
118.125000	73.042200	0.216439	0.278249	0.075172	0.001200	0.003007	0.266619	0.252181	0.051789	0.000860	0.317849	0.238096	0.002407	0.062027	0.197429	0.019503	0.002172	1.985000
123.750000	73.042200	0.200019	0.277795	0.089004	0.001044	0.002411	0.264227	0.259785	0.054098	0.002937	0.303278	0.256521	0.002814	0.052009	0.199248	0.033426	0.000929	1.999540
129.375000	73.042200	0.179210	0.283415	0.114523	0.001724	0.003478	0.268243	0.281787	0.012359	0.011823	0.296228	0.277763	0.007877	0.036547	0.200703	0.032062	0.001627	2.009370
135.000000	73.042200	0.142564	0.282550	0.146285	0.001801	0.004411	0.275168	0.278806	0.003925	0.011549	0.286515	0.289422	0.010982	0.034932	0.195766	0.033727	0.001973	2.000370
140.625000	73.042200	0.123363	0.277684	0.176948	0.002146	0.014323	0.267379	0.280658	0.004633	0.009936	0.268637	0.307972	0.013273	0.039932	0.198464	0.038514	0.001332	2.025190
146.250000	73.042200	0.094501	0.278754	0.200284	0.000823	0.054290	0.267775	0.249675	0.002268	0.005069	0.242751	0.310510	0.001598	0.030889	0.198554	0.052741	0.000894	1.991370
151.875000	73.042200	0.071091	0.272444	0.227973	0.001335	0.055745	0.261329	0.264866	0.002930	0.002549	0.240504	0.309385	0.002576	0.023643	0.203109	0.063088	0.001951	2.004520
157.500000	73.042200	0.070208	0.274469	0.240956	0.010964	0.033212	0.244575	0.276843	0.002601	0.001046	0.200758	0.310473	0.001378	0.015568	0.199497	0.082235	0.001640	1.966420
163.125000	73.042200	0.062972	0.260723	0.237078	0.031240	0.001620	0.208604	0.275564	0.003927	0.000782	0.146325	0.301400	0.001144	0.009662	0.189905	0.098727	0.000549	1.830220
168.750000	73.042200	0.072217	0.254746	0.245172	0.062646	0.002579	0.162437	0.265782	0.018994	0.000927	0.107249	0.298166	0.001319	0.004800	0.182150	0.106063	0.000790	1.786040
174.375000	73.042200	0.092804	0.255321	0.247632	0.079885	0.005420	0.130525	0.266292	0.051534	0.000727	0.070489	0.299313	0.013791	0.002408	0.167581	0.123586	0.000888	1.808190
180.000000	73.042200	0.088441	0.247827	0.249601	0.090843	0.005852	0.096492	0.265700	0.096473	0.001306	0.041853	0.300281	0.041408	0.001268	0.150469	0.156391	0.001345	1.835550
185.625000	73.042200	0.082734	0.238491	0.249015	0.086520	0.005741	0.055823	0.262983	0.125428	0.000648	0.012692	0.287729	0.074294	0.001162	0.129932	0.172590	0.002316	1.788100
191.250000	73.042200	0.060863	0.241084	0.262864	0.075904	0.001428	0.021660	0.267774	0.157614	0.000752	0.001473	0.296131	0.108434	0.001176	0.105134	0.182273	0.006224	1.790790
196.875000	73.042200	0.031594	0.241388	0.258829	0.067982	0.001801	0.002926	0.276361	0.213254	0.001120	0.001076	0.297498	0.152645	0.000252	0.095483	0.191386	0.009660	1.843250
202.500000	73.042200	0.011967	0.230971	0.267016	0.066181	0.035681	0.002211	0.268128	0.230664	0.002177	0.000781	0.308773	0.195716	0.001950	0.074909	0.185978	0.014111	1.897210
208.125000	73.042200	0.001282	0.225620	0.274882	0.069582	0.056943	0.002978	0.263030	0.260696	0.003281	0.001136	0.302285	0.241841	0.002164	0.066909	0.201110	0.021757	1.995500
213.750000	73.042200	0.000864	0.199759	0.271300	0.093453	0.054129	0.003558	0.267086	0.266222	0.005226	0.001303	0.301521	0.258577	0.000890	0.050578	0.207505	0.031606	2.013580
219.375000	73.042200	0.001506	0.167255	0.285497	0.116329	0.011316	0.005719	0.278677	0.264392	0.008741	0.013407	0.297791	0.276288	0.001209	0.041522	0.195662	0.033883	1.999200
225.000000	73.042200	0.002692	0.146037	0.282303	0.139656	0.004451	0.005568	0.281686	0.282148	0.009496	0.010208	0.292246	0.300115	0.001220	0.035191	0.194410	0.035968	2.023400
230.625000	73.042200	0.002146	0.118511	0.280648	0.164645	0.004114	0.009916	0.274684	0.276416	0.011788	0.007046	0.287194	0.306027	0.002074	0.035471	0.196693	0.038091	2.015460
236.250000	73.042200	0.000709	0.090432	0.272335	0.202230	0.002124	0.052742	0.258202	0.258234	0.002429	0.003373	0.268361	0.315711	0.001130	0.032644	0.207517	0.052865	2.021040
241.875000	73.042200	0.001853	0.074665	0.272260	0.224733	0.002276	0.055326	0.264621	0.267339	0.001828	0.002501	0.246172	0.318396	0.001799	0.020939	0.198513	0.066698	2.019920
247.500000	73.042200	0.010826	0.071767	0.271602	0.239364	0.004100	0.032790	0.240552	0.261024	0.002749	0.001468	0.202321	0.305825	0.001619	0.014595	0.192612	0.081922	1.935140
253.125000	73.042200	0.036773	0.066552	0.274601	0.245282	0.003443	0.001444	0.210181	0.261291	0.002302	0.000527	0.151657	0.290540	0.000358	0.008357	0.185285	0.090545	1.829140
258.750000	73.042200	0.063166	0.078980	0.258933	0.245326	0.022113	0.001988	0.156116	0.262824	0.008959	0.000520	0.109911	0.290933	0.000961	0.004636	0.178343	0.104861	1.788570
264.375000	73.042200	0.079779	0.085596	0.248470	0.244549	0.052660	0.004715	0.126900	0.257624	0.022174	0.000838	0.070086	0.280585	0.001261	0.003041	0.171547	0.129311	1.779140
270.000000	73.042200	0.089164	0.087654	0.243067	0.244460	0.094864	0.004997	0.089777	0.267022	0.054580	0.000859	0.037117	0.297359	0.002042	0.000759	0.150448	0.156089	1.820260
275.625000	73.042200	0.085296	0.076057	0.250049	0.244710	0.123708	0.005872	0.055137	0.257163	0.084057	0.000787	0.014050	0.293051	0.004042	0.001275	0.129829	0.169221	1.794300
281.250000	73.042200	0.075050	0.061977	0.244855	0.259652	0.157830	0.001580	0.019261	0.261401	0.125580	0.000472	0.001315	0.299153	0.005904	0.000767	0.107106	0.175361	1.797260
286.875000	73.042200	0.069449	0.033558	0.242899	0.262892	0.197457	0.001960	0.002705	0.279378	0.157931	0.001182	0.001177	0.304753	0.009343	0.001061	0.092870	0.193305	1.851920
292.500000	73.042200	0.066864	0.010804	0.234052	0.268518	0.235039	0.035287	0.003932	0.270982	0.196459	0.002443	0.000837	0.306289	0.016798	0.001624	0.082599	0.200820	1.933350
298.125000	73.042200	0.071408	0.001440	0.223887	0.269905	0.252494	0.061368	0.003298	0.271965	0.241290	0.003899	0.001859	0.312884	0.023392	0.001936	0.067442	0.202615	2.011080
303.750000	73.042200	0.085522	0.000864	0.199048	0.278845	0.282389	0.049206	0.002646	0.268027	0.268263	0.007024	0.002340	0.306427	0.031982	0.001507	0.049999	0.197338	2.031430
309.375000	73.042200	0.112976	0.002077	0.172001	0.288140	0.274028	0.012199	0.003610	0.269675	0.272398	0.009590	0.014192	0.307453	0.036913	0.001169	0.036435	0.200731	2.013590
315.000000	73.042200	0.145830	0.002657	0.138445	0.289277	0.271518	0.004363	0.004091	0.276946	0.286157	0.010840	0.009652	0.298422	0.034775	0.001661	0.034309	0.207048	2.015990
320.625000	73.042200	0.170561	0.002548	0.114369	0.280450	0.275312	0.005676	0.012902	0.273867	0.302246	0.014049	0.007093	0.278434	0.039239	0.000990	0.035257	0.207378	2.020370
326.250000	73.042200	0.199572	0.001131	0.086653	0.279958	0.264964	0.002308	0.049300	0.259313	0.311673	0.002398	0.003403	0.257103	0.050720	0.002025	0.033812	0.198441	2.002770
331.875000	73.042200	0.229471	0.000818	0.070429	0.277120	0.259434	0.002878	0.059636	0.259074	0.313005	0.001745	0.002015	0.239194	0.069373	0.001494	0.026077	0.194024	2.005790
337.500000	73.042200	0.229935	0.011601	0.069398	0.268898	0.273675	0.004120	0.033273	0.234159	0.301826	0.004165	0.001684	0.204337	0.085706	0.002091	0.014380	0.191964	1.931210
343.125000	73.042200	0.244516	0.037030	0.067472	0.264762	0.259330	0.003374	0.001875	0.202980	0.295864	0.005534	0.000555	0.163360	0.092976	0.000605	0.009823	0.184680	1.834740
348.750000	73.042200	0.244892	0.063280	0.074984	0.251344	0.261136	0.018077	0.002067	0.161176	0.299435	0.004909	0.000553	0.118647	0.109863	0.000593	0.004282	0.179575	1.794810
354.375000	73.042200	0.242967	0.080246	0.087660	0.247377	0.268864	0.051894	0.004580	0.129712	0.296694	0.015861	0.000837	0.088358	0.122793	0.001678	0.002062	0.173706	1.815290
2.812500	75.522500	0.250652	0.094228	0.085374	0.240305	0.267561	0.110503	0.004184	0.074585	0.318733	0.067907	0.000897	0.040063	0.163826	0.002023	0.000981	0.157225	1.879050
8.437500	75.522500	0.247298	0.092407	0.074083	0.241661	0.268677	0.148463	0.002977	0.033594	0.293344	0.110490	0.000717	0.016274	0.178537	0.002839	0.000955	0.124280	1.836600
14.062500	75.522500	0.265122	0.087624	0.044886	0.250551	0.267272	0.183696	0.001574	0.004888	0.289633	0.152590	0.000514	0.008118	0.193462	0.005127	0.001256	0.105303	1.861620
19.687500	75.522500	0.262847	0.072672	0.017654	0.232084	0.272694	0.237310	0.010024	0.002396	0.295215	0.193597	0.000948	0.003614	0.199159	0.008927	0.000802	0.102648	1.912590
25.312500	75.522500	0.267646	0.067922	0.002521	0.232752	0.280986	0.246370	0.036031	0.002320	0.313841	0.225585	0.001784	0.002397	0.201191	0.015534	0.002242	0.081519	1.980640
30.937500	75.522500	0.268154	0.073097	0.002487	0.199914	0.258412	0.256152	0.038248	0.003678	0.299964	0.253468	0.002301	0.003254	0.203230	0.022749	0.001304	0.064891	1.951300
36.562500	75.522500	0.280976	0.085340	0.002965	0.170809	0.271855	0.270308	0.029691	0.003828	0.303177	0.274267	0.004125	0.011720	0.202262	0.032361	0.001830	0.049152	1.994670
42.187500	75.522500	0.278883	0.120845	0.003754	0.143320	0.280244	0.273701	0.006465	0.002250	0.301814	0.283965	0.008609	0.021349	0.207399	0.027869	0.001873	0.038542	2.000880
47.812500	75.522500	0.277801	0.140879	0.002784	0.113604	0.279374	0.284868	0.002309	0.005718	0.289686	0.293704	0.020657	0.008283	0.217656	0.036784	0.002201	0.034194	2.010500
53.437500	75.522500	0.278787	0.169981	0.001878	0.089070	0.276141	0.273994	0.002932	0.029676	0.275713	0.299655	0.010603	0.005724	0.213013	0.044540	0.001468	0.032619	2.005790
59.062500	75.522500	0.264027	0.203571	0.001306	0.072812	0.257932	0.261092	0.002670	0.038426	0.258214	0.312515	0.001692	0.003150	0.203918	0.057994	0.001455	0.023719	1.964490
64.687500	75.522500	0.268655	0.225195	0.003827	0.069574	0.248875	0.276992	0.002682	0.040618	0.232040	0.308789	0.001239	0.002137	0.198222	0.080732	0.003302	0.017088	1.979960
70.312500	75.522500	0.257391	0.245517	0.017248	0.077706	0.223835	0.267808	0.002707	0.012818	0.191835	0.297734	0.002707	0.001829	0.187563	0.093716	0.001192	0.010097	1.891700
75.937500	75.522500	0.257583	0.243994	0.047003	0.090150	0.186318	0.280442	0.004681	0.001832	0.152144	0.295502	0.002550	0.000844	0.182531	0.105756	0.000849	0.006254	1.858430
81.562500	75.522500	0.252552	0.244065	0.074933	0.095389	0.143410	0.268438	0.033807	0.003985	0.108480	0.313141	0.008322	0.000779	0.178361	0.127268	0.001187	0.002815	1.856930
87.187500	75.522500	0.237964	0.239954	0.088254	0.097432	0.116957	0.270369	0.073153	0.004278	0.064469	0.316347	0.028403	0.001225	0.174190	0.150082	0.000940	0.001740	1.865760
92.812500	75.522500	0.235811	0.246470	0.097932	0.089545	0.065102	0.287401	0.116696	0.003983	0.029667	0.318936	0.057723	0.000579	0.154339	0.168016	0.001542	0.001437	1.875180
98.437500	75.522500	0.244302	0.240482	0.097074	0.077088	0.034506	0.269600	0.149394	0.002716	0.011626	0.300881	0.094372	0.000480	0.131435	0.185525	0.003743	0.001763	1.844990
104.062000	75.522500	0.249815	0.247493	0.087557	0.046578	0.003883	0.274663	0.187261	0.001390	0.005435	0.289949	0.136665	0.000701	0.109451	0.186210	0.005763	0.001094	1.833910
109.688000	75.522500	0.234307	0.260522	0.072734	0.014754	0.003352	0.269357	0.221695	0.010931	0.005572	0.300897	0.184724	0.000436	0.105609	0.193597	0.010328	0.000373	1.889190
115.312000	75.522500	0.230812	0.256761	0.067379	0.002907	0.001159	0.285898	0.253797	0.033111	0.002679	0.303977	0.228539	0.001800	0.080256	0.200548	0.016124	0.002118	1.967870
120.938000	75.522500	0.201504	0.272589	0.071757	0.003041	0.003634	0.274655	0.265564	0.039042	0.002863	0.313340	0.266435	0.001790	0.059296	0.194303	0.023968	0.001675	1.995460
126.562000	75.522500	0.172007	0.282142	0.088267	0.002288	0.003328	0.273504	0.268548	0.029393	0.010240	0.311754	0.277489	0.003912	0.048029	0.205386	0.033094	0.002013	2.011390
132.188000	75.522500	0.147238	0.284003	0.114096	0.003189	0.003360	0.278205	0.276905	0.007028	0.022963	0.305627	0.284432	0.010076	0.036718	0.210021	0.028982	0.002159	2.015000
137.812000	75.522500	0.117783	0.288006	0.140992	0.003085	0.006240	0.280945	0.274285	0.002514	0.007513	0.279190	0.301278	0.019498	0.030900	0.206968	0.038899	0.001340	1.999440
143.437000	75.522500	0.090090	0.278521	0.177765	0.002643	0.033293	0.274115	0.279422	0.002197	0.004867	0.274813	0.295217	0.010609	0.032571	0.214278	0.049793	0.002188	2.022380
149.062000	75.522500	0.068859	0.263794	0.196753	0.002092	0.036935	0.261676	0.271357	0.003592	0.003149	0.258305	0.317136	0.002305	0.023662	0.212381	0.067304	0.002044	1.991340
154.688000	75.522500	0.066389	0.267163	0.223514	0.003050	0.035212	0.251803	0.273021	0.002706	0.000920	0.229551	0.313751	0.001104	0.013759	0.201430	0.080639	0.002121	1.966130
160.312000	75.522500	0.073295	0.258529	0.231369	0.016361	0.011381	0.233295	0.266716	0.002679	0.001509	0.187477	0.314914	0.003963	0.011127	0.197495	0.093080	0.000770	1.903960
165.938000	75.522500	0.083297	0.255853	0.241777	0.048436	0.002050	0.189324	0.282435	0.003427	0.000449	0.143516	0.298803	0.002786	0.005496	0.194745	0.106091	0.000741	1.859230
171.562000	75.522500	0.099854	0.253142	0.247596	0.074537	0.002766	0.149077	0.256221	0.035588	0.001009	0.092221	0.309395	0.009785	0.003391	0.179162	0.123708	0.000931	1.838380
177.188000	75.522500	0.098039	0.240897	0.242414	0.088025	0.003167	0.109896	0.273309	0.070622	0.001021	0.061745	0.315966	0.029632	0.001561	0.175217	0.149490	0.001650	1.862650
182.812000	75.522500	0.085767	0.244363	0.245062	0.094691	0.004223	0.071655	0.277854	0.106203	0.001122	0.029102	0.322477	0.062652	0.000980	0.146873	0.168167	0.001485	1.862670
188.438000	75.522500	0.073817	0.240829	0.259379	0.095072	0.004028	0.035738	0.275622	0.148234	0.000541	0.008418	0.310385	0.093070	0.001069	0.123974	0.180802	0.001938	1.852920
194.062000	75.522500	0.043488	0.242624	0.257490	0.085026	0.001864	0.004286	0.281764	0.179472	0.000958	0.002290	0.298732	0.135876	0.000624	0.114568	0.187237	0.005518	1.841820
199.687000	75.522500	0.015623	0.232451	0.253364	0.073743	0.012780	0.003203	0.279647	0.226252	0.000919	0.003303	0.296857	0.184349	0.000491	0.096097	0.191372	0.011239	1.881690
205.312000	75.522500	0.002650	0.220565	0.255114	0.068837	0.036047	0.002045	0.267439	0.248443	0.002030	0.000871	0.307499	0.223497	0.002258	0.085687	0.197010	0.014451	1.934440
210.938000	75.522500	0.001749	0.206883	0.275978	0.069375	0.037222	0.002713	0.267621	0.266140	0.003655	0.001705	0.313212	0.258724	0.002366	0.063277	0.204592	0.024015	1.999230
216.562000	75.522500	0.002900	0.179683	0.273003	0.088369	0.029921	0.003076	0.277722	0.261397	0.005124	0.011452	0.316378	0.273592	0.001729	0.049653	0.206944	0.030198	2.011140
222.188000	75.522500	0.003280	0.142189	0.274594	0.120272	0.005748	0.003339	0.283685	0.269027	0.008123	0.020319	0.295166	0.288526	0.002649	0.039188	0.203159	0.033541	1.992810
227.812000	75.522500	0.001847	0.122241	0.276663	0.140737	0.002256	0.006894	0.281392	0.275990	0.022943	0.008881	0.292189	0.291579	0.002368	0.030351	0.210989	0.035600	2.002920
233.438000	75.522500	0.001973	0.089581	0.272692	0.173979	0.003522	0.025593	0.272198	0.262187	0.010362	0.004640	0.278694	0.302558	0.001814	0.031203	0.200032	0.051655	1.982680
239.062000	75.522500	0.002630	0.065060	0.275357	0.207536	0.002575	0.035481	0.260355	0.261493	0.001861	0.002097	0.259267	0.322658	0.001948	0.021822	0.197819	0.063401	1.981360
244.687000	75.522500	0.003533	0.065379	0.266855	0.225400	0.002602	0.032990	0.244790	0.273050	0.002285	0.001737	0.235876	0.312966	0.002543	0.014616	0.200755	0.080955	1.966330
250.312000	75.522500	0.018978	0.074347	0.262589	0.236273	0.002811	0.011482	0.230342	0.277387	0.003742	0.000923	0.181864	0.299853	0.000924	0.009516	0.196778	0.096470	1.904280
255.937000	75.522500	0.044207	0.085565	0.261749	0.240630	0.003844	0.001203	0.186378	0.268922	0.005868	0.000723	0.141065	0.300172	0.001933	0.004535	0.196356	0.102219	1.845370
261.562000	75.522500	0.077761	0.100077	0.245898	0.244622	0.039178	0.003306	0.143827	0.268555	0.014644	0.000802	0.089728	0.305420	0.001652	0.002566	0.180739	0.120244	1.839020
267.188000	75.522500	0.084828	0.096941	0.240655	0.240362	0.074075	0.003097	0.108446	0.269617	0.035240	0.000653	0.061805	0.311764	0.001511	0.001564	0.167409	0.151844	1.849810
272.812000	75.522500	0.093729	0.090854	0.250632	0.244220	0.116314	0.003558	0.068088	0.271210	0.078032	0.000849	0.028289	0.324754	0.001430	0.000881	0.157586	0.169001	1.899430
278.438000	75.522500	0.095847	0.078194	0.242260	0.257265	0.149598	0.002827	0.034928	0.274001	0.114992	0.000891	0.007457	0.298977	0.003628	0.001213	0.128558	0.181780	1.872420
284.062000	75.522500	0.088826	0.045348	0.241508	0.256661	0.187274	0.001756	0.004562	0.263127	0.151063	0.000947	0.002674	0.298676	0.005574	0.000568	0.107711	0.185350	1.841630
289.688000	75.522500	0.077368	0.018315	0.230375	0.266644	0.226728	0.010846	0.002832	0.271150	0.191491	0.001262	0.003028	0.307065	0.007915	0.000502	0.097895	0.198791	1.912210
295.312000	75.522500	0.071981	0.003046	0.223660	0.273867	0.249816	0.038773	0.003449	0.285146	0.230049	0.002599	0.001336	0.306656	0.016062	0.002616	0.083090	0.195671	1.987820
300.938000	75.522500	0.068605	0.001889	0.195805	0.274670	0.262809	0.035890	0.002391	0.269151	0.254915	0.003446	0.001517	0.306812	0.027152	0.002306	0.066048	0.208558	1.981960
306.562000	75.522500	0.088390	0.002216	0.171768	0.272013	0.264548	0.028614	0.002562	0.268097	0.277231	0.005143	0.010256	0.308407	0.028650	0.001660	0.046706	0.197890	1.974150
312.187000	75.522500	0.118377	0.002208	0.144022	0.284514	0.277298	0.006596	0.003081	0.281053	0.281710	0.009126	0.021070	0.297491	0.031201	0.002300	0.036213	0.206623	2.002880
317.812000	75.522500	0.146991	0.003042	0.115933	0.278645	0.276671	0.002890	0.006280	0.273216	0.296756	0.022642	0.008192	0.287084	0.036840	0.002774	0.030491	0.212866	2.001310
323.438000	75.522500	0.175731	0.002743	0.093863	0.267782	0.264564	0.003491	0.026759	0.262646	0.298013	0.010054	0.004798	0.270815	0.048028	0.002161	0.031085	0.206269	1.968800
329.062000	75.522500	0.194685	0.001679	0.062085	0.268641	0.267527	0.002829	0.038610	0.264397	0.300522	0.002798	0.003044	0.259368	0.058206	0.002085	0.023047	0.205219	1.954740
334.688000	75.522500	0.215919	0.003212	0.068329	0.265243	0.279665	0.002902	0.034455	0.251807	0.307894	0.001899	0.001507	0.226976	0.077744	0.002383	0.015974	0.203849	1.959760
340.312000	75.522500	0.234947	0.018365	0.075624	0.257351	0.269853	0.003147	0.010447	0.222997	0.294757	0.006463	0.000696	0.188217	0.095046	0.000922	0.009593	0.196850	1.885270
345.938000	75.522500	0.247183	0.045080	0.082561	0.246834	0.267213	0.005458	0.001109	0.180391	0.305358	0.006316	0.000472	0.152505	0.110650	0.001120	0.004898	0.191277	1.848430
351.562000	75.522500	0.246233	0.074395	0.098575	0.256111	0.271033	0.036380	0.003387	0.140708	0.299433	0.009681	0.000723	0.116482	0.121090	0.001041	0.002246	0.173071	1.850590
357.187000	75.522500	0.244599	0.091111	0.095607	0.253676	0.267484	0.068478	0.003600	0.113715	0.310434	0.031568	0.001208	0.074177	0.154082	0.001164	0.000834	0.169487	1.881220
0.000000	77.975300	0.243929	0.087786	0.089955	0.242879	0.280659	0.084343	0.002078	0.083048	0.326107	0.055572	0.001681	0.066484	0.176786	0.000974	0.001275	0.170587	1.914140
5.625000	77.975300	0.246899	0.103995	0.083953	0.231708	0.285654	0.127274	0.002477	0.050694	0.321405	0.098284	0.001435	0.029991	0.177233	0.001220	0.001127	0.158300	1.921650
11.250000	77.975300	0.252641	0.095131	0.062176	0.238013	0.274433	0.171661	0.002810	0.015807	0.312274	0.143812	0.000712	0.009465	0.197937	0.002067	0.001216	0.122411	1.902570
16.875000	77.975300	0.258235	0.090508	0.018655	0.232552	0.274568	0.206291	0.003061	0.001969	0.297302	0.169941	0.000762	0.004459	0.201094	0.006309	0.001087	0.110885	1.877680
22.500000	77.975300	0.255649	0.079976	0.006073	0.220910	0.283170	0.243448	0.008260	0.002594	0.292503	0.219066	0.001411	0.004037	0.210105	0.011439	0.000525	0.104958	1.944120
28.125000	77.975300	0.269351	0.066254	0.001944	0.201351	0.270762	0.254282	0.011266	0.003980	0.302102	0.259779	0.001970	0.002032	0.207618	0.016535	0.002620	0.076616	1.948460
33.750000	77.975300	0.258390	0.068898	0.002527	0.172351	0.274173	0.279296	0.045938	0.005078	0.307937	0.267510	0.002916	0.004489	0.208193	0.025652	0.002311	0.057547	1.983210
39.375000	77.975300	0.258636	0.092480	0.001197	0.142385	0.278551	0.272765	0.021723	0.002782	0.311412	0.285529	0.004072	0.023413	0.212081	0.026884	0.002524	0.045471	1.981910
45.000000	77.975300	0.273287	0.120901	0.001652	0.119518	0.277596	0.282077	0.002013	0.003454	0.290477	0.289097	0.023161	0.023994	0.214763	0.030660	0.003062	0.032217	1.987930
50.625000	77.975300	0.262652	0.146320	0.000540	0.096602	0.271815	0.277721	0.002593	0.022890	0.283320	0.308031	0.023972	0.004370	0.208542	0.046047	0.002810	0.026921	1.985150
56.250000	77.975300	0.274333	0.173015	0.003054	0.070534	0.269527	0.275561	0.006241	0.048714	0.261003	0.307940	0.004900	0.003486	0.209431	0.057583	0.001370	0.025203	1.991900
61.875000	77.975300	0.258267	0.205620	0.001577	0.065203	0.256116	0.272424	0.002592	0.011164	0.244100	0.313801	0.002102	0.001099	0.206647	0.085494	0.002141	0.016381	1.944730
67.500000	77.975300	0.273148	0.225017	0.006465	0.081711	0.237097	0.285108	0.003052	0.010782	0.214755	0.298839	0.003726	0.001896	0.204281	0.095873	0.000616	0.010821	1.953190
73.125000	77.975300	0.263997	0.225970	0.022708	0.088256	0.209868	0.284311	0.003117	0.002841	0.179349	0.297112	0.004489	0.001473	0.200701	0.109778	0.000607	0.005355	1.899930
78.750000	77.975300	0.248349	0.231448	0.059813	0.096717	0.158303	0.277856	0.016104	0.003144	0.135372	0.317129	0.004760	0.001195	0.199917	0.124716	0.002663	0.003367	1.880850
84.375000	77.975300	0.243025	0.234144	0.079899	0.102938	0.128751	0.281341	0.048487	0.002311	0.089643	0.314278	0.023063	0.001678	0.183253	0.154974	0.000547	0.001562	1.889900
90.000000	77.975300	0.243433	0.235410	0.090045	0.091960	0.085878	0.276982	0.088960	0.002491	0.053786	0.319302	0.052059	0.001253	0.165456	0.172561	0.001029	0.001123	1.881730
95.625000	77.975300	0.243965	0.243900	0.105854	0.077193	0.052427	0.277442	0.131213	0.002324	0.022363	0.321367	0.084288	0.000708	0.148652	0.190415	0.001006	0.001532	1.904650
101.250000	77.975300	0.238865	0.255240	0.097723	0.059415	0.015659	0.276422	0.164948	0.002379	0.006820	0.305872	0.129633	0.000943	0.124408	0.192055	0.002686	0.001234	1.874300
106.875000	77.975300	0.231075	0.251832	0.089495	0.017389	0.003048	0.280567	0.207492	0.002589	0.006916	0.304849	0.174126	0.000632	0.104288	0.194054	0.004584	0.001600	1.874530
112.500000	77.975300	0.225992	0.252344	0.078175	0.007243	0.003469	0.280141	0.231654	0.010458	0.006172	0.297858	0.218224	0.001463	0.095801	0.202780	0.010105	0.001041	1.922920
118.125000	77.975300	0.199729	0.263893	0.064843	0.001626	0.002290	0.261722	0.254546	0.008492	0.001265	0.309955	0.250374	0.001721	0.081124	0.203360	0.018132	0.001948	1.925020
123.750000	77.975300	0.177718	0.275462	0.070476	0.002634	0.005221	0.282210	0.267465	0.050507	0.004744	0.298847	0.269134	0.003820	0.066945	0.205802	0.024620	0.001601	2.007210
129.375000	77.975300	0.139912	0.270614	0.094499	0.001675	0.002971	0.276842	0.274305	0.023814	0.024453	0.302371	0.272615	0.002985	0.048718	0.210441	0.026239	0.002535	1.974990
135.000000	77.975300	0.115126	0.273333	0.117454	0.001266	0.002965	0.273428	0.276167	0.002828	0.023962	0.300030	0.288257	0.024293	0.033348	0.209204	0.033030	0.001917	1.976610
140.625000	77.975300	0.091803	0.267946	0.140169	0.001693	0.024248	0.276875	0.276141	0.002365	0.005060	0.276387	0.301027	0.024090	0.029113	0.207634	0.042887	0.002363	1.969800
146.250000	77.975300	0.066540	0.272099	0.174914	0.003204	0.050445	0.266698	0.272122	0.005251	0.003870	0.273936	0.306173	0.005360	0.023708	0.203191	0.059476	0.003168	1.990150
151.875000	77.975300	0.066033	0.265813	0.201754	0.002060	0.008174	0.257338	0.278167	0.003403	0.002195	0.247964	0.311766	0.002325	0.016999	0.206174	0.080301	0.001726	1.952190
157.500000	77.975300	0.079980	0.258802	0.219699	0.006108	0.009072	0.241862	0.283265	0.002611	0.001470	0.214716	0.299353	0.002670	0.010349	0.200208	0.099601	0.001217	1.930980
163.125000	77.975300	0.082841	0.258845	0.229520	0.021598	0.004014	0.210303	0.284707	0.004167	0.001032	0.169082	0.292118	0.002350	0.005315	0.200483	0.106752	0.000947	1.874070
168.750000	77.975300	0.099741	0.246644	0.239519	0.064531	0.002763	0.163978	0.277730	0.018143	0.001304	0.117609	0.299995	0.003910	0.002224	0.190011	0.127633	0.002313	1.858050
174.375000	77.975300	0.101342	0.241960	0.237909	0.081488	0.003011	0.127991	0.275743	0.053063	0.000850	0.085617	0.332498	0.020071	0.001350	0.179994	0.149538	0.001764	1.894190
180.000000	77.975300	0.093413	0.240016	0.235291	0.093941	0.002176	0.086041	0.273446	0.089477	0.001119	0.049443	0.317585	0.048668	0.001058	0.174209	0.173784	0.001158	1.880820
185.625000	77.975300	0.080882	0.240062	0.248546	0.098253	0.002978	0.049755	0.284365	0.129814	0.000662	0.020479	0.317621	0.082206	0.001206	0.157695	0.187506	0.000869	1.902900
191.250000	77.975300	0.064078	0.243646	0.245946	0.100822	0.003412	0.017132	0.278170	0.168786	0.000932	0.005419	0.309101	0.128723	0.002128	0.128052	0.192116	0.003426	1.891890
196.875000	77.975300	0.018636	0.241444	0.253761	0.092465	0.002779	0.002756	0.279028	0.205102	0.001039	0.003315	0.289291	0.163866	0.001597	0.108824	0.191822	0.006639	1.862360
202.500000	77.975300	0.007528	0.224957	0.256700	0.078943	0.009006	0.003547	0.274940	0.237294	0.001738	0.003269	0.315390	0.222872	0.000949	0.097136	0.206171	0.009826	1.950260
208.125000	77.975300	0.001598	0.198944	0.260916	0.062477	0.010762	0.003126	0.273527	0.259712	0.001980	0.002076	0.297178	0.248548	0.002838	0.080250	0.207329	0.015508	1.926770
213.750000	77.975300	0.002358	0.182906	0.269415	0.072141	0.044305	0.006734	0.272213	0.270709	0.003743	0.005366	0.312401	0.262612	0.001921	0.063140	0.205718	0.024228	1.999910
219.375000	77.975300	0.001307	0.149862	0.277631	0.094759	0.023507	0.002680	0.278040	0.268810	0.003873	0.025712	0.306761	0.286733	0.002290	0.050003	0.209550	0.027429	2.008950
225.000000	77.975300	0.002132	0.118538	0.258681	0.123184	0.002928	0.002694	0.275210	0.291071	0.026232	0.026888	0.291572	0.294847	0.001951	0.035731	0.209886	0.034358	1.995900
230.625000	77.975300	0.001688	0.092586	0.263803	0.149017	0.002512	0.024950	0.276599	0.277377	0.024531	0.004758	0.284591	0.299902	0.002430	0.025030	0.211010	0.042578	1.983360
236.250000	77.975300	0.002869	0.075102	0.266702	0.170401	0.004489	0.050125	0.265702	0.271592	0.004740	0.002773	0.265709	0.312738	0.002135	0.025190	0.201796	0.057430	1.979490
241.875000	77.975300	0.001882	0.066294	0.262037	0.206375	0.002790	0.010285	0.250785	0.280549	0.003168	0.001377	0.255558	0.312141	0.002609	0.016180	0.207331	0.078586	1.957950
247.500000	77.975300	0.007283	0.080335	0.255670	0.225240	0.002499	0.009552	0.248546	0.277623	0.004598	0.000765	0.219666	0.295987	0.001478	0.011960	0.201821	0.094794	1.937820
253.125000	77.975300	0.019813	0.090009	0.251918	0.234247	0.003559	0.003142	0.213708	0.272488	0.005145	0.001004	0.170198	0.294209	0.000744	0.006446	0.200593	0.107229	1.874450
258.750000	77.975300	0.060384	0.101875	0.251289	0.243942	0.016006	0.003551	0.164938	0.280084	0.009315	0.001131	0.123722	0.307183	0.002199	0.003390	0.186271	0.120607	1.875890
264.375000	77.975300	0.081622	0.096329	0.244255	0.237736	0.052182	0.003251	0.122159	0.277817	0.026117	0.000975	0.081420	0.316527	0.001540	0.001531	0.186311	0.153754	1.883520
270.000000	77.975300	0.090444	0.095978	0.234057	0.240347	0.083816	0.003082	0.087231	0.279224	0.063656	0.000983	0.050031	0.317153	0.000850	0.000942	0.169594	0.170910	1.888300
275.625000	77.975300	0.103081	0.084140	0.231076	0.241021	0.128460	0.003422	0.052163	0.284209	0.097980	0.001549	0.018965	0.315195	0.001364	0.001428	0.154042	0.185026	1.903120
281.250000	77.975300	0.097902	0.059413	0.231922	0.242990	0.162398	0.003526	0.014474	0.278274	0.130642	0.000878	0.004623	0.305936	0.002252	0.001510	0.125761	0.190714	1.853220
286.875000	77.975300	0.085064	0.021925	0.236213	0.254104	0.207402	0.003643	0.002872	0.283940	0.180977	0.000826	0.002586	0.301416	0.006093	0.000638	0.111607	0.201567	1.900870
292.500000	77.975300	0.075292	0.005525	0.220808	0.259503	0.238778	0.010319	0.003125	0.274460	0.218990	0.002325	0.002600	0.297860	0.009438	0.001398	0.095331	0.203882	1.919630
298.125000	77.975300	0.066005	0.002120	0.205287	0.271003	0.257868	0.009064	0.002734	0.271823	0.242411	0.003372	0.002091	0.306211	0.017286	0.001333	0.078386	0.208011	1.945000
303.750000	77.975300	0.066540	0.002971	0.176225	0.271838	0.260405	0.047773	0.006122	0.269917	0.265642	0.003697	0.004636	0.313983	0.025186	0.001828	0.061110	0.209998	1.987870
309.375000	77.975300	0.093310	0.001014	0.141341	0.268921	0.277953	0.026852	0.002592	0.284044	0.281584	0.004658	0.025106	0.305185	0.026151	0.003052	0.041740	0.209394	1.992890
315.000000	77.975300	0.122398	0.001727	0.121869	0.268126	0.281661	0.003035	0.002526	0.283069	0.295049	0.026147	0.024376	0.289337	0.035406	0.002276	0.034861	0.210381	2.002250
320.625000	77.975300	0.146915	0.001497	0.091090	0.273273	0.281305	0.003305	0.023671	0.284896	0.297659	0.026372	0.004028	0.292948	0.042570	0.002860	0.024235	0.215035	2.011660
326.250000	77.975300	0.173237	0.002949	0.071961	0.263208	0.274024	0.005793	0.047771	0.272652	0.294224	0.005603	0.002462	0.262632	0.058645	0.001615	0.025291	0.214482	1.976550
331.875000	77.975300	0.209169	0.001347	0.068164	0.260926	0.273132	0.002463	0.009139	0.267784	0.312835	0.002750	0.001847	0.245384	0.078954	0.002607	0.017398	0.205450	1.959350
337.500000	77.975300	0.217908	0.005919	0.081503	0.252637	0.276827	0.002391	0.006653	0.238278	0.306470	0.004767	0.001404	0.214228	0.097852	0.000938	0.009991	0.200505	1.918270
343.125000	77.975300	0.231490	0.021421	0.093717	0.244900	0.265752	0.003841	0.002791	0.215886	0.294323	0.007241	0.001220	0.174992	0.107769	0.001081	0.006277	0.200232	1.872930
348.750000	77.975300	0.237060	0.057958	0.099895	0.251911	0.277869	0.017013	0.002365	0.166492	0.307685	0.006127	0.001392	0.133321	0.128440	0.001801	0.002501	0.198040	1.889870
354.375000	77.975300	0.238193	0.082014	0.101941	0.244467	0.275791	0.047229	0.002548	0.131101	0.324372	0.020046	0.001652	0.099065	0.153921	0.001119	0.001301	0.175728	1.900490
2.812500	80.405900	0.231099	0.099026	0.086196	0.225717	0.289694	0.109601	0.002457	0.065549	0.323517	0.082685	0.000484	0.048246	0.181025	0.000693	0.000624	0.177561	1.924170
8.437500	80.405900	0.241371	0.098706	0.063845	0.241016	0.283019	0.151181	0.001945	0.034399	0.317019	0.123805	0.001456	0.019232	0.192524	0.001173	0.001469	0.153067	1.925230
14.062500	80.405900	0.251139	0.091145	0.027481	0.228639	0.280209	0.187789	0.002824	0.003895	0.317266	0.160219	0.001458	0.006282	0.192752	0.004456	0.002070	0.128096	1.885720
19.687500	80.405900	0.249239	0.082787	0.009088	0.216027	0.280786	0.228897	0.010592	0.002580	0.303876	0.201239	0.000622	0.004140	0.199687	0.008512	0.000916	0.111485	1.910470
25.312500	80.405900	0.253943	0.061086	0.003281	0.193519	0.281249	0.253759	0.007286	0.002104	0.299628	0.238598	0.002274	0.004468	0.203986	0.012393	0.001563	0.099756	1.918890
30.937500	80.405900	0.256596	0.058918	0.022391	0.172829	0.279739	0.264573	0.011963	0.006939	0.308721	0.263904	0.002397	0.003839	0.214229	0.016381	0.003093	0.081359	1.967870
36.562500	80.405900	0.263371	0.072921	0.015401	0.146838	0.274969	0.272863	0.018888	0.003286	0.300571	0.280288	0.002447	0.011453	0.201708	0.023171	0.003053	0.058652	1.949880
42.187500	80.405900	0.273908	0.096490	0.012068	0.122220	0.287726	0.273180	0.013206	0.002701	0.291438	0.289413	0.020818	0.033668	0.218143	0.031664	0.003412	0.041679	2.011740
47.812500	80.405900	0.263883	0.117855	0.011254	0.098433	0.276176	0.279395	0.002232	0.011829	0.286352	0.293363	0.033941	0.021645	0.214217	0.043803	0.003601	0.027639	1.985620
53.437500	80.405900	0.261686	0.144974	0.015599	0.069518	0.269329	0.277272	0.003898	0.021851	0.286404	0.301221	0.012121	0.003565	0.213559	0.056985	0.002895	0.025784	1.966660
59.062500	80.405900	0.255427	0.165518	0.021864	0.058358	0.262835	0.284283	0.004971	0.013334	0.257661	0.311942	0.002297	0.002332	0.213855	0.081428	0.003017	0.017499	1.956620
64.687500	80.405900	0.249467	0.200631	0.005036	0.059876	0.245429	0.293586	0.002625	0.009010	0.237702	0.290949	0.001045	0.002648	0.205884	0.101537	0.001358	0.014244	1.921030
70.312500	80.405900	0.250754	0.220496	0.009832	0.083669	0.225990	0.280356	0.001805	0.009052	0.201217	0.292152	0.003593	0.001687	0.213945	0.107041	0.001088	0.010522	1.913200
75.937500	80.405900	0.242668	0.222141	0.027991	0.093421	0.188653	0.282070	0.003252	0.002836	0.159591	0.316119	0.002780	0.001548	0.194940	0.127870	0.001470	0.004127	1.871480
81.562500	80.405900	0.236848	0.234780	0.062035	0.098842	0.142270	0.280330	0.031978	0.002354	0.119947	0.322115	0.015313	0.001208	0.193404	0.152057	0.001045	0.001130	1.895660
87.187500	80.405900	0.228247	0.242459	0.083952	0.092434	0.113721	0.283277	0.062173	0.002104	0.079903	0.322210	0.040305	0.001303	0.192242	0.173893	0.000965	0.001235	1.920420
92.812500	80.405900	0.227625	0.237494	0.094632	0.085664	0.063453	0.288156	0.105032	0.003335	0.038737	0.320410	0.073802	0.001035	0.160406	0.189875	0.000771	0.001378	1.891810
98.437500	80.405900	0.239368	0.240665	0.099659	0.064389	0.035090	0.285418	0.145933	0.001987	0.013699	0.316667	0.108697	0.001523	0.152266	0.188904	0.001106	0.001851	1.897220
104.062000	80.405900	0.235980	0.244575	0.099831	0.026976	0.003684	0.269909	0.187571	0.003234	0.004880	0.314822	0.151805	0.000803	0.126633	0.203231	0.003880	0.001507	1.879320
109.688000	80.405900	0.217089	0.246020	0.084144	0.009260	0.002780	0.288241	0.235929	0.007954	0.005083	0.291919	0.201305	0.001133	0.109396	0.195067	0.009015	0.001319	1.905660
115.312000	80.405900	0.200724	0.251337	0.063049	0.003621	0.001855	0.288764	0.256341	0.006783	0.003260	0.304732	0.248082	0.002232	0.093893	0.205199	0.013400	0.002393	1.945660
120.938000	80.405900	0.171580	0.257275	0.055609	0.021089	0.005066	0.280952	0.270168	0.011055	0.002339	0.308853	0.260173	0.002003	0.073655	0.207401	0.017217	0.002921	1.947350
126.562000	80.405900	0.146625	0.263139	0.073705	0.015614	0.003120	0.283970	0.275931	0.017708	0.014220	0.306879	0.287723	0.004008	0.058638	0.218255	0.024010	0.003683	1.997230
132.188000	80.405900	0.117522	0.267567	0.096254	0.012003	0.002841	0.274241	0.282592	0.009833	0.033697	0.293251	0.298636	0.022347	0.043685	0.216795	0.029566	0.003070	2.003900
137.812000	80.405900	0.099354	0.264134	0.119223	0.011285	0.011175	0.287837	0.275317	0.002607	0.020263	0.282124	0.292237	0.035073	0.030755	0.209074	0.038895	0.004160	1.983510
143.437000	80.405900	0.067139	0.260634	0.148047	0.016302	0.018533	0.278704	0.272881	0.002534	0.003605	0.272371	0.295479	0.012197	0.024624	0.210291	0.057415	0.002756	1.943510
149.062000	80.405900	0.055784	0.254535	0.166866	0.022074	0.012209	0.251812	0.277133	0.005900	0.002185	0.257307	0.309117	0.002184	0.018657	0.212469	0.080446	0.002319	1.931000
154.688000	80.405900	0.058901	0.244891	0.198799	0.003738	0.007125	0.247362	0.285723	0.002347	0.001896	0.248500	0.301646	0.001660	0.013599	0.209112	0.095284	0.002101	1.922690
160.312000	80.405900	0.090066	0.245584	0.218805	0.009019	0.008828	0.237835	0.286184	0.002335	0.001418	0.200909	0.296737	0.003731	0.008833	0.209569	0.109285	0.001233	1.930370
165.938000	80.405900	0.096559	0.246727	0.232809	0.026322	0.002999	0.186717	0.280668	0.003689	0.001709	0.148963	0.324164	0.002684	0.004686	0.195296	0.125085	0.000860	1.879940
171.562000	80.405900	0.099265	0.245202	0.237258	0.066994	0.002673	0.138802	0.288216	0.030015	0.000932	0.113448	0.312083	0.015375	0.000973	0.190000	0.151114	0.001322	1.893670
177.188000	80.405900	0.091163	0.231385	0.248642	0.082300	0.002903	0.100488	0.291119	0.061992	0.001314	0.069865	0.315530	0.043674	0.000883	0.186818	0.168015	0.000955	1.897050
182.812000	80.405900	0.078699	0.241729	0.231293	0.094563	0.002586	0.066314	0.284891	0.101530	0.001453	0.039992	0.323365	0.074657	0.001005	0.170426	0.180913	0.000776	1.894190
188.438000	80.405900	0.068319	0.230386	0.237787	0.102887	0.002407	0.033279	0.285837	0.144085	0.001302	0.014488	0.322696	0.110567	0.001564	0.152796	0.195239	0.001276	1.904910
194.062000	80.405900	0.027784	0.227625	0.246566	0.092385	0.003261	0.003641	0.287662	0.182580	0.001500	0.002074	0.318350	0.153472	0.001540	0.124084	0.198603	0.004360	1.875490
199.687000	80.405900	0.008628	0.218099	0.251184	0.086206	0.009650	0.002051	0.290816	0.226987	0.001491	0.004267	0.288471	0.199895	0.000805	0.113041	0.207246	0.009383	1.918220
205.312000	80.405900	0.004677	0.200367	0.248227	0.062739	0.007451	0.002209	0.303705	0.247273	0.002540	0.001958	0.285753	0.237682	0.001548	0.097161	0.209986	0.012369	1.925640
210.938000	80.405900	0.020449	0.170059	0.260030	0.057619	0.013234	0.004899	0.277697	0.254052	0.002502	0.002104	0.307153	0.262436	0.002604	0.079143	0.209056	0.016549	1.939580
216.562000	80.405900	0.017072	0.143647	0.267947	0.064319	0.022470	0.003490	0.290398	0.274082	0.003115	0.012039	0.311689	0.272325	0.002792	0.059945	0.205794	0.021985	1.973110
222.188000	80.405900	0.010667	0.121235	0.262773	0.093005	0.010148	0.002277	0.278449	0.279431	0.018958	0.033805	0.295397	0.292617	0.003510	0.043460	0.210239	0.031696	1.987670
227.812000	80.405900	0.011611	0.094562	0.260625	0.120574	0.003249	0.011996	0.284643	0.281996	0.035455	0.022121	0.283687	0.297997	0.003462	0.033013	0.220144	0.039185	2.004320
233.438000	80.405900	0.015516	0.073622	0.254979	0.143670	0.002063	0.016024	0.278471	0.281835	0.012495	0.003051	0.276607	0.309079	0.003376	0.024257	0.216683	0.055525	1.967250
239.062000	80.405900	0.019886	0.063834	0.250392	0.169749	0.004733	0.010669	0.265659	0.275841	0.003241	0.001562	0.253793	0.311382	0.002654	0.016559	0.206641	0.080900	1.937500
244.687000	80.405900	0.003003	0.059676	0.263274	0.196726	0.002303	0.006565	0.243253	0.291046	0.002815	0.002025	0.240413	0.297529	0.001774	0.014191	0.211512	0.098047	1.934150
250.312000	80.405900	0.008063	0.084284	0.246492	0.213326	0.002266	0.008549	0.227867	0.272188	0.002745	0.001060	0.206808	0.295707	0.001016	0.008472	0.195641	0.109684	1.884170
255.937000	80.405900	0.024683	0.100867	0.245866	0.233509	0.002731	0.002988	0.194861	0.283188	0.005623	0.001111	0.146999	0.313142	0.001196	0.004249	0.198479	0.124450	1.883940
261.562000	80.405900	0.064816	0.098352	0.238900	0.240195	0.034840	0.002333	0.138031	0.285684	0.021410	0.001675	0.112529	0.309896	0.001664	0.000699	0.197624	0.154644	1.903290
267.188000	80.405900	0.085573	0.088723	0.243496	0.231688	0.064761	0.001403	0.103861	0.289043	0.048632	0.002432	0.071297	0.318403	0.000879	0.000649	0.183063	0.172210	1.906110
272.812000	80.405900	0.091135	0.087894	0.235823	0.237506	0.108653	0.003081	0.066466	0.280594	0.081354	0.001689	0.041196	0.319908	0.000795	0.000809	0.163806	0.185259	1.905970
278.438000	80.405900	0.097958	0.065791	0.234496	0.237345	0.150071	0.002555	0.032534	0.285478	0.122351	0.001186	0.012675	0.319965	0.000896	0.001798	0.156612	0.197055	1.918770
284.062000	80.405900	0.093382	0.027976	0.225585	0.241573	0.192021	0.002937	0.003281	0.288108	0.160300	0.001807	0.002548	0.307359	0.004712	0.002214	0.124738	0.201589	1.880130
289.688000	80.405900	0.086386	0.010372	0.218618	0.250360	0.232487	0.011530	0.001412	0.278777	0.204999	0.001335	0.004177	0.299486	0.006425	0.000920	0.107631	0.201607	1.916520
295.312000	80.405900	0.058809	0.004666	0.199452	0.257379	0.245245	0.006437	0.001882	0.282820	0.242133	0.002947	0.001767	0.297159	0.012090	0.001792	0.098064	0.213867	1.926510
300.938000	80.405900	0.062697	0.021984	0.173170	0.252164	0.265979	0.014622	0.005852	0.285204	0.256761	0.002925	0.002273	0.314835	0.016216	0.002604	0.077050	0.211356	1.965690
306.562000	80.405900	0.067693	0.015465	0.141383	0.265305	0.274151	0.021444	0.001976	0.279407	0.270683	0.003869	0.011570	0.303152	0.025293	0.002848	0.054718	0.203914	1.942870
312.187000	80.405900	0.094438	0.012515	0.123886	0.260375	0.278814	0.010667	0.003511	0.287309	0.289181	0.020814	0.031240	0.301672	0.029877	0.003021	0.043648	0.217199	2.008170
317.812000	80.405900	0.120729	0.011233	0.096847	0.269053	0.282699	0.002694	0.013041	0.284470	0.294485	0.037134	0.023841	0.291977	0.039527	0.003431	0.034549	0.209288	2.015000
323.438000	80.405900	0.141952	0.017647	0.068708	0.262483	0.286516	0.002452	0.016605	0.271490	0.300889	0.011815	0.002762	0.272618	0.057344	0.003018	0.025074	0.215033	1.956410
329.062000	80.405900	0.167857	0.020143	0.060595	0.254434	0.274496	0.004219	0.011078	0.261389	0.306602	0.002846	0.002636	0.263431	0.080988	0.002845	0.019419	0.215366	1.948340
334.688000	80.405900	0.201470	0.003034	0.065124	0.257622	0.282671	0.003408	0.007960	0.249062	0.286383	0.002837	0.001907	0.239926	0.094738	0.001715	0.011861	0.211935	1.921650
340.312000	80.405900	0.212384	0.008856	0.081819	0.256811	0.277372	0.002589	0.009377	0.225914	0.296643	0.005721	0.000941	0.204635	0.112120	0.001277	0.009829	0.207742	1.914030
345.938000	80.405900	0.229392	0.024395	0.096197	0.250224	0.285100	0.003698	0.002547	0.182555	0.310641	0.004688	0.001230	0.166301	0.123527	0.000946	0.004355	0.202620	1.888410
351.562000	80.405900	0.233567	0.067047	0.096930	0.240989	0.276699	0.033706	0.003166	0.152957	0.317913	0.017326	0.001631	0.122313	0.145624	0.001543	0.001061	0.196738	1.909210
357.187000	80.405900	0.234999	0.086299	0.095975	0.238484	0.277532	0.062653	0.003068	0.110170	0.323721	0.040063	0.001044	0.088132	0.180999	0.001199	0.000918	0.191522	1.936780
0.000000	82.819200	0.227695	0.085332	0.087468	0.232054	0.289357	0.079553	0.002763	0.087277	0.322677	0.063709	0.001733	0.073722	0.182287	0.001343	0.001009	0.184505	1.922490
5.625000	82.819200	0.236350	0.090527	0.065599	0.225324	0.286755	0.124168	0.002003	0.043687	0.308697	0.105007	0.001809	0.032673	0.195187	0.002326	0.001084	0.173463	1.894660
11.250000	82.819200	0.245192	0.093397	0.033201	0.225095	0.290236	0.170466	0.001942	0.010848	0.314613	0.145298	0.001906	0.009172	0.206290	0.006624	0.001681	0.150052	1.906020
16.875000	82.819200	0.242810	0.089348	0.009497	0.224452	0.286289	0.214318	0.004120	0.001870	0.309682	0.187556	0.001294	0.004327	0.203941	0.010701	0.001341	0.121813	1.913360
22.500000	82.819200	0.237837	0.066943	0.006282	0.200725	0.289527	0.252533	0.008934	0.002100	0.296226	0.227320	0.002289	0.004840	0.211730	0.012674	0.002308	0.109822	1.932090
28.125000	82.819200	0.256155	0.049840	0.005249	0.169637	0.281059	0.254018	0.004066	0.004430	0.306857	0.261275	0.002468	0.002646	0.211292	0.014891	0.002790	0.092763	1.919440
33.750000	82.819200	0.243892	0.054492	0.045192	0.145525	0.283707	0.267739	0.021303	0.010942	0.306962	0.267775	0.003168	0.003413	0.215465	0.018352	0.004181	0.078984	1.971090
39.375000	82.819200	0.256093	0.070454	0.047653	0.124508	0.274727	0.266275	0.034064	0.002270	0.301812	0.278038	0.014311	0.022953	0.217338	0.026792	0.003621	0.056045	1.996950
45.000000	82.819200	0.248603	0.094702	0.044052	0.093242	0.278940	0.278445	0.004793	0.005831	0.285932	0.285406	0.033870	0.037525	0.215747	0.040931	0.005173	0.038038	1.991230
50.625000	82.819200	0.253150	0.124184	0.048949	0.071959	0.283766	0.286152	0.002361	0.033323	0.274580	0.296079	0.022542	0.014558	0.214612	0.055290	0.004321	0.029145	2.014970
56.250000	82.819200	0.259260	0.147928	0.040998	0.050405	0.262598	0.281903	0.010310	0.022056	0.265584	0.300610	0.002858	0.002763	0.213210	0.073128	0.004195	0.017154	1.954960
61.875000	82.819200	0.245865	0.164917	0.006751	0.050977	0.255566	0.274220	0.003178	0.003705	0.260804	0.306719	0.001663	0.002524	0.212875	0.096324	0.003210	0.014420	1.903720
67.500000	82.819200	0.245274	0.198918	0.006906	0.060426	0.241277	0.286535	0.002777	0.008360	0.234534	0.295719	0.003417	0.003382	0.212814	0.109822	0.002985	0.014571	1.927720
73.125000	82.819200	0.244891	0.213848	0.009605	0.084449	0.214866	0.288083	0.001508	0.002614	0.190272	0.316170	0.002845	0.001776	0.210677	0.121586	0.002135	0.011865	1.917190
78.750000	82.819200	0.238173	0.223915	0.033431	0.097735	0.161882	0.287158	0.012814	0.002647	0.141133	0.311365	0.006896	0.001962	0.202850	0.151807	0.001758	0.007424	1.882950
84.375000	82.819200	0.236094	0.232716	0.069066	0.095593	0.119622	0.284600	0.044330	0.002231	0.103551	0.311359	0.028246	0.002031	0.195163	0.175038	0.001296	0.002337	1.903280
90.000000	82.819200	0.230251	0.227089	0.079949	0.088537	0.085072	0.298847	0.077175	0.002680	0.064946	0.307176	0.062401	0.001745	0.195239	0.186958	0.001128	0.001766	1.910960
95.625000	82.819200	0.231986	0.228315	0.094320	0.069901	0.046699	0.283126	0.121695	0.001587	0.031426	0.309510	0.101846	0.001371	0.173190	0.199359	0.002219	0.001506	1.898050
101.250000	82.819200	0.229427	0.233879	0.094176	0.034857	0.012232	0.282272	0.171328	0.002770	0.006706	0.314596	0.143024	0.001135	0.150205	0.203240	0.007927	0.001987	1.889760
106.875000	82.819200	0.215277	0.244127	0.090939	0.010151	0.002289	0.290961	0.208732	0.002964	0.004833	0.309633	0.186625	0.001008	0.127499	0.208737	0.010458	0.001979	1.916220
112.500000	82.819200	0.198692	0.246786	0.069996	0.007408	0.001777	0.283165	0.243112	0.007799	0.004526	0.291213	0.226636	0.003284	0.104511	0.213627	0.015897	0.002196	1.920630
118.125000	82.819200	0.173417	0.249071	0.051171	0.006912	0.002315	0.280300	0.261820	0.004978	0.002043	0.299734	0.262261	0.002482	0.093403	0.217787	0.015832	0.001739	1.925270
123.750000	82.819200	0.142870	0.247639	0.053503	0.040409	0.011149	0.287436	0.263304	0.025361	0.002864	0.305432	0.267102	0.003666	0.076670	0.211213	0.016864	0.005172	1.960650
129.375000	82.819200	0.126211	0.252388	0.067071	0.048839	0.003216	0.286304	0.267629	0.032892	0.024451	0.310262	0.285207	0.016007	0.052816	0.220203	0.025820	0.003989	2.023300
135.000000	82.819200	0.099377	0.269483	0.095442	0.046035	0.004940	0.288431	0.278882	0.006162	0.036175	0.279838	0.290084	0.031692	0.039979	0.213271	0.041016	0.004155	2.024960
140.625000	82.819200	0.068504	0.257818	0.121626	0.046432	0.034536	0.274909	0.288516	0.002888	0.015497	0.278680	0.299904	0.021058	0.026560	0.222757	0.057406	0.003385	2.020480
146.250000	82.819200	0.052405	0.249760	0.148043	0.042918	0.025020	0.268287	0.280063	0.010070	0.003179	0.270821	0.311962	0.002485	0.016394	0.213494	0.075047	0.003707	1.973650
151.875000	82.819200	0.046358	0.253979	0.172732	0.006268	0.003518	0.255671	0.282591	0.002260	0.002467	0.251789	0.308018	0.001825	0.015608	0.211821	0.099398	0.002625	1.916930
157.500000	82.819200	0.065810	0.239014	0.194836	0.006580	0.009481	0.237009	0.289517	0.002050	0.002341	0.235293	0.299448	0.002261	0.013489	0.211147	0.105430	0.002750	1.916460
163.125000	82.819200	0.086169	0.250218	0.209582	0.009935	0.003125	0.215179	0.302202	0.002078	0.001012	0.188742	0.304173	0.003026	0.011722	0.209822	0.130399	0.001105	1.928490
168.750000	82.819200	0.091690	0.242852	0.228047	0.031214	0.001773	0.161668	0.287357	0.012380	0.001539	0.142877	0.308533	0.005338	0.007185	0.201628	0.152502	0.002347	1.878930
174.375000	82.819200	0.090916	0.233012	0.231602	0.069062	0.001342	0.122120	0.285408	0.049140	0.001713	0.095931	0.322022	0.027726	0.002711	0.198506	0.178599	0.001418	1.911230
180.000000	82.819200	0.082788	0.233693	0.236863	0.084243	0.002966	0.077336	0.293115	0.076344	0.001496	0.064187	0.308829	0.060026	0.001051	0.193828	0.189996	0.001312	1.908070
185.625000	82.819200	0.068024	0.225885	0.239437	0.095465	0.002205	0.045071	0.290765	0.119668	0.001068	0.027471	0.306272	0.098560	0.001837	0.168966	0.193400	0.002696	1.886790
191.250000	82.819200	0.030783	0.227804	0.238168	0.094271	0.002709	0.010934	0.287016	0.159990	0.001941	0.006634	0.320202	0.134924	0.001880	0.152574	0.205509	0.007063	1.882400
196.875000	82.819200	0.011355	0.218341	0.242304	0.087286	0.002886	0.001783	0.289483	0.205505	0.001520	0.003797	0.311735	0.192238	0.001994	0.118970	0.207918	0.013589	1.910710
202.500000	82.819200	0.005796	0.192399	0.242454	0.066542	0.007334	0.002021	0.289911	0.233622	0.003000	0.003197	0.298485	0.232872	0.001746	0.109703	0.213186	0.014375	1.916640
208.125000	82.819200	0.005250	0.166704	0.244898	0.048920	0.004962	0.003542	0.274661	0.258682	0.002300	0.001860	0.306201	0.252947	0.002404	0.092989	0.211558	0.014791	1.892670
213.750000	82.819200	0.044633	0.143114	0.251964	0.058023	0.025774	0.010872	0.277025	0.267105	0.003164	0.002421	0.304420	0.275951	0.004753	0.076708	0.213323	0.016026	1.975280
219.375000	82.819200	0.047310	0.121552	0.254060	0.068717	0.033403	0.002052	0.289263	0.273381	0.014628	0.023709	0.295208	0.269901	0.004534	0.055506	0.222527	0.028054	2.003800
225.000000	82.819200	0.045086	0.096397	0.252252	0.098469	0.005546	0.005910	0.276229	0.280647	0.038009	0.036311	0.294138	0.290834	0.004307	0.039339	0.213589	0.039281	2.016340
230.625000	82.819200	0.049905	0.069921	0.256119	0.118467	0.002354	0.030128	0.284079	0.284977	0.021738	0.015537	0.280391	0.297739	0.003265	0.025349	0.219543	0.059341	2.018850
236.250000	82.819200	0.044217	0.050357	0.250833	0.140467	0.009982	0.022977	0.262645	0.282378	0.003349	0.003075	0.270136	0.299900	0.003938	0.017002	0.213592	0.075694	1.950550
241.875000	82.819200	0.006144	0.047391	0.239557	0.175661	0.002519	0.004434	0.254973	0.281031	0.002803	0.002323	0.253909	0.301657	0.002673	0.017246	0.206837	0.097182	1.896340
247.500000	82.819200	0.006880	0.064490	0.244823	0.191958	0.001622	0.007735	0.244713	0.287809	0.003369	0.001567	0.232709	0.291814	0.001880	0.013905	0.213390	0.114257	1.922920
253.125000	82.819200	0.010368	0.086337	0.250283	0.216424	0.001594	0.002722	0.205508	0.281903	0.004106	0.001477	0.191859	0.304699	0.001886	0.011578	0.204485	0.121050	1.896280
258.750000	82.819200	0.031850	0.091179	0.227596	0.227973	0.013377	0.001989	0.165092	0.290173	0.010225	0.001371	0.137633	0.315984	0.002092	0.007454	0.211606	0.142231	1.877820
264.375000	82.819200	0.070092	0.087345	0.238501	0.232161	0.046288	0.000860	0.121339	0.287902	0.031916	0.001294	0.096605	0.305459	0.002207	0.002758	0.204351	0.172813	1.901890
270.000000	82.819200	0.087359	0.082611	0.232636	0.230068	0.086151	0.003109	0.077013	0.287164	0.069593	0.002072	0.062771	0.311321	0.001341	0.002002	0.188651	0.188476	1.912340
275.625000	82.819200	0.086908	0.065390	0.234553	0.240817	0.128603	0.001540	0.046284	0.282652	0.115369	0.000727	0.029193	0.310296	0.002862	0.002321	0.169042	0.205122	1.921680
281.250000	82.819200	0.090640	0.033244	0.224496	0.241375	0.170145	0.003561	0.012124	0.283774	0.151738	0.001505	0.006864	0.309702	0.006720	0.001224	0.156595	0.205835	1.899540
286.875000	82.819200	0.084605	0.010572	0.224146	0.238563	0.212507	0.004464	0.001913	0.286012	0.197208	0.001995	0.003182	0.304119	0.010957	0.002053	0.124740	0.202962	1.910000
292.500000	82.819200	0.062897	0.007014	0.194593	0.246708	0.244839	0.007290	0.002634	0.290677	0.235265	0.002353	0.002959	0.306930	0.015444	0.002800	0.106396	0.214084	1.942880
298.125000	82.819200	0.050827	0.006249	0.177783	0.249644	0.271434	0.004943	0.002210	0.270806	0.251955	0.002569	0.002319	0.301900	0.016375	0.002488	0.096237	0.210203	1.917940
303.750000	82.819200	0.051063	0.047038	0.148052	0.250858	0.259969	0.025226	0.009106	0.283052	0.262256	0.003540	0.002290	0.310630	0.018700	0.003500	0.075424	0.212137	1.962840
309.375000	82.819200	0.068659	0.047792	0.117798	0.267517	0.270679	0.034983	0.001885	0.286340	0.275427	0.015516	0.021076	0.301715	0.026929	0.005308	0.058837	0.215190	2.015650
315.000000	82.819200	0.094062	0.040630	0.100474	0.256683	0.280545	0.005681	0.005166	0.285906	0.289684	0.035359	0.036064	0.291269	0.039027	0.005884	0.038798	0.214944	2.020180
320.625000	82.819200	0.124942	0.049475	0.065921	0.255080	0.272596	0.002364	0.033408	0.278978	0.294672	0.021572	0.013650	0.282364	0.054013	0.003829	0.025467	0.216974	1.995300
326.250000	82.819200	0.147029	0.040113	0.053624	0.250427	0.281597	0.008679	0.023420	0.267816	0.309593	0.002922	0.003435	0.269401	0.075916	0.004237	0.017622	0.210657	1.966490
331.875000	82.819200	0.162560	0.006724	0.050674	0.253933	0.275404	0.002994	0.004168	0.257902	0.303830	0.002199	0.002355	0.245839	0.093532	0.002772	0.016186	0.217094	1.898170
337.500000	82.819200	0.202025	0.006347	0.062148	0.244895	0.280556	0.001873	0.007955	0.238044	0.299657	0.005147	0.001857	0.228994	0.107617	0.001958	0.014939	0.212970	1.916980
343.125000	82.819200	0.213740	0.009304	0.083641	0.241505	0.276587	0.002444	0.002170	0.206457	0.310133	0.004167	0.001369	0.185292	0.122596	0.001805	0.011101	0.212095	1.884410
348.750000	82.819200	0.229838	0.034498	0.097202	0.229976	0.291985	0.011763	0.002040	0.166641	0.313404	0.006589	0.001644	0.145871	0.147851	0.001004	0.007352	0.204453	1.892110
354.375000	82.819200	0.236941	0.068624	0.099744	0.238549	0.281529	0.042753	0.001848	0.127546	0.316101	0.027800	0.001001	0.108894	0.170470	0.001900	0.002865	0.188516	1.915080
2.812500	85.219800	0.228988	0.080294	0.068388	0.229720	0.289141	0.106026	0.001454	0.061013	0.310797	0.096455	0.001981	0.053203	0.205448	0.004930	0.002825	0.193933	1.934600
8.437500	85.219800	0.236170	0.083031	0.033123	0.229460	0.288759	0.149000	0.002028	0.030498	0.306406	0.139768	0.001741	0.021447	0.213109	0.017007	0.002732	0.180944	1.935220
14.062500	85.219800	0.236779	0.080966	0.010066	0.207853	0.289378	0.187166	0.002812	0.003960	0.309990	0.171459	0.002589	0.004050	0.213885	0.022994	0.001978	0.146148	1.892070
19.687500	85.219800	0.239875	0.067115	0.008366	0.188757	0.292530	0.234547	0.005789	0.001974	0.298100	0.222277	0.001953	0.003468	0.214340	0.021629	0.001522	0.121644	1.923890
25.312500	85.219800	0.235661	0.044276	0.005567	0.174447	0.281163	0.258727	0.009997	0.003017	0.299026	0.239574	0.005051	0.004195	0.214137	0.020388	0.002262	0.109967	1.907460
30.937500	85.219800	0.246826	0.039230	0.025476	0.141062	0.284566	0.268664	0.005200	0.008326	0.291279	0.258573	0.002468	0.002179	0.225956	0.015092	0.004457	0.097609	1.916960
36.562500	85.219800	0.243306	0.050131	0.059401	0.119367	0.279890	0.273925	0.027023	0.003163	0.298178	0.278417	0.008237	0.005040	0.223441	0.019017	0.005015	0.072253	1.965800
42.187500	85.219800	0.252852	0.070398	0.073944	0.096721	0.289958	0.283839	0.035245	0.003469	0.298045	0.280564	0.028773	0.030837	0.223123	0.038424	0.011022	0.049776	2.066990
47.812500	85.219800	0.246075	0.094365	0.068665	0.065126	0.277091	0.288601	0.003176	0.035594	0.293984	0.295506	0.035249	0.033489	0.216692	0.053909	0.010812	0.032577	2.050910
53.437500	85.219800	0.250420	0.119380	0.066465	0.050304	0.272424	0.278255	0.003119	0.026227	0.277802	0.293778	0.005237	0.009908	0.228750	0.073617	0.004098	0.019601	1.979380
59.062500	85.219800	0.241962	0.146758	0.027475	0.038450	0.257943	0.287395	0.008321	0.006044	0.263168	0.299351	0.002225	0.002477	0.214357	0.095346	0.004056	0.014299	1.909630
64.687500	85.219800	0.237234	0.162159	0.004145	0.044535	0.256630	0.288088	0.002380	0.008373	0.244171	0.298128	0.002761	0.003754	0.218299	0.109801	0.002855	0.018995	1.902310
70.312500	85.219800	0.227054	0.193321	0.008676	0.072926	0.233670	0.292282	0.001606	0.004668	0.218147	0.309050	0.003581	0.002351	0.215621	0.121367	0.001485	0.020744	1.926550
75.937500	85.219800	0.230235	0.206451	0.011935	0.090619	0.187545	0.289129	0.002122	0.002443	0.172322	0.308423	0.002775	0.001758	0.210923	0.150289	0.003317	0.020223	1.890510
81.562500	85.219800	0.231306	0.223745	0.031295	0.086268	0.151041	0.303326	0.025366	0.001236	0.131937	0.309404	0.017696	0.001715	0.207675	0.179430	0.001415	0.017605	1.920460
87.187500	85.219800	0.219132	0.228776	0.064950	0.080791	0.097867	0.299889	0.058028	0.002314	0.087372	0.305701	0.048711	0.001559	0.203222	0.188499	0.001520	0.006303	1.894630
92.812500	85.219800	0.227768	0.228788	0.079333	0.064206	0.063401	0.300672	0.097998	0.001476	0.051044	0.310754	0.081303	0.001382	0.193508	0.199111	0.005489	0.002555	1.908790
98.437500	85.219800	0.229237	0.223382	0.094842	0.031222	0.029779	0.293025	0.144696	0.001659	0.019404	0.301743	0.120225	0.001418	0.184102	0.214364	0.018279	0.002038	1.909410
104.062000	85.219800	0.203451	0.232334	0.087287	0.009137	0.003242	0.295823	0.180666	0.003426	0.002280	0.311628	0.174566	0.002441	0.146029	0.215692	0.020155	0.001797	1.889950
109.688000	85.219800	0.198927	0.230983	0.069858	0.008332	0.002444	0.292978	0.231853	0.006313	0.004239	0.303551	0.221725	0.002038	0.125457	0.215501	0.020346	0.002273	1.936820
115.312000	85.219800	0.173971	0.235472	0.044900	0.005194	0.001931	0.287508	0.261541	0.010461	0.003089	0.297608	0.251355	0.003580	0.112543	0.219068	0.020335	0.002269	1.930830
120.938000	85.219800	0.133749	0.246949	0.038966	0.025789	0.007536	0.276901	0.257774	0.005584	0.001990	0.308712	0.262375	0.002481	0.093179	0.234152	0.012517	0.003219	1.911870
126.562000	85.219800	0.127426	0.243374	0.047566	0.065464	0.003275	0.285872	0.265083	0.029223	0.004314	0.306901	0.282262	0.009678	0.069135	0.218648	0.020797	0.004760	1.983780
132.188000	85.219800	0.094929	0.241855	0.066853	0.070215	0.003198	0.279941	0.285733	0.037086	0.033358	0.300963	0.286835	0.028277	0.054811	0.222320	0.031881	0.009272	2.047530
137.812000	85.219800	0.071235	0.247639	0.097432	0.073863	0.035587	0.293564	0.290590	0.002411	0.028452	0.289956	0.297775	0.032125	0.038802	0.225264	0.055657	0.011250	2.091600
143.437000	85.219800	0.046838	0.247150	0.125029	0.062636	0.029512	0.274401	0.288801	0.003310	0.009997	0.275808	0.302700	0.004583	0.020302	0.220947	0.073419	0.005013	1.990450
149.062000	85.219800	0.037618	0.251203	0.144450	0.023669	0.006874	0.262102	0.286753	0.007755	0.002663	0.270461	0.305807	0.001701	0.013394	0.217839	0.099279	0.004610	1.936180
154.688000	85.219800	0.042828	0.250469	0.171506	0.005926	0.008743	0.251333	0.285717	0.001905	0.003470	0.238437	0.307082	0.003483	0.020536	0.210387	0.111561	0.002529	1.915910
160.312000	85.219800	0.068861	0.240331	0.200708	0.008419	0.005763	0.226852	0.297959	0.001194	0.003183	0.210197	0.302374	0.003830	0.021201	0.223845	0.122812	0.001713	1.939240
165.938000	85.219800	0.085179	0.238264	0.213558	0.008717	0.003037	0.185502	0.291916	0.002482	0.002866	0.164850	0.306977	0.001926	0.022220	0.214879	0.149890	0.001954	1.894220
171.562000	85.219800	0.088620	0.232974	0.224284	0.034165	0.002034	0.143130	0.292999	0.026265	0.001702	0.132189	0.306264	0.018080	0.013502	0.209128	0.182253	0.002378	1.909970
177.188000	85.219800	0.080232	0.230323	0.229603	0.067508	0.001516	0.102827	0.297676	0.060990	0.001536	0.082695	0.294757	0.050752	0.004796	0.207318	0.191949	0.002415	1.906890
182.812000	85.219800	0.063115	0.229300	0.226522	0.082367	0.001615	0.061126	0.296393	0.099047	0.001816	0.047027	0.306079	0.082339	0.001820	0.197604	0.214327	0.004363	1.914860
188.438000	85.219800	0.031170	0.222641	0.232990	0.086103	0.001838	0.028043	0.284517	0.142269	0.001828	0.020056	0.297119	0.127969	0.002541	0.179110	0.221187	0.017746	1.897130
194.062000	85.219800	0.008220	0.207215	0.231630	0.089471	0.002730	0.002359	0.295425	0.187701	0.002202	0.002127	0.321558	0.166820	0.001684	0.149295	0.214411	0.023268	1.906120
199.687000	85.219800	0.007229	0.185702	0.228082	0.069962	0.005004	0.002142	0.293393	0.231635	0.002331	0.002363	0.300030	0.219958	0.002299	0.126348	0.214987	0.021889	1.913360
205.312000	85.219800	0.005242	0.169537	0.237037	0.044798	0.009492	0.001889	0.294510	0.250632	0.002991	0.003017	0.300975	0.241375	0.002504	0.112227	0.218768	0.020235	1.915230
210.938000	85.219800	0.026448	0.144849	0.249944	0.037374	0.005941	0.008763	0.293218	0.258372	0.002561	0.001075	0.293311	0.263748	0.003971	0.096581	0.212288	0.014825	1.913270
216.562000	85.219800	0.063236	0.119685	0.246144	0.049594	0.031011	0.004340	0.282871	0.273474	0.008795	0.004071	0.304774	0.280093	0.005766	0.076026	0.218217	0.021960	1.990060
222.188000	85.219800	0.075432	0.095090	0.244784	0.067975	0.037482	0.002024	0.280018	0.280420	0.029711	0.033462	0.301412	0.281645	0.010435	0.049831	0.224018	0.033558	2.047290
227.812000	85.219800	0.077076	0.065428	0.249093	0.101779	0.002683	0.036975	0.285996	0.294597	0.033706	0.029561	0.281706	0.292283	0.010524	0.033597	0.216437	0.052294	2.063740
233.438000	85.219800	0.063708	0.053267	0.234529	0.117795	0.003399	0.029549	0.278279	0.281962	0.005331	0.007058	0.261968	0.304731	0.005263	0.020949	0.218671	0.074968	1.961430
239.062000	85.219800	0.026373	0.040470	0.249244	0.143871	0.008801	0.005516	0.262352	0.288225	0.002367	0.002528	0.267423	0.302984	0.003813	0.013411	0.225194	0.097719	1.940290
244.687000	85.219800	0.005724	0.046325	0.235235	0.166262	0.003028	0.008858	0.256704	0.285787	0.004571	0.002315	0.250780	0.295158	0.002576	0.019192	0.218444	0.109710	1.910670
250.312000	85.219800	0.008664	0.069802	0.238241	0.188870	0.001607	0.005700	0.226198	0.304286	0.003754	0.002350	0.223416	0.311001	0.001557	0.022371	0.214556	0.126710	1.949080
255.937000	85.219800	0.009844	0.084061	0.232507	0.217143	0.002731	0.002171	0.184813	0.287233	0.004000	0.001539	0.166779	0.307059	0.001654	0.023386	0.218550	0.151099	1.894570
261.562000	85.219800	0.032847	0.085143	0.238226	0.219908	0.028293	0.002410	0.137848	0.281697	0.021894	0.001465	0.127569	0.310546	0.001169	0.015364	0.207091	0.178181	1.889650
267.188000	85.219800	0.063170	0.081593	0.224358	0.225564	0.065734	0.001808	0.098082	0.298375	0.053634	0.001248	0.083334	0.298353	0.003099	0.005755	0.203805	0.194497	1.902410
272.812000	85.219800	0.077439	0.064522	0.224766	0.229182	0.101438	0.002310	0.057382	0.294508	0.092572	0.001286	0.045764	0.312703	0.006877	0.001569	0.193607	0.198586	1.904510
278.438000	85.219800	0.091346	0.033533	0.222039	0.227267	0.149860	0.001730	0.025510	0.291247	0.135000	0.002346	0.017288	0.313036	0.014600	0.001953	0.176292	0.214313	1.917360
284.062000	85.219800	0.083851	0.009967	0.215255	0.237803	0.193031	0.002361	0.002772	0.285493	0.181841	0.002245	0.002417	0.313426	0.023446	0.002958	0.148950	0.205468	1.911280
289.688000	85.219800	0.073041	0.008289	0.198555	0.231518	0.237881	0.005147	0.001949	0.288929	0.212479	0.002358	0.003703	0.305806	0.020477	0.001684	0.131728	0.212007	1.935550
295.312000	85.219800	0.048575	0.005417	0.163249	0.244535	0.244512	0.009656	0.002835	0.284808	0.254221	0.003467	0.003109	0.294149	0.018072	0.001790	0.117638	0.215940	1.911970
300.938000	85.219800	0.036808	0.024741	0.149097	0.241705	0.268339	0.006461	0.009106	0.286917	0.257416	0.002663	0.001739	0.299612	0.013229	0.003823	0.095426	0.224253	1.921340
306.562000	85.219800	0.055269	0.064151	0.118980	0.244414	0.278428	0.028405	0.003178	0.290987	0.277193	0.009984	0.005030	0.302206	0.019723	0.004712	0.073000	0.220634	1.996290
312.187000	85.219800	0.071439	0.074149	0.096263	0.253029	0.290472	0.037020	0.003657	0.296346	0.286735	0.027166	0.037466	0.301797	0.034354	0.010110	0.052970	0.226940	2.099910
317.812000	85.219800	0.097410	0.072693	0.067468	0.245521	0.291653	0.003158	0.036365	0.283900	0.304723	0.032465	0.032365	0.285427	0.052231	0.009606	0.037698	0.224737	2.077420
323.438000	85.219800	0.128240	0.068285	0.048728	0.239399	0.282428	0.003029	0.028045	0.282766	0.294967	0.004788	0.009444	0.281525	0.075011	0.004164	0.022440	0.224701	1.997960
329.062000	85.219800	0.146374	0.025696	0.039171	0.247708	0.288820	0.007463	0.005828	0.274158	0.307337	0.001986	0.002192	0.259624	0.095336	0.004376	0.016122	0.221517	1.943710
334.688000	85.219800	0.173995	0.006138	0.045906	0.242140	0.289647	0.002954	0.009269	0.250789	0.301228	0.003254	0.003752	0.247506	0.111664	0.002524	0.019148	0.213060	1.922970
340.312000	85.219800	0.201016	0.009062	0.077098	0.235645	0.291213	0.001505	0.004459	0.224331	0.305866	0.005162	0.002750	0.215521	0.121651	0.001605	0.020765	0.210387	1.928040
345.938000	85.219800	0.213280	0.009229	0.080883	0.237175	0.294735	0.003682	0.002712	0.185151	0.318396	0.003277	0.002204	0.175052	0.148678	0.002084	0.021534	0.211442	1.909510
351.562000	85.219800	0.237094	0.032195	0.087597	0.232209	0.285631	0.025729	0.002043	0.144071	0.295530	0.017279	0.001531	0.130881	0.175159	0.001875	0.017813	0.205251	1.891890
357.187000	85.219800	0.223892	0.063649	0.079748	0.227893	0.284203	0.060700	0.002133	0.104909	0.309809	0.049485	0.001462	0.093259	0.195968	0.001940	0.005865	0.203302	1.908220
0.000000	87.612000	0.219522	0.056755	0.059047	0.223204	0.292525	0.080035	0.001884	0.078244	0.296843	0.078252	0.002219	0.075002	0.204797	0.012978	0.013918	0.204496	1.899720
5.625000	87.612000	0.223139	0.075876	0.030414	0.224529	0.284789	0.124649	0.002128	0.044693	0.297938	0.120875	0.001452	0.038478	0.208917	0.032430	0.002887	0.200831	1.914030
11.250000	87.612000	0.223580	0.082388	0.006342	0.208786	0.281727	0.163218	0.002201	0.011820	0.306037	0.156422	0.002164	0.009333	0.219269	0.042675	0.002296	0.187816	1.906070
16.875000	87.612000	0.226588	0.068685	0.007346	0.190851	0.292313	0.209055	0.001875	0.002173	0.317002	0.200952	0.002582	0.001801	0.222043	0.043764	0.001441	0.150727	1.939190
22.500000	87.612000	0.234829	0.051464	0.005747	0.165058	0.299017	0.249535	0.005794	0.001794	0.295872	0.233608	0.005952	0.004891	0.221093	0.029352	0.002136	0.135572	1.941710
28.125000	87.612000	0.236947	0.031449	0.007307	0.149295	0.286091	0.261694	0.004368	0.005151	0.290341	0.267316	0.002048	0.004229	0.220168	0.016648	0.003735	0.115916	1.902700
33.750000	87.612000	0.240637	0.031121	0.045832	0.118574	0.288562	0.276799	0.011642	0.005150	0.295213	0.263177	0.005888	0.001149	0.233924	0.013782	0.014727	0.095157	1.941330
39.375000	87.612000	0.232961	0.050633	0.068253	0.101883	0.296879	0.271765	0.044696	0.002070	0.292663	0.282984	0.029724	0.010127	0.225593	0.032143	0.038428	0.073147	2.053950
45.000000	87.612000	0.238020	0.070832	0.074268	0.064183	0.282748	0.292436	0.024905	0.025232	0.290072	0.280397	0.034644	0.036708	0.232016	0.046403	0.047108	0.049757	2.089730
50.625000	87.612000	0.238469	0.100017	0.065342	0.052465	0.278637	0.298338	0.001053	0.042165	0.281895	0.289700	0.010339	0.027740	0.226112	0.072827	0.043409	0.031715	2.060220
56.250000	87.612000	0.231958	0.123249	0.044692	0.029132	0.267155	0.291551	0.003627	0.011845	0.271881	0.301334	0.001634	0.006691	0.220464	0.093553	0.013160	0.016632	1.928560
61.875000	87.612000	0.229292	0.138821	0.007008	0.032061	0.264809	0.286036	0.007275	0.004501	0.265694	0.286666	0.003800	0.002358	0.217865	0.117512	0.004631	0.017442	1.885770
67.500000	87.612000	0.233690	0.166658	0.004767	0.045120	0.249377	0.295699	0.001309	0.005599	0.240052	0.298033	0.005012	0.005433	0.224701	0.130131	0.001394	0.030553	1.937530
73.125000	87.612000	0.230241	0.187661	0.005172	0.073215	0.208374	0.297403	0.001399	0.002357	0.202354	0.297682	0.001770	0.001777	0.209850	0.154500	0.002073	0.043732	1.919560
78.750000	87.612000	0.225912	0.204435	0.007452	0.078458	0.159653	0.301978	0.010914	0.001543	0.160594	0.309827	0.008018	0.001539	0.213593	0.184602	0.002460	0.044670	1.915650
84.375000	87.612000	0.228394	0.217621	0.033921	0.074676	0.129521	0.282791	0.040893	0.002057	0.114854	0.300685	0.035721	0.001837	0.219958	0.197439	0.001807	0.032456	1.914630
90.000000	87.612000	0.229108	0.225699	0.058878	0.051492	0.072857	0.287349	0.073011	0.002061	0.068797	0.306765	0.066226	0.001438	0.203577	0.208458	0.012753	0.013095	1.881560
95.625000	87.612000	0.217232	0.225146	0.072405	0.030862	0.042800	0.300172	0.114336	0.001898	0.035141	0.301465	0.111479	0.000940	0.203216	0.211448	0.034278	0.003404	1.906220
101.250000	87.612000	0.208723	0.234823	0.079294	0.005559	0.009010	0.292017	0.163055	0.002041	0.009295	0.300043	0.159410	0.002208	0.181018	0.221529	0.041537	0.003531	1.913090
106.875000	87.612000	0.190930	0.228282	0.071243	0.007295	0.001683	0.293545	0.204046	0.003312	0.003040	0.307118	0.203908	0.003388	0.154950	0.218013	0.044059	0.001464	1.936270
112.500000	87.612000	0.162505	0.230648	0.045770	0.004897	0.002179	0.285358	0.239451	0.007190	0.004180	0.297196	0.237707	0.005312	0.135845	0.229382	0.031196	0.001983	1.920800
118.125000	87.612000	0.136708	0.241666	0.029280	0.007499	0.005552	0.287340	0.253513	0.004166	0.002928	0.299519	0.259677	0.002515	0.118616	0.215755	0.016845	0.003439	1.885020
123.750000	87.612000	0.120082	0.242109	0.032072	0.046719	0.004402	0.292646	0.275095	0.012147	0.001413	0.296426	0.267696	0.006208	0.094087	0.229239	0.016428	0.011818	1.948590
129.375000	87.612000	0.098587	0.240108	0.049131	0.071394	0.002062	0.289201	0.282292	0.043444	0.009801	0.304113	0.285858	0.029163	0.073612	0.227187	0.030253	0.034697	2.070900
135.000000	87.612000	0.067703	0.250254	0.068855	0.078623	0.025207	0.284061	0.288023	0.026203	0.036168	0.284369	0.283284	0.035882	0.050174	0.223626	0.047891	0.044714	2.095040
140.625000	87.612000	0.046947	0.240514	0.098369	0.068326	0.039950	0.272349	0.296887	0.001650	0.031407	0.277500	0.292254	0.009168	0.033050	0.229356	0.071448	0.039431	2.048600
146.250000	87.612000	0.031703	0.231066	0.120233	0.044668	0.011086	0.274994	0.285507	0.004153	0.007758	0.272714	0.301706	0.001381	0.015092	0.222363	0.095973	0.011458	1.931860
151.875000	87.612000	0.032730	0.236496	0.147093	0.007299	0.003907	0.259901	0.288030	0.006040	0.002231	0.257856	0.299157	0.002711	0.018859	0.223766	0.111984	0.003159	1.901220
157.500000	87.612000	0.047181	0.236166	0.163656	0.005648	0.007369	0.242269	0.309823	0.001094	0.004858	0.236502	0.289684	0.003597	0.031975	0.226505	0.132848	0.002635	1.941810
163.125000	87.612000	0.070458	0.231520	0.193627	0.006452	0.003782	0.209626	0.292029	0.001312	0.002929	0.201580	0.302003	0.000924	0.043660	0.219819	0.151553	0.002814	1.934090
168.750000	87.612000	0.077814	0.227379	0.209433	0.006870	0.002321	0.155436	0.296358	0.010949	0.002068	0.153850	0.312914	0.008476	0.040885	0.217322	0.181930	0.002107	1.906110
174.375000	87.612000	0.076042	0.226242	0.226451	0.031929	0.002294	0.118602	0.293286	0.037952	0.001048	0.111744	0.293526	0.036119	0.035059	0.214450	0.198627	0.003014	1.906390
180.000000	87.612000	0.056016	0.215298	0.227259	0.066476	0.002385	0.077061	0.289669	0.076576	0.002556	0.066342	0.294087	0.070199	0.013191	0.213126	0.213222	0.014683	1.898150
185.625000	87.612000	0.033310	0.223020	0.225809	0.076416	0.001596	0.041722	0.298983	0.117731	0.001190	0.033178	0.303989	0.116062	0.003185	0.207897	0.214693	0.032995	1.931770
191.250000	87.612000	0.008364	0.211544	0.224232	0.077064	0.002108	0.010044	0.298247	0.162006	0.002301	0.009148	0.309576	0.145237	0.001044	0.180817	0.219973	0.042766	1.904470
196.875000	87.612000	0.006494	0.188538	0.221001	0.072353	0.002668	0.000998	0.296679	0.204285	0.002161	0.001560	0.314147	0.202539	0.002382	0.154046	0.213149	0.042423	1.925420
202.500000	87.612000	0.006286	0.157900	0.240532	0.046543	0.006971	0.002185	0.301835	0.238568	0.004946	0.004353	0.295394	0.238596	0.001798	0.132563	0.228397	0.029861	1.936730
208.125000	87.612000	0.006061	0.136029	0.235336	0.033208	0.003345	0.005336	0.284012	0.262347	0.003222	0.003579	0.282046	0.265044	0.003554	0.120038	0.217001	0.017311	1.877470
213.750000	87.612000	0.045088	0.124275	0.233346	0.030905	0.012243	0.003746	0.289550	0.275779	0.007043	0.001716	0.309285	0.272843	0.011783	0.093316	0.228216	0.017709	1.956840
219.375000	87.612000	0.068638	0.096367	0.236355	0.050622	0.042942	0.001453	0.293545	0.276574	0.028734	0.009887	0.286930	0.284890	0.034575	0.077495	0.227089	0.032649	2.048750
225.000000	87.612000	0.075555	0.072005	0.242106	0.069532	0.023311	0.022713	0.286735	0.297807	0.037156	0.039792	0.284923	0.297783	0.046952	0.050947	0.225955	0.051472	2.124740
230.625000	87.612000	0.066598	0.044576	0.231976	0.096364	0.001703	0.040649	0.273896	0.286136	0.009708	0.027150	0.280481	0.302599	0.038005	0.034156	0.230746	0.074897	2.039640
236.250000	87.612000	0.046395	0.030706	0.233177	0.123700	0.003891	0.010181	0.272467	0.302365	0.001321	0.007666	0.265482	0.293172	0.012017	0.015252	0.224572	0.096650	1.939020
241.875000	87.612000	0.005064	0.029798	0.233716	0.142832	0.007032	0.004356	0.264330	0.292035	0.004031	0.001643	0.259202	0.291386	0.003112	0.015350	0.233566	0.117328	1.904780
247.500000	87.612000	0.006413	0.047778	0.223030	0.167788	0.001838	0.007590	0.251847	0.296258	0.004897	0.005549	0.232486	0.284974	0.002836	0.028285	0.220325	0.137639	1.919530
253.125000	87.612000	0.007158	0.067901	0.230500	0.189069	0.001788	0.002861	0.205349	0.295966	0.001500	0.002749	0.195689	0.303605	0.002570	0.042441	0.218299	0.151529	1.918970
258.750000	87.612000	0.008297	0.071512	0.229743	0.215644	0.010606	0.002446	0.162650	0.292565	0.010622	0.001807	0.149723	0.319180	0.001864	0.044851	0.214590	0.180279	1.916380
264.375000	87.612000	0.031094	0.074036	0.224752	0.216785	0.044920	0.001649	0.113629	0.293647	0.038798	0.001468	0.110203	0.303930	0.002992	0.033995	0.210515	0.200128	1.902540
270.000000	87.612000	0.051948	0.056503	0.219014	0.222044	0.080909	0.001745	0.077295	0.296087	0.078786	0.001295	0.077206	0.304798	0.013567	0.014631	0.209207	0.208924	1.913960
275.625000	87.612000	0.074404	0.029629	0.219468	0.225189	0.120419	0.001883	0.046880	0.299426	0.119491	0.000998	0.036634	0.294960	0.031857	0.002778	0.199903	0.215530	1.919450
281.250000	87.612000	0.076994	0.008096	0.211183	0.226184	0.165302	0.001831	0.010321	0.294420	0.157683	0.002386	0.007967	0.306392	0.043768	0.002814	0.179798	0.206388	1.901530
286.875000	87.612000	0.073762	0.007371	0.191941	0.230598	0.213685	0.003081	0.001067	0.305038	0.211447	0.002237	0.001473	0.304720	0.041836	0.002533	0.152430	0.224465	1.967680
292.500000	87.612000	0.047653	0.005689	0.161183	0.226471	0.244322	0.007038	0.002129	0.291232	0.234261	0.005484	0.004644	0.297900	0.028629	0.001868	0.131307	0.221239	1.911050
298.125000	87.612000	0.030837	0.006614	0.140856	0.230231	0.254056	0.004424	0.007318	0.280695	0.261530	0.003102	0.002682	0.298934	0.017089	0.002837	0.113664	0.227559	1.882430
303.750000	87.612000	0.033257	0.047012	0.123432	0.235772	0.274564	0.012045	0.004738	0.293766	0.272180	0.006033	0.000942	0.292583	0.015196	0.012023	0.099517	0.228112	1.951170
309.375000	87.612000	0.043959	0.067553	0.098763	0.237196	0.272337	0.044725	0.002333	0.291210	0.284606	0.030613	0.009244	0.290433	0.030022	0.038831	0.070420	0.226807	2.039050
315.000000	87.612000	0.066706	0.075643	0.068094	0.245031	0.286733	0.023997	0.024377	0.291572	0.294619	0.037740	0.037541	0.286349	0.054708	0.045246	0.050578	0.224857	2.113790
320.625000	87.612000	0.102983	0.069375	0.046993	0.242512	0.291598	0.001813	0.043010	0.277968	0.307971	0.011100	0.029807	0.279623	0.070403	0.039629	0.028168	0.224227	2.067180
326.250000	87.612000	0.123114	0.041564	0.032841	0.238285	0.285209	0.004746	0.010303	0.261945	0.303254	0.001657	0.007666	0.273032	0.099624	0.012486	0.017313	0.228085	1.941120
331.875000	87.612000	0.140985	0.008214	0.030560	0.236587	0.281660	0.006765	0.002912	0.264194	0.290972	0.003884	0.001238	0.263781	0.117916	0.003537	0.018802	0.221970	1.893980
337.500000	87.612000	0.162784	0.005109	0.048511	0.233130	0.304675	0.002078	0.006583	0.242564	0.288900	0.005709	0.003879	0.240031	0.134075	0.002982	0.028757	0.220768	1.930540
343.125000	87.612000	0.186308	0.006242	0.071422	0.225030	0.291903	0.003393	0.002206	0.204993	0.299981	0.002484	0.002530	0.200225	0.155537	0.003161	0.040531	0.223330	1.919280
348.750000	87.612000	0.212787	0.008267	0.077372	0.229238	0.296118	0.010233	0.002730	0.166250	0.304378	0.008276	0.001808	0.159880	0.183831	0.001970	0.045250	0.224443	1.932830
354.375000	87.612000	0.212792	0.027889	0.071557	0.220790	0.284243	0.037543	0.002494	0.123678	0.304411	0.036745	0.001358	0.111679	0.209205	0.002219	0.031820	0.220804	1.899230
2.812500	90.000000	0.215956	0.050360	0.023663	0.209297	0.294081	0.092092	0.001774	0.062546	0.294557	0.094983	0.001497	0.060505	0.223778	0.047710	0.025652	0.215394	1.913850
8.437500	90.000000	0.223219	0.058541	0.003409	0.197761	0.308881	0.133110	0.001110	0.024419	0.299832	0.139175	0.001696	0.024439	0.218686	0.063441	0.005290	0.205463	1.908470
14.062500	90.000000	0.225188	0.067027	0.002916	0.185024	0.300040	0.181264	0.002263	0.002909	0.299475	0.189351	0.002684	0.003496	0.224027	0.060858	0.001709	0.191150	1.939380
19.687500	90.000000	0.225220	0.046098	0.004284	0.156034	0.302967	0.220283	0.003608	0.002670	0.311680	0.227373	0.004492	0.002491	0.225178	0.054978	0.004615	0.158480	1.950450
25.312500	90.000000	0.228138	0.031224	0.004195	0.139852	0.284453	0.252782	0.007131	0.004639	0.292573	0.263044	0.006632	0.004842	0.229127	0.030770	0.003580	0.135451	1.918430
30.937500	90.000000	0.232968	0.018416	0.014402	0.123088	0.296377	0.263097	0.003739	0.003813	0.287967	0.254209	0.005321	0.003499	0.221458	0.019506	0.014975	0.121293	1.884130
36.562500	90.000000	0.223583	0.026466	0.045633	0.097443	0.298155	0.275965	0.025650	0.002427	0.302756	0.271335	0.024406	0.001806	0.232975	0.028816	0.049798	0.096313	2.003530
42.187500	90.000000	0.233875	0.043500	0.056518	0.072610	0.287275	0.278114	0.045569	0.016197	0.291266	0.279552	0.041068	0.017033	0.239269	0.044339	0.062600	0.073776	2.082560
47.812500	90.000000	0.228031	0.073294	0.062638	0.046342	0.279444	0.288515	0.016420	0.045329	0.286937	0.282628	0.015681	0.040508	0.234113	0.067621	0.058700	0.047887	2.074090
53.437500	90.000000	0.233571	0.095789	0.047356	0.028536	0.275962	0.291347	0.001964	0.024434	0.267755	0.296723	0.001521	0.024177	0.232770	0.096671	0.047648	0.027362	1.993590
59.062500	90.000000	0.238288	0.121067	0.017065	0.018350	0.262915	0.295587	0.004047	0.003974	0.251662	0.298617	0.003141	0.004866	0.236505	0.114082	0.018220	0.019557	1.907940
64.687500	90.000000	0.227260	0.142273	0.004025	0.030145	0.257131	0.289714	0.004382	0.007223	0.259191	0.281895	0.004714	0.007197	0.222557	0.145502	0.004673	0.028576	1.916460
70.312500	90.000000	0.233642	0.159018	0.004265	0.055144	0.231307	0.303975	0.001256	0.002981	0.228458	0.306900	0.001942	0.003431	0.229962	0.157401	0.004471	0.052958	1.977110
75.937500	90.000000	0.232718	0.192432	0.002623	0.062358	0.185440	0.305259	0.001920	0.001864	0.186038	0.295704	0.002784	0.002388	0.220474	0.188494	0.003381	0.066665	1.950540
81.562500	90.000000	0.215564	0.198593	0.004995	0.060065	0.139366	0.301234	0.022371	0.001516	0.144392	0.308663	0.019878	0.002233	0.226206	0.210688	0.003888	0.060469	1.920120
87.187500	90.000000	0.222120	0.214595	0.023796	0.047883	0.095757	0.299801	0.058213	0.001067	0.093685	0.301855	0.054347	0.001810	0.217357	0.215938	0.021521	0.047293	1.917040
92.812500	90.000000	0.219695	0.221952	0.049294	0.021872	0.060139	0.293196	0.091796	0.001678	0.055609	0.299759	0.092427	0.000992	0.207468	0.216760	0.048643	0.022359	1.903640
98.437500	90.000000	0.200091	0.220470	0.060154	0.004277	0.022709	0.298709	0.138916	0.002619	0.021015	0.308888	0.134147	0.001703	0.207108	0.221825	0.061252	0.004178	1.908060
104.062000	90.000000	0.178042	0.218904	0.067886	0.002759	0.003214	0.298758	0.181017	0.002939	0.002291	0.309399	0.180998	0.002743	0.186729	0.218880	0.062310	0.002881	1.919750
109.688000	90.000000	0.161383	0.224664	0.050965	0.004399	0.002437	0.306617	0.228035	0.002954	0.002417	0.303372	0.228272	0.002390	0.159160	0.230719	0.056716	0.004870	1.969370
115.312000	90.000000	0.136313	0.235599	0.028211	0.003101	0.005106	0.285719	0.246898	0.006579	0.004982	0.288540	0.256728	0.005602	0.133653	0.230664	0.026388	0.004593	1.898670
120.938000	90.000000	0.115945	0.234085	0.017571	0.015539	0.005131	0.284780	0.271173	0.003329	0.003405	0.291295	0.264595	0.004638	0.120209	0.227757	0.021510	0.016852	1.897810
126.562000	90.000000	0.096807	0.230233	0.025564	0.046933	0.001218	0.290913	0.276835	0.027034	0.001964	0.291880	0.268494	0.024418	0.100702	0.227118	0.027548	0.051575	1.989240
132.188000	90.000000	0.074702	0.227105	0.048848	0.062586	0.014959	0.293073	0.274665	0.041599	0.014809	0.292604	0.291063	0.042581	0.072244	0.238881	0.047478	0.055811	2.093010
137.812000	90.000000	0.050455	0.234847	0.074700	0.058854	0.042613	0.285627	0.289982	0.015754	0.044862	0.276961	0.291426	0.017297	0.048773	0.228797	0.074185	0.058769	2.093900
143.437000	90.000000	0.028682	0.225869	0.096100	0.051212	0.025274	0.276487	0.293486	0.002123	0.025300	0.272943	0.303932	0.001831	0.028050	0.224333	0.098488	0.050759	2.004870
149.062000	90.000000	0.018863	0.229131	0.116044	0.016968	0.003778	0.263699	0.291008	0.003338	0.005658	0.261418	0.292344	0.003141	0.018498	0.230913	0.116551	0.016809	1.888160
154.688000	90.000000	0.028577	0.225084	0.145965	0.005188	0.006750	0.255422	0.294137	0.005137	0.008520	0.251771	0.290357	0.004778	0.028272	0.224335	0.137742	0.004423	1.916460
160.312000	90.000000	0.057820	0.225734	0.164006	0.004873	0.002368	0.226701	0.306427	0.001918	0.004188	0.225258	0.304329	0.001870	0.050073	0.218808	0.160185	0.004502	1.959060
165.938000	90.000000	0.068376	0.228463	0.190859	0.003427	0.002986	0.176065	0.299453	0.002502	0.002594	0.183740	0.299674	0.002995	0.062364	0.219901	0.180523	0.002799	1.926720
171.562000	90.000000	0.058510	0.231598	0.213706	0.003862	0.001994	0.133670	0.296488	0.023137	0.001879	0.129794	0.300046	0.020698	0.056264	0.219075	0.196703	0.004208	1.891630
177.188000	90.000000	0.048294	0.224039	0.221010	0.021065	0.001874	0.086398	0.294352	0.057521	0.001635	0.087331	0.306249	0.052995	0.047680	0.217447	0.213101	0.023377	1.904370
182.812000	90.000000	0.022428	0.216816	0.212807	0.049796	0.000755	0.054133	0.297939	0.088190	0.001674	0.055067	0.289102	0.090945	0.020612	0.219229	0.222486	0.048592	1.890570
188.438000	90.000000	0.005232	0.210207	0.223679	0.062933	0.001494	0.022444	0.306892	0.136057	0.001678	0.021193	0.304699	0.133992	0.003232	0.202433	0.216258	0.064298	1.916720
194.062000	90.000000	0.002091	0.191520	0.224566	0.067403	0.002684	0.003476	0.300899	0.174808	0.002792	0.002935	0.306515	0.179480	0.003875	0.182443	0.222707	0.065492	1.933690
199.687000	90.000000	0.004187	0.158871	0.227496	0.048453	0.002551	0.001919	0.300776	0.225681	0.002965	0.001061	0.305888	0.225452	0.004405	0.159715	0.223602	0.053005	1.946030
205.312000	90.000000	0.004973	0.139057	0.230617	0.028792	0.007482	0.004626	0.289235	0.256733	0.006965	0.004850	0.295380	0.253581	0.004413	0.137403	0.226302	0.031333	1.921740
210.938000	90.000000	0.014887	0.118376	0.228639	0.019785	0.002986	0.004083	0.286978	0.266124	0.004297	0.003002	0.292896	0.263824	0.017265	0.115144	0.229866	0.018585	1.886730
216.562000	90.000000	0.048520	0.099290	0.233682	0.026785	0.023577	0.001922	0.285306	0.275784	0.025431	0.002262	0.297486	0.281403	0.045315	0.098154	0.235210	0.028518	2.008640
222.188000	90.000000	0.060279	0.071548	0.229192	0.047685	0.042089	0.016841	0.288298	0.271575	0.042666	0.017265	0.295187	0.284104	0.059232	0.064452	0.239122	0.048180	2.077710
227.812000	90.000000	0.059760	0.047347	0.230786	0.071127	0.017379	0.042749	0.271484	0.295512	0.015696	0.042602	0.285640	0.294082	0.058590	0.048696	0.234021	0.072184	2.087660
233.438000	90.000000	0.046048	0.026428	0.228281	0.097460	0.001793	0.025246	0.275045	0.295795	0.002518	0.025919	0.272827	0.291631	0.047036	0.025971	0.236337	0.099753	1.998090
239.062000	90.000000	0.015734	0.017531	0.231416	0.119714	0.003007	0.004570	0.274342	0.292187	0.002838	0.003853	0.258949	0.283851	0.016918	0.018172	0.222725	0.123079	1.888890
244.687000	90.000000	0.004128	0.028334	0.223291	0.134801	0.004967	0.006455	0.254792	0.298764	0.005986	0.007730	0.254690	0.292763	0.004421	0.029433	0.227552	0.136306	1.914410
250.312000	90.000000	0.003867	0.053041	0.224947	0.159742	0.002798	0.002787	0.217356	0.303001	0.002149	0.002537	0.221654	0.299830	0.004954	0.051708	0.231453	0.160695	1.942520
255.937000	90.000000	0.002207	0.065328	0.226956	0.187037	0.003750	0.002322	0.177225	0.305082	0.003258	0.003009	0.175150	0.297376	0.001715	0.061059	0.222105	0.189312	1.922890
261.562000	90.000000	0.003533	0.058346	0.218056	0.201256	0.023679	0.001766	0.129809	0.304910	0.025294	0.001177	0.132927	0.304008	0.004796	0.063413	0.229573	0.201045	1.903590
267.188000	90.000000	0.021996	0.045779	0.228434	0.207933	0.065316	0.001126	0.090706	0.290510	0.063745	0.001554	0.090290	0.301813	0.024582	0.047424	0.220443	0.217762	1.919410
272.812000	90.000000	0.042720	0.024204	0.212098	0.221089	0.098619	0.002144	0.056725	0.298212	0.096610	0.001875	0.055165	0.303705	0.047179	0.022496	0.215379	0.228100	1.926320
278.438000	90.000000	0.060585	0.004170	0.203488	0.223652	0.135083	0.002351	0.020915	0.297479	0.139892	0.001820	0.022648	0.305713	0.058513	0.004788	0.203946	0.224692	1.909740
284.062000	90.000000	0.062580	0.002532	0.185432	0.224254	0.186629	0.003132	0.002689	0.313502	0.175874	0.002873	0.002795	0.296220	0.062453	0.002174	0.192947	0.221709	1.937790
289.688000	90.000000	0.051658	0.005837	0.159595	0.226466	0.228137	0.002302	0.001364	0.307912	0.228777	0.002757	0.001529	0.308474	0.050830	0.004746	0.160619	0.226059	1.967060
295.312000	90.000000	0.028962	0.003919	0.141751	0.229460	0.263380	0.007192	0.005360	0.297172	0.250140	0.008312	0.004602	0.292160	0.028038	0.003694	0.141170	0.231213	1.936520
300.938000	90.000000	0.018709	0.015464	0.117514	0.230984	0.269950	0.004521	0.003845	0.304008	0.264915	0.005032	0.003800	0.283652	0.017935	0.016940	0.119692	0.228323	1.905280
306.562000	90.000000	0.027357	0.052004	0.098016	0.229377	0.270332	0.025602	0.001564	0.295256	0.273482	0.023916	0.002628	0.297868	0.027414	0.047633	0.095657	0.227136	1.995240
312.187000	90.000000	0.050079	0.059616	0.071796	0.232509	0.287826	0.043388	0.017032	0.287099	0.278772	0.040917	0.015407	0.295354	0.045867	0.058994	0.070125	0.239953	2.094730
317.812000	90.000000	0.072201	0.058649	0.046403	0.230124	0.289708	0.015955	0.041935	0.280984	0.288126	0.016078	0.040511	0.289376	0.076206	0.058895	0.046377	0.239510	2.091040
323.438000	90.000000	0.098576	0.050253	0.029727	0.230785	0.303198	0.001995	0.024788	0.269776	0.302144	0.001889	0.023819	0.276809	0.097107	0.049640	0.028111	0.220509	2.009130
329.062000	90.000000	0.116771	0.014737	0.017446	0.230320	0.303701	0.003186	0.003918	0.263800	0.285937	0.004249	0.004330	0.264462	0.119708	0.015590	0.018803	0.235913	1.902870
334.688000	90.000000	0.134080	0.003617	0.028413	0.228043	0.281521	0.005748	0.007817	0.253068	0.284009	0.005254	0.007146	0.258631	0.136339	0.004175	0.030846	0.221630	1.890330
340.312000	90.000000	0.154550	0.003888	0.053040	0.220907	0.302677	0.002316	0.003840	0.227786	0.298946	0.001740	0.003212	0.218998	0.160741	0.004990	0.051127	0.229554	1.938310
345.938000	90.000000	0.183234	0.002486	0.064050	0.223609	0.295146	0.003534	0.001879	0.181427	0.296985	0.002737	0.002422	0.186158	0.191182	0.002877	0.063582	0.227706	1.929020
351.562000	90.000000	0.199581	0.004957	0.059602	0.215481	0.294685	0.019693	0.002231	0.144856	0.302288	0.020489	0.001363	0.140711	0.207087	0.003617	0.061225	0.225518	1.903380
357.187000	90.000000	0.210300	0.022368	0.048909	0.223846	0.304338	0.060971	0.001447	0.099813	0.300439	0.053704	0.001515	0.101338	0.213677	0.022798	0.046022	0.210753	1.922240
0.000000	92.388000	0.210813	0.013686	0.014095	0.213368	0.287906	0.066234	0.002021	0.076504	0.289984	0.079691	0.002277	0.082562	0.219477	0.055608	0.059242	0.222611	1.896080
5.625000	92.388000	0.214866	0.037041	0.002306	0.198720	0.303718	0.120630	0.001243	0.041198	0.291781	0.121659	0.002463	0.043752	0.224745	0.073523	0.030695	0.220179	1.928520
11.250000	92.388000	0.220936	0.042140	0.002694	0.181255	0.311780	0.153529	0.001955	0.010868	0.294881	0.168557	0.002145	0.010287	0.228450	0.077070	0.006837	0.210208	1.923590
16.875000	92.388000	0.225271	0.041304	0.002618	0.150246	0.307091	0.206808	0.002593	0.002316	0.295839	0.215682	0.003604	0.001643	0.233474	0.076720	0.006600	0.195686	1.967490
22.500000	92.388000	0.221969	0.028796	0.002430	0.129573	0.293611	0.243316	0.005466	0.004136	0.302769	0.235835	0.006454	0.001688	0.234624	0.048154	0.005821	0.164363	1.929010
28.125000	92.388000	0.224720	0.017074	0.002695	0.109871	0.298817	0.264822	0.002557	0.003725	0.281222	0.268771	0.004066	0.006052	0.245728	0.030228	0.007258	0.141628	1.909230
33.750000	92.388000	0.222830	0.015181	0.013826	0.096477	0.293079	0.270348	0.008615	0.001970	0.291546	0.266696	0.010184	0.003877	0.239646	0.030735	0.048120	0.115520	1.928650
39.375000	92.388000	0.223565	0.031165	0.038277	0.072092	0.298791	0.284270	0.031046	0.008875	0.290692	0.279002	0.040831	0.001696	0.237457	0.048038	0.066427	0.098728	2.050950
45.000000	92.388000	0.226805	0.046959	0.050277	0.051010	0.292496	0.284661	0.033627	0.037493	0.286932	0.289838	0.024433	0.024563	0.241937	0.074839	0.077012	0.071765	2.114650
50.625000	92.388000	0.225025	0.077227	0.039534	0.029451	0.277647	0.308967	0.010048	0.029274	0.274140	0.289213	0.001819	0.043687	0.235059	0.102772	0.067720	0.046460	2.058040
56.250000	92.388000	0.231924	0.097394	0.013942	0.016457	0.270214	0.300962	0.001452	0.007047	0.261587	0.294685	0.004256	0.009967	0.236464	0.118379	0.042305	0.031829	1.938870
61.875000	92.388000	0.218960	0.113093	0.003225	0.017695	0.264729	0.281741	0.002579	0.003208	0.262252	0.281499	0.006558	0.004377	0.241217	0.139259	0.007936	0.030633	1.878960
67.500000	92.388000	0.225201	0.132336	0.001682	0.028791	0.228613	0.296322	0.004176	0.005604	0.252691	0.305719	0.001858	0.006641	0.231216	0.159405	0.005515	0.048119	1.933890
73.125000	92.388000	0.213254	0.156848	0.002414	0.039720	0.203953	0.300471	0.001425	0.002222	0.208926	0.294270	0.001758	0.003846	0.234062	0.194661	0.006129	0.068639	1.932600
78.750000	92.388000	0.216618	0.185885	0.002186	0.040096	0.158263	0.307719	0.007462	0.001926	0.170565	0.294147	0.009149	0.002478	0.225711	0.217050	0.007898	0.078493	1.925640
84.375000	92.388000	0.211053	0.197149	0.002869	0.034045	0.117920	0.305960	0.034332	0.001811	0.123497	0.295379	0.043709	0.002163	0.222155	0.222697	0.031088	0.077519	1.923340
90.000000	92.388000	0.204974	0.206330	0.014642	0.015005	0.070903	0.298078	0.068337	0.001691	0.079355	0.292073	0.074297	0.001142	0.226406	0.216369	0.062345	0.057099	1.889050
95.625000	92.388000	0.198787	0.208011	0.032019	0.002546	0.036435	0.294087	0.107692	0.001390	0.041325	0.290558	0.115256	0.001516	0.218705	0.219070	0.074158	0.027978	1.869530
101.250000	92.388000	0.183602	0.212093	0.044656	0.002370	0.008801	0.302976	0.150753	0.002187	0.010110	0.294104	0.160677	0.002321	0.205877	0.222888	0.080390	0.007828	1.891630
106.875000	92.388000	0.159973	0.223423	0.042583	0.001756	0.002420	0.307913	0.193435	0.002458	0.002822	0.290129	0.208303	0.002995	0.188939	0.230673	0.074343	0.006190	1.938350
112.500000	92.388000	0.135768	0.221379	0.031339	0.001655	0.004257	0.293338	0.236900	0.003385	0.001755	0.294810	0.243286	0.005638	0.170027	0.231562	0.043317	0.005052	1.923470
118.125000	92.388000	0.114039	0.217064	0.018145	0.004532	0.002795	0.284920	0.254677	0.002020	0.007090	0.277539	0.247612	0.003634	0.137645	0.228298	0.030542	0.008275	1.838830
123.750000	92.388000	0.098006	0.223961	0.013912	0.014444	0.001592	0.291731	0.264236	0.007242	0.004286	0.288210	0.263994	0.010188	0.119122	0.225687	0.031604	0.044744	1.902960
129.375000	92.388000	0.072165	0.235962	0.032499	0.037514	0.009848	0.297760	0.285329	0.028977	0.001774	0.294222	0.274963	0.045591	0.097080	0.239401	0.048294	0.067898	2.069280
135.000000	92.388000	0.048490	0.221356	0.048122	0.048234	0.039817	0.282509	0.294654	0.033944	0.026501	0.292626	0.282264	0.025168	0.069446	0.240932	0.068480	0.069758	2.092300
140.625000	92.388000	0.032551	0.232724	0.073625	0.039065	0.029925	0.281918	0.297789	0.009408	0.046318	0.287535	0.290610	0.002032	0.048520	0.236151	0.098250	0.064308	2.070730
146.250000	92.388000	0.014957	0.220204	0.094245	0.013613	0.007903	0.277957	0.292730	0.001654	0.011814	0.267905	0.294785	0.004085	0.030980	0.236837	0.118691	0.045114	1.933470
151.875000	92.388000	0.018343	0.223600	0.112956	0.003318	0.002253	0.251037	0.297716	0.002646	0.003219	0.257178	0.292752	0.007256	0.031971	0.241476	0.144837	0.006555	1.897110
157.500000	92.388000	0.031222	0.219554	0.131338	0.002408	0.004278	0.239847	0.296860	0.004696	0.006836	0.242698	0.296746	0.001991	0.042404	0.227668	0.164493	0.005848	1.918890
163.125000	92.388000	0.042038	0.214282	0.161548	0.001864	0.001851	0.200128	0.310362	0.001103	0.003189	0.203973	0.288664	0.000918	0.070320	0.226915	0.195909	0.007638	1.930700
168.750000	92.388000	0.042694	0.217849	0.188361	0.001971	0.001621	0.147692	0.308981	0.008913	0.001878	0.157142	0.294378	0.011002	0.073273	0.228967	0.200327	0.007243	1.892290
174.375000	92.388000	0.033367	0.211750	0.201296	0.003018	0.001444	0.106572	0.301795	0.034741	0.001995	0.114036	0.291286	0.039950	0.071168	0.225771	0.224387	0.029609	1.892180
180.000000	92.388000	0.013849	0.201517	0.208463	0.014244	0.001881	0.066922	0.294685	0.072493	0.001363	0.075912	0.292306	0.072412	0.057022	0.217600	0.221384	0.056428	1.868480
185.625000	92.388000	0.002500	0.203186	0.204281	0.032738	0.001920	0.037180	0.309743	0.109291	0.001638	0.041524	0.295086	0.119509	0.028031	0.214879	0.223902	0.072872	1.898280
191.250000	92.388000	0.002080	0.189609	0.215305	0.043206	0.002120	0.007318	0.304344	0.145056	0.002425	0.007879	0.297678	0.164336	0.009043	0.198802	0.234763	0.078952	1.902920
196.875000	92.388000	0.001981	0.152697	0.212578	0.039901	0.003319	0.001449	0.307108	0.203654	0.003171	0.001582	0.283322	0.206339	0.005835	0.188954	0.226361	0.069911	1.908160
202.500000	92.388000	0.002229	0.139024	0.214637	0.031366	0.003961	0.004481	0.298404	0.238289	0.007231	0.002355	0.307722	0.248319	0.006164	0.169303	0.225873	0.047953	1.947310
208.125000	92.388000	0.002143	0.117679	0.224041	0.016823	0.002897	0.002721	0.299501	0.261916	0.003576	0.006155	0.291719	0.263360	0.007501	0.137679	0.235038	0.030057	1.902810
213.750000	92.388000	0.012266	0.096898	0.225795	0.014158	0.005253	0.002031	0.302972	0.278939	0.012544	0.003370	0.300233	0.264484	0.043289	0.115106	0.236522	0.032973	1.946830
219.375000	92.388000	0.037212	0.071208	0.225230	0.028996	0.030183	0.008392	0.294954	0.281490	0.047370	0.002237	0.293715	0.282394	0.063734	0.097087	0.232182	0.050323	2.046710
225.000000	92.388000	0.048939	0.049217	0.229347	0.048211	0.034391	0.037852	0.283571	0.291759	0.022742	0.026538	0.283371	0.280332	0.073312	0.068707	0.247050	0.067787	2.093120
230.625000	92.388000	0.037386	0.032296	0.221758	0.073535	0.009809	0.029717	0.282364	0.294433	0.001375	0.043847	0.278348	0.286187	0.063806	0.054392	0.234084	0.097910	2.041250
236.250000	92.388000	0.013021	0.014396	0.222125	0.097897	0.001423	0.007826	0.271731	0.293559	0.003478	0.012703	0.264593	0.293415	0.040828	0.028277	0.235144	0.124598	1.925020
241.875000	92.388000	0.003632	0.017369	0.232890	0.115028	0.002984	0.002701	0.261017	0.287694	0.006560	0.003334	0.265384	0.283034	0.006295	0.030730	0.235794	0.142006	1.896450
247.500000	92.388000	0.001677	0.029757	0.227740	0.129752	0.004957	0.006376	0.242402	0.298939	0.001768	0.006889	0.238020	0.300863	0.004576	0.047896	0.225877	0.167035	1.934520
253.125000	92.388000	0.001999	0.040928	0.217675	0.155902	0.001292	0.001925	0.208430	0.303025	0.001941	0.003512	0.203467	0.299113	0.006037	0.069662	0.233975	0.189286	1.938170
258.750000	92.388000	0.002440	0.042771	0.217611	0.183952	0.010404	0.001648	0.153531	0.304387	0.012344	0.002394	0.169511	0.298385	0.008080	0.078522	0.224167	0.203176	1.913320
264.375000	92.388000	0.003035	0.033085	0.211558	0.202344	0.038265	0.000936	0.106931	0.305665	0.046914	0.001894	0.110582	0.283909	0.029397	0.070533	0.225318	0.219171	1.889540
270.000000	92.388000	0.012476	0.012275	0.204408	0.201162	0.076162	0.003219	0.069091	0.302945	0.078138	0.001898	0.072611	0.295600	0.054984	0.060804	0.229308	0.210206	1.885290
275.625000	92.388000	0.031853	0.003350	0.192985	0.210104	0.116015	0.001492	0.036354	0.305363	0.121404	0.001557	0.043557	0.289450	0.075929	0.029957	0.218840	0.225387	1.903600
281.250000	92.388000	0.045120	0.002291	0.175713	0.217664	0.157541	0.002159	0.007886	0.307349	0.166608	0.002102	0.009554	0.302755	0.068524	0.006972	0.207595	0.238275	1.918110
286.875000	92.388000	0.043338	0.002767	0.154059	0.221973	0.196371	0.003173	0.001289	0.306801	0.202263	0.002468	0.001323	0.296401	0.070988	0.006509	0.194760	0.229333	1.933820
292.500000	92.388000	0.028761	0.001911	0.129570	0.224309	0.245370	0.004101	0.003550	0.292268	0.247881	0.006515	0.002045	0.297273	0.051685	0.005755	0.171271	0.241423	1.953690
298.125000	92.388000	0.017299	0.003675	0.114842	0.219805	0.254904	0.003018	0.002226	0.291571	0.250393	0.003451	0.004633	0.284021	0.031637	0.006616	0.147634	0.236548	1.872270
303.750000	92.388000	0.014807	0.013154	0.101305	0.227313	0.269163	0.007549	0.001430	0.303838	0.269426	0.013534	0.004862	0.293420	0.028134	0.046416	0.121003	0.234986	1.950340
309.375000	92.388000	0.031716	0.041147	0.073089	0.228806	0.274211	0.029034	0.010120	0.293526	0.278389	0.046963	0.002126	0.301912	0.051171	0.069337	0.099605	0.241216	2.072370
315.000000	92.388000	0.052100	0.046757	0.047726	0.233425	0.283718	0.035894	0.033388	0.292301	0.279575	0.024308	0.020860	0.284905	0.069021	0.074392	0.072069	0.240067	2.090510
320.625000	92.388000	0.076789	0.039947	0.030475	0.222786	0.299772	0.009402	0.030491	0.281913	0.284589	0.001844	0.043981	0.268325	0.097991	0.069104	0.046949	0.245347	2.049700
326.250000	92.388000	0.093802	0.014760	0.014370	0.231500	0.303796	0.001470	0.006367	0.263323	0.294571	0.004226	0.011324	0.271419	0.118373	0.041785	0.029825	0.241891	1.942800
331.875000	92.388000	0.115976	0.003365	0.017969	0.227335	0.298209	0.003759	0.002747	0.249285	0.284740	0.005559	0.005054	0.263550	0.145527	0.007296	0.031723	0.236857	1.898950
337.500000	92.388000	0.136461	0.002121	0.031668	0.221804	0.296019	0.004800	0.005842	0.238552	0.297173	0.001725	0.006847	0.240232	0.165310	0.006018	0.046180	0.234398	1.935150
343.125000	92.388000	0.162633	0.002314	0.045068	0.219161	0.304101	0.002051	0.001995	0.199669	0.303148	0.002066	0.003348	0.205640	0.185820	0.006534	0.065631	0.229904	1.939080
348.750000	92.388000	0.182736	0.001802	0.046442	0.206209	0.306391	0.010847	0.002036	0.158642	0.296615	0.010097	0.002460	0.166115	0.205386	0.006297	0.075315	0.233383	1.910770
354.375000	92.388000	0.201121	0.002471	0.032479	0.212571	0.298696	0.035331	0.001792	0.116683	0.293636	0.039371	0.002049	0.121920	0.224809	0.029017	0.073599	0.226715	1.912260
2.812500	94.780200	0.202521	0.006074	0.001941	0.193364	0.301081	0.091425	0.002190	0.057059	0.296251	0.105923	0.001714	0.065144	0.225620	0.081924	0.060389	0.223305	1.915930
8.437500	94.780200	0.208868	0.016094	0.001521	0.173649	0.307298	0.134648	0.001006	0.024108	0.287550	0.145451	0.002214	0.028127	0.228258	0.087260	0.033831	0.221394	1.901270
14.062500	94.780200	0.216864	0.022906	0.002451	0.157256	0.299604	0.170796	0.002350	0.004455	0.296922	0.189362	0.002624	0.003307	0.232464	0.081705	0.009238	0.216983	1.909290
19.687500	94.780200	0.221446	0.023271	0.002037	0.129084	0.303503	0.217545	0.002536	0.004801	0.290636	0.221071	0.004748	0.001490	0.229132	0.077064	0.008117	0.192479	1.928960
25.312500	94.780200	0.225185	0.019806	0.002527	0.113188	0.295173	0.252152	0.004285	0.004901	0.286374	0.258253	0.009814	0.002546	0.237299	0.045036	0.004562	0.169315	1.930420
30.937500	94.780200	0.225298	0.012940	0.003861	0.100006	0.299450	0.271516	0.002851	0.002105	0.282347	0.274877	0.006570	0.008534	0.230349	0.038031	0.025040	0.142101	1.925880
36.562500	94.780200	0.224948	0.023376	0.004500	0.076659	0.300612	0.280092	0.008205	0.004843	0.283632	0.276665	0.029684	0.003330	0.241494	0.052206	0.068320	0.119785	1.998350
42.187500	94.780200	0.224299	0.036782	0.009545	0.051594	0.294267	0.283967	0.027060	0.036773	0.291401	0.283767	0.033188	0.004237	0.243661	0.072975	0.073874	0.091831	2.059220
47.812500	94.780200	0.226584	0.052309	0.009332	0.035024	0.286195	0.293830	0.035613	0.031506	0.279182	0.290357	0.003007	0.032706	0.246278	0.100180	0.075472	0.070933	2.068510
53.437500	94.780200	0.218901	0.073179	0.005220	0.019845	0.272955	0.311083	0.004987	0.008339	0.270498	0.284744	0.004164	0.029653	0.246098	0.120739	0.065875	0.045854	1.982140
59.062500	94.780200	0.220469	0.099992	0.003536	0.013482	0.263632	0.311878	0.003171	0.002006	0.260030	0.291439	0.009757	0.005300	0.239760	0.142837	0.024778	0.038143	1.930210
64.687500	94.780200	0.209490	0.113708	0.002502	0.019282	0.256690	0.286079	0.003638	0.004583	0.253602	0.289911	0.002205	0.007978	0.241102	0.175831	0.004831	0.046472	1.917900
70.312500	94.780200	0.218536	0.130466	0.001206	0.022042	0.212424	0.298195	0.003258	0.002979	0.233800	0.297974	0.002071	0.005390	0.245345	0.187394	0.009428	0.074318	1.944830
75.937500	94.780200	0.216862	0.153761	0.001642	0.021627	0.174193	0.307226	0.003408	0.002231	0.182945	0.300228	0.002776	0.002729	0.238275	0.213644	0.009202	0.085356	1.916110
81.562500	94.780200	0.205081	0.182340	0.001680	0.014382	0.128464	0.318104	0.016916	0.001501	0.146662	0.284898	0.026454	0.001431	0.229337	0.229920	0.032381	0.090695	1.910250
87.187500	94.780200	0.206146	0.184542	0.001871	0.005741	0.093676	0.306658	0.050486	0.001541	0.102376	0.292708	0.060560	0.001700	0.234372	0.231455	0.062794	0.079819	1.916450
92.812500	94.780200	0.189360	0.203539	0.006318	0.002865	0.048481	0.301204	0.082198	0.001133	0.064617	0.297626	0.092404	0.001680	0.227885	0.234015	0.083847	0.062615	1.899790
98.437500	94.780200	0.174955	0.213547	0.016228	0.001349	0.019055	0.301583	0.115937	0.001705	0.029958	0.297653	0.143090	0.002041	0.223684	0.230919	0.087543	0.031138	1.890380
104.062000	94.780200	0.151946	0.206823	0.020074	0.002618	0.002153	0.315914	0.165187	0.002785	0.003207	0.287266	0.183702	0.002023	0.216189	0.230155	0.086526	0.008128	1.884700
109.688000	94.780200	0.120631	0.221414	0.020961	0.001878	0.004552	0.306754	0.214155	0.002533	0.001482	0.297273	0.224987	0.004879	0.191493	0.237338	0.071676	0.008028	1.930040
115.312000	94.780200	0.118992	0.211614	0.018324	0.002237	0.003592	0.301511	0.249239	0.003085	0.002798	0.294675	0.250637	0.010253	0.163389	0.238968	0.045299	0.006179	1.920790
120.938000	94.780200	0.100472	0.227250	0.013621	0.003940	0.001956	0.297281	0.269040	0.003496	0.007701	0.285797	0.263443	0.005858	0.140664	0.245236	0.037229	0.025946	1.928930
126.562000	94.780200	0.076358	0.214784	0.023466	0.004856	0.005781	0.297603	0.271639	0.010054	0.003802	0.288612	0.274988	0.028947	0.123093	0.245230	0.050484	0.063540	1.983240
132.188000	94.780200	0.050543	0.210389	0.037410	0.009600	0.033252	0.296170	0.284504	0.028040	0.003146	0.283275	0.281515	0.035215	0.100732	0.247796	0.066216	0.073165	2.040970
137.812000	94.780200	0.034696	0.226128	0.053577	0.010641	0.030869	0.279597	0.292690	0.031862	0.037579	0.276232	0.281428	0.002659	0.069403	0.243700	0.096976	0.074491	2.042530
143.437000	94.780200	0.021172	0.225434	0.077582	0.005386	0.008636	0.275404	0.295353	0.004118	0.032063	0.274750	0.284701	0.002707	0.047037	0.238348	0.117742	0.065509	1.975940
149.062000	94.780200	0.013410	0.228714	0.091145	0.003850	0.003135	0.267135	0.300306	0.001907	0.005714	0.262315	0.284039	0.007656	0.035042	0.244504	0.150905	0.023828	1.923600
154.688000	94.780200	0.017893	0.222345	0.110243	0.002215	0.003884	0.248071	0.298234	0.002661	0.008937	0.253010	0.286826	0.002540	0.043771	0.241782	0.168883	0.004620	1.915920
160.312000	94.780200	0.023494	0.218124	0.127039	0.002502	0.002730	0.214892	0.304002	0.003020	0.005908	0.224039	0.293458	0.001077	0.070788	0.241998	0.192122	0.008786	1.933980
165.938000	94.780200	0.022346	0.217811	0.148058	0.001595	0.002176	0.164199	0.308834	0.001452	0.002801	0.192488	0.301481	0.002398	0.086021	0.234317	0.214893	0.008477	1.909350
171.562000	94.780200	0.015234	0.213695	0.178252	0.002003	0.001597	0.122205	0.313908	0.018964	0.001715	0.137412	0.291135	0.025696	0.086768	0.230938	0.227150	0.033723	1.900390
177.188000	94.780200	0.005999	0.199395	0.191488	0.002179	0.001587	0.079740	0.309586	0.044377	0.001569	0.100471	0.303563	0.056510	0.081020	0.225564	0.224435	0.069126	1.896610
182.812000	94.780200	0.002264	0.201671	0.202709	0.007577	0.001383	0.047214	0.307538	0.081641	0.002063	0.058647	0.291951	0.097493	0.063639	0.225300	0.221041	0.085735	1.897870
188.438000	94.780200	0.001718	0.180793	0.212041	0.013098	0.001632	0.017399	0.300193	0.129650	0.002357	0.023828	0.305910	0.142777	0.033566	0.229540	0.230481	0.087067	1.912050
194.062000	94.780200	0.001607	0.151427	0.207104	0.021202	0.002296	0.001798	0.307380	0.171777	0.002910	0.001715	0.297677	0.181854	0.009024	0.204716	0.238315	0.085501	1.886300
199.687000	94.780200	0.001099	0.122906	0.214894	0.021494	0.001917	0.003836	0.309811	0.218077	0.004946	0.001632	0.290450	0.226490	0.008510	0.190860	0.234491	0.075042	1.926450
205.312000	94.780200	0.002429	0.112317	0.217799	0.018217	0.003656	0.003623	0.290555	0.257302	0.010036	0.002190	0.285864	0.260704	0.004699	0.170766	0.236878	0.045312	1.922350
210.938000	94.780200	0.004356	0.099786	0.213727	0.012023	0.003812	0.001664	0.304197	0.268217	0.005422	0.006709	0.281969	0.264470	0.023707	0.143548	0.247074	0.037197	1.917880
216.562000	94.780200	0.004538	0.075716	0.210467	0.022250	0.010930	0.005281	0.305218	0.281697	0.029525	0.004399	0.278701	0.265065	0.063635	0.124562	0.240266	0.049280	1.971530
222.188000	94.780200	0.009695	0.053527	0.221045	0.036149	0.029668	0.035251	0.289306	0.283561	0.036341	0.003642	0.295101	0.269739	0.075280	0.096354	0.245248	0.069026	2.048940
227.812000	94.780200	0.009960	0.036997	0.222163	0.052836	0.030493	0.031945	0.290135	0.298731	0.003515	0.033008	0.284022	0.286927	0.071609	0.065209	0.256483	0.094409	2.068440
233.438000	94.780200	0.004269	0.021911	0.214049	0.076155	0.004746	0.007780	0.270856	0.310761	0.002919	0.027132	0.269328	0.288820	0.063899	0.049005	0.248871	0.120074	1.980580
239.062000	94.780200	0.004168	0.014795	0.216431	0.093634	0.002390	0.002298	0.261849	0.297477	0.009031	0.005099	0.269362	0.289164	0.028017	0.038335	0.246548	0.141766	1.920360
244.687000	94.780200	0.003323	0.018417	0.223790	0.110934	0.002748	0.002986	0.250572	0.289404	0.002494	0.009178	0.254497	0.282059	0.006025	0.045682	0.244528	0.164816	1.911450
250.312000	94.780200	0.001938	0.022004	0.210243	0.127052	0.004027	0.002023	0.217819	0.310242	0.002299	0.004649	0.231695	0.293325	0.006937	0.072709	0.233797	0.183298	1.924060
255.937000	94.780200	0.001966	0.019407	0.209040	0.155674	0.004054	0.002515	0.161298	0.309448	0.003072	0.003108	0.184775	0.299763	0.010573	0.084777	0.242920	0.210099	1.902490
261.562000	94.780200	0.002271	0.014278	0.199812	0.178720	0.024806	0.001442	0.121377	0.308309	0.028239	0.002173	0.140487	0.284930	0.032669	0.084508	0.235730	0.220954	1.880710
267.188000	94.780200	0.002106	0.006467	0.206991	0.191440	0.057493	0.001053	0.083628	0.298533	0.063235	0.001925	0.095460	0.296390	0.064022	0.082326	0.220530	0.232283	1.903880
272.812000	94.780200	0.005070	0.001353	0.192242	0.209561	0.094490	0.001604	0.051563	0.310761	0.109637	0.001989	0.057231	0.297311	0.083836	0.062569	0.241748	0.222347	1.943310
278.438000	94.780200	0.014304	0.002214	0.176848	0.213418	0.134297	0.001222	0.019317	0.303622	0.149803	0.001903	0.026492	0.285734	0.087333	0.032395	0.222412	0.237985	1.909300
284.062000	94.780200	0.022333	0.001924	0.154690	0.212821	0.172532	0.002402	0.003443	0.309442	0.183662	0.002625	0.002685	0.287413	0.083758	0.008922	0.214732	0.231773	1.895160
289.688000	94.780200	0.020087	0.001985	0.128345	0.217690	0.221062	0.002010	0.003667	0.304993	0.236983	0.004381	0.002010	0.282713	0.073344	0.008334	0.197537	0.230799	1.935940
295.312000	94.780200	0.017942	0.002682	0.113949	0.216029	0.235498	0.003507	0.003343	0.295088	0.255774	0.009401	0.002122	0.294086	0.045262	0.005441	0.166261	0.240559	1.906950
300.938000	94.780200	0.014254	0.004041	0.098360	0.220443	0.270350	0.003067	0.000917	0.305368	0.256048	0.006011	0.007051	0.289285	0.039962	0.028447	0.141326	0.241286	1.926220
306.562000	94.780200	0.021404	0.004619	0.074030	0.222058	0.282810	0.009454	0.004520	0.297549	0.271660	0.025663	0.003428	0.286894	0.052077	0.066172	0.122337	0.239018	1.983690
312.187000	94.780200	0.033270	0.011223	0.055380	0.213247	0.287868	0.033153	0.030531	0.305420	0.283208	0.034656	0.002561	0.285115	0.069407	0.072197	0.102844	0.242466	2.062550
317.812000	94.780200	0.055160	0.008584	0.033111	0.218643	0.297210	0.032506	0.030703	0.287421	0.284624	0.004427	0.035006	0.275058	0.095092	0.074111	0.068098	0.246406	2.046160
323.438000	94.780200	0.079884	0.004028	0.022289	0.216562	0.307239	0.004927	0.008850	0.278596	0.278078	0.003034	0.026511	0.276755	0.123186	0.061838	0.049219	0.245729	1.986730
329.062000	94.780200	0.097776	0.004022	0.012918	0.229049	0.296775	0.001688	0.002743	0.259349	0.291508	0.008762	0.006742	0.264252	0.146112	0.026355	0.040667	0.245574	1.934290
334.688000	94.780200	0.107776	0.002683	0.019386	0.215901	0.294888	0.003878	0.003671	0.252619	0.279461	0.002832	0.008209	0.251251	0.170111	0.005768	0.043441	0.238368	1.900240
340.312000	94.780200	0.123325	0.001225	0.022090	0.219853	0.299365	0.004028	0.001847	0.214566	0.282284	0.002182	0.004028	0.228825	0.192634	0.008711	0.072722	0.240046	1.917730
345.938000	94.780200	0.155522	0.002444	0.020829	0.214592	0.306686	0.002557	0.001652	0.169310	0.293558	0.002855	0.002615	0.193080	0.218255	0.008618	0.082405	0.243203	1.918180
351.562000	94.780200	0.176998	0.001797	0.016565	0.205371	0.300066	0.015812	0.001321	0.132108	0.297132	0.029667	0.002173	0.146105	0.217956	0.033769	0.090352	0.227494	1.894680
357.187000	94.780200	0.190089	0.002384	0.006228	0.203202	0.299360	0.052966	0.001883	0.095301	0.290605	0.062719	0.001903	0.102902	0.230335	0.063441	0.081580	0.223685	1.908580
0.000000	97.180800	0.192574	0.000762	0.001175	0.199798	0.295313	0.067479	0.001698	0.071220	0.291448	0.074866	0.002409	0.085954	0.236774	0.086146	0.078999	0.223448	1.910060
5.625000	97.180800	0.201116	0.002331	0.001676	0.176123	0.307298	0.106831	0.000890	0.034586	0.285441	0.127560	0.002061	0.047550	0.234995	0.093793	0.067048	0.230517	1.919820
11.250000	97.180800	0.204470	0.006881	0.000945	0.145442	0.311385	0.148852	0.001747	0.007389	0.282744	0.169481	0.001975	0.012367	0.234625	0.093624	0.033770	0.228570	1.884260
16.875000	97.180800	0.211795	0.010555	0.001566	0.121789	0.306471	0.190023	0.001599	0.004926	0.285483	0.213313	0.002828	0.001516	0.234892	0.084294	0.010808	0.217096	1.898950
22.500000	97.180800	0.206322	0.015277	0.002499	0.109831	0.295407	0.231706	0.001981	0.004127	0.285286	0.241839	0.007599	0.001208	0.236324	0.065337	0.007678	0.188390	1.900810
28.125000	97.180800	0.217729	0.014481	0.002272	0.092506	0.299503	0.252230	0.002130	0.003223	0.278123	0.255747	0.004370	0.003185	0.247904	0.051348	0.006232	0.172158	1.903140
33.750000	97.180800	0.217771	0.019179	0.004546	0.071972	0.298594	0.268466	0.002812	0.003741	0.275910	0.271335	0.024752	0.010241	0.255869	0.056091	0.044115	0.146703	1.972100
39.375000	97.180800	0.217418	0.025885	0.004057	0.054194	0.299763	0.287530	0.014999	0.023128	0.277927	0.277119	0.034839	0.002369	0.259480	0.067715	0.047385	0.121940	2.015750
45.000000	97.180800	0.223575	0.038738	0.005622	0.041517	0.288508	0.295919	0.032963	0.033969	0.287512	0.283688	0.006631	0.006951	0.255251	0.096198	0.044280	0.095078	2.036400
50.625000	97.180800	0.217246	0.057977	0.003240	0.026030	0.280044	0.308043	0.021428	0.015376	0.277126	0.291288	0.002685	0.032208	0.247002	0.117174	0.046771	0.066995	2.010630
56.250000	97.180800	0.213691	0.080606	0.003700	0.017529	0.278742	0.299620	0.003110	0.003117	0.270833	0.292055	0.009783	0.024354	0.255010	0.143053	0.042587	0.050629	1.988420
61.875000	97.180800	0.219675	0.097221	0.002990	0.014352	0.256819	0.305902	0.001465	0.003024	0.254796	0.285051	0.003440	0.003468	0.248676	0.165853	0.005861	0.052408	1.921000
67.500000	97.180800	0.199486	0.114481	0.002238	0.015767	0.227525	0.307905	0.002450	0.003315	0.247804	0.290079	0.002055	0.010938	0.241889	0.197228	0.005658	0.065353	1.934170
73.125000	97.180800	0.210593	0.126432	0.002285	0.010179	0.186469	0.311565	0.002863	0.002065	0.210583	0.288592	0.001125	0.003122	0.247704	0.211871	0.008838	0.081350	1.905640
78.750000	97.180800	0.209629	0.145238	0.000745	0.007511	0.144836	0.312151	0.006818	0.002214	0.176870	0.280800	0.011117	0.002000	0.248201	0.223774	0.033957	0.093316	1.899180
84.375000	97.180800	0.196871	0.174052	0.002079	0.002441	0.107624	0.316777	0.028132	0.001721	0.128058	0.285057	0.045124	0.001760	0.232981	0.233399	0.065854	0.094281	1.916210
90.000000	97.180800	0.187982	0.193615	0.001481	0.001136	0.063634	0.317685	0.067220	0.002184	0.078054	0.287885	0.075273	0.002019	0.229437	0.231549	0.083084	0.077632	1.899870
95.625000	97.180800	0.172815	0.197353	0.002179	0.000993	0.027522	0.310898	0.101317	0.001151	0.044545	0.291277	0.123190	0.001239	0.232950	0.239161	0.092544	0.068040	1.907170
101.250000	97.180800	0.149078	0.204604	0.006184	0.002005	0.006084	0.317114	0.141496	0.001787	0.010878	0.283549	0.164127	0.002307	0.234722	0.240813	0.097580	0.034266	1.896590
106.875000	97.180800	0.125448	0.207764	0.011930	0.001794	0.004520	0.313675	0.183049	0.001754	0.001986	0.285928	0.203147	0.003099	0.217961	0.244143	0.085474	0.010495	1.902170
112.500000	97.180800	0.111690	0.209020	0.014382	0.002291	0.004974	0.293921	0.233254	0.002110	0.002770	0.281954	0.232396	0.007738	0.204296	0.239382	0.060866	0.007308	1.908350
118.125000	97.180800	0.095519	0.213023	0.015497	0.002985	0.002810	0.297145	0.260651	0.001802	0.002494	0.271687	0.258913	0.003918	0.167634	0.242466	0.052532	0.006386	1.895460
123.750000	97.180800	0.075514	0.220625	0.018440	0.004131	0.004038	0.309709	0.271872	0.003628	0.010843	0.287851	0.263755	0.022075	0.144112	0.246927	0.050386	0.043911	1.977820
129.375000	97.180800	0.054880	0.217393	0.027930	0.004039	0.022977	0.295576	0.279154	0.013790	0.002698	0.284136	0.283259	0.037435	0.120272	0.254878	0.069173	0.049191	2.016780
135.000000	97.180800	0.038502	0.217616	0.038611	0.005603	0.033890	0.290254	0.286735	0.033707	0.005392	0.277117	0.282694	0.003652	0.098371	0.260785	0.096650	0.042521	2.012100
140.625000	97.180800	0.027992	0.219564	0.056343	0.003607	0.014002	0.276185	0.301033	0.023952	0.031946	0.277878	0.292535	0.001440	0.069301	0.247678	0.124863	0.046193	2.014510
146.250000	97.180800	0.018120	0.215159	0.070954	0.003580	0.002696	0.271933	0.304716	0.002439	0.025943	0.254999	0.280909	0.010866	0.056198	0.241421	0.143335	0.043636	1.946900
151.875000	97.180800	0.015736	0.214084	0.098366	0.001878	0.002040	0.251974	0.297370	0.001355	0.003470	0.251208	0.279073	0.002726	0.048916	0.247918	0.168188	0.007092	1.891390
157.500000	97.180800	0.012609	0.213281	0.109526	0.002554	0.001956	0.227643	0.298084	0.003561	0.009661	0.247821	0.286689	0.002320	0.065496	0.245764	0.193918	0.007423	1.928310
163.125000	97.180800	0.010432	0.203472	0.127526	0.002278	0.002163	0.183452	0.319636	0.003396	0.003217	0.212477	0.297023	0.001772	0.086598	0.239691	0.211109	0.009435	1.913680
168.750000	97.180800	0.007118	0.201645	0.145513	0.002023	0.001470	0.133622	0.318646	0.005999	0.002425	0.163458	0.297426	0.012831	0.095223	0.235083	0.224076	0.032236	1.878800
174.375000	97.180800	0.003154	0.195690	0.178072	0.001650	0.001136	0.100049	0.311943	0.029391	0.001419	0.123166	0.288105	0.046473	0.098280	0.236792	0.228360	0.069146	1.912830
180.000000	97.180800	0.001074	0.182538	0.184916	0.001190	0.001523	0.058929	0.310294	0.061814	0.002784	0.079528	0.293006	0.085615	0.088945	0.237965	0.232772	0.085811	1.908710
185.625000	97.180800	0.002283	0.172635	0.198521	0.002925	0.001427	0.028731	0.308769	0.097029	0.001434	0.042316	0.275882	0.121461	0.071263	0.234816	0.234827	0.096288	1.890610
191.250000	97.180800	0.001483	0.145425	0.211296	0.007439	0.001156	0.007343	0.313965	0.138029	0.002203	0.011640	0.289781	0.162704	0.035627	0.220987	0.246956	0.091826	1.887860
196.875000	97.180800	0.001201	0.129928	0.209626	0.010662	0.001515	0.002080	0.327550	0.181339	0.004377	0.001402	0.298787	0.210169	0.009284	0.219473	0.247250	0.091344	1.945990
202.500000	97.180800	0.001886	0.109457	0.210376	0.015335	0.002647	0.003748	0.284322	0.235584	0.007435	0.002037	0.286987	0.251538	0.007072	0.202794	0.232650	0.061322	1.915190
208.125000	97.180800	0.002440	0.093954	0.216540	0.018363	0.002270	0.001652	0.297864	0.251742	0.004262	0.002663	0.289568	0.256819	0.006071	0.165502	0.253016	0.049676	1.912400
213.750000	97.180800	0.003490	0.075396	0.213562	0.016259	0.002971	0.001869	0.299438	0.272982	0.023594	0.010251	0.280885	0.267846	0.043352	0.145314	0.256903	0.053538	1.967650
219.375000	97.180800	0.003592	0.054988	0.217529	0.026617	0.014519	0.022332	0.306090	0.276756	0.030646	0.002591	0.281966	0.285751	0.049325	0.122738	0.252272	0.067330	2.015040
225.000000	97.180800	0.004829	0.040539	0.223658	0.038811	0.032319	0.036077	0.287240	0.285383	0.005464	0.006715	0.282967	0.282774	0.041978	0.093519	0.253058	0.096882	2.012210
230.625000	97.180800	0.003777	0.025585	0.215432	0.057398	0.023514	0.014812	0.271499	0.291019	0.002973	0.031659	0.268398	0.289361	0.046191	0.066894	0.256074	0.124228	1.988820
236.250000	97.180800	0.004596	0.017374	0.220593	0.077681	0.003846	0.003048	0.276310	0.307100	0.011243	0.021088	0.265586	0.278431	0.042289	0.049417	0.256266	0.146199	1.981070
241.875000	97.180800	0.002231	0.017475	0.206003	0.097619	0.002197	0.001728	0.252304	0.301551	0.003034	0.004296	0.262010	0.282879	0.006979	0.050207	0.251542	0.170055	1.912110
247.500000	97.180800	0.001744	0.015117	0.206658	0.111074	0.004974	0.002803	0.218196	0.296512	0.002300	0.008379	0.244305	0.282879	0.005816	0.064299	0.235600	0.193942	1.894600
253.125000	97.180800	0.002221	0.012684	0.210751	0.124215	0.004343	0.001960	0.189033	0.306391	0.002154	0.004426	0.208002	0.283372	0.011034	0.085400	0.249999	0.213164	1.909150
258.750000	97.180800	0.002195	0.007844	0.204538	0.148359	0.008499	0.002399	0.141416	0.314847	0.012652	0.002429	0.160150	0.290285	0.034189	0.093342	0.226491	0.221049	1.870680
264.375000	97.180800	0.002119	0.002640	0.190341	0.166683	0.036419	0.001653	0.100968	0.315514	0.049079	0.002117	0.126947	0.284793	0.072456	0.093298	0.235998	0.233540	1.914560
270.000000	97.180800	0.001770	0.001927	0.187847	0.185607	0.070636	0.001612	0.064578	0.309089	0.084022	0.002109	0.078879	0.293966	0.091596	0.084951	0.231104	0.231696	1.921390
275.625000	97.180800	0.002951	0.001423	0.176131	0.198901	0.114078	0.001051	0.028997	0.304144	0.130072	0.001711	0.047472	0.297707	0.092958	0.069400	0.232898	0.223189	1.923080
281.250000	97.180800	0.007112	0.002022	0.142224	0.198979	0.149389	0.001905	0.006469	0.313784	0.169673	0.002746	0.011957	0.286305	0.090643	0.034465	0.226354	0.240106	1.884130
286.875000	97.180800	0.010813	0.001504	0.123097	0.209755	0.188658	0.002119	0.003928	0.306934	0.204645	0.003356	0.000839	0.287206	0.084437	0.009590	0.217686	0.233830	1.888400
292.500000	97.180800	0.014861	0.001977	0.106456	0.212728	0.221860	0.002051	0.003973	0.302083	0.234789	0.008240	0.001924	0.291352	0.064913	0.006567	0.196622	0.245344	1.915740
298.125000	97.180800	0.015418	0.001238	0.097285	0.225703	0.263729	0.002757	0.001643	0.299846	0.255677	0.005615	0.002421	0.289953	0.050973	0.006181	0.170554	0.255581	1.944580
303.750000	97.180800	0.016724	0.004352	0.083174	0.222957	0.264564	0.003597	0.003180	0.307872	0.277517	0.026533	0.012111	0.279382	0.052379	0.042069	0.152638	0.243406	1.992460
309.375000	97.180800	0.026483	0.003571	0.057138	0.218278	0.278049	0.016057	0.023576	0.296927	0.275061	0.033009	0.002834	0.293978	0.069144	0.047411	0.123378	0.247081	2.011970
315.000000	97.180800	0.037225	0.005519	0.040575	0.214349	0.293359	0.033106	0.037210	0.282040	0.290552	0.008270	0.006212	0.279588	0.096685	0.042645	0.096801	0.249894	2.014030
320.625000	97.180800	0.056140	0.003957	0.028316	0.219022	0.299093	0.022108	0.014410	0.270136	0.280965	0.002603	0.033431	0.278135	0.118621	0.043208	0.071814	0.250485	1.992450
326.250000	97.180800	0.075088	0.004616	0.017908	0.212564	0.302711	0.002896	0.002954	0.269859	0.277349	0.011191	0.025616	0.269096	0.146323	0.044327	0.051483	0.249701	1.963680
331.875000	97.180800	0.094949	0.002717	0.016885	0.215967	0.292587	0.002050	0.002098	0.258274	0.275872	0.003038	0.005612	0.265636	0.165577	0.005913	0.052785	0.251813	1.911770
337.500000	97.180800	0.113762	0.002057	0.015976	0.212602	0.300339	0.005571	0.002458	0.227054	0.286540	0.001763	0.006950	0.250569	0.191220	0.006237	0.059086	0.245710	1.927890
343.125000	97.180800	0.130668	0.002023	0.011454	0.204451	0.309390	0.003665	0.001363	0.194151	0.280238	0.001667	0.002610	0.208602	0.218714	0.010214	0.089741	0.239944	1.908890
348.750000	97.180800	0.151707	0.002087	0.007878	0.199691	0.317377	0.007766	0.001813	0.147921	0.292085	0.011980	0.002408	0.166349	0.227136	0.032471	0.092422	0.238028	1.899120
354.375000	97.180800	0.175593	0.001708	0.003023	0.198090	0.309280	0.026856	0.001116	0.109810	0.286915	0.047535	0.001431	0.123111	0.233715	0.067762	0.091847	0.245302	1.923090
2.812500	99.594100	0.187623	0.000555	0.001097	0.182483	0.316424	0.084352	0.001998	0.044151	0.278752	0.106188	0.003220	0.066686	0.241355	0.096645	0.086975	0.229861	1.928370
8.437500	99.594100	0.196930	0.001089	0.001553	0.143843	0.311475	0.129364	0.001414	0.019671	0.285639	0.152789	0.002672	0.033671	0.241544	0.102996	0.066498	0.233574	1.924720
14.062500	99.594100	0.194821	0.004386	0.001180	0.125569	0.315428	0.166460	0.000966	0.004905	0.274987	0.187487	0.002428	0.002853	0.250567	0.094177	0.027068	0.236450	1.889730
19.687500	99.594100	0.205254	0.008726	0.001281	0.109450	0.291220	0.207510	0.001309	0.004532	0.277970	0.227881	0.008635	0.002455	0.253257	0.080854	0.008080	0.218129	1.906540
25.312500	99.594100	0.210423	0.013396	0.001870	0.096117	0.295201	0.243358	0.002050	0.003766	0.289578	0.258245	0.007488	0.002171	0.252571	0.065240	0.004264	0.196936	1.942680
30.937500	99.594100	0.206135	0.019086	0.003029	0.076503	0.297978	0.258418	0.002492	0.004121	0.272684	0.257222	0.012457	0.004821	0.259907	0.057547	0.021653	0.175271	1.929320
36.562500	99.594100	0.207546	0.022954	0.002449	0.059042	0.313114	0.283588	0.004560	0.014845	0.275434	0.272502	0.018992	0.003517	0.260737	0.067589	0.015501	0.147678	1.970050
42.187500	99.594100	0.202677	0.032517	0.003625	0.042602	0.305604	0.277212	0.018997	0.036099	0.283596	0.284709	0.010732	0.002919	0.259937	0.095554	0.012867	0.118773	1.988420
47.812500	99.594100	0.203783	0.040724	0.004260	0.031452	0.285155	0.304802	0.033149	0.019079	0.276298	0.291318	0.002026	0.011995	0.261896	0.115870	0.012406	0.096697	1.990910
53.437500	99.594100	0.211308	0.058431	0.002480	0.021285	0.279353	0.301208	0.012690	0.004071	0.271024	0.281089	0.002788	0.021459	0.256612	0.150203	0.018662	0.072582	1.965240
59.062500	99.594100	0.216155	0.077155	0.002073	0.017242	0.257898	0.308448	0.002569	0.002400	0.267798	0.278860	0.005515	0.012841	0.258966	0.167301	0.022440	0.055687	1.953350
64.687500	99.594100	0.201930	0.100943	0.001695	0.012378	0.243736	0.289173	0.001606	0.002333	0.250017	0.283124	0.002793	0.009001	0.258581	0.197437	0.004614	0.063764	1.923130
70.312500	99.594100	0.205679	0.107892	0.001677	0.007700	0.199479	0.305780	0.004179	0.001539	0.236152	0.276504	0.002156	0.010734	0.260663	0.216416	0.009446	0.086440	1.932440
75.937500	99.594100	0.200575	0.117475	0.001326	0.004904	0.161575	0.303751	0.003305	0.001231	0.194811	0.283763	0.003760	0.003253	0.242905	0.225469	0.026448	0.097505	1.872060
81.562500	99.594100	0.187668	0.156270	0.001045	0.000805	0.130910	0.318919	0.012589	0.001993	0.145507	0.286788	0.035811	0.002024	0.241330	0.234074	0.065589	0.101522	1.922840
87.187500	99.594100	0.188351	0.173435	0.000617	0.001214	0.082958	0.323393	0.040414	0.000532	0.100889	0.282273	0.066469	0.002934	0.233727	0.230370	0.081392	0.091154	1.900120
92.812500	99.594100	0.168274	0.182832	0.000990	0.001273	0.037617	0.316555	0.073463	0.001201	0.062947	0.284028	0.105976	0.002659	0.237731	0.230110	0.091915	0.080609	1.878180
98.437500	99.594100	0.153642	0.196734	0.001739	0.001389	0.014197	0.312737	0.112270	0.001130	0.033630	0.282360	0.155710	0.003192	0.242861	0.242245	0.096547	0.064730	1.915110
104.062000	99.594100	0.124185	0.202816	0.004970	0.001237	0.004871	0.311221	0.157701	0.001428	0.005051	0.280075	0.190403	0.003138	0.229351	0.235480	0.098119	0.027112	1.877160
109.688000	99.594100	0.108239	0.209039	0.006970	0.001050	0.006254	0.293465	0.194946	0.001035	0.002862	0.282066	0.240313	0.008565	0.221787	0.249703	0.084894	0.009544	1.920730
115.312000	99.594100	0.101511	0.206407	0.014146	0.001938	0.002785	0.306222	0.239083	0.002274	0.001471	0.291061	0.244636	0.007172	0.201290	0.247278	0.062269	0.004716	1.934260
120.938000	99.594100	0.077701	0.209929	0.016566	0.003090	0.002690	0.301833	0.264618	0.002265	0.004646	0.279771	0.267989	0.013526	0.172043	0.259185	0.055776	0.020865	1.952490
126.562000	99.594100	0.058392	0.214170	0.021792	0.002688	0.011369	0.300200	0.274040	0.004462	0.002050	0.269016	0.271151	0.017049	0.152474	0.264297	0.072416	0.017423	1.952990
132.188000	99.594100	0.039098	0.213749	0.030338	0.004733	0.031471	0.294550	0.283858	0.021317	0.001998	0.283374	0.279465	0.012243	0.124075	0.260163	0.090730	0.012005	1.983170
137.812000	99.594100	0.030233	0.211819	0.039901	0.003608	0.021402	0.284028	0.291926	0.034303	0.012067	0.282706	0.286551	0.002876	0.096165	0.267863	0.123732	0.011251	2.000430
143.437000	99.594100	0.021175	0.214601	0.056860	0.002201	0.003650	0.275577	0.302184	0.011743	0.021884	0.267740	0.291899	0.002839	0.069669	0.258682	0.145286	0.019009	1.965000
149.062000	99.594100	0.018730	0.205675	0.080867	0.003297	0.003173	0.263463	0.312422	0.001787	0.011211	0.270703	0.279129	0.005553	0.059173	0.260105	0.171188	0.022568	1.969040
154.688000	99.594100	0.012788	0.209048	0.093239	0.002206	0.002230	0.236959	0.307926	0.001727	0.007968	0.246138	0.294352	0.002544	0.060569	0.251430	0.200855	0.003328	1.933310
160.312000	99.594100	0.006598	0.202606	0.112353	0.001146	0.000742	0.206766	0.301665	0.003295	0.009935	0.233146	0.281314	0.001718	0.081011	0.254475	0.220901	0.010045	1.927710
165.938000	99.594100	0.004378	0.199013	0.125557	0.001678	0.001553	0.160233	0.323731	0.002765	0.003250	0.188830	0.284274	0.003473	0.094991	0.247334	0.232602	0.026820	1.900480
171.562000	99.594100	0.001071	0.194232	0.152126	0.001457	0.000909	0.114545	0.322059	0.013915	0.003023	0.143186	0.282490	0.028641	0.101643	0.243626	0.233604	0.066034	1.902560
177.188000	99.594100	0.001341	0.185911	0.177028	0.000917	0.001768	0.072140	0.310267	0.038594	0.002836	0.103201	0.284448	0.065902	0.092923	0.239804	0.239406	0.085939	1.902420
182.812000	99.594100	0.001495	0.173656	0.188401	0.000936	0.000850	0.038644	0.319544	0.074215	0.002496	0.059868	0.284165	0.105294	0.085600	0.233355	0.237010	0.094161	1.899690
188.438000	99.594100	0.001477	0.147442	0.196485	0.001035	0.001596	0.015632	0.317317	0.112157	0.003321	0.036547	0.283046	0.151201	0.064448	0.229412	0.235801	0.103414	1.900330
194.062000	99.594100	0.001799	0.121659	0.207556	0.004918	0.000884	0.003399	0.312136	0.154222	0.003343	0.003388	0.284464	0.183330	0.025376	0.235504	0.246729	0.093992	1.882700
199.687000	99.594100	0.001282	0.109210	0.202785	0.009908	0.001263	0.004040	0.292812	0.197163	0.008041	0.002420	0.287951	0.234908	0.010831	0.223503	0.246386	0.079947	1.912450
205.312000	99.594100	0.001128	0.093579	0.208699	0.013140	0.002864	0.001932	0.296723	0.241325	0.007097	0.003102	0.281949	0.248253	0.003429	0.201521	0.259517	0.062531	1.926790
210.938000	99.594100	0.003143	0.079668	0.208216	0.016371	0.002780	0.001813	0.300018	0.261072	0.014776	0.005318	0.274040	0.256897	0.022376	0.172943	0.252956	0.057476	1.929860
216.562000	99.594100	0.001933	0.055912	0.217388	0.022171	0.003666	0.012227	0.294098	0.284453	0.024280	0.003122	0.283592	0.278434	0.017156	0.144197	0.261197	0.066595	1.970420
222.188000	99.594100	0.004121	0.043391	0.214089	0.029333	0.021753	0.034911	0.291368	0.281673	0.011417	0.002366	0.282705	0.291427	0.012265	0.121083	0.268938	0.096583	2.007420
227.812000	99.594100	0.003753	0.033564	0.211440	0.042397	0.034956	0.021598	0.283274	0.295860	0.003628	0.011511	0.277492	0.280669	0.009724	0.091003	0.271288	0.123689	1.995850
233.438000	99.594100	0.003617	0.022377	0.208036	0.054808	0.013086	0.002696	0.282360	0.304619	0.002569	0.019528	0.266510	0.273938	0.018063	0.068418	0.263384	0.140892	1.944900
239.062000	99.594100	0.003035	0.017165	0.217019	0.081202	0.004501	0.002523	0.259313	0.308847	0.004617	0.012554	0.261573	0.276644	0.021809	0.061824	0.257998	0.180395	1.971020
244.687000	99.594100	0.002296	0.013169	0.209189	0.097100	0.002985	0.002518	0.231174	0.296852	0.003259	0.007896	0.255753	0.286412	0.005298	0.061003	0.248704	0.200709	1.924320
250.312000	99.594100	0.000946	0.009197	0.200585	0.107796	0.004000	0.000968	0.201370	0.282708	0.002704	0.007901	0.233416	0.289911	0.008000	0.080773	0.248348	0.225852	1.904480
255.937000	99.594100	0.001679	0.005204	0.207530	0.119631	0.004622	0.001281	0.163451	0.299710	0.005031	0.003253	0.190594	0.285037	0.027351	0.094607	0.244036	0.230572	1.883590
261.562000	99.594100	0.002103	0.001667	0.187659	0.144773	0.020311	0.001415	0.115189	0.316341	0.033066	0.002927	0.146746	0.288341	0.067920	0.100753	0.237884	0.242001	1.909100
267.188000	99.594100	0.001257	0.001145	0.187781	0.177226	0.050184	0.001372	0.072675	0.311302	0.057957	0.003087	0.103633	0.276585	0.081732	0.090329	0.237638	0.232415	1.886320
272.812000	99.594100	0.001069	0.001262	0.176358	0.187636	0.085172	0.001097	0.038291	0.322252	0.109249	0.002994	0.062416	0.286352	0.093799	0.084274	0.236615	0.230674	1.919510
278.438000	99.594100	0.000913	0.001597	0.147508	0.197529	0.124593	0.001191	0.015625	0.315621	0.154316	0.002879	0.034589	0.289110	0.098797	0.063656	0.235621	0.234151	1.917700
284.062000	99.594100	0.004701	0.001030	0.120132	0.205059	0.166649	0.001524	0.002690	0.310680	0.187139	0.002975	0.004131	0.290204	0.094906	0.027331	0.223332	0.242909	1.885390
289.688000	99.594100	0.008769	0.001187	0.109751	0.207558	0.207651	0.001619	0.002883	0.299478	0.230992	0.009720	0.001853	0.286125	0.085545	0.009351	0.216497	0.245571	1.924550
295.312000	99.594100	0.014134	0.002237	0.096106	0.202224	0.239323	0.002530	0.001547	0.300364	0.250299	0.008381	0.002220	0.279944	0.062969	0.003827	0.200155	0.258274	1.924540
300.938000	99.594100	0.019470	0.003338	0.082381	0.216964	0.256905	0.003374	0.002051	0.306109	0.259476	0.012035	0.004101	0.278861	0.056368	0.022936	0.175632	0.263806	1.963810
306.562000	99.594100	0.023722	0.003738	0.056494	0.215905	0.272026	0.004190	0.011634	0.302513	0.276215	0.018106	0.003864	0.280198	0.069654	0.016356	0.147114	0.262749	1.964480
312.187000	99.594100	0.027002	0.003074	0.041590	0.221322	0.294933	0.019361	0.035140	0.304180	0.284155	0.011536	0.002684	0.284522	0.091879	0.011461	0.120046	0.264054	2.016940
317.812000	99.594100	0.044188	0.003678	0.031799	0.216631	0.296743	0.033345	0.020522	0.280874	0.284198	0.001748	0.011661	0.282040	0.116681	0.010265	0.095088	0.263020	1.992480
323.438000	99.594100	0.055055	0.003270	0.022860	0.216247	0.297945	0.011390	0.002971	0.268653	0.279725	0.002559	0.016690	0.269675	0.143740	0.018433	0.069120	0.259114	1.937450
329.062000	99.594100	0.081749	0.002779	0.019933	0.209739	0.307088	0.002274	0.002531	0.262292	0.282238	0.005608	0.011681	0.260309	0.166298	0.021911	0.058232	0.260663	1.955330
334.688000	99.594100	0.098728	0.001821	0.012228	0.204274	0.294821	0.002144	0.002565	0.244783	0.282000	0.003072	0.007838	0.248022	0.194851	0.002486	0.057768	0.248036	1.905440
340.312000	99.594100	0.111484	0.000647	0.009066	0.205524	0.295778	0.006548	0.000626	0.202376	0.293701	0.003036	0.008186	0.229816	0.212474	0.009136	0.085880	0.252432	1.926710
345.938000	99.594100	0.126969	0.001065	0.004725	0.199560	0.296157	0.004822	0.001329	0.160553	0.278019	0.003901	0.003346	0.191257	0.235201	0.026962	0.094320	0.243165	1.871350
351.562000	99.594100	0.153343	0.001511	0.000892	0.191197	0.310708	0.014405	0.001316	0.126246	0.274995	0.032852	0.003042	0.139323	0.240470	0.067456	0.098703	0.248589	1.905050
357.187000	99.594100	0.175191	0.001307	0.001215	0.190862	0.310845	0.037468	0.001005	0.085701	0.287008	0.062099	0.003106	0.112174	0.236698	0.086270	0.094280	0.231225	1.916460
0.000000	102.025000	0.172066	0.000910	0.001305	0.168409	0.318099	0.055807	0.000840	0.060360	0.276609	0.089337	0.001490	0.085232	0.243031	0.091912	0.091170	0.235154	1.891730
5.625000	102.025000	0.191332	0.001565	0.001151	0.154284	0.330536	0.094365	0.000996	0.028174	0.270770	0.126788	0.002564	0.048069	0.245281	0.100681	0.078356	0.241396	1.916310
11.250000	102.025000	0.193197	0.002121	0.001811	0.125303	0.310763	0.146300	0.000723	0.006964	0.284148	0.166050	0.003204	0.018973	0.244338	0.097933	0.061334	0.240765	1.903930
16.875000	102.025000	0.189168	0.004909	0.001565	0.111527	0.298362	0.179179	0.000761	0.003905	0.279206	0.211576	0.003177	0.004283	0.254539	0.089013	0.020534	0.233877	1.885580
22.500000	102.025000	0.199611	0.011819	0.000585	0.096506	0.296260	0.222357	0.001314	0.003918	0.274471	0.244392	0.008895	0.002248	0.258016	0.077472	0.006764	0.224949	1.929580
28.125000	102.025000	0.203700	0.015442	0.002661	0.081836	0.300997	0.251533	0.002249	0.002554	0.273670	0.261957	0.009699	0.002745	0.257355	0.064720	0.001781	0.199489	1.932390
33.750000	102.025000	0.208173	0.026634	0.002805	0.062498	0.310544	0.264610	0.002904	0.004787	0.278399	0.270383	0.047778	0.005299	0.270696	0.068077	0.002355	0.165836	1.991780
39.375000	102.025000	0.206045	0.026695	0.002773	0.046642	0.297324	0.274116	0.003956	0.023395	0.282887	0.278509	0.023378	0.002884	0.269974	0.088294	0.001051	0.143368	1.971290
45.000000	102.025000	0.222386	0.034657	0.002663	0.032843	0.289082	0.299939	0.026536	0.022244	0.279141	0.282018	0.002493	0.003638	0.263369	0.125339	0.001049	0.120354	2.007750
50.625000	102.025000	0.209247	0.045336	0.003146	0.027589	0.281565	0.303951	0.024063	0.004518	0.273576	0.277182	0.002439	0.022912	0.267699	0.148583	0.001136	0.091888	1.984830
56.250000	102.025000	0.210108	0.057661	0.002729	0.026200	0.272535	0.312187	0.005284	0.005092	0.271108	0.270859	0.004709	0.051013	0.270947	0.175759	0.002790	0.070753	2.009730
61.875000	102.025000	0.209323	0.075992	0.002056	0.017645	0.247892	0.317161	0.001800	0.004233	0.254211	0.270844	0.002562	0.010171	0.263353	0.201008	0.001305	0.067903	1.947460
67.500000	102.025000	0.200660	0.099677	0.000617	0.009573	0.215366	0.297510	0.002336	0.001682	0.241655	0.282409	0.002418	0.011364	0.251538	0.222183	0.007482	0.083782	1.930250
73.125000	102.025000	0.200371	0.110028	0.000836	0.005604	0.175674	0.307198	0.003192	0.001090	0.205954	0.278881	0.003246	0.003173	0.252515	0.234663	0.021579	0.090482	1.894490
78.750000	102.025000	0.196284	0.121641	0.001675	0.002769	0.139053	0.306763	0.004387	0.000637	0.165057	0.283868	0.017330	0.002809	0.247081	0.237184	0.059301	0.100438	1.886280
84.375000	102.025000	0.183319	0.148649	0.000565	0.001865	0.093778	0.318167	0.019992	0.001506	0.125820	0.281710	0.047705	0.002528	0.249468	0.234485	0.079713	0.100594	1.889860
90.000000	102.025000	0.175210	0.175024	0.000772	0.000939	0.055379	0.318542	0.054264	0.001041	0.083486	0.279104	0.087478	0.002708	0.240851	0.237771	0.089235	0.090846	1.892650
95.625000	102.025000	0.149929	0.184916	0.000741	0.001550	0.021695	0.315218	0.086808	0.000986	0.048071	0.284419	0.124305	0.002543	0.246172	0.246087	0.100132	0.080330	1.893900
101.250000	102.025000	0.121555	0.188949	0.002302	0.001918	0.005928	0.298978	0.128304	0.001044	0.014412	0.276138	0.169915	0.003808	0.238240	0.248142	0.103284	0.056411	1.859330
106.875000	102.025000	0.110213	0.205277	0.004922	0.001320	0.006711	0.296046	0.173416	0.001112	0.004097	0.280693	0.205533	0.003606	0.233403	0.253788	0.088967	0.019955	1.889060
112.500000	102.025000	0.096078	0.200014	0.011424	0.000885	0.004314	0.298603	0.207109	0.001824	0.003274	0.281340	0.241795	0.009281	0.219530	0.258147	0.080171	0.007587	1.921380
118.125000	102.025000	0.079222	0.204218	0.016373	0.003067	0.003007	0.304387	0.251680	0.001868	0.002142	0.268560	0.250844	0.009438	0.201712	0.263278	0.064418	0.001881	1.926090
123.750000	102.025000	0.058367	0.215744	0.024009	0.001952	0.006259	0.305415	0.272615	0.002527	0.006247	0.282075	0.275548	0.047587	0.172200	0.273817	0.071683	0.002623	2.018670
129.375000	102.025000	0.046104	0.205298	0.024049	0.002686	0.023801	0.301719	0.279863	0.004966	0.003069	0.281334	0.271236	0.022907	0.142351	0.259560	0.090712	0.000987	1.960640
135.000000	102.025000	0.034752	0.211466	0.036394	0.002009	0.021813	0.283728	0.294797	0.023768	0.002883	0.279767	0.279104	0.003136	0.124263	0.264996	0.120107	0.001365	1.984350
140.625000	102.025000	0.028004	0.216281	0.044855	0.002392	0.004983	0.285798	0.306078	0.023829	0.023635	0.281266	0.273015	0.003587	0.093720	0.273766	0.142888	0.001471	2.005570
146.250000	102.025000	0.025663	0.202428	0.059277	0.002208	0.004327	0.268741	0.301853	0.006183	0.045778	0.256103	0.270350	0.005108	0.071396	0.272122	0.173644	0.002199	1.967380
151.875000	102.025000	0.018476	0.203547	0.078546	0.002057	0.002241	0.248949	0.306674	0.002082	0.009481	0.267102	0.268211	0.002085	0.064700	0.262370	0.204979	0.001234	1.942730
157.500000	102.025000	0.010772	0.199449	0.093637	0.000832	0.001788	0.216459	0.307750	0.002320	0.008377	0.239102	0.275859	0.002760	0.073575	0.252752	0.226854	0.006502	1.918790
163.125000	102.025000	0.004328	0.197593	0.103683	0.000895	0.000568	0.164543	0.293928	0.002890	0.002846	0.207295	0.285570	0.003412	0.088964	0.253712	0.229916	0.023569	1.863710
168.750000	102.025000	0.002827	0.185830	0.128346	0.001377	0.000924	0.122855	0.316333	0.005421	0.002722	0.170185	0.281461	0.015259	0.101651	0.262137	0.236768	0.063282	1.897380
174.375000	102.025000	0.000729	0.182527	0.157314	0.001019	0.001132	0.081999	0.319048	0.019761	0.002929	0.123017	0.277822	0.047737	0.095318	0.243504	0.242388	0.084508	1.880750
180.000000	102.025000	0.000743	0.164897	0.166272	0.000706	0.001429	0.050290	0.322490	0.050466	0.002247	0.084966	0.282185	0.088372	0.091559	0.242798	0.244423	0.096229	1.890070
185.625000	102.025000	0.001279	0.144604	0.195268	0.001409	0.000663	0.020909	0.325061	0.085802	0.002856	0.050890	0.278658	0.131206	0.080001	0.235901	0.240923	0.099699	1.895130
191.250000	102.025000	0.001544	0.131424	0.190542	0.002881	0.001443	0.003668	0.310182	0.124279	0.003773	0.015114	0.275328	0.163837	0.061854	0.245923	0.243098	0.100566	1.875460
196.875000	102.025000	0.000959	0.105235	0.195656	0.005674	0.001259	0.003297	0.301841	0.174847	0.003349	0.002748	0.277956	0.210404	0.018586	0.228364	0.262335	0.088321	1.880830
202.500000	102.025000	0.000752	0.093484	0.203821	0.010833	0.001286	0.003490	0.296133	0.211604	0.010835	0.003287	0.285791	0.243647	0.006799	0.218713	0.265616	0.079513	1.935600
208.125000	102.025000	0.002815	0.082713	0.198758	0.017505	0.002221	0.002145	0.312746	0.248681	0.009590	0.002805	0.275458	0.253068	0.001763	0.200312	0.271765	0.060944	1.943290
213.750000	102.025000	0.002888	0.060464	0.208086	0.027131	0.004265	0.004199	0.311138	0.273623	0.049143	0.005266	0.279984	0.280134	0.002827	0.172943	0.268156	0.071666	2.021910
219.375000	102.025000	0.002873	0.047719	0.201140	0.028018	0.004722	0.023373	0.296227	0.268944	0.021608	0.003234	0.276573	0.270850	0.001369	0.142587	0.269588	0.093526	1.952350
225.000000	102.025000	0.003095	0.030748	0.209325	0.029810	0.024612	0.021837	0.283419	0.296585	0.003343	0.002984	0.285468	0.273935	0.001800	0.119397	0.278810	0.129951	1.995120
230.625000	102.025000	0.002412	0.026285	0.206927	0.044797	0.022453	0.003659	0.280609	0.299336	0.002452	0.026773	0.274790	0.270670	0.001215	0.091642	0.272989	0.152040	1.979050
236.250000	102.025000	0.002072	0.022258	0.212779	0.061757	0.005226	0.003602	0.270126	0.295381	0.006518	0.043093	0.269472	0.280074	0.002582	0.067738	0.266543	0.176756	1.985980
241.875000	102.025000	0.002300	0.016413	0.207070	0.076218	0.002977	0.001988	0.252421	0.313264	0.002350	0.009575	0.250433	0.280055	0.002091	0.063312	0.250955	0.196365	1.927780
247.500000	102.025000	0.001444	0.010419	0.201530	0.105554	0.005347	0.001283	0.220331	0.305478	0.003373	0.010212	0.239887	0.287115	0.006305	0.075348	0.263495	0.222598	1.959720
253.125000	102.025000	0.001341	0.005048	0.202518	0.112483	0.003635	0.000875	0.169438	0.294472	0.002751	0.003042	0.207388	0.284442	0.021754	0.081549	0.257494	0.235194	1.883420
258.750000	102.025000	0.001448	0.002638	0.195110	0.129304	0.008337	0.001008	0.123502	0.313133	0.016889	0.002854	0.166363	0.286827	0.055278	0.099394	0.245921	0.236915	1.884920
264.375000	102.025000	0.001656	0.000727	0.185128	0.152503	0.025471	0.000703	0.083014	0.320045	0.050802	0.002409	0.126402	0.275900	0.080779	0.103010	0.241449	0.242269	1.892270
270.000000	102.025000	0.001746	0.000941	0.170143	0.170725	0.061057	0.001593	0.054652	0.316738	0.085814	0.002175	0.085061	0.276561	0.088226	0.089282	0.235136	0.241388	1.881240
275.625000	102.025000	0.000868	0.000963	0.159214	0.180658	0.098164	0.000970	0.020787	0.320217	0.132032	0.002976	0.047825	0.274359	0.098688	0.080676	0.235523	0.241180	1.895100
281.250000	102.025000	0.002268	0.001856	0.124991	0.190811	0.141401	0.001739	0.004480	0.310834	0.172024	0.002979	0.016098	0.272983	0.090597	0.064101	0.233946	0.247506	1.878620
286.875000	102.025000	0.004409	0.001109	0.116246	0.198220	0.173969	0.001915	0.002670	0.293321	0.208835	0.003417	0.002554	0.273378	0.090825	0.019144	0.239283	0.251383	1.880680
292.500000	102.025000	0.010205	0.001110	0.094612	0.206016	0.216433	0.002124	0.002683	0.300374	0.234394	0.009476	0.002577	0.280304	0.075287	0.005538	0.222260	0.252763	1.916160
298.125000	102.025000	0.017298	0.002725	0.081014	0.203887	0.245187	0.002766	0.002885	0.310591	0.258302	0.010544	0.003417	0.278063	0.063350	0.001836	0.203598	0.251791	1.937260
303.750000	102.025000	0.024121	0.001963	0.058069	0.210755	0.267903	0.003673	0.005107	0.306412	0.264798	0.049758	0.005666	0.275245	0.067594	0.003173	0.183077	0.270337	1.997650
309.375000	102.025000	0.025760	0.002819	0.046225	0.210154	0.284388	0.005061	0.023850	0.311238	0.278588	0.022446	0.003179	0.280578	0.096933	0.001016	0.147695	0.273970	2.013900
315.000000	102.025000	0.034063	0.002242	0.030666	0.206908	0.291577	0.024517	0.026517	0.293915	0.276283	0.002411	0.003082	0.278281	0.121438	0.001867	0.117415	0.268810	1.979990
320.625000	102.025000	0.045291	0.002120	0.025478	0.215245	0.296723	0.024396	0.005875	0.274834	0.279345	0.003317	0.024336	0.282914	0.152538	0.001234	0.091533	0.263032	1.988210
326.250000	102.025000	0.063196	0.001565	0.023435	0.208954	0.310754	0.005082	0.003361	0.282557	0.275414	0.006129	0.043838	0.268930	0.174922	0.002507	0.071629	0.265681	2.007950
331.875000	102.025000	0.074745	0.002990	0.016800	0.204820	0.307604	0.003258	0.001689	0.253735	0.281131	0.003467	0.009169	0.253476	0.199247	0.002195	0.060370	0.260603	1.935300
337.500000	102.025000	0.095918	0.000712	0.011488	0.197742	0.306455	0.004647	0.001404	0.222303	0.272815	0.002537	0.008509	0.248834	0.227491	0.007043	0.079144	0.257501	1.944540
343.125000	102.025000	0.112447	0.000558	0.006351	0.201321	0.293237	0.007099	0.001334	0.174604	0.277656	0.003067	0.002286	0.211948	0.229254	0.021723	0.090195	0.254927	1.888010
348.750000	102.025000	0.124959	0.001391	0.002671	0.188805	0.301205	0.006064	0.000087	0.134991	0.279975	0.015132	0.002544	0.170819	0.246770	0.063761	0.100623	0.242301	1.882100
354.375000	102.025000	0.147627	0.001455	0.001455	0.190654	0.318694	0.022020	0.001319	0.105895	0.282975	0.045834	0.002834	0.131142	0.228606	0.082227	0.101499	0.238171	1.902410
2.812500	104.478000	0.166079	0.002039	0.000887	0.157269	0.314257	0.071173	0.000490	0.040518	0.272637	0.111240	0.004319	0.067009	0.249339	0.093884	0.089358	0.246597	1.887100
8.437500	104.478000	0.175135	0.002882	0.002203	0.128307	0.307767	0.109896	0.000688	0.015916	0.274238	0.150392	0.004041	0.034928	0.244082	0.094205	0.072578	0.240798	1.858060
14.062500	104.478000	0.194218	0.005570	0.000538	0.111940	0.289183	0.151155	0.000275	0.004966	0.265087	0.180610	0.001258	0.004407	0.250334	0.086107	0.046700	0.237722	1.830070
19.687500	104.478000	0.199713	0.008993	0.000849	0.094716	0.307855	0.191763	0.000509	0.003259	0.270387	0.220730	0.011723	0.002541	0.267004	0.072805	0.019210	0.236730	1.908790
25.312500	104.478000	0.200688	0.013673	0.001932	0.081663	0.316351	0.230633	0.001663	0.001971	0.282461	0.252122	0.037667	0.002135	0.266594	0.067588	0.003376	0.228563	1.989080
30.937500	104.478000	0.201784	0.024501	0.002433	0.063706	0.307380	0.253847	0.002247	0.002302	0.267152	0.266362	0.035582	0.002896	0.272431	0.071878	0.002328	0.201623	1.978450
36.562500	104.478000	0.207701	0.030280	0.002074	0.045553	0.301663	0.273805	0.003890	0.010994	0.267664	0.267074	0.027074	0.002900	0.270054	0.091515	0.002110	0.169283	1.973630
42.187500	104.478000	0.208889	0.028692	0.002252	0.034460	0.289449	0.287404	0.008102	0.018975	0.278282	0.283551	0.006140	0.003249	0.278995	0.121621	0.003339	0.149333	2.002730
47.812500	104.478000	0.210301	0.037502	0.002615	0.029623	0.290839	0.302810	0.020826	0.006933	0.273726	0.275243	0.003324	0.007079	0.280486	0.140329	0.001668	0.116707	2.000010
53.437500	104.478000	0.204958	0.044799	0.000931	0.030375	0.270773	0.318390	0.012174	0.004957	0.267408	0.281846	0.003126	0.030775	0.268340	0.173846	0.003915	0.090344	2.006960
59.062500	104.478000	0.204858	0.067085	0.002190	0.026395	0.259048	0.314031	0.001857	0.003874	0.264104	0.265143	0.004081	0.036613	0.262669	0.205612	0.002164	0.066610	1.986330
64.687500	104.478000	0.198124	0.082391	0.002006	0.015265	0.235094	0.304923	0.001016	0.002287	0.243375	0.272533	0.002059	0.037253	0.256374	0.225492	0.003367	0.068403	1.949960
70.312500	104.478000	0.188234	0.091653	0.000486	0.009324	0.194532	0.300169	0.002785	0.000812	0.222828	0.273919	0.003666	0.012949	0.267108	0.233335	0.017289	0.074054	1.893140
75.937500	104.478000	0.187737	0.108869	0.001144	0.006152	0.151176	0.291748	0.001988	0.000672	0.188514	0.264256	0.005198	0.001471	0.251243	0.247512	0.046359	0.085583	1.839620
81.562500	104.478000	0.183819	0.133454	0.001242	0.002995	0.112058	0.302579	0.009252	0.001019	0.148846	0.272627	0.034201	0.003380	0.246903	0.236127	0.078113	0.099600	1.866220
87.187500	104.478000	0.173322	0.150564	0.000994	0.001176	0.064777	0.317296	0.030574	0.000917	0.105326	0.273981	0.067147	0.003892	0.242965	0.236761	0.090323	0.096622	1.856640
92.812500	104.478000	0.157018	0.165316	0.001279	0.001264	0.031226	0.303867	0.064942	0.000846	0.070018	0.276051	0.107402	0.003230	0.240550	0.243637	0.091814	0.083881	1.842340
98.437500	104.478000	0.128174	0.189981	0.001900	0.001046	0.010602	0.304173	0.098392	0.000640	0.030694	0.271198	0.148319	0.003182	0.239671	0.254410	0.097239	0.074710	1.854330
104.062000	104.478000	0.108352	0.188642	0.004988	0.000914	0.005167	0.290194	0.134995	0.000907	0.004775	0.279156	0.179059	0.001417	0.243501	0.249324	0.082986	0.042340	1.816720
109.688000	104.478000	0.096287	0.197043	0.008922	0.000617	0.005918	0.300704	0.190182	0.000993	0.003040	0.274969	0.228350	0.009660	0.235915	0.257931	0.078840	0.016074	1.905450
115.312000	104.478000	0.074751	0.201680	0.016102	0.001999	0.002910	0.307729	0.222911	0.001728	0.002693	0.271388	0.253476	0.036773	0.225898	0.266325	0.070938	0.001694	1.958990
120.938000	104.478000	0.067400	0.199604	0.022942	0.001671	0.001893	0.316265	0.263779	0.002250	0.002660	0.266429	0.254662	0.038954	0.202446	0.272259	0.067714	0.002847	1.983780
126.562000	104.478000	0.048819	0.204922	0.028949	0.002254	0.013820	0.302061	0.270833	0.003883	0.003185	0.276699	0.270279	0.027492	0.179656	0.267986	0.090584	0.002159	1.993580
132.188000	104.478000	0.036211	0.209813	0.030975	0.001408	0.021139	0.295603	0.281845	0.007287	0.002963	0.276979	0.277865	0.006409	0.144242	0.280791	0.113597	0.002602	1.989730
137.812000	104.478000	0.035566	0.210435	0.040605	0.002269	0.009121	0.282122	0.295237	0.020770	0.006139	0.276602	0.281004	0.002807	0.117794	0.283331	0.145742	0.002745	2.012290
143.437000	104.478000	0.032513	0.201770	0.048583	0.002440	0.005494	0.274483	0.307526	0.011347	0.030863	0.263208	0.267001	0.002911	0.087761	0.276311	0.177461	0.003460	1.993130
149.062000	104.478000	0.023157	0.205359	0.064377	0.002378	0.003125	0.251568	0.315557	0.001670	0.041337	0.268550	0.272986	0.002679	0.070414	0.270437	0.205407	0.002392	2.001390
154.688000	104.478000	0.016169	0.199464	0.080512	0.001700	0.001811	0.224947	0.312247	0.000984	0.035139	0.247274	0.270706	0.002633	0.068570	0.264056	0.223684	0.003165	1.953060
160.312000	104.478000	0.009235	0.190088	0.094758	0.000645	0.000749	0.194190	0.308701	0.002969	0.011547	0.224061	0.269129	0.002888	0.071148	0.259985	0.237610	0.015834	1.893540
165.938000	104.478000	0.004597	0.182532	0.103480	0.001092	0.001404	0.131059	0.292345	0.002713	0.001646	0.184754	0.270993	0.004385	0.083685	0.266415	0.239738	0.046925	1.817760
171.562000	104.478000	0.002743	0.179327	0.125666	0.001319	0.000597	0.097584	0.304822	0.008211	0.003966	0.145622	0.270082	0.031307	0.098643	0.248354	0.248868	0.075244	1.842360
177.188000	104.478000	0.000983	0.168565	0.153722	0.000970	0.000621	0.063111	0.313194	0.031629	0.003443	0.113976	0.281223	0.066130	0.094092	0.244440	0.241591	0.085354	1.863040
182.812000	104.478000	0.000922	0.151660	0.168664	0.000988	0.000600	0.029629	0.299168	0.068993	0.003207	0.065134	0.278347	0.105887	0.086258	0.247146	0.238974	0.095341	1.840920
188.438000	104.478000	0.000652	0.123001	0.182630	0.002278	0.000487	0.009795	0.300337	0.094438	0.003233	0.035890	0.279318	0.145427	0.076538	0.244807	0.247497	0.090333	1.836660
194.062000	104.478000	0.001132	0.113458	0.185734	0.004959	0.001051	0.001813	0.294035	0.137358	0.002307	0.004352	0.267896	0.183296	0.046937	0.237184	0.256717	0.083905	1.822140
199.687000	104.478000	0.000496	0.101546	0.186167	0.010546	0.000902	0.002578	0.303775	0.187417	0.011567	0.003292	0.277388	0.232947	0.016531	0.240194	0.261574	0.077115	1.914030
205.312000	104.478000	0.001907	0.080078	0.196315	0.017703	0.001606	0.001482	0.311748	0.231087	0.037902	0.002286	0.275901	0.251885	0.002399	0.217770	0.264504	0.068040	1.962610
210.938000	104.478000	0.002099	0.063784	0.205411	0.023143	0.003145	0.001306	0.310653	0.259012	0.036639	0.003347	0.269337	0.262578	0.002422	0.199650	0.264116	0.070669	1.977310
216.562000	104.478000	0.000937	0.050112	0.207310	0.030789	0.006450	0.011823	0.312338	0.285809	0.030350	0.002354	0.273744	0.280837	0.002270	0.167514	0.277628	0.095676	2.035940
222.188000	104.478000	0.001120	0.034502	0.204827	0.029097	0.007796	0.020296	0.306168	0.286624	0.006497	0.002179	0.273095	0.284500	0.002968	0.148777	0.280334	0.120960	2.009740
227.812000	104.478000	0.002834	0.029726	0.219036	0.034284	0.023289	0.009157	0.295648	0.298844	0.004286	0.006434	0.279607	0.275677	0.002377	0.118330	0.276642	0.143273	2.019440
233.438000	104.478000	0.000933	0.030111	0.203306	0.044413	0.011378	0.004126	0.274093	0.292512	0.003260	0.029994	0.272249	0.266142	0.003161	0.089901	0.270283	0.173801	1.969660
239.062000	104.478000	0.000853	0.026264	0.196056	0.062073	0.003069	0.002742	0.262114	0.304640	0.003848	0.041079	0.271758	0.274540	0.002414	0.066873	0.269589	0.197091	1.985010
244.687000	104.478000	0.002112	0.015284	0.193392	0.082878	0.002775	0.001832	0.227207	0.311141	0.002023	0.033119	0.250585	0.272865	0.003217	0.067066	0.264401	0.234589	1.964490
250.312000	104.478000	0.000927	0.011172	0.201950	0.095840	0.003169	0.000459	0.179580	0.301598	0.003302	0.009970	0.230102	0.276548	0.015610	0.076980	0.255437	0.240325	1.902970
255.937000	104.478000	0.000836	0.005178	0.183364	0.112961	0.005864	0.000577	0.140327	0.294469	0.003615	0.001158	0.186163	0.275061	0.047641	0.085711	0.259161	0.235781	1.837870
261.562000	104.478000	0.001077	0.002726	0.177689	0.130160	0.016235	0.000593	0.101134	0.300587	0.035061	0.002914	0.142255	0.266551	0.075924	0.095711	0.251638	0.242866	1.843120
267.188000	104.478000	0.001623	0.000583	0.169401	0.156169	0.039192	0.000328	0.060801	0.319730	0.072548	0.002514	0.106455	0.265437	0.092734	0.096461	0.242244	0.240540	1.866760
272.812000	104.478000	0.002358	0.001239	0.152048	0.171624	0.074663	0.000994	0.030602	0.313293	0.110359	0.002628	0.069101	0.275437	0.095148	0.088064	0.239223	0.238503	1.865280
278.438000	104.478000	0.002503	0.001480	0.124831	0.177151	0.112897	0.001053	0.008224	0.301893	0.149445	0.003145	0.033801	0.270603	0.095226	0.077376	0.237658	0.252655	1.849940
284.062000	104.478000	0.005349	0.000752	0.107773	0.185837	0.146084	0.000723	0.002441	0.307005	0.182858	0.001864	0.004095	0.260083	0.084525	0.046034	0.243669	0.261207	1.840300
289.688000	104.478000	0.010636	0.000811	0.097088	0.196593	0.190352	0.001268	0.003440	0.302197	0.227598	0.009018	0.002792	0.264182	0.074703	0.017749	0.229173	0.266707	1.894310
295.312000	104.478000	0.016347	0.002234	0.080310	0.191392	0.229098	0.002353	0.000674	0.299447	0.247752	0.035151	0.002660	0.272879	0.069613	0.002789	0.220963	0.276923	1.950580
300.938000	104.478000	0.026974	0.001849	0.060338	0.201363	0.255953	0.003986	0.001681	0.312352	0.266526	0.036685	0.002895	0.263214	0.067638	0.002008	0.204396	0.271152	1.979010
306.562000	104.478000	0.031374	0.001502	0.049869	0.211074	0.273649	0.006343	0.010354	0.315751	0.272101	0.032602	0.003453	0.265458	0.091406	0.002735	0.170952	0.280125	2.018750
312.187000	104.478000	0.033051	0.001524	0.035385	0.205828	0.275550	0.009378	0.019902	0.298793	0.274983	0.006638	0.002785	0.278987	0.116123	0.001879	0.148623	0.267303	1.976730
317.812000	104.478000	0.037711	0.002777	0.030592	0.217563	0.302170	0.023211	0.006717	0.282050	0.278831	0.003543	0.007083	0.281051	0.144334	0.002721	0.124263	0.275299	2.019920
323.438000	104.478000	0.046056	0.002064	0.032196	0.204555	0.310142	0.011346	0.004697	0.275704	0.282685	0.003127	0.028675	0.263643	0.175394	0.001855	0.088947	0.278846	2.009930
329.062000	104.478000	0.061264	0.002252	0.022168	0.200111	0.305875	0.002716	0.002449	0.253632	0.260966	0.002203	0.040605	0.260750	0.204185	0.002313	0.073716	0.271974	1.967180
334.688000	104.478000	0.080032	0.001808	0.016367	0.187097	0.307218	0.002223	0.001310	0.230931	0.266659	0.002434	0.037051	0.247050	0.221391	0.003842	0.070400	0.261629	1.937440
340.312000	104.478000	0.101427	0.000559	0.010666	0.194710	0.304844	0.006883	0.000329	0.193566	0.275135	0.002940	0.010680	0.223125	0.229881	0.016238	0.073629	0.254374	1.898990
345.938000	104.478000	0.114919	0.001003	0.006341	0.187444	0.293868	0.006460	0.000757	0.146386	0.260999	0.004372	0.001338	0.185710	0.241060	0.042366	0.082601	0.251322	1.826950
351.562000	104.478000	0.125925	0.000897	0.003173	0.173595	0.298829	0.009851	0.000719	0.113554	0.262351	0.032120	0.003294	0.151842	0.243357	0.079675	0.096816	0.240235	1.836230
357.187000	104.478000	0.150386	0.001643	0.002049	0.167567	0.310726	0.032648	0.000955	0.078413	0.278206	0.069675	0.003484	0.114289	0.246993	0.092093	0.099076	0.238786	1.886990
0.000000	106.958000	0.150908	0.001341	0.002007	0.148220	0.292462	0.039279	0.001042	0.054308	0.260283	0.095350	0.006425	0.092349	0.248970	0.092326	0.089437	0.237145	1.811850
5.625000	106.958000	0.163440	0.003762	0.002001	0.128761	0.288639	0.076312	0.000413	0.021629	0.268343	0.126280	0.004364	0.061342	0.250771	0.092017	0.076643	0.245900	1.810620
11.250000	106.958000	0.175645	0.006316	0.000980	0.108811	0.292270	0.117550	0.000514	0.006776	0.262821	0.161476	0.002165	0.022355	0.255588	0.073530	0.063186	0.239021	1.789000
16.875000	106.958000	0.179628	0.009300	0.000694	0.099141	0.304587	0.158840	0.000418	0.002284	0.265468	0.203710	0.001628	0.004383	0.260892	0.067687	0.032363	0.245053	1.836070
22.500000	106.958000	0.187920	0.014447	0.001776	0.081981	0.321511	0.201253	0.001302	0.002976	0.267023	0.232802	0.035539	0.002580	0.268812	0.063027	0.012121	0.232636	1.927710
28.125000	106.958000	0.201800	0.021930	0.001840	0.063520	0.301860	0.251068	0.001700	0.002705	0.270053	0.247110	0.057897	0.002168	0.277429	0.070998	0.001584	0.229072	2.002730
33.750000	106.958000	0.203393	0.033118	0.001079	0.050275	0.307056	0.266593	0.002857	0.001791	0.262105	0.267879	0.052872	0.002178	0.280872	0.086913	0.000843	0.205425	2.025250
39.375000	106.958000	0.200129	0.032704	0.001250	0.036243	0.311151	0.281678	0.007527	0.014904	0.274525	0.269670	0.011317	0.005221	0.270649	0.118252	0.003235	0.170659	2.009110
45.000000	106.958000	0.214456	0.032245	0.001654	0.032421	0.291913	0.289082	0.012238	0.009509	0.265929	0.286028	0.003764	0.003944	0.286666	0.143815	0.002647	0.145300	2.021610
50.625000	106.958000	0.196623	0.043039	0.001655	0.036282	0.283281	0.300245	0.010890	0.007908	0.268205	0.271991	0.004205	0.013597	0.279438	0.173704	0.002039	0.115934	2.009040
56.250000	106.958000	0.196164	0.049622	0.001138	0.031163	0.259924	0.310713	0.001222	0.005560	0.270015	0.261958	0.002838	0.054066	0.288103	0.200890	0.001331	0.089719	2.024430
61.875000	106.958000	0.192686	0.067991	0.002171	0.021973	0.239341	0.320746	0.001766	0.003111	0.259848	0.268001	0.001908	0.057996	0.269928	0.230370	0.001510	0.069132	2.008480
67.500000	106.958000	0.202646	0.082472	0.001386	0.013981	0.206307	0.319990	0.000508	0.002147	0.236653	0.272406	0.003365	0.033618	0.264489	0.236258	0.011568	0.068992	1.956780
73.125000	106.958000	0.190069	0.097165	0.000506	0.010297	0.157089	0.307745	0.001443	0.001056	0.201949	0.259244	0.003214	0.001346	0.264080	0.239570	0.034665	0.068405	1.837840
78.750000	106.958000	0.184155	0.104550	0.001128	0.006461	0.121270	0.283166	0.002293	0.000771	0.158231	0.252722	0.020491	0.002222	0.248538	0.240367	0.064688	0.076100	1.767150
84.375000	106.958000	0.163570	0.124124	0.002658	0.003009	0.079912	0.290988	0.014646	0.000270	0.126387	0.267052	0.056833	0.005501	0.244444	0.246834	0.079652	0.087811	1.793690
90.000000	106.958000	0.154722	0.158163	0.001048	0.001129	0.039488	0.303514	0.039131	0.001065	0.094852	0.256078	0.095216	0.005238	0.247445	0.244918	0.092595	0.088563	1.823170
95.625000	106.958000	0.125623	0.169524	0.002138	0.001614	0.016233	0.282479	0.071931	0.000633	0.055804	0.268785	0.131821	0.006299	0.248330	0.248841	0.086282	0.076404	1.792740
101.250000	106.958000	0.108874	0.174372	0.005054	0.000623	0.004529	0.295358	0.111321	0.000561	0.019888	0.270308	0.162663	0.002493	0.245215	0.250462	0.075156	0.063674	1.790550
106.875000	106.958000	0.095512	0.190635	0.009252	0.000596	0.005669	0.293609	0.145657	0.000136	0.002737	0.259225	0.209036	0.001193	0.249575	0.256431	0.065091	0.032812	1.817170
112.500000	106.958000	0.076948	0.191027	0.013012	0.002206	0.004176	0.312446	0.199026	0.001011	0.003217	0.277543	0.238698	0.032016	0.244499	0.264040	0.068259	0.010300	1.938430
118.125000	106.958000	0.063715	0.190139	0.021485	0.002104	0.001926	0.312822	0.232262	0.002341	0.002795	0.266153	0.258905	0.052916	0.226061	0.272995	0.070650	0.001291	1.978560
123.750000	106.958000	0.052439	0.198953	0.033691	0.001832	0.002244	0.309715	0.260128	0.002989	0.001868	0.267424	0.257344	0.053569	0.203732	0.284965	0.085724	0.000570	2.017190
129.375000	106.958000	0.041208	0.206270	0.034816	0.001965	0.012850	0.304457	0.285630	0.009748	0.004632	0.272623	0.271888	0.011862	0.164859	0.278575	0.117958	0.002465	2.021810
135.000000	106.958000	0.035071	0.208371	0.033107	0.001447	0.011408	0.282910	0.294720	0.009682	0.004087	0.277901	0.273932	0.005109	0.140048	0.285227	0.148837	0.002356	2.014210
140.625000	106.958000	0.039037	0.201227	0.040234	0.001345	0.008176	0.277209	0.304158	0.013468	0.012428	0.277292	0.273964	0.003628	0.111306	0.283554	0.173796	0.002819	2.023640
146.250000	106.958000	0.032131	0.205798	0.049312	0.001775	0.005995	0.256513	0.311898	0.002311	0.049946	0.264564	0.256895	0.001863	0.088932	0.284590	0.201988	0.001165	2.015680
151.875000	106.958000	0.022427	0.204956	0.064767	0.001267	0.003571	0.238672	0.321035	0.002056	0.056171	0.255582	0.263276	0.002136	0.071454	0.277441	0.227943	0.001570	2.014320
157.500000	106.958000	0.015730	0.192484	0.080723	0.001064	0.001704	0.201513	0.303761	0.001440	0.031145	0.236149	0.270462	0.004538	0.067582	0.273668	0.239447	0.012538	1.933950
163.125000	106.958000	0.011327	0.180555	0.094498	0.000681	0.001077	0.154173	0.303579	0.001824	0.000665	0.204505	0.266120	0.002836	0.069168	0.260002	0.251691	0.032055	1.834760
168.750000	106.958000	0.005267	0.184379	0.108446	0.001707	0.000548	0.108348	0.290890	0.002272	0.001630	0.170032	0.272670	0.018325	0.074355	0.257305	0.244927	0.066491	1.807590
174.375000	106.958000	0.001449	0.169775	0.131223	0.000808	0.000365	0.074098	0.299130	0.014306	0.005357	0.127220	0.264276	0.054842	0.092074	0.250654	0.251370	0.078398	1.815340
180.000000	106.958000	0.001231	0.154760	0.151109	0.001163	0.000913	0.040565	0.296974	0.039238	0.004975	0.093738	0.260873	0.092289	0.093316	0.255968	0.248145	0.089179	1.824440
185.625000	106.958000	0.001695	0.122371	0.168184	0.002450	0.000607	0.013418	0.291564	0.069418	0.004659	0.056871	0.258015	0.131387	0.078375	0.252305	0.255569	0.086389	1.793280
191.250000	106.958000	0.001355	0.107142	0.182602	0.004251	0.000729	0.002076	0.292251	0.106580	0.002543	0.021140	0.268050	0.160906	0.063446	0.234930	0.259291	0.074094	1.781390
196.875000	106.958000	0.000434	0.097155	0.192436	0.009907	0.000936	0.000946	0.300865	0.148763	0.002272	0.003405	0.267249	0.209776	0.032917	0.242127	0.261491	0.069750	1.840430
202.500000	106.958000	0.001262	0.081639	0.194660	0.015453	0.002034	0.001403	0.309742	0.197900	0.032671	0.003251	0.272233	0.244130	0.011439	0.237257	0.270399	0.066846	1.942320
208.125000	106.958000	0.001970	0.067055	0.198383	0.022794	0.003341	0.002733	0.306698	0.235948	0.059191	0.001996	0.267577	0.253090	0.001600	0.221966	0.279883	0.070687	1.994910
213.750000	106.958000	0.001818	0.050944	0.201263	0.032170	0.004943	0.002007	0.306594	0.269335	0.053212	0.002401	0.270815	0.260669	0.000847	0.200051	0.281643	0.089709	2.028420
219.375000	106.958000	0.001346	0.040565	0.203148	0.039183	0.009405	0.013662	0.300760	0.271823	0.011451	0.004779	0.278578	0.270678	0.001633	0.168111	0.286033	0.116287	2.017440
225.000000	106.958000	0.002275	0.035520	0.202606	0.033394	0.010961	0.010198	0.293074	0.284473	0.004666	0.004202	0.273664	0.276306	0.002272	0.148119	0.282232	0.147650	2.011610
230.625000	106.958000	0.001433	0.034810	0.211276	0.038532	0.014230	0.008105	0.287881	0.298782	0.004203	0.011943	0.269364	0.272839	0.002331	0.116117	0.286179	0.170373	2.028400
236.250000	106.958000	0.001592	0.030499	0.198909	0.052209	0.002637	0.003437	0.256582	0.293877	0.001728	0.050115	0.271254	0.266115	0.000650	0.088394	0.281470	0.201041	2.000510
241.875000	106.958000	0.002451	0.021763	0.200239	0.065491	0.002961	0.002125	0.240239	0.305752	0.003127	0.053629	0.255840	0.270531	0.001154	0.073164	0.281533	0.222478	2.002480
247.500000	106.958000	0.001680	0.014516	0.193107	0.076189	0.002786	0.001375	0.199781	0.313618	0.002671	0.031961	0.235351	0.278801	0.011258	0.067557	0.266388	0.245235	1.942270
253.125000	106.958000	0.000517	0.009722	0.189057	0.096997	0.001904	0.000839	0.151002	0.301764	0.003087	0.001865	0.207340	0.261195	0.033531	0.072289	0.261224	0.243944	1.836280
258.750000	106.958000	0.000950	0.005620	0.184896	0.102741	0.006185	0.000610	0.104681	0.294727	0.019207	0.001884	0.164359	0.266412	0.064442	0.076049	0.258585	0.252376	1.803720
264.375000	106.958000	0.002007	0.001958	0.167565	0.126223	0.023418	0.000528	0.068559	0.296263	0.053950	0.004129	0.121669	0.259219	0.082173	0.085722	0.250724	0.243961	1.788070
270.000000	106.958000	0.001507	0.001684	0.143544	0.155313	0.053185	0.000914	0.036533	0.294753	0.089088	0.004591	0.097007	0.256638	0.087871	0.092222	0.245473	0.248704	1.809030
275.625000	106.958000	0.002974	0.001055	0.127452	0.165008	0.087999	0.000563	0.014487	0.290684	0.128118	0.005519	0.056377	0.265091	0.087611	0.082409	0.243908	0.259537	1.818790
281.250000	106.958000	0.004469	0.001250	0.106525	0.178336	0.129872	0.000515	0.003090	0.283390	0.167113	0.002206	0.018107	0.262233	0.081280	0.060516	0.243670	0.255503	1.798080
286.875000	106.958000	0.009661	0.001253	0.094347	0.185441	0.161394	0.001561	0.000752	0.304706	0.203813	0.001539	0.003994	0.261731	0.073274	0.032402	0.244754	0.264367	1.844990
292.500000	106.958000	0.015273	0.001635	0.078503	0.195413	0.202758	0.002526	0.001351	0.305461	0.249437	0.029583	0.003190	0.262785	0.068135	0.012064	0.233021	0.265220	1.926350
298.125000	106.958000	0.022067	0.002346	0.063669	0.194147	0.237912	0.003076	0.001535	0.310554	0.257542	0.054015	0.002044	0.268020	0.077268	0.001733	0.220817	0.274394	1.991140
303.750000	106.958000	0.033190	0.001416	0.053568	0.199556	0.253825	0.005443	0.002392	0.309193	0.267566	0.052847	0.002567	0.261087	0.089743	0.001037	0.205102	0.286900	2.025430
309.375000	106.958000	0.035199	0.000633	0.038633	0.213479	0.283314	0.009573	0.013726	0.300091	0.277032	0.013283	0.004966	0.268742	0.119009	0.002346	0.174864	0.272787	2.027680
315.000000	106.958000	0.030238	0.001769	0.035832	0.208607	0.298474	0.010046	0.010083	0.289133	0.274443	0.004369	0.004189	0.268985	0.142879	0.002404	0.146002	0.283620	2.011070
320.625000	106.958000	0.038743	0.001817	0.034802	0.203668	0.304895	0.014397	0.007347	0.272061	0.271724	0.004651	0.011838	0.277254	0.174796	0.001228	0.110292	0.273113	2.002630
326.250000	106.958000	0.053222	0.001285	0.031658	0.201962	0.312143	0.003087	0.002993	0.264409	0.264387	0.002204	0.050972	0.261418	0.198058	0.001033	0.093310	0.273988	2.016130
331.875000	106.958000	0.061871	0.001758	0.024728	0.203233	0.314069	0.001450	0.001605	0.242421	0.263399	0.002211	0.059106	0.256271	0.228964	0.001279	0.070950	0.277160	2.010480
337.500000	106.958000	0.083580	0.001689	0.014359	0.193938	0.306130	0.002897	0.001531	0.199811	0.270998	0.003176	0.034450	0.242718	0.232852	0.012919	0.065143	0.262916	1.929110
343.125000	106.958000	0.096193	0.000575	0.008303	0.180994	0.302756	0.005021	0.000671	0.159517	0.267342	0.003113	0.001402	0.206607	0.241232	0.032006	0.069970	0.269488	1.845190
348.750000	106.958000	0.106454	0.000610	0.006154	0.178275	0.290165	0.006151	0.000416	0.127687	0.267358	0.020162	0.002824	0.163293	0.242399	0.062529	0.076882	0.265197	1.816560
354.375000	106.958000	0.130357	0.001761	0.003399	0.160750	0.299063	0.014255	0.000240	0.090083	0.262211	0.054721	0.004772	0.131260	0.247217	0.081856	0.086987	0.250756	1.819690
2.812500	109.471000	0.148222	0.002149	0.001658	0.128488	0.297448	0.052082	0.000557	0.033361	0.258550	0.107380	0.006561	0.083997	0.254401	0.078347	0.078437	0.243449	1.775090
8.437500	109.471000	0.161759	0.005584	0.001103	0.101748	0.299965	0.096238	0.000348	0.010040	0.246351	0.141179	0.004541	0.040270	0.252592	0.071864	0.071913	0.249654	1.755150
14.062500	109.471000	0.182184	0.008511	0.001025	0.093522	0.299803	0.132712	0.000448	0.004014	0.256076	0.180180	0.001708	0.007371	0.260275	0.061501	0.050904	0.248449	1.788680
19.687500	109.471000	0.184174	0.014187	0.001011	0.076565	0.308164	0.172662	0.001168	0.002538	0.266149	0.221640	0.002932	0.002652	0.267877	0.061229	0.022274	0.254581	1.859810
25.312500	109.471000	0.196151	0.019210	0.002007	0.065044	0.307739	0.215582	0.002687	0.001640	0.268473	0.246283	0.028781	0.002370	0.276123	0.073137	0.005343	0.235266	1.945840
30.937500	109.471000	0.194028	0.029186	0.002155	0.053778	0.310782	0.253795	0.002025	0.001935	0.262634	0.258745	0.038860	0.001355	0.282347	0.087868	0.001066	0.226466	2.007030
36.562500	109.471000	0.202500	0.041529	0.001805	0.046448	0.302101	0.263836	0.006451	0.001917	0.266715	0.267287	0.007871	0.002011	0.287640	0.112994	0.000441	0.198012	2.009560
42.187500	109.471000	0.192550	0.036962	0.001337	0.035048	0.301072	0.291448	0.011374	0.007342	0.272467	0.272545	0.001649	0.005110	0.290599	0.142591	0.000381	0.164362	2.026840
47.812500	109.471000	0.192382	0.035903	0.001279	0.037270	0.282965	0.294400	0.008569	0.015236	0.274397	0.277009	0.003694	0.001897	0.286304	0.167985	0.000824	0.142727	2.022840
53.437500	109.471000	0.202097	0.041018	0.001242	0.039291	0.271189	0.304853	0.002619	0.007818	0.268026	0.262792	0.003432	0.008904	0.286093	0.208728	0.001145	0.113808	2.023060
59.062500	109.471000	0.191849	0.055877	0.001898	0.029028	0.250020	0.309001	0.001158	0.005665	0.260593	0.258268	0.001580	0.039948	0.276592	0.227688	0.000759	0.090946	2.000870
64.687500	109.471000	0.189161	0.062989	0.000977	0.018614	0.214038	0.312753	0.001675	0.004566	0.247325	0.263942	0.003312	0.032905	0.281494	0.244420	0.004793	0.074271	1.957230
70.312500	109.471000	0.180640	0.082843	0.001182	0.015245	0.175716	0.307919	0.001544	0.002210	0.223491	0.265735	0.003503	0.002268	0.274387	0.238301	0.024696	0.066344	1.866020
75.937500	109.471000	0.174309	0.098280	0.000805	0.008507	0.130330	0.306557	0.001790	0.001069	0.179138	0.258118	0.007522	0.001231	0.268979	0.245093	0.046094	0.064703	1.792530
81.562500	109.471000	0.169263	0.106823	0.001054	0.005115	0.093390	0.290063	0.004090	0.001159	0.145655	0.250021	0.036627	0.003882	0.254436	0.245382	0.071530	0.064649	1.743140
87.187500	109.471000	0.147194	0.124425	0.001196	0.002488	0.050910	0.290929	0.019794	0.000409	0.108282	0.258110	0.080313	0.005523	0.254871	0.252377	0.080187	0.079213	1.756220
92.812500	109.471000	0.129491	0.150190	0.001639	0.001871	0.022057	0.289068	0.045892	0.001621	0.079208	0.255677	0.108886	0.006403	0.245663	0.249929	0.076390	0.079099	1.743080
98.437500	109.471000	0.110719	0.169373	0.004594	0.000826	0.005752	0.289032	0.076629	0.001104	0.040069	0.256786	0.140171	0.003254	0.247614	0.254614	0.070499	0.068503	1.739540
104.062000	109.471000	0.097493	0.175717	0.007792	0.001088	0.007500	0.293885	0.118887	0.000452	0.008563	0.252114	0.170739	0.001151	0.245207	0.266756	0.060502	0.047215	1.755060
109.688000	109.471000	0.079029	0.182216	0.015161	0.001417	0.003229	0.309240	0.157122	0.000569	0.002397	0.262078	0.229228	0.002343	0.252383	0.270799	0.064973	0.025224	1.857410
115.312000	109.471000	0.068204	0.200821	0.020279	0.001341	0.001619	0.309020	0.216794	0.002254	0.002411	0.266989	0.251974	0.030253	0.240221	0.269483	0.071395	0.005751	1.958810
120.938000	109.471000	0.052461	0.189120	0.027908	0.002138	0.001957	0.314903	0.252270	0.000687	0.002219	0.254477	0.265054	0.042130	0.231021	0.281578	0.087050	0.001202	2.006170
126.562000	109.471000	0.040556	0.196182	0.037891	0.001313	0.002865	0.300142	0.267995	0.006840	0.002051	0.261030	0.267308	0.007329	0.205618	0.285643	0.116071	0.000416	1.999250
132.188000	109.471000	0.037846	0.200709	0.036992	0.001701	0.005628	0.291499	0.287135	0.012605	0.005273	0.272798	0.273616	0.001438	0.175199	0.290031	0.142073	0.000742	2.035280
137.812000	109.471000	0.038182	0.203424	0.040102	0.001291	0.015978	0.278674	0.303091	0.008643	0.001082	0.272084	0.274552	0.003715	0.147500	0.282501	0.164592	0.000603	2.036010
143.437000	109.471000	0.044624	0.203331	0.045236	0.001171	0.006666	0.267101	0.304041	0.001932	0.007060	0.260461	0.267101	0.002004	0.106215	0.281567	0.202185	0.000850	2.001540
149.062000	109.471000	0.029225	0.195966	0.054523	0.002313	0.005861	0.243044	0.307270	0.002271	0.038419	0.256163	0.275551	0.001938	0.085719	0.285711	0.227172	0.000595	2.011740
154.688000	109.471000	0.020059	0.189904	0.067574	0.001295	0.003057	0.215398	0.320444	0.001102	0.028641	0.246420	0.271739	0.002671	0.078846	0.279192	0.238822	0.005651	1.970820
160.312000	109.471000	0.013409	0.184568	0.078522	0.001168	0.001545	0.166617	0.317452	0.001326	0.002050	0.225078	0.262516	0.003314	0.065483	0.270495	0.242402	0.022153	1.858100
165.938000	109.471000	0.009070	0.171442	0.095913	0.000517	0.000481	0.113245	0.303900	0.001191	0.000676	0.184932	0.260645	0.007402	0.064926	0.264152	0.245241	0.047186	1.770920
171.562000	109.471000	0.004201	0.163690	0.103900	0.001296	0.001038	0.077055	0.293859	0.003119	0.004293	0.141477	0.266022	0.035682	0.070956	0.270190	0.245499	0.074068	1.756340
177.188000	109.471000	0.002563	0.143852	0.122274	0.001005	0.001338	0.048742	0.288721	0.021481	0.005450	0.110266	0.250601	0.080122	0.076520	0.257902	0.243647	0.077565	1.732050
182.812000	109.471000	0.001587	0.122429	0.148482	0.002418	0.001183	0.022349	0.290951	0.046807	0.006662	0.079059	0.248374	0.109857	0.082355	0.248851	0.253373	0.075164	1.739900
188.438000	109.471000	0.000929	0.108662	0.164155	0.005561	0.000758	0.002922	0.296359	0.077849	0.003731	0.036058	0.248867	0.144731	0.075112	0.249451	0.259988	0.067068	1.742200
194.062000	109.471000	0.000748	0.100901	0.173211	0.006897	0.000620	0.001739	0.299519	0.110377	0.001384	0.007382	0.253182	0.184669	0.045180	0.245369	0.260325	0.067656	1.759160
199.687000	109.471000	0.001782	0.080458	0.190652	0.010338	0.002920	0.001098	0.317578	0.165105	0.003058	0.002496	0.255273	0.224128	0.021461	0.248690	0.271955	0.064960	1.861950
205.312000	109.471000	0.000940	0.065709	0.191391	0.019999	0.002861	0.002092	0.311136	0.204964	0.031671	0.002482	0.271026	0.249411	0.005330	0.246547	0.274380	0.070740	1.950680
210.938000	109.471000	0.002383	0.052998	0.190870	0.032226	0.004897	0.001968	0.308281	0.242534	0.040971	0.001875	0.269302	0.262529	0.001021	0.224982	0.280937	0.085256	2.003030
216.562000	109.471000	0.001208	0.049231	0.201601	0.041402	0.006694	0.002312	0.307222	0.265366	0.007091	0.002913	0.255996	0.276302	0.000421	0.195952	0.279106	0.107382	2.000200
222.188000	109.471000	0.002303	0.037391	0.200762	0.036390	0.012232	0.007847	0.297454	0.288199	0.001764	0.006968	0.277583	0.273404	0.000336	0.176408	0.278029	0.140192	2.037260
227.812000	109.471000	0.002333	0.039254	0.196044	0.037991	0.007039	0.012142	0.282122	0.289676	0.005735	0.002409	0.269315	0.269897	0.000420	0.138427	0.282502	0.170606	2.005910
233.438000	109.471000	0.000898	0.039874	0.194479	0.048665	0.002956	0.004264	0.265377	0.308558	0.002232	0.006888	0.268452	0.260975	0.000715	0.119482	0.283576	0.194757	2.002150
239.062000	109.471000	0.001784	0.027864	0.192805	0.054793	0.001822	0.001331	0.245722	0.309763	0.002216	0.037823	0.250266	0.265370	0.001511	0.081819	0.288095	0.226031	1.989020
244.687000	109.471000	0.001619	0.021222	0.182022	0.068183	0.001725	0.001993	0.212379	0.309190	0.002226	0.030759	0.241005	0.262604	0.005596	0.067734	0.282631	0.243831	1.934720
250.312000	109.471000	0.001647	0.015774	0.186528	0.085909	0.002604	0.001054	0.159225	0.312900	0.002510	0.001997	0.221734	0.260763	0.022964	0.068991	0.279279	0.247938	1.871820
255.937000	109.471000	0.001051	0.008919	0.180890	0.088581	0.003061	0.000293	0.117298	0.296142	0.006405	0.001258	0.185941	0.262325	0.043742	0.059692	0.273949	0.253613	1.783160
261.562000	109.471000	0.000652	0.005036	0.164087	0.106510	0.011570	0.000669	0.075088	0.288907	0.038805	0.004237	0.140255	0.256823	0.068371	0.070482	0.254506	0.253485	1.739480
267.188000	109.471000	0.001925	0.002987	0.149750	0.132561	0.030153	0.000750	0.047486	0.292584	0.077920	0.006196	0.110640	0.250646	0.077793	0.079817	0.249701	0.243968	1.754880
272.812000	109.471000	0.002668	0.001280	0.123164	0.147089	0.060165	0.001259	0.020377	0.288338	0.115737	0.006508	0.079743	0.258308	0.075667	0.081331	0.243963	0.252549	1.758140
278.438000	109.471000	0.006076	0.000729	0.106314	0.174775	0.097955	0.001271	0.003886	0.292624	0.141260	0.004543	0.038349	0.255805	0.072073	0.070786	0.244575	0.252368	1.763390
284.062000	109.471000	0.008449	0.001027	0.102431	0.174007	0.131326	0.000985	0.000612	0.309103	0.176805	0.001638	0.007172	0.257406	0.066861	0.043975	0.248741	0.265671	1.796210
289.688000	109.471000	0.012399	0.001078	0.081001	0.184341	0.169155	0.002692	0.001364	0.304449	0.221169	0.002701	0.003160	0.258690	0.063345	0.024648	0.251603	0.272776	1.854570
295.312000	109.471000	0.020956	0.001791	0.068053	0.195018	0.216925	0.003270	0.001262	0.313366	0.243974	0.031860	0.003274	0.258533	0.072806	0.004077	0.242018	0.279385	1.956570
300.938000	109.471000	0.028446	0.001899	0.054401	0.191019	0.254686	0.004949	0.001676	0.313283	0.259201	0.042243	0.002692	0.259831	0.086357	0.000935	0.233397	0.287794	2.022810
306.562000	109.471000	0.044628	0.001703	0.046665	0.189957	0.268749	0.006190	0.002426	0.302874	0.252046	0.007691	0.001921	0.268882	0.110939	0.000804	0.203575	0.284678	1.993730
312.187000	109.471000	0.035752	0.001905	0.036248	0.206366	0.284987	0.013821	0.007931	0.290187	0.280244	0.001939	0.003796	0.273264	0.142051	0.000242	0.169981	0.294407	2.043120
317.812000	109.471000	0.036642	0.001742	0.036135	0.200606	0.295669	0.007696	0.012790	0.280597	0.274178	0.006018	0.001429	0.272108	0.169704	0.000588	0.148427	0.281794	2.026120
323.438000	109.471000	0.039435	0.001249	0.041276	0.195402	0.306082	0.002854	0.004258	0.264138	0.263081	0.002436	0.007896	0.273761	0.199242	0.000821	0.116480	0.290079	2.008490
329.062000	109.471000	0.052824	0.002472	0.030369	0.200507	0.307293	0.002216	0.001198	0.246979	0.247977	0.002696	0.040557	0.267831	0.228763	0.001178	0.088354	0.281123	2.002340
334.688000	109.471000	0.066860	0.001343	0.022463	0.193025	0.311157	0.000897	0.002588	0.220180	0.269804	0.002960	0.034225	0.253173	0.235877	0.005000	0.069333	0.286193	1.975080
340.312000	109.471000	0.084836	0.001648	0.013115	0.184395	0.295958	0.004124	0.001026	0.174690	0.263348	0.003014	0.002381	0.231163	0.240245	0.024992	0.068939	0.279259	1.873130
345.938000	109.471000	0.091885	0.000494	0.008031	0.179878	0.290322	0.004108	0.000447	0.138739	0.266439	0.008545	0.001531	0.187407	0.246917	0.046374	0.064655	0.266736	1.802510
351.562000	109.471000	0.104261	0.001312	0.005137	0.164740	0.289603	0.005975	0.000602	0.099734	0.253857	0.040080	0.003862	0.138463	0.239952	0.071893	0.066541	0.257587	1.743600
357.187000	109.471000	0.127307	0.001223	0.002148	0.146938	0.286749	0.022914	0.000952	0.063040	0.251873	0.080782	0.006991	0.106514	0.252382	0.081551	0.079404	0.264440	1.775210
0.000000	112.024000	0.122901	0.002077	0.001780	0.123015	0.285947	0.030608	0.001886	0.040266	0.243474	0.096848	0.006764	0.093282	0.258361	0.064017	0.065708	0.265881	1.702810
5.625000	112.024000	0.151958	0.004159	0.001463	0.105267	0.293433	0.069346	0.003670	0.016064	0.233430	0.125786	0.007157	0.063600	0.254358	0.057087	0.075832	0.244290	1.706900
11.250000	112.024000	0.165802	0.008584	0.001338	0.093845	0.296531	0.100963	0.001062	0.003586	0.249751	0.162788	0.001859	0.027421	0.262952	0.053991	0.055019	0.239855	1.725350
16.875000	112.024000	0.174332	0.011534	0.000910	0.085261	0.308885	0.144362	0.000446	0.002357	0.256550	0.212392	0.001771	0.004203	0.275739	0.060123	0.033119	0.240280	1.812260
22.500000	112.024000	0.181669	0.020853	0.000950	0.066014	0.311757	0.178813	0.001330	0.001491	0.254538	0.238230	0.003427	0.002697	0.270013	0.073279	0.014485	0.248080	1.867630
28.125000	112.024000	0.190610	0.027505	0.001161	0.056826	0.321056	0.223239	0.002290	0.001263	0.257778	0.257563	0.004740	0.002711	0.278467	0.093353	0.002125	0.233106	1.953790
33.750000	112.024000	0.191650	0.039559	0.001340	0.052219	0.300950	0.254252	0.003605	0.001541	0.262058	0.259168	0.002687	0.002803	0.278970	0.108875	0.001822	0.225832	1.987330
39.375000	112.024000	0.196764	0.052178	0.001228	0.045409	0.297758	0.273674	0.011234	0.002423	0.268198	0.259731	0.001808	0.003491	0.282618	0.141722	0.000871	0.197155	2.036260
45.000000	112.024000	0.198398	0.039768	0.001877	0.042821	0.291852	0.280913	0.009167	0.007897	0.267142	0.263076	0.002551	0.003709	0.283481	0.164615	0.000494	0.167816	2.025580
50.625000	112.024000	0.195268	0.045573	0.001089	0.049772	0.276910	0.305785	0.002093	0.014726	0.258538	0.262697	0.003128	0.002134	0.283221	0.195811	0.000829	0.137169	2.034740
56.250000	112.024000	0.191321	0.044964	0.001828	0.038701	0.258931	0.303675	0.001893	0.005837	0.259721	0.258088	0.001409	0.002167	0.282473	0.229041	0.001169	0.115002	1.996220
61.875000	112.024000	0.191173	0.060468	0.001470	0.027442	0.226713	0.308085	0.001759	0.007366	0.249662	0.262085	0.001827	0.005158	0.286765	0.248391	0.001408	0.092234	1.972010
67.500000	112.024000	0.182806	0.069168	0.001497	0.019312	0.179307	0.308821	0.001061	0.003561	0.239751	0.265467	0.003087	0.002798	0.273948	0.247192	0.012736	0.076464	1.886970
73.125000	112.024000	0.175049	0.082876	0.001233	0.013984	0.143252	0.313252	0.000995	0.002433	0.196692	0.249500	0.005199	0.001963	0.272515	0.252195	0.032728	0.063657	1.807520
78.750000	112.024000	0.163881	0.094452	0.001047	0.008637	0.105966	0.296882	0.001712	0.001152	0.160049	0.245785	0.027891	0.002869	0.258582	0.243513	0.063791	0.055300	1.731510
84.375000	112.024000	0.135182	0.112635	0.001044	0.003687	0.069056	0.286574	0.006203	0.003008	0.119020	0.243643	0.058689	0.005104	0.262196	0.248764	0.069244	0.062192	1.686240
90.000000	112.024000	0.127845	0.123189	0.001655	0.002450	0.028710	0.285135	0.032792	0.001393	0.094679	0.240924	0.091129	0.007109	0.255271	0.258024	0.065740	0.066800	1.682850
95.625000	112.024000	0.107003	0.142599	0.003101	0.001060	0.007968	0.295928	0.055839	0.003042	0.063691	0.242284	0.125771	0.005986	0.250212	0.268099	0.060024	0.074366	1.706970
101.250000	112.024000	0.093926	0.166985	0.006678	0.001073	0.003994	0.306656	0.089019	0.000810	0.024736	0.244150	0.154550	0.002075	0.246950	0.260608	0.057017	0.058554	1.717780
106.875000	112.024000	0.083930	0.177689	0.013122	0.001413	0.004396	0.310254	0.124529	0.000754	0.003505	0.245543	0.199579	0.001797	0.245342	0.277422	0.059368	0.033027	1.781670
112.500000	112.024000	0.074255	0.186763	0.020787	0.000684	0.001516	0.324473	0.172938	0.001293	0.003055	0.253935	0.239478	0.003372	0.245392	0.280484	0.073648	0.014653	1.896720
118.125000	112.024000	0.055481	0.181099	0.031141	0.001400	0.001770	0.304430	0.209871	0.000940	0.001834	0.261423	0.257531	0.005233	0.238695	0.293018	0.088111	0.001788	1.933770
123.750000	112.024000	0.049223	0.192511	0.041367	0.001549	0.001811	0.305385	0.260994	0.002437	0.002027	0.257144	0.258511	0.003321	0.221903	0.271608	0.119441	0.001311	1.990540
129.375000	112.024000	0.042889	0.193917	0.047198	0.001452	0.001835	0.297530	0.278449	0.011298	0.003068	0.264802	0.272855	0.002426	0.199941	0.293371	0.143610	0.000562	2.055200
135.000000	112.024000	0.038874	0.200818	0.043329	0.000981	0.007105	0.289128	0.287377	0.007217	0.003519	0.262797	0.268223	0.003968	0.168127	0.283382	0.173226	0.000287	2.038360
140.625000	112.024000	0.047792	0.194492	0.040293	0.002179	0.012650	0.280259	0.293992	0.001322	0.002786	0.266037	0.267388	0.002065	0.136608	0.282966	0.200002	0.000622	2.031450
146.250000	112.024000	0.039015	0.199479	0.051776	0.001529	0.005815	0.258563	0.300713	0.001855	0.003252	0.273585	0.261715	0.001755	0.109215	0.280668	0.229458	0.000498	2.018890
151.875000	112.024000	0.030509	0.186559	0.060775	0.001101	0.005479	0.216445	0.312685	0.001204	0.003812	0.255066	0.263655	0.001358	0.085643	0.279397	0.247414	0.001698	1.952800
157.500000	112.024000	0.021100	0.183793	0.068144	0.001052	0.003086	0.173875	0.312266	0.001387	0.003526	0.241263	0.262181	0.002979	0.074699	0.282188	0.250948	0.013764	1.896250
163.125000	112.024000	0.013321	0.174162	0.077101	0.001259	0.002700	0.117495	0.315311	0.001491	0.001773	0.196802	0.266140	0.003793	0.068437	0.274381	0.253016	0.030809	1.797990
168.750000	112.024000	0.008290	0.167625	0.090904	0.000479	0.001079	0.086787	0.301154	0.001137	0.002597	0.160433	0.254272	0.028721	0.055625	0.266496	0.239790	0.060005	1.725400
174.375000	112.024000	0.004181	0.142633	0.107102	0.001198	0.003256	0.057486	0.302979	0.007582	0.006244	0.120808	0.244209	0.063900	0.059122	0.257046	0.254018	0.071367	1.703130
180.000000	112.024000	0.001366	0.124519	0.123880	0.001713	0.001289	0.029197	0.289236	0.029387	0.006802	0.095268	0.243012	0.100680	0.064855	0.253449	0.253147	0.068866	1.686670
185.625000	112.024000	0.001518	0.110762	0.151166	0.002472	0.003101	0.006493	0.296215	0.053600	0.004623	0.065643	0.239156	0.126732	0.070716	0.246939	0.258344	0.063131	1.700610
191.250000	112.024000	0.001323	0.092773	0.166428	0.006295	0.001585	0.001538	0.305744	0.089755	0.002279	0.025703	0.247476	0.161977	0.058012	0.248556	0.264983	0.053124	1.727550
196.875000	112.024000	0.001807	0.079120	0.180433	0.013735	0.002116	0.001466	0.314808	0.120780	0.002342	0.004188	0.254262	0.204222	0.031018	0.250098	0.264788	0.062892	1.788070
202.500000	112.024000	0.001187	0.064920	0.183205	0.021916	0.004137	0.001163	0.320375	0.172998	0.003215	0.002881	0.258850	0.239645	0.013560	0.252610	0.277114	0.068834	1.886610
208.125000	112.024000	0.000903	0.055507	0.196729	0.026652	0.004590	0.001580	0.313970	0.221174	0.005787	0.001160	0.269197	0.249804	0.001634	0.240876	0.283724	0.084952	1.958240
213.750000	112.024000	0.001896	0.045703	0.196735	0.037646	0.007459	0.002434	0.314549	0.248953	0.002755	0.002149	0.257079	0.257992	0.001557	0.233928	0.277266	0.110980	1.999080
219.375000	112.024000	0.001825	0.039917	0.195510	0.048077	0.011411	0.002135	0.291543	0.271896	0.001623	0.002558	0.271938	0.267675	0.000794	0.195496	0.276706	0.137836	2.016940
225.000000	112.024000	0.001765	0.043242	0.194595	0.042205	0.007206	0.007926	0.290316	0.285360	0.004479	0.004226	0.274320	0.280198	0.000530	0.167142	0.292376	0.174351	2.070240
230.625000	112.024000	0.001607	0.047844	0.194745	0.039399	0.001886	0.012051	0.268774	0.303028	0.003583	0.002390	0.265902	0.272786	0.000893	0.142793	0.286245	0.197941	2.041860
236.250000	112.024000	0.001984	0.041425	0.196862	0.048006	0.001972	0.003453	0.250781	0.313289	0.001897	0.003211	0.266943	0.273542	0.000705	0.112714	0.288311	0.223363	2.028460
241.875000	112.024000	0.001296	0.028697	0.186081	0.060415	0.001396	0.001314	0.220612	0.316158	0.001656	0.006151	0.260192	0.260497	0.001575	0.093338	0.279503	0.242934	1.961810
247.500000	112.024000	0.000688	0.019924	0.180533	0.067513	0.001342	0.000613	0.175659	0.315451	0.003719	0.003319	0.240809	0.259681	0.013416	0.068552	0.283792	0.254444	1.889450
253.125000	112.024000	0.001763	0.014213	0.175190	0.079673	0.003011	0.000376	0.128932	0.305535	0.004324	0.000898	0.193907	0.254901	0.035772	0.059379	0.278348	0.251124	1.787340
258.750000	112.024000	0.001598	0.008736	0.163601	0.096243	0.003371	0.000419	0.084671	0.294219	0.028397	0.002500	0.158766	0.249079	0.056817	0.056537	0.262652	0.243700	1.711310
264.375000	112.024000	0.001902	0.003622	0.149882	0.106044	0.016661	0.003857	0.057363	0.293311	0.067260	0.006456	0.124214	0.246411	0.070482	0.054967	0.260232	0.250445	1.713110
270.000000	112.024000	0.001865	0.001391	0.124054	0.121609	0.043504	0.000816	0.029920	0.282283	0.096741	0.006454	0.094463	0.241645	0.064668	0.064044	0.245796	0.250851	1.670100
275.625000	112.024000	0.004801	0.000638	0.109064	0.144364	0.076204	0.003505	0.007509	0.301093	0.124067	0.005223	0.060638	0.244717	0.059281	0.072684	0.256471	0.250589	1.720850
281.250000	112.024000	0.008995	0.000523	0.095387	0.167646	0.102429	0.000969	0.001408	0.304478	0.162487	0.002184	0.025794	0.249445	0.056247	0.059160	0.254740	0.259264	1.751160
286.875000	112.024000	0.014584	0.001470	0.077820	0.180416	0.152497	0.002345	0.000840	0.313163	0.198522	0.002488	0.004211	0.251081	0.064564	0.035576	0.254340	0.267620	1.821540
292.500000	112.024000	0.018213	0.001967	0.067764	0.181028	0.179877	0.004463	0.000913	0.318448	0.239576	0.003551	0.002403	0.260868	0.073450	0.012350	0.255500	0.279971	1.900340
298.125000	112.024000	0.027042	0.000967	0.058914	0.191812	0.219968	0.004341	0.001777	0.324339	0.250115	0.006517	0.002044	0.261101	0.087475	0.001391	0.251707	0.286882	1.976390
303.750000	112.024000	0.039151	0.001005	0.045038	0.195384	0.258919	0.007896	0.002190	0.307859	0.262301	0.003250	0.001590	0.259718	0.112487	0.001061	0.231745	0.279962	2.009560
309.375000	112.024000	0.047284	0.001464	0.041408	0.191284	0.273786	0.010912	0.002324	0.300334	0.250742	0.002038	0.001922	0.268936	0.139243	0.000479	0.197486	0.284968	2.014610
315.000000	112.024000	0.037144	0.000597	0.043870	0.197734	0.286186	0.008312	0.007755	0.282976	0.256666	0.002742	0.004504	0.271352	0.168944	0.000453	0.165346	0.275045	2.009630
320.625000	112.024000	0.040559	0.001809	0.047179	0.193891	0.303537	0.001950	0.010679	0.279408	0.259466	0.002399	0.002380	0.272297	0.202473	0.000932	0.136956	0.287713	2.043630
326.250000	112.024000	0.046974	0.000723	0.038254	0.189840	0.313043	0.002063	0.002451	0.257563	0.259872	0.002092	0.002483	0.273424	0.229118	0.000973	0.109050	0.285075	2.013000
331.875000	112.024000	0.060412	0.000929	0.031082	0.193287	0.309157	0.000881	0.002303	0.224149	0.265853	0.002546	0.006041	0.250165	0.246103	0.001662	0.087567	0.287273	1.969410
337.500000	112.024000	0.068700	0.001356	0.019262	0.184480	0.304351	0.002924	0.001594	0.178680	0.257719	0.002480	0.003879	0.239628	0.259160	0.012689	0.072035	0.281373	1.890310
343.125000	112.024000	0.077502	0.001709	0.015509	0.187641	0.308014	0.004346	0.000927	0.140378	0.252476	0.004516	0.002227	0.198281	0.246333	0.033490	0.061298	0.274777	1.809420
348.750000	112.024000	0.090254	0.000457	0.007434	0.164433	0.304059	0.004120	0.000466	0.108496	0.249312	0.027328	0.001376	0.158997	0.248457	0.058537	0.058299	0.266608	1.748640
354.375000	112.024000	0.112480	0.000886	0.004154	0.147333	0.294381	0.009253	0.003138	0.075788	0.228845	0.065743	0.006147	0.123257	0.246163	0.075650	0.065793	0.265307	1.724320
2.812500	114.624000	0.123281	0.002445	0.002999	0.106352	0.301752	0.038460	0.004877	0.023196	0.239237	0.111738	0.008743	0.089164	0.255627	0.050943	0.058217	0.248829	1.665860
8.437500	114.624000	0.149203	0.006735	0.002318	0.092307	0.298683	0.072074	0.004012	0.007268	0.240635	0.140141	0.004387	0.050144	0.267890	0.049849	0.059659	0.248920	1.694220
14.062500	114.624000	0.164035	0.012377	0.001808	0.081260	0.310864	0.115545	0.000751	0.003771	0.245253	0.183139	0.001396	0.017275	0.277038	0.062744	0.042075	0.249043	1.768370
19.687500	114.624000	0.164604	0.017492	0.001566	0.075995	0.310499	0.146081	0.000932	0.002408	0.251725	0.220514	0.001833	0.002171	0.272105	0.072196	0.023238	0.257952	1.821310
25.312500	114.624000	0.172858	0.024839	0.000756	0.062281	0.307699	0.187070	0.002042	0.001434	0.269374	0.242788	0.002036	0.002476	0.287990	0.092686	0.006934	0.250936	1.914200
30.937500	114.624000	0.186235	0.038532	0.001230	0.050553	0.306126	0.228413	0.002028	0.001298	0.258845	0.259461	0.003357	0.001870	0.276348	0.106587	0.001556	0.245859	1.968300
36.562500	114.624000	0.191773	0.048099	0.001193	0.049350	0.300286	0.262086	0.007682	0.002033	0.259768	0.259998	0.002489	0.001478	0.286870	0.135305	0.001435	0.221969	2.031810
42.187500	114.624000	0.188209	0.052155	0.001222	0.044946	0.279654	0.286021	0.003750	0.001141	0.261040	0.274272	0.002224	0.002799	0.284444	0.164431	0.000753	0.200955	2.048020
47.812500	114.624000	0.190100	0.044635	0.000960	0.056218	0.270579	0.285471	0.001063	0.006322	0.270903	0.270922	0.002686	0.002414	0.285338	0.196933	0.001074	0.166770	2.052390
53.437500	114.624000	0.185213	0.045245	0.001445	0.048008	0.254851	0.298299	0.000798	0.009770	0.267144	0.263037	0.001854	0.002703	0.273464	0.224136	0.001171	0.136620	2.013760
59.062500	114.624000	0.183032	0.049146	0.000273	0.039624	0.218133	0.307762	0.001586	0.005497	0.253784	0.261893	0.001887	0.002347	0.277101	0.243492	0.001693	0.105411	1.952660
64.687500	114.624000	0.184955	0.059985	0.000700	0.026587	0.189780	0.311739	0.000990	0.007711	0.245866	0.267189	0.002869	0.001821	0.280008	0.254213	0.005210	0.087005	1.926630
70.312500	114.624000	0.172190	0.068803	0.001143	0.016363	0.151325	0.305768	0.001734	0.004055	0.212008	0.246357	0.002330	0.001491	0.271990	0.247592	0.025116	0.076197	1.804460
75.937500	114.624000	0.153707	0.074673	0.001718	0.009725	0.116267	0.297435	0.002159	0.003059	0.177245	0.242564	0.021102	0.001727	0.272065	0.251245	0.043064	0.061236	1.728990
81.562500	114.624000	0.140021	0.090948	0.001803	0.005067	0.077801	0.297928	0.002677	0.004804	0.127247	0.238926	0.047795	0.005542	0.261863	0.251072	0.060280	0.053381	1.667160
87.187500	114.624000	0.122471	0.105699	0.001957	0.002937	0.040470	0.294550	0.012783	0.005544	0.106929	0.231015	0.087821	0.006500	0.264374	0.254051	0.055222	0.052055	1.644380
92.812500	114.624000	0.101237	0.124020	0.002175	0.001708	0.016253	0.301557	0.034970	0.005984	0.085981	0.237628	0.103990	0.006930	0.256497	0.260739	0.051959	0.053623	1.645250
98.437500	114.624000	0.100830	0.143886	0.005617	0.001944	0.005542	0.298595	0.060344	0.004225	0.052649	0.246905	0.141467	0.005803	0.246548	0.260413	0.052624	0.060034	1.687430
104.062000	114.624000	0.080910	0.159106	0.008924	0.001822	0.005365	0.308447	0.090441	0.001127	0.018644	0.244651	0.179105	0.001218	0.251689	0.270867	0.059501	0.042341	1.724160
109.688000	114.624000	0.069845	0.167525	0.017868	0.001180	0.003027	0.307646	0.139121	0.000550	0.002994	0.257459	0.219231	0.001133	0.259331	0.280060	0.074842	0.021282	1.823090
115.312000	114.624000	0.061908	0.179690	0.025635	0.001176	0.001444	0.309312	0.187566	0.001529	0.002016	0.259947	0.244553	0.002175	0.266572	0.277915	0.088484	0.007744	1.917660
120.938000	114.624000	0.050416	0.185296	0.037052	0.000737	0.001921	0.309595	0.225533	0.002154	0.002034	0.261631	0.262085	0.002672	0.239115	0.276833	0.111449	0.001736	1.970260
126.562000	114.624000	0.049494	0.184626	0.048696	0.001001	0.001098	0.309941	0.261650	0.007502	0.002449	0.257218	0.261146	0.002415	0.226672	0.285150	0.143998	0.001198	2.044250
132.188000	114.624000	0.046334	0.190417	0.049355	0.001387	0.001196	0.291282	0.279249	0.003465	0.003432	0.267073	0.262827	0.003946	0.197593	0.284612	0.175129	0.001027	2.058320
137.812000	114.624000	0.051776	0.188471	0.046962	0.001267	0.006623	0.283984	0.296999	0.001163	0.002390	0.261837	0.268696	0.002442	0.167989	0.286859	0.192008	0.000422	2.059890
143.437000	114.624000	0.047861	0.192233	0.047227	0.000540	0.008436	0.263075	0.295576	0.001456	0.002659	0.258883	0.261471	0.001975	0.138596	0.277478	0.228695	0.001279	2.027440
149.062000	114.624000	0.037896	0.185652	0.049706	0.001035	0.007021	0.229857	0.304961	0.001808	0.003225	0.261262	0.258545	0.001929	0.111000	0.277842	0.243231	0.002325	1.977290
154.688000	114.624000	0.026098	0.179298	0.059118	0.001240	0.004214	0.180624	0.320046	0.001273	0.002225	0.242202	0.266993	0.001809	0.086891	0.286800	0.255798	0.005457	1.920090
160.312000	114.624000	0.017877	0.164514	0.065428	0.001259	0.003481	0.133816	0.312473	0.001659	0.001045	0.210298	0.260753	0.002826	0.072745	0.277636	0.255394	0.023796	1.805000
165.938000	114.624000	0.011393	0.156687	0.080610	0.001848	0.002040	0.092434	0.310052	0.001835	0.001872	0.177018	0.241861	0.020264	0.061948	0.274114	0.248389	0.042660	1.725020
171.562000	114.624000	0.005295	0.137987	0.092417	0.001535	0.003881	0.060644	0.303531	0.003749	0.004557	0.145182	0.241698	0.052487	0.052921	0.270449	0.245642	0.060811	1.682790
177.188000	114.624000	0.001826	0.121523	0.099926	0.001988	0.006094	0.034279	0.298572	0.012983	0.007317	0.108845	0.226676	0.086881	0.049464	0.257814	0.249605	0.054858	1.618650
182.812000	114.624000	0.001549	0.107525	0.113382	0.002182	0.007205	0.015604	0.290253	0.035466	0.008600	0.085235	0.237074	0.103683	0.056595	0.255912	0.268560	0.048678	1.637500
188.438000	114.624000	0.001031	0.086996	0.140940	0.005730	0.004964	0.003806	0.293184	0.061110	0.005662	0.049535	0.245272	0.134579	0.061438	0.253004	0.269171	0.048022	1.664440
194.062000	114.624000	0.001838	0.073148	0.166083	0.010328	0.002885	0.002758	0.311388	0.088876	0.001600	0.018083	0.242236	0.179939	0.040567	0.247259	0.276689	0.057272	1.720950
199.687000	114.624000	0.001541	0.070941	0.165772	0.016669	0.004777	0.001135	0.311686	0.135451	0.001683	0.001599	0.257457	0.215519	0.024647	0.256197	0.284804	0.074983	1.824860
205.312000	114.624000	0.000738	0.057673	0.174125	0.027406	0.004934	0.001434	0.321163	0.173584	0.002276	0.002277	0.260491	0.243984	0.005928	0.260346	0.280195	0.086624	1.903180
210.938000	114.624000	0.001078	0.051966	0.187464	0.041359	0.007400	0.001838	0.308317	0.225519	0.002787	0.001089	0.268060	0.255589	0.001628	0.249759	0.286628	0.109584	2.000060
216.562000	114.624000	0.001084	0.047250	0.190126	0.045093	0.008684	0.001239	0.305963	0.259565	0.002836	0.001414	0.268254	0.265001	0.001146	0.226844	0.272301	0.141041	2.037840
222.188000	114.624000	0.001330	0.046198	0.190160	0.051147	0.005753	0.001560	0.280020	0.276581	0.003221	0.002618	0.277494	0.267354	0.000915	0.200058	0.284792	0.165001	2.054200
227.812000	114.624000	0.000600	0.052224	0.201467	0.046194	0.001225	0.003584	0.283813	0.285982	0.003553	0.002281	0.268365	0.262804	0.000876	0.169937	0.278096	0.197339	2.058340
233.438000	114.624000	0.001311	0.045793	0.188890	0.049921	0.001318	0.007874	0.256308	0.302956	0.002243	0.003833	0.268495	0.272929	0.000776	0.144952	0.285169	0.231605	2.064370
239.062000	114.624000	0.000915	0.039067	0.181113	0.051325	0.001973	0.002803	0.229014	0.304619	0.001403	0.003677	0.258924	0.257863	0.001741	0.111026	0.291467	0.242098	1.979030
244.687000	114.624000	0.000449	0.024716	0.180844	0.059791	0.001289	0.001641	0.181119	0.305302	0.002425	0.001500	0.248447	0.264185	0.004951	0.092263	0.285105	0.256682	1.910710
250.312000	114.624000	0.001162	0.018081	0.169744	0.073352	0.002797	0.000339	0.140834	0.313654	0.002916	0.002256	0.217829	0.256059	0.022724	0.068020	0.273266	0.245455	1.808490
255.937000	114.624000	0.002034	0.011135	0.157163	0.077934	0.003522	0.001358	0.092731	0.317352	0.019251	0.001249	0.178862	0.239205	0.045381	0.061481	0.276367	0.250378	1.735400
261.562000	114.624000	0.001792	0.005959	0.142421	0.094933	0.005543	0.003642	0.063770	0.309361	0.047177	0.005086	0.142910	0.247103	0.060463	0.055658	0.265188	0.249693	1.700700
267.188000	114.624000	0.001620	0.002311	0.123108	0.101303	0.023320	0.006126	0.031529	0.294719	0.083988	0.008921	0.110098	0.240521	0.055559	0.047564	0.260117	0.258365	1.649170
272.812000	114.624000	0.003773	0.001578	0.111099	0.117622	0.055253	0.006534	0.012459	0.298168	0.106622	0.007726	0.092311	0.232304	0.050059	0.055829	0.249647	0.263556	1.664540
278.438000	114.624000	0.007087	0.001894	0.092452	0.141304	0.084145	0.004556	0.002777	0.299881	0.140110	0.005498	0.051806	0.238422	0.052694	0.063413	0.256556	0.261236	1.703830
284.062000	114.624000	0.011235	0.001483	0.079575	0.158519	0.117077	0.002002	0.002762	0.315892	0.175958	0.001252	0.018074	0.251680	0.061347	0.044985	0.249003	0.273668	1.764510
289.688000	114.624000	0.018300	0.001073	0.068003	0.170182	0.154767	0.003133	0.000286	0.304232	0.208980	0.001620	0.002245	0.252640	0.072550	0.022791	0.252559	0.286635	1.819990
295.312000	114.624000	0.023676	0.000601	0.061304	0.182106	0.192330	0.005296	0.001761	0.314783	0.241234	0.001608	0.002431	0.252751	0.087934	0.004510	0.256489	0.295123	1.923940
300.938000	114.624000	0.035881	0.000833	0.050408	0.185078	0.229644	0.007558	0.002056	0.308999	0.255387	0.002564	0.001505	0.248067	0.115065	0.002250	0.243095	0.285376	1.973770
306.562000	114.624000	0.048087	0.001512	0.044686	0.193901	0.255536	0.008752	0.001301	0.294841	0.269056	0.003108	0.002133	0.258305	0.134249	0.000938	0.233134	0.277467	2.027010
312.187000	114.624000	0.049631	0.000383	0.044607	0.198806	0.275314	0.004863	0.001165	0.291194	0.260386	0.002159	0.002127	0.266275	0.171658	0.000247	0.203951	0.280852	2.053620
317.812000	114.624000	0.045856	0.000985	0.051976	0.194112	0.294895	0.001589	0.005288	0.271249	0.262923	0.002373	0.002875	0.273169	0.200257	0.000871	0.166242	0.283599	2.058260
323.438000	114.624000	0.045784	0.001339	0.048350	0.184301	0.304988	0.001735	0.006228	0.263045	0.254181	0.001563	0.001815	0.257939	0.228466	0.001497	0.138584	0.290263	2.030080
329.062000	114.624000	0.055172	0.000727	0.034392	0.184619	0.313540	0.001531	0.001864	0.226035	0.257410	0.001976	0.003439	0.270203	0.244777	0.002032	0.107491	0.277844	1.983050
334.688000	114.624000	0.061312	0.000827	0.024527	0.179523	0.305382	0.001807	0.002148	0.191049	0.261301	0.002270	0.002017	0.244240	0.252177	0.005727	0.092562	0.280554	1.907420
340.312000	114.624000	0.069253	0.000880	0.016091	0.169615	0.307910	0.003112	0.000736	0.151208	0.249420	0.002024	0.001952	0.218539	0.248449	0.023091	0.069900	0.279734	1.811910
345.938000	114.624000	0.078574	0.001875	0.011291	0.160735	0.305537	0.005157	0.001049	0.119081	0.242555	0.018394	0.002323	0.173228	0.255617	0.045645	0.061836	0.276188	1.759090
351.562000	114.624000	0.092764	0.001721	0.005854	0.144114	0.308461	0.005490	0.004493	0.086150	0.235967	0.051482	0.004369	0.143916	0.251225	0.062400	0.053326	0.265990	1.717720
357.187000	114.624000	0.104351	0.001346	0.004174	0.115934	0.294418	0.015300	0.005979	0.055575	0.246012	0.089971	0.008800	0.109868	0.252440	0.054729	0.050335	0.263723	1.672950
0.000000	117.280000	0.105161	0.002607	0.003531	0.105839	0.306100	0.025305	0.003985	0.033429	0.232249	0.111259	0.006787	0.108267	0.262687	0.040869	0.045891	0.262957	1.656920
5.625000	117.280000	0.119926	0.008231	0.003104	0.091642	0.306594	0.051169	0.007073	0.012066	0.228563	0.115191	0.006763	0.081477	0.270831	0.050166	0.047227	0.259880	1.659900
11.250000	117.280000	0.133520	0.007633	0.002633	0.082409	0.308402	0.081664	0.001044	0.003174	0.232306	0.157427	0.002278	0.047171	0.274732	0.064397	0.047813	0.250666	1.697270
16.875000	117.280000	0.157653	0.014790	0.001540	0.068738	0.303720	0.119810	0.001286	0.003010	0.252327	0.200297	0.001669	0.009785	0.285112	0.068567	0.032412	0.254192	1.774910
22.500000	117.280000	0.161987	0.025736	0.000772	0.057915	0.306049	0.159365	0.001606	0.001507	0.252022	0.236269	0.002426	0.002583	0.281846	0.091932	0.012748	0.254923	1.849690
28.125000	117.280000	0.169420	0.035607	0.000487	0.058764	0.302101	0.193831	0.002840	0.001420	0.260812	0.253694	0.003236	0.001671	0.280903	0.114512	0.006666	0.254398	1.940360
33.750000	117.280000	0.183497	0.044870	0.000473	0.051089	0.307559	0.227296	0.003742	0.001745	0.260736	0.257968	0.002584	0.001843	0.285021	0.137939	0.002156	0.243776	2.012290
39.375000	117.280000	0.193553	0.055651	0.000640	0.051067	0.281152	0.263006	0.002408	0.001233	0.273684	0.264777	0.003388	0.002299	0.276599	0.162501	0.001836	0.229044	2.062840
45.000000	117.280000	0.180074	0.057647	0.000686	0.055554	0.278672	0.286089	0.000762	0.000665	0.261168	0.266046	0.003119	0.003126	0.273208	0.195209	0.000740	0.205310	2.068070
50.625000	117.280000	0.190289	0.051976	0.000707	0.054562	0.270114	0.290700	0.000854	0.004957	0.261054	0.262600	0.002113	0.003161	0.284926	0.229350	0.001993	0.163184	2.072540
56.250000	117.280000	0.174567	0.051600	0.000617	0.046825	0.238345	0.285726	0.001463	0.007225	0.248494	0.253475	0.001649	0.002500	0.283829	0.257944	0.002643	0.139511	1.996410
61.875000	117.280000	0.177075	0.059741	0.000724	0.035827	0.194465	0.305699	0.000817	0.007114	0.239528	0.262971	0.001688	0.001951	0.285213	0.253045	0.006240	0.110034	1.942130
67.500000	117.280000	0.169205	0.062742	0.000747	0.024911	0.160023	0.307494	0.000836	0.005900	0.232719	0.260238	0.002403	0.001606	0.282593	0.256670	0.012178	0.089192	1.869460
73.125000	117.280000	0.153876	0.070614	0.002198	0.014936	0.121593	0.301503	0.002198	0.003737	0.194087	0.247500	0.011596	0.001837	0.277323	0.255828	0.032507	0.074096	1.765430
78.750000	117.280000	0.140893	0.080305	0.001986	0.007669	0.083933	0.315986	0.002433	0.002342	0.155357	0.242468	0.046015	0.002444	0.276114	0.246741	0.049074	0.059248	1.713010
84.375000	117.280000	0.118489	0.086308	0.003391	0.008023	0.053361	0.307300	0.006459	0.007310	0.124343	0.227557	0.076845	0.007471	0.276474	0.253141	0.044567	0.047706	1.648740
90.000000	117.280000	0.101887	0.103295	0.001482	0.002342	0.024609	0.304761	0.020002	0.004037	0.110114	0.230054	0.110045	0.008013	0.256160	0.255482	0.044601	0.042170	1.619050
95.625000	117.280000	0.090253	0.118994	0.009317	0.002756	0.012202	0.291698	0.039644	0.005100	0.079291	0.242487	0.121299	0.005919	0.248782	0.263062	0.048887	0.048353	1.628050
101.250000	117.280000	0.080661	0.135668	0.007243	0.002326	0.003701	0.313340	0.065651	0.000819	0.043506	0.235970	0.156766	0.002307	0.247561	0.283146	0.058578	0.050765	1.688010
106.875000	117.280000	0.069625	0.152606	0.013702	0.001040	0.003442	0.307970	0.099193	0.001385	0.010772	0.242879	0.194478	0.002103	0.255722	0.279664	0.072460	0.028839	1.735880
112.500000	117.280000	0.061660	0.164618	0.021717	0.000857	0.001152	0.314292	0.142068	0.001507	0.002625	0.248600	0.230461	0.002398	0.258744	0.276692	0.091899	0.012302	1.831590
118.125000	117.280000	0.057459	0.176280	0.034717	0.000661	0.000972	0.304144	0.191710	0.001524	0.001385	0.261565	0.258987	0.002821	0.258873	0.281740	0.113248	0.008044	1.954130
123.750000	117.280000	0.050219	0.177779	0.046932	0.000581	0.001413	0.296943	0.236162	0.003014	0.001994	0.252742	0.259054	0.002724	0.248939	0.282879	0.134712	0.002903	1.998990
129.375000	117.280000	0.049281	0.176171	0.050156	0.000661	0.001539	0.297660	0.265705	0.004141	0.002026	0.263574	0.269813	0.003038	0.225936	0.285661	0.165424	0.001679	2.062470
135.000000	117.280000	0.053252	0.192488	0.058210	0.000840	0.001431	0.281634	0.284554	0.001147	0.003768	0.269276	0.265616	0.003406	0.200095	0.276431	0.194815	0.000731	2.087700
140.625000	117.280000	0.052848	0.184517	0.048292	0.000755	0.005585	0.254775	0.288161	0.001668	0.002646	0.256023	0.266408	0.002336	0.164906	0.279073	0.230996	0.002495	2.041480
146.250000	117.280000	0.040680	0.177031	0.048635	0.000838	0.006061	0.231600	0.296761	0.001381	0.003137	0.258473	0.259215	0.001343	0.134634	0.272536	0.248727	0.002291	1.983340
151.875000	117.280000	0.035400	0.172341	0.054103	0.000471	0.005699	0.186120	0.312426	0.000771	0.002627	0.256856	0.250183	0.001146	0.109387	0.290469	0.256521	0.005554	1.940070
157.500000	117.280000	0.023022	0.169583	0.061948	0.000658	0.002618	0.140112	0.324464	0.001327	0.002139	0.234074	0.264428	0.000984	0.094669	0.280217	0.253707	0.012852	1.866800
163.125000	117.280000	0.013626	0.154616	0.069619	0.001831	0.003412	0.100054	0.314659	0.002057	0.001752	0.196062	0.246625	0.009469	0.070731	0.278559	0.253701	0.030257	1.747030
168.750000	117.280000	0.007271	0.141157	0.081484	0.001875	0.001944	0.067884	0.309174	0.003148	0.002552	0.151351	0.231932	0.046134	0.057866	0.274575	0.252268	0.049596	1.680210
174.375000	117.280000	0.007982	0.111745	0.086335	0.002474	0.006835	0.038364	0.306287	0.006291	0.008592	0.123817	0.229911	0.077121	0.047684	0.265219	0.256372	0.042514	1.617540
180.000000	117.280000	0.002156	0.104080	0.108334	0.002993	0.003989	0.020230	0.307030	0.021253	0.007553	0.105273	0.245297	0.109864	0.047443	0.260163	0.262855	0.044694	1.653210
185.625000	117.280000	0.002027	0.091920	0.120441	0.007568	0.007436	0.005669	0.309508	0.037991	0.008013	0.082871	0.231712	0.122073	0.046702	0.248578	0.269063	0.052495	1.644060
191.250000	117.280000	0.001879	0.085779	0.132575	0.007171	0.002677	0.001882	0.310880	0.065108	0.002518	0.044328	0.237779	0.155206	0.047873	0.244194	0.274497	0.058659	1.673000
196.875000	117.280000	0.002117	0.072814	0.149663	0.013969	0.004349	0.001633	0.304061	0.097246	0.001645	0.010216	0.253059	0.191305	0.029437	0.251963	0.273965	0.072767	1.730210
202.500000	117.280000	0.001369	0.058524	0.161410	0.021445	0.005677	0.001218	0.304408	0.140907	0.001284	0.002026	0.260565	0.234194	0.013188	0.251633	0.285168	0.090910	1.833930
208.125000	117.280000	0.000897	0.052957	0.178284	0.034195	0.008698	0.000727	0.301331	0.191070	0.002942	0.001672	0.260199	0.257234	0.006487	0.255837	0.276820	0.110848	1.940200
213.750000	117.280000	0.001188	0.049265	0.182449	0.044096	0.006406	0.001636	0.297817	0.220081	0.002780	0.000872	0.254921	0.254307	0.002697	0.251139	0.274028	0.142048	1.985730
219.375000	117.280000	0.000536	0.044987	0.173938	0.053562	0.004373	0.001631	0.283095	0.262088	0.002145	0.002027	0.267605	0.263743	0.001343	0.223766	0.286758	0.165288	2.036890
225.000000	117.280000	0.000981	0.053070	0.189758	0.054287	0.001009	0.001069	0.289036	0.278155	0.003335	0.002292	0.267819	0.258956	0.000547	0.190220	0.273452	0.199345	2.063330
230.625000	117.280000	0.000846	0.057887	0.185835	0.051610	0.001040	0.002978	0.261781	0.293273	0.001796	0.004192	0.264692	0.260213	0.001463	0.162861	0.280244	0.226637	2.057350
236.250000	117.280000	0.000675	0.041994	0.181294	0.050040	0.002615	0.002918	0.238762	0.302074	0.002333	0.001933	0.263588	0.262076	0.002651	0.135917	0.277751	0.243618	2.010240
241.875000	117.280000	0.001021	0.037195	0.177524	0.053984	0.000671	0.002486	0.192958	0.306804	0.001484	0.001927	0.250559	0.257848	0.008180	0.107793	0.279315	0.251837	1.931590
247.500000	117.280000	0.001015	0.022884	0.164639	0.064192	0.001196	0.001114	0.138438	0.314370	0.002308	0.001564	0.237011	0.256195	0.011093	0.093113	0.283848	0.256231	1.849210
253.125000	117.280000	0.001397	0.013983	0.150859	0.070663	0.002859	0.000911	0.096733	0.317428	0.008984	0.002278	0.195552	0.250324	0.030461	0.072579	0.271802	0.247976	1.734790
258.750000	117.280000	0.001600	0.006978	0.130368	0.080908	0.003684	0.001080	0.070022	0.311703	0.046930	0.001807	0.163042	0.247537	0.045931	0.061371	0.274382	0.244886	1.692230
264.375000	117.280000	0.003183	0.006335	0.115774	0.093803	0.011342	0.006677	0.039511	0.303690	0.078883	0.006444	0.123237	0.220117	0.044801	0.050836	0.270860	0.262911	1.638400
270.000000	117.280000	0.003280	0.001555	0.103588	0.106415	0.032149	0.004362	0.020631	0.305371	0.110095	0.008090	0.105340	0.224575	0.044344	0.047395	0.257730	0.260707	1.635630
275.625000	117.280000	0.007834	0.003897	0.092757	0.113504	0.057787	0.005205	0.007578	0.303218	0.124280	0.006550	0.079107	0.231425	0.053367	0.047826	0.254423	0.270200	1.658960
281.250000	117.280000	0.007743	0.002037	0.077443	0.137731	0.093786	0.001808	0.003641	0.305642	0.153284	0.001440	0.043094	0.229411	0.058490	0.050976	0.253311	0.276267	1.696100
286.875000	117.280000	0.015462	0.002340	0.068350	0.159462	0.126297	0.003576	0.001581	0.315719	0.188862	0.002859	0.008798	0.246518	0.078613	0.030945	0.254561	0.278328	1.782270
292.500000	117.280000	0.022393	0.000808	0.063516	0.168568	0.159613	0.003179	0.001900	0.296790	0.236598	0.001918	0.001806	0.266568	0.095286	0.012987	0.256489	0.290220	1.878640
298.125000	117.280000	0.035213	0.000375	0.056464	0.177519	0.200466	0.006340	0.000633	0.299940	0.251708	0.002355	0.001713	0.255364	0.111657	0.007246	0.258417	0.282374	1.947780
303.750000	117.280000	0.044400	0.001087	0.046741	0.179126	0.230475	0.007582	0.001458	0.300151	0.261369	0.003373	0.001900	0.253400	0.139665	0.001826	0.245245	0.277047	1.994850
309.375000	117.280000	0.055095	0.001049	0.048750	0.189860	0.256384	0.005688	0.001019	0.298486	0.264039	0.002574	0.002686	0.260470	0.173706	0.001499	0.223822	0.281077	2.066210
315.000000	117.280000	0.054247	0.001123	0.055179	0.191737	0.280678	0.001215	0.000643	0.277204	0.262913	0.003093	0.003737	0.267920	0.191347	0.001702	0.196398	0.282706	2.071840
320.625000	117.280000	0.049223	0.001303	0.056050	0.183421	0.288756	0.001789	0.004160	0.258616	0.261395	0.001454	0.003422	0.257154	0.234097	0.001719	0.163981	0.276791	2.043330
326.250000	117.280000	0.046033	0.000812	0.046161	0.179266	0.299954	0.002024	0.003001	0.238838	0.254100	0.002263	0.002908	0.261074	0.246458	0.001761	0.137151	0.264570	1.986380
331.875000	117.280000	0.056853	0.000340	0.034455	0.175827	0.301035	0.000861	0.002973	0.201351	0.263465	0.001444	0.002840	0.247198	0.259624	0.005982	0.110751	0.274275	1.939270
337.500000	117.280000	0.064852	0.000742	0.023878	0.169425	0.314855	0.001125	0.001150	0.159310	0.262767	0.001648	0.001599	0.227058	0.246706	0.012984	0.089830	0.277551	1.855480
343.125000	117.280000	0.070768	0.001456	0.014031	0.142645	0.311161	0.003674	0.000786	0.124182	0.242685	0.009523	0.002353	0.191845	0.244345	0.030892	0.073581	0.289448	1.753380
348.750000	117.280000	0.079717	0.001906	0.008267	0.132889	0.310254	0.004746	0.000976	0.093640	0.235751	0.042323	0.003310	0.154113	0.254337	0.048090	0.055382	0.275009	1.700710
354.375000	117.280000	0.094413	0.002938	0.009176	0.123814	0.299311	0.009244	0.006482	0.058818	0.225534	0.082930	0.006248	0.125190	0.258932	0.045061	0.046119	0.266953	1.661160
2.812500	120.000000	0.099791	0.005686	0.002486	0.090036	0.301947	0.028580	0.003517	0.020535	0.233306	0.121447	0.009462	0.109504	0.261560	0.048847	0.036802	0.260850	1.634360
8.437500	120.000000	0.114232	0.008750	0.008324	0.074498	0.300944	0.055268	0.001893	0.008354	0.232521	0.139244	0.004779	0.075971	0.275014	0.060179	0.039014	0.261056	1.660040
14.062500	120.000000	0.128325	0.012284	0.001290	0.069685	0.306652	0.089347	0.000325	0.004363	0.243906	0.170493	0.002298	0.037691	0.291417	0.076239	0.033850	0.257335	1.725500
19.687500	120.000000	0.142115	0.019027	0.000940	0.062643	0.305503	0.121571	0.001048	0.001532	0.249211	0.210094	0.004274	0.007285	0.290645	0.093832	0.019281	0.251975	1.780980
25.312500	120.000000	0.152732	0.028564	0.000631	0.054862	0.306529	0.162213	0.002937	0.000906	0.264151	0.237381	0.001915	0.002386	0.285494	0.113817	0.012213	0.258657	1.885390
30.937500	120.000000	0.163912	0.042954	0.000345	0.055487	0.294201	0.196750	0.001812	0.002053	0.253375	0.254764	0.001997	0.001776	0.283243	0.135850	0.007689	0.266900	1.963110
36.562500	120.000000	0.175817	0.048648	0.000563	0.051850	0.299223	0.232737	0.002306	0.001810	0.260061	0.244501	0.004103	0.002407	0.280594	0.157756	0.004285	0.252541	2.019200
42.187500	120.000000	0.175439	0.063219	0.001177	0.064325	0.289650	0.262108	0.000881	0.001134	0.265401	0.268614	0.003267	0.002632	0.281131	0.193955	0.002674	0.233454	2.109060
47.812500	120.000000	0.183958	0.058290	0.000755	0.058900	0.256314	0.290245	0.001338	0.001417	0.267324	0.262283	0.002032	0.003622	0.285176	0.230641	0.002493	0.196113	2.100900
53.437500	120.000000	0.175433	0.058975	0.000782	0.052064	0.238824	0.292360	0.001449	0.005619	0.258444	0.259048	0.001347	0.005407	0.286361	0.241052	0.003615	0.158771	2.039550
59.062500	120.000000	0.164535	0.057270	0.000762	0.043729	0.201826	0.300450	0.001281	0.008095	0.263992	0.258279	0.001219	0.002143	0.285749	0.263906	0.009397	0.133801	1.996440
64.687500	120.000000	0.148055	0.059644	0.000506	0.031710	0.162819	0.305922	0.000658	0.007241	0.239645	0.258599	0.002540	0.001513	0.282007	0.253772	0.013159	0.112528	1.880320
70.312500	120.000000	0.143300	0.064085	0.000741	0.016651	0.126288	0.309618	0.002407	0.005804	0.212793	0.257416	0.007217	0.003793	0.280978	0.256751	0.018965	0.099424	1.806230
75.937500	120.000000	0.124568	0.071977	0.001695	0.011970	0.083982	0.324326	0.003386	0.004621	0.168970	0.241975	0.037381	0.003499	0.280322	0.259846	0.033593	0.077275	1.729380
81.562500	120.000000	0.117164	0.076809	0.009922	0.008055	0.053312	0.302470	0.005836	0.001900	0.131453	0.229692	0.073794	0.006576	0.276069	0.258809	0.036956	0.058002	1.646820
87.187500	120.000000	0.096363	0.092579	0.002765	0.004009	0.027871	0.301460	0.013811	0.002759	0.131970	0.230857	0.105777	0.008377	0.261315	0.258902	0.043893	0.046635	1.629340
92.812500	120.000000	0.089869	0.099135	0.003391	0.003114	0.015728	0.301586	0.027629	0.001757	0.107202	0.235089	0.128221	0.009273	0.258581	0.269743	0.048436	0.038158	1.636910
98.437500	120.000000	0.081496	0.107261	0.006805	0.007785	0.007463	0.309711	0.042185	0.000912	0.075267	0.235939	0.137815	0.004389	0.254153	0.273921	0.060837	0.039087	1.645030
104.062000	120.000000	0.068196	0.124624	0.012257	0.001301	0.004277	0.310189	0.071896	0.001059	0.038926	0.241396	0.169574	0.002471	0.251951	0.288698	0.074094	0.034207	1.695120
109.688000	120.000000	0.064154	0.147076	0.016501	0.000667	0.001863	0.310777	0.104370	0.000963	0.008721	0.256048	0.205371	0.003110	0.258292	0.275455	0.093387	0.018912	1.765670
115.312000	120.000000	0.055413	0.152463	0.031500	0.000833	0.000644	0.306782	0.143085	0.002175	0.001701	0.254541	0.245021	0.001930	0.262075	0.281619	0.113347	0.011753	1.864880
120.938000	120.000000	0.056533	0.165686	0.042392	0.001001	0.002798	0.304878	0.191581	0.003014	0.002145	0.257845	0.257630	0.002233	0.263366	0.280359	0.130307	0.008726	1.970500
126.562000	120.000000	0.055787	0.168736	0.048287	0.000582	0.001760	0.294944	0.230892	0.002699	0.001761	0.260136	0.264423	0.002843	0.255134	0.285521	0.166722	0.004154	2.044380
132.188000	120.000000	0.054962	0.173776	0.058820	0.000587	0.001191	0.276253	0.262261	0.000903	0.001877	0.274752	0.259772	0.002124	0.227200	0.281676	0.196351	0.002174	2.074680
137.812000	120.000000	0.054853	0.171156	0.060802	0.000598	0.001634	0.259207	0.274617	0.000765	0.002015	0.262225	0.269218	0.001597	0.196855	0.284525	0.224945	0.001846	2.066860
143.437000	120.000000	0.045542	0.175402	0.054950	0.000970	0.006367	0.234773	0.281096	0.001189	0.004633	0.259565	0.258285	0.001306	0.166852	0.279169	0.248648	0.003822	2.022570
149.062000	120.000000	0.041049	0.172178	0.055366	0.000467	0.006760	0.189162	0.290179	0.001314	0.002227	0.253543	0.255154	0.001681	0.131123	0.282500	0.265448	0.007922	1.956070
154.688000	120.000000	0.031274	0.157628	0.052896	0.000545	0.005987	0.153308	0.304041	0.000897	0.001436	0.237165	0.254121	0.001552	0.116611	0.283858	0.259097	0.011585	1.872000
160.312000	120.000000	0.017809	0.141106	0.064073	0.000835	0.001953	0.104948	0.320047	0.002090	0.004151	0.204239	0.250361	0.007503	0.090338	0.281658	0.259331	0.017697	1.768140
165.938000	120.000000	0.012076	0.120817	0.075787	0.000923	0.003096	0.073573	0.317757	0.003877	0.002270	0.169147	0.238148	0.037785	0.076440	0.284064	0.260813	0.033337	1.709910
171.562000	120.000000	0.008870	0.111831	0.077053	0.007790	0.001605	0.043709	0.313850	0.006916	0.007051	0.131363	0.238815	0.076699	0.061997	0.269382	0.254938	0.038180	1.650050
177.188000	120.000000	0.003727	0.102132	0.088721	0.002067	0.002547	0.026359	0.315335	0.013708	0.007605	0.127811	0.226160	0.108025	0.051339	0.266963	0.265918	0.037165	1.645580
182.812000	120.000000	0.002615	0.086976	0.099722	0.002865	0.003775	0.014838	0.300919	0.025501	0.006226	0.107854	0.236665	0.125062	0.037049	0.261508	0.268306	0.048653	1.628530
188.438000	120.000000	0.009055	0.080730	0.116921	0.006209	0.003058	0.006630	0.308951	0.046558	0.004015	0.077142	0.236544	0.134422	0.040276	0.260608	0.280521	0.055670	1.667310
194.062000	120.000000	0.001502	0.070671	0.129042	0.010275	0.003513	0.003129	0.317658	0.072226	0.002689	0.039013	0.246256	0.162973	0.036396	0.251528	0.277056	0.075479	1.699410
199.687000	120.000000	0.000838	0.066674	0.147408	0.017605	0.005837	0.001830	0.313474	0.105968	0.003298	0.006277	0.245153	0.196338	0.019572	0.253217	0.289268	0.092670	1.765430
205.312000	120.000000	0.000553	0.065171	0.155896	0.032574	0.008028	0.001043	0.304850	0.152433	0.001567	0.002000	0.267870	0.237456	0.012142	0.252811	0.276343	0.108617	1.879350
210.938000	120.000000	0.000461	0.057699	0.166264	0.044094	0.007205	0.001801	0.304259	0.196793	0.002289	0.001617	0.259337	0.252544	0.008532	0.255400	0.284266	0.134610	1.977170
216.562000	120.000000	0.000774	0.057786	0.162359	0.045846	0.005923	0.001162	0.292386	0.230382	0.003195	0.001423	0.259833	0.257007	0.004281	0.251308	0.274695	0.162269	2.010630
222.188000	120.000000	0.000532	0.057182	0.177660	0.059355	0.001749	0.000771	0.280473	0.267432	0.002020	0.001724	0.270054	0.256185	0.002366	0.231475	0.281168	0.202979	2.093130
227.812000	120.000000	0.000343	0.061558	0.171055	0.060174	0.001263	0.000507	0.256027	0.276470	0.001966	0.002486	0.269540	0.260510	0.001855	0.197526	0.283587	0.228505	2.073370
233.438000	120.000000	0.000439	0.043635	0.176646	0.057027	0.001522	0.002335	0.237007	0.282440	0.001127	0.004494	0.264638	0.255885	0.002520	0.162496	0.282544	0.258303	2.033060
239.062000	120.000000	0.000474	0.041389	0.166449	0.056895	0.001039	0.002519	0.197812	0.299364	0.001658	0.001885	0.260861	0.255184	0.008843	0.131073	0.276284	0.252380	1.954110
244.687000	120.000000	0.000424	0.032901	0.157703	0.061532	0.000966	0.001646	0.155822	0.305002	0.002252	0.001848	0.247656	0.255543	0.012127	0.113696	0.281301	0.262122	1.892540
250.312000	120.000000	0.000781	0.018702	0.139498	0.062339	0.001458	0.002079	0.103600	0.310941	0.007342	0.003854	0.209340	0.252475	0.020025	0.092524	0.275689	0.253073	1.753720
255.937000	120.000000	0.001276	0.010331	0.128200	0.071151	0.005079	0.000967	0.066003	0.304293	0.041141	0.002768	0.170327	0.240945	0.032962	0.076152	0.284218	0.245492	1.681310
261.562000	120.000000	0.008826	0.008468	0.114972	0.076648	0.007792	0.001529	0.046336	0.310068	0.075737	0.005728	0.135578	0.228768	0.037284	0.059495	0.277298	0.268627	1.663150
267.188000	120.000000	0.003254	0.002922	0.099877	0.090919	0.021010	0.002242	0.025828	0.308609	0.109687	0.008359	0.125218	0.225018	0.043124	0.042325	0.269963	0.256823	1.635180
272.812000	120.000000	0.004881	0.002924	0.089083	0.104210	0.040158	0.003201	0.012910	0.302431	0.127929	0.009667	0.114706	0.237349	0.046510	0.042247	0.264273	0.255061	1.657540
278.438000	120.000000	0.007281	0.008932	0.080171	0.112919	0.065615	0.001195	0.006573	0.309813	0.133943	0.005920	0.079384	0.232289	0.061733	0.037033	0.255703	0.274949	1.673460
284.062000	120.000000	0.010295	0.001159	0.069101	0.132146	0.097109	0.002872	0.003094	0.302514	0.168984	0.002820	0.040256	0.240245	0.076900	0.036706	0.257151	0.273698	1.715050
289.688000	120.000000	0.017714	0.001304	0.065310	0.148613	0.132883	0.002729	0.001501	0.315140	0.206649	0.003195	0.008107	0.250175	0.092394	0.018085	0.255582	0.291131	1.810510
295.312000	120.000000	0.029634	0.000625	0.055129	0.148341	0.157291	0.004423	0.000978	0.299191	0.241836	0.001672	0.002381	0.256929	0.108368	0.012270	0.261406	0.283398	1.863870
300.938000	120.000000	0.041590	0.000548	0.050347	0.167372	0.197419	0.005844	0.001497	0.291411	0.262185	0.001766	0.001637	0.252926	0.133772	0.007323	0.269183	0.287001	1.971820
306.562000	120.000000	0.047629	0.000907	0.051695	0.179482	0.231163	0.006955	0.001146	0.287004	0.252523	0.004760	0.001253	0.264949	0.168446	0.004165	0.260830	0.289084	2.051990
312.187000	120.000000	0.059869	0.000488	0.056595	0.176277	0.255453	0.001042	0.000873	0.289153	0.264695	0.003723	0.002279	0.257224	0.196830	0.003252	0.231019	0.265527	2.064300
317.812000	120.000000	0.061592	0.000628	0.060224	0.175541	0.284296	0.001777	0.000603	0.267870	0.264330	0.001545	0.003018	0.267182	0.223234	0.002613	0.194747	0.283238	2.092440
323.438000	120.000000	0.053352	0.000866	0.045860	0.171508	0.286133	0.002124	0.002554	0.232924	0.259437	0.001968	0.003098	0.263058	0.253904	0.003134	0.161674	0.283131	2.024720
329.062000	120.000000	0.057195	0.000497	0.041257	0.166313	0.291212	0.001107	0.001557	0.197021	0.259475	0.002027	0.002151	0.258323	0.268385	0.008363	0.133921	0.266688	1.955490
334.688000	120.000000	0.060180	0.000349	0.033146	0.156203	0.308048	0.001135	0.001838	0.170753	0.259764	0.002727	0.001503	0.245993	0.253939	0.014607	0.112255	0.280962	1.903400
340.312000	120.000000	0.062309	0.000785	0.015920	0.148521	0.313024	0.002581	0.001451	0.127499	0.246333	0.008536	0.003902	0.207142	0.255578	0.017970	0.094168	0.284037	1.789760
345.938000	120.000000	0.070927	0.001041	0.010889	0.131018	0.299515	0.005875	0.001446	0.096419	0.243287	0.035971	0.002713	0.167986	0.249597	0.033600	0.078320	0.281687	1.710290
351.562000	120.000000	0.082454	0.008487	0.009294	0.113914	0.297691	0.007052	0.001539	0.065383	0.233495	0.079159	0.004960	0.133231	0.261171	0.038547	0.063438	0.270548	1.670370
357.187000	120.000000	0.090783	0.003115	0.003239	0.098315	0.304271	0.016880	0.002639	0.039946	0.230247	0.112310	0.008302	0.131255	0.271196	0.037860	0.044631	0.261549	1.656540
0.000000	122.797000	0.083311	0.003033	0.003543	0.089295	0.312974	0.019618	0.003013	0.021035	0.226136	0.130280	0.008913	0.125492	0.270582	0.048566	0.046246	0.262117	1.654160
5.625000	122.797000	0.096328	0.004743	0.004125	0.074713	0.303315	0.034995	0.001509	0.010622	0.228049	0.131240	0.008430	0.113244	0.268887	0.066590	0.041234	0.267834	1.655860
11.250000	122.797000	0.104814	0.009859	0.012530	0.072830	0.314164	0.061786	0.001374	0.003890	0.243975	0.141878	0.004065	0.091513	0.275827	0.079806	0.037042	0.260136	1.715490
16.875000	122.797000	0.119136	0.015894	0.002574	0.071532	0.309731	0.091998	0.001855	0.003319	0.252488	0.196731	0.003762	0.034243	0.278789	0.102094	0.023965	0.249777	1.757890
22.500000	122.797000	0.138828	0.023199	0.000476	0.064206	0.297103	0.124328	0.002181	0.001412	0.253939	0.230665	0.003886	0.010498	0.277688	0.109943	0.019676	0.265821	1.823850
28.125000	122.797000	0.139990	0.037745	0.000633	0.061696	0.291236	0.166960	0.002501	0.000979	0.260998	0.249670	0.004383	0.003142	0.285584	0.135527	0.015469	0.263436	1.919950
33.750000	122.797000	0.154129	0.044014	0.001020	0.061770	0.290308	0.203907	0.002431	0.001870	0.257969	0.247770	0.003943	0.002209	0.280740	0.165579	0.011722	0.260754	1.990140
39.375000	122.797000	0.165088	0.054603	0.000282	0.064965	0.274197	0.237075	0.000990	0.000663	0.256851	0.261465	0.002220	0.001356	0.289573	0.196593	0.006962	0.252417	2.065300
45.000000	122.797000	0.164186	0.063673	0.000688	0.060877	0.264900	0.260042	0.000837	0.000883	0.263939	0.265652	0.002524	0.001836	0.287117	0.229326	0.004020	0.234778	2.105280
50.625000	122.797000	0.156365	0.063168	0.000538	0.050711	0.231678	0.259747	0.000748	0.002267	0.260800	0.261721	0.002058	0.003721	0.279806	0.245222	0.006468	0.191392	2.016410
56.250000	122.797000	0.154095	0.063258	0.000275	0.040940	0.206185	0.286445	0.002543	0.003873	0.261477	0.255961	0.001876	0.002915	0.287384	0.264721	0.014485	0.160899	2.007330
61.875000	122.797000	0.142455	0.064427	0.000270	0.035254	0.158673	0.288355	0.000851	0.006633	0.246398	0.242221	0.002999	0.004486	0.278804	0.267309	0.017871	0.129515	1.886520
67.500000	122.797000	0.132084	0.067637	0.000268	0.024104	0.132135	0.309709	0.001620	0.011173	0.222935	0.254866	0.012672	0.004333	0.279737	0.263194	0.018964	0.110000	1.845430
73.125000	122.797000	0.128896	0.065716	0.002161	0.012731	0.090303	0.305656	0.004052	0.003974	0.180478	0.248713	0.035405	0.003035	0.278900	0.253183	0.025552	0.097393	1.736150
78.750000	122.797000	0.107051	0.073668	0.011375	0.007850	0.063239	0.302858	0.003582	0.002583	0.149506	0.231584	0.092608	0.004292	0.279231	0.261387	0.036193	0.081746	1.708750
84.375000	122.797000	0.096285	0.080072	0.003581	0.004689	0.034696	0.311834	0.007150	0.002658	0.126502	0.220847	0.109111	0.008305	0.274194	0.262170	0.040660	0.063476	1.646230
90.000000	122.797000	0.091349	0.090418	0.003351	0.002683	0.018380	0.307551	0.016878	0.001998	0.137494	0.236893	0.129617	0.009192	0.273628	0.270530	0.047816	0.049841	1.687620
95.625000	122.797000	0.077841	0.095483	0.003746	0.004805	0.010755	0.318359	0.031448	0.001278	0.119400	0.221412	0.124681	0.007674	0.259751	0.279650	0.062414	0.041984	1.660680
101.250000	122.797000	0.072496	0.109280	0.008604	0.014208	0.005450	0.311182	0.047869	0.000991	0.088334	0.236101	0.149803	0.004454	0.254312	0.282846	0.082032	0.030983	1.698950
106.875000	122.797000	0.070914	0.120589	0.013228	0.002744	0.002059	0.304328	0.076773	0.001538	0.039903	0.242439	0.182220	0.002467	0.253191	0.281749	0.103133	0.023177	1.720450
112.500000	122.797000	0.060760	0.131446	0.023917	0.000594	0.001755	0.299745	0.110051	0.002028	0.009514	0.259276	0.217140	0.006083	0.251222	0.278844	0.112597	0.019446	1.784420
118.125000	122.797000	0.061805	0.139672	0.037582	0.000561	0.001220	0.307555	0.147296	0.002083	0.003723	0.245342	0.248115	0.004475	0.256980	0.282700	0.137515	0.015962	1.892590
123.750000	122.797000	0.058005	0.158337	0.041188	0.000918	0.002682	0.300595	0.199221	0.002359	0.001615	0.253132	0.258982	0.002979	0.260757	0.279173	0.160826	0.013460	1.994230
129.375000	122.797000	0.068404	0.150180	0.050148	0.000446	0.001491	0.274590	0.231345	0.000971	0.002519	0.252329	0.256171	0.002258	0.253091	0.294841	0.199679	0.006532	2.044990
135.000000	122.797000	0.061086	0.155769	0.061158	0.000850	0.000538	0.258833	0.250608	0.000959	0.001428	0.263941	0.264053	0.002074	0.223963	0.285264	0.227141	0.003343	2.061010
140.625000	122.797000	0.054215	0.153947	0.061407	0.000271	0.002716	0.237159	0.275762	0.000976	0.004275	0.262454	0.259407	0.001838	0.190845	0.284150	0.251368	0.006822	2.047610
146.250000	122.797000	0.045530	0.153951	0.060472	0.000974	0.005441	0.188502	0.286334	0.003038	0.002893	0.250142	0.254433	0.001851	0.169919	0.291736	0.263596	0.013296	1.992110
151.875000	122.797000	0.034080	0.140560	0.062121	0.000538	0.006880	0.149445	0.299794	0.001205	0.005004	0.252293	0.254414	0.003645	0.134506	0.284381	0.259586	0.017078	1.905530
157.500000	122.797000	0.023792	0.125562	0.064351	0.000697	0.005803	0.108790	0.294964	0.001815	0.004735	0.215705	0.255742	0.012460	0.120760	0.287292	0.249475	0.019488	1.791430
163.125000	122.797000	0.013943	0.117893	0.070110	0.002659	0.002185	0.071145	0.306220	0.002256	0.003344	0.180278	0.249763	0.037941	0.097027	0.274270	0.254023	0.023591	1.706650
168.750000	122.797000	0.010054	0.105759	0.067017	0.014282	0.002564	0.047891	0.322508	0.004201	0.003520	0.149506	0.234878	0.087032	0.090123	0.288981	0.257397	0.036069	1.721780
174.375000	122.797000	0.004094	0.094311	0.078199	0.004400	0.001392	0.033444	0.305109	0.006705	0.008099	0.131449	0.230648	0.107748	0.064332	0.275581	0.262933	0.042133	1.650580
180.000000	122.797000	0.002008	0.084410	0.089120	0.002081	0.002766	0.016755	0.309926	0.016803	0.006816	0.133868	0.225000	0.128394	0.047264	0.265113	0.267578	0.049673	1.647570
185.625000	122.797000	0.003349	0.072981	0.095064	0.004472	0.001521	0.006555	0.295839	0.028854	0.006296	0.118146	0.224856	0.124181	0.039151	0.263363	0.276581	0.063843	1.625050
191.250000	122.797000	0.013425	0.071661	0.106999	0.009556	0.004762	0.004167	0.307403	0.046898	0.003733	0.087596	0.243850	0.148115	0.036668	0.246085	0.279500	0.083716	1.694130
196.875000	122.797000	0.002551	0.072267	0.122901	0.014072	0.004924	0.001479	0.301741	0.071451	0.004698	0.035653	0.250939	0.181789	0.025653	0.260960	0.278416	0.101015	1.730510
202.500000	122.797000	0.001155	0.066152	0.132391	0.024541	0.009637	0.001727	0.300180	0.105345	0.004766	0.012420	0.259566	0.217521	0.018909	0.262232	0.277102	0.112851	1.806490
208.125000	122.797000	0.000737	0.060736	0.146652	0.037457	0.006475	0.000968	0.295504	0.154645	0.003573	0.003392	0.250100	0.247898	0.016748	0.267129	0.279345	0.123732	1.895090
213.750000	122.797000	0.001146	0.064768	0.149808	0.046221	0.004315	0.002341	0.279987	0.194013	0.003086	0.001959	0.258905	0.254437	0.013788	0.258605	0.275820	0.170340	1.979540
219.375000	122.797000	0.001068	0.065247	0.149709	0.050379	0.001846	0.001022	0.268751	0.237735	0.003351	0.001690	0.261141	0.262221	0.006843	0.238967	0.288241	0.195604	2.033810
225.000000	122.797000	0.000950	0.061160	0.161953	0.061956	0.001272	0.001416	0.271382	0.257416	0.002218	0.001821	0.266187	0.258810	0.004810	0.229558	0.280716	0.225860	2.087480
230.625000	122.797000	0.000823	0.054801	0.163755	0.067390	0.001451	0.001535	0.234855	0.274635	0.001179	0.003256	0.258892	0.267974	0.005863	0.194414	0.280749	0.259895	2.071470
236.250000	122.797000	0.000825	0.044755	0.158836	0.062777	0.002047	0.002192	0.191725	0.284547	0.001488	0.003684	0.265201	0.260571	0.013527	0.169860	0.284096	0.261869	2.008000
241.875000	122.797000	0.000542	0.037809	0.143960	0.064303	0.001296	0.002861	0.152621	0.287171	0.002368	0.004805	0.248815	0.261983	0.015431	0.137002	0.283242	0.266654	1.910870
247.500000	122.797000	0.000416	0.025561	0.139710	0.065559	0.001723	0.003191	0.111777	0.309144	0.010408	0.004554	0.218115	0.251190	0.016923	0.109446	0.284883	0.264371	1.816970
253.125000	122.797000	0.002385	0.011983	0.121755	0.070644	0.002873	0.001483	0.080158	0.310426	0.038331	0.004191	0.179565	0.247335	0.021921	0.096545	0.285262	0.246409	1.721270
258.750000	122.797000	0.012525	0.008878	0.104283	0.075658	0.004733	0.001339	0.051906	0.312011	0.093178	0.005476	0.143032	0.244377	0.033025	0.080057	0.286683	0.253611	1.710770
264.375000	122.797000	0.005433	0.004357	0.093984	0.075423	0.009674	0.001014	0.027409	0.300256	0.115203	0.007759	0.132304	0.229255	0.040657	0.057535	0.270668	0.261488	1.632420
270.000000	122.797000	0.003426	0.003256	0.085435	0.084392	0.025899	0.003182	0.015351	0.302073	0.129547	0.009823	0.131186	0.229114	0.046988	0.047549	0.280739	0.275633	1.673590
275.625000	122.797000	0.004093	0.004215	0.077673	0.091119	0.045558	0.001101	0.006208	0.307332	0.133913	0.007254	0.111393	0.230402	0.062099	0.040324	0.262654	0.273870	1.659210
281.250000	122.797000	0.009983	0.014471	0.069929	0.108791	0.071615	0.002261	0.003392	0.300848	0.144356	0.004001	0.088435	0.232546	0.082953	0.038752	0.259474	0.279393	1.711200
286.875000	122.797000	0.013044	0.001596	0.070630	0.120607	0.099381	0.002668	0.002710	0.300199	0.182876	0.003808	0.038321	0.247715	0.095551	0.025521	0.252911	0.280121	1.737660
292.500000	122.797000	0.022894	0.000922	0.063063	0.131654	0.129655	0.003880	0.001613	0.300336	0.213951	0.005419	0.014497	0.252395	0.112012	0.018809	0.260819	0.273945	1.805860
298.125000	122.797000	0.034746	0.000593	0.057780	0.138187	0.163194	0.005361	0.001075	0.291029	0.251370	0.005171	0.003617	0.248779	0.132643	0.020197	0.262993	0.279071	1.895800
303.750000	122.797000	0.044231	0.001050	0.058947	0.149714	0.194980	0.004522	0.002411	0.294829	0.253509	0.004185	0.002365	0.262756	0.169480	0.012517	0.268357	0.282184	2.006040
309.375000	122.797000	0.051795	0.000547	0.064180	0.155554	0.233899	0.002720	0.000885	0.269948	0.258879	0.003544	0.002178	0.260101	0.198937	0.007417	0.256374	0.273408	2.040370
315.000000	122.797000	0.062066	0.000930	0.057763	0.158974	0.253924	0.000741	0.000705	0.261711	0.261037	0.001648	0.001961	0.266237	0.230837	0.003794	0.231201	0.283758	2.077290
320.625000	122.797000	0.066033	0.001055	0.055070	0.156153	0.263897	0.001297	0.001445	0.240976	0.264191	0.001947	0.002895	0.266404	0.255537	0.007254	0.191838	0.285494	2.061480
326.250000	122.797000	0.054915	0.000369	0.045277	0.147038	0.274156	0.002751	0.003029	0.200533	0.259346	0.001665	0.003774	0.258629	0.275697	0.014105	0.157101	0.274650	1.973030
331.875000	122.797000	0.056817	0.001076	0.035596	0.144585	0.294822	0.001750	0.001926	0.166066	0.251068	0.002935	0.004013	0.243328	0.258740	0.015343	0.131383	0.281798	1.891240
337.500000	122.797000	0.062767	0.000343	0.024847	0.136179	0.303747	0.001958	0.001530	0.136425	0.249997	0.009442	0.003913	0.210724	0.262240	0.019258	0.110812	0.285144	1.819330
343.125000	122.797000	0.069072	0.003441	0.011466	0.116414	0.306736	0.002851	0.001277	0.098284	0.257693	0.037375	0.004358	0.184655	0.258915	0.024814	0.100163	0.281393	1.758910
348.750000	122.797000	0.068850	0.014620	0.008021	0.104223	0.306466	0.006336	0.001389	0.067736	0.239803	0.091456	0.004664	0.149529	0.260564	0.035528	0.082419	0.268995	1.710600
354.375000	122.797000	0.075920	0.004156	0.003024	0.097267	0.310462	0.010172	0.001238	0.044919	0.230033	0.115605	0.008330	0.129068	0.254677	0.034724	0.067129	0.273803	1.660530
2.812500	125.685000	0.085565	0.002925	0.002711	0.077853	0.307458	0.019846	0.002235	0.012316	0.224151	0.130263	0.009345	0.135984	0.279131	0.068235	0.060530	0.273019	1.691570
8.437500	125.685000	0.083619	0.005195	0.004105	0.070976	0.301071	0.036680	0.001140	0.005145	0.234180	0.136445	0.005869	0.132765	0.277899	0.083295	0.043627	0.268375	1.690390
14.062500	125.685000	0.094505	0.009861	0.008965	0.068703	0.290181	0.068499	0.001733	0.004419	0.249156	0.161255	0.002705	0.091692	0.279505	0.104962	0.038422	0.258404	1.732970
19.687500	125.685000	0.104831	0.017619	0.005604	0.070777	0.297103	0.101476	0.001936	0.001635	0.246115	0.191147	0.003058	0.043195	0.272349	0.121100	0.037173	0.263097	1.778220
25.312500	125.685000	0.123473	0.032113	0.000558	0.068562	0.293678	0.123097	0.002601	0.000869	0.250694	0.232447	0.001870	0.019295	0.276876	0.133332	0.030035	0.268448	1.857940
30.937500	125.685000	0.128738	0.035788	0.000244	0.066811	0.277180	0.160251	0.001342	0.002801	0.239199	0.248917	0.001903	0.004136	0.280843	0.160099	0.025253	0.277559	1.911060
36.562500	125.685000	0.130182	0.046001	0.000567	0.065682	0.273248	0.197393	0.001582	0.002069	0.256497	0.255539	0.002275	0.002354	0.282131	0.192923	0.025472	0.271116	2.005030
42.187500	125.685000	0.141777	0.055267	0.000736	0.065040	0.256597	0.221272	0.000907	0.000972	0.266175	0.265550	0.002632	0.001700	0.297421	0.236520	0.021388	0.256809	2.090760
47.812500	125.685000	0.137647	0.067361	0.000532	0.058143	0.231173	0.253233	0.000724	0.001737	0.262797	0.261151	0.001901	0.002608	0.289930	0.252606	0.025035	0.231997	2.078580
53.437500	125.685000	0.135150	0.065098	0.000255	0.048814	0.196007	0.271647	0.001746	0.002216	0.256388	0.260812	0.002491	0.002947	0.298679	0.274051	0.021065	0.189586	2.026950
59.062500	125.685000	0.129378	0.065680	0.000937	0.038974	0.157745	0.283172	0.001659	0.004665	0.256698	0.250217	0.005079	0.002333	0.285597	0.268193	0.028818	0.157663	1.936810
64.687500	125.685000	0.122945	0.069675	0.000783	0.030989	0.125648	0.296753	0.001046	0.008754	0.229269	0.246112	0.019149	0.002035	0.279601	0.259604	0.027950	0.136248	1.856560
70.312500	125.685000	0.110195	0.070848	0.006354	0.019853	0.099855	0.289747	0.001256	0.008567	0.186789	0.254927	0.048560	0.003289	0.279762	0.256006	0.035085	0.119294	1.790390
75.937500	125.685000	0.096647	0.065136	0.008830	0.010416	0.066714	0.296887	0.002972	0.002067	0.158847	0.244470	0.092088	0.002173	0.276350	0.259006	0.036661	0.103849	1.723110
81.562500	125.685000	0.090170	0.074170	0.002989	0.004327	0.034323	0.303541	0.003350	0.002236	0.139717	0.249780	0.137612	0.006509	0.284082	0.262707	0.048010	0.085599	1.729120
87.187500	125.685000	0.090106	0.076525	0.003097	0.002593	0.022535	0.306735	0.009065	0.002961	0.134562	0.231881	0.138259	0.012237	0.274724	0.268502	0.060120	0.073276	1.707180
92.812500	125.685000	0.075446	0.079651	0.003183	0.002707	0.011853	0.305134	0.019692	0.002232	0.138507	0.238597	0.132647	0.011828	0.267481	0.266435	0.072870	0.054241	1.682500
98.437500	125.685000	0.075735	0.089306	0.004229	0.003763	0.005331	0.296968	0.035177	0.000931	0.137107	0.242308	0.135325	0.005541	0.264531	0.280554	0.082732	0.045089	1.704630
104.062000	125.685000	0.074783	0.101765	0.012135	0.008197	0.003272	0.298456	0.057329	0.000438	0.091080	0.248288	0.166276	0.002880	0.251665	0.276532	0.104221	0.038578	1.735900
109.688000	125.685000	0.069094	0.111194	0.016726	0.005682	0.001651	0.295470	0.084828	0.001069	0.049354	0.254065	0.194855	0.002100	0.258531	0.280285	0.123363	0.035396	1.783660
115.312000	125.685000	0.068257	0.126286	0.029393	0.000578	0.000765	0.296071	0.109088	0.002885	0.020452	0.240870	0.234831	0.002086	0.254882	0.282682	0.138741	0.031030	1.838890
120.938000	125.685000	0.071035	0.134726	0.034905	0.000779	0.001623	0.274173	0.146616	0.000962	0.005349	0.255362	0.262377	0.001940	0.270625	0.274675	0.160440	0.022525	1.918110
126.562000	125.685000	0.064664	0.137522	0.042081	0.000977	0.001638	0.269051	0.188485	0.001716	0.002610	0.253785	0.269920	0.002464	0.276620	0.286827	0.187586	0.025766	2.011710
132.188000	125.685000	0.058747	0.138070	0.060176	0.000078	0.001457	0.256531	0.216412	0.000783	0.002076	0.268267	0.269693	0.003286	0.261048	0.298396	0.228503	0.022081	2.085600
137.812000	125.685000	0.057255	0.130734	0.062175	0.000527	0.000790	0.225406	0.252104	0.000721	0.002657	0.269456	0.272188	0.002252	0.228933	0.290552	0.261855	0.021767	2.079370
143.437000	125.685000	0.047577	0.131432	0.065840	0.000689	0.006164	0.184972	0.264510	0.002134	0.001837	0.256043	0.255709	0.001637	0.201295	0.290106	0.266127	0.026030	2.002100
149.062000	125.685000	0.034758	0.130228	0.066961	0.000871	0.002809	0.143835	0.282895	0.002543	0.001892	0.248908	0.255641	0.004328	0.160347	0.285831	0.269596	0.029982	1.921430
154.688000	125.685000	0.028489	0.113402	0.063824	0.001390	0.003928	0.108151	0.295545	0.000153	0.002947	0.225698	0.256228	0.017385	0.128211	0.277083	0.257890	0.031369	1.811690
160.312000	125.685000	0.018653	0.112004	0.070838	0.004884	0.003780	0.081976	0.300029	0.001482	0.002085	0.190628	0.255290	0.044536	0.113970	0.280478	0.249761	0.034156	1.764550
165.938000	125.685000	0.010260	0.096829	0.070865	0.008658	0.001859	0.051481	0.299165	0.003898	0.002859	0.160761	0.257885	0.087799	0.109816	0.275295	0.254238	0.036337	1.728010
171.562000	125.685000	0.005417	0.090100	0.077825	0.004175	0.001746	0.034873	0.303747	0.003746	0.006191	0.140631	0.240368	0.135465	0.085528	0.282404	0.255178	0.046997	1.714390
177.188000	125.685000	0.003389	0.085168	0.075920	0.002704	0.002928	0.018467	0.306539	0.009192	0.010921	0.130541	0.233777	0.138562	0.067890	0.277732	0.272137	0.053054	1.688920
182.812000	125.685000	0.002342	0.070177	0.084508	0.002399	0.002847	0.008035	0.300252	0.020934	0.009584	0.144070	0.228203	0.133601	0.058377	0.269245	0.273710	0.072990	1.681270
188.438000	125.685000	0.003116	0.076349	0.086621	0.004560	0.001792	0.003345	0.312224	0.033081	0.006238	0.144534	0.248048	0.137753	0.044677	0.266533	0.280188	0.087896	1.736960
194.062000	125.685000	0.008418	0.073119	0.097223	0.008580	0.002919	0.003615	0.309858	0.053166	0.003126	0.095355	0.258541	0.152842	0.037818	0.263332	0.279383	0.100911	1.748210
199.687000	125.685000	0.005549	0.069072	0.114792	0.017544	0.012005	0.001584	0.296859	0.083518	0.002517	0.049792	0.262911	0.186286	0.035041	0.259709	0.283321	0.117567	1.798070
205.312000	125.685000	0.000576	0.069053	0.122290	0.029112	0.007732	0.000825	0.295218	0.113450	0.001861	0.016199	0.245644	0.232948	0.031492	0.263061	0.282834	0.134743	1.847040
210.938000	125.685000	0.000646	0.066226	0.122679	0.035696	0.003068	0.002618	0.277254	0.151293	0.001450	0.005700	0.245028	0.244823	0.031523	0.264194	0.274506	0.160584	1.887280
216.562000	125.685000	0.000752	0.066754	0.137855	0.044851	0.003219	0.001309	0.263676	0.181763	0.002518	0.001921	0.258977	0.258073	0.022912	0.268404	0.282626	0.195714	1.991320
222.188000	125.685000	0.000716	0.064912	0.135065	0.056721	0.001073	0.000829	0.248104	0.218838	0.002575	0.001749	0.256951	0.253777	0.022998	0.258124	0.299659	0.233016	2.055110
227.812000	125.685000	0.000629	0.056735	0.136219	0.067903	0.001185	0.000681	0.227061	0.243917	0.001808	0.002924	0.258205	0.266109	0.021030	0.223589	0.289387	0.262951	2.060330
233.438000	125.685000	0.000995	0.046675	0.134612	0.067388	0.001682	0.001887	0.188539	0.275371	0.002323	0.002739	0.259824	0.256480	0.021836	0.194529	0.304128	0.273083	2.032090
239.062000	125.685000	0.000502	0.038161	0.128935	0.062265	0.001865	0.001801	0.151340	0.279845	0.003609	0.001864	0.254794	0.250349	0.026555	0.163387	0.289345	0.268510	1.923130
244.687000	125.685000	0.000586	0.029604	0.122014	0.065187	0.000358	0.002182	0.106919	0.287031	0.018364	0.002594	0.231730	0.270321	0.030213	0.131056	0.283796	0.262054	1.844010
250.312000	125.685000	0.005853	0.019576	0.111824	0.070556	0.001544	0.002034	0.080594	0.288662	0.049360	0.001661	0.192724	0.245060	0.034888	0.115813	0.274777	0.259044	1.753970
255.937000	125.685000	0.007220	0.010615	0.100698	0.072798	0.003726	0.000996	0.049599	0.294105	0.092131	0.003054	0.153535	0.245166	0.035744	0.102075	0.285131	0.263304	1.719900
261.562000	125.685000	0.003341	0.005110	0.085236	0.072544	0.005563	0.001236	0.036016	0.300137	0.130003	0.005819	0.141518	0.236499	0.048517	0.089912	0.283182	0.261526	1.706160
267.188000	125.685000	0.002425	0.003731	0.086098	0.073834	0.012277	0.001639	0.016103	0.306136	0.138246	0.010574	0.131411	0.231097	0.057314	0.067680	0.274492	0.265430	1.678490
272.812000	125.685000	0.002940	0.002858	0.075422	0.085806	0.024778	0.002899	0.010734	0.309267	0.130460	0.010925	0.134960	0.232346	0.071858	0.056873	0.268725	0.268638	1.689490
278.438000	125.685000	0.005666	0.003431	0.072466	0.090137	0.047720	0.001258	0.003465	0.299749	0.137850	0.007036	0.139406	0.232533	0.086200	0.046347	0.266955	0.277170	1.717390
284.062000	125.685000	0.009761	0.008911	0.068062	0.096842	0.075502	0.002458	0.003570	0.294957	0.159831	0.002242	0.088641	0.241850	0.098022	0.035372	0.253803	0.281178	1.721000
289.688000	125.685000	0.018163	0.004932	0.069007	0.115743	0.103124	0.003933	0.002070	0.286058	0.191673	0.002008	0.048556	0.254284	0.123683	0.035469	0.272552	0.277968	1.809220
295.312000	125.685000	0.027111	0.000648	0.065408	0.126445	0.128878	0.004390	0.001027	0.286859	0.225544	0.003006	0.017470	0.248016	0.143430	0.032283	0.264634	0.275979	1.851130
300.938000	125.685000	0.039443	0.001474	0.064814	0.130642	0.164750	0.002630	0.002164	0.282014	0.251303	0.002696	0.004400	0.252333	0.161524	0.028150	0.260365	0.282763	1.931470
306.562000	125.685000	0.044859	0.000517	0.064462	0.133229	0.199150	0.005549	0.001582	0.272338	0.256322	0.002328	0.001905	0.257501	0.194756	0.027302	0.258144	0.296235	2.016180
312.187000	125.685000	0.060244	0.000747	0.065130	0.132762	0.225673	0.000978	0.000556	0.245080	0.268043	0.002978	0.001611	0.259602	0.227513	0.021930	0.263945	0.285455	2.062250
317.812000	125.685000	0.067454	0.000110	0.060095	0.139267	0.260350	0.000805	0.000921	0.229415	0.256027	0.001733	0.003249	0.272921	0.253883	0.024521	0.231114	0.285046	2.086910
323.438000	125.685000	0.066019	0.000717	0.042768	0.128501	0.264194	0.001951	0.001094	0.191706	0.258650	0.002143	0.003017	0.258165	0.269620	0.027734	0.198148	0.289182	2.003610
329.062000	125.685000	0.066734	0.000279	0.040829	0.134528	0.290000	0.002188	0.001288	0.158489	0.246278	0.005782	0.002620	0.256109	0.253079	0.024220	0.160431	0.277992	1.920850
334.688000	125.685000	0.071924	0.000227	0.032845	0.114284	0.289763	0.000642	0.002033	0.132112	0.250481	0.018443	0.001954	0.242586	0.262037	0.030173	0.135696	0.280219	1.865420
340.312000	125.685000	0.074892	0.006980	0.017930	0.112648	0.296555	0.001367	0.001590	0.107319	0.248935	0.044450	0.002674	0.194134	0.261067	0.034198	0.120531	0.280921	1.806190
345.938000	125.685000	0.072527	0.010517	0.011506	0.094692	0.288472	0.004525	0.001033	0.076971	0.247697	0.088303	0.002055	0.157767	0.264467	0.039951	0.107785	0.279769	1.748040
351.562000	125.685000	0.072111	0.004408	0.005160	0.088482	0.309247	0.005566	0.000852	0.046425	0.243027	0.128562	0.006383	0.133885	0.262998	0.045781	0.085416	0.291323	1.729620
357.187000	125.685000	0.078310	0.002467	0.003823	0.085012	0.305171	0.012434	0.002676	0.024760	0.229119	0.144914	0.009002	0.127983	0.271341	0.057853	0.073410	0.278929	1.707200
0.000000	128.682000	0.071269	0.002057	0.003247	0.069245	0.283561	0.014871	0.001988	0.016881	0.243635	0.129167	0.013024	0.132989	0.273666	0.084771	0.085440	0.270280	1.696090
5.625000	128.682000	0.082921	0.004314	0.002849	0.069526	0.291367	0.027676	0.001408	0.005980	0.244946	0.132378	0.011043	0.150849	0.279637	0.093385	0.069393	0.267755	1.735430
11.250000	128.682000	0.079325	0.006481	0.002644	0.067737	0.292317	0.039315	0.001777	0.003647	0.252990	0.142489	0.005271	0.144249	0.273701	0.108795	0.058084	0.262658	1.741480
16.875000	128.682000	0.089236	0.012354	0.003006	0.071501	0.287251	0.065802	0.001849	0.001396	0.247879	0.165789	0.001542	0.098540	0.275887	0.127067	0.056337	0.259147	1.764580
22.500000	128.682000	0.097386	0.026467	0.001534	0.071754	0.286765	0.103566	0.001190	0.001909	0.249574	0.205891	0.002412	0.055910	0.283412	0.138689	0.055178	0.257011	1.838650
28.125000	128.682000	0.107016	0.031708	0.000369	0.070928	0.272653	0.129496	0.001761	0.000468	0.258826	0.238368	0.002654	0.028301	0.286442	0.162277	0.047842	0.261490	1.900600
33.750000	128.682000	0.112271	0.039025	0.000481	0.069047	0.248474	0.148991	0.002837	0.003677	0.254636	0.255654	0.002340	0.008976	0.290286	0.197442	0.046097	0.261181	1.941420
39.375000	128.682000	0.117586	0.047618	0.000275	0.067291	0.231983	0.185639	0.000723	0.000927	0.256223	0.264524	0.003191	0.004818	0.305993	0.224979	0.047971	0.270583	2.030320
45.000000	128.682000	0.118262	0.057944	0.000346	0.063122	0.209261	0.208635	0.001015	0.001214	0.256979	0.263173	0.002921	0.002312	0.316339	0.265353	0.045685	0.252727	2.065290
50.625000	128.682000	0.115709	0.060405	0.000730	0.047375	0.181548	0.234925	0.000939	0.000581	0.260927	0.259555	0.003718	0.003798	0.317591	0.269487	0.046653	0.240380	2.044320
56.250000	128.682000	0.114544	0.068134	0.000485	0.039426	0.152350	0.246895	0.003687	0.005077	0.251571	0.247549	0.009037	0.002709	0.300236	0.264461	0.049217	0.199072	1.954450
61.875000	128.682000	0.110036	0.070136	0.000502	0.033005	0.121715	0.268111	0.000737	0.002687	0.237798	0.248251	0.027686	0.002877	0.282606	0.268047	0.048216	0.160392	1.882800
67.500000	128.682000	0.097237	0.071874	0.001105	0.024622	0.099248	0.273590	0.001396	0.005549	0.201767	0.251255	0.059250	0.001643	0.288707	0.258395	0.051752	0.144699	1.832090
73.125000	128.682000	0.084755	0.076203	0.002027	0.013242	0.064744	0.276227	0.001055	0.006851	0.172767	0.248686	0.100489	0.002833	0.280565	0.247422	0.055335	0.127334	1.760540
78.750000	128.682000	0.079174	0.065603	0.003238	0.006665	0.039582	0.282634	0.002766	0.002256	0.149978	0.254704	0.144239	0.005466	0.283404	0.261237	0.065249	0.106068	1.752260
84.375000	128.682000	0.079377	0.065330	0.003924	0.004013	0.025255	0.287207	0.003979	0.001649	0.129043	0.235920	0.156504	0.008843	0.277355	0.274279	0.071475	0.097124	1.721280
90.000000	128.682000	0.072698	0.069000	0.001919	0.002994	0.015520	0.292147	0.011387	0.003813	0.139897	0.243565	0.131092	0.013211	0.271924	0.276870	0.084350	0.083565	1.713950
95.625000	128.682000	0.070172	0.079290	0.003226	0.003203	0.006540	0.288275	0.024911	0.001257	0.150701	0.236242	0.125783	0.009643	0.272154	0.290402	0.090553	0.072614	1.724970
101.250000	128.682000	0.064441	0.084403	0.005641	0.003084	0.002758	0.285751	0.039364	0.001563	0.139649	0.256620	0.145763	0.004159	0.267626	0.269612	0.117956	0.060127	1.748520
106.875000	128.682000	0.071586	0.084627	0.012736	0.002101	0.001370	0.286814	0.053850	0.002145	0.091861	0.250529	0.173910	0.002728	0.264655	0.274000	0.127548	0.061319	1.761780
112.500000	128.682000	0.069652	0.101489	0.024786	0.001725	0.001131	0.276963	0.078868	0.001593	0.060897	0.262505	0.206532	0.002604	0.255914	0.280086	0.139476	0.053481	1.817700
118.125000	128.682000	0.068036	0.107766	0.031955	0.000464	0.001055	0.270504	0.114417	0.001694	0.025447	0.259595	0.231821	0.002335	0.262787	0.282800	0.157666	0.048672	1.867010
123.750000	128.682000	0.066700	0.113524	0.037353	0.000545	0.003936	0.254237	0.143691	0.001758	0.007534	0.256032	0.248127	0.002573	0.267328	0.290094	0.193292	0.049416	1.936140
129.375000	128.682000	0.063497	0.117379	0.044257	0.000329	0.001305	0.231058	0.170232	0.000585	0.002934	0.258911	0.268135	0.003632	0.270967	0.319398	0.233397	0.045386	2.031400
135.000000	128.682000	0.057771	0.118557	0.056202	0.000650	0.000845	0.211961	0.203283	0.000828	0.002717	0.256311	0.262372	0.003437	0.254583	0.311539	0.258085	0.052102	2.051240
140.625000	128.682000	0.048208	0.120060	0.065663	0.000319	0.001388	0.171367	0.224336	0.000394	0.003584	0.259402	0.256350	0.004081	0.230326	0.317358	0.270692	0.050847	2.024380
146.250000	128.682000	0.036203	0.106854	0.066219	0.001163	0.010308	0.136320	0.262660	0.004134	0.002550	0.245452	0.244515	0.007190	0.195017	0.302659	0.272462	0.047766	1.941470
151.875000	128.682000	0.033036	0.107982	0.072805	0.000927	0.002894	0.111758	0.267145	0.000608	0.002928	0.244014	0.249617	0.029408	0.163031	0.288131	0.255983	0.048450	1.878720
157.500000	128.682000	0.028399	0.097554	0.071031	0.001131	0.002122	0.082943	0.293209	0.001090	0.002261	0.208238	0.261095	0.063153	0.146585	0.280452	0.262328	0.055279	1.856870
163.125000	128.682000	0.012463	0.088526	0.073232	0.002998	0.004475	0.055513	0.279442	0.000983	0.002661	0.170363	0.252394	0.099217	0.121731	0.279624	0.267898	0.054847	1.766370
168.750000	128.682000	0.006741	0.083638	0.063664	0.002374	0.002334	0.039631	0.284617	0.001728	0.005122	0.149026	0.244798	0.143367	0.107855	0.278718	0.264384	0.059106	1.737110
174.375000	128.682000	0.003722	0.080945	0.062713	0.002649	0.001812	0.021577	0.288710	0.004115	0.010042	0.125588	0.239253	0.160090	0.094849	0.280459	0.279447	0.066799	1.722770
180.000000	128.682000	0.003262	0.070717	0.076927	0.002397	0.004667	0.012187	0.290515	0.012173	0.014741	0.135416	0.245059	0.138425	0.087063	0.273534	0.274894	0.085230	1.727210
185.625000	128.682000	0.003215	0.068533	0.081209	0.003276	0.001991	0.003871	0.286004	0.024112	0.010989	0.154101	0.237929	0.127569	0.071071	0.272654	0.280093	0.097334	1.723950
191.250000	128.682000	0.001605	0.065082	0.079667	0.007600	0.002974	0.002035	0.289200	0.039480	0.005711	0.139495	0.253733	0.149262	0.066591	0.258812	0.285614	0.106031	1.752890
196.875000	128.682000	0.001693	0.069321	0.087937	0.013100	0.007233	0.000939	0.286859	0.058892	0.003043	0.097385	0.252840	0.169376	0.052213	0.258256	0.288408	0.127365	1.774860
202.500000	128.682000	0.000936	0.067850	0.094310	0.028126	0.006449	0.000901	0.281455	0.080393	0.002853	0.057930	0.254286	0.200648	0.051572	0.259227	0.294013	0.141912	1.822860
208.125000	128.682000	0.000217	0.068916	0.107462	0.030362	0.001810	0.000545	0.272795	0.112345	0.002143	0.026074	0.241938	0.234232	0.047879	0.269219	0.284358	0.163613	1.863910
213.750000	128.682000	0.000680	0.065568	0.115817	0.039275	0.006445	0.004087	0.264480	0.144461	0.002161	0.008325	0.263258	0.248164	0.049331	0.274601	0.296881	0.199713	1.983250
219.375000	128.682000	0.000600	0.067289	0.122195	0.048149	0.001045	0.000923	0.232476	0.173512	0.002162	0.004063	0.260937	0.262213	0.051768	0.267165	0.325417	0.227755	2.047670
225.000000	128.682000	0.000269	0.060010	0.112995	0.061549	0.001581	0.000423	0.213238	0.199591	0.003047	0.001953	0.277540	0.255122	0.049044	0.264709	0.312075	0.255705	2.068850
230.625000	128.682000	0.000424	0.044753	0.118658	0.066129	0.000706	0.001005	0.172487	0.232166	0.004455	0.003570	0.263394	0.259032	0.045541	0.231891	0.302155	0.277644	2.024010
236.250000	128.682000	0.000679	0.035838	0.113494	0.065964	0.003317	0.002635	0.143471	0.256051	0.010314	0.003252	0.255739	0.256145	0.044952	0.199455	0.309123	0.270753	1.971180
241.875000	128.682000	0.000966	0.031321	0.103921	0.067203	0.000559	0.002326	0.103757	0.274209	0.029768	0.002557	0.234693	0.246642	0.051486	0.158065	0.291644	0.263003	1.862120
247.500000	128.682000	0.001571	0.024247	0.099132	0.068034	0.000961	0.000912	0.085623	0.276387	0.064795	0.002467	0.199342	0.250557	0.052795	0.137494	0.284078	0.267248	1.815640
253.125000	128.682000	0.002643	0.012136	0.088395	0.073915	0.000804	0.001601	0.058015	0.293289	0.097740	0.002968	0.172315	0.253017	0.054505	0.124032	0.281636	0.259545	1.776560
258.750000	128.682000	0.002061	0.007762	0.083402	0.061888	0.003057	0.001359	0.039751	0.286310	0.144550	0.006638	0.146067	0.246662	0.062084	0.117341	0.272886	0.269771	1.751590
264.375000	128.682000	0.003095	0.003345	0.080857	0.067946	0.005563	0.001436	0.022295	0.290610	0.156184	0.010662	0.119233	0.254486	0.071749	0.101049	0.281522	0.269596	1.739630
270.000000	128.682000	0.002704	0.002422	0.072645	0.070783	0.015252	0.003626	0.011482	0.280873	0.136127	0.010568	0.131346	0.235914	0.077765	0.079273	0.285230	0.283204	1.699210
275.625000	128.682000	0.003816	0.003461	0.070329	0.080276	0.030427	0.000902	0.004133	0.286292	0.122545	0.010605	0.154646	0.242139	0.094796	0.064846	0.267212	0.280594	1.717020
281.250000	128.682000	0.006297	0.003072	0.064556	0.081221	0.047794	0.002497	0.001965	0.295648	0.141283	0.006262	0.143256	0.238529	0.106108	0.060975	0.271833	0.273793	1.745090
286.875000	128.682000	0.012232	0.002491	0.073251	0.087654	0.072713	0.004481	0.000499	0.287627	0.169065	0.003530	0.101571	0.244865	0.120051	0.058341	0.257809	0.271687	1.767860
292.500000	128.682000	0.025827	0.001707	0.070301	0.097594	0.109302	0.001935	0.001112	0.279501	0.200605	0.002386	0.062417	0.236257	0.142255	0.058818	0.263962	0.274413	1.828390
298.125000	128.682000	0.033493	0.000755	0.066546	0.110546	0.126040	0.002285	0.000414	0.273742	0.236646	0.003140	0.030072	0.256414	0.169334	0.048722	0.264051	0.294628	1.916830
303.750000	128.682000	0.037047	0.000585	0.065424	0.113628	0.161149	0.010640	0.003734	0.255574	0.250010	0.002526	0.009335	0.257532	0.197132	0.046365	0.268797	0.297316	1.976790
309.375000	128.682000	0.045110	0.000327	0.063201	0.119199	0.184152	0.001030	0.000418	0.239630	0.259967	0.003035	0.004205	0.259206	0.236123	0.048045	0.263821	0.315138	2.042610
315.000000	128.682000	0.057185	0.000372	0.056962	0.115367	0.207252	0.001509	0.000688	0.208988	0.259813	0.002394	0.003075	0.264535	0.265315	0.050447	0.258147	0.316283	2.068330
320.625000	128.682000	0.067057	0.000746	0.046591	0.110672	0.237640	0.001242	0.000648	0.191675	0.253781	0.004764	0.003839	0.263183	0.264705	0.045579	0.236484	0.307877	2.036480
326.250000	128.682000	0.064050	0.000719	0.037477	0.114199	0.247576	0.004379	0.002838	0.158985	0.249574	0.009720	0.004018	0.245401	0.273094	0.050375	0.200467	0.301088	1.963960
331.875000	128.682000	0.067833	0.000439	0.035303	0.110512	0.276889	0.000628	0.001662	0.131005	0.250611	0.026975	0.003132	0.238741	0.260434	0.052640	0.158953	0.293031	1.908790
337.500000	128.682000	0.066581	0.001911	0.026047	0.097981	0.275886	0.000526	0.001042	0.100403	0.248547	0.058001	0.003113	0.204468	0.261149	0.052744	0.139737	0.285593	1.823730
343.125000	128.682000	0.069968	0.001910	0.013027	0.088969	0.282164	0.000804	0.001885	0.075446	0.242322	0.095434	0.003230	0.172570	0.254393	0.054315	0.120305	0.277908	1.754650
348.750000	128.682000	0.066260	0.002175	0.007893	0.082758	0.290855	0.002556	0.001421	0.050096	0.246535	0.145348	0.005109	0.149952	0.263849	0.060148	0.112426	0.279644	1.767030
354.375000	128.682000	0.066672	0.003606	0.003497	0.083206	0.288854	0.005939	0.000901	0.027855	0.237723	0.155645	0.011287	0.132754	0.272273	0.070368	0.094259	0.280375	1.735210
2.812500	131.810000	0.064439	0.003500	0.003273	0.056162	0.259345	0.018108	0.002486	0.008044	0.243709	0.122945	0.019577	0.132803	0.270398	0.112744	0.106030	0.277341	1.700900
8.437500	131.810000	0.070135	0.002705	0.003994	0.054357	0.257222	0.029623	0.001230	0.002402	0.245680	0.142376	0.010575	0.145920	0.278111	0.127850	0.090714	0.277314	1.740210
14.062500	131.810000	0.077790	0.007317	0.001987	0.056439	0.265044	0.046284	0.001464	0.001047	0.244634	0.157733	0.005893	0.137356	0.279574	0.140951	0.079854	0.270122	1.773490
19.687500	131.810000	0.088759	0.018179	0.001613	0.061412	0.247844	0.067862	0.001037	0.001084	0.243191	0.177171	0.004529	0.111941	0.274894	0.144287	0.078896	0.255159	1.777860
25.312500	131.810000	0.093379	0.027550	0.001357	0.065753	0.240889	0.094240	0.001119	0.001288	0.252492	0.210699	0.003986	0.069668	0.289197	0.164439	0.074622	0.262346	1.853020
30.937500	131.810000	0.096565	0.030362	0.000154	0.066271	0.224523	0.122060	0.000973	0.001507	0.257151	0.246428	0.003853	0.035140	0.309157	0.218521	0.073807	0.269171	1.955640
36.562500	131.810000	0.106344	0.034257	0.000694	0.062468	0.204746	0.154432	0.001714	0.000532	0.247581	0.263646	0.004098	0.010963	0.298602	0.243820	0.069862	0.272134	1.975890
42.187500	131.810000	0.106470	0.046168	0.000429	0.055731	0.176257	0.164879	0.000703	0.000708	0.249915	0.265375	0.004624	0.006093	0.307826	0.265540	0.072921	0.266835	1.990470
47.812500	131.810000	0.108433	0.055998	0.000323	0.047539	0.165715	0.181417	0.000587	0.000816	0.262117	0.259057	0.006270	0.005533	0.298934	0.271265	0.069025	0.268634	2.001660
53.437500	131.810000	0.105391	0.064510	0.001232	0.038768	0.147982	0.209721	0.000732	0.001655	0.240414	0.247763	0.013614	0.003988	0.303192	0.274426	0.065706	0.251309	1.970410
59.062500	131.810000	0.096514	0.066629	0.000934	0.029906	0.125530	0.225213	0.001223	0.003638	0.232745	0.261680	0.033069	0.003956	0.297072	0.263874	0.069461	0.215458	1.926900
64.687500	131.810000	0.096629	0.063535	0.000944	0.029646	0.089987	0.242111	0.000890	0.001523	0.202615	0.249854	0.067993	0.003269	0.285271	0.264601	0.076927	0.165285	1.841080
70.312500	131.810000	0.084068	0.061421	0.001270	0.020038	0.067568	0.250695	0.001510	0.003037	0.175960	0.245455	0.108294	0.003912	0.279535	0.256536	0.074294	0.148219	1.781810
75.937500	131.810000	0.076736	0.052473	0.002817	0.008158	0.044443	0.253683	0.000658	0.003455	0.157668	0.252525	0.136514	0.007433	0.275302	0.265847	0.076511	0.138593	1.752820
81.562500	131.810000	0.068837	0.056850	0.004030	0.001445	0.028960	0.257139	0.001637	0.001481	0.135053	0.248327	0.152282	0.010705	0.275430	0.269130	0.090276	0.123482	1.725070
87.187500	131.810000	0.061280	0.061388	0.002730	0.002275	0.015679	0.259020	0.005237	0.001851	0.124120	0.249709	0.135414	0.015682	0.272314	0.275993	0.099126	0.110250	1.692060
92.812500	131.810000	0.059765	0.061443	0.002146	0.002571	0.008101	0.262035	0.014356	0.002747	0.130919	0.244790	0.126904	0.015215	0.280910	0.282991	0.115806	0.104834	1.715530
98.437500	131.810000	0.058354	0.065364	0.002608	0.002980	0.003640	0.260243	0.027944	0.001877	0.145068	0.244990	0.135997	0.010770	0.277068	0.284176	0.122922	0.093456	1.737460
104.062000	131.810000	0.054446	0.079587	0.007590	0.001786	0.001240	0.261604	0.039718	0.001768	0.143316	0.254712	0.160449	0.008311	0.269066	0.278976	0.136462	0.082983	1.782010
109.688000	131.810000	0.062944	0.082000	0.023234	0.001437	0.001109	0.255439	0.058790	0.001441	0.103046	0.248899	0.173487	0.004356	0.269215	0.278172	0.146840	0.078283	1.788690
115.312000	131.810000	0.063438	0.090984	0.027246	0.000596	0.001317	0.234993	0.080161	0.000965	0.067613	0.255861	0.220260	0.003097	0.262586	0.295472	0.167275	0.075358	1.847220
120.938000	131.810000	0.066574	0.099928	0.031641	0.000725	0.000776	0.220679	0.105355	0.001630	0.036562	0.255167	0.236835	0.003938	0.261532	0.295215	0.209995	0.071611	1.898160
126.562000	131.810000	0.062544	0.094609	0.035702	0.000916	0.000902	0.210319	0.136787	0.002515	0.013185	0.255617	0.251948	0.003784	0.272829	0.301762	0.247775	0.072146	1.963340
132.188000	131.810000	0.058804	0.103166	0.048731	0.000886	0.001058	0.176609	0.164243	0.000861	0.005026	0.259085	0.260104	0.005057	0.268663	0.302823	0.262007	0.068001	1.985120
137.812000	131.810000	0.046972	0.099415	0.059050	0.000464	0.000858	0.161293	0.177343	0.000216	0.004633	0.264156	0.271240	0.007065	0.266072	0.303933	0.275332	0.063615	2.001660
143.437000	131.810000	0.040250	0.103009	0.064695	0.000862	0.002167	0.131615	0.207850	0.000909	0.004219	0.252492	0.254010	0.014103	0.239749	0.309396	0.270294	0.066196	1.961810
149.062000	131.810000	0.033027	0.098971	0.066676	0.000786	0.006248	0.105727	0.223999	0.001027	0.003053	0.233971	0.253241	0.033783	0.205297	0.302318	0.273475	0.072935	1.914530
154.688000	131.810000	0.028299	0.089488	0.064328	0.001303	0.001383	0.076957	0.241060	0.000880	0.003470	0.213893	0.246991	0.073227	0.172558	0.296325	0.260141	0.075548	1.845850
160.312000	131.810000	0.019883	0.085311	0.060223	0.000950	0.001892	0.059699	0.254507	0.001117	0.003908	0.175230	0.248138	0.108052	0.146368	0.284563	0.267454	0.080694	1.797990
165.938000	131.810000	0.009461	0.070765	0.053711	0.001734	0.002058	0.040222	0.262078	0.000484	0.006022	0.159142	0.260229	0.138117	0.139059	0.279443	0.264883	0.085289	1.772690
171.562000	131.810000	0.002271	0.068153	0.053997	0.003677	0.001277	0.026335	0.265707	0.002014	0.013554	0.145143	0.250235	0.146808	0.128940	0.275745	0.265654	0.095557	1.745070
177.188000	131.810000	0.002452	0.061300	0.052417	0.001966	0.002419	0.015157	0.256095	0.007806	0.018159	0.123728	0.245457	0.137840	0.114509	0.280679	0.270321	0.106067	1.696370
182.812000	131.810000	0.003453	0.052117	0.061925	0.002151	0.002302	0.006713	0.258771	0.013087	0.014268	0.134038	0.244706	0.123416	0.111380	0.274848	0.281630	0.110368	1.695170
188.438000	131.810000	0.003675	0.052269	0.075203	0.001924	0.001423	0.002174	0.263554	0.026216	0.010588	0.146017	0.243596	0.136721	0.096638	0.277744	0.268090	0.124541	1.730370
194.062000	131.810000	0.002425	0.054453	0.070276	0.008865	0.002710	0.000482	0.263050	0.042429	0.005768	0.142080	0.248708	0.148895	0.081515	0.267611	0.271322	0.132437	1.743020
199.687000	131.810000	0.001556	0.061857	0.086635	0.020395	0.001649	0.001043	0.254103	0.055802	0.003694	0.105081	0.257085	0.180343	0.075620	0.268839	0.279085	0.150237	1.803020
205.312000	131.810000	0.000622	0.064838	0.091579	0.027760	0.001361	0.000875	0.238944	0.077773	0.003804	0.069668	0.240007	0.218064	0.077849	0.273589	0.287450	0.167910	1.842090
210.938000	131.810000	0.000990	0.066069	0.105681	0.027810	0.004095	0.001231	0.220419	0.103956	0.003450	0.034610	0.261453	0.229636	0.073459	0.273040	0.309365	0.211805	1.927070
216.562000	131.810000	0.000661	0.061356	0.103321	0.037269	0.002320	0.000929	0.211016	0.132297	0.003684	0.012424	0.258313	0.246591	0.074566	0.274172	0.312759	0.247171	1.978850
222.188000	131.810000	0.000379	0.055138	0.103290	0.048484	0.001465	0.000159	0.179790	0.157011	0.004642	0.005675	0.254397	0.274139	0.070034	0.277207	0.304758	0.271953	2.008520
227.812000	131.810000	0.000230	0.046216	0.106692	0.060461	0.001234	0.000758	0.164571	0.171229	0.005920	0.004187	0.269556	0.258888	0.067524	0.259592	0.298897	0.272455	1.988410
233.438000	131.810000	0.000432	0.036800	0.100983	0.063903	0.000927	0.001339	0.141494	0.201716	0.013386	0.003915	0.251414	0.259753	0.068892	0.241246	0.300718	0.264440	1.951360
239.062000	131.810000	0.000379	0.032680	0.094879	0.066302	0.001333	0.001401	0.106073	0.221258	0.035623	0.002940	0.242448	0.256716	0.069577	0.212796	0.315787	0.260905	1.921100
244.687000	131.810000	0.000755	0.028128	0.094395	0.065012	0.001271	0.001874	0.077638	0.243922	0.067752	0.002821	0.206484	0.244135	0.075178	0.168140	0.291569	0.261325	1.830400
250.312000	131.810000	0.000902	0.021212	0.082643	0.058478	0.001163	0.001793	0.059646	0.253305	0.110940	0.003021	0.179137	0.251915	0.072121	0.154637	0.280537	0.262294	1.793740
255.937000	131.810000	0.002763	0.008214	0.073286	0.056863	0.000452	0.001408	0.043884	0.252295	0.135777	0.007255	0.158359	0.250762	0.083998	0.140622	0.269668	0.260624	1.746230
261.562000	131.810000	0.002816	0.003126	0.071443	0.052942	0.002906	0.001700	0.029061	0.259545	0.138549	0.012316	0.140076	0.246825	0.089920	0.125434	0.272442	0.273827	1.722930
267.188000	131.810000	0.002718	0.003078	0.060616	0.056191	0.007256	0.003410	0.016274	0.266456	0.132944	0.014042	0.129180	0.245632	0.105709	0.109344	0.287571	0.275469	1.715890
272.812000	131.810000	0.002560	0.002159	0.058209	0.063172	0.015627	0.002388	0.006568	0.253180	0.128437	0.015453	0.133170	0.244157	0.114539	0.108205	0.277873	0.279034	1.704730
278.438000	131.810000	0.003070	0.004102	0.050601	0.069980	0.028605	0.001592	0.001207	0.259563	0.143251	0.011801	0.147878	0.252345	0.130411	0.094689	0.270697	0.273301	1.743090
284.062000	131.810000	0.008801	0.002452	0.054402	0.075087	0.048632	0.002251	0.000678	0.263242	0.154691	0.008226	0.141807	0.242318	0.134639	0.085691	0.267154	0.274857	1.764930
289.688000	131.810000	0.021943	0.001345	0.062701	0.082874	0.073802	0.001745	0.000805	0.258103	0.174653	0.003768	0.106754	0.246925	0.153159	0.079790	0.261660	0.280145	1.810170
295.312000	131.810000	0.028917	0.001033	0.062150	0.092301	0.097168	0.002067	0.000986	0.237668	0.205030	0.003208	0.068867	0.253119	0.171702	0.069968	0.260470	0.280054	1.834710
300.938000	131.810000	0.036081	0.001285	0.065643	0.095971	0.125859	0.008243	0.001405	0.227841	0.240489	0.002609	0.035125	0.257276	0.212254	0.067982	0.264785	0.310698	1.953550
306.562000	131.810000	0.036380	0.000520	0.065258	0.101212	0.141566	0.001511	0.000308	0.211032	0.251248	0.003892	0.014452	0.246532	0.241861	0.069977	0.279263	0.304130	1.969140
312.187000	131.810000	0.042019	0.000453	0.057120	0.103608	0.170850	0.001158	0.000717	0.182271	0.262268	0.005571	0.006071	0.260807	0.268525	0.070997	0.273795	0.300273	2.006500
317.812000	131.810000	0.061958	0.000658	0.044263	0.102697	0.191106	0.001149	0.000343	0.163790	0.256533	0.005156	0.005801	0.270703	0.274309	0.069123	0.262833	0.310172	2.020590
323.438000	131.810000	0.065676	0.000445	0.036822	0.105790	0.214494	0.000813	0.001870	0.146253	0.255505	0.015134	0.004147	0.250411	0.266521	0.073497	0.244823	0.301591	1.983790
329.062000	131.810000	0.067417	0.000242	0.028630	0.098893	0.223357	0.001292	0.000743	0.121977	0.257260	0.035072	0.004048	0.225837	0.266145	0.068333	0.200641	0.301935	1.901820
334.688000	131.810000	0.064960	0.001103	0.029794	0.092725	0.239382	0.001222	0.001177	0.097664	0.241772	0.067407	0.003636	0.208843	0.258880	0.075752	0.169200	0.285328	1.838840
340.312000	131.810000	0.059922	0.001569	0.019463	0.080835	0.248590	0.001123	0.001079	0.067888	0.244714	0.112753	0.004196	0.178986	0.275752	0.077733	0.154310	0.289553	1.818470
345.938000	131.810000	0.054506	0.002640	0.006874	0.074129	0.265494	0.000675	0.001696	0.048869	0.241661	0.141289	0.006386	0.151088	0.262854	0.082323	0.137030	0.276226	1.753740
351.562000	131.810000	0.057575	0.004074	0.001947	0.070591	0.261829	0.002612	0.001369	0.032420	0.238051	0.148705	0.011324	0.133545	0.266266	0.090813	0.123810	0.284825	1.729760
357.187000	131.810000	0.055502	0.003603	0.002599	0.060566	0.258378	0.009330	0.003149	0.020426	0.249694	0.130910	0.015645	0.124651	0.269898	0.105341	0.113108	0.280020	1.702820
3.000000	134.994000	0.048690	0.001324	0.003171	0.051167	0.224281	0.014653	0.002355	0.003951	0.250331	0.134342	0.019068	0.122852	0.271732	0.138135	0.135367	0.276758	1.698180
9.000000	134.994000	0.047225	0.001313	0.004283	0.049057	0.218618	0.024609	0.001431	0.001561	0.246182	0.144256	0.017133	0.124654	0.268945	0.144519	0.116895	0.280499	1.691180
15.000000	134.994000	0.050637	0.006293	0.004278	0.049250	0.218156	0.041107	0.001822	0.001288	0.243771	0.155928	0.011706	0.131477	0.274910	0.159523	0.116811	0.263097	1.730050
21.000000	134.994000	0.067169	0.023485	0.001036	0.054987	0.207380	0.056259	0.001979	0.001332	0.244481	0.185921	0.007030	0.114583	0.281197	0.183365	0.103993	0.263640	1.797840
27.000000	134.994000	0.080951	0.027275	0.000631	0.058090	0.191518	0.081040	0.001382	0.001340	0.252969	0.202487	0.005111	0.085796	0.302370	0.214637	0.103744	0.268833	1.878170
33.000000	134.994000	0.101888	0.031136	0.000790	0.054308	0.187406	0.110672	0.003148	0.005742	0.259861	0.238578	0.003906	0.046795	0.300614	0.252294	0.095540	0.265427	1.958100
39.000000	134.994000	0.099083	0.032927	0.000587	0.053082	0.178682	0.136330	0.001169	0.000968	0.248997	0.249495	0.006671	0.021741	0.295807	0.276171	0.092062	0.270734	1.964510
45.000000	134.994000	0.103215	0.042614	0.000389	0.041833	0.154776	0.158854	0.001618	0.001765	0.271867	0.269515	0.008638	0.009409	0.286621	0.285460	0.096817	0.276577	2.009970
51.000000	134.994000	0.104798	0.056398	0.000735	0.032048	0.133818	0.172519	0.001220	0.001302	0.259036	0.252417	0.022153	0.004921	0.294685	0.272534	0.099044	0.273005	1.980630
57.000000	134.994000	0.096933	0.062037	0.000800	0.030622	0.107205	0.185687	0.006304	0.005466	0.234472	0.253088	0.048896	0.004709	0.286091	0.272316	0.099458	0.239988	1.934070
63.000000	134.994000	0.082550	0.059850	0.001115	0.027382	0.081566	0.192519	0.000955	0.002361	0.205587	0.242613	0.082104	0.004698	0.292288	0.267476	0.100511	0.208868	1.852440
69.000000	134.994000	0.067390	0.054604	0.000617	0.024088	0.056036	0.208577	0.001056	0.001897	0.172460	0.253611	0.120328	0.006916	0.283311	0.274753	0.103777	0.171728	1.801150
75.000000	134.994000	0.055975	0.048366	0.003998	0.007289	0.040983	0.220152	0.000847	0.001673	0.152074	0.244886	0.133916	0.010718	0.273622	0.277172	0.114217	0.157439	1.743330
81.000000	134.994000	0.050706	0.048879	0.005105	0.001602	0.025732	0.218236	0.001287	0.002317	0.140810	0.243825	0.133008	0.013387	0.264898	0.270572	0.120500	0.146857	1.687720
87.000000	134.994000	0.050501	0.047162	0.001885	0.002256	0.014293	0.228662	0.005036	0.002411	0.129858	0.245017	0.122518	0.019058	0.274177	0.267064	0.129088	0.139713	1.678700
93.000000	134.994000	0.051291	0.044576	0.002101	0.002270	0.007270	0.227844	0.013306	0.002842	0.119754	0.251859	0.127835	0.018726	0.283351	0.282274	0.132639	0.127340	1.695280
99.000000	134.994000	0.044776	0.049765	0.001645	0.004872	0.001671	0.223560	0.025451	0.001760	0.128283	0.248641	0.146991	0.014404	0.276226	0.271135	0.144233	0.123726	1.707140
105.000000	134.994000	0.046670	0.049970	0.007803	0.003517	0.001025	0.215102	0.039360	0.001513	0.136186	0.249601	0.160818	0.011916	0.269206	0.268716	0.158106	0.113386	1.732890
111.000000	134.994000	0.050729	0.067408	0.022069	0.000898	0.002236	0.209921	0.053559	0.002529	0.113958	0.247288	0.187131	0.007907	0.260209	0.281706	0.171036	0.106710	1.785300
117.000000	134.994000	0.061106	0.084547	0.031039	0.000619	0.001180	0.191752	0.073596	0.002148	0.084649	0.247948	0.211068	0.005644	0.274650	0.295597	0.203269	0.095945	1.864760
123.000000	134.994000	0.060428	0.094919	0.031565	0.000527	0.007159	0.184000	0.091160	0.005105	0.046624	0.255474	0.232976	0.004325	0.259565	0.301173	0.248289	0.100629	1.923920
129.000000	134.994000	0.053814	0.103851	0.032648	0.000137	0.000867	0.170629	0.115639	0.001045	0.019412	0.256087	0.260985	0.005877	0.274175	0.292412	0.273166	0.101643	1.962390
135.000000	134.994000	0.038644	0.108257	0.039646	0.000720	0.002025	0.147424	0.156667	0.001253	0.008278	0.263680	0.272867	0.008917	0.274414	0.286210	0.286126	0.102977	1.998100
141.000000	134.994000	0.034653	0.108864	0.056365	0.001029	0.001196	0.113649	0.163056	0.000768	0.006142	0.252221	0.261825	0.021195	0.268759	0.294504	0.265087	0.097489	1.946800
147.000000	134.994000	0.028395	0.100366	0.058198	0.000720	0.008524	0.095810	0.192612	0.004788	0.005377	0.237463	0.261577	0.047529	0.255860	0.289147	0.278498	0.097841	1.962700
153.000000	134.994000	0.032711	0.080641	0.062167	0.001834	0.001470	0.066736	0.200664	0.000954	0.004340	0.205955	0.243941	0.085679	0.213788	0.291413	0.258076	0.102747	1.853120
159.000000	134.994000	0.022514	0.070147	0.055061	0.001641	0.001970	0.052798	0.204216	0.001138	0.007854	0.177587	0.245917	0.121486	0.181790	0.279427	0.262663	0.103289	1.789500
165.000000	134.994000	0.006691	0.049582	0.048423	0.004490	0.001584	0.040795	0.206278	0.000926	0.011587	0.153360	0.246018	0.133755	0.162188	0.281057	0.276772	0.111203	1.734710
171.000000	134.994000	0.002064	0.050556	0.044347	0.004950	0.001954	0.024096	0.216535	0.001509	0.016092	0.142384	0.239775	0.131988	0.147082	0.272532	0.275559	0.113645	1.685070
177.000000	134.994000	0.002360	0.047043	0.045618	0.003218	0.003726	0.013285	0.233828	0.005403	0.019723	0.125252	0.247698	0.122315	0.145531	0.285744	0.292557	0.130448	1.723750
183.000000	134.994000	0.001678	0.048134	0.049207	0.001683	0.002834	0.004494	0.231759	0.011582	0.017769	0.119667	0.245157	0.125928	0.134506	0.274960	0.271978	0.136597	1.677930
189.000000	134.994000	0.004138	0.045177	0.048433	0.001084	0.002047	0.000853	0.211871	0.026818	0.015045	0.123989	0.242546	0.139015	0.118519	0.276431	0.265634	0.148429	1.670030
195.000000	134.994000	0.004964	0.044745	0.056705	0.006901	0.002821	0.001032	0.218167	0.036912	0.013247	0.140808	0.238311	0.152486	0.112027	0.275548	0.281960	0.162855	1.749490
201.000000	134.994000	0.001161	0.048546	0.066312	0.020883	0.002040	0.001690	0.204273	0.055335	0.007105	0.117275	0.245502	0.185204	0.101737	0.266583	0.287267	0.181095	1.792010
207.000000	134.994000	0.001331	0.062265	0.080762	0.027943	0.001281	0.000933	0.188591	0.070777	0.005115	0.084337	0.246202	0.204028	0.100660	0.267341	0.296770	0.210985	1.849320
213.000000	134.994000	0.000893	0.059005	0.094157	0.029968	0.005787	0.006097	0.189440	0.091620	0.005188	0.042497	0.267575	0.231745	0.098136	0.270697	0.293390	0.239312	1.925510
219.000000	134.994000	0.000442	0.051839	0.106740	0.035100	0.001140	0.000764	0.172839	0.118367	0.004349	0.021934	0.261212	0.270573	0.098773	0.271841	0.289175	0.258114	1.963200
225.000000	134.994000	0.000665	0.044897	0.110121	0.043767	0.002087	0.001095	0.149915	0.153050	0.009405	0.009266	0.269668	0.253894	0.103055	0.272873	0.288365	0.275092	1.987220
231.000000	134.994000	0.000251	0.032498	0.101310	0.055092	0.001435	0.001014	0.113226	0.166850	0.020224	0.006125	0.262924	0.258803	0.094071	0.265318	0.293816	0.278624	1.951580
237.000000	134.994000	0.001082	0.031474	0.093978	0.061277	0.006423	0.003366	0.090434	0.182219	0.046862	0.004921	0.245304	0.260623	0.096653	0.241473	0.295075	0.268205	1.929370
243.000000	134.994000	0.000408	0.030745	0.083390	0.059084	0.001380	0.001609	0.070362	0.199901	0.084034	0.004731	0.199762	0.254130	0.104824	0.213780	0.285807	0.262218	1.856170
249.000000	134.994000	0.001161	0.024493	0.069680	0.052288	0.001222	0.000949	0.058239	0.198911	0.115039	0.006250	0.179478	0.241018	0.106303	0.181751	0.289482	0.258783	1.785050
255.000000	134.994000	0.003803	0.006365	0.049705	0.047963	0.001678	0.001864	0.037599	0.204997	0.133077	0.011773	0.161989	0.251310	0.109449	0.164571	0.276095	0.264691	1.726930
261.000000	134.994000	0.003950	0.001292	0.051140	0.044800	0.002215	0.001682	0.026340	0.218566	0.121736	0.014179	0.137885	0.246735	0.119458	0.150289	0.271807	0.273291	1.685360
267.000000	134.994000	0.002257	0.002152	0.050490	0.050074	0.005928	0.002758	0.011328	0.240986	0.119426	0.017981	0.132431	0.243126	0.125629	0.138143	0.274561	0.269606	1.686880
273.000000	134.994000	0.003438	0.002324	0.046114	0.049186	0.014158	0.003029	0.005072	0.228996	0.131101	0.017050	0.115584	0.244253	0.135967	0.127422	0.276862	0.272864	1.673420
279.000000	134.994000	0.001630	0.003745	0.044739	0.048129	0.023840	0.001539	0.000577	0.220745	0.137360	0.015863	0.124296	0.250304	0.154106	0.125174	0.268716	0.271627	1.692390
285.000000	134.994000	0.006975	0.004434	0.047059	0.056437	0.039222	0.001335	0.001220	0.209240	0.151947	0.010149	0.128729	0.234515	0.161653	0.107592	0.273431	0.272989	1.706930
291.000000	134.994000	0.024073	0.001050	0.052763	0.069679	0.057220	0.001498	0.001005	0.207165	0.178323	0.005779	0.116511	0.247239	0.179948	0.101656	0.268532	0.284485	1.796930
297.000000	134.994000	0.028800	0.001798	0.058841	0.085302	0.081637	0.001935	0.001181	0.196347	0.208115	0.004623	0.081825	0.246679	0.203280	0.098964	0.267569	0.300281	1.867180
303.000000	134.994000	0.029931	0.001251	0.057699	0.100436	0.112574	0.009809	0.007005	0.187153	0.235928	0.004850	0.043963	0.255893	0.237939	0.093718	0.270990	0.287620	1.936760
309.000000	134.994000	0.034586	0.000849	0.054444	0.099626	0.143026	0.000886	0.001093	0.171787	0.260420	0.006280	0.020270	0.255781	0.268622	0.095658	0.274313	0.298485	1.986130
315.000000	134.994000	0.043698	0.000605	0.043496	0.106577	0.152390	0.001771	0.001251	0.157425	0.265469	0.008941	0.010544	0.276291	0.274782	0.093012	0.271792	0.283723	1.991770
321.000000	134.994000	0.052569	0.000606	0.031678	0.109298	0.172925	0.001233	0.000791	0.135411	0.255928	0.021457	0.005983	0.263556	0.274709	0.096243	0.270870	0.295094	1.988350
327.000000	134.994000	0.057710	0.000445	0.028269	0.092780	0.190384	0.005282	0.003813	0.107781	0.251273	0.045426	0.005303	0.233466	0.261089	0.103641	0.252174	0.298113	1.936950
333.000000	134.994000	0.059432	0.000593	0.027680	0.082329	0.197656	0.001074	0.001282	0.079434	0.248089	0.081525	0.004083	0.205352	0.260697	0.100689	0.211283	0.293559	1.854760
339.000000	134.994000	0.054010	0.001563	0.022595	0.067997	0.212347	0.001135	0.001808	0.062324	0.248147	0.111855	0.007206	0.178832	0.272612	0.107799	0.186407	0.274658	1.811300
345.000000	134.994000	0.046805	0.005093	0.006274	0.055905	0.217461	0.001284	0.001157	0.038956	0.241700	0.132101	0.011070	0.155728	0.269552	0.110495	0.160470	0.280886	1.734940
351.000000	134.994000	0.048074	0.004024	0.001739	0.050543	0.213696	0.001672	0.001542	0.022536	0.242335	0.127726	0.016993	0.144040	0.268928	0.112873	0.142060	0.270393	1.669180
357.000000	134.994000	0.046735	0.002396	0.003732	0.049508	0.235498	0.007115	0.002244	0.012671	0.246190	0.124948	0.016557	0.126588	0.274693	0.129451	0.133646	0.270367	1.682340
3.214290	138.141000	0.039176	0.001173	0.002055	0.038344	0.195838	0.013309	0.001748	0.003696	0.244166	0.125065	0.019456	0.116713	0.276941	0.164318	0.143022	0.272651	1.657670
9.642860	138.141000	0.042633	0.001362	0.004786	0.040905	0.197305	0.024680	0.001628	0.001475	0.239667	0.148333	0.016622	0.115781	0.280564	0.170872	0.146410	0.276627	1.709650
16.071400	138.141000	0.040196	0.006672	0.003409	0.038145	0.196543	0.040810	0.001397	0.000512	0.249633	0.156442	0.017288	0.118853	0.267202	0.196472	0.139827	0.269696	1.743100
22.500000	138.141000	0.041222	0.021689	0.000713	0.044810	0.192192	0.047668	0.001213	0.001211	0.248871	0.176608	0.013567	0.117840	0.295954	0.215170	0.128796	0.269691	1.817210
28.928600	138.141000	0.047627	0.028957	0.000429	0.050911	0.185127	0.067356	0.001633	0.002119	0.256902	0.210205	0.013290	0.096878	0.290786	0.246876	0.128261	0.272001	1.899360
35.357100	138.141000	0.047719	0.028388	0.000770	0.045974	0.164489	0.088598	0.003115	0.005169	0.260721	0.239691	0.010973	0.055526	0.275371	0.270648	0.129890	0.272479	1.899520
41.785700	138.141000	0.045369	0.028010	0.000513	0.035720	0.138284	0.114787	0.000996	0.002436	0.270633	0.255897	0.013720	0.024429	0.281031	0.275691	0.122087	0.281163	1.890770
48.214300	138.141000	0.050300	0.035194	0.000133	0.027378	0.115224	0.140185	0.001767	0.001715	0.263099	0.271101	0.025707	0.014166	0.283394	0.278815	0.126281	0.272828	1.907290
54.642900	138.141000	0.048206	0.046852	0.000500	0.029610	0.089427	0.166923	0.005078	0.003702	0.233496	0.264303	0.057021	0.011364	0.294401	0.270570	0.122448	0.272751	1.916650
61.071400	138.141000	0.045468	0.049088	0.000752	0.032744	0.066787	0.172536	0.001258	0.002957	0.208256	0.255480	0.094647	0.012673	0.284792	0.262824	0.131738	0.241941	1.863940
67.500000	138.141000	0.045532	0.046745	0.000887	0.023674	0.047622	0.195447	0.000807	0.001265	0.175952	0.246013	0.114104	0.016800	0.286997	0.260654	0.134261	0.220733	1.817490
73.928600	138.141000	0.039414	0.039627	0.003711	0.006664	0.037949	0.203801	0.001007	0.001726	0.154281	0.248949	0.115066	0.015773	0.268923	0.266905	0.135937	0.187129	1.726860
80.357100	138.141000	0.043912	0.039603	0.003235	0.001804	0.021085	0.197708	0.000808	0.001594	0.147949	0.249015	0.114847	0.017579	0.274820	0.264921	0.148316	0.173903	1.701100
86.785700	138.141000	0.041736	0.035868	0.002186	0.001847	0.013572	0.202393	0.003669	0.002566	0.131757	0.247493	0.114226	0.020223	0.275067	0.282920	0.148383	0.157796	1.681700
93.214300	138.141000	0.041274	0.038360	0.001173	0.001879	0.005332	0.201036	0.011523	0.003110	0.114330	0.248510	0.127562	0.020091	0.276304	0.271051	0.162443	0.155469	1.679450
99.642900	138.141000	0.034956	0.040869	0.001593	0.003872	0.000929	0.194931	0.022852	0.002715	0.118758	0.245092	0.149806	0.020385	0.274631	0.264508	0.178362	0.143822	1.698080
106.071000	138.141000	0.042407	0.039207	0.006082	0.004246	0.001053	0.193142	0.040992	0.001650	0.118310	0.243257	0.153764	0.016369	0.268973	0.273314	0.185699	0.145241	1.733710
112.500000	138.141000	0.049272	0.045649	0.023240	0.000699	0.000848	0.192400	0.052341	0.001950	0.117237	0.246081	0.177177	0.015458	0.277867	0.284302	0.209845	0.131590	1.825950
118.929000	138.141000	0.051783	0.046949	0.027478	0.000975	0.001787	0.176585	0.068749	0.001475	0.087058	0.259569	0.203977	0.013994	0.274100	0.291042	0.241974	0.131507	1.879000
125.357000	138.141000	0.042882	0.049175	0.030821	0.001218	0.005228	0.154588	0.083512	0.003508	0.048633	0.252558	0.236655	0.011471	0.275053	0.280285	0.273290	0.131128	1.880000
131.786000	138.141000	0.034989	0.047499	0.026665	0.000957	0.002345	0.132317	0.106612	0.000760	0.026898	0.263076	0.248747	0.012749	0.276331	0.271063	0.280297	0.124260	1.855560
138.214000	138.141000	0.027520	0.050249	0.037482	0.000635	0.001680	0.103676	0.131935	0.002823	0.012833	0.256735	0.266135	0.026434	0.282625	0.282751	0.280238	0.127998	1.891750
144.643000	138.141000	0.030838	0.050523	0.045142	0.001030	0.003663	0.083113	0.159816	0.005942	0.011827	0.239843	0.263055	0.052630	0.268709	0.289413	0.269721	0.127440	1.902710
151.071000	138.141000	0.028177	0.044242	0.050128	0.001983	0.002618	0.064496	0.172044	0.001756	0.011810	0.202353	0.253667	0.096343	0.245151	0.288250	0.269227	0.132690	1.864940
157.500000	138.141000	0.023488	0.037913	0.046813	0.000754	0.002379	0.047820	0.187743	0.001069	0.015932	0.176104	0.245505	0.119754	0.222203	0.297525	0.263511	0.126348	1.814860
163.929000	138.141000	0.007467	0.038437	0.041667	0.004839	0.002223	0.036069	0.196695	0.001107	0.015174	0.153146	0.242739	0.121971	0.183401	0.281580	0.276958	0.139840	1.743310
170.357000	138.141000	0.001857	0.041632	0.036196	0.003559	0.002303	0.019123	0.199594	0.000719	0.020673	0.143397	0.242052	0.110714	0.168932	0.264526	0.265876	0.142771	1.663920
176.786000	138.141000	0.001692	0.041922	0.034555	0.002481	0.002255	0.011895	0.195232	0.003474	0.019553	0.134137	0.264016	0.114616	0.158472	0.265849	0.283921	0.148953	1.683020
183.214000	138.141000	0.001559	0.036957	0.038136	0.001305	0.001733	0.006148	0.203298	0.010986	0.018825	0.116422	0.248143	0.138684	0.150686	0.273441	0.261438	0.156956	1.664720
189.643000	138.141000	0.004053	0.037931	0.038052	0.004021	0.001490	0.000743	0.192746	0.021026	0.019787	0.110833	0.245055	0.144961	0.140556	0.274823	0.266712	0.177922	1.680710
196.071000	138.141000	0.003686	0.040256	0.040016	0.006222	0.002600	0.001066	0.200584	0.035883	0.017517	0.113768	0.249256	0.152040	0.138815	0.276719	0.275818	0.184262	1.738510
202.500000	138.141000	0.001329	0.045636	0.042370	0.022186	0.002465	0.001236	0.189613	0.050740	0.016508	0.109803	0.251316	0.180576	0.132356	0.261690	0.286411	0.219383	1.813620
208.929000	138.141000	0.000919	0.051872	0.045125	0.028445	0.001934	0.001874	0.176797	0.062974	0.011729	0.089416	0.248297	0.203133	0.130543	0.270205	0.288129	0.240561	1.851950
215.357000	138.141000	0.000995	0.046940	0.049966	0.031246	0.003984	0.004956	0.152783	0.082410	0.012704	0.049990	0.264730	0.239486	0.131326	0.271780	0.272077	0.271220	1.886590
221.786000	138.141000	0.000464	0.037737	0.052053	0.028169	0.001465	0.002008	0.124341	0.108134	0.013845	0.026070	0.267005	0.260119	0.123525	0.281381	0.268105	0.281868	1.876290
228.214000	138.141000	0.000435	0.028186	0.042014	0.032548	0.003168	0.000962	0.109969	0.129857	0.024855	0.014336	0.256089	0.261285	0.126746	0.290350	0.287951	0.287414	1.896170
234.643000	138.141000	0.000630	0.031057	0.045900	0.047120	0.005595	0.002735	0.085291	0.161356	0.057032	0.011158	0.240459	0.250034	0.129956	0.278080	0.293541	0.271619	1.911560
241.071000	138.141000	0.001030	0.030281	0.043709	0.049054	0.001378	0.001153	0.066223	0.177202	0.087305	0.015279	0.208902	0.247685	0.128792	0.247835	0.293563	0.264919	1.864310
247.500000	138.141000	0.001004	0.021402	0.041191	0.045531	0.000712	0.001664	0.049509	0.192956	0.115323	0.013831	0.173062	0.254714	0.134542	0.218570	0.291053	0.256410	1.811470
253.929000	138.141000	0.004121	0.005308	0.040776	0.040649	0.000720	0.000847	0.034366	0.195938	0.120520	0.016190	0.158524	0.244320	0.139969	0.189344	0.279478	0.269246	1.740320
260.357000	138.141000	0.004400	0.001935	0.041499	0.038758	0.001040	0.001326	0.022228	0.201599	0.104241	0.017943	0.145361	0.256351	0.148172	0.172982	0.265046	0.266445	1.689320
266.786000	138.141000	0.001877	0.001819	0.040446	0.036124	0.004645	0.002527	0.010378	0.197190	0.110103	0.017829	0.126758	0.248592	0.150231	0.163936	0.273480	0.269976	1.655910
273.214000	138.141000	0.000967	0.002249	0.037416	0.039810	0.011850	0.003205	0.003973	0.200229	0.136700	0.015429	0.115357	0.249078	0.158648	0.149648	0.267976	0.267672	1.660200
279.643000	138.141000	0.002307	0.003252	0.036331	0.044791	0.020903	0.001758	0.001037	0.204232	0.141264	0.018055	0.106170	0.250144	0.176321	0.138596	0.276449	0.265681	1.687290
286.071000	138.141000	0.007021	0.006027	0.038468	0.039958	0.036936	0.001587	0.000997	0.195263	0.153756	0.015667	0.122681	0.253293	0.192381	0.136464	0.275646	0.275472	1.751620
292.500000	138.141000	0.022067	0.000777	0.045379	0.042360	0.057691	0.001589	0.000487	0.190810	0.176840	0.015168	0.115875	0.257408	0.213131	0.126738	0.269111	0.289823	1.825250
298.929000	138.141000	0.029088	0.001415	0.051496	0.046150	0.074258	0.003516	0.002533	0.184314	0.205318	0.012922	0.091309	0.256929	0.254151	0.134023	0.277714	0.291141	1.916280
305.357000	138.141000	0.031396	0.000645	0.044623	0.047859	0.094501	0.004708	0.004275	0.164683	0.233413	0.012487	0.052323	0.262454	0.276097	0.125822	0.277036	0.277033	1.909350
311.786000	138.141000	0.030314	0.000823	0.032229	0.050507	0.114813	0.001399	0.003357	0.142455	0.259712	0.014465	0.024882	0.265995	0.276043	0.127897	0.279167	0.278244	1.902300
318.214000	138.141000	0.036272	0.000995	0.027644	0.047925	0.143312	0.004140	0.001290	0.121609	0.273167	0.027617	0.014885	0.267749	0.274909	0.124966	0.279156	0.279081	1.924720
324.643000	138.141000	0.044379	0.001355	0.027373	0.048348	0.163473	0.005234	0.003541	0.091720	0.256916	0.051875	0.012957	0.231967	0.268707	0.127759	0.272945	0.287087	1.895640
331.071000	138.141000	0.050119	0.000975	0.029374	0.049365	0.181193	0.001826	0.001340	0.066480	0.253058	0.093823	0.015307	0.202745	0.272173	0.133044	0.255938	0.286404	1.893160
337.500000	138.141000	0.049404	0.000754	0.021640	0.042629	0.192928	0.000931	0.001426	0.054120	0.248659	0.118158	0.015643	0.179844	0.267479	0.130109	0.218754	0.284174	1.826650
343.929000	138.141000	0.044052	0.003844	0.007594	0.038317	0.194712	0.001531	0.000985	0.039073	0.249521	0.123335	0.015904	0.153064	0.268681	0.140808	0.191254	0.274730	1.747410
350.357000	138.141000	0.037004	0.003538	0.001518	0.041349	0.192643	0.001884	0.001905	0.024116	0.240289	0.112950	0.021301	0.140842	0.273830	0.143781	0.177121	0.264600	1.678670
356.786000	138.141000	0.038363	0.002228	0.000720	0.040579	0.199743	0.004441	0.002968	0.011462	0.249556	0.109224	0.018480	0.137554	0.272384	0.146507	0.161189	0.266938	1.662340
3.461540	141.256000	0.027624	0.001186	0.001502	0.028427	0.159134	0.011340	0.002624	0.003357	0.249312	0.129948	0.018850	0.111837	0.259451	0.193870	0.183968	0.266032	1.648460
10.384600	141.256000	0.028410	0.001255	0.002136	0.034306	0.148249	0.020740	0.001522	0.001217	0.248198	0.157480	0.017836	0.101033	0.267252	0.201352	0.162843	0.266668	1.660490
17.307700	141.256000	0.030317	0.006827	0.003181	0.032733	0.144053	0.033360	0.001656	0.000581	0.255611	0.149569	0.018848	0.103598	0.275803	0.217009	0.166163	0.264007	1.703310
24.230800	141.256000	0.037132	0.018831	0.001133	0.034470	0.141063	0.049931	0.001221	0.001540	0.257039	0.183463	0.014554	0.116779	0.286988	0.251516	0.157092	0.269350	1.822100
31.153800	141.256000	0.046246	0.027283	0.000571	0.031560	0.129407	0.063052	0.002424	0.004051	0.270636	0.203165	0.012127	0.088925	0.274961	0.275739	0.157861	0.272198	1.860210
38.076900	141.256000	0.051572	0.027133	0.000486	0.029806	0.118503	0.075378	0.005527	0.002592	0.263401	0.244145	0.014719	0.062170	0.264014	0.282164	0.156712	0.281972	1.880300
45.000000	141.256000	0.057510	0.027259	0.000269	0.028905	0.097068	0.096799	0.012740	0.014849	0.267942	0.266099	0.030312	0.029080	0.267272	0.282535	0.151772	0.282670	1.913080
51.923100	141.256000	0.051025	0.027146	0.000874	0.030284	0.085253	0.116623	0.001388	0.006593	0.237532	0.267967	0.057185	0.015600	0.269631	0.276334	0.155041	0.285695	1.884170
58.846200	141.256000	0.049027	0.032902	0.000763	0.025582	0.061297	0.129250	0.003215	0.003337	0.208998	0.264037	0.094861	0.013849	0.279603	0.264189	0.154550	0.269984	1.855440
65.769200	141.256000	0.036126	0.032919	0.000982	0.022414	0.049523	0.142241	0.002380	0.001601	0.177030	0.250597	0.111807	0.015939	0.276108	0.265701	0.162728	0.251850	1.799950
72.692300	141.256000	0.029465	0.033589	0.002663	0.007524	0.035527	0.149899	0.001029	0.002127	0.144532	0.255426	0.102995	0.018108	0.282691	0.262388	0.162301	0.224252	1.714520
79.615400	141.256000	0.026303	0.030209	0.002255	0.002806	0.019413	0.144897	0.001624	0.002715	0.144163	0.251155	0.100424	0.021272	0.262701	0.269310	0.168501	0.200192	1.647940
86.538500	141.256000	0.032185	0.030082	0.002086	0.001129	0.010883	0.153699	0.003146	0.002734	0.131107	0.256106	0.109840	0.019551	0.266254	0.276714	0.174884	0.187333	1.657730
93.461500	141.256000	0.027704	0.028849	0.001472	0.001722	0.003371	0.153155	0.008422	0.002552	0.108826	0.254294	0.130558	0.017296	0.266508	0.264504	0.188206	0.179449	1.636890
100.385000	141.256000	0.028718	0.026510	0.001578	0.002209	0.001278	0.152792	0.018809	0.002094	0.101972	0.248039	0.143692	0.018553	0.266587	0.271983	0.205338	0.162433	1.652590
107.308000	141.256000	0.031395	0.028568	0.007903	0.002778	0.000795	0.145642	0.033918	0.001491	0.103581	0.248576	0.150899	0.014969	0.272241	0.280580	0.211107	0.160654	1.695100
114.231000	141.256000	0.034676	0.031939	0.021967	0.001015	0.001787	0.145029	0.048734	0.001674	0.119284	0.247613	0.180730	0.014666	0.269405	0.280616	0.248672	0.159959	1.807760
121.154000	141.256000	0.031087	0.042927	0.026274	0.001317	0.003142	0.131672	0.065127	0.002424	0.095152	0.261057	0.202519	0.014109	0.274920	0.275417	0.272320	0.154436	1.853900
128.077000	141.256000	0.027092	0.047672	0.028324	0.000978	0.002258	0.114123	0.084940	0.006817	0.063217	0.272039	0.238764	0.014796	0.283350	0.280332	0.279556	0.156302	1.900560
135.000000	141.256000	0.031587	0.056202	0.028669	0.000655	0.012853	0.092959	0.099157	0.010268	0.028923	0.269742	0.266388	0.031808	0.275188	0.267145	0.271093	0.154352	1.896990
141.923000	141.256000	0.031205	0.047290	0.027384	0.000741	0.006754	0.076710	0.111245	0.002086	0.013831	0.250054	0.271593	0.068248	0.279764	0.282243	0.277670	0.150387	1.897210
148.846000	141.256000	0.027440	0.041541	0.032849	0.001238	0.004631	0.059210	0.134492	0.001909	0.013339	0.201028	0.259071	0.089322	0.270496	0.279068	0.263885	0.155421	1.834940
155.769000	141.256000	0.019670	0.034112	0.033100	0.001261	0.001630	0.046775	0.139861	0.001730	0.017189	0.168302	0.245920	0.109040	0.250157	0.284875	0.273148	0.167545	1.794310
162.692000	141.256000	0.007314	0.028250	0.032505	0.002713	0.002268	0.030674	0.147086	0.000804	0.016360	0.154175	0.252355	0.103841	0.226129	0.288592	0.266961	0.160355	1.720380
169.615000	141.256000	0.001953	0.028028	0.032362	0.003458	0.002705	0.019228	0.154853	0.000566	0.019274	0.142498	0.257462	0.096412	0.190971	0.271440	0.267732	0.177458	1.666400
176.538000	141.256000	0.001478	0.028014	0.026582	0.002042	0.003231	0.009654	0.157007	0.004163	0.019735	0.131162	0.248780	0.105254	0.191490	0.261054	0.269574	0.174055	1.633280
183.462000	141.256000	0.001889	0.027303	0.031315	0.001619	0.002561	0.002922	0.155545	0.010482	0.018775	0.102738	0.252204	0.137658	0.176680	0.274877	0.268217	0.182113	1.646900
190.385000	141.256000	0.002890	0.030579	0.028733	0.002731	0.002522	0.000833	0.143439	0.017933	0.018495	0.100398	0.249753	0.147099	0.164717	0.272095	0.259575	0.195358	1.637150
197.308000	141.256000	0.003057	0.031323	0.024996	0.009140	0.001965	0.000934	0.151399	0.031334	0.016965	0.110278	0.246614	0.152750	0.160731	0.268089	0.284796	0.221255	1.715630
204.231000	141.256000	0.001316	0.035121	0.035325	0.017321	0.001217	0.001676	0.146939	0.041471	0.014933	0.110564	0.259814	0.181350	0.157520	0.271064	0.288161	0.253181	1.816970
211.154000	141.256000	0.000839	0.031828	0.042161	0.028375	0.004612	0.002335	0.127168	0.061749	0.011961	0.092196	0.260943	0.199518	0.154563	0.275401	0.275991	0.275349	1.844990
218.077000	141.256000	0.000620	0.030510	0.052764	0.027743	0.005823	0.002753	0.113793	0.076235	0.016048	0.057776	0.262676	0.242846	0.152902	0.282855	0.277454	0.282596	1.885390
225.000000	141.256000	0.000495	0.025633	0.051830	0.027171	0.012562	0.010551	0.096352	0.100833	0.028662	0.028954	0.265035	0.261647	0.153196	0.279235	0.258326	0.281069	1.881550
231.923000	141.256000	0.000966	0.025400	0.052871	0.029516	0.001922	0.005680	0.082712	0.115118	0.054725	0.017107	0.240430	0.268948	0.151445	0.281911	0.270591	0.262465	1.861810
238.846000	141.256000	0.000420	0.028619	0.045231	0.033019	0.002706	0.001867	0.064965	0.135204	0.093453	0.014580	0.203607	0.259282	0.154147	0.270102	0.274214	0.269173	1.850590
245.769000	141.256000	0.000882	0.017658	0.031681	0.035217	0.001596	0.001973	0.048203	0.143246	0.107083	0.016086	0.188085	0.258551	0.154403	0.242311	0.288163	0.271449	1.806590
252.692000	141.256000	0.002667	0.007646	0.025299	0.030620	0.000611	0.002776	0.033033	0.149137	0.106115	0.018609	0.153591	0.245503	0.163078	0.216311	0.301066	0.274391	1.730450
259.615000	141.256000	0.002708	0.001389	0.025957	0.031220	0.001285	0.000949	0.020310	0.149122	0.099870	0.018638	0.143826	0.250642	0.171504	0.203131	0.262664	0.267051	1.650270
266.538000	141.256000	0.002230	0.000991	0.029892	0.030317	0.004345	0.002891	0.009109	0.149381	0.109675	0.015990	0.137359	0.255192	0.170709	0.192097	0.261626	0.269692	1.641500
273.462000	141.256000	0.001403	0.002156	0.028039	0.029064	0.010505	0.002382	0.002836	0.150137	0.136538	0.017254	0.106207	0.260568	0.184384	0.180820	0.271665	0.269325	1.653290
280.385000	141.256000	0.002159	0.002646	0.031159	0.027026	0.019555	0.002762	0.000874	0.153490	0.145604	0.018034	0.101644	0.257076	0.197579	0.167571	0.270079	0.268918	1.666180
287.308000	141.256000	0.008882	0.002696	0.030774	0.027741	0.033626	0.002419	0.000807	0.148835	0.153402	0.015678	0.106726	0.247884	0.218657	0.165563	0.274192	0.285497	1.723380
294.231000	141.256000	0.021774	0.001781	0.037099	0.035789	0.047768	0.001693	0.001809	0.145226	0.179982	0.014439	0.111682	0.249342	0.253725	0.153852	0.265730	0.275556	1.797250
301.154000	141.256000	0.027174	0.000780	0.033496	0.049934	0.060712	0.005990	0.002961	0.127017	0.198982	0.012330	0.095679	0.258768	0.276334	0.151245	0.269787	0.285527	1.856720
308.077000	141.256000	0.029968	0.000628	0.028791	0.057977	0.081455	0.007360	0.002713	0.113015	0.237237	0.015248	0.062986	0.280423	0.284716	0.158871	0.273302	0.276213	1.910900
315.000000	141.256000	0.028424	0.000758	0.028764	0.054011	0.102564	0.012462	0.012048	0.093854	0.275190	0.032206	0.029340	0.264307	0.284733	0.150784	0.283579	0.274166	1.927190
321.923000	141.256000	0.029430	0.000715	0.031869	0.058954	0.115575	0.002793	0.006727	0.081368	0.263274	0.056426	0.013821	0.241747	0.275013	0.152995	0.276500	0.283006	1.890210
328.846000	141.256000	0.031195	0.000920	0.027166	0.046547	0.135707	0.002883	0.001661	0.064246	0.261107	0.092203	0.014874	0.207721	0.273389	0.150399	0.270230	0.275430	1.855680
335.769000	141.256000	0.038285	0.000735	0.019228	0.036621	0.143449	0.001667	0.001461	0.045355	0.261773	0.113416	0.014630	0.174387	0.258615	0.163198	0.244066	0.280035	1.796920
342.692000	141.256000	0.030789	0.002771	0.008151	0.029164	0.149291	0.000842	0.002199	0.033681	0.257405	0.106736	0.017692	0.154656	0.270830	0.167723	0.210824	0.279597	1.722350
349.615000	141.256000	0.028675	0.002574	0.000885	0.029331	0.152899	0.001656	0.001890	0.021645	0.246877	0.097229	0.016441	0.148875	0.269073	0.163956	0.195044	0.271758	1.648810
356.538000	141.256000	0.028406	0.001834	0.000475	0.028569	0.152289	0.002809	0.003085	0.009342	0.241411	0.098632	0.015821	0.132918	0.266979	0.172627	0.186983	0.261574	1.603750
3.750000	144.341000	0.019288	0.000914	0.001984	0.018836	0.137879	0.008627	0.001480	0.003738	0.255089	0.130997	0.017289	0.104270	0.251627	0.209591	0.197324	0.267157	1.626090
11.250000	144.341000	0.018574	0.001018	0.001643	0.020843	0.138502	0.017510	0.002611	0.000947	0.249667	0.142969	0.016952	0.094190	0.267717	0.228747	0.193496	0.269037	1.664420
18.750000	144.341000	0.018018	0.005852	0.001824	0.021105	0.134803	0.031230	0.001854	0.001014	0.265503	0.159933	0.017211	0.091861	0.281442	0.262329	0.194306	0.272129	1.760420
26.250000	144.341000	0.021666	0.017523	0.000896	0.027184	0.118374	0.047232	0.006330	0.002407	0.264698	0.175696	0.014564	0.102694	0.274539	0.279235	0.187798	0.261326	1.802160
33.750000	144.341000	0.022352	0.024416	0.001899	0.025237	0.108411	0.061214	0.017183	0.002460	0.259530	0.207656	0.016316	0.096432	0.277108	0.281813	0.178661	0.277025	1.857710
41.250000	144.341000	0.027702	0.028004	0.000537	0.026950	0.093018	0.075567	0.010689	0.001748	0.263787	0.248121	0.027778	0.059890	0.254669	0.277001	0.181615	0.282740	1.859820
48.750000	144.341000	0.025136	0.028392	0.000684	0.026090	0.081644	0.093204	0.001467	0.011043	0.247360	0.265283	0.056237	0.028670	0.271296	0.283003	0.185412	0.286468	1.891390
56.250000	144.341000	0.023667	0.026776	0.001219	0.025361	0.063131	0.111604	0.001806	0.016793	0.200878	0.277802	0.093511	0.016264	0.262810	0.277686	0.178706	0.278723	1.856740
63.750000	144.341000	0.023021	0.023726	0.001081	0.017725	0.044473	0.121690	0.002025	0.004299	0.176565	0.257748	0.103023	0.016008	0.279018	0.269540	0.185367	0.278907	1.804220
71.250000	144.341000	0.022134	0.025030	0.002555	0.006309	0.031532	0.128691	0.001481	0.001157	0.155985	0.258872	0.092845	0.019129	0.275188	0.266421	0.184432	0.246346	1.718110
78.750000	144.341000	0.020346	0.021064	0.001908	0.001006	0.019725	0.125857	0.000826	0.002103	0.141144	0.250513	0.095535	0.020524	0.266722	0.261084	0.187817	0.226721	1.642890
86.250000	144.341000	0.020349	0.017584	0.001468	0.001914	0.008444	0.138156	0.002817	0.002278	0.131661	0.259198	0.102309	0.021838	0.259491	0.268905	0.200045	0.218071	1.654530
93.750000	144.341000	0.021225	0.018837	0.001096	0.002827	0.002993	0.135542	0.008688	0.002711	0.108597	0.258382	0.134463	0.018353	0.273761	0.262687	0.210832	0.201162	1.662150
101.250000	144.341000	0.020876	0.018100	0.000886	0.001617	0.001354	0.132832	0.017974	0.001790	0.097336	0.249199	0.146900	0.017350	0.267156	0.260975	0.230384	0.196479	1.661210
108.750000	144.341000	0.020430	0.018069	0.006902	0.002074	0.001960	0.125937	0.030339	0.001366	0.095337	0.246257	0.161731	0.018825	0.274244	0.284028	0.260004	0.189445	1.736950
116.250000	144.341000	0.025393	0.017669	0.017648	0.001531	0.002148	0.119353	0.046225	0.003549	0.101346	0.262473	0.180172	0.014545	0.270566	0.270823	0.281578	0.179794	1.794820
123.750000	144.341000	0.024215	0.024030	0.025914	0.001050	0.001666	0.106883	0.065990	0.014304	0.085469	0.266743	0.199704	0.015958	0.275494	0.271164	0.283741	0.179199	1.841520
131.250000	144.341000	0.028858	0.025775	0.027555	0.000647	0.001698	0.089487	0.074844	0.010036	0.058406	0.271866	0.242382	0.027320	0.281123	0.262692	0.281991	0.181778	1.866460
138.750000	144.341000	0.025151	0.021998	0.027399	0.000740	0.010781	0.075206	0.095304	0.001402	0.028835	0.251400	0.266222	0.060225	0.283430	0.268155	0.279649	0.181331	1.877230
146.250000	144.341000	0.023797	0.025036	0.025300	0.000943	0.019981	0.062470	0.107392	0.002769	0.014863	0.203249	0.263406	0.087792	0.285345	0.269474	0.272082	0.176283	1.840180
153.750000	144.341000	0.017150	0.017595	0.024337	0.001272	0.005252	0.044603	0.119344	0.001588	0.015286	0.174946	0.264535	0.104500	0.274463	0.284134	0.273053	0.186029	1.808090
161.250000	144.341000	0.006358	0.020263	0.023756	0.001734	0.001462	0.030869	0.128700	0.002130	0.016081	0.157703	0.263780	0.097687	0.242313	0.277623	0.276513	0.192921	1.739890
168.750000	144.341000	0.000575	0.018347	0.020278	0.001978	0.002032	0.018233	0.133594	0.000956	0.020814	0.147858	0.255257	0.093535	0.223738	0.270770	0.261870	0.192598	1.662430
176.250000	144.341000	0.001048	0.018359	0.018830	0.002212	0.002010	0.007468	0.139139	0.003003	0.018456	0.128276	0.257362	0.107151	0.210568	0.260655	0.260961	0.202117	1.637610
183.750000	144.341000	0.001571	0.017422	0.019091	0.001263	0.002449	0.002430	0.138913	0.008864	0.020978	0.108947	0.254657	0.132784	0.204163	0.263384	0.260442	0.206088	1.643450
191.250000	144.341000	0.001609	0.022425	0.018146	0.001697	0.001379	0.001010	0.141784	0.016540	0.018464	0.094687	0.249303	0.141118	0.193769	0.259953	0.268149	0.227753	1.657790
198.750000	144.341000	0.002191	0.022185	0.020943	0.008014	0.001828	0.001804	0.132164	0.029985	0.018060	0.101088	0.246679	0.155776	0.186952	0.270467	0.281894	0.247419	1.727450
206.250000	144.341000	0.001241	0.024649	0.021170	0.016922	0.005928	0.002456	0.122313	0.044565	0.015458	0.104752	0.258231	0.180348	0.196199	0.266504	0.277491	0.271549	1.809780
213.750000	144.341000	0.001018	0.025133	0.022583	0.025785	0.018733	0.002570	0.110179	0.065087	0.015474	0.085875	0.266481	0.199315	0.179800	0.274903	0.261591	0.280256	1.834780
221.250000	144.341000	0.000676	0.028014	0.023407	0.026439	0.010054	0.001878	0.095986	0.076088	0.028863	0.060909	0.266605	0.248893	0.173728	0.280656	0.265762	0.278585	1.866540
228.750000	144.341000	0.000653	0.027856	0.027322	0.025969	0.001388	0.008704	0.077586	0.096190	0.060649	0.029121	0.248363	0.269435	0.182882	0.294924	0.264534	0.275153	1.890730
236.250000	144.341000	0.001396	0.022672	0.023717	0.023760	0.002044	0.015790	0.066449	0.108116	0.092682	0.017108	0.201128	0.271066	0.178989	0.272606	0.284365	0.274269	1.856160
243.750000	144.341000	0.000895	0.021633	0.019522	0.026542	0.003053	0.004799	0.044231	0.122940	0.106480	0.015065	0.185970	0.270355	0.181578	0.273138	0.280717	0.272674	1.829590
251.250000	144.341000	0.002427	0.006495	0.016248	0.022184	0.000800	0.001810	0.030149	0.128771	0.096613	0.016830	0.153920	0.252951	0.194940	0.248470	0.279233	0.273667	1.725510
258.750000	144.341000	0.001174	0.000606	0.021794	0.019237	0.000732	0.001454	0.020306	0.148184	0.088034	0.018676	0.145253	0.255295	0.186562	0.232666	0.266872	0.256924	1.663770
266.250000	144.341000	0.002216	0.001462	0.018323	0.018196	0.002737	0.002109	0.007588	0.144335	0.109390	0.019088	0.132169	0.256466	0.201127	0.221151	0.262225	0.256291	1.654870
273.750000	144.341000	0.001694	0.002011	0.018676	0.020932	0.007182	0.002180	0.003132	0.135479	0.130556	0.019354	0.099622	0.258250	0.216229	0.203826	0.258855	0.256938	1.634920
281.250000	144.341000	0.000961	0.001583	0.022848	0.020254	0.018474	0.002000	0.000836	0.130414	0.144860	0.018056	0.092309	0.250496	0.229078	0.194351	0.272675	0.271644	1.670840
288.750000	144.341000	0.006877	0.002034	0.022591	0.020025	0.034020	0.002115	0.001986	0.130556	0.155541	0.018519	0.098434	0.262102	0.247355	0.187828	0.270833	0.290043	1.750860
296.250000	144.341000	0.016712	0.000990	0.024938	0.020530	0.048718	0.005257	0.001702	0.122814	0.173004	0.015032	0.103632	0.265177	0.280200	0.182884	0.273221	0.266881	1.801690
303.750000	144.341000	0.027503	0.001108	0.026436	0.021876	0.062415	0.018509	0.002171	0.111214	0.202062	0.016607	0.093248	0.267413	0.295688	0.172415	0.271318	0.271211	1.861190
311.250000	144.341000	0.026343	0.000541	0.026725	0.026400	0.075406	0.009371	0.001785	0.093299	0.249443	0.029800	0.062519	0.267717	0.285141	0.183877	0.277937	0.265416	1.881720
318.750000	144.341000	0.028218	0.000970	0.027800	0.026419	0.092131	0.002400	0.008726	0.080833	0.272163	0.056971	0.030126	0.248297	0.279280	0.180293	0.282015	0.267998	1.884640
326.250000	144.341000	0.023372	0.001217	0.027299	0.022117	0.111096	0.002100	0.015125	0.061681	0.262174	0.094710	0.017270	0.205929	0.275497	0.181759	0.285199	0.274603	1.861150
333.750000	144.341000	0.025156	0.000770	0.015971	0.020101	0.127866	0.002328	0.004864	0.044053	0.260816	0.101154	0.016383	0.174785	0.264483	0.180175	0.269607	0.281585	1.790100
341.250000	144.341000	0.020896	0.002710	0.006012	0.019121	0.126745	0.001339	0.002430	0.028273	0.262438	0.101344	0.016579	0.156903	0.273360	0.185115	0.252674	0.276878	1.732820
348.750000	144.341000	0.022028	0.001820	0.001013	0.021243	0.134426	0.001007	0.002281	0.018305	0.258335	0.095580	0.020731	0.146453	0.268969	0.193307	0.227574	0.280868	1.693940
356.250000	144.341000	0.019682	0.002296	0.000490	0.018754	0.136052	0.001896	0.001834	0.008123	0.259685	0.107467	0.019655	0.130007	0.264349	0.201389	0.216488	0.267327	1.655490
4.090910	147.400000	0.011700	0.001905	0.000974	0.011136	0.122058	0.007342	0.003449	0.003711	0.255538	0.127714	0.020382	0.095239	0.256939	0.241868	0.223734	0.250965	1.634650
12.272700	147.400000	0.010448	0.000862	0.001650	0.016184	0.116437	0.015808	0.003886	0.002399	0.259871	0.149526	0.021129	0.078915	0.268400	0.254330	0.216490	0.269218	1.685550
20.454500	147.400000	0.012221	0.006499	0.000890	0.018122	0.112822	0.026170	0.008444	0.003209	0.273633	0.160790	0.019276	0.085254	0.271376	0.269858	0.206605	0.266802	1.741970
28.636400	147.400000	0.014029	0.013257	0.001189	0.020657	0.100480	0.041446	0.011236	0.001491	0.269808	0.177542	0.017492	0.099626	0.264031	0.288585	0.205137	0.280015	1.806020
36.818200	147.400000	0.013994	0.017947	0.001554	0.024058	0.091881	0.056991	0.007158	0.003036	0.261250	0.207859	0.027608	0.087935	0.250314	0.288065	0.212288	0.277914	1.829850
45.000000	147.400000	0.013741	0.020960	0.001126	0.024769	0.071724	0.075901	0.003325	0.002845	0.246176	0.248648	0.056281	0.052894	0.260184	0.277154	0.204362	0.288844	1.848930
53.181800	147.400000	0.018485	0.022092	0.001016	0.020802	0.058098	0.089702	0.002591	0.012061	0.209437	0.270761	0.089772	0.029337	0.250118	0.265804	0.214098	0.285756	1.839930
61.363600	147.400000	0.015371	0.018309	0.001735	0.014905	0.042352	0.103472	0.001176	0.011351	0.173500	0.265610	0.099865	0.015585	0.272369	0.271351	0.213398	0.290826	1.811180
69.545500	147.400000	0.011099	0.015008	0.001535	0.005575	0.032022	0.109538	0.005018	0.009096	0.161682	0.267376	0.087675	0.020565	0.276857	0.268386	0.215215	0.277523	1.764170
77.727300	147.400000	0.010971	0.014379	0.002629	0.002284	0.015103	0.118459	0.002216	0.005729	0.139020	0.263470	0.084048	0.018587	0.274346	0.264983	0.212318	0.250932	1.679480
85.909100	147.400000	0.013150	0.013188	0.001344	0.003522	0.006456	0.119663	0.001992	0.002938	0.130793	0.251412	0.099302	0.019698	0.261595	0.255663	0.225197	0.240366	1.646280
94.090900	147.400000	0.012316	0.012350	0.001904	0.001099	0.003009	0.111897	0.008045	0.003918	0.104025	0.261430	0.131158	0.019952	0.262505	0.258424	0.247172	0.220591	1.659790
102.273000	147.400000	0.014973	0.010543	0.000992	0.002745	0.002067	0.115408	0.018021	0.003610	0.084555	0.258570	0.145771	0.020719	0.267247	0.268360	0.250748	0.215032	1.679360
110.455000	147.400000	0.015967	0.010224	0.006607	0.001131	0.004675	0.111461	0.025609	0.009790	0.084857	0.270640	0.166609	0.018497	0.266914	0.269813	0.269941	0.215096	1.747830
118.636000	147.400000	0.018044	0.013817	0.015548	0.002485	0.001594	0.101611	0.038536	0.010904	0.098104	0.266919	0.179749	0.016907	0.275627	0.277120	0.284790	0.206950	1.808710
126.818000	147.400000	0.024377	0.015460	0.021500	0.001583	0.002306	0.087058	0.057359	0.006253	0.087239	0.266766	0.215055	0.027608	0.278562	0.261556	0.282263	0.212804	1.847750
135.000000	147.400000	0.025776	0.015675	0.025893	0.001699	0.002783	0.073299	0.070616	0.002037	0.048866	0.252849	0.251467	0.058145	0.281866	0.265840	0.280613	0.204162	1.861590
143.182000	147.400000	0.019048	0.017487	0.022247	0.001853	0.011869	0.054214	0.083619	0.002535	0.026294	0.207089	0.263058	0.092765	0.278751	0.262575	0.278552	0.210468	1.832420
151.364000	147.400000	0.015294	0.012211	0.018775	0.001141	0.013114	0.041483	0.098177	0.001818	0.018166	0.182576	0.267005	0.101784	0.289585	0.272792	0.268944	0.198426	1.801290
159.545000	147.400000	0.005815	0.011556	0.015375	0.002227	0.011050	0.025886	0.112456	0.003609	0.017626	0.157201	0.259865	0.085072	0.277163	0.288264	0.259196	0.207984	1.740350
167.727000	147.400000	0.002233	0.012358	0.014029	0.002380	0.004459	0.014309	0.116637	0.002236	0.019239	0.148646	0.262688	0.084183	0.244898	0.262137	0.261670	0.206975	1.659080
175.909000	147.400000	0.003394	0.010542	0.011467	0.000900	0.003337	0.008906	0.121632	0.002140	0.017410	0.130617	0.254697	0.097578	0.238726	0.249678	0.264503	0.223213	1.638740
184.091000	147.400000	0.001142	0.012698	0.012458	0.003742	0.002323	0.001674	0.121631	0.006729	0.019253	0.099845	0.259678	0.124205	0.225103	0.262158	0.267043	0.235777	1.655460
192.273000	147.400000	0.001895	0.013495	0.010214	0.002166	0.005692	0.001737	0.116942	0.016727	0.019182	0.084181	0.265460	0.142455	0.218507	0.266669	0.270541	0.253742	1.689610
200.455000	147.400000	0.001415	0.016947	0.011392	0.006221	0.009906	0.004080	0.113563	0.025579	0.018225	0.082969	0.258685	0.150158	0.208425	0.264700	0.274033	0.269917	1.716220
208.636000	147.400000	0.001977	0.020650	0.013681	0.015063	0.011282	0.001367	0.100158	0.040970	0.017406	0.096670	0.273228	0.178584	0.213626	0.274025	0.272557	0.288264	1.819510
216.818000	147.400000	0.001686	0.022554	0.015441	0.021377	0.010030	0.001603	0.092359	0.053143	0.029474	0.091032	0.262990	0.214676	0.206563	0.271661	0.254976	0.284730	1.834290
225.000000	147.400000	0.000794	0.024915	0.014826	0.027621	0.002381	0.002724	0.072557	0.071230	0.055835	0.057690	0.254665	0.249289	0.204160	0.286741	0.255512	0.294482	1.875420
233.182000	147.400000	0.001562	0.020009	0.013575	0.024650	0.002994	0.008097	0.058805	0.086155	0.089139	0.029570	0.215497	0.265484	0.201115	0.300667	0.255821	0.277283	1.850420
241.364000	147.400000	0.001467	0.014585	0.013340	0.017162	0.001619	0.010925	0.040504	0.101224	0.098289	0.018286	0.184283	0.264641	0.209062	0.278499	0.274867	0.275731	1.804490
249.545000	147.400000	0.000866	0.005561	0.011200	0.017615	0.004396	0.010780	0.026523	0.115017	0.083547	0.017914	0.156339	0.263852	0.207171	0.289183	0.260918	0.271551	1.742430
257.727000	147.400000	0.001721	0.000990	0.010910	0.015474	0.000544	0.004716	0.015847	0.117107	0.086346	0.017907	0.140811	0.262952	0.217111	0.249038	0.263922	0.264508	1.669900
265.909000	147.400000	0.001110	0.002000	0.011919	0.013812	0.001618	0.002813	0.007179	0.117164	0.101396	0.017248	0.131135	0.260128	0.223924	0.234784	0.255960	0.258892	1.641080
274.091000	147.400000	0.004092	0.000814	0.014059	0.011883	0.007884	0.003453	0.002352	0.117999	0.130544	0.020735	0.103281	0.266136	0.235933	0.227910	0.260182	0.259160	1.666420
282.273000	147.400000	0.001902	0.001905	0.017218	0.010750	0.016661	0.004572	0.001837	0.115477	0.142914	0.019093	0.084457	0.264949	0.251927	0.211656	0.255366	0.269193	1.669880
290.455000	147.400000	0.007175	0.001783	0.017619	0.013774	0.026030	0.009377	0.003606	0.114521	0.160738	0.018350	0.082312	0.265855	0.278480	0.210130	0.266938	0.274381	1.751070
298.636000	147.400000	0.015684	0.002136	0.017490	0.013238	0.041862	0.012548	0.001076	0.102667	0.179308	0.016863	0.095582	0.266784	0.280634	0.201489	0.270825	0.263539	1.781730
306.818000	147.400000	0.019341	0.001547	0.025249	0.016963	0.054210	0.009905	0.002639	0.093635	0.212376	0.027827	0.087569	0.266196	0.282877	0.204788	0.273474	0.263202	1.841800
315.000000	147.400000	0.027253	0.001563	0.022720	0.017424	0.076853	0.003241	0.002710	0.073140	0.252857	0.056275	0.055114	0.248786	0.273265	0.205905	0.290121	0.256561	1.863790
323.182000	147.400000	0.022525	0.001671	0.018829	0.016913	0.089402	0.002520	0.006708	0.061425	0.262804	0.086086	0.031637	0.213964	0.278567	0.206261	0.288527	0.265888	1.853730
331.364000	147.400000	0.019442	0.000911	0.013843	0.014050	0.097439	0.001447	0.011426	0.040548	0.267045	0.099774	0.018064	0.178607	0.268545	0.204376	0.283676	0.263923	1.783120
339.545000	147.400000	0.017892	0.000863	0.005494	0.013806	0.111817	0.004673	0.011018	0.028139	0.263197	0.083885	0.018016	0.162998	0.266763	0.204604	0.274806	0.279479	1.747450
347.727000	147.400000	0.015192	0.001437	0.001299	0.012612	0.108451	0.001352	0.004593	0.016986	0.264761	0.082999	0.020602	0.142141	0.259929	0.221075	0.254591	0.265102	1.673120
355.909000	147.400000	0.013383	0.001129	0.001518	0.010410	0.116448	0.003059	0.004087	0.008189	0.259009	0.102466	0.019609	0.131000	0.249208	0.222815	0.237356	0.253053	1.632740
4.500000	150.434000	0.005564	0.000498	0.001817	0.007700	0.100576	0.006437	0.009477	0.001656	0.266332	0.128265	0.021407	0.101339	0.263949	0.258313	0.243872	0.244451	1.661650
13.500000	150.434000	0.005593	0.000726	0.001677	0.011316	0.098608	0.017575	0.007245	0.002202	0.258222	0.145450	0.021383	0.079470	0.263487	0.272299	0.227116	0.263650	1.676020
22.500000	150.434000	0.006611	0.005030	0.000828	0.012975	0.088425	0.025908	0.009770	0.003791	0.262942	0.158070	0.017615	0.076801	0.271319	0.288549	0.222907	0.274276	1.725820
31.500000	150.434000	0.006103	0.012218	0.002980	0.014254	0.078223	0.040301	0.007159	0.001639	0.261239	0.190082	0.028985	0.088099	0.270671	0.284998	0.227931	0.271595	1.786480
40.500000	150.434000	0.006947	0.014221	0.002774	0.017457	0.068938	0.055990	0.009584	0.002634	0.244705	0.220201	0.049223	0.082514	0.250727	0.294517	0.224669	0.277256	1.822350
49.500000	150.434000	0.007027	0.016190	0.002389	0.013694	0.051786	0.069283	0.002827	0.011570	0.214826	0.255946	0.081539	0.054580	0.258862	0.277442	0.221367	0.278834	1.818160
58.500000	150.434000	0.007107	0.016813	0.001968	0.010865	0.035803	0.082775	0.001498	0.010375	0.184043	0.264491	0.094031	0.030381	0.256228	0.270665	0.231791	0.287383	1.786220
67.500000	150.434000	0.005747	0.013614	0.001049	0.004927	0.026762	0.090989	0.004128	0.008707	0.169531	0.269152	0.075724	0.020683	0.271940	0.261249	0.233449	0.292651	1.750300
76.500000	150.434000	0.005518	0.012365	0.001851	0.003986	0.016454	0.098241	0.001987	0.008357	0.143118	0.259798	0.077962	0.019389	0.267644	0.265652	0.239797	0.274558	1.696680
85.500000	150.434000	0.006818	0.008494	0.001369	0.001233	0.005467	0.105438	0.001563	0.008367	0.130226	0.256417	0.102062	0.018721	0.256740	0.252716	0.245312	0.250430	1.651370
94.500000	150.434000	0.010030	0.005547	0.000941	0.001497	0.001773	0.094843	0.006302	0.010923	0.102341	0.264087	0.125972	0.021774	0.246744	0.263465	0.256851	0.241113	1.654200
103.500000	150.434000	0.010337	0.006149	0.000899	0.002847	0.001985	0.096416	0.017340	0.010439	0.077541	0.261747	0.147359	0.017900	0.261755	0.274259	0.281003	0.237875	1.705850
112.500000	150.434000	0.014166	0.006006	0.003567	0.001425	0.003511	0.091470	0.027730	0.008462	0.078489	0.266145	0.167556	0.021539	0.266052	0.269382	0.287189	0.233098	1.745790
121.500000	150.434000	0.014900	0.005689	0.012618	0.002189	0.001827	0.083522	0.042056	0.008027	0.092077	0.262731	0.186035	0.027381	0.261823	0.266033	0.291047	0.226152	1.784100
130.500000	150.434000	0.017172	0.006966	0.015288	0.002739	0.003128	0.066519	0.053698	0.011309	0.081654	0.247978	0.220275	0.049014	0.268888	0.258885	0.274221	0.226978	1.804720
139.500000	150.434000	0.015052	0.007610	0.018810	0.002429	0.010249	0.052972	0.067995	0.002728	0.053770	0.217927	0.249493	0.083471	0.284094	0.250391	0.280964	0.220168	1.818120
148.500000	150.434000	0.011224	0.006078	0.014396	0.002604	0.010178	0.037434	0.083199	0.002195	0.027666	0.186970	0.263345	0.097769	0.296067	0.256202	0.269578	0.228839	1.793750
157.500000	150.434000	0.004560	0.005410	0.012456	0.001474	0.009172	0.027701	0.090793	0.004287	0.015767	0.154379	0.268547	0.079722	0.293512	0.272233	0.273981	0.230696	1.744690
166.500000	150.434000	0.005490	0.006262	0.012500	0.002100	0.008125	0.016286	0.095655	0.002171	0.020515	0.142290	0.265760	0.071478	0.274770	0.270344	0.264030	0.233558	1.691330
175.500000	150.434000	0.001369	0.007706	0.009102	0.001767	0.010655	0.007092	0.101501	0.001712	0.017891	0.132694	0.260154	0.094941	0.255245	0.259471	0.254485	0.253840	1.669630
184.500000	150.434000	0.001783	0.008786	0.005716	0.000690	0.010425	0.001510	0.101417	0.005819	0.019436	0.099803	0.270251	0.130424	0.250434	0.254325	0.255819	0.258659	1.675300
193.500000	150.434000	0.002458	0.012730	0.005536	0.003449	0.010790	0.001716	0.097546	0.017714	0.019827	0.077303	0.265436	0.141659	0.230686	0.261207	0.270599	0.280771	1.699430
202.500000	150.434000	0.001343	0.015220	0.005399	0.005366	0.008439	0.004356	0.091277	0.027190	0.019486	0.076948	0.260989	0.158005	0.231824	0.265408	0.271702	0.288756	1.731710
211.500000	150.434000	0.002093	0.015671	0.007944	0.010370	0.011581	0.001690	0.078307	0.039600	0.025333	0.096667	0.269375	0.185926	0.224627	0.265619	0.255336	0.281141	1.771280
220.500000	150.434000	0.002334	0.015597	0.007345	0.015308	0.011623	0.003370	0.070034	0.048929	0.047889	0.077162	0.253890	0.217628	0.220217	0.285079	0.260188	0.290816	1.827410
229.500000	150.434000	0.002458	0.015143	0.007825	0.017726	0.002870	0.011372	0.051130	0.068763	0.076105	0.051490	0.216161	0.245401	0.222277	0.275210	0.257493	0.273267	1.794690
238.500000	150.434000	0.002293	0.011241	0.007499	0.016686	0.001671	0.008868	0.038760	0.083602	0.090494	0.027266	0.190840	0.259750	0.224692	0.286340	0.254010	0.267658	1.771670
247.500000	150.434000	0.001406	0.004336	0.006566	0.014731	0.004145	0.007300	0.024880	0.088560	0.079488	0.018567	0.166972	0.266418	0.232596	0.295232	0.269629	0.271653	1.752480
256.500000	150.434000	0.001938	0.001020	0.006347	0.011502	0.001729	0.009418	0.017140	0.097907	0.076592	0.019094	0.141086	0.269755	0.235695	0.281020	0.270225	0.264658	1.705120
265.500000	150.434000	0.002000	0.001159	0.008183	0.008303	0.001843	0.010599	0.007895	0.101403	0.100172	0.019428	0.133776	0.262886	0.246177	0.251271	0.263709	0.257983	1.676790
274.500000	150.434000	0.001692	0.001954	0.009504	0.006818	0.006727	0.009783	0.002396	0.100345	0.125590	0.021974	0.101077	0.265512	0.259989	0.252918	0.249487	0.252193	1.667960
283.500000	150.434000	0.004286	0.001580	0.012500	0.005720	0.015711	0.008248	0.001971	0.097765	0.138959	0.018345	0.074593	0.261909	0.274048	0.241789	0.265644	0.263318	1.686390
292.500000	150.434000	0.004090	0.001535	0.012691	0.005319	0.025026	0.007638	0.004685	0.092586	0.159465	0.018425	0.076774	0.266112	0.294270	0.233785	0.270458	0.275934	1.748790
301.500000	150.434000	0.012309	0.002617	0.017290	0.007598	0.039776	0.010113	0.001853	0.087601	0.189737	0.026815	0.095577	0.269092	0.291775	0.223042	0.275407	0.258253	1.808860
310.500000	150.434000	0.014335	0.002539	0.017923	0.007618	0.053788	0.012400	0.002758	0.066711	0.217054	0.052320	0.082687	0.252751	0.280979	0.218227	0.273290	0.254714	1.810090
319.500000	150.434000	0.018807	0.001301	0.015208	0.008494	0.066608	0.003275	0.009137	0.055068	0.248709	0.081238	0.049547	0.222710	0.279114	0.221380	0.287681	0.269968	1.838250
328.500000	150.434000	0.016501	0.001840	0.011059	0.007605	0.075814	0.001904	0.007178	0.039198	0.261851	0.096953	0.028852	0.185350	0.277894	0.225844	0.288108	0.263743	1.789690
337.500000	150.434000	0.013518	0.000909	0.005285	0.005223	0.095284	0.004694	0.008680	0.027488	0.257316	0.080898	0.016904	0.158282	0.262880	0.228549	0.285826	0.275917	1.727650
346.500000	150.434000	0.010906	0.001957	0.001059	0.005851	0.097663	0.001702	0.007000	0.014475	0.261394	0.078415	0.021551	0.146267	0.265074	0.238357	0.280858	0.271144	1.703670
355.500000	150.434000	0.008941	0.001782	0.000793	0.005736	0.098262	0.002137	0.008218	0.007287	0.257344	0.099541	0.021325	0.132950	0.253813	0.245902	0.264148	0.258214	1.666390
5.000000	153.448000	0.005317	0.000600	0.003759	0.008158	0.083526	0.008635	0.007296	0.002479	0.270332	0.132067	0.022140	0.094439	0.264526	0.287027	0.265478	0.248626	1.704410
15.000000	153.448000	0.003396	0.000522	0.001099	0.009538	0.079233	0.013704	0.007361	0.001694	0.259082	0.138134	0.021900	0.073326	0.274379	0.281800	0.259892	0.253675	1.678740
25.000000	153.448000	0.001242	0.004189	0.001251	0.011242	0.075393	0.023072	0.010722	0.001461	0.261600	0.161370	0.025452	0.073247	0.262172	0.287205	0.241746	0.261177	1.702540
35.000000	153.448000	0.002893	0.010195	0.002548	0.011735	0.065028	0.042221	0.015675	0.002520	0.246991	0.194016	0.044357	0.091652	0.270299	0.285975	0.249437	0.278249	1.813790
45.000000	153.448000	0.002281	0.014585	0.003726	0.011396	0.051561	0.051322	0.003294	0.004351	0.231967	0.227802	0.076090	0.069066	0.253604	0.284710	0.242092	0.285590	1.813440
55.000000	153.448000	0.002768	0.012751	0.001945	0.008986	0.041146	0.062221	0.002947	0.015951	0.201263	0.257628	0.089945	0.045042	0.254682	0.280921	0.245606	0.281463	1.805270
65.000000	153.448000	0.001679	0.010392	0.001050	0.004197	0.024367	0.073357	0.000897	0.010868	0.166864	0.260952	0.073702	0.023744	0.264512	0.264154	0.247900	0.298813	1.727450
75.000000	153.448000	0.002351	0.010075	0.001377	0.005416	0.014874	0.081661	0.000754	0.009842	0.142835	0.265754	0.075835	0.020668	0.258217	0.258936	0.252590	0.296555	1.697740
85.000000	153.448000	0.004222	0.008232	0.004151	0.000731	0.006260	0.086192	0.002344	0.008415	0.126706	0.263483	0.096307	0.020202	0.259504	0.247277	0.272666	0.278382	1.685080
95.000000	153.448000	0.006994	0.005564	0.000389	0.004518	0.002588	0.083228	0.008893	0.009864	0.094772	0.265862	0.128617	0.018554	0.246537	0.258948	0.282579	0.269960	1.687870
105.000000	153.448000	0.011157	0.002999	0.000544	0.000632	0.001541	0.082301	0.015069	0.007953	0.072527	0.268249	0.138911	0.019569	0.254742	0.269720	0.291117	0.252626	1.689650
115.000000	153.448000	0.010293	0.002032	0.004066	0.001733	0.001986	0.071732	0.027183	0.012412	0.074055	0.268277	0.167156	0.025599	0.270027	0.265092	0.291850	0.255263	1.748750
125.000000	153.448000	0.012733	0.001543	0.011559	0.001610	0.003031	0.066770	0.041549	0.011970	0.086565	0.249926	0.196951	0.045664	0.271990	0.257037	0.289458	0.241196	1.789550
135.000000	153.448000	0.011970	0.002438	0.011473	0.003963	0.004602	0.048376	0.050991	0.002740	0.073739	0.224737	0.225237	0.072042	0.276065	0.250789	0.289023	0.246154	1.794340
145.000000	153.448000	0.010943	0.002222	0.010405	0.002847	0.015620	0.041262	0.065267	0.002871	0.044897	0.192678	0.250128	0.088542	0.282526	0.256363	0.276745	0.247970	1.791290
155.000000	153.448000	0.003541	0.001729	0.011383	0.002198	0.012872	0.023811	0.074727	0.001768	0.024711	0.161539	0.272208	0.074669	0.289911	0.262846	0.263242	0.251144	1.732300
165.000000	153.448000	0.005384	0.002789	0.010388	0.001802	0.008617	0.015133	0.077225	0.001236	0.019896	0.143682	0.262797	0.073311	0.289674	0.258373	0.264387	0.258151	1.692840
175.000000	153.448000	0.000858	0.005588	0.007564	0.004143	0.010018	0.008670	0.080459	0.002522	0.022008	0.125614	0.264097	0.092595	0.275585	0.249717	0.258183	0.261230	1.668850
185.000000	153.448000	0.003475	0.007669	0.004889	0.001170	0.008835	0.002396	0.082908	0.007337	0.019091	0.095759	0.263809	0.124610	0.271369	0.250808	0.249663	0.286295	1.680080
195.000000	153.448000	0.001444	0.011349	0.002770	0.005571	0.008336	0.001497	0.078836	0.014531	0.021090	0.073033	0.265341	0.143517	0.253715	0.255420	0.260930	0.299220	1.696600
205.000000	153.448000	0.001572	0.011229	0.002146	0.004209	0.011132	0.000890	0.079488	0.024864	0.025068	0.073206	0.264669	0.161236	0.247033	0.266782	0.264901	0.288497	1.726920
215.000000	153.448000	0.002039	0.010902	0.002398	0.009176	0.013257	0.003132	0.065662	0.041473	0.050425	0.083410	0.250542	0.193883	0.245082	0.283732	0.254658	0.288439	1.798210
225.000000	153.448000	0.004874	0.010920	0.003063	0.011404	0.003957	0.003334	0.051440	0.049512	0.071737	0.073044	0.225426	0.221233	0.242430	0.274637	0.262308	0.277412	1.786730
235.000000	153.448000	0.002187	0.011013	0.003068	0.010926	0.003783	0.013375	0.041799	0.064306	0.089499	0.046228	0.198559	0.257365	0.249549	0.283092	0.262093	0.280054	1.816900
245.000000	153.448000	0.001594	0.002731	0.001771	0.011506	0.001657	0.009601	0.022240	0.074703	0.076358	0.025044	0.163664	0.261901	0.258248	0.296079	0.264929	0.266808	1.738830
255.000000	153.448000	0.001426	0.001550	0.003519	0.009336	0.001258	0.007895	0.017007	0.080662	0.074808	0.019974	0.146355	0.275468	0.257469	0.292463	0.259676	0.261060	1.709920
265.000000	153.448000	0.004627	0.000782	0.004872	0.007371	0.002940	0.009926	0.009746	0.085615	0.099199	0.018724	0.125220	0.274011	0.264690	0.275040	0.256581	0.249005	1.688350
275.000000	153.448000	0.001235	0.003132	0.007196	0.005053	0.007738	0.006182	0.002574	0.087942	0.124880	0.023669	0.096476	0.270363	0.281235	0.259617	0.253011	0.251307	1.681610
285.000000	153.448000	0.006955	0.001255	0.010419	0.002606	0.014477	0.009631	0.001341	0.078732	0.141005	0.023684	0.074932	0.263814	0.286008	0.250893	0.253526	0.258862	1.678140
295.000000	153.448000	0.004509	0.002176	0.011707	0.001699	0.026713	0.011463	0.001516	0.075253	0.168221	0.024580	0.073328	0.267051	0.292757	0.248563	0.261004	0.259373	1.729910
305.000000	153.448000	0.009219	0.001463	0.011065	0.002793	0.041561	0.015582	0.002315	0.068408	0.192756	0.047162	0.092707	0.250764	0.281601	0.254617	0.265065	0.257995	1.795070
315.000000	153.448000	0.011406	0.003682	0.012421	0.003411	0.050508	0.004264	0.003887	0.048689	0.228435	0.072879	0.072191	0.227159	0.286246	0.246331	0.279221	0.256880	1.807610
325.000000	153.448000	0.013848	0.001408	0.010310	0.003260	0.065244	0.002183	0.011363	0.041561	0.256751	0.086257	0.045784	0.194517	0.275570	0.247105	0.294528	0.252527	1.802220
335.000000	153.448000	0.010431	0.001994	0.004405	0.001064	0.076017	0.001876	0.010465	0.027998	0.260500	0.072209	0.026522	0.168694	0.261441	0.246418	0.290898	0.266229	1.727160
345.000000	153.448000	0.011487	0.001048	0.001859	0.004179	0.083842	0.002241	0.007604	0.014474	0.272173	0.073144	0.019497	0.143824	0.253130	0.248970	0.298187	0.268955	1.704610
355.000000	153.448000	0.007868	0.003089	0.000509	0.004537	0.084035	0.003015	0.007964	0.008358	0.263010	0.099375	0.020333	0.125607	0.250573	0.269522	0.281062	0.258469	1.687330
5.625000	156.444000	0.003338	0.001476	0.002697	0.005250	0.067840	0.009083	0.005510	0.004947	0.267610	0.122667	0.023496	0.095888	0.252364	0.289363	0.293643	0.245263	1.690430
16.875000	156.444000	0.002420	0.001406	0.000711	0.009821	0.063417	0.016116	0.006782	0.001253	0.254811	0.145579	0.021166	0.072654	0.255738	0.303091	0.278077	0.247281	1.680320
28.125000	156.444000	0.000315	0.002762	0.001194	0.009220	0.056182	0.023709	0.015252	0.001671	0.247713	0.174319	0.029905	0.067104	0.267203	0.289324	0.277506	0.261930	1.725310
39.375000	156.444000	0.000222	0.007942	0.002980	0.011251	0.048497	0.041656	0.004978	0.003971	0.229713	0.201472	0.059872	0.079092	0.257989	0.276317	0.263844	0.271397	1.761190
50.625000	156.444000	0.000932	0.010605	0.003455	0.007848	0.040456	0.050428	0.003466	0.005033	0.199774	0.226071	0.081156	0.056470	0.270942	0.274683	0.261280	0.279516	1.772110
61.875000	156.444000	0.000527	0.010387	0.000492	0.004787	0.024907	0.056422	0.001980	0.013132	0.166561	0.255574	0.073991	0.032328	0.261119	0.259232	0.265265	0.287686	1.714390
73.125000	156.444000	0.001278	0.007228	0.000648	0.003275	0.014504	0.066886	0.002005	0.009395	0.140819	0.265891	0.067578	0.023771	0.269710	0.253595	0.283286	0.292680	1.702550
84.375000	156.444000	0.003276	0.007360	0.001974	0.001405	0.007377	0.068052	0.004620	0.006573	0.121214	0.256962	0.094020	0.022540	0.256723	0.247032	0.288065	0.285596	1.672790
95.625000	156.444000	0.006534	0.003537	0.001278	0.002061	0.004744	0.067811	0.007297	0.005612	0.092937	0.269647	0.125751	0.023080	0.248087	0.258705	0.296349	0.279531	1.692960
106.875000	156.444000	0.009875	0.001691	0.001400	0.000715	0.002059	0.064993	0.015490	0.009298	0.069389	0.255919	0.143506	0.023359	0.256973	0.258389	0.299692	0.271138	1.683890
118.125000	156.444000	0.010396	0.000266	0.003950	0.001862	0.002357	0.055760	0.024970	0.016031	0.071928	0.257797	0.173394	0.029148	0.266372	0.264830	0.294521	0.264235	1.737820
129.375000	156.444000	0.011251	0.000575	0.008013	0.004361	0.003881	0.050785	0.037699	0.004036	0.079092	0.231338	0.204819	0.057780	0.270844	0.262828	0.285693	0.270649	1.783640
140.625000	156.444000	0.007440	0.000537	0.010389	0.004287	0.005217	0.040574	0.047344	0.002842	0.059231	0.203909	0.231317	0.079464	0.278538	0.255806	0.271663	0.263527	1.762090
151.875000	156.444000	0.003713	0.000861	0.009006	0.001147	0.015195	0.023971	0.058455	0.002553	0.030147	0.171975	0.249834	0.070958	0.287661	0.266678	0.257447	0.268675	1.718270
163.125000	156.444000	0.004388	0.002405	0.006988	0.000918	0.008338	0.014835	0.062586	0.001514	0.023111	0.146295	0.260025	0.073014	0.283095	0.260555	0.256113	0.272843	1.677020
174.375000	156.444000	0.001404	0.004479	0.006632	0.001653	0.006226	0.007177	0.069190	0.003937	0.021098	0.122271	0.256786	0.090550	0.293796	0.245785	0.255004	0.277827	1.663810
185.625000	156.444000	0.002663	0.005582	0.004962	0.001267	0.006337	0.003496	0.070802	0.007332	0.020947	0.091197	0.268854	0.119894	0.286607	0.250221	0.253001	0.285166	1.678330
196.875000	156.444000	0.000595	0.008499	0.001923	0.002986	0.009780	0.001883	0.065851	0.019017	0.023528	0.067673	0.265186	0.148689	0.271884	0.245928	0.263755	0.296057	1.693230
208.125000	156.444000	0.001039	0.010276	0.000680	0.003861	0.016357	0.002631	0.055168	0.021714	0.030204	0.072278	0.250678	0.173626	0.279312	0.259704	0.255662	0.293145	1.726330
219.375000	156.444000	0.004050	0.009743	0.000852	0.007143	0.004692	0.002742	0.045788	0.040253	0.062108	0.077240	0.228584	0.204622	0.261809	0.276271	0.256923	0.274257	1.757080
230.625000	156.444000	0.003263	0.006218	0.000494	0.012906	0.003340	0.005390	0.041960	0.046149	0.076700	0.057758	0.208073	0.230939	0.256564	0.279681	0.262393	0.268576	1.760400
241.875000	156.444000	0.000332	0.003806	0.000654	0.008707	0.002030	0.014580	0.024917	0.054290	0.074081	0.032381	0.169673	0.252246	0.264650	0.292881	0.261448	0.267723	1.724400
253.125000	156.444000	0.000591	0.001398	0.001735	0.008147	0.002210	0.009406	0.016364	0.064129	0.064359	0.023384	0.145747	0.260905	0.271673	0.300688	0.260999	0.262577	1.694310
264.375000	156.444000	0.002286	0.000699	0.004285	0.005123	0.005062	0.005619	0.006970	0.067370	0.089286	0.021766	0.123892	0.270115	0.280779	0.294274	0.252402	0.249563	1.679490
275.625000	156.444000	0.001168	0.001901	0.005807	0.004303	0.009393	0.006287	0.004335	0.073657	0.125195	0.020695	0.096567	0.260300	0.289097	0.277855	0.237973	0.254999	1.669530
286.875000	156.444000	0.003546	0.000810	0.009153	0.001918	0.015708	0.007117	0.001788	0.068619	0.143428	0.023818	0.072347	0.267243	0.297196	0.275124	0.253203	0.268685	1.709700
298.125000	156.444000	0.003897	0.000886	0.008682	0.000975	0.023944	0.013268	0.002669	0.059987	0.171806	0.030846	0.073916	0.255464	0.291739	0.262657	0.257814	0.256883	1.715430
309.375000	156.444000	0.007326	0.002347	0.009962	0.000230	0.039277	0.003948	0.003938	0.052221	0.198036	0.060093	0.079562	0.236554	0.280635	0.272153	0.267247	0.270124	1.783650
320.625000	156.444000	0.011369	0.002737	0.007390	0.000801	0.049245	0.002856	0.004032	0.040019	0.233646	0.081932	0.060691	0.210290	0.276445	0.263252	0.282526	0.260218	1.787450
331.875000	156.444000	0.008716	0.001345	0.004658	0.000415	0.055278	0.002511	0.014067	0.025483	0.259405	0.080083	0.031618	0.177514	0.265998	0.264678	0.291082	0.264519	1.747370
343.125000	156.444000	0.008462	0.000590	0.001649	0.001778	0.059547	0.001375	0.007734	0.016130	0.267831	0.067163	0.023527	0.145278	0.255705	0.275444	0.292695	0.263017	1.687920
354.375000	156.444000	0.006830	0.002015	0.000761	0.003402	0.067852	0.004437	0.006045	0.007647	0.255478	0.092085	0.021811	0.118584	0.244150	0.285189	0.290295	0.254397	1.660980
6.428570	159.423000	0.003950	0.000160	0.000258	0.004502	0.055335	0.009434	0.013903	0.006391	0.246729	0.130016	0.023757	0.087806	0.248565	0.294327	0.296859	0.256561	1.678550
19.285700	159.423000	0.001937	0.000769	0.001444	0.006829	0.054773	0.012427	0.013730	0.002195	0.246799	0.151463	0.028460	0.065809	0.253719	0.286512	0.276423	0.242129	1.645420
32.142900	159.423000	0.000183	0.003884	0.004320	0.008412	0.047173	0.024059	0.009103	0.002598	0.236507	0.185932	0.040837	0.062903	0.260861	0.286637	0.283722	0.262702	1.719830
45.000000	159.423000	0.000293	0.006619	0.004177	0.004825	0.039758	0.042671	0.004145	0.004031	0.212995	0.206761	0.072024	0.067384	0.255085	0.268312	0.283944	0.274389	1.747410
57.857100	159.423000	0.000407	0.008673	0.003566	0.003784	0.024011	0.046166	0.002298	0.008025	0.181644	0.229626	0.066788	0.044750	0.271161	0.262078	0.284675	0.284835	1.722490
70.714300	159.423000	0.001361	0.006873	0.001076	0.000911	0.015412	0.053774	0.001627	0.012557	0.153574	0.245995	0.068931	0.025250	0.259356	0.250875	0.289629	0.295671	1.682870
83.571400	159.423000	0.002671	0.005856	0.000402	0.000095	0.008146	0.053411	0.007390	0.013691	0.124934	0.260357	0.092713	0.024045	0.254238	0.238091	0.292631	0.295018	1.673690
96.428600	159.423000	0.004598	0.003134	0.000153	0.000056	0.007318	0.053372	0.008337	0.015388	0.091037	0.257241	0.130242	0.023793	0.241976	0.250129	0.296097	0.298913	1.681780
109.286000	159.423000	0.007443	0.001455	0.000800	0.001844	0.002610	0.055064	0.015647	0.013178	0.065473	0.252291	0.152034	0.029108	0.264565	0.249229	0.301418	0.283619	1.695780
122.143000	159.423000	0.008417	0.000596	0.003583	0.003258	0.002644	0.046892	0.023185	0.007808	0.067770	0.242271	0.178233	0.042447	0.256588	0.267200	0.291248	0.286516	1.728660
135.000000	159.423000	0.005519	0.000412	0.005483	0.005662	0.006380	0.042169	0.042288	0.004705	0.069568	0.209878	0.212884	0.072208	0.269391	0.263077	0.271567	0.282705	1.763890
147.857000	159.423000	0.004289	0.000234	0.009099	0.004752	0.007957	0.024912	0.045550	0.003401	0.043684	0.180770	0.236997	0.073483	0.285863	0.249963	0.265424	0.279771	1.716150
160.714000	159.423000	0.001109	0.001198	0.007304	0.001618	0.012894	0.018060	0.054822	0.003078	0.027399	0.144758	0.252999	0.067602	0.295226	0.254444	0.252469	0.287303	1.682280
173.571000	159.423000	0.000374	0.002990	0.005740	0.000164	0.015830	0.010784	0.053783	0.006987	0.024392	0.130117	0.247300	0.095414	0.283788	0.246818	0.241379	0.298164	1.664020
186.429000	159.423000	0.000249	0.005241	0.003100	0.000506	0.016013	0.006826	0.053857	0.009346	0.024322	0.091344	0.249987	0.123381	0.296684	0.235468	0.238407	0.304426	1.659160
199.286000	159.423000	0.001510	0.006356	0.001336	0.001168	0.013429	0.002813	0.054037	0.014016	0.026512	0.067930	0.248137	0.147284	0.298969	0.251609	0.258106	0.292975	1.686190
212.143000	159.423000	0.003330	0.008671	0.000425	0.004089	0.009128	0.002286	0.045091	0.023901	0.045505	0.064793	0.224799	0.184935	0.276356	0.267969	0.258657	0.282484	1.702420
225.000000	159.423000	0.006132	0.006230	0.000359	0.005481	0.004096	0.003081	0.041029	0.037285	0.064191	0.068791	0.210764	0.212167	0.281357	0.273442	0.253435	0.273020	1.740860
237.857000	159.423000	0.004009	0.002707	0.000251	0.011022	0.004118	0.006252	0.024310	0.046734	0.069993	0.045627	0.183254	0.232433	0.286733	0.281789	0.259412	0.253850	1.712500
250.714000	159.423000	0.001530	0.000584	0.001923	0.008088	0.003253	0.010980	0.013623	0.047610	0.066011	0.025962	0.148971	0.245462	0.289450	0.295852	0.257907	0.255702	1.672910
263.571000	159.423000	0.000214	0.000360	0.002561	0.005796	0.005777	0.013641	0.009170	0.054844	0.090791	0.019341	0.125859	0.248335	0.289180	0.303907	0.250365	0.238732	1.658870
276.429000	159.423000	0.000367	0.000425	0.004385	0.002351	0.007320	0.015173	0.005364	0.055589	0.128386	0.022623	0.092666	0.250574	0.296331	0.288615	0.245177	0.253999	1.669340
289.286000	159.423000	0.000585	0.001091	0.007025	0.001656	0.014406	0.013712	0.001857	0.051771	0.143984	0.026728	0.065716	0.244887	0.292765	0.280559	0.249458	0.252298	1.648500
302.143000	159.423000	0.003952	0.003850	0.008624	0.000384	0.025935	0.007493	0.002890	0.047933	0.179307	0.041722	0.074672	0.239219	0.292646	0.283497	0.269772	0.249968	1.731860
315.000000	159.423000	0.005038	0.005259	0.005060	0.000534	0.038716	0.005584	0.003574	0.039480	0.207767	0.068449	0.068312	0.202216	0.275277	0.285514	0.268902	0.262744	1.742430
327.857000	159.423000	0.008113	0.004275	0.002971	0.000328	0.044362	0.002825	0.007176	0.024591	0.235867	0.076706	0.042067	0.177133	0.260087	0.275605	0.287155	0.259375	1.708630
340.714000	159.423000	0.008915	0.000852	0.001096	0.001689	0.052276	0.002475	0.012704	0.015199	0.252958	0.071218	0.025929	0.147335	0.248742	0.282179	0.282499	0.254769	1.660830
353.571000	159.423000	0.005807	0.000096	0.000317	0.003535	0.057296	0.006148	0.015966	0.008809	0.248978	0.096307	0.023990	0.131020	0.245282	0.303304	0.290399	0.258873	1.696130
7.500000	162.388000	0.003057	0.000387	0.000155	0.003409	0.050887	0.009480	0.006253	0.009632	0.240005	0.126217	0.027020	0.091636	0.252282	0.297617	0.296793	0.240564	1.655390
22.500000	162.388000	0.000301	0.000359	0.003488	0.005685	0.047426	0.015340	0.006914	0.003118	0.222965	0.155612	0.034328	0.068412	0.257359	0.282345	0.300685	0.250326	1.654660
37.500000	162.388000	0.000376	0.003885	0.002241	0.004052	0.037520	0.026205	0.005780	0.003469	0.211828	0.185990	0.056787	0.062789	0.250503	0.272248	0.293210	0.253191	1.670070
52.500000	162.388000	0.000491	0.003414	0.001800	0.002471	0.025182	0.037313	0.003522	0.004616	0.188396	0.218973	0.067159	0.060025	0.249045	0.265287	0.299282	0.272644	1.699620
67.500000	162.388000	0.001328	0.006370	0.003210	0.000421	0.013429	0.048427	0.003010	0.014265	0.151954	0.232928	0.068109	0.036663	0.251677	0.249345	0.297653	0.286791	1.665580
82.500000	162.388000	0.002637	0.003575	0.000402	0.000319	0.010348	0.051589	0.007754	0.010394	0.125713	0.239442	0.094772	0.029909	0.245650	0.238722	0.289839	0.295042	1.646110
97.500000	162.388000	0.004110	0.002270	0.000530	0.000398	0.007166	0.053674	0.009339	0.008130	0.087892	0.238589	0.131750	0.028847	0.244729	0.247510	0.290420	0.297173	1.652530
112.500000	162.388000	0.005020	0.001084	0.000560	0.003584	0.003219	0.047335	0.014784	0.008234	0.068483	0.231925	0.154900	0.034651	0.246704	0.253795	0.287645	0.298289	1.660210
127.500000	162.388000	0.004246	0.000632	0.002070	0.002582	0.002862	0.036872	0.025607	0.005933	0.064258	0.220282	0.183888	0.055220	0.263654	0.256876	0.283580	0.288802	1.697360
142.500000	162.388000	0.002829	0.000123	0.004005	0.002726	0.006430	0.023939	0.033038	0.003881	0.057804	0.193644	0.214071	0.064075	0.278370	0.260754	0.261498	0.288784	1.695970
157.500000	162.388000	0.000265	0.000887	0.004891	0.003528	0.014981	0.012977	0.044335	0.002197	0.036111	0.163863	0.232717	0.063317	0.286819	0.254721	0.249022	0.296883	1.667510
172.500000	162.388000	0.000084	0.001982	0.004370	0.000396	0.009044	0.010982	0.054243	0.008486	0.025704	0.130886	0.233358	0.088548	0.296006	0.243091	0.235460	0.292861	1.635500
187.500000	162.388000	0.000000	0.002775	0.002138	0.000329	0.009563	0.008487	0.050823	0.009650	0.025407	0.089549	0.251571	0.133091	0.301421	0.242993	0.248336	0.288256	1.664390
202.500000	162.388000	0.004491	0.005333	0.001171	0.000482	0.013902	0.001895	0.051565	0.014784	0.033675	0.070984	0.224452	0.155164	0.292803	0.262360	0.252283	0.292947	1.678290
217.500000	162.388000	0.002497	0.004367	0.000428	0.001978	0.006478	0.003498	0.040743	0.023477	0.056679	0.063636	0.209733	0.182427	0.296199	0.262632	0.255308	0.277033	1.687110
232.500000	162.388000	0.002615	0.003181	0.000989	0.003969	0.003210	0.005312	0.024357	0.036516	0.067036	0.061299	0.193117	0.216011	0.291875	0.271960	0.256553	0.257046	1.695050
247.500000	162.388000	0.003693	0.000690	0.001250	0.006987	0.002811	0.007373	0.014132	0.043906	0.070745	0.035802	0.156766	0.231508	0.296964	0.283210	0.249012	0.249009	1.653860
262.500000	162.388000	0.000894	0.000180	0.003108	0.004506	0.008946	0.009863	0.009064	0.048148	0.091503	0.028227	0.128284	0.240364	0.298259	0.300469	0.242448	0.245318	1.659580
277.500000	162.388000	0.000056	0.000299	0.003300	0.002729	0.012196	0.009020	0.009095	0.049753	0.128934	0.027321	0.090366	0.232622	0.293735	0.296011	0.238217	0.250120	1.643770
292.500000	162.388000	0.000580	0.002919	0.005221	0.000457	0.015237	0.012497	0.001859	0.048585	0.156380	0.039034	0.066131	0.227443	0.286582	0.293370	0.248270	0.258829	1.663390
307.500000	162.388000	0.002538	0.002064	0.003694	0.000244	0.025860	0.005419	0.002789	0.037721	0.191401	0.052788	0.064284	0.223025	0.276383	0.291037	0.266313	0.266525	1.712080
322.500000	162.388000	0.003801	0.002039	0.001891	0.000782	0.039422	0.002827	0.005448	0.023649	0.214062	0.065951	0.056528	0.190242	0.264523	0.295111	0.281834	0.257266	1.705380
337.500000	162.388000	0.006315	0.003853	0.000602	0.000655	0.041553	0.002864	0.006283	0.013722	0.229982	0.066920	0.039282	0.160759	0.250697	0.295324	0.304553	0.248715	1.672080
352.500000	162.388000	0.004289	0.000812	0.000079	0.001594	0.047150	0.009003	0.010024	0.012228	0.239460	0.092790	0.031037	0.126641	0.238103	0.299679	0.285882	0.252940	1.651710
9.000000	165.341000	0.000715	0.000076	0.000292	0.003006	0.041870	0.017375	0.006586	0.008674	0.220525	0.138838	0.036723	0.094533	0.250174	0.292023	0.296607	0.250597	1.658610
27.000000	165.341000	0.000526	0.000563	0.000514	0.001493	0.037691	0.015323	0.004754	0.002454	0.217675	0.161821	0.046695	0.068888	0.245999	0.274525	0.294788	0.256087	1.629800
45.000000	165.341000	0.000383	0.001878	0.001371	0.001056	0.026740	0.026528	0.004684	0.003690	0.196521	0.195588	0.059577	0.061908	0.245256	0.259085	0.299021	0.269689	1.652980
63.000000	165.341000	0.000509	0.002436	0.000227	0.000422	0.013693	0.035484	0.002685	0.005327	0.166346	0.219167	0.068042	0.048740	0.249580	0.254120	0.307245	0.270035	1.644060
81.000000	165.341000	0.001505	0.003272	0.000105	0.000167	0.016904	0.043995	0.011392	0.008057	0.129720	0.222934	0.090148	0.033883	0.237940	0.238430	0.296546	0.290828	1.625830
99.000000	165.341000	0.002547	0.001856	0.000151	0.000496	0.009956	0.047332	0.017917	0.006738	0.092194	0.209395	0.138173	0.031529	0.243488	0.245554	0.294859	0.296845	1.639030
117.000000	165.341000	0.002193	0.000613	0.000422	0.001008	0.002528	0.034860	0.013774	0.003755	0.065751	0.214481	0.165336	0.048092	0.249129	0.252091	0.281083	0.304028	1.639140
135.000000	165.341000	0.001546	0.000226	0.002602	0.000775	0.004593	0.025624	0.026952	0.003332	0.060585	0.191185	0.201270	0.062915	0.255325	0.248516	0.259436	0.297444	1.642330
153.000000	165.341000	0.001001	0.000581	0.001421	0.001093	0.006173	0.014428	0.037530	0.003616	0.045706	0.166802	0.218607	0.073815	0.275726	0.244751	0.250928	0.295718	1.637900
171.000000	165.341000	0.000484	0.001773	0.002376	0.000605	0.010290	0.017432	0.043114	0.011257	0.031917	0.135200	0.209713	0.091170	0.286404	0.238037	0.237961	0.302349	1.620080
189.000000	165.341000	0.000407	0.002070	0.001115	0.000000	0.007912	0.010389	0.043079	0.015235	0.034857	0.091578	0.230004	0.130232	0.291566	0.236198	0.245340	0.288328	1.628310
207.000000	165.341000	0.000341	0.002261	0.000684	0.000305	0.004899	0.001718	0.036027	0.013001	0.044790	0.069479	0.219284	0.167853	0.305477	0.258720	0.256588	0.276480	1.657910
225.000000	165.341000	0.000936	0.002024	0.000193	0.001758	0.004304	0.005171	0.024754	0.021286	0.061273	0.064322	0.190070	0.203324	0.301944	0.266932	0.257257	0.265289	1.670840
243.000000	165.341000	0.001007	0.000307	0.000621	0.002670	0.003073	0.003823	0.015721	0.037003	0.068643	0.045074	0.167599	0.215419	0.301206	0.285127	0.245387	0.248758	1.641440
261.000000	165.341000	0.000172	0.000288	0.001351	0.002534	0.012353	0.009027	0.016822	0.046696	0.088879	0.034680	0.136921	0.227108	0.293101	0.287844	0.250296	0.239299	1.647370
279.000000	165.341000	0.000269	0.000365	0.002242	0.001836	0.017337	0.009028	0.010846	0.039281	0.138941	0.036006	0.098311	0.225197	0.292107	0.295954	0.244002	0.249645	1.661360
297.000000	165.341000	0.000326	0.000370	0.001829	0.000943	0.013329	0.006223	0.003438	0.037043	0.160485	0.045962	0.068984	0.217561	0.274850	0.307487	0.260374	0.251022	1.650230
315.000000	165.341000	0.002510	0.001306	0.002236	0.000463	0.025137	0.003604	0.003717	0.022673	0.196533	0.063342	0.058400	0.200976	0.268346	0.303404	0.263133	0.254199	1.669980
333.000000	165.341000	0.001915	0.000364	0.000140	0.000444	0.041213	0.002928	0.004096	0.015875	0.217317	0.071194	0.045367	0.158920	0.245055	0.304086	0.282932	0.253884	1.645730
351.000000	165.341000	0.003032	0.000624	0.000020	0.001216	0.042378	0.010780	0.006438	0.019069	0.227064	0.098283	0.037510	0.136972	0.246051	0.291832	0.298515	0.235384	1.655170
11.250000	168.284000	0.000704	0.000283	0.000185	0.001708	0.033178	0.019322	0.004792	0.014173	0.207900	0.134094	0.043539	0.095246	0.229666	0.279851	0.288319	0.241796	1.594760
33.750000	168.284000	0.000367	0.000138	0.000106	0.001210	0.020573	0.015060	0.003466	0.004220	0.198981	0.177321	0.052572	0.070865	0.240498	0.271938	0.288345	0.258930	1.604590
56.250000	168.284000	0.000323	0.001282	0.000000	0.000264	0.014280	0.022392	0.004703	0.004738	0.169847	0.197252	0.066609	0.055969	0.240290	0.245788	0.287242	0.271703	1.582680
78.750000	168.284000	0.000757	0.001010	0.000173	0.000096	0.021800	0.031987	0.014953	0.007903	0.139936	0.213967	0.095029	0.045317	0.232967	0.235205	0.288046	0.276410	1.605560
101.250000	168.284000	0.001287	0.000478	0.000176	0.003395	0.013027	0.029262	0.019359	0.005594	0.094096	0.201266	0.132716	0.040664	0.243122	0.239058	0.283137	0.288385	1.595020
123.750000	168.284000	0.000875	0.000741	0.000151	0.006194	0.003946	0.022205	0.012461	0.002740	0.073386	0.196019	0.175350	0.056225	0.248888	0.243915	0.261138	0.300788	1.605020
146.250000	168.284000	0.000342	0.000420	0.001198	0.008524	0.002911	0.014701	0.020391	0.003985	0.055161	0.165844	0.205250	0.069360	0.263633	0.246663	0.264112	0.287766	1.610260
168.750000	168.284000	0.000256	0.000944	0.001192	0.002918	0.007585	0.021978	0.033601	0.012952	0.045145	0.136650	0.205121	0.096028	0.288733	0.244573	0.234022	0.292686	1.624390
191.250000	168.284000	0.000600	0.001184	0.000686	0.000039	0.007804	0.013357	0.029798	0.021212	0.044513	0.093276	0.215562	0.136905	0.279971	0.241927	0.239553	0.281063	1.607450
213.750000	168.284000	0.001944	0.000904	0.000473	0.000085	0.003158	0.003885	0.022681	0.013508	0.056548	0.070771	0.202748	0.170216	0.292955	0.255521	0.244192	0.262446	1.602030
236.250000	168.284000	0.002436	0.000229	0.000549	0.001589	0.003513	0.004158	0.012642	0.023447	0.075122	0.053608	0.174622	0.196636	0.287150	0.270497	0.241369	0.258980	1.606550
258.750000	168.284000	0.000727	0.000094	0.000923	0.000890	0.012407	0.005167	0.020183	0.031592	0.097984	0.046455	0.139284	0.206585	0.285946	0.281289	0.238919	0.242075	1.610520
281.250000	168.284000	0.000128	0.000327	0.001333	0.001093	0.020461	0.006907	0.011832	0.028960	0.139487	0.045491	0.092525	0.199875	0.276050	0.274923	0.244644	0.247642	1.591680
303.750000	168.284000	0.000436	0.000353	0.001185	0.000481	0.015271	0.004292	0.003887	0.024424	0.176989	0.055856	0.067206	0.191384	0.266639	0.286892	0.250232	0.241796	1.587320
326.250000	168.284000	0.001965	0.000411	0.000336	0.000535	0.021651	0.003114	0.004251	0.011930	0.203325	0.074514	0.056660	0.171052	0.255503	0.289737	0.271025	0.248827	1.614830
348.750000	168.284000	0.001862	0.000094	0.000131	0.000835	0.030263	0.014359	0.004641	0.020834	0.207970	0.092308	0.041788	0.133999	0.232010	0.288380	0.285191	0.235641	1.590300
15.000000	171.220000	0.000638	0.000171	0.000341	0.000803	0.018002	0.021882	0.003315	0.017941	0.191593	0.140979	0.054124	0.096109	0.243827	0.272954	0.281551	0.240331	1.584560
45.000000	171.220000	0.000103	0.000178	0.000372	0.000492	0.011946	0.015335	0.005078	0.003333	0.173135	0.168596	0.069712	0.071482	0.242154	0.259902	0.278135	0.248745	1.548700
75.000000	171.220000	0.000688	0.000720	0.000399	0.000163	0.020289	0.021973	0.020577	0.005823	0.138444	0.184336	0.095185	0.054657	0.238376	0.242585	0.296148	0.274020	1.594380
105.000000	171.220000	0.000595	0.000475	0.000201	0.000379	0.020597	0.018235	0.022579	0.004701	0.095012	0.197367	0.144515	0.054859	0.237364	0.249187	0.277260	0.283857	1.607180
135.000000	171.220000	0.000275	0.000283	0.000151	0.000140	0.004081	0.014315	0.013442	0.004314	0.074097	0.175706	0.178183	0.072543	0.258424	0.241344	0.255353	0.292473	1.585120
165.000000	171.220000	0.000328	0.000537	0.000300	0.000319	0.005795	0.020703	0.017587	0.020524	0.054158	0.142854	0.190623	0.097721	0.278015	0.241098	0.242578	0.282558	1.595700
195.000000	171.220000	0.000183	0.000719	0.000453	0.000259	0.006497	0.020504	0.022066	0.020053	0.054080	0.096272	0.181483	0.142711	0.282379	0.247222	0.234883	0.276488	1.586250
225.000000	171.220000	0.000352	0.000282	0.000375	0.000320	0.005507	0.004956	0.012967	0.012601	0.073683	0.071753	0.182008	0.179361	0.285652	0.256804	0.245771	0.259712	1.592100
255.000000	171.220000	0.000081	0.000084	0.000381	0.001062	0.019601	0.006866	0.020823	0.017655	0.097161	0.053832	0.136195	0.197195	0.281509	0.269258	0.237874	0.236382	1.575960
285.000000	171.220000	0.000098	0.000400	0.000142	0.000799	0.018098	0.004633	0.018882	0.019184	0.137629	0.051811	0.101079	0.195480	0.278748	0.290310	0.240203	0.234154	1.591650
315.000000	171.220000	0.000136	0.000251	0.000528	0.000186	0.012863	0.004642	0.005195	0.013419	0.172830	0.069237	0.073030	0.175379	0.269226	0.296382	0.256464	0.240693	1.590460
345.000000	171.220000	0.000514	0.000082	0.000079	0.000169	0.018651	0.017855	0.003955	0.021226	0.188750	0.094276	0.053445	0.136378	0.249091	0.287535	0.276781	0.242898	1.591690
22.500000	174.150000	0.000000	0.000241	0.000128	0.000560	0.011177	0.019773	0.006664	0.028799	0.173272	0.144710	0.071970	0.091270	0.239894	0.268817	0.273425	0.245153	1.575850
67.500000	174.150000	0.000231	0.000652	0.000119	0.000069	0.020590	0.011430	0.025842	0.006008	0.136954	0.172477	0.096680	0.071202	0.232182	0.245698	0.273372	0.263341	1.556850
112.500000	174.150000	0.000238	0.000092	0.000000	0.000349	0.026618	0.010972	0.019035	0.006893	0.095925	0.174474	0.146468	0.067816	0.250405	0.236891	0.266927	0.273472	1.576580
157.500000	174.150000	0.000086	0.000000	0.000241	0.000093	0.008153	0.018629	0.011586	0.025490	0.067264	0.145528	0.175241	0.094406	0.255263	0.246307	0.248194	0.276494	1.572970
202.500000	174.150000	0.000177	0.000285	0.000000	0.000000	0.009005	0.027229	0.014680	0.020878	0.069098	0.095988	0.176033	0.147291	0.273930	0.248287	0.236736	0.263798	1.583410
247.500000	174.150000	0.000583	0.000113	0.000152	0.000467	0.029317	0.007651	0.016907	0.010860	0.096805	0.071346	0.141985	0.176544	0.269036	0.268103	0.237050	0.243732	1.570650
292.500000	174.150000	0.000204	0.000258	0.000196	0.000000	0.020237	0.008346	0.031470	0.009553	0.143455	0.072910	0.090986	0.167064	0.262316	0.276065	0.244374	0.234756	1.562190
337.500000	174.150000	0.000219	0.000000	0.000084	0.000241	0.010790	0.031836	0.007327	0.018106	0.169275	0.099748	0.072710	0.141259	0.242707	0.271656	0.265655	0.232926	1.564540
45.000000	177.076000	0.000000	0.000193	0.000079	0.000056	0.018381	0.017752	0.034533	0.031938	0.154442	0.142987	0.099558	0.107288	0.244029	0.251318	0.261879	0.249403	1.613840
135.000000	177.076000	0.000097	0.000079	0.000055	0.000090	0.032883	0.018488	0.019263	0.033075	0.097276	0.149066	0.144352	0.099894	0.253000	0.238474	0.260175	0.267886	1.614150
225.000000	177.076000	0.000139	0.000179	0.000078	0.000093	0.033517	0.034650	0.020931	0.018455	0.096941	0.098342	0.145363	0.143265	0.265646	0.245776	0.240464	0.253812	1.597650
315.000000	177.076000	0.000020	0.000214	0.000083	0.000137	0.018611	0.034186	0.035144	0.017791	0.149816	0.098416	0.099666	0.142462	0.246271	0.274116	0.257606	0.240261	1.614800
