# phi	theta	PMT0	PMT1 	total
45.000000	2.924180	37.177582	0.339751	37.517300
135.000000	2.924180	37.490410	0.373470	37.863900
225.000000	2.924180	37.482945	0.369179	37.852200
315.000000	2.924180	36.934875	0.417864	37.352700
22.500000	5.850270	37.814773	0.303891	38.118600
67.500000	5.850270	36.819969	0.237526	37.057500
112.500000	5.850270	37.419384	0.307837	37.727200
157.500000	5.850270	37.201220	0.269631	37.470800
202.500000	5.850270	37.701902	0.267534	37.969400
247.500000	5.850270	36.994478	0.283792	37.278300
292.500000	5.850270	36.574774	0.292668	36.867400
337.500000	5.850270	36.987805	0.234935	37.222700
15.000000	8.780180	37.665484	0.185495	37.851000
45.000000	8.780180	39.260270	0.223210	39.483500
75.000000	8.780180	38.959092	0.204652	39.163700
105.000000	8.780180	37.927191	0.176707	38.103900
135.000000	8.780180	38.001383	0.220297	38.221700
165.000000	8.780180	38.619121	0.173586	38.792800
195.000000	8.780180	38.759701	0.227096	38.986800
225.000000	8.780180	37.643656	0.222781	37.866400
255.000000	8.780180	37.605203	0.199309	37.804500
285.000000	8.780180	38.425498	0.175585	38.601100
315.000000	8.780180	38.418599	0.218570	38.637200
345.000000	8.780180	37.764558	0.203494	37.968000
11.250000	11.715900	38.581233	0.252828	38.834000
33.750000	11.715900	39.074790	0.233950	39.308700
56.250000	11.715900	38.509530	0.285550	38.795000
78.750000	11.715900	39.070379	0.218979	39.289300
101.250000	11.715900	38.825411	0.237940	39.063400
123.750000	11.715900	37.715473	0.220255	37.935700
146.250000	11.715900	39.498905	0.251603	39.750500
168.750000	11.715900	38.980128	0.262451	39.242600
191.250000	11.715900	38.839321	0.297151	39.136500
213.750000	11.715900	39.061445	0.293158	39.354600
236.250000	11.715900	38.132463	0.256592	38.389100
258.750000	11.715900	38.638348	0.277505	38.915900
281.250000	11.715900	38.914531	0.229047	39.143600
303.750000	11.715900	39.000033	0.214899	39.214900
326.250000	11.715900	38.925728	0.248816	39.174600
348.750000	11.715900	38.663229	0.242141	38.905300
9.000000	14.659300	38.828464	0.237697	39.066200
27.000000	14.659300	39.308223	0.200999	39.509200
45.000000	14.659300	39.489631	0.250379	39.740000
63.000000	14.659300	39.213108	0.276367	39.489400
81.000000	14.659300	39.303473	0.282701	39.586100
99.000000	14.659300	39.556924	0.243168	39.800100
117.000000	14.659300	38.561781	0.265228	38.827000
135.000000	14.659300	39.368617	0.193935	39.562600
153.000000	14.659300	39.244097	0.224262	39.468300
171.000000	14.659300	39.025367	0.229654	39.255000
189.000000	14.659300	39.239460	0.232830	39.472300
207.000000	14.659300	38.701569	0.229082	38.930600
225.000000	14.659300	38.959996	0.236517	39.196500
243.000000	14.659300	38.329026	0.189143	38.518100
261.000000	14.659300	39.276443	0.231962	39.508400
279.000000	14.659300	38.916001	0.234108	39.150100
297.000000	14.659300	39.268073	0.240902	39.508900
315.000000	14.659300	38.427760	0.231319	38.659100
333.000000	14.659300	39.110077	0.200234	39.310400
351.000000	14.659300	38.841810	0.211334	39.053100
7.500000	17.612400	38.565513	0.304973	38.870500
22.500000	17.612400	38.630318	0.225544	38.855900
37.500000	17.612400	38.908876	0.289479	39.198300
52.500000	17.612400	38.811839	0.286702	39.098600
67.500000	17.612400	38.533280	0.248549	38.781800
82.500000	17.612400	38.937264	0.258032	39.195300
97.500000	17.612400	38.844750	0.234211	39.079000
112.500000	17.612400	38.548322	0.310987	38.859300
127.500000	17.612400	39.247150	0.248758	39.495900
142.500000	17.612400	38.440766	0.278949	38.719700
157.500000	17.612400	39.168661	0.285549	39.454200
172.500000	17.612400	39.316140	0.259933	39.576000
187.500000	17.612400	38.830952	0.265281	39.096200
202.500000	17.612400	38.809690	0.288934	39.098600
217.500000	17.612400	39.103291	0.280576	39.383800
232.500000	17.612400	38.521744	0.253076	38.774800
247.500000	17.612400	38.629526	0.234876	38.864400
262.500000	17.612400	39.072528	0.226376	39.298900
277.500000	17.612400	39.376421	0.276777	39.653200
292.500000	17.612400	38.679515	0.242785	38.922300
307.500000	17.612400	38.673408	0.258481	38.931900
322.500000	17.612400	39.257442	0.276507	39.533900
337.500000	17.612400	38.630883	0.262002	38.892900
352.500000	17.612400	38.567888	0.293040	38.861000
6.428570	20.577500	38.895305	0.366878	39.262200
19.285700	20.577500	38.825297	0.246990	39.072300
32.142900	20.577500	38.883656	0.287852	39.171500
45.000000	20.577500	39.339777	0.240425	39.580200
57.857100	20.577500	38.833780	0.232486	39.066300
70.714300	20.577500	38.612222	0.262870	38.875100
83.571400	20.577500	38.560084	0.271110	38.831200
96.428600	20.577500	38.770898	0.231082	39.001900
109.286000	20.577500	39.475946	0.300762	39.776700
122.143000	20.577500	38.509190	0.305833	38.815000
135.000000	20.577500	38.423123	0.323155	38.746200
147.857000	20.577500	39.042784	0.266716	39.309600
160.714000	20.577500	38.910460	0.258256	39.168800
173.571000	20.577500	38.744320	0.239748	38.984000
186.429000	20.577500	38.569471	0.264209	38.833700
199.286000	20.577500	38.695575	0.286333	38.981900
212.143000	20.577500	38.742623	0.280347	39.022900
225.000000	20.577500	38.513601	0.337743	38.851400
237.857000	20.577500	38.534637	0.323143	38.857800
250.714000	20.577500	38.914531	0.296925	39.211400
263.571000	20.577500	38.821904	0.261268	39.083200
276.429000	20.577500	38.734593	0.278398	39.013000
289.286000	20.577500	39.006706	0.316314	39.323000
302.143000	20.577500	38.279377	0.296300	38.575700
315.000000	20.577500	38.888180	0.274812	39.163000
327.857000	20.577500	39.064611	0.272136	39.336700
340.714000	20.577500	39.063254	0.329296	39.392600
353.571000	20.577500	38.893608	0.297996	39.191600
5.625000	23.556500	39.071284	0.360312	39.431600
16.875000	23.556500	38.811386	0.331494	39.142900
28.125000	23.556500	38.594466	0.281062	38.875500
39.375000	23.556500	38.499125	0.228150	38.727300
50.625000	23.556500	38.173517	0.266089	38.439600
61.875000	23.556500	38.725093	0.225144	38.950200
73.125000	23.556500	38.424367	0.254461	38.678900
84.375000	23.556500	38.672616	0.273305	38.946000
95.625000	23.556500	38.570489	0.275303	38.845800
106.875000	23.556500	38.863298	0.295201	39.158500
118.125000	23.556500	38.522310	0.304646	38.827000
129.375000	23.556500	38.392813	0.325102	38.717900
140.625000	23.556500	38.328348	0.310457	38.638800
151.875000	23.556500	38.776666	0.253163	39.029800
163.125000	23.556500	38.579311	0.238235	38.817600
174.375000	23.556500	38.660062	0.278113	38.938200
185.625000	23.556500	38.369402	0.252832	38.622200
196.875000	23.556500	37.837845	0.248148	38.086000
208.125000	23.556500	38.390438	0.276224	38.666600
219.375000	23.556500	38.482839	0.304093	38.786900
230.625000	23.556500	38.530792	0.331186	38.862000
241.875000	23.556500	38.609960	0.318628	38.928600
253.125000	23.556500	38.757778	0.332351	39.090100
264.375000	23.556500	38.912495	0.302330	39.214900
275.625000	23.556500	38.565852	0.285192	38.851100
286.875000	23.556500	38.650449	0.243798	38.894200
298.125000	23.556500	38.265918	0.234513	38.500500
309.375000	23.556500	38.644907	0.284874	38.929800
320.625000	23.556500	38.110409	0.278990	38.389400
331.875000	23.556500	38.683021	0.289176	38.972200
343.125000	23.556500	38.772255	0.336504	39.108800
354.375000	23.556500	38.873138	0.328192	39.201300
5.000000	26.551700	37.880030	0.413487	38.293500
15.000000	26.551700	38.937942	0.394927	39.332900
25.000000	26.551700	38.188220	0.422394	38.610600
35.000000	26.551700	38.630770	0.349962	38.980700
45.000000	26.551700	38.246918	0.264966	38.511800
55.000000	26.551700	38.728825	0.255080	38.983900
65.000000	26.551700	38.448005	0.300920	38.748900
75.000000	26.551700	37.959764	0.310777	38.270500
85.000000	26.551700	37.629859	0.339748	37.969600
95.000000	26.551700	38.165714	0.440102	38.605800
105.000000	26.551700	38.754385	0.404166	39.158500
115.000000	26.551700	38.365104	0.358546	38.723700
125.000000	26.551700	38.333663	0.427177	38.760800
135.000000	26.551700	38.476392	0.367867	38.844200
145.000000	26.551700	38.275871	0.426222	38.702100
155.000000	26.551700	38.330497	0.357554	38.688000
165.000000	26.551700	38.431266	0.324995	38.756300
175.000000	26.551700	38.491434	0.299443	38.790900
185.000000	26.551700	38.149541	0.318185	38.467700
195.000000	26.551700	38.102945	0.281688	38.384600
205.000000	26.551700	37.858768	0.380047	38.238800
215.000000	26.551700	38.423349	0.464879	38.888200
225.000000	26.551700	38.860697	0.415733	39.276500
235.000000	26.551700	38.751445	0.356043	39.107400
245.000000	26.551700	38.538483	0.365492	38.904000
255.000000	26.551700	38.020271	0.375881	38.396100
265.000000	26.551700	38.480577	0.397666	38.878300
275.000000	26.551700	38.488833	0.336994	38.825800
285.000000	26.551700	37.896881	0.346328	38.243200
295.000000	26.551700	38.115159	0.304666	38.419800
305.000000	26.551700	38.071164	0.331298	38.402500
315.000000	26.551700	38.318734	0.306745	38.625500
325.000000	26.551700	37.978311	0.376942	38.355200
335.000000	26.551700	38.248953	0.387550	38.636500
345.000000	26.551700	38.046057	0.406693	38.452800
355.000000	26.551700	38.898019	0.384143	39.282200
4.500000	29.565600	38.022759	0.421879	38.444600
13.500000	29.565600	38.386819	0.377385	38.764200
22.500000	29.565600	38.531357	0.417732	38.949000
31.500000	29.565600	37.338181	0.297625	37.635800
40.500000	29.565600	37.168308	0.334652	37.503000
49.500000	29.565600	37.567203	0.311972	37.879200
58.500000	29.565600	37.969716	0.259906	38.229600
67.500000	29.565600	37.911132	0.261466	38.172600
76.500000	29.565600	38.011110	0.261044	38.272200
85.500000	29.565600	37.768855	0.339911	38.108800
94.500000	29.565600	37.729837	0.358211	38.088100
103.500000	29.565600	38.269311	0.343912	38.613300
112.500000	29.565600	38.865560	0.382523	39.248100
121.500000	29.565600	38.579876	0.381511	38.961400
130.500000	29.565600	38.683021	0.384634	39.067700
139.500000	29.565600	38.497994	0.296746	38.794700
148.500000	29.565600	37.864762	0.382402	38.247200
157.500000	29.565600	37.658925	0.337057	37.995900
166.500000	29.565600	37.669216	0.370419	38.039600
175.500000	29.565600	37.522982	0.269902	37.792900
184.500000	29.565600	37.640716	0.310174	37.950900
193.500000	29.565600	38.195345	0.268199	38.463600
202.500000	29.565600	37.805386	0.303440	38.108800
211.500000	29.565600	37.943930	0.333946	38.277900
220.500000	29.565600	38.351080	0.338895	38.690000
229.500000	29.565600	38.364652	0.414901	38.779500
238.500000	29.565600	38.833667	0.356560	39.190200
247.500000	29.565600	38.068902	0.397020	38.465900
256.500000	29.565600	37.945513	0.409813	38.355400
265.500000	29.565600	37.544922	0.319601	37.864500
274.500000	29.565600	37.486790	0.311205	37.798000
283.500000	29.565600	38.141737	0.280993	38.422700
292.500000	29.565600	37.846666	0.264207	38.110900
301.500000	29.565600	37.626126	0.278793	37.904900
310.500000	29.565600	37.753587	0.269195	38.022700
319.500000	29.565600	37.805725	0.277533	38.083300
328.500000	29.565600	37.942347	0.348281	38.290600
337.500000	29.565600	37.945853	0.353770	38.299600
346.500000	29.565600	38.122284	0.346206	38.468500
355.500000	29.565600	38.717968	0.343523	39.061500
4.090910	32.600500	38.564721	0.424723	38.989500
12.272700	32.600500	37.613233	0.444054	38.057300
20.454500	32.600500	37.504207	0.376563	37.880700
28.636400	32.600500	37.932394	0.413644	38.346000
36.818200	32.600500	37.623186	0.377625	38.000800
45.000000	32.600500	37.663335	0.404245	38.067600
53.181800	32.600500	38.157231	0.382149	38.539300
61.363600	32.600500	37.591405	0.296558	37.888000
69.545500	32.600500	37.585524	0.340888	37.926400
77.727300	32.600500	37.319067	0.432827	37.751900
85.909100	32.600500	37.700318	0.391500	38.091800
94.090900	32.600500	38.061890	0.514932	38.576800
102.273000	32.600500	37.905703	0.436915	38.342600
110.455000	32.600500	37.691610	0.424052	38.115700
118.636000	32.600500	38.697837	0.484923	39.182700
126.818000	32.600500	37.998669	0.408599	38.407300
135.000000	32.600500	38.168654	0.452897	38.621600
143.182000	32.600500	37.723729	0.452816	38.176500
151.364000	32.600500	37.617305	0.397460	38.014800
159.545000	32.600500	37.811041	0.338354	38.149400
167.727000	32.600500	36.937703	0.364356	37.302000
175.909000	32.600500	37.120016	0.368320	37.488300
184.091000	32.600500	37.445736	0.348146	37.793900
192.273000	32.600500	37.383193	0.374573	37.757700
200.455000	32.600500	37.212869	0.403543	37.616400
208.636000	32.600500	37.955918	0.389913	38.345900
216.818000	32.600500	37.800749	0.426255	38.227000
225.000000	32.600500	37.961799	0.420393	38.382200
233.182000	32.600500	38.320205	0.427983	38.748200
241.364000	32.600500	38.910234	0.474431	39.384600
249.545000	32.600500	37.723164	0.442726	38.165900
257.727000	32.600500	37.255393	0.454099	37.709500
265.909000	32.600500	37.958406	0.384030	38.342400
274.091000	32.600500	37.738093	0.372382	38.110500
282.273000	32.600500	37.248381	0.354438	37.602800
290.455000	32.600500	37.545827	0.379228	37.925100
298.636000	32.600500	37.722938	0.371565	38.094500
306.818000	32.600500	37.350734	0.364731	37.715500
315.000000	32.600500	37.647162	0.393185	38.040300
323.182000	32.600500	37.706652	0.367548	38.074200
331.364000	32.600500	38.110409	0.476718	38.587100
339.545000	32.600500	37.588352	0.493777	38.082100
347.727000	32.600500	38.345765	0.366383	38.712200
355.909000	32.600500	38.337282	0.451371	38.788600
3.750000	35.659100	38.160285	0.632301	38.792600
11.250000	35.659100	37.405813	0.615053	38.020800
18.750000	35.659100	37.642865	0.650068	38.293000
26.250000	35.659100	37.934204	0.615045	38.549300
33.750000	35.659100	37.217166	0.635899	37.853000
41.250000	35.659100	37.253018	0.665226	37.918300
48.750000	35.659100	37.084616	0.577429	37.662100
56.250000	35.659100	37.272019	0.510856	37.782900
63.750000	35.659100	37.182898	0.518025	37.700900
71.250000	35.659100	37.076247	0.529833	37.606100
78.750000	35.659100	37.391449	0.566033	37.957500
86.250000	35.659100	37.135963	0.684031	37.820000
93.750000	35.659100	37.415313	0.679679	38.095000
101.250000	35.659100	37.781409	0.633411	38.414800
108.750000	35.659100	37.319067	0.669118	37.988200
116.250000	35.659100	38.149428	0.669692	38.819200
123.750000	35.659100	37.791927	0.629293	38.421300
131.250000	35.659100	38.008056	0.662694	38.670800
138.750000	35.659100	36.869392	0.622079	37.491500
146.250000	35.659100	37.227911	0.657848	37.885800
153.750000	35.659100	37.062675	0.671917	37.734600
161.250000	35.659100	37.187648	0.542443	37.730100
168.750000	35.659100	37.741938	0.633430	38.375300
176.250000	35.659100	36.924697	0.519435	37.444200
183.750000	35.659100	36.770884	0.571277	37.342100
191.250000	35.659100	37.429676	0.699297	38.129000
198.750000	35.659100	37.324609	0.492770	37.817400
206.250000	35.659100	37.143314	0.621764	37.765100
213.750000	35.659100	36.770206	0.687649	37.457800
221.250000	35.659100	37.480231	0.614357	38.094600
228.750000	35.659100	37.854809	0.632622	38.487400
236.250000	35.659100	37.979556	0.699592	38.679200
243.750000	35.659100	38.430362	0.695698	39.126100
251.250000	35.659100	36.795087	0.598737	37.393800
258.750000	35.659100	37.502511	0.622185	38.124700
266.250000	35.659100	37.487356	0.646470	38.133800
273.750000	35.659100	37.476385	0.641400	38.117800
281.250000	35.659100	36.598072	0.595230	37.193300
288.750000	35.659100	37.608709	0.645269	38.254000
296.250000	35.659100	37.266364	0.549569	37.815900
303.750000	35.659100	36.924923	0.542954	37.467900
311.250000	35.659100	36.803004	0.599253	37.402300
318.750000	35.659100	37.038586	0.596496	37.635000
326.250000	35.659100	37.023091	0.598214	37.621300
333.750000	35.659100	37.030556	0.724193	37.754800
341.250000	35.659100	37.455576	0.647107	38.102700
348.750000	35.659100	37.918370	0.747757	38.666100
356.250000	35.659100	37.995615	0.667396	38.663100
3.461540	38.744200	38.386027	1.035785	39.421800
10.384600	38.744200	37.018002	0.995877	38.013900
17.307700	38.744200	36.896196	0.991563	37.887800
24.230800	38.744200	36.705853	0.985033	37.690900
31.153800	38.744200	37.428093	1.054158	38.482200
38.076900	38.744200	37.033157	0.919203	37.952400
45.000000	38.744200	37.173398	0.877527	38.050900
51.923100	38.744200	37.037455	0.954984	37.992400
58.846200	38.744200	36.422318	0.873238	37.295500
65.769200	38.744200	36.612096	0.818188	37.430300
72.692300	38.744200	36.984978	0.864673	37.849700
79.615400	38.744200	37.059735	0.853042	37.912800
86.538500	38.744200	37.412938	0.971287	38.384300
93.461500	38.744200	36.742271	0.998972	37.741300
100.385000	38.744200	37.464397	0.997552	38.461900
107.308000	38.744200	36.871880	0.895970	37.767800
114.231000	38.744200	37.720450	1.056778	38.777200
121.154000	38.744200	37.962591	0.960890	38.923400
128.077000	38.744200	37.305382	1.000513	38.305900
135.000000	38.744200	36.466766	0.973146	37.440000
141.923000	38.744200	37.322686	0.934455	38.257100
148.846000	38.744200	37.158356	1.019928	38.178200
155.769000	38.744200	36.303905	1.036462	37.340300
162.692000	38.744200	36.717276	1.001937	37.719200
169.615000	38.744200	37.130081	0.902871	38.032900
176.538000	38.744200	36.640596	0.905297	37.545900
183.462000	38.744200	36.566857	0.869124	37.436000
190.385000	38.744200	36.509629	0.844863	37.354500
197.308000	38.744200	36.913274	0.974265	37.887500
204.231000	38.744200	37.105539	0.921769	38.027300
211.154000	38.744200	37.145350	0.953891	38.099300
218.077000	38.744200	37.240464	1.084510	38.325000
225.000000	38.744200	36.798593	1.044211	37.842800
231.923000	38.744200	37.598870	0.955326	38.554200
238.846000	38.744200	37.906834	0.895254	38.802100
245.769000	38.744200	37.679056	0.985641	38.664700
252.692000	38.744200	37.189684	0.971738	38.161500
259.615000	38.744200	36.893934	0.980463	37.874400
266.538000	38.744200	37.935221	0.943449	38.878700
273.462000	38.744200	36.685157	1.023529	37.708700
280.385000	38.744200	36.795200	0.901592	37.696800
287.308000	38.744200	37.208232	0.914278	38.122600
294.231000	38.744200	36.611191	0.967042	37.578300
301.154000	38.744200	36.924584	0.867005	37.791600
308.077000	38.744200	36.514266	0.893185	37.407500
315.000000	38.744200	36.768622	0.887557	37.656200
321.923000	38.744200	36.988257	0.990228	37.978500
328.846000	38.744200	37.043675	0.971738	38.015500
335.769000	38.744200	36.651680	0.965791	37.617500
342.692000	38.744200	37.319519	0.978277	38.297800
349.615000	38.744200	37.050122	1.093587	38.143700
356.538000	38.744200	38.058837	0.976759	39.035600
3.214290	41.858800	37.175320	1.404511	38.579800
9.642860	41.858800	37.042318	1.407010	38.449300
16.071400	41.858800	36.723157	1.421170	38.144400
22.500000	41.858800	37.170005	1.412360	38.582300
28.928600	41.858800	36.535416	1.447114	37.982600
35.357100	41.858800	36.892125	1.417958	38.310000
41.785700	41.858800	36.509856	1.291402	37.801200
48.214300	41.858800	37.124540	1.300348	38.424900
54.642900	41.858800	36.770545	1.397894	38.168400
61.071400	41.858800	36.980567	1.389898	38.370500
67.500000	41.858800	36.512570	1.371011	37.883600
73.928600	41.858800	35.901392	1.310651	37.212000
80.357100	41.858800	36.748039	1.477673	38.225700
86.785700	41.858800	36.801986	1.423771	38.225800
93.214300	41.858800	36.736842	1.530015	38.266800
99.642900	41.858800	36.982263	1.349296	38.331600
106.071000	41.858800	37.426396	1.450903	38.877300
112.500000	41.858800	38.014503	1.323454	39.338000
118.929000	41.858800	37.956257	1.459623	39.415900
125.357000	41.858800	37.596382	1.470424	39.066800
131.786000	41.858800	36.994252	1.398777	38.393000
138.214000	41.858800	37.348359	1.405178	38.753600
144.643000	41.858800	37.438272	1.444061	38.882300
151.071000	41.858800	36.733449	1.374359	38.107800
157.500000	41.858800	37.175660	1.414124	38.589800
163.929000	41.858800	36.734128	1.397408	38.131500
170.357000	41.858800	36.576244	1.302757	37.879000
176.786000	41.858800	36.788414	1.262924	38.051400
183.214000	41.858800	36.615149	1.234582	37.849700
189.643000	41.858800	37.001603	1.380817	38.382500
196.071000	41.858800	36.758557	1.355268	38.113900
202.500000	41.858800	36.744193	1.409623	38.153900
208.929000	41.858800	36.742610	1.403470	38.146000
215.357000	41.858800	36.664007	1.423941	38.087900
221.786000	41.858800	37.072515	1.493281	38.565800
228.214000	41.858800	36.977174	1.360357	38.337500
234.643000	41.858800	37.545488	1.422414	38.968000
241.071000	41.858800	38.173065	1.500926	39.674000
247.500000	41.858800	37.846666	1.337365	39.184000
253.929000	41.858800	37.153040	1.450960	38.604000
260.357000	41.858800	37.012008	1.350382	38.362400
266.786000	41.858800	37.687086	1.375037	39.062100
273.214000	41.858800	36.857178	1.389265	38.246500
279.643000	41.858800	36.805379	1.254340	38.059700
286.071000	41.858800	37.545262	1.265276	38.810600
292.500000	41.858800	37.090497	1.369394	38.459900
298.929000	41.858800	36.364186	1.339446	37.703700
305.357000	41.858800	37.014609	1.287217	38.301800
311.786000	41.858800	36.830374	1.367256	38.197700
318.214000	41.858800	36.643537	1.372470	38.016000
324.643000	41.858800	36.933066	1.439978	38.373000
331.071000	41.858800	36.984978	1.418557	38.403600
337.500000	41.858800	37.457159	1.427096	38.884200
343.929000	41.858800	37.646710	1.396560	39.043300
350.357000	41.858800	37.623412	1.475705	39.099100
356.786000	41.858800	38.064718	1.467053	39.531700
3.000000	45.006100	38.324502	1.974657	40.299100
9.000000	45.006100	37.565167	1.962420	39.527600
15.000000	45.006100	37.154624	2.146938	39.301500
21.000000	45.006100	37.312394	1.975166	39.287500
27.000000	45.006100	37.288983	2.081432	39.370400
33.000000	45.006100	37.486790	2.081998	39.568800
39.000000	45.006100	37.446980	1.991022	39.438000
45.000000	45.006100	36.861815	1.901257	38.763100
51.000000	45.006100	37.099206	1.865280	38.964500
57.000000	45.006100	36.747021	1.918006	38.665000
63.000000	45.006100	37.287739	1.964795	39.252500
69.000000	45.006100	36.752336	1.897739	38.650000
75.000000	45.006100	37.833999	1.932472	39.766500
81.000000	45.006100	37.736962	2.027937	39.764900
87.000000	45.006100	37.430581	1.974125	39.404700
93.000000	45.006100	36.880476	1.885253	38.765800
99.000000	45.006100	37.156094	1.908371	39.064400
105.000000	45.006100	37.337615	2.036306	39.373900
111.000000	45.006100	37.766819	2.068211	39.835000
117.000000	45.006100	38.195006	2.082744	40.277700
123.000000	45.006100	38.772142	2.103056	40.875200
129.000000	45.006100	38.154178	2.006290	40.160400
135.000000	45.006100	37.397670	1.950759	39.348400
141.000000	45.006100	36.788641	2.008518	38.797200
147.000000	45.006100	36.841796	2.042787	38.884600
153.000000	45.006100	37.311263	1.957952	39.269200
159.000000	45.006100	37.044127	2.089688	39.133800
165.000000	45.006100	37.531351	1.882777	39.414100
171.000000	45.006100	36.908976	1.912544	38.821500
177.000000	45.006100	37.336258	1.950431	39.286700
183.000000	45.006100	37.109158	1.945127	39.054300
189.000000	45.006100	37.367473	1.997514	39.365000
195.000000	45.006100	37.449921	1.926738	39.376700
201.000000	45.006100	37.319633	1.959818	39.279500
207.000000	45.006100	37.220899	2.092482	39.313300
213.000000	45.006100	37.283102	2.084452	39.367600
219.000000	45.006100	37.193077	2.174873	39.367900
225.000000	45.006100	37.288983	1.947864	39.236900
231.000000	45.006100	37.559399	2.055239	39.614700
237.000000	45.006100	38.279037	2.007410	40.286500
243.000000	45.006100	38.211857	2.130256	40.342200
249.000000	45.006100	37.941329	2.036431	39.977700
255.000000	45.006100	37.478082	1.945353	39.423400
261.000000	45.006100	37.094456	2.016322	39.110800
267.000000	45.006100	37.282876	1.978310	39.261200
273.000000	45.006100	37.427754	2.146203	39.573900
279.000000	45.006100	37.107349	1.788114	38.895500
285.000000	45.006100	36.566970	1.776748	38.343700
291.000000	45.006100	37.267834	1.843272	39.111100
297.000000	45.006100	37.271340	1.947830	39.219200
303.000000	45.006100	37.477064	1.824758	39.301800
309.000000	45.006100	36.634037	1.932867	38.566900
315.000000	45.006100	37.080432	1.993069	39.073500
321.000000	45.006100	37.044014	1.869782	38.913800
327.000000	45.006100	36.736050	1.990129	38.726200
333.000000	45.006100	36.897666	2.090491	38.988200
339.000000	45.006100	37.138677	2.120620	39.259300
345.000000	45.006100	37.365550	1.999708	39.365300
351.000000	45.006100	38.101135	2.075777	40.176900
357.000000	45.006100	38.210274	1.973865	40.184200
2.812500	48.189700	37.560304	2.806997	40.367300
8.437500	48.189700	37.054193	2.871813	39.926000
14.062500	48.189700	36.665138	2.819912	39.485100
19.687500	48.189700	36.570476	2.923860	39.494300
25.312500	48.189700	36.734241	2.771665	39.505900
30.937500	48.189700	36.795653	2.723259	39.518900
36.562500	48.189700	36.388728	2.693741	39.082500
42.187500	48.189700	36.525237	2.790213	39.315400
47.812500	48.189700	36.565047	2.683370	39.248400
53.437500	48.189700	36.822004	2.738516	39.560500
59.062500	48.189700	36.669210	2.812086	39.481300
64.687500	48.189700	36.236386	2.753095	38.989500
70.312500	48.189700	36.917798	2.712911	39.630800
75.937500	48.189700	36.204380	2.798763	39.003100
81.562500	48.189700	36.318721	2.809134	39.127900
87.187500	48.189700	36.977174	2.770896	39.748100
92.812500	48.189700	36.694996	2.806103	39.501200
98.437500	48.189700	37.186856	2.946287	40.133200
104.062000	48.189700	36.579863	2.820206	39.400100
109.688000	48.189700	36.939739	2.813036	39.752800
115.312000	48.189700	38.175327	2.803932	40.979300
120.938000	48.189700	37.740128	2.860096	40.600300
126.562000	48.189700	37.168987	2.802043	39.971000
132.188000	48.189700	36.737747	2.937941	39.675700
137.812000	48.189700	36.342245	2.804169	39.146400
143.437000	48.189700	36.848808	2.754339	39.603100
149.062000	48.189700	36.489724	2.931687	39.421400
154.688000	48.189700	36.555321	2.822842	39.378100
160.312000	48.189700	36.677127	2.855255	39.532400
165.938000	48.189700	35.951607	2.732386	38.684000
171.562000	48.189700	37.117528	2.753637	39.871200
177.188000	48.189700	36.336817	2.869212	39.206100
182.812000	48.189700	36.526933	2.791152	39.318100
188.438000	48.189700	37.016419	2.711441	39.727900
194.062000	48.189700	36.514606	2.688912	39.203500
199.687000	48.189700	36.419152	2.859485	39.278700
205.312000	48.189700	36.399246	2.930397	39.329600
210.938000	48.189700	36.636525	2.797157	39.433700
216.562000	48.189700	37.177922	2.900619	40.078500
222.188000	48.189700	36.684704	2.893007	39.577700
227.812000	48.189700	37.712533	2.863093	40.575600
233.438000	48.189700	37.257090	2.887454	40.144500
239.062000	48.189700	37.246459	2.950314	40.196800
244.687000	48.189700	37.218637	2.831742	40.050400
250.312000	48.189700	37.360121	2.890813	40.250900
255.937000	48.189700	36.990746	2.922017	39.912800
261.562000	48.189700	36.468914	2.951252	39.420100
267.188000	48.189700	37.065050	2.875681	39.940700
272.812000	48.189700	36.782760	2.865264	39.648000
278.438000	48.189700	35.867124	2.885498	38.752600
284.062000	48.189700	36.168754	2.878859	39.047600
289.688000	48.189700	36.970049	2.720749	39.690700
295.312000	48.189700	36.102366	2.840123	38.942500
300.938000	48.189700	36.393592	2.730769	39.124300
306.562000	48.189700	36.506689	2.671755	39.178400
312.187000	48.189700	36.672490	2.800550	39.473000
317.812000	48.189700	36.398455	2.807585	39.206000
323.438000	48.189700	36.861475	2.862471	39.723900
329.062000	48.189700	36.499790	2.925862	39.425600
334.688000	48.189700	36.348692	2.841537	39.190200
340.312000	48.189700	36.959644	2.804407	39.764100
345.938000	48.189700	37.003186	2.832534	39.835700
351.562000	48.189700	36.880928	2.926654	39.807600
357.187000	48.189700	37.713098	2.838178	40.551300
0.000000	51.317800	37.058717	3.621117	40.679900
5.625000	51.317800	36.279137	3.774510	40.053600
11.250000	51.317800	35.965744	3.832484	39.798300
16.875000	51.317800	36.190921	4.035596	40.226500
22.500000	51.317800	35.790104	3.805703	39.595800
28.125000	51.317800	36.106551	3.965385	40.071900
33.750000	51.317800	35.654048	3.860544	39.514600
39.375000	51.317800	36.259006	3.575968	39.834900
45.000000	51.317800	35.877755	3.621298	39.499000
50.625000	51.317800	35.707882	3.582663	39.290600
56.250000	51.317800	35.957941	3.538759	39.496700
61.875000	51.317800	35.455562	3.584360	39.039900
67.500000	51.317800	35.703132	3.649289	39.352400
73.125000	51.317800	35.567302	3.585061	39.152300
78.750000	51.317800	35.674971	3.817985	39.492900
84.375000	51.317800	35.840433	3.828085	39.668500
90.000000	51.317800	35.943464	3.773888	39.717400
95.625000	51.317800	35.648619	3.641033	39.289600
101.250000	51.317800	35.670787	3.777564	39.448300
106.875000	51.317800	36.163665	3.756415	39.920000
112.500000	51.317800	36.690020	3.666355	40.356300
118.125000	51.317800	36.730622	3.847458	40.578000
123.750000	51.317800	36.763194	3.861358	40.624500
129.375000	51.317800	35.713764	3.807297	39.521000
135.000000	51.317800	35.842242	3.798114	39.640400
140.625000	51.317800	35.922654	3.900772	39.823400
146.250000	51.317800	36.314423	3.816436	40.130900
151.875000	51.317800	35.612541	3.673368	39.285900
157.500000	51.317800	35.898678	3.693906	39.592600
163.125000	51.317800	35.444931	3.720608	39.165500
168.750000	51.317800	35.968911	3.516332	39.485200
174.375000	51.317800	35.438032	3.559840	38.997900
180.000000	51.317800	35.489378	3.456311	38.945700
185.625000	51.317800	35.755157	3.692391	39.447600
191.250000	51.317800	35.478860	3.662521	39.141300
196.875000	51.317800	35.285916	3.604367	38.890300
202.500000	51.317800	35.506795	3.755782	39.262500
208.125000	51.317800	35.735252	3.793647	39.528900
213.750000	51.317800	35.381144	3.766820	39.148000
219.375000	51.317800	35.678703	3.849698	39.528400
225.000000	51.317800	35.840206	3.746768	39.587000
230.625000	51.317800	36.665591	3.757682	40.423300
236.250000	51.317800	37.167290	3.862885	41.030100
241.875000	51.317800	36.110848	3.795773	39.906600
247.500000	51.317800	36.242946	3.756573	39.999500
253.125000	51.317800	35.588904	3.663766	39.252600
258.750000	51.317800	35.767032	3.675064	39.442100
264.375000	51.317800	36.041067	3.645840	39.686900
270.000000	51.317800	35.704376	3.702694	39.407000
275.625000	51.317800	35.882279	3.714976	39.597200
281.250000	51.317800	36.043895	3.663257	39.707100
286.875000	51.317800	35.177682	3.603519	38.781200
292.500000	51.317800	35.032578	3.593917	38.626500
298.125000	51.317800	36.007138	3.755193	39.762400
303.750000	51.317800	35.188087	3.519137	38.707300
309.375000	51.317800	35.475581	3.692628	39.168300
315.000000	51.317800	35.769181	3.579519	39.348700
320.625000	51.317800	35.460539	3.734406	39.194900
326.250000	51.317800	35.851290	3.933005	39.784300
331.875000	51.317800	36.025234	3.845083	39.870300
337.500000	51.317800	36.056448	3.833106	39.889600
343.125000	51.317800	35.772800	3.865531	39.638300
348.750000	51.317800	36.211279	3.965588	40.176900
354.375000	51.317800	36.223493	3.949732	40.173200
2.812500	54.314700	35.277095	4.776236	40.053300
8.437500	54.314700	35.257303	4.806478	40.063800
14.062500	54.314700	34.814414	4.690203	39.504600
19.687500	54.314700	34.826063	4.813649	39.639700
25.312500	54.314700	35.007923	4.667606	39.675500
30.937500	54.314700	35.014596	4.677921	39.692600
36.562500	54.314700	34.459627	4.500414	38.960000
42.187500	54.314700	34.248361	4.735578	38.984000
47.812500	54.314700	34.814074	4.631076	39.445200
53.437500	54.314700	34.137639	4.703605	38.841200
59.062500	54.314700	34.218843	4.525907	38.744800
64.687500	54.314700	34.796544	4.559451	39.356000
70.312500	54.314700	34.533706	4.837897	39.371600
75.937500	54.314700	34.713531	4.596344	39.309900
81.562500	54.314700	34.644654	4.547927	39.192600
87.187500	54.314700	35.022626	4.705019	39.727600
92.812500	54.314700	35.262279	4.742024	40.004300
98.437500	54.314700	35.019120	4.856931	39.876100
104.062000	54.314700	35.084377	4.719948	39.804400
109.688000	54.314700	35.001250	4.749002	39.750300
115.312000	54.314700	35.753461	4.728373	40.481800
120.938000	54.314700	35.558368	4.712223	40.270600
126.562000	54.314700	35.528510	4.906400	40.434900
132.188000	54.314700	34.834206	4.708785	39.543000
137.812000	54.314700	34.684578	4.747001	39.431600
143.437000	54.314700	35.002494	4.774155	39.776700
149.062000	54.314700	34.652345	4.711861	39.364200
154.688000	54.314700	34.846986	4.725603	39.572600
160.312000	54.314700	34.641488	4.496863	39.138300
165.938000	54.314700	34.615362	4.730624	39.345900
171.562000	54.314700	34.345399	4.652112	38.997500
177.188000	54.314700	34.362816	4.463488	38.826300
182.812000	54.314700	34.047387	4.567820	38.615300
188.438000	54.314700	34.301969	4.607981	38.910000
194.062000	54.314700	34.128365	4.528530	38.656900
199.687000	54.314700	34.328208	4.754567	39.082800
205.312000	54.314700	34.543093	4.750043	39.293100
210.938000	54.314700	35.071823	4.665570	39.737400
216.562000	54.314700	34.835110	4.745553	39.580600
222.188000	54.314700	34.392447	4.835906	39.228400
227.812000	54.314700	34.914844	4.891415	39.806200
233.438000	54.314700	36.312727	4.849976	41.162700
239.062000	54.314700	35.821771	4.639977	40.461700
244.687000	54.314700	35.786146	4.803741	40.589900
250.312000	54.314700	35.070127	4.686064	39.756200
255.937000	54.314700	34.726084	4.682761	39.408900
261.562000	54.314700	35.011090	4.684096	39.695200
267.188000	54.314700	34.845628	4.511735	39.357400
272.812000	54.314700	35.029072	4.628961	39.658000
278.438000	54.314700	34.370280	4.733214	39.103500
284.062000	54.314700	34.591272	4.512097	39.103400
289.688000	54.314700	34.445716	4.563308	39.009100
295.312000	54.314700	34.599755	4.590564	39.190300
300.938000	54.314700	34.782407	4.444182	39.226600
306.562000	54.314700	34.484735	4.550584	39.035300
312.187000	54.314700	34.919594	4.720751	39.640300
317.812000	54.314700	34.404888	4.539637	38.944500
323.438000	54.314700	34.867909	4.670354	39.538200
329.062000	54.314700	34.206742	4.639411	38.846200
334.688000	54.314700	34.731287	4.617267	39.348600
340.312000	54.314700	35.088561	4.727039	39.815600
345.938000	54.314700	34.682542	4.680171	39.362800
351.562000	54.314700	35.667620	4.641368	40.309000
357.187000	54.314700	35.535748	4.663094	40.198900
0.000000	57.202800	34.680393	5.722985	40.403400
5.625000	57.202800	35.016292	5.719355	40.735700
11.250000	57.202800	34.193396	5.790561	39.983900
16.875000	57.202800	33.394137	5.871573	39.265700
22.500000	57.202800	33.716351	5.590560	39.306900
28.125000	57.202800	33.473758	5.766584	39.240400
33.750000	57.202800	33.826621	5.714085	39.540700
39.375000	57.202800	33.425013	5.569275	38.994300
45.000000	57.202800	32.803090	5.576717	38.379800
50.625000	57.202800	33.406917	5.469489	38.876400
56.250000	57.202800	33.993101	5.532156	39.525300
61.875000	57.202800	34.210926	5.671571	39.882500
67.500000	57.202800	33.500562	5.483694	38.984300
73.125000	57.202800	34.387810	5.557727	39.945500
78.750000	57.202800	33.509270	5.322055	38.831300
84.375000	57.202800	33.282510	5.515429	38.797900
90.000000	57.202800	33.945487	5.647210	39.592700
95.625000	57.202800	33.381696	5.705942	39.087600
101.250000	57.202800	33.320285	5.812016	39.132300
106.875000	57.202800	33.870729	5.664050	39.534800
112.500000	57.202800	34.409073	5.643591	40.052700
118.125000	57.202800	34.333071	5.848998	40.182100
123.750000	57.202800	33.737614	5.627588	39.365200
129.375000	57.202800	34.113210	5.592177	39.705400
135.000000	57.202800	34.062656	5.808125	39.870800
140.625000	57.202800	33.740780	5.555805	39.296600
146.250000	57.202800	33.833747	5.495614	39.329300
151.875000	57.202800	34.340536	5.850333	40.190900
157.500000	57.202800	33.172466	5.599347	38.771800
163.125000	57.202800	33.378869	5.498340	38.877200
168.750000	57.202800	33.662517	5.511165	39.173700
174.375000	57.202800	33.480996	5.440468	38.921400
180.000000	57.202800	33.222569	5.576615	38.799200
185.625000	57.202800	33.791900	5.697889	39.489800
191.250000	57.202800	33.897986	5.410791	39.308800
196.875000	57.202800	33.400018	5.547956	38.948000
202.500000	57.202800	33.683553	5.653012	39.336500
208.125000	57.202800	33.905450	5.625020	39.530400
213.750000	57.202800	34.020244	5.634577	39.654800
219.375000	57.202800	33.407483	5.714967	39.122400
225.000000	57.202800	33.790091	5.750626	39.540700
230.625000	57.202800	33.842003	5.540582	39.382600
236.250000	57.202800	34.809777	5.619818	40.429600
241.875000	57.202800	34.502152	5.693218	40.195400
247.500000	57.202800	34.350036	5.823133	40.173200
253.125000	57.202800	34.432936	5.655082	40.088100
258.750000	57.202800	33.900361	5.840493	39.740900
264.375000	57.202800	33.962677	5.511697	39.474300
270.000000	57.202800	34.136395	5.775304	39.911700
275.625000	57.202800	33.758424	5.541792	39.300200
281.250000	57.202800	33.594772	5.773879	39.368600
286.875000	57.202800	33.476472	5.674037	39.150500
292.500000	57.202800	33.473418	5.499132	38.972500
298.125000	57.202800	33.733090	5.449177	39.182300
303.750000	57.202800	33.645666	5.517182	39.162800
309.375000	57.202800	33.360887	5.482348	38.843200
315.000000	57.202800	33.346410	5.509525	38.855900
320.625000	57.202800	33.628927	5.580528	39.209400
326.250000	57.202800	33.670999	5.627067	39.298000
331.875000	57.202800	33.484728	5.850503	39.335200
337.500000	57.202800	34.236260	5.705987	39.942200
343.125000	57.202800	33.599974	5.922455	39.522400
348.750000	57.202800	34.180051	5.809098	39.989200
354.375000	57.202800	34.634702	5.846510	40.481200
2.812500	60.000000	33.375363	6.914104	40.289400
8.437500	60.000000	33.485520	7.084983	40.570500
14.062500	60.000000	33.155615	6.947072	40.102700
19.687500	60.000000	32.734667	6.598958	39.333700
25.312500	60.000000	33.138537	6.841156	39.979700
30.937500	60.000000	32.688862	6.902274	39.591100
36.562500	60.000000	33.014583	6.568806	39.583400
42.187500	60.000000	33.059369	6.715528	39.774900
47.812500	60.000000	32.669523	6.718004	39.387500
53.437500	60.000000	32.974772	6.746041	39.720800
59.062500	60.000000	32.573842	6.792219	39.366000
64.687500	60.000000	32.272212	6.781972	39.054200
70.312500	60.000000	33.037202	6.811310	39.848500
75.937500	60.000000	32.415506	6.748529	39.164000
81.562500	60.000000	32.537538	6.828161	39.365700
87.187500	60.000000	32.658891	6.840749	39.499600
92.812500	60.000000	32.278884	6.846234	39.125100
98.437500	60.000000	32.621456	6.881068	39.502500
104.062000	60.000000	33.019106	6.957658	39.976700
109.688000	60.000000	32.984046	6.906504	39.890600
115.312000	60.000000	33.354101	6.906130	40.260200
120.938000	60.000000	34.122371	7.060915	41.183300
126.562000	60.000000	33.744626	6.945285	40.689900
132.188000	60.000000	32.922747	6.609589	39.532300
137.812000	60.000000	32.678797	7.074668	39.753400
143.437000	60.000000	32.531204	6.740726	39.271900
149.062000	60.000000	33.094882	6.820629	39.915500
154.688000	60.000000	32.872872	6.807396	39.680300
160.312000	60.000000	32.371850	6.760303	39.132200
165.938000	60.000000	32.914491	6.539197	39.453700
171.562000	60.000000	32.540139	6.579709	39.119800
177.188000	60.000000	32.543758	6.555766	39.099600
182.812000	60.000000	32.603021	6.940252	39.543300
188.438000	60.000000	32.575878	6.694412	39.270300
194.062000	60.000000	32.051785	6.617167	38.669000
199.687000	60.000000	32.930325	7.050940	39.981300
205.312000	60.000000	32.357035	6.571849	38.928900
210.938000	60.000000	32.613992	6.816229	39.430200
216.562000	60.000000	32.847198	6.852545	39.699800
222.188000	60.000000	32.920146	6.906153	39.826300
227.812000	60.000000	32.940051	6.929723	39.869700
233.438000	60.000000	33.573396	6.792117	40.365500
239.062000	60.000000	33.272671	7.014218	40.286900
244.687000	60.000000	33.640576	6.939064	40.579600
250.312000	60.000000	33.926713	6.867983	40.794700
255.937000	60.000000	33.122138	6.809421	39.931600
261.562000	60.000000	32.632879	6.796098	39.429000
267.188000	60.000000	32.481894	6.707577	39.189500
272.812000	60.000000	32.981671	6.886237	39.867900
278.438000	60.000000	32.610825	6.850758	39.461600
284.062000	60.000000	32.761244	6.747308	39.508600
289.688000	60.000000	32.442197	6.829021	39.271200
295.312000	60.000000	32.724262	6.453142	39.177400
300.938000	60.000000	32.410643	6.849028	39.259700
306.562000	60.000000	32.900807	6.719667	39.620500
312.187000	60.000000	32.363707	6.665753	39.029500
317.812000	60.000000	32.618516	6.827856	39.446400
323.438000	60.000000	32.380446	7.023955	39.404400
329.062000	60.000000	32.716458	6.816523	39.533000
334.688000	60.000000	32.662963	6.776125	39.439000
340.312000	60.000000	32.502252	6.758267	39.260500
345.938000	60.000000	32.863258	7.153938	40.017200
351.562000	60.000000	33.877176	6.908257	40.785500
357.187000	60.000000	33.281153	6.986339	40.267500
0.000000	62.720400	32.945141	8.299603	41.244800
5.625000	62.720400	32.601212	8.086482	40.687700
11.250000	62.720400	32.612182	8.286144	40.898300
16.875000	62.720400	31.568068	8.082150	39.650200
22.500000	62.720400	31.813376	8.094241	39.907600
28.125000	62.720400	31.472953	8.073736	39.546600
33.750000	62.720400	31.675962	8.017131	39.693100
39.375000	62.720400	31.675171	8.219010	39.894200
45.000000	62.720400	30.982223	7.873192	38.855500
50.625000	62.720400	32.037874	7.790789	39.828700
56.250000	62.720400	31.650289	7.757652	39.407900
61.875000	62.720400	31.316992	7.963896	39.280900
67.500000	62.720400	32.070333	7.811723	39.882000
73.125000	62.720400	31.126762	7.928146	39.054900
78.750000	62.720400	31.682296	7.984095	39.666400
84.375000	62.720400	31.791096	7.991073	39.782200
90.000000	62.720400	31.586276	8.008852	39.595100
95.625000	62.720400	32.064339	7.997022	40.061400
101.250000	62.720400	31.797768	8.118511	39.916200
106.875000	62.720400	31.848436	8.149647	39.998100
112.500000	62.720400	32.734101	8.058061	40.792100
118.125000	62.720400	32.575991	8.008762	40.584800
123.750000	62.720400	32.569771	8.279257	40.849000
129.375000	62.720400	32.177210	7.971541	40.148700
135.000000	62.720400	31.407582	8.174166	39.581700
140.625000	62.720400	32.232628	8.148312	40.380900
146.250000	62.720400	31.494554	8.151852	39.646500
151.875000	62.720400	31.774583	8.024098	39.798700
157.500000	62.720400	31.873996	7.985192	39.859100
163.125000	62.720400	31.579264	8.177616	39.756900
168.750000	62.720400	31.216109	7.782918	38.999000
174.375000	62.720400	31.983474	7.849317	39.832800
180.000000	62.720400	31.425113	7.796263	39.221400
185.625000	62.720400	31.609801	7.689115	39.298900
191.250000	62.720400	31.864948	7.986696	39.851600
196.875000	62.720400	31.646557	7.932444	39.579000
202.500000	62.720400	31.491388	8.072051	39.563500
208.125000	62.720400	32.280355	7.983699	40.264100
213.750000	62.720400	31.496816	7.953661	39.450400
219.375000	62.720400	31.813036	8.026066	39.839100
225.000000	62.720400	31.844138	8.093788	39.937900
230.625000	62.720400	32.183204	8.053492	40.236700
236.250000	62.720400	32.955433	8.087828	41.043200
241.875000	62.720400	32.663302	8.163716	40.827000
247.500000	62.720400	32.718607	8.188903	40.907500
253.125000	62.720400	31.906681	8.375027	40.281700
258.750000	62.720400	32.052916	8.078113	40.131100
264.375000	62.720400	31.433029	8.071123	39.504100
270.000000	62.720400	31.885079	7.943866	39.828900
275.625000	62.720400	31.390392	8.005052	39.395400
281.250000	62.720400	31.997272	7.816575	39.813900
286.875000	62.720400	32.056196	8.011555	40.067700
292.500000	62.720400	31.530293	8.146944	39.677200
298.125000	62.720400	31.836787	7.884128	39.720900
303.750000	62.720400	31.710457	7.866406	39.576900
309.375000	62.720400	31.683992	8.073544	39.757500
315.000000	62.720400	31.733642	8.006296	39.739900
320.625000	62.720400	31.703332	8.084152	39.787500
326.250000	62.720400	32.023058	7.587576	39.610700
331.875000	62.720400	31.282044	8.178374	39.460400
337.500000	62.720400	31.579604	8.018556	39.598200
343.125000	62.720400	32.272212	8.082083	40.354300
348.750000	62.720400	32.033802	8.346866	40.380600
354.375000	62.720400	32.556425	7.972073	40.528500
2.812500	65.375700	31.464697	9.532002	40.996800
8.437500	65.375700	31.546579	9.684909	41.231400
14.062500	65.375700	31.122577	9.377613	40.500200
19.687500	65.375700	30.999753	9.164028	40.163800
25.312500	65.375700	30.951009	9.310523	40.261600
30.937500	65.375700	31.392767	9.345165	40.737900
36.562500	65.375700	30.586270	9.299722	39.885900
42.187500	65.375700	30.234763	9.281310	39.516000
47.812500	65.375700	30.597806	9.053985	39.651800
53.437500	65.375700	31.066933	9.054935	40.121800
59.062500	65.375700	30.947616	9.096170	40.043800
64.687500	65.375700	30.504387	9.109493	39.613900
70.312500	65.375700	30.710337	9.040571	39.750900
75.937500	65.375700	30.108886	9.347122	39.456000
81.562500	65.375700	30.040462	9.192201	39.232700
87.187500	65.375700	30.883942	9.067760	39.951700
92.812500	65.375700	30.954628	9.512063	40.466700
98.437500	65.375700	30.957116	9.356192	40.313300
104.062000	65.375700	30.966616	9.629673	40.596300
109.688000	65.375700	31.604259	9.255637	40.859900
115.312000	65.375700	32.113649	9.461372	41.575000
120.938000	65.375700	31.737714	9.461112	41.198800
126.562000	65.375700	31.447845	9.527704	40.975600
132.188000	65.375700	30.640896	9.586967	40.227900
137.812000	65.375700	30.678105	9.384410	40.062500
143.437000	65.375700	30.485500	9.327454	39.812900
149.062000	65.375700	30.590002	9.355593	39.945600
154.688000	65.375700	30.640556	9.479163	40.119800
160.312000	65.375700	30.681271	9.261857	39.943200
165.938000	65.375700	30.408141	9.001123	39.409300
171.562000	65.375700	30.976795	9.173879	40.150600
177.188000	65.375700	30.809071	9.041940	39.851000
182.812000	65.375700	30.751844	9.214006	39.965900
188.438000	65.375700	30.574847	8.851495	39.426300
194.062000	65.375700	31.112625	9.066459	40.179000
199.687000	65.375700	30.630378	9.042562	39.672900
205.312000	65.375700	30.826149	9.055206	39.881300
210.938000	65.375700	30.452702	9.127328	39.580000
216.562000	65.375700	30.357474	9.481843	39.839400
222.188000	65.375700	30.977360	9.355072	40.332400
227.812000	65.375700	31.037980	9.525306	40.563300
233.438000	65.375700	31.175281	9.695654	40.870900
239.062000	65.375700	31.984379	9.476912	41.461300
244.687000	65.375700	31.580056	9.634400	41.214400
250.312000	65.375700	31.221311	9.511520	40.732800
255.937000	65.375700	30.984598	9.423474	40.408100
261.562000	65.375700	30.498506	9.129986	39.628500
267.188000	65.375700	30.954288	9.045548	39.999900
272.812000	65.375700	30.766660	9.458036	40.224700
278.438000	65.375700	31.039903	9.264945	40.304800
284.062000	65.375700	30.569079	9.198794	39.767900
289.688000	65.375700	30.801041	9.043376	39.844400
295.312000	65.375700	30.360867	9.170192	39.531100
300.938000	65.375700	30.879418	9.038649	39.918000
306.562000	65.375700	30.528251	9.139260	39.667500
312.187000	65.375700	30.536167	9.084057	39.620200
317.812000	65.375700	30.476113	9.153951	39.630100
323.438000	65.375700	30.536281	9.214605	39.750900
329.062000	65.375700	30.903168	9.264176	40.167300
334.688000	65.375700	30.651979	9.430791	40.082800
340.312000	65.375700	30.928955	9.444295	40.373200
345.938000	65.375700	31.316426	9.465014	40.781400
351.562000	65.375700	31.452821	9.540642	40.993500
357.187000	65.375700	31.527126	9.359065	40.886200
0.000000	67.975700	30.268692	10.826288	41.095000
5.625000	67.975700	30.716897	10.705658	41.422500
11.250000	67.975700	29.761451	10.966178	40.727600
16.875000	67.975700	29.261447	10.445014	39.706500
22.500000	67.975700	29.889929	10.525121	40.415000
28.125000	67.975700	29.600853	10.619625	40.220500
33.750000	67.975700	29.704676	10.504175	40.208800
39.375000	67.975700	29.461290	10.358766	39.820100
45.000000	67.975700	29.533673	10.727961	40.261600
50.625000	67.975700	29.797190	10.456301	40.253500
56.250000	67.975700	29.058438	10.010652	39.069100
61.875000	67.975700	29.523268	10.312905	39.836200
67.500000	67.975700	29.946930	10.294199	40.241100
73.125000	67.975700	29.205351	10.428162	39.633500
78.750000	67.975700	29.186238	10.588014	39.774300
84.375000	67.975700	29.454052	10.253993	39.708100
90.000000	67.975700	29.688277	10.573244	40.261500
95.625000	67.975700	29.733516	10.559717	40.293200
101.250000	67.975700	29.245275	10.849450	40.094700
106.875000	67.975700	30.623592	10.647978	41.271500
112.500000	67.975700	29.748445	10.801282	40.549700
118.125000	67.975700	30.795160	10.650795	41.446000
123.750000	67.975700	30.911198	10.880982	41.792200
129.375000	67.975700	30.161137	10.940426	41.101500
135.000000	67.975700	29.706146	10.752842	40.458900
140.625000	67.975700	29.726391	10.805975	40.532400
146.250000	67.975700	29.670181	10.397502	40.067600
151.875000	67.975700	29.326478	10.377778	39.704200
157.500000	67.975700	29.504494	10.356662	39.861100
163.125000	67.975700	30.196649	10.527609	40.724300
168.750000	67.975700	30.175839	10.517928	40.693700
174.375000	67.975700	29.558441	10.339064	39.897500
180.000000	67.975700	29.345366	10.382652	39.728000
185.625000	67.975700	29.479499	10.442854	39.922400
191.250000	67.975700	29.805219	10.561289	40.366500
196.875000	67.975700	29.401575	10.472508	39.874000
202.500000	67.975700	29.705354	10.548283	40.253600
208.125000	67.975700	29.646431	10.185048	39.831500
213.750000	67.975700	30.024968	10.480142	40.505100
219.375000	67.975700	29.907573	10.532506	40.440100
225.000000	67.975700	29.800809	10.894067	40.694900
230.625000	67.975700	30.671771	10.747289	41.419100
236.250000	67.975700	30.914139	10.667488	41.581600
241.875000	67.975700	30.104475	10.750829	40.855300
247.500000	67.975700	30.470345	10.811099	41.281400
253.125000	67.975700	30.006306	10.650908	40.657300
258.750000	67.975700	29.671086	10.757445	40.428600
264.375000	67.975700	29.503928	10.353654	39.857600
270.000000	67.975700	29.686693	10.424396	40.111100
275.625000	67.975700	29.399652	10.539948	39.939600
281.250000	67.975700	29.639419	10.653520	40.292900
286.875000	67.975700	29.783618	10.538636	40.322300
292.500000	67.975700	29.376807	10.361198	39.738000
298.125000	67.975700	29.466380	10.485786	39.952200
303.750000	67.975700	29.774683	10.410316	40.185000
309.375000	67.975700	29.325234	10.391281	39.716500
315.000000	67.975700	29.256697	10.494618	39.751300
320.625000	67.975700	29.520440	10.600738	40.121200
326.250000	67.975700	29.921710	10.503723	40.425500
331.875000	67.975700	29.389926	10.358936	39.748900
337.500000	67.975700	29.739849	10.538806	40.278700
343.125000	67.975700	30.316985	10.546655	40.863700
348.750000	67.975700	29.951680	10.775439	40.727100
354.375000	67.975700	30.775255	10.833843	41.609100
2.812500	70.528800	29.687372	11.762123	41.449400
8.437500	70.528800	29.619514	11.605144	41.224600
14.062500	70.528800	28.776034	11.702973	40.479000
19.687500	70.528800	28.735092	11.744819	40.479900
25.312500	70.528800	28.603108	11.757147	40.360300
30.937500	70.528800	29.167916	11.505844	40.673800
36.562500	70.528800	28.341061	11.801707	40.142800
42.187500	70.528800	28.256804	11.408468	39.665200
47.812500	70.528800	28.584560	11.506410	40.091000
53.437500	70.528800	28.844684	11.352937	40.197700
59.062500	70.528800	28.893542	11.441379	40.334900
64.687500	70.528800	28.151171	11.526089	39.677200
70.312500	70.528800	28.549726	11.832243	40.382000
75.937500	70.528800	28.459361	11.371372	39.830700
81.562500	70.528800	28.965132	11.902703	40.867900
87.187500	70.528800	28.513309	11.735771	40.249200
92.812500	70.528800	29.068503	11.790963	40.859400
98.437500	70.528800	28.731926	11.668478	40.400300
104.062000	70.528800	28.410842	11.702747	40.113500
109.688000	70.528800	29.233512	11.996687	41.230200
115.312000	70.528800	29.188839	12.043622	41.232500
120.938000	70.528800	29.090218	11.712247	40.802600
126.562000	70.528800	29.144279	12.156154	41.300300
132.188000	70.528800	29.013538	12.113969	41.127500
137.812000	70.528800	28.896256	11.426676	40.322900
143.437000	70.528800	28.858255	11.362889	40.221100
149.062000	70.528800	28.697092	11.556738	40.253800
154.688000	70.528800	29.106956	11.259100	40.366100
160.312000	70.528800	29.091123	11.746063	40.837100
165.938000	70.528800	28.411521	11.522243	39.933700
171.562000	70.528800	28.709532	11.488993	40.198500
177.188000	70.528800	28.190076	11.435498	39.625600
182.812000	70.528800	28.816862	11.766873	40.583700
188.438000	70.528800	28.811886	11.481302	40.293200
194.062000	70.528800	27.968179	11.694264	39.662400
199.687000	70.528800	27.868654	11.389015	39.257700
205.312000	70.528800	28.212470	11.601412	39.813800
210.938000	70.528800	28.044407	11.630251	39.674600
216.562000	70.528800	28.282816	11.700146	39.983000
222.188000	70.528800	28.485939	11.811773	40.297800
227.812000	70.528800	29.612615	11.892411	41.505000
233.438000	70.528800	29.153439	11.962192	41.115600
239.062000	70.528800	29.731706	11.998836	41.730600
244.687000	70.528800	29.683640	11.969091	41.652800
250.312000	70.528800	28.716318	11.717676	40.434100
255.937000	70.528800	28.932900	11.841630	40.774500
261.562000	70.528800	28.419438	11.630591	40.049900
267.188000	70.528800	28.476213	11.672663	40.148900
272.812000	70.528800	28.430861	11.663615	40.094400
278.438000	70.528800	28.342871	11.255119	39.598000
284.062000	70.528800	28.785534	11.707949	40.493500
289.688000	70.528800	28.542261	11.737241	40.279500
295.312000	70.528800	28.481302	11.654794	40.136200
300.938000	70.528800	28.249679	11.440700	39.690400
306.562000	70.528800	28.562167	11.305832	39.868000
312.187000	70.528800	28.603560	11.280125	39.883700
317.812000	70.528800	28.505279	11.915822	40.421100
323.438000	70.528800	28.147552	11.133268	39.280900
329.062000	70.528800	28.388336	11.628555	40.016900
334.688000	70.528800	28.716771	11.609894	40.326700
340.312000	70.528800	28.357913	11.705461	40.063400
345.938000	70.528800	28.634775	11.711003	40.345800
351.562000	70.528800	28.991032	11.941382	40.932400
357.187000	70.528800	29.452921	11.822743	41.275600
0.000000	73.042200	27.926333	12.726165	40.652400
5.625000	73.042200	28.266078	12.700718	40.966800
11.250000	73.042200	27.493057	12.824672	40.317800
16.875000	73.042200	27.201379	12.896942	40.098300
22.500000	73.042200	27.340037	12.785993	40.126000
28.125000	73.042200	27.417508	12.670747	40.088200
33.750000	73.042200	27.354966	12.838018	40.192900
39.375000	73.042200	27.184754	12.639532	39.824300
45.000000	73.042200	27.017709	12.845369	39.863100
50.625000	73.042200	27.341620	12.748332	40.090000
56.250000	73.042200	27.126057	12.682283	39.808300
61.875000	73.042200	27.612828	12.414808	40.027600
67.500000	73.042200	27.006965	13.010039	40.017000
73.125000	73.042200	27.745491	12.679795	40.425300
78.750000	73.042200	27.313233	12.874548	40.187800
84.375000	73.042200	27.410044	12.532881	39.942900
90.000000	73.042200	27.324882	12.769707	40.094600
95.625000	73.042200	27.716764	12.490017	40.206800
101.250000	73.042200	27.684418	12.994658	40.679100
106.875000	73.042200	27.749449	13.041932	40.791400
112.500000	73.042200	28.036716	13.246639	41.283400
118.125000	73.042200	28.194374	13.045665	41.240000
123.750000	73.042200	28.575625	12.823315	41.398900
129.375000	73.042200	27.810296	13.155708	40.966100
135.000000	73.042200	27.982317	12.922162	40.904400
140.625000	73.042200	27.211671	12.794023	40.005700
146.250000	73.042200	27.626965	12.707730	40.334700
151.875000	73.042200	27.610679	12.820148	40.430700
157.500000	73.042200	27.468628	12.737248	40.205800
163.125000	73.042200	27.619840	12.304198	39.924000
168.750000	73.042200	27.456640	12.514559	39.971300
174.375000	73.042200	26.910832	12.540572	39.451300
180.000000	73.042200	27.287447	12.936526	40.223900
185.625000	73.042200	27.014203	12.749010	39.763300
191.250000	73.042200	27.630471	12.580269	40.210700
196.875000	73.042200	27.579577	12.840958	40.420600
202.500000	73.042200	27.143587	12.436409	39.580100
208.125000	73.042200	27.135896	12.761338	39.897200
213.750000	73.042200	27.472021	12.869346	40.341400
219.375000	73.042200	27.579464	12.729558	40.309000
225.000000	73.042200	28.183177	12.922275	41.105400
230.625000	73.042200	27.823754	13.327956	41.151700
236.250000	73.042200	28.367413	12.853512	41.220800
241.875000	73.042200	28.445111	13.216442	41.661500
247.500000	73.042200	28.281459	12.957901	41.239400
253.125000	73.042200	27.999055	13.181947	41.181000
258.750000	73.042200	26.990340	12.655253	39.645600
264.375000	73.042200	27.620518	12.960389	40.581000
270.000000	73.042200	27.645626	12.623811	40.269400
275.625000	73.042200	27.496677	12.771290	40.267900
281.250000	73.042200	27.457771	12.618044	40.075800
286.875000	73.042200	27.460825	12.641907	40.102700
292.500000	73.042200	27.369103	12.492732	39.861900
298.125000	73.042200	27.158063	12.819696	39.977800
303.750000	73.042200	27.184189	12.459368	39.643600
309.375000	73.042200	27.185659	12.650842	39.836500
315.000000	73.042200	27.423276	12.533899	39.957200
320.625000	73.042200	27.394097	12.512976	39.907000
326.250000	73.042200	27.388103	12.646657	40.034700
331.875000	73.042200	27.378490	12.915603	40.294100
337.500000	73.042200	27.165528	12.808726	39.974300
343.125000	73.042200	27.781908	12.736117	40.518000
348.750000	73.042200	27.579803	13.310652	40.890400
354.375000	73.042200	28.194035	12.820488	41.014600
2.812500	75.522500	26.803277	13.958812	40.762100
8.437500	75.522500	26.965119	14.418214	41.383400
14.062500	75.522500	26.563624	13.658426	40.222000
19.687500	75.522500	25.961267	13.929633	39.890900
25.312500	75.522500	26.696174	13.717010	40.413200
30.937500	75.522500	26.622434	13.949086	40.571500
36.562500	75.522500	26.101169	13.618955	39.720100
42.187500	75.522500	26.386626	13.334968	39.721600
47.812500	75.522500	26.071650	13.507780	39.579400
53.437500	75.522500	26.498027	13.665438	40.163500
59.062500	75.522500	26.078549	13.506423	39.585000
64.687500	75.522500	26.184295	13.488101	39.672400
70.312500	75.522500	26.393186	13.454059	39.847200
75.937500	75.522500	25.511140	14.030516	39.541600
81.562500	75.522500	26.056721	13.781023	39.837700
87.187500	75.522500	26.118133	13.747094	39.865200
92.812500	75.522500	25.955047	13.674260	39.629300
98.437500	75.522500	26.365929	13.772767	40.138600
104.062000	75.522500	26.590315	14.147233	40.737500
109.688000	75.522500	26.581832	14.129363	40.711200
115.312000	75.522500	26.755437	14.103125	40.858500
120.938000	75.522500	26.927118	13.906788	40.833800
126.562000	75.522500	26.784503	13.793238	40.577800
132.188000	75.522500	26.288118	13.726963	40.015000
137.812000	75.522500	26.452901	14.016153	40.469000
143.437000	75.522500	26.363441	13.735332	40.098700
149.062000	75.522500	25.711661	13.990254	39.701900
154.688000	75.522500	26.153872	13.586270	39.740200
160.312000	75.522500	26.355072	13.814387	40.169400
165.938000	75.522500	26.427115	13.720629	40.147800
171.562000	75.522500	26.064525	13.471250	39.535700
177.188000	75.522500	26.570296	13.440148	40.010500
182.812000	75.522500	26.147765	13.299455	39.447200
188.438000	75.522500	26.259505	13.739404	39.998800
194.062000	75.522500	26.323066	13.910181	40.233200
199.687000	75.522500	26.566677	13.455869	40.022600
205.312000	75.522500	26.040435	13.710338	39.750800
210.938000	75.522500	25.457192	13.716671	39.173900
216.562000	75.522500	26.582850	14.092267	40.675100
222.188000	75.522500	26.491807	13.901811	40.393600
227.812000	75.522500	27.014769	14.139429	41.154200
233.438000	75.522500	27.024269	13.892198	40.916500
239.062000	75.522500	26.508093	13.946485	40.454500
244.687000	75.522500	26.760639	13.998849	40.759400
250.312000	75.522500	27.111693	14.026784	41.138400
255.937000	75.522500	26.611011	14.080958	40.691900
261.562000	75.522500	26.442836	13.624271	40.067100
267.188000	75.522500	25.953577	13.603121	39.556600
272.812000	75.522500	25.788341	14.065689	39.854000
278.438000	75.522500	26.389906	13.692468	40.082400
284.062000	75.522500	26.015328	13.556073	39.571400
289.688000	75.522500	26.307119	13.779214	40.086300
295.312000	75.522500	26.164955	13.728772	39.893700
300.938000	75.522500	26.055477	13.896609	39.952200
306.562000	75.522500	26.416823	13.684778	40.101600
312.187000	75.522500	26.050275	13.495113	39.545400
317.812000	75.522500	26.439556	13.596901	40.036400
323.438000	75.522500	26.192325	13.794934	39.987200
329.062000	75.522500	25.836521	13.609002	39.445500
334.688000	75.522500	25.828152	13.836441	39.664600
340.312000	75.522500	26.436163	13.778196	40.214400
345.938000	75.522500	26.519968	13.817328	40.337300
351.562000	75.522500	26.914678	14.086499	41.001200
357.187000	75.522500	26.497349	13.717802	40.215200
0.000000	77.975300	25.768549	15.244842	41.013400
5.625000	77.975300	25.523354	15.099851	40.623200
11.250000	77.975300	25.247736	15.133441	40.381200
16.875000	77.975300	25.016565	15.073274	40.089800
22.500000	77.975300	25.177503	14.722333	39.899800
28.125000	77.975300	25.390352	14.695302	40.085600
33.750000	77.975300	24.747733	14.661260	39.409000
39.375000	77.975300	24.941129	14.888586	39.829600
45.000000	77.975300	25.026065	14.807947	39.833900
50.625000	77.975300	25.079108	14.660129	39.739300
56.250000	77.975300	24.615748	14.677433	39.293300
61.875000	77.975300	25.070626	14.799126	39.869800
67.500000	77.975300	25.222742	14.700165	39.922900
73.125000	77.975300	24.934230	14.888925	39.823200
78.750000	77.975300	25.563391	14.927152	40.490500
84.375000	77.975300	25.351107	14.589217	39.940300
90.000000	77.975300	25.131811	14.756940	39.888700
95.625000	77.975300	24.763227	15.110370	39.873600
101.250000	77.975300	25.230545	15.370380	40.600900
106.875000	77.975300	25.354613	15.214985	40.569600
112.500000	77.975300	25.786984	15.084018	40.871000
118.125000	77.975300	25.780311	15.351945	41.132300
123.750000	77.975300	25.966696	15.168162	41.134800
129.375000	77.975300	25.312767	15.155495	40.468200
135.000000	77.975300	25.555700	14.950111	40.505800
140.625000	77.975300	25.310731	14.791887	40.102600
146.250000	77.975300	25.402453	14.916860	40.319300
151.875000	77.975300	24.682476	14.573836	39.256300
157.500000	77.975300	25.138936	14.759994	39.898900
163.125000	77.975300	25.011702	14.998969	40.010600
168.750000	77.975300	24.976189	15.192704	40.168900
174.375000	77.975300	25.026631	14.697338	39.723900
180.000000	77.975300	25.362417	14.976236	40.338700
185.625000	77.975300	24.953004	14.609348	39.562300
191.250000	77.975300	24.694351	14.404190	39.098500
196.875000	77.975300	24.961939	14.891074	39.853000
202.500000	77.975300	25.196277	14.832602	40.028900
208.125000	77.975300	25.201027	14.650516	39.851600
213.750000	77.975300	25.155336	14.552460	39.707800
219.375000	77.975300	24.833574	14.933711	39.767300
225.000000	77.975300	25.302023	15.097363	40.399500
230.625000	77.975300	25.610892	15.062190	40.673100
236.250000	77.975300	25.447240	15.332945	40.780100
241.875000	77.975300	25.598790	14.872752	40.471500
247.500000	77.975300	25.810622	15.024529	40.835100
253.125000	77.975300	25.145609	15.409060	40.554600
258.750000	77.975300	25.030589	14.806364	39.837000
264.375000	77.975300	25.005255	14.819257	39.824500
270.000000	77.975300	24.920206	14.582770	39.503000
275.625000	77.975300	25.167098	14.906568	40.073600
281.250000	77.975300	25.201140	14.633325	39.834500
286.875000	77.975300	24.441126	14.910074	39.351200
292.500000	77.975300	25.125704	14.541942	39.667700
298.125000	77.975300	25.078090	14.669516	39.747600
303.750000	77.975300	24.715613	14.451804	39.167500
309.375000	77.975300	24.855288	14.462661	39.317900
315.000000	77.975300	24.935474	14.590574	39.526100
320.625000	77.975300	25.367959	14.685802	40.053800
326.250000	77.975300	25.349976	15.124167	40.474200
331.875000	77.975300	25.000732	14.809304	39.810000
337.500000	77.975300	25.165175	14.668838	39.834000
343.125000	77.975300	25.329958	14.914372	40.244400
348.750000	77.975300	25.329732	15.118965	40.448700
354.375000	77.975300	26.270701	14.971938	41.242500
2.812500	80.405900	24.581593	16.221212	40.802800
8.437500	80.405900	24.488740	16.496943	40.985600
14.062500	80.405900	24.303147	16.159573	40.462700
19.687500	80.405900	24.253837	15.834192	40.088000
25.312500	80.405900	23.995975	15.722000	39.718000
30.937500	80.405900	24.029678	15.779906	39.809600
36.562500	80.405900	23.764917	15.685243	39.450100
42.187500	80.405900	24.050940	15.843580	39.894500
47.812500	80.405900	24.029338	15.970927	40.000300
53.437500	80.405900	24.100251	15.726524	39.826800
59.062500	80.405900	23.889663	15.789858	39.679500
64.687500	80.405900	23.926081	15.708994	39.635100
70.312500	80.405900	23.984891	15.233533	39.218400
75.937500	80.405900	23.725559	15.605283	39.330800
81.562500	80.405900	23.851323	15.780811	39.632100
87.187500	80.405900	24.161436	15.989362	40.150800
92.812500	80.405900	23.992129	15.965725	39.957800
98.437500	80.405900	24.097084	15.797549	39.894700
104.062000	80.405900	24.259265	15.877848	40.137100
109.688000	80.405900	24.152954	16.052697	40.205700
115.312000	80.405900	24.772049	16.035732	40.807700
120.938000	80.405900	24.494960	16.050208	40.545300
126.562000	80.405900	24.623665	16.133109	40.756700
132.188000	80.405900	24.972457	16.190336	41.162900
137.812000	80.405900	23.954581	16.332499	40.287100
143.437000	80.405900	23.851889	15.953284	39.805200
149.062000	80.405900	24.207919	15.514466	39.722300
154.688000	80.405900	23.890116	15.783412	39.673400
160.312000	80.405900	23.926759	15.838943	39.765700
165.938000	80.405900	24.258021	15.881806	40.139800
171.562000	80.405900	23.967022	15.610825	39.577800
177.188000	80.405900	23.421101	15.516954	38.938100
182.812000	80.405900	24.246259	15.858848	40.105100
188.438000	80.405900	24.039630	15.686374	39.726000
194.062000	80.405900	23.870324	15.930099	39.800400
199.687000	80.405900	24.080458	15.872193	39.952600
205.312000	80.405900	24.049583	15.922635	39.972300
210.938000	80.405900	24.196383	16.086626	40.283000
216.562000	80.405900	23.805971	16.317457	40.123500
222.188000	80.405900	24.290933	15.791781	40.082700
227.812000	80.405900	24.577069	15.897075	40.474200
233.438000	80.405900	24.610546	16.490383	41.101000
239.062000	80.405900	24.610546	16.578712	41.189300
244.687000	80.405900	24.790823	16.524086	41.314900
250.312000	80.405900	24.650695	16.109584	40.760300
255.937000	80.405900	24.499371	16.295403	40.794800
261.562000	80.405900	23.943045	15.985743	39.928900
267.188000	80.405900	24.105792	15.826389	39.932200
272.812000	80.405900	23.965099	15.581533	39.546600
278.438000	80.405900	24.261075	15.641248	39.902300
284.062000	80.405900	24.115745	15.470471	39.586300
289.688000	80.405900	23.896223	15.536973	39.433200
295.312000	80.405900	23.986927	15.586057	39.573000
300.938000	80.405900	23.663695	15.620891	39.284600
306.562000	80.405900	23.818977	15.774025	39.593100
312.187000	80.405900	24.242866	15.530187	39.773100
317.812000	80.405900	23.871568	15.710351	39.582000
323.438000	80.405900	23.959671	15.598158	39.557800
329.062000	80.405900	23.986022	15.909176	39.895200
334.688000	80.405900	24.008415	15.444120	39.452500
340.312000	80.405900	23.952319	15.765316	39.717700
345.938000	80.405900	23.934789	15.878979	39.813700
351.562000	80.405900	24.448817	16.222682	40.671500
357.187000	80.405900	24.601272	16.152109	40.753400
0.000000	82.819200	23.515198	17.173491	40.688600
5.625000	82.819200	23.311623	17.643411	40.955000
11.250000	82.819200	23.139376	17.624184	40.763600
16.875000	82.819200	22.801215	17.060168	39.861400
22.500000	82.819200	22.961134	17.014363	39.975500
28.125000	82.819200	23.085541	17.157318	40.242800
33.750000	82.819200	22.886377	17.002714	39.889100
39.375000	82.819200	22.860025	16.870390	39.730500
45.000000	82.819200	23.086220	17.100430	40.186600
50.625000	82.819200	22.658938	16.487782	39.146800
56.250000	82.819200	22.749868	16.726983	39.476800
61.875000	82.819200	22.870769	16.891087	39.761800
67.500000	82.819200	22.707570	16.679934	39.387500
73.125000	82.819200	22.766607	16.583010	39.349600
78.750000	82.819200	22.757107	16.823681	39.580800
84.375000	82.819200	23.065071	16.872087	39.937200
90.000000	82.819200	22.682123	16.844943	39.527000
95.625000	82.819200	23.158150	16.818026	39.976300
101.250000	82.819200	22.838197	17.058697	39.896900
106.875000	82.819200	22.911258	17.298916	40.210200
112.500000	82.819200	23.428565	17.442663	40.871200
118.125000	82.819200	23.858222	17.812604	41.670800
123.750000	82.819200	23.984552	16.842681	40.827300
129.375000	82.819200	23.554217	17.391656	40.945800
135.000000	82.819200	23.399160	16.971952	40.371100
140.625000	82.819200	22.816596	16.911897	39.728600
146.250000	82.819200	22.724535	16.722459	39.447000
151.875000	82.819200	22.868507	16.728001	39.596500
157.500000	82.819200	23.145935	17.149288	40.295200
163.125000	82.819200	22.846567	16.635261	39.481800
168.750000	82.819200	22.622295	17.008934	39.631300
174.375000	82.819200	22.960116	16.756049	39.716200
180.000000	82.819200	22.414535	16.879777	39.294400
185.625000	82.819200	23.150459	16.710018	39.860400
191.250000	82.819200	22.571401	16.739650	39.311000
196.875000	82.819200	23.253604	17.114454	40.368000
202.500000	82.819200	23.175454	16.684798	39.860200
208.125000	82.819200	22.774863	16.738519	39.513300
213.750000	82.819200	23.406851	16.607665	40.014500
219.375000	82.819200	23.064279	17.177450	40.241700
225.000000	82.819200	22.919288	17.223254	40.142600
230.625000	82.819200	23.186198	17.520248	40.706500
236.250000	82.819200	23.495858	17.440401	40.936200
241.875000	82.819200	23.611105	17.282065	40.893200
247.500000	82.819200	23.179751	17.287719	40.467500
253.125000	82.819200	23.157358	17.238183	40.395500
258.750000	82.819200	23.672629	16.651660	40.324300
264.375000	82.819200	23.364779	16.766680	40.131500
270.000000	82.819200	22.790696	16.995589	39.786300
275.625000	82.819200	23.077511	16.528723	39.606200
281.250000	82.819200	22.816483	16.989369	39.805800
286.875000	82.819200	23.266271	16.779799	40.046100
292.500000	82.819200	22.607705	16.954535	39.562100
298.125000	82.819200	23.001510	16.692375	39.694000
303.750000	82.819200	22.709606	16.769281	39.478800
309.375000	82.819200	22.736862	17.189325	39.926200
315.000000	82.819200	23.244217	17.183670	40.427900
320.625000	82.819200	23.199091	16.735691	39.934800
326.250000	82.819200	23.324855	16.849128	40.174000
331.875000	82.819200	22.975724	16.759781	39.735600
337.500000	82.819200	22.735279	16.704703	39.439900
343.125000	82.819200	23.176245	17.190795	40.367100
348.750000	82.819200	23.254396	17.683673	40.938100
354.375000	82.819200	23.916807	17.195206	41.112000
2.812500	85.219800	22.124553	18.746901	40.871400
8.437500	85.219800	22.809018	18.542195	41.351200
14.062500	85.219800	22.109285	18.524213	40.633500
19.687500	85.219800	22.026272	17.921291	39.947600
25.312500	85.219800	22.059409	17.989488	40.048800
30.937500	85.219800	21.822696	17.942214	39.764900
36.562500	85.219800	21.661193	18.231517	39.892800
42.187500	85.219800	21.933871	17.777996	39.711800
47.812500	85.219800	22.006819	17.991977	39.998900
53.437500	85.219800	21.733689	17.883516	39.617300
59.062500	85.219800	22.183816	18.027037	40.210800
64.687500	85.219800	21.592430	17.892451	39.484900
70.312500	85.219800	21.537804	18.141265	39.679100
75.937500	85.219800	22.347242	17.969357	40.316700
81.562500	85.219800	22.219668	17.979988	40.199600
87.187500	85.219800	21.892138	17.849813	39.741900
92.812500	85.219800	21.658818	17.948547	39.607400
98.437500	85.219800	21.943597	18.131312	40.074800
104.062000	85.219800	22.293407	18.289875	40.583300
109.688000	85.219800	21.922109	18.308649	40.230700
115.312000	85.219800	22.629420	18.582345	41.211800
120.938000	85.219800	22.286395	18.393359	40.679800
126.562000	85.219800	22.735618	18.468456	41.204100
132.188000	85.219800	22.004331	18.147372	40.151600
137.812000	85.219800	22.058844	18.127920	40.186700
143.437000	85.219800	22.159840	18.212743	40.372600
149.062000	85.219800	21.653616	18.141830	39.795500
154.688000	85.219800	22.064612	18.022287	40.086900
160.312000	85.219800	22.114488	18.364632	40.479200
165.938000	85.219800	21.938282	18.017423	39.955700
171.562000	85.219800	22.450500	18.028620	40.479100
177.188000	85.219800	21.665943	17.849474	39.515400
182.812000	85.219800	21.748731	17.776639	39.525400
188.438000	85.219800	22.212204	18.014709	40.226900
194.062000	85.219800	21.740701	17.792360	39.533100
199.687000	85.219800	21.923240	18.016519	39.939700
205.312000	85.219800	22.381850	18.115479	40.497300
210.938000	85.219800	22.147286	18.094103	40.241400
216.562000	85.219800	22.152941	18.408966	40.561900
222.188000	85.219800	22.085874	18.097044	40.182900
227.812000	85.219800	22.043123	18.723603	40.766800
233.438000	85.219800	22.540073	18.331382	40.871400
239.062000	85.219800	22.718427	18.511885	41.230300
244.687000	85.219800	22.664254	18.842242	41.506500
250.312000	85.219800	22.153845	18.057912	40.211800
255.937000	85.219800	22.112904	18.366781	40.479700
261.562000	85.219800	21.632919	17.996500	39.629400
267.188000	85.219800	21.968140	18.152914	40.121100
272.812000	85.219800	22.049230	17.897993	39.947300
278.438000	85.219800	22.139934	17.977726	40.117700
284.062000	85.219800	22.029665	18.119211	40.148900
289.688000	85.219800	21.845768	18.223713	40.069500
295.312000	85.219800	21.970967	17.584148	39.555100
300.938000	85.219800	21.866804	17.543319	39.410100
306.562000	85.219800	21.941335	17.658679	39.600000
312.187000	85.219800	22.122291	18.041852	40.164200
317.812000	85.219800	22.273502	17.841557	40.115100
323.438000	85.219800	22.061671	17.869153	39.930900
329.062000	85.219800	21.926520	18.261714	40.188200
334.688000	85.219800	22.107249	18.114687	40.221900
340.312000	85.219800	21.923918	18.263071	40.187100
345.938000	85.219800	22.019825	18.794628	40.814400
351.562000	85.219800	22.841477	18.620685	41.462100
357.187000	85.219800	22.305622	18.471396	40.777000
0.000000	87.612000	21.348932	19.555660	40.904600
5.625000	87.612000	21.418147	19.705401	41.123600
11.250000	87.612000	21.379468	19.317025	40.696500
16.875000	87.612000	21.087564	19.249958	40.337500
22.500000	87.612000	21.041081	19.099652	40.140800
28.125000	87.612000	21.075349	18.879112	39.954500
33.750000	87.612000	21.132237	18.799718	39.932000
39.375000	87.612000	20.744539	18.937470	39.682000
45.000000	87.612000	20.861143	18.802093	39.663100
50.625000	87.612000	20.861143	19.204041	40.065200
56.250000	87.612000	20.701676	18.938262	39.639900
61.875000	87.612000	20.893941	19.094110	39.988100
67.500000	87.612000	21.347688	18.719419	40.067200
73.125000	87.612000	20.699074	18.915756	39.614800
78.750000	87.612000	20.904007	19.292257	40.196200
84.375000	87.612000	20.867816	18.883523	39.751300
90.000000	87.612000	20.766141	19.181308	39.947400
95.625000	87.612000	21.267954	18.832064	40.100000
101.250000	87.612000	20.892132	18.983275	39.875300
106.875000	87.612000	21.223394	19.388842	40.612300
112.500000	87.612000	21.351420	19.187755	40.539200
118.125000	87.612000	21.642193	19.326299	40.968500
123.750000	87.612000	21.555108	19.820534	41.375700
129.375000	87.612000	21.372456	19.870184	41.242600
135.000000	87.612000	21.319187	19.197933	40.517100
140.625000	87.612000	21.160964	19.091509	40.252500
146.250000	87.612000	21.067319	18.822224	39.889500
151.875000	87.612000	21.100570	19.020710	40.121300
157.500000	87.612000	21.167637	19.140367	40.308000
163.125000	87.612000	21.063135	18.362031	39.425200
168.750000	87.612000	20.919162	18.918696	39.837900
174.375000	87.612000	21.019140	18.880582	39.899700
180.000000	87.612000	20.714795	18.963822	39.678700
185.625000	87.612000	21.081230	19.102027	40.183200
191.250000	87.612000	20.787064	18.763074	39.550100
196.875000	87.612000	20.765349	19.116164	39.881500
202.500000	87.612000	20.822916	18.965518	39.788400
208.125000	87.612000	20.890209	19.104967	39.995200
213.750000	87.612000	21.314776	18.872892	40.187700
219.375000	87.612000	21.137327	19.244643	40.382000
225.000000	87.612000	20.927418	19.087324	40.014800
230.625000	87.612000	21.243412	19.366788	40.610200
236.250000	87.612000	21.440540	19.294632	40.735200
241.875000	87.612000	21.951288	19.777670	41.729000
247.500000	87.612000	21.839322	19.134147	40.973500
253.125000	87.612000	21.505571	19.009400	40.514900
258.750000	87.612000	21.404236	18.920845	40.325100
264.375000	87.612000	21.002967	19.278346	40.281300
270.000000	87.612000	20.819297	19.160837	39.980200
275.625000	87.612000	20.945400	19.131885	40.077300
281.250000	87.612000	20.974127	19.105081	40.079200
286.875000	87.612000	21.029545	18.999448	40.029000
292.500000	87.612000	21.034295	19.102592	40.137000
298.125000	87.612000	20.689800	18.856832	39.546600
303.750000	87.612000	20.753361	19.185606	39.939000
309.375000	87.612000	20.899483	18.958506	39.858000
315.000000	87.612000	20.905929	18.782527	39.688400
320.625000	87.612000	21.351759	18.899356	40.251000
326.250000	87.612000	21.003645	19.076693	40.080400
331.875000	87.612000	21.030450	19.138670	40.169100
337.500000	87.612000	21.378563	18.891553	40.270100
343.125000	87.612000	20.706652	19.183457	39.890200
348.750000	87.612000	21.273383	19.584048	40.857400
354.375000	87.612000	21.641741	19.671811	41.313500
2.812500	90.000000	20.796564	21.033616	41.830100
8.437500	90.000000	20.925043	20.839428	41.764500
14.062500	90.000000	20.212982	20.536440	40.749300
19.687500	90.000000	20.278465	20.205291	40.483800
25.312500	90.000000	20.074325	20.453201	40.527600
30.937500	90.000000	20.498100	20.025580	40.523800
36.562500	90.000000	20.214565	20.338068	40.552600
42.187500	90.000000	19.879119	20.260030	40.139100
47.812500	90.000000	20.447998	20.107010	40.555000
53.437500	90.000000	20.500023	20.180749	40.680800
59.062500	90.000000	20.386586	19.730283	40.116800
64.687500	90.000000	20.208006	20.295204	40.503300
70.312500	90.000000	20.091742	20.428772	40.520500
75.937500	90.000000	19.862946	20.373241	40.236100
81.562500	90.000000	20.197261	20.359443	40.556600
87.187500	90.000000	20.287739	20.623299	40.911000
92.812500	90.000000	20.244875	20.416783	40.661600
98.437500	90.000000	20.249852	19.976269	40.226200
104.062000	90.000000	20.806517	19.913840	40.720400
109.688000	90.000000	20.797469	20.931150	41.728600
115.312000	90.000000	21.044587	20.674532	41.719100
120.938000	90.000000	21.098534	20.694890	41.793500
126.562000	90.000000	20.737188	20.515970	41.253100
132.188000	90.000000	20.475255	20.626805	41.102100
137.812000	90.000000	20.356276	20.648859	41.005200
143.437000	90.000000	20.286608	20.000020	40.286700
149.062000	90.000000	20.038812	20.535309	40.574100
154.688000	90.000000	20.325853	20.444945	40.770700
160.312000	90.000000	19.728699	20.339877	40.068600
165.938000	90.000000	20.204726	20.192172	40.396800
171.562000	90.000000	20.529655	19.712187	40.241800
177.188000	90.000000	20.192059	19.942906	40.135000
182.812000	90.000000	20.014949	20.360122	40.375000
188.438000	90.000000	20.270549	20.114587	40.385100
194.062000	90.000000	19.847112	20.553066	40.400200
199.687000	90.000000	19.953197	19.665365	39.618500
205.312000	90.000000	19.774504	20.110968	39.885500
210.938000	90.000000	20.392015	19.837386	40.229500
216.562000	90.000000	20.470731	20.038586	40.509300
222.188000	90.000000	20.145124	20.252453	40.397500
227.812000	90.000000	20.058378	20.461570	40.519900
233.438000	90.000000	20.952865	20.823029	41.775900
239.062000	90.000000	20.916900	20.940763	41.857700
244.687000	90.000000	20.485660	20.687538	41.173200
250.312000	90.000000	20.453427	20.671026	41.124400
255.937000	90.000000	20.348360	20.057586	40.405900
261.562000	90.000000	19.907054	20.492559	40.399600
267.188000	90.000000	19.902191	20.159600	40.061900
272.812000	90.000000	20.179844	19.914744	40.094600
278.438000	90.000000	20.195113	20.251209	40.446300
284.062000	90.000000	20.479892	20.033723	40.513600
289.688000	90.000000	20.061997	20.304817	40.366800
295.312000	90.000000	20.297918	19.891333	40.189200
300.938000	90.000000	20.178827	20.065390	40.244200
306.562000	90.000000	20.049217	20.025127	40.074400
312.187000	90.000000	20.113796	20.181202	40.295000
317.812000	90.000000	20.340217	19.836707	40.176900
323.438000	90.000000	20.342026	20.334222	40.676300
329.062000	90.000000	19.792599	20.368717	40.161300
334.688000	90.000000	20.418027	20.307305	40.725400
340.312000	90.000000	20.295882	20.512011	40.807900
345.938000	90.000000	20.357520	19.972424	40.329900
351.562000	90.000000	20.841464	21.126922	41.968400
357.187000	90.000000	20.805612	20.990865	41.796500
0.000000	92.388000	19.834671	21.352664	41.187300
5.625000	92.388000	19.968579	21.387159	41.355700
11.250000	92.388000	19.167963	21.371212	40.539100
16.875000	92.388000	19.287733	21.095820	40.383600
22.500000	92.388000	19.317477	21.260376	40.577900
28.125000	92.388000	19.018787	21.440314	40.459100
33.750000	92.388000	19.456361	21.041081	40.497400
39.375000	92.388000	19.359210	20.577608	39.936800
45.000000	92.388000	19.187528	20.568560	39.756100
50.625000	92.388000	18.895172	20.900161	39.795300
56.250000	92.388000	19.000013	21.343164	40.343200
61.875000	92.388000	18.730163	21.230519	39.960700
67.500000	92.388000	18.881939	20.813190	39.695200
73.125000	92.388000	18.840772	20.706991	39.547800
78.750000	92.388000	18.756628	21.331628	40.088300
84.375000	92.388000	19.038805	21.032825	40.071700
90.000000	92.388000	19.055996	20.991996	40.048000
95.625000	92.388000	19.451950	20.888512	40.340500
101.250000	92.388000	19.270316	20.799279	40.069600
106.875000	92.388000	19.618656	21.003759	40.622400
112.500000	92.388000	19.780385	21.469154	41.249500
118.125000	92.388000	19.211392	22.017224	41.228500
123.750000	92.388000	20.013704	21.437034	41.450700
129.375000	92.388000	19.449236	21.388176	40.837400
135.000000	92.388000	19.370633	20.870304	40.241000
140.625000	92.388000	19.477284	21.564834	41.042100
146.250000	92.388000	19.399360	21.028866	40.428300
151.875000	92.388000	18.985537	21.099326	40.084800
157.500000	92.388000	19.216255	21.303693	40.520000
163.125000	92.388000	18.927631	21.192405	40.120000
168.750000	92.388000	19.240458	21.000026	40.240500
174.375000	92.388000	18.946744	20.656324	39.603000
180.000000	92.388000	18.574428	20.888060	39.462500
185.625000	92.388000	19.011097	20.784010	39.795100
191.250000	92.388000	18.925143	21.016425	39.941500
196.875000	92.388000	19.395514	20.970621	40.366200
202.500000	92.388000	19.208791	21.197721	40.406600
208.125000	92.388000	19.041067	20.607918	39.649000
213.750000	92.388000	19.320644	21.392135	40.712800
219.375000	92.388000	19.224851	21.341128	40.566000
225.000000	92.388000	19.405693	21.214911	40.620600
230.625000	92.388000	19.638448	21.615954	41.254300
236.250000	92.388000	20.161523	21.691051	41.852600
241.875000	92.388000	19.622162	21.514167	41.136300
247.500000	92.388000	19.916554	21.744320	41.660900
253.125000	92.388000	19.091396	21.387045	40.478400
258.750000	92.388000	18.906029	21.214572	40.120600
264.375000	92.388000	19.060973	21.470172	40.531100
270.000000	92.388000	19.070586	21.257888	40.328500
275.625000	92.388000	19.242494	20.819636	40.062200
281.250000	92.388000	18.912476	20.846779	39.759300
286.875000	92.388000	19.042990	21.116290	40.159200
292.500000	92.388000	18.721115	20.835696	39.556900
298.125000	92.388000	19.105759	20.905590	40.011300
303.750000	92.388000	19.019466	21.147505	40.167000
309.375000	92.388000	19.035073	20.919388	39.954500
315.000000	92.388000	19.431593	20.691384	40.122900
320.625000	92.388000	18.754026	21.196590	39.950600
326.250000	92.388000	19.268732	21.128279	40.397100
331.875000	92.388000	19.350841	20.898917	40.249700
337.500000	92.388000	19.348805	20.945627	40.294400
343.125000	92.388000	19.746116	20.965419	40.711600
348.750000	92.388000	19.282870	21.526268	40.809200
354.375000	92.388000	19.590268	21.473565	41.063800
2.812500	94.780200	18.545362	23.116869	41.662300
8.437500	94.780200	19.047175	22.504334	41.551600
14.062500	94.780200	18.807408	22.433309	41.240700
19.687500	94.780200	18.284786	22.137786	40.422500
25.312500	94.780200	18.323917	22.024236	40.348100
30.937500	94.780200	18.347668	22.015414	40.363000
36.562500	94.780200	18.161509	21.930931	40.092400
42.187500	94.780200	17.938481	22.022426	39.960900
47.812500	94.780200	18.049430	22.031248	40.080600
53.437500	94.780200	18.077931	21.989289	40.067200
59.062500	94.780200	18.045811	21.687771	39.733600
64.687500	94.780200	17.952053	22.315575	40.267700
70.312500	94.780200	18.004870	22.041879	40.046800
75.937500	94.780200	18.359769	22.136768	40.496500
81.562500	94.780200	18.385442	21.874382	40.259700
87.187500	94.780200	17.867456	22.195465	40.062900
92.812500	94.780200	18.435997	22.049570	40.485600
98.437500	94.780200	18.184242	22.106571	40.290900
104.062000	94.780200	18.374698	21.859114	40.233700
109.688000	94.780200	18.764431	22.512251	41.276700
115.312000	94.780200	18.461444	22.642313	41.103700
120.938000	94.780200	18.753122	22.115392	40.868500
126.562000	94.780200	18.993453	22.700445	41.693800
132.188000	94.780200	18.459860	22.147399	40.607200
137.812000	94.780200	18.722246	21.925841	40.648100
143.437000	94.780200	18.411681	21.986801	40.398500
149.062000	94.780200	18.289309	22.320438	40.609800
154.688000	94.780200	18.394942	22.060427	40.455300
160.312000	94.780200	18.444592	22.571853	41.016500
165.938000	94.780200	18.252100	21.688902	39.941000
171.562000	94.780200	18.518897	22.291598	40.810500
177.188000	94.780200	18.093877	22.008402	40.102300
182.812000	94.780200	18.278791	22.022087	40.300900
188.438000	94.780200	18.520707	21.602043	40.122800
194.062000	94.780200	18.446741	22.055224	40.502000
199.687000	94.780200	18.103151	22.222043	40.325200
205.312000	94.780200	17.923326	21.921657	39.845000
210.938000	94.780200	18.388835	22.324849	40.713700
216.562000	94.780200	18.276756	22.015867	40.292600
222.188000	94.780200	18.498426	21.635860	40.134400
227.812000	94.780200	18.657441	22.518471	41.176000
233.438000	94.780200	18.644096	22.601145	41.245300
239.062000	94.780200	18.463366	22.326771	40.790200
244.687000	94.780200	18.820188	22.211864	41.032000
250.312000	94.780200	18.686733	21.941675	40.628500
255.937000	94.780200	18.488474	22.635188	41.123700
261.562000	94.780200	18.255267	21.826881	40.082200
267.188000	94.780200	18.201885	22.180649	40.382500
272.812000	94.780200	18.460199	22.016998	40.477200
278.438000	94.780200	18.401050	21.776213	40.177300
284.062000	94.780200	18.134479	21.921996	40.056500
289.688000	94.780200	18.443122	21.776553	40.219700
295.312000	94.780200	18.088675	21.656669	39.745400
300.938000	94.780200	18.235701	21.954794	40.190500
306.562000	94.780200	18.076121	21.674765	39.750900
312.187000	94.780200	18.326405	22.344301	40.670700
317.812000	94.780200	18.020364	21.807315	39.827800
323.438000	94.780200	17.948321	21.943484	39.891800
329.062000	94.780200	18.260696	21.848709	40.109400
334.688000	94.780200	18.187296	21.884334	40.071600
340.312000	94.780200	18.309780	21.642532	39.952300
345.938000	94.780200	18.324709	22.031926	40.356600
351.562000	94.780200	18.761604	22.565067	41.326600
357.187000	94.780200	18.826974	22.507614	41.334600
0.000000	97.180800	18.022626	23.684957	41.707600
5.625000	97.180800	18.091955	23.080565	41.172500
11.250000	97.180800	18.053954	23.528543	41.582500
16.875000	97.180800	17.842349	23.449488	41.291800
22.500000	97.180800	17.536534	22.694790	40.231300
28.125000	97.180800	17.553046	23.103976	40.657000
33.750000	97.180800	17.323345	23.022320	40.345700
39.375000	97.180800	17.505997	23.045279	40.551300
45.000000	97.180800	17.115246	22.923020	40.038200
50.625000	97.180800	17.578606	22.816935	40.395500
56.250000	97.180800	17.490390	22.707231	40.197600
61.875000	97.180800	16.800609	22.910240	39.710900
67.500000	97.180800	17.279124	22.938628	40.217800
73.125000	97.180800	17.491521	22.893615	40.385200
78.750000	97.180800	17.588332	23.024242	40.612600
84.375000	97.180800	17.191587	23.189365	40.381000
90.000000	97.180800	17.082674	23.011010	40.093700
95.625000	97.180800	17.734341	22.895312	40.629700
101.250000	97.180800	17.336577	23.352903	40.689500
106.875000	97.180800	17.328095	23.275545	40.603600
112.500000	97.180800	17.990054	23.520061	41.510100
118.125000	97.180800	17.874242	23.653290	41.527500
123.750000	97.180800	18.039817	23.293301	41.333100
129.375000	97.180800	17.904213	23.521079	41.425300
135.000000	97.180800	17.570123	23.471769	41.041900
140.625000	97.180800	17.502265	22.610532	40.112800
146.250000	97.180800	17.444472	23.323498	40.768000
151.875000	97.180800	17.373221	22.851656	40.224900
157.500000	97.180800	17.447639	22.888865	40.336500
163.125000	97.180800	17.271886	22.630438	39.902300
168.750000	97.180800	17.011649	23.139262	40.151000
174.375000	97.180800	16.977267	22.836388	39.813700
180.000000	97.180800	16.866997	22.561787	39.428700
185.625000	97.180800	17.257522	22.737541	39.995100
191.250000	97.180800	17.291678	23.067559	40.359200
196.875000	97.180800	17.525676	23.049124	40.574800
202.500000	97.180800	16.890522	22.897121	39.787600
208.125000	97.180800	17.436329	23.094702	40.531100
213.750000	97.180800	17.672590	22.866698	40.539200
219.375000	97.180800	17.454086	22.991331	40.445400
225.000000	97.180800	17.611630	23.577741	41.189400
230.625000	97.180800	18.098854	23.428113	41.527000
236.250000	97.180800	17.891772	24.023118	41.914900
241.875000	97.180800	17.956577	23.690951	41.647500
247.500000	97.180800	17.686048	23.837186	41.523300
253.125000	97.180800	17.361798	23.358445	40.720200
258.750000	97.180800	17.336012	23.023225	40.359200
264.375000	97.180800	17.331262	22.993932	40.325200
270.000000	97.180800	17.156753	22.852787	40.009600
275.625000	97.180800	17.802425	23.140507	40.943000
281.250000	97.180800	17.474217	22.697391	40.171600
286.875000	97.180800	17.292130	23.156906	40.449000
292.500000	97.180800	17.333524	22.806756	40.140300
298.125000	97.180800	17.343363	22.911711	40.255100
303.750000	97.180800	17.147479	22.683367	39.830800
309.375000	97.180800	17.256618	23.060094	40.316600
315.000000	97.180800	17.376840	23.240598	40.617400
320.625000	97.180800	17.352411	22.416910	39.769300
326.250000	97.180800	17.395388	22.956271	40.351600
331.875000	97.180800	17.242367	22.660861	39.903300
337.500000	97.180800	17.302422	23.118566	40.421000
343.125000	97.180800	17.555308	23.259937	40.815200
348.750000	97.180800	17.631762	23.258241	40.890000
354.375000	97.180800	17.681751	23.982516	41.664300
2.812500	99.594100	16.731733	24.565420	41.297100
8.437500	99.594100	17.070346	24.087244	41.157700
14.062500	99.594100	16.346636	24.212669	40.559300
19.687500	99.594100	16.673827	24.175121	40.848900
25.312500	99.594100	16.755031	24.143793	40.898800
30.937500	99.594100	16.247563	24.200342	40.447900
36.562500	99.594100	16.294499	24.269218	40.563700
42.187500	99.594100	16.428293	24.159174	40.587500
47.812500	99.594100	16.323338	23.659058	39.982400
53.437500	99.594100	16.368917	23.853698	40.222600
59.062500	99.594100	16.601105	23.642433	40.243500
64.687500	99.594100	16.364167	23.696154	40.060300
70.312500	99.594100	16.363827	24.268766	40.632500
75.937500	99.594100	16.283981	23.711874	39.995900
81.562500	99.594100	16.136728	23.886836	40.023500
87.187500	99.594100	16.427840	23.933771	40.361600
92.812500	99.594100	16.186378	24.553771	40.740200
98.437500	99.594100	16.494455	23.966683	40.461100
104.062000	99.594100	16.540146	24.251575	40.791700
109.688000	99.594100	17.057679	24.267182	41.324900
115.312000	99.594100	16.603254	24.436715	41.040100
120.938000	99.594100	16.760799	24.881753	41.642600
126.562000	99.594100	16.282510	24.619593	40.902100
132.188000	99.594100	16.546366	24.487948	41.034300
137.812000	99.594100	16.493550	24.280980	40.774600
143.437000	99.594100	16.341999	24.230086	40.572100
149.062000	99.594100	16.246998	23.816602	40.063600
154.688000	99.594100	16.602576	24.070054	40.672600
160.312000	99.594100	16.292350	23.990998	40.283400
165.938000	99.594100	16.181854	23.629313	39.811200
171.562000	99.594100	16.348672	23.809817	40.158400
177.188000	99.594100	16.151430	23.587806	39.739200
182.812000	99.594100	16.430555	23.991451	40.422000
188.438000	99.594100	16.350029	24.026850	40.376900
194.062000	99.594100	16.575998	24.035333	40.611300
199.687000	99.594100	16.416870	24.164264	40.581100
205.312000	99.594100	16.365637	24.094709	40.460400
210.938000	99.594100	16.664779	24.305748	40.970600
216.562000	99.594100	16.686720	24.342618	41.029300
222.188000	99.594100	16.546140	24.052637	40.598800
227.812000	99.594100	16.613207	24.342957	40.956200
233.438000	99.594100	16.923772	24.413304	41.337000
239.062000	99.594100	17.022959	25.150925	42.173800
244.687000	99.594100	16.707982	24.606474	41.314400
250.312000	99.594100	16.868807	24.250444	41.119300
255.937000	99.594100	16.577129	24.150466	40.727600
261.562000	99.594100	16.339738	24.687113	41.027000
267.188000	99.594100	16.104834	23.908777	40.013600
272.812000	99.594100	16.270974	24.316832	40.587900
278.438000	99.594100	16.091489	24.178514	40.270000
284.062000	99.594100	16.324130	24.233253	40.557300
289.688000	99.594100	16.541956	23.777923	40.319900
295.312000	99.594100	16.160818	23.901878	40.062700
300.938000	99.594100	16.398435	23.890907	40.289300
306.562000	99.594100	16.647702	24.006832	40.654400
312.187000	99.594100	16.484615	23.388303	39.872900
317.812000	99.594100	16.089340	24.039404	40.128800
323.438000	99.594100	16.136275	24.328933	40.465200
329.062000	99.594100	16.380905	24.197401	40.578300
334.688000	99.594100	16.703232	24.110769	40.814100
340.312000	99.594100	16.710810	23.611331	40.322200
345.938000	99.594100	17.028161	24.495865	41.524000
351.562000	99.594100	16.891992	24.655898	41.547900
357.187000	99.594100	16.535622	24.763793	41.299400
0.000000	102.025000	16.113882	25.936046	42.050000
5.625000	102.025000	15.963237	25.947017	41.910300
11.250000	102.025000	16.025892	25.555361	41.581300
16.875000	102.025000	15.430774	25.251129	40.682000
22.500000	102.025000	15.449322	25.018714	40.468100
28.125000	102.025000	15.268932	24.884920	40.153800
33.750000	102.025000	15.292456	25.426656	40.719100
39.375000	102.025000	15.344820	24.631243	39.976100
45.000000	102.025000	15.272099	24.892497	40.164600
50.625000	102.025000	15.341427	24.679648	40.021100
56.250000	102.025000	15.359184	25.041220	40.400400
61.875000	102.025000	15.684338	24.925069	40.609400
67.500000	102.025000	15.261015	24.867277	40.128300
73.125000	102.025000	15.465382	25.101954	40.567300
78.750000	102.025000	15.644981	24.777138	40.422200
84.375000	102.025000	15.191121	25.532515	40.723700
90.000000	102.025000	15.417542	25.298969	40.716500
95.625000	102.025000	15.661945	25.165967	40.827900
101.250000	102.025000	15.646790	25.214372	40.861100
106.875000	102.025000	15.987552	25.056828	41.044400
112.500000	102.025000	16.016166	25.646517	41.662700
118.125000	102.025000	15.772441	25.271260	41.043700
123.750000	102.025000	15.723923	25.800895	41.524800
129.375000	102.025000	16.149960	25.332220	41.482100
135.000000	102.025000	15.402613	25.124912	40.527500
140.625000	102.025000	15.746881	24.731334	40.478200
146.250000	102.025000	15.728333	25.099013	40.827400
151.875000	102.025000	15.393000	25.089626	40.482700
157.500000	102.025000	15.713744	25.241403	40.955200
163.125000	102.025000	15.555181	24.696273	40.251500
168.750000	102.025000	15.377053	24.843526	40.220600
174.375000	102.025000	15.232288	25.159746	40.391900
180.000000	102.025000	15.812252	25.044500	40.856800
185.625000	102.025000	15.315189	24.736989	40.052100
191.250000	102.025000	15.313040	24.774424	40.087500
196.875000	102.025000	15.239866	24.931968	40.171900
202.500000	102.025000	16.011077	25.222628	41.233700
208.125000	102.025000	15.432584	25.209848	40.642500
213.750000	102.025000	15.529621	25.091322	40.620900
219.375000	102.025000	15.708541	25.050381	40.758900
225.000000	102.025000	15.690446	24.956624	40.647100
230.625000	102.025000	16.322207	25.802931	42.125100
236.250000	102.025000	16.170770	25.802479	41.973300
241.875000	102.025000	16.388369	25.762329	42.150800
247.500000	102.025000	15.546925	26.043941	41.590800
253.125000	102.025000	16.119537	25.138484	41.258000
258.750000	102.025000	15.569092	25.089513	40.658700
264.375000	102.025000	15.905104	25.568141	41.473300
270.000000	102.025000	15.651427	24.794894	40.446300
275.625000	102.025000	15.495805	25.262213	40.758100
281.250000	102.025000	15.406006	25.075828	40.481800
286.875000	102.025000	15.694178	25.100710	40.794900
292.500000	102.025000	15.651427	24.803150	40.454600
298.125000	102.025000	15.450340	25.014190	40.464500
303.750000	102.025000	15.348439	24.950969	40.299400
309.375000	102.025000	15.627564	24.797269	40.424900
315.000000	102.025000	15.340975	24.695143	40.036200
320.625000	102.025000	15.460519	25.155562	40.616000
326.250000	102.025000	15.627564	25.376441	41.004000
331.875000	102.025000	15.813722	25.034661	40.848400
337.500000	102.025000	15.761018	25.201479	40.962500
343.125000	102.025000	15.643284	25.240724	40.884100
348.750000	102.025000	15.845163	25.415799	41.260900
354.375000	102.025000	16.015601	25.686667	41.702300
2.812500	104.478000	15.097929	26.941821	42.039700
8.437500	104.478000	14.733982	27.059555	41.793500
14.062500	104.478000	14.776280	26.156699	40.932900
19.687500	104.478000	14.791887	26.254415	41.046300
25.312500	104.478000	14.814733	26.402460	41.217100
30.937500	104.478000	14.742351	26.291964	41.034400
36.562500	104.478000	14.758637	26.506283	41.264900
42.187500	104.478000	14.472727	26.238808	40.711600
47.812500	104.478000	14.708308	26.304404	41.012700
53.437500	104.478000	14.578020	25.361399	39.939400
59.062500	104.478000	14.482340	25.622880	40.105200
64.687500	104.478000	14.882705	25.930052	40.812700
70.312500	104.478000	14.469447	26.180676	40.650100
75.937500	104.478000	14.791435	25.915123	40.706600
81.562500	104.478000	14.184668	26.508206	40.692900
87.187500	104.478000	14.847192	26.558082	41.405200
92.812500	104.478000	14.561395	25.923945	40.485300
98.437500	104.478000	14.205025	26.943291	41.148300
104.062000	104.478000	14.637849	26.452562	41.090300
109.688000	104.478000	15.035499	27.243565	42.279000
115.312000	104.478000	15.234663	27.183510	42.418200
120.938000	104.478000	14.910300	26.752270	41.662600
126.562000	104.478000	15.239300	27.168016	42.407300
132.188000	104.478000	14.720410	26.566112	41.286500
137.812000	104.478000	14.976236	26.544510	41.520800
143.437000	104.478000	14.766214	26.167444	40.933700
149.062000	104.478000	14.669064	25.828830	40.497900
154.688000	104.478000	14.661825	26.655006	41.316800
160.312000	104.478000	14.668385	26.199111	40.867500
165.938000	104.478000	14.519323	25.969976	40.489200
171.562000	104.478000	14.371844	26.029239	40.401100
177.188000	104.478000	14.575419	25.867509	40.443000
182.812000	104.478000	14.425904	26.317976	40.743900
188.438000	104.478000	14.676189	25.849866	40.526100
194.062000	104.478000	14.584354	26.166426	40.750800
199.687000	104.478000	14.373201	26.322387	40.695600
205.312000	104.478000	14.565014	26.329399	40.894500
210.938000	104.478000	14.681731	26.257695	40.939300
216.562000	104.478000	14.793245	26.239034	41.032400
222.188000	104.478000	14.632986	26.849760	41.482700
227.812000	104.478000	14.922289	26.285857	41.208200
233.438000	104.478000	15.062190	26.721394	41.783600
239.062000	104.478000	15.162507	27.056162	42.218700
244.687000	104.478000	14.790530	26.558082	41.348600
250.312000	104.478000	14.733982	26.749556	41.483500
255.937000	104.478000	14.773453	26.510807	41.284200
261.562000	104.478000	14.723803	26.689388	41.413200
267.188000	104.478000	14.628575	26.579797	41.208400
272.812000	104.478000	14.641581	25.933332	40.575000
278.438000	104.478000	14.934390	26.546772	41.481200
284.062000	104.478000	14.396160	26.113722	40.509900
289.688000	104.478000	14.575872	26.360388	40.936300
295.312000	104.478000	14.541264	26.291285	40.832600
300.938000	104.478000	14.278426	25.822836	40.101300
306.562000	104.478000	14.341760	26.777378	41.119200
312.187000	104.478000	14.479286	26.157491	40.636800
317.812000	104.478000	14.698243	26.089293	40.787500
323.438000	104.478000	14.822198	26.217885	41.040200
329.062000	104.478000	14.420136	26.643810	41.063900
334.688000	104.478000	14.610479	26.617119	41.227600
340.312000	104.478000	14.687951	26.525510	41.213500
345.938000	104.478000	14.686594	26.701376	41.387900
351.562000	104.478000	15.025320	26.818771	41.844100
357.187000	104.478000	14.804328	27.330537	42.134800
0.000000	106.958000	13.828072	27.656483	41.484600
5.625000	106.958000	14.150060	28.143141	42.293200
11.250000	106.958000	13.913008	27.548023	41.461000
16.875000	106.958000	14.125970	27.832689	41.958700
22.500000	106.958000	13.669283	27.896023	41.565300
28.125000	106.958000	14.041826	27.218796	41.260700
33.750000	106.958000	13.618050	27.874309	41.492400
39.375000	106.958000	13.911990	27.461164	41.373100
45.000000	106.958000	13.512417	27.336757	40.849200
50.625000	106.958000	13.508233	27.582178	41.090400
56.250000	106.958000	13.681611	27.438205	41.119800
61.875000	106.958000	13.629134	27.014882	40.643900
67.500000	106.958000	13.707171	27.040555	40.747600
73.125000	106.958000	13.847638	27.272065	41.119800
78.750000	106.958000	13.432684	27.224564	40.657200
84.375000	106.958000	13.567269	27.082514	40.649800
90.000000	106.958000	14.044880	27.511605	41.556500
95.625000	106.958000	13.949991	27.672543	41.622600
101.250000	106.958000	13.795161	27.428818	41.224000
106.875000	106.958000	13.659331	27.534564	41.193900
112.500000	106.958000	14.069535	27.843433	41.913000
118.125000	106.958000	14.074850	27.628322	41.703100
123.750000	106.958000	14.166007	28.118599	42.284500
129.375000	106.958000	13.776160	27.995436	41.771600
135.000000	106.958000	13.917532	27.590547	41.508100
140.625000	106.958000	13.861549	27.973947	41.835500
146.250000	106.958000	13.871727	27.193463	41.065300
151.875000	106.958000	13.618389	27.940471	41.558800
157.500000	106.958000	13.704343	27.353156	41.057500
163.125000	106.958000	13.821738	26.991018	40.812800
168.750000	106.958000	13.625062	27.284506	40.909600
174.375000	106.958000	13.653902	27.688490	41.342400
180.000000	106.958000	13.649378	27.023025	40.672400
185.625000	106.958000	13.739969	26.949399	40.689400
191.250000	106.958000	13.842775	27.157950	41.000800
196.875000	106.958000	13.655938	27.453021	41.109000
202.500000	106.958000	14.039451	27.128092	41.167500
208.125000	106.958000	13.455529	27.409705	40.865200
213.750000	106.958000	13.600972	27.675597	41.276600
219.375000	106.958000	13.861209	27.680460	41.541600
225.000000	106.958000	14.150965	27.927917	42.078900
230.625000	106.958000	14.062975	27.810522	41.873500
236.250000	106.958000	14.275033	28.186231	42.461300
241.875000	106.958000	14.191227	27.811426	42.002600
247.500000	106.958000	13.922734	27.920226	41.842900
253.125000	106.958000	13.918210	27.980620	41.898800
258.750000	106.958000	13.999301	27.961620	41.960900
264.375000	106.958000	13.756594	27.423729	41.180400
270.000000	106.958000	13.888353	27.939679	41.828100
275.625000	106.958000	13.708415	27.462408	41.170800
281.250000	106.958000	13.754898	27.472813	41.227700
286.875000	106.958000	13.643158	27.245940	40.889100
292.500000	106.958000	13.538090	26.811533	40.349600
298.125000	106.958000	13.871162	27.281679	41.152900
303.750000	106.958000	13.666795	27.559219	41.226100
309.375000	106.958000	13.575412	27.232594	40.808000
315.000000	106.958000	13.613074	27.515903	41.128900
320.625000	106.958000	13.953497	27.418187	41.371700
326.250000	106.958000	13.747094	27.538523	41.285700
331.875000	106.958000	14.019772	27.524951	41.544800
337.500000	106.958000	13.890275	27.406877	41.297200
343.125000	106.958000	13.686813	27.251482	40.938300
348.750000	106.958000	13.842435	27.905297	41.747700
354.375000	106.958000	14.131399	28.361419	42.492800
2.812500	109.471000	12.966496	29.014104	41.980600
8.437500	109.471000	13.084231	29.074498	42.158600
14.062500	109.471000	12.985610	29.214399	42.200100
19.687500	109.471000	13.084570	28.607179	41.691700
25.312500	109.471000	12.966949	28.762914	41.729900
30.937500	109.471000	12.666788	29.031973	41.698800
36.562500	109.471000	12.567828	29.065450	41.633200
42.187500	109.471000	12.406438	28.633757	41.040200
47.812500	109.471000	12.765862	28.481076	41.247000
53.437500	109.471000	12.312002	28.605483	40.917400
59.062500	109.471000	12.641794	28.468974	41.110700
64.687500	109.471000	12.544417	28.791189	41.335600
70.312500	109.471000	12.289722	28.443075	40.732900
75.937500	109.471000	12.780677	28.301590	41.082300
81.562500	109.471000	12.520327	28.788361	41.308700
87.187500	109.471000	12.669164	28.294805	40.964000
92.812500	109.471000	13.059236	28.681710	41.741000
98.437500	109.471000	13.140893	28.585917	41.726800
104.062000	109.471000	12.958580	28.484808	41.443400
109.688000	109.471000	13.024515	28.927019	41.951500
115.312000	109.471000	12.887215	29.215304	42.102500
120.938000	109.471000	13.141345	29.534238	42.675600
126.562000	109.471000	13.051319	29.326026	42.377400
132.188000	109.471000	12.959145	28.911298	41.870500
137.812000	109.471000	12.990586	28.670401	41.661000
143.437000	109.471000	13.347634	28.576869	41.924500
149.062000	109.471000	12.797981	28.378383	41.176400
154.688000	109.471000	12.434600	28.339704	40.774300
160.312000	109.471000	13.004271	28.642013	41.646300
165.938000	109.471000	12.688051	28.472480	41.160500
171.562000	109.471000	12.789951	29.117588	41.907500
177.188000	109.471000	12.638062	28.293334	40.931400
182.812000	109.471000	12.609674	28.581619	41.191300
188.438000	109.471000	12.818452	28.393991	41.212400
194.062000	109.471000	12.699813	28.769135	41.468900
199.687000	109.471000	12.630032	28.792433	41.422500
205.312000	109.471000	13.151071	28.567030	41.718100
210.938000	109.471000	12.894340	28.842196	41.736500
216.562000	109.471000	12.776380	29.083998	41.860400
222.188000	109.471000	12.981538	28.446581	41.428200
227.812000	109.471000	12.973169	28.924644	41.897800
233.438000	109.471000	12.994658	29.694271	42.688900
239.062000	109.471000	12.822410	29.234756	42.057200
244.687000	109.471000	12.895019	29.195625	42.090600
250.312000	109.471000	12.977128	29.398069	42.375100
255.937000	109.471000	12.952925	29.221863	42.174700
261.562000	109.471000	12.788368	28.525410	41.313700
267.188000	109.471000	12.727069	28.719259	41.446300
272.812000	109.471000	12.787690	28.872279	41.659900
278.438000	109.471000	12.574953	28.208624	40.783600
284.062000	109.471000	12.521119	27.839701	40.360800
289.688000	109.471000	12.640776	28.490237	41.131100
295.312000	109.471000	12.921144	28.511838	41.433000
300.938000	109.471000	12.596894	28.991258	41.588200
306.562000	109.471000	12.495559	28.974746	41.470300
312.187000	109.471000	12.606055	28.659996	41.266000
317.812000	109.471000	12.337562	28.520547	40.858200
323.438000	109.471000	12.691218	28.266191	40.957500
329.062000	109.471000	12.734194	28.748325	41.482500
334.688000	109.471000	12.980634	28.783498	41.764200
340.312000	109.471000	13.134559	28.376461	41.511100
345.938000	109.471000	13.196876	28.463206	41.660000
351.562000	109.471000	12.949306	29.203655	42.152900
357.187000	109.471000	13.117708	29.406325	42.524100
0.000000	112.024000	12.012860	30.543180	42.556100
5.625000	112.024000	11.944662	30.377492	42.322200
11.250000	112.024000	12.179113	29.777171	41.956300
16.875000	112.024000	11.839142	30.236912	42.076200
22.500000	112.024000	11.856333	29.731932	41.588300
28.125000	112.024000	11.829416	29.423516	41.253000
33.750000	112.024000	11.868434	29.516143	41.384600
39.375000	112.024000	11.888566	30.044986	41.933600
45.000000	112.024000	11.725706	29.612502	41.338200
50.625000	112.024000	11.789153	29.519762	41.308900
56.250000	112.024000	11.810076	29.783731	41.593900
61.875000	112.024000	11.409712	29.288365	40.698100
67.500000	112.024000	11.453141	29.746861	41.200000
73.125000	112.024000	11.508219	29.405194	40.913400
78.750000	112.024000	11.591459	29.546340	41.137700
84.375000	112.024000	12.148690	29.828178	41.976900
90.000000	112.024000	12.074950	29.427587	41.502600
95.625000	112.024000	11.930412	30.093278	42.023700
101.250000	112.024000	11.788361	29.476559	41.264900
106.875000	112.024000	12.118040	30.210221	42.328300
112.500000	112.024000	11.776373	30.167357	41.943700
118.125000	112.024000	11.885060	30.528138	42.413100
123.750000	112.024000	11.962079	30.166565	42.128600
129.375000	112.024000	12.079022	30.498393	42.577400
135.000000	112.024000	12.140320	29.952020	42.092300
140.625000	112.024000	12.244031	29.488547	41.732600
146.250000	112.024000	11.915144	29.380200	41.295300
151.875000	112.024000	11.985151	29.343104	41.328200
157.500000	112.024000	11.702634	29.761564	41.464300
163.125000	112.024000	11.923852	29.821619	41.745400
168.750000	112.024000	11.677413	29.641115	41.318600
174.375000	112.024000	11.586709	29.626299	41.213000
180.000000	112.024000	11.542149	29.968984	41.511200
185.625000	112.024000	11.601864	29.357241	40.959100
191.250000	112.024000	11.588971	29.673235	41.262100
196.875000	112.024000	11.534345	29.812571	41.346900
202.500000	112.024000	11.367187	29.732498	41.099600
208.125000	112.024000	11.512291	29.889364	41.401600
213.750000	112.024000	12.090671	29.707616	41.798300
219.375000	112.024000	12.116118	29.735551	41.851700
225.000000	112.024000	11.949073	29.984366	41.933400
230.625000	112.024000	12.044075	30.284978	42.329000
236.250000	112.024000	12.057307	30.748338	42.805600
241.875000	112.024000	11.747873	30.422165	42.170000
247.500000	112.024000	11.806796	30.597806	42.404700
253.125000	112.024000	12.020663	29.918769	41.939400
258.750000	112.024000	11.957103	29.544869	41.502000
264.375000	112.024000	11.892298	30.032545	41.924800
270.000000	112.024000	11.730456	29.586942	41.317400
275.625000	112.024000	11.772075	30.088415	41.860500
281.250000	112.024000	11.725027	29.344008	41.069000
286.875000	112.024000	11.549274	29.488321	41.037500
292.500000	112.024000	11.545994	29.892531	41.438500
298.125000	112.024000	11.604691	29.463100	41.067800
303.750000	112.024000	11.561149	29.482327	41.043600
309.375000	112.024000	11.591007	29.700717	41.291600
315.000000	112.024000	11.652532	29.959710	41.612200
320.625000	112.024000	11.646651	29.603793	41.250400
326.250000	112.024000	11.762349	29.572578	41.334900
331.875000	112.024000	11.675038	30.019086	41.694000
337.500000	112.024000	12.022021	30.097802	42.119900
343.125000	112.024000	11.963549	29.698342	41.661900
348.750000	112.024000	12.216774	29.601531	41.818300
354.375000	112.024000	12.025300	30.028813	42.054100
2.812500	114.624000	10.850513	31.209662	42.060100
8.437500	114.624000	10.973212	31.517287	42.490500
14.062500	114.624000	10.806258	31.340516	42.146800
19.687500	114.624000	10.875248	30.354081	41.229400
25.312500	114.624000	10.814989	30.701516	41.516500
30.937500	114.624000	10.659299	30.729677	41.388900
36.562500	114.624000	10.358302	30.983467	41.341800
42.187500	114.624000	10.472135	30.628794	41.100900
47.812500	114.624000	10.602898	30.238608	40.841500
53.437500	114.624000	10.713417	30.254894	40.968300
59.062500	114.624000	10.593895	30.734427	41.328400
64.687500	114.624000	10.348610	30.717349	41.066000
70.312500	114.624000	10.654696	31.113416	41.768100
75.937500	114.624000	10.704493	30.858947	41.563500
81.562500	114.624000	10.757106	30.695182	41.452300
87.187500	114.624000	10.914040	30.775029	41.689100
92.812500	114.624000	10.428762	30.589097	41.017800
98.437500	114.624000	10.932769	30.434719	41.367500
104.062000	114.624000	10.867150	31.573157	42.440300
109.688000	114.624000	10.841658	31.076207	41.917800
115.312000	114.624000	10.985800	31.270508	42.256300
120.938000	114.624000	11.057312	31.757506	42.814800
126.562000	114.624000	10.784770	31.640563	42.425300
132.188000	114.624000	10.803815	31.250943	42.054700
137.812000	114.624000	10.602977	31.036171	41.639100
143.437000	114.624000	10.537595	30.873084	41.410700
149.062000	114.624000	10.592606	31.054153	41.646700
154.688000	114.624000	10.693772	30.934270	41.628000
160.312000	114.624000	10.640571	30.727415	41.368000
165.938000	114.624000	10.669637	30.740308	41.409900
171.562000	114.624000	10.265947	30.967973	41.234000
177.188000	114.624000	10.557286	30.184322	40.741700
182.812000	114.624000	10.617861	30.613300	41.231200
188.438000	114.624000	10.327890	30.249126	40.577000
194.062000	114.624000	10.568347	30.899662	41.468000
199.687000	114.624000	10.531873	31.008914	41.540800
205.312000	114.624000	10.450273	30.441166	40.891400
210.938000	114.624000	10.685481	30.837346	41.522900
216.562000	114.624000	10.542900	30.835084	41.378000
222.188000	114.624000	10.745140	30.572472	41.317600
227.812000	114.624000	11.081356	31.453048	42.534400
233.438000	114.624000	11.183664	31.619414	42.803100
239.062000	114.624000	10.528932	31.861103	42.390100
244.687000	114.624000	10.678764	31.657867	42.336700
250.312000	114.624000	10.834600	31.636265	42.470800
255.937000	114.624000	10.868088	30.719611	41.587700
261.562000	114.624000	10.941715	31.088987	42.030700
267.188000	114.624000	10.663133	30.905996	41.569200
272.812000	114.624000	10.726095	30.420921	41.147000
278.438000	114.624000	10.315800	30.455190	40.771000
284.062000	114.624000	10.681817	30.336551	41.018300
289.688000	114.624000	10.644009	30.056182	40.700200
295.312000	114.624000	10.457737	30.429177	40.886900
300.938000	114.624000	10.418119	30.455529	40.873700
306.562000	114.624000	10.515315	30.826036	41.341300
312.187000	114.624000	10.613416	30.949991	41.563400
317.812000	114.624000	10.630030	30.769261	41.399300
323.438000	114.624000	10.382268	30.470232	40.852500
329.062000	114.624000	10.558858	30.801607	41.360500
334.688000	114.624000	10.627542	30.364712	40.992300
340.312000	114.624000	10.792528	30.796178	41.588700
345.938000	114.624000	10.937496	31.020450	41.957900
351.562000	114.624000	10.819807	31.461869	42.281600
357.187000	114.624000	11.072331	31.604937	42.677200
0.000000	117.280000	9.672548	32.626206	42.298800
5.625000	117.280000	9.415240	32.894926	42.310200
11.250000	117.280000	9.718748	32.378297	42.097000
16.875000	117.280000	9.277578	31.942759	41.220300
22.500000	117.280000	9.825998	31.706159	41.532200
28.125000	117.280000	9.453456	31.707290	41.160800
33.750000	117.280000	9.585078	32.011409	41.596500
39.375000	117.280000	9.610333	31.543525	41.153900
45.000000	117.280000	9.290765	31.811227	41.102000
50.625000	117.280000	9.350153	31.471256	40.821400
56.250000	117.280000	9.562843	31.853638	41.416500
61.875000	117.280000	9.126231	31.777071	40.903300
67.500000	117.280000	9.293412	31.467863	40.761300
73.125000	117.280000	9.506838	31.586502	41.093400
78.750000	117.280000	9.162637	31.736017	40.898600
84.375000	117.280000	9.460434	31.867662	41.328100
90.000000	117.280000	9.462888	31.555174	41.018000
95.625000	117.280000	9.607325	32.157305	41.764600
101.250000	117.280000	9.690372	32.062529	41.752900
106.875000	117.280000	9.802146	32.555747	42.357900
112.500000	117.280000	9.527082	32.680380	42.207400
118.125000	117.280000	9.505390	32.790197	42.295600
123.750000	117.280000	9.458726	33.361226	42.820000
129.375000	117.280000	9.571348	32.383499	41.954900
135.000000	117.280000	9.488527	31.970468	41.459000
140.625000	117.280000	9.607856	32.456786	42.064600
146.250000	117.280000	9.226073	31.726404	40.952500
151.875000	117.280000	9.506849	31.853073	41.359900
157.500000	117.280000	9.477726	31.807268	41.285000
163.125000	117.280000	9.243276	31.395029	40.638300
168.750000	117.280000	9.328065	31.787363	41.115500
174.375000	117.280000	9.261281	31.507221	40.768400
180.000000	117.280000	9.380429	31.570556	40.951000
185.625000	117.280000	9.366506	31.293015	40.659500
191.250000	117.280000	9.227691	31.542508	40.770200
196.875000	117.280000	9.514019	31.476119	40.990100
202.500000	117.280000	9.653559	31.771190	41.424700
208.125000	117.280000	9.349745	32.249705	41.599400
213.750000	117.280000	9.438233	32.363934	41.802200
219.375000	117.280000	9.451703	32.074970	41.526600
225.000000	117.280000	9.566949	31.673135	41.240100
230.625000	117.280000	9.871000	32.505531	42.376500
236.250000	117.280000	9.574402	32.466060	42.040500
241.875000	117.280000	9.683371	32.961653	42.645000
247.500000	117.280000	9.865311	32.506889	42.372200
253.125000	117.280000	9.861748	32.025999	41.887700
258.750000	117.280000	9.651048	31.838483	41.489500
264.375000	117.280000	9.466711	32.198698	41.665400
270.000000	117.280000	9.601602	31.918669	41.520200
275.625000	117.280000	9.352313	31.921723	41.274100
281.250000	117.280000	9.428269	31.422624	40.850900
286.875000	117.280000	9.614404	31.635587	41.249900
292.500000	117.280000	9.069716	32.103923	41.173600
298.125000	117.280000	9.400492	31.832715	41.233200
303.750000	117.280000	9.184216	31.633212	40.817500
309.375000	117.280000	9.132248	31.442530	40.574800
315.000000	117.280000	9.312717	31.894466	41.207200
320.625000	117.280000	9.274038	31.762482	41.036500
326.250000	117.280000	9.527342	31.543073	41.070400
331.875000	117.280000	9.465862	31.846966	41.312800
337.500000	117.280000	9.717074	31.810661	41.527800
343.125000	117.280000	9.572072	31.502471	41.074500
348.750000	117.280000	9.667594	32.342106	42.009600
354.375000	117.280000	9.657913	32.441066	42.098900
2.812500	120.000000	8.386801	33.714881	42.101700
8.437500	120.000000	8.299207	33.833294	42.132500
14.062500	120.000000	8.089355	32.989588	41.078900
19.687500	120.000000	8.089185	33.036410	41.125600
25.312500	120.000000	8.182932	32.632766	40.815700
30.937500	120.000000	8.156037	33.414042	41.570100
36.562500	120.000000	8.197351	32.911551	41.108900
42.187500	120.000000	8.054215	32.917771	40.972000
47.812500	120.000000	8.260392	32.366535	40.626900
53.437500	120.000000	7.989852	32.730934	40.720800
59.062500	120.000000	8.032897	32.516615	40.549500
64.687500	120.000000	7.864121	32.129143	39.993300
70.312500	120.000000	8.134051	32.802186	40.936200
75.937500	120.000000	8.200235	32.524419	40.724700
81.562500	120.000000	7.996264	32.475334	40.471600
87.187500	120.000000	8.222357	32.412339	40.634700
92.812500	120.000000	8.194264	32.464025	40.658300
98.437500	120.000000	7.970252	32.475448	40.445700
104.062000	120.000000	8.358798	32.738625	41.097400
109.688000	120.000000	8.343349	33.012547	41.355900
115.312000	120.000000	8.244389	33.623272	41.867700
120.938000	120.000000	8.388158	33.578260	41.966400
126.562000	120.000000	8.465969	33.426822	41.892800
132.188000	120.000000	8.322211	32.430661	40.752800
137.812000	120.000000	8.409624	32.531883	40.941500
143.437000	120.000000	8.071655	32.964367	41.036000
149.062000	120.000000	8.157530	32.849913	41.007500
154.688000	120.000000	8.094229	32.659457	40.753700
160.312000	120.000000	8.317416	32.459388	40.776800
165.938000	120.000000	8.138326	32.952040	41.090300
171.562000	120.000000	8.109283	32.944915	41.054200
177.188000	120.000000	7.767864	33.399227	41.167100
182.812000	120.000000	7.974787	32.660475	40.635300
188.438000	120.000000	8.102112	32.492412	40.594600
194.062000	120.000000	8.119925	32.586622	40.706500
199.687000	120.000000	8.048436	32.734214	40.782600
205.312000	120.000000	8.150167	33.100536	41.250800
210.938000	120.000000	8.136268	32.909402	41.045700
216.562000	120.000000	8.229957	32.909289	41.139200
222.188000	120.000000	8.133565	32.741679	40.875200
227.812000	120.000000	8.435059	32.880788	41.315900
233.438000	120.000000	8.151637	33.661160	41.812800
239.062000	120.000000	8.349513	33.539467	41.889000
244.687000	120.000000	8.476170	34.022167	42.498300
250.312000	120.000000	7.989773	33.296534	41.286300
255.937000	120.000000	8.073453	33.217592	41.291100
261.562000	120.000000	8.117459	33.168395	41.285900
267.188000	120.000000	8.227582	32.741000	40.968600
272.812000	120.000000	8.072718	32.609355	40.682100
278.438000	120.000000	8.129380	32.520913	40.650300
284.062000	120.000000	8.052044	32.475561	40.527600
289.688000	120.000000	7.908071	33.174728	41.082800
295.312000	120.000000	8.025330	32.674951	40.700300
300.938000	120.000000	7.798559	32.473525	40.272000
306.562000	120.000000	8.157564	32.356808	40.514300
312.187000	120.000000	7.881776	32.439143	40.320900
317.812000	120.000000	8.365086	32.859526	41.224600
323.438000	120.000000	7.972751	32.594652	40.567400
329.062000	120.000000	8.158729	32.496936	40.655700
334.688000	120.000000	8.090621	32.929760	41.020300
340.312000	120.000000	8.331847	32.717363	41.049200
345.938000	120.000000	8.283826	33.261474	41.545300
351.562000	120.000000	8.188202	33.528497	41.716700
357.187000	120.000000	8.339978	33.546027	41.886000
0.000000	122.797000	6.884212	34.624862	41.509000
5.625000	122.797000	6.887311	34.382608	41.269900
11.250000	122.797000	6.971546	33.963243	40.934800
16.875000	122.797000	6.832798	33.880116	40.712900
22.500000	122.797000	6.807374	33.776067	40.583400
28.125000	122.797000	6.954095	34.051685	41.005800
33.750000	122.797000	6.939211	33.044101	39.983400
39.375000	122.797000	6.758448	33.548063	40.306500
45.000000	122.797000	6.718762	33.650076	40.368800
50.625000	122.797000	6.589367	33.365071	39.954400
56.250000	122.797000	6.627888	33.564462	40.192400
61.875000	122.797000	6.623726	33.541164	40.164900
67.500000	122.797000	6.813515	33.519336	40.332800
73.125000	122.797000	6.736258	33.905224	40.641500
78.750000	122.797000	6.884608	33.413251	40.297900
84.375000	122.797000	6.798790	33.216122	40.014900
90.000000	122.797000	6.862577	33.827526	40.690100
95.625000	122.797000	6.670741	33.748019	40.418800
101.250000	122.797000	7.171502	33.744173	40.915700
106.875000	122.797000	6.886587	33.678690	40.565300
112.500000	122.797000	6.976206	34.366548	41.342800
118.125000	122.797000	6.841269	34.701090	41.542400
123.750000	122.797000	6.907782	34.532009	41.439800
129.375000	122.797000	6.977879	34.561415	41.539300
135.000000	122.797000	6.895669	34.112758	41.008500
140.625000	122.797000	6.814725	33.924677	40.739400
146.250000	122.797000	6.909636	33.896289	40.805900
151.875000	122.797000	6.885807	33.872991	40.758800
157.500000	122.797000	6.740194	34.068084	40.808300
163.125000	122.797000	6.473239	33.460299	39.933500
168.750000	122.797000	6.870867	33.836800	40.707600
174.375000	122.797000	6.683250	33.447406	40.130600
180.000000	122.797000	6.461262	33.508592	39.969800
185.625000	122.797000	6.799106	33.879551	40.678700
191.250000	122.797000	6.670718	33.700065	40.370800
196.875000	122.797000	6.677493	33.350934	40.028400
202.500000	122.797000	6.849390	34.026804	40.876200
208.125000	122.797000	6.698642	34.146913	40.845600
213.750000	122.797000	6.926036	33.577242	40.503300
219.375000	122.797000	6.981860	33.255819	40.237700
225.000000	122.797000	7.015462	33.450233	40.465700
230.625000	122.797000	6.941417	34.339179	41.280600
236.250000	122.797000	6.741766	34.619208	41.361000
241.875000	122.797000	7.078332	35.029185	42.107500
247.500000	122.797000	6.857159	34.065144	40.922300
253.125000	122.797000	6.955475	33.821984	40.777500
258.750000	122.797000	6.769961	33.713411	40.483400
264.375000	122.797000	7.021252	33.971612	40.992900
270.000000	122.797000	6.764646	34.355804	41.120400
275.625000	122.797000	6.934122	33.722119	40.656300
281.250000	122.797000	6.783917	33.448763	40.232700
286.875000	122.797000	6.723806	33.563896	40.287700
292.500000	122.797000	6.638723	33.510514	40.149300
298.125000	122.797000	6.559193	33.679708	40.238900
303.750000	122.797000	6.675367	33.195878	39.871200
309.375000	122.797000	6.704681	34.066388	40.771100
315.000000	122.797000	6.579132	33.526913	40.106000
320.625000	122.797000	6.760789	33.887694	40.648500
326.250000	122.797000	6.694514	33.320963	40.015500
331.875000	122.797000	6.556976	33.610492	40.167500
337.500000	122.797000	7.032358	33.906468	40.938900
343.125000	122.797000	6.878026	34.035173	40.913200
348.750000	122.797000	6.963233	33.871860	40.835100
354.375000	122.797000	6.891394	34.923439	41.814900
2.812500	125.685000	5.618540	35.671352	41.289900
8.437500	125.685000	5.644711	35.140134	40.784800
14.062500	125.685000	5.751769	34.796657	40.548500
19.687500	125.685000	5.730099	34.705048	40.435200
25.312500	125.685000	5.754698	34.764990	40.519700
30.937500	125.685000	5.667398	34.405340	40.072700
36.562500	125.685000	5.498815	34.607558	40.106400
42.187500	125.685000	5.473888	34.316220	39.790100
47.812500	125.685000	5.477304	35.042192	40.519500
53.437500	125.685000	5.285513	35.115366	40.400900
59.062500	125.685000	5.496915	34.467657	39.964600
64.687500	125.685000	5.411877	35.470491	40.882400
70.312500	125.685000	5.476648	34.655059	40.131700
75.937500	125.685000	5.590039	34.369375	39.959500
81.562500	125.685000	5.695095	34.705388	40.400400
87.187500	125.685000	5.445535	34.776865	40.222400
92.812500	125.685000	5.311254	34.375030	39.686200
98.437500	125.685000	5.739339	34.901046	40.640400
104.062000	125.685000	5.605963	34.996953	40.603000
109.688000	125.685000	5.831932	35.149973	40.981900
115.312000	125.685000	5.595887	35.673162	41.269000
120.938000	125.685000	5.797177	35.635274	41.432500
126.562000	125.685000	5.811280	35.639459	41.450800
132.188000	125.685000	5.570915	35.530998	41.101900
137.812000	125.685000	5.601044	34.928755	40.529800
143.437000	125.685000	5.757966	34.624184	40.382200
149.062000	125.685000	5.615916	34.928868	40.544800
154.688000	125.685000	5.585335	34.664899	40.250200
160.312000	125.685000	5.503441	34.321648	39.825100
165.938000	125.685000	5.397921	34.548522	39.946500
171.562000	125.685000	5.576445	34.693399	40.269900
177.188000	125.685000	5.418674	34.968000	40.386600
182.812000	125.685000	5.542267	34.793717	40.336000
188.438000	125.685000	5.471966	34.266909	39.738900
194.062000	125.685000	5.625439	34.697018	40.322500
199.687000	125.685000	5.514875	34.559379	40.074300
205.312000	125.685000	5.636149	34.540379	40.176500
210.938000	125.685000	5.719434	34.471389	40.190800
216.562000	125.685000	5.557965	34.928416	40.486400
222.188000	125.685000	5.521299	35.284220	40.805500
227.812000	125.685000	5.706711	34.958047	40.664700
233.438000	125.685000	5.621435	35.446175	41.067600
239.062000	125.685000	5.364625	36.265452	41.630100
244.687000	125.685000	5.749733	35.528849	41.278600
250.312000	125.685000	5.737428	34.962458	40.699900
255.937000	125.685000	5.851430	34.949791	40.801200
261.562000	125.685000	5.485583	34.453633	39.939200
267.188000	125.685000	5.694044	34.698263	40.392400
272.812000	125.685000	5.584192	35.248820	40.833000
278.438000	125.685000	5.517917	34.088102	39.606000
284.062000	125.685000	5.427496	34.415632	39.843100
289.688000	125.685000	5.366672	34.472407	39.839100
295.312000	125.685000	5.459785	34.715680	40.175500
300.938000	125.685000	5.258823	34.828324	40.087100
306.562000	125.685000	5.399663	34.792812	40.192500
312.187000	125.685000	5.601474	34.602130	40.203600
317.812000	125.685000	5.515237	34.218843	39.734100
323.438000	125.685000	5.535775	34.460193	39.996000
329.062000	125.685000	5.850751	35.019120	40.869800
334.688000	125.685000	5.606450	34.709346	40.315800
340.312000	125.685000	5.767161	35.307292	41.074500
345.938000	125.685000	5.664310	34.829682	40.494000
351.562000	125.685000	5.684905	35.652804	41.337700
357.187000	125.685000	5.622397	35.645679	41.268100
0.000000	128.682000	4.635668	36.823701	41.459300
5.625000	128.682000	4.480781	36.041520	40.522300
11.250000	128.682000	4.337419	36.428539	40.766000
16.875000	128.682000	4.436209	35.686394	40.122600
22.500000	128.682000	4.366190	35.942673	40.308800
28.125000	128.682000	4.357516	36.297685	40.655200
33.750000	128.682000	4.310728	35.175986	39.486700
39.375000	128.682000	4.339047	35.645792	39.984800
45.000000	128.682000	4.246884	35.474336	39.721200
50.625000	128.682000	4.167264	35.494920	39.662200
56.250000	128.682000	4.271471	35.402407	39.673900
61.875000	128.682000	4.045808	35.532468	39.578300
67.500000	128.682000	4.145311	35.182545	39.327900
73.125000	128.682000	4.401194	36.115598	40.516700
78.750000	128.682000	4.324367	35.494128	39.818500
84.375000	128.682000	4.347654	35.307405	39.655100
90.000000	128.682000	4.324096	36.122837	40.447000
95.625000	128.682000	4.479220	36.203475	40.682700
101.250000	128.682000	4.517458	35.824147	40.341600
106.875000	128.682000	4.483439	36.080425	40.563900
112.500000	128.682000	4.513669	36.051133	40.564800
118.125000	128.682000	4.540654	36.657787	41.198500
123.750000	128.682000	4.631347	36.552720	41.184000
129.375000	128.682000	4.326448	36.362603	40.689100
135.000000	128.682000	4.627468	35.469586	40.097000
140.625000	128.682000	4.518691	35.466307	39.985000
146.250000	128.682000	4.468159	35.859885	40.328100
151.875000	128.682000	4.433280	35.506004	39.939200
157.500000	128.682000	4.377907	35.831272	40.209200
163.125000	128.682000	4.235597	35.451717	39.687300
168.750000	128.682000	4.247902	35.841111	40.089100
174.375000	128.682000	4.240392	35.896868	40.137200
180.000000	128.682000	4.329751	35.455223	39.784900
185.625000	128.682000	4.297665	35.399014	39.696700
191.250000	128.682000	4.089023	35.641494	39.730500
196.875000	128.682000	4.425126	36.134373	40.559500
202.500000	128.682000	4.258556	35.248255	39.506900
208.125000	128.682000	4.385508	35.966536	40.352000
213.750000	128.682000	4.434230	35.576916	40.011200
219.375000	128.682000	4.315806	35.961899	40.277700
225.000000	128.682000	4.279094	36.273482	40.552600
230.625000	128.682000	4.364132	36.371538	40.735700
236.250000	128.682000	4.200186	36.517207	40.717400
241.875000	128.682000	4.055422	36.589929	40.645300
247.500000	128.682000	4.067783	36.835802	40.903600
253.125000	128.682000	4.291829	36.113336	40.405200
258.750000	128.682000	4.473418	35.385442	39.858900
264.375000	128.682000	4.376923	35.750859	40.127800
270.000000	128.682000	4.344679	35.482479	39.827100
275.625000	128.682000	4.222489	35.469021	39.691500
281.250000	128.682000	4.305582	35.349138	39.654800
286.875000	128.682000	4.342067	35.889743	40.231800
292.500000	128.682000	4.200865	35.485646	39.686500
298.125000	128.682000	4.237293	35.401162	39.638400
303.750000	128.682000	4.228653	35.141378	39.370000
309.375000	128.682000	4.115917	36.058371	40.174300
315.000000	128.682000	4.383981	35.690352	40.074300
320.625000	128.682000	4.383992	35.254362	39.638300
326.250000	128.682000	4.476279	35.495033	39.971400
331.875000	128.682000	4.469324	35.757080	40.226400
337.500000	128.682000	4.611103	35.281166	39.892300
343.125000	128.682000	4.545778	35.917452	40.463300
348.750000	128.682000	4.391027	36.092187	40.483200
354.375000	128.682000	4.360807	36.753580	41.114400
2.812500	131.810000	3.197454	37.891792	41.089200
8.437500	131.810000	3.041651	36.911690	39.953300
14.062500	131.810000	3.161568	37.221577	40.383200
19.687500	131.810000	3.098030	36.984073	40.082100
25.312500	131.810000	3.046514	36.762854	39.809400
30.937500	131.810000	3.130647	37.016645	40.147300
36.562500	131.810000	3.166737	36.724741	39.891500
42.187500	131.810000	3.133984	36.353103	39.487100
47.812500	131.810000	2.787736	36.724967	39.512800
53.437500	131.810000	2.892747	36.178820	39.071600
59.062500	131.810000	2.938031	36.865999	39.804100
64.687500	131.810000	3.022526	36.300060	39.322600
70.312500	131.810000	3.175999	36.769866	39.945900
75.937500	131.810000	3.050088	36.384996	39.435100
81.562500	131.810000	3.121973	36.257875	39.379900
87.187500	131.810000	3.199433	36.526142	39.725600
92.812500	131.810000	2.973363	37.279596	40.253000
98.437500	131.810000	3.147442	37.229042	40.376400
104.062000	131.810000	3.053572	36.683121	39.736700
109.688000	131.810000	3.090995	37.904346	40.995300
115.312000	131.810000	3.084583	37.956257	41.040800
120.938000	131.810000	3.093834	37.950829	41.044700
126.562000	131.810000	3.236473	36.946977	40.183400
132.188000	131.810000	3.123013	37.284686	40.407700
137.812000	131.810000	3.097171	36.466539	39.563700
143.437000	131.810000	3.173093	36.776087	39.949200
149.062000	131.810000	3.140148	36.358531	39.498700
154.688000	131.810000	3.000427	36.346543	39.347000
160.312000	131.810000	2.972447	36.689115	39.661600
165.938000	131.810000	3.028577	36.560297	39.588800
171.562000	131.810000	2.916475	36.098294	39.014800
177.188000	131.810000	3.123206	36.584613	39.707800
182.812000	131.810000	2.923985	36.527612	39.451600
188.438000	131.810000	2.918511	35.936000	38.854500
194.062000	131.810000	3.059928	36.276988	39.336900
199.687000	131.810000	3.174540	36.445956	39.620500
205.312000	131.810000	3.007575	36.804587	39.812200
210.938000	131.810000	2.915593	37.025240	39.940900
216.562000	131.810000	3.168444	36.980001	40.148400
222.188000	131.810000	3.157044	36.792712	39.949700
227.812000	131.810000	3.127843	37.137885	40.265800
233.438000	131.810000	3.129245	37.122504	40.251800
239.062000	131.810000	3.027322	37.632686	40.660000
244.687000	131.810000	3.165233	37.572405	40.737600
250.312000	131.810000	3.100371	36.937137	40.037600
255.937000	131.810000	3.034322	37.092194	40.126600
261.562000	131.810000	2.991933	36.998097	39.990100
267.188000	131.810000	2.976360	37.021395	39.997700
272.812000	131.810000	3.033135	36.728360	39.761500
278.438000	131.810000	2.982999	36.624876	39.607800
284.062000	131.810000	3.052486	36.498433	39.550900
289.688000	131.810000	2.945665	36.560523	39.506100
295.312000	131.810000	2.995700	36.686514	39.682200
300.938000	131.810000	3.002180	36.128605	39.130800
306.562000	131.810000	3.040871	36.168189	39.209100
312.187000	131.810000	3.013671	36.469367	39.483100
317.812000	131.810000	3.076214	36.622840	39.699100
323.438000	131.810000	3.176463	37.018341	40.194800
329.062000	131.810000	3.014643	37.034514	40.049200
334.688000	131.810000	3.154861	37.037342	40.192200
340.312000	131.810000	3.179652	36.437926	39.617500
345.938000	131.810000	3.053764	36.641049	39.694800
351.562000	131.810000	3.265403	37.149082	40.414500
357.187000	131.810000	3.207915	37.462361	40.670200
3.000000	134.994000	2.208542	38.583156	40.791700
9.000000	134.994000	2.204652	38.064944	40.269600
15.000000	134.994000	2.170010	37.481136	39.651100
21.000000	134.994000	2.157705	37.211964	39.369700
27.000000	134.994000	2.194586	37.628275	39.822800
33.000000	134.994000	2.303578	37.227571	39.531100
39.000000	134.994000	2.177644	37.005674	39.183300
45.000000	134.994000	2.018380	36.965412	38.983800
51.000000	134.994000	2.117058	37.609614	39.726700
57.000000	134.994000	2.032789	37.389187	39.422000
63.000000	134.994000	1.878750	37.515065	39.393800
69.000000	134.994000	2.064173	37.376181	39.440300
75.000000	134.994000	2.185911	36.810129	38.996000
81.000000	134.994000	2.233163	37.327776	39.560900
87.000000	134.994000	2.084667	36.731413	38.816100
93.000000	134.994000	2.171729	37.541982	39.713700
99.000000	134.994000	2.182699	37.705860	39.888500
105.000000	134.994000	2.083784	37.053062	39.136800
111.000000	134.994000	2.173120	37.823707	39.996800
117.000000	134.994000	2.208373	38.371438	40.579800
123.000000	134.994000	2.096010	38.050015	40.146000
129.000000	134.994000	2.166651	37.944269	40.110900
135.000000	134.994000	2.321515	36.874481	39.196000
141.000000	134.994000	2.188524	36.989501	39.178100
147.000000	134.994000	2.134271	37.115605	39.249900
153.000000	134.994000	2.154991	37.308775	39.463700
159.000000	134.994000	2.124364	37.104974	39.229300
165.000000	134.994000	1.999719	37.077491	39.077300
171.000000	134.994000	2.073278	37.246232	39.319600
177.000000	134.994000	2.099211	37.224631	39.323800
183.000000	134.994000	1.986577	37.127706	39.114200
189.000000	134.994000	2.010724	36.953084	38.963800
195.000000	134.994000	2.022316	36.890315	38.912600
201.000000	134.994000	2.060633	36.948221	39.008800
207.000000	134.994000	2.256642	37.474576	39.731200
213.000000	134.994000	1.973650	36.731074	38.704700
219.000000	134.994000	1.870155	37.149308	39.019500
225.000000	134.994000	2.161335	37.168535	39.329800
231.000000	134.994000	2.082054	37.500362	39.582400
237.000000	134.994000	2.141917	38.265126	40.407000
243.000000	134.994000	2.048837	38.750201	40.799000
249.000000	134.994000	2.062172	37.866911	39.929100
255.000000	134.994000	2.061142	37.688443	39.749600
261.000000	134.994000	2.097809	37.356163	39.454000
267.000000	134.994000	2.152355	37.432617	39.585000
273.000000	134.994000	2.183943	37.523660	39.707600
279.000000	134.994000	2.079170	36.809790	38.889000
285.000000	134.994000	1.976195	36.754711	38.730900
291.000000	134.994000	2.081025	37.464963	39.546000
297.000000	134.994000	2.045580	37.041752	39.087300
303.000000	134.994000	2.040706	37.153153	39.193900
309.000000	134.994000	2.024488	36.782533	38.807100
315.000000	134.994000	2.185742	36.503296	38.689100
321.000000	134.994000	2.122351	36.889410	39.011800
327.000000	134.994000	2.115350	37.654514	39.769900
333.000000	134.994000	2.189960	37.732664	39.922600
339.000000	134.994000	2.197153	36.990972	39.188100
345.000000	134.994000	2.213496	37.395973	39.609500
351.000000	134.994000	2.065022	37.456141	39.521200
357.000000	134.994000	2.147911	38.041307	40.189200
3.214290	138.141000	1.462258	37.901971	39.364200
9.642860	138.141000	1.517913	37.384664	38.902600
16.071400	138.141000	1.425829	36.751658	38.177500
22.500000	138.141000	1.544333	36.748717	38.293100
28.928600	138.141000	1.450315	37.303120	38.753500
35.357100	138.141000	1.564758	36.942905	38.507700
41.785700	138.141000	1.611965	36.956929	38.568900
48.214300	138.141000	1.350869	36.652245	38.003100
54.642900	138.141000	1.334424	36.660728	37.995100
61.071400	138.141000	1.420118	36.567761	37.987800
67.500000	138.141000	1.346526	36.384431	37.731000
73.928600	138.141000	1.408220	36.318269	37.726500
80.357100	138.141000	1.420932	36.214898	37.635800
86.785700	138.141000	1.438542	36.879797	38.318300
93.214300	138.141000	1.555563	37.146254	38.701800
99.642900	138.141000	1.608991	37.134379	38.743400
106.071000	138.141000	1.489718	37.109045	38.598800
112.500000	138.141000	1.393529	37.462475	38.856000
118.929000	138.141000	1.508628	37.953882	39.462500
125.357000	138.141000	1.529076	37.348246	38.877300
131.786000	138.141000	1.506434	37.111873	38.618300
138.214000	138.141000	1.373556	37.940763	39.314400
144.643000	138.141000	1.573105	36.422205	37.995300
151.071000	138.141000	1.405087	36.614471	38.019600
157.500000	138.141000	1.364621	36.788754	38.153400
163.929000	138.141000	1.432966	37.178487	38.611500
170.357000	138.141000	1.375139	36.132789	37.507900
176.786000	138.141000	1.509589	37.053967	38.563500
183.214000	138.141000	1.369620	36.783891	38.153500
189.643000	138.141000	1.441064	36.294971	37.736000
196.071000	138.141000	1.427209	36.812504	38.239700
202.500000	138.141000	1.307111	36.734580	38.041700
208.929000	138.141000	1.553234	36.730961	38.284200
215.357000	138.141000	1.449750	37.142522	38.592300
221.786000	138.141000	1.284684	36.707889	37.992600
228.214000	138.141000	1.258615	37.408414	38.667000
234.643000	138.141000	1.257631	37.877316	39.135000
241.071000	138.141000	1.245699	37.663562	38.909300
247.500000	138.141000	1.154724	37.962704	39.117400
253.929000	138.141000	1.401344	37.259691	38.661100
260.357000	138.141000	1.488463	37.166725	38.655200
266.786000	138.141000	1.484041	37.455802	38.939900
273.214000	138.141000	1.452588	36.441092	37.893700
279.643000	138.141000	1.394083	36.476379	37.870400
286.071000	138.141000	1.329832	36.656656	37.986500
292.500000	138.141000	1.399591	36.608590	38.008200
298.929000	138.141000	1.329584	36.795200	38.124800
305.357000	138.141000	1.436958	36.368032	37.805000
311.786000	138.141000	1.364802	36.569006	37.933800
318.214000	138.141000	1.536393	37.215696	38.752100
324.643000	138.141000	1.466680	36.814540	38.281300
331.071000	138.141000	1.400235	36.939965	38.340200
337.500000	138.141000	1.510291	36.725419	38.235800
343.929000	138.141000	1.412574	37.030782	38.443300
350.357000	138.141000	1.494400	37.573310	39.067700
356.786000	138.141000	1.391708	38.153839	39.545500
3.461540	141.256000	1.019997	37.305043	38.325000
10.384600	141.256000	1.116133	37.592650	38.708800
17.307700	141.256000	0.987599	36.894047	37.881600
24.230800	141.256000	1.055454	36.788867	37.844300
31.153800	141.256000	0.998329	36.546386	37.544700
38.076900	141.256000	0.980617	37.146141	38.126700
45.000000	141.256000	1.043975	36.678144	37.722100
51.923100	141.256000	0.953302	36.414854	37.368200
58.846200	141.256000	0.873044	36.793504	37.666600
65.769200	141.256000	0.850961	36.563690	37.414700
72.692300	141.256000	0.916081	36.400491	37.316500
79.615400	141.256000	1.016604	36.652019	37.668700
86.538500	141.256000	1.064692	37.429789	38.494500
93.461500	141.256000	1.069866	37.365324	38.435100
100.385000	141.256000	1.049083	37.226440	38.275500
107.308000	141.256000	0.980469	36.852880	37.833300
114.231000	141.256000	0.980765	37.786725	38.767500
121.154000	141.256000	0.956818	38.004211	38.961000
128.077000	141.256000	0.989356	37.594459	38.583800
135.000000	141.256000	1.030104	37.292602	38.322700
141.923000	141.256000	1.017135	37.355258	38.372400
148.846000	141.256000	1.056667	37.149308	38.206000
155.769000	141.256000	0.989632	36.755955	37.745600
162.692000	141.256000	0.991781	36.711282	37.703100
169.615000	141.256000	0.862373	36.662537	37.524900
176.538000	141.256000	0.879132	36.665591	37.544700
183.462000	141.256000	0.915098	36.409765	37.324900
190.385000	141.256000	0.974689	36.782646	37.757400
197.308000	141.256000	0.974395	36.884434	37.858900
204.231000	141.256000	1.000294	37.053401	38.053700
211.154000	141.256000	0.927934	37.055324	37.983200
218.077000	141.256000	1.008263	36.674525	37.682800
225.000000	141.256000	0.856134	37.497648	38.353800
231.923000	141.256000	0.794010	37.853678	38.647600
238.846000	141.256000	0.763811	37.498439	38.262300
245.769000	141.256000	0.754831	37.871095	38.625900
252.692000	141.256000	0.967186	36.676222	37.643400
259.615000	141.256000	1.032878	37.293281	38.326200
266.538000	141.256000	0.959272	37.045598	38.004800
273.462000	141.256000	1.018533	37.138111	38.156700
280.385000	141.256000	0.920276	36.988710	37.909000
287.308000	141.256000	0.876751	36.926054	37.802800
294.231000	141.256000	0.951209	36.993007	37.944200
301.154000	141.256000	0.958651	37.265459	38.224100
308.077000	141.256000	0.954398	36.182326	37.136700
315.000000	141.256000	0.878643	37.105313	37.984000
321.923000	141.256000	0.994451	36.347674	37.342100
328.846000	141.256000	1.002446	36.968126	37.970600
335.769000	141.256000	0.973684	37.226101	38.199800
342.692000	141.256000	0.988212	37.424021	38.412300
349.615000	141.256000	1.036987	37.605430	38.642400
356.538000	141.256000	1.046839	37.602602	38.649400
3.750000	144.341000	0.695821	38.367819	39.063600
11.250000	144.341000	0.711340	37.401063	38.112400
18.750000	144.341000	0.644964	37.359330	38.004300
26.250000	144.341000	0.673737	37.497648	38.171400
33.750000	144.341000	0.627332	36.870862	37.498200
41.250000	144.341000	0.629635	37.311942	37.941600
48.750000	144.341000	0.585140	37.473784	38.058900
56.250000	144.341000	0.571837	37.839089	38.410900
63.750000	144.341000	0.577888	36.396871	36.974700
71.250000	144.341000	0.612043	36.944715	37.556800
78.750000	144.341000	0.597666	37.232435	37.830100
86.250000	144.341000	0.687568	37.453879	38.141400
93.750000	144.341000	0.703917	37.489279	38.193200
101.250000	144.341000	0.694233	37.662091	38.356300
108.750000	144.341000	0.642687	36.776426	37.419200
116.250000	144.341000	0.660519	38.147731	38.808300
123.750000	144.341000	0.626918	38.635972	39.262900
131.250000	144.341000	0.617001	37.072515	37.689500
138.750000	144.341000	0.694026	37.967567	38.661600
146.250000	144.341000	0.717543	37.153719	37.871300
153.750000	144.341000	0.581658	37.207101	37.788700
161.250000	144.341000	0.594013	37.466659	38.060700
168.750000	144.341000	0.619328	37.270435	37.889700
176.250000	144.341000	0.531750	36.816463	37.348300
183.750000	144.341000	0.529845	37.289662	37.819500
191.250000	144.341000	0.563964	36.724401	37.288400
198.750000	144.341000	0.573993	37.133135	37.707200
206.250000	144.341000	0.629875	37.076473	37.706300
213.750000	144.341000	0.600593	37.499344	38.099900
221.250000	144.341000	0.608792	37.276203	37.885000
228.750000	144.341000	0.545651	37.422099	37.967700
236.250000	144.341000	0.502478	38.292043	38.794500
243.750000	144.341000	0.509415	38.141963	38.651400
251.250000	144.341000	0.526222	37.723390	38.249600
258.750000	144.341000	0.633260	37.228476	37.861700
266.250000	144.341000	0.643894	37.573875	38.217800
273.750000	144.341000	0.564253	37.142296	37.706600
281.250000	144.341000	0.547113	37.141730	37.688900
288.750000	144.341000	0.567225	36.618768	37.185900
296.250000	144.341000	0.555802	36.968013	37.523800
303.750000	144.341000	0.529703	36.611417	37.141100
311.250000	144.341000	0.595476	37.370187	37.965600
318.750000	144.341000	0.614109	37.092646	37.706800
326.250000	144.341000	0.668191	37.136076	37.804300
333.750000	144.341000	0.745696	37.489844	38.235500
341.250000	144.341000	0.554953	37.036324	37.591300
348.750000	144.341000	0.752286	37.593894	38.346200
356.250000	144.341000	0.673448	37.944495	38.617900
4.090910	147.400000	0.438645	38.878227	39.316900
12.272700	147.400000	0.398863	37.694324	38.093200
20.454500	147.400000	0.431956	37.528863	37.960800
28.636400	147.400000	0.426750	37.489165	37.915900
36.818200	147.400000	0.406928	37.750986	38.157900
45.000000	147.400000	0.388278	37.417575	37.805900
53.181800	147.400000	0.329771	37.687538	38.017300
61.363600	147.400000	0.321221	37.786385	38.107600
69.545500	147.400000	0.367104	37.696360	38.063500
77.727300	147.400000	0.389689	37.583376	37.973100
85.909100	147.400000	0.317392	37.351865	37.669200
94.090900	147.400000	0.437532	38.336265	38.773800
102.273000	147.400000	0.434245	37.629745	38.064000
110.455000	147.400000	0.409223	38.251215	38.660400
118.636000	147.400000	0.480903	38.810595	39.291500
126.818000	147.400000	0.438266	38.063474	38.501700
135.000000	147.400000	0.380437	38.218530	38.598900
143.182000	147.400000	0.415154	37.759242	38.174300
151.364000	147.400000	0.457471	37.675889	38.133400
159.545000	147.400000	0.436508	37.613459	38.050000
167.727000	147.400000	0.327425	37.435218	37.762600
175.909000	147.400000	0.339587	38.146487	38.486000
184.091000	147.400000	0.419267	37.301876	37.721100
192.273000	147.400000	0.391164	37.645579	38.036800
200.455000	147.400000	0.369590	37.609953	37.979500
208.636000	147.400000	0.404069	37.237637	37.641700
216.818000	147.400000	0.414728	37.920519	38.335300
225.000000	147.400000	0.386852	38.179399	38.566200
233.182000	147.400000	0.368815	38.770558	39.139400
241.364000	147.400000	0.368669	38.664021	39.032700
249.545000	147.400000	0.310901	38.393718	38.704600
257.727000	147.400000	0.314146	37.802106	38.116300
265.909000	147.400000	0.342704	37.655984	37.998700
274.091000	147.400000	0.308431	37.717509	38.025900
282.273000	147.400000	0.307999	36.900946	37.208900
290.455000	147.400000	0.321857	37.248834	37.570700
298.636000	147.400000	0.326319	37.044014	37.370400
306.818000	147.400000	0.358949	37.739789	38.098700
315.000000	147.400000	0.354545	38.262412	38.616900
323.182000	147.400000	0.405913	37.810249	38.216200
331.364000	147.400000	0.456662	37.557702	38.014300
339.545000	147.400000	0.398310	37.459986	37.858300
347.727000	147.400000	0.450620	37.307305	37.757900
355.909000	147.400000	0.521193	38.541423	39.062600
4.500000	150.434000	0.375413	37.929114	38.304600
13.500000	150.434000	0.346899	37.967567	38.314500
22.500000	150.434000	0.337245	37.947888	38.285200
31.500000	150.434000	0.389378	37.814094	38.203500
40.500000	150.434000	0.306039	38.287406	38.593500
49.500000	150.434000	0.268261	38.204732	38.473000
58.500000	150.434000	0.247656	37.946531	38.194200
67.500000	150.434000	0.327605	37.568673	37.896200
76.500000	150.434000	0.272603	37.957049	38.229600
85.500000	150.434000	0.320992	37.938162	38.259200
94.500000	150.434000	0.311548	38.090843	38.402400
103.500000	150.434000	0.356616	38.664021	39.020600
112.500000	150.434000	0.394205	38.433981	38.828100
121.500000	150.434000	0.348668	39.106910	39.455600
130.500000	150.434000	0.321397	38.528530	38.850000
139.500000	150.434000	0.380703	38.388402	38.769100
148.500000	150.434000	0.337360	38.187542	38.524900
157.500000	150.434000	0.354764	37.771230	38.126000
166.500000	150.434000	0.304044	37.330942	37.635000
175.500000	150.434000	0.280264	37.266703	37.547000
184.500000	150.434000	0.316357	37.416670	37.733000
193.500000	150.434000	0.305916	37.666276	37.972200
202.500000	150.434000	0.323662	37.884101	38.207800
211.500000	150.434000	0.386699	38.257888	38.644600
220.500000	150.434000	0.320179	37.460778	37.781000
229.500000	150.434000	0.323800	38.670693	38.994500
238.500000	150.434000	0.265821	39.048552	39.314400
247.500000	150.434000	0.367432	38.082474	38.449900
256.500000	150.434000	0.249479	37.958633	38.208100
265.500000	150.434000	0.260608	38.032711	38.293300
274.500000	150.434000	0.262450	38.138683	38.401100
283.500000	150.434000	0.236878	37.557363	37.794200
292.500000	150.434000	0.262930	37.610067	37.872900
301.500000	150.434000	0.262641	37.697378	37.960000
310.500000	150.434000	0.260310	37.540738	37.801100
319.500000	150.434000	0.318449	38.046848	38.365300
328.500000	150.434000	0.359385	37.932168	38.291500
337.500000	150.434000	0.359819	38.619234	38.979000
346.500000	150.434000	0.343845	38.079873	38.423700
355.500000	150.434000	0.358260	38.881054	39.239300
5.000000	153.448000	0.399565	38.525137	38.924800
15.000000	153.448000	0.346690	38.500821	38.847500
25.000000	153.448000	0.388842	38.496410	38.885300
35.000000	153.448000	0.323949	38.594240	38.918200
45.000000	153.448000	0.356908	38.213893	38.570800
55.000000	153.448000	0.316210	38.081682	38.397900
65.000000	153.448000	0.329985	38.274966	38.605000
75.000000	153.448000	0.287323	38.245334	38.532700
85.000000	153.448000	0.354422	38.344521	38.698900
95.000000	153.448000	0.358028	38.408534	38.766500
105.000000	153.448000	0.389141	38.495958	38.885200
115.000000	153.448000	0.375309	39.031135	39.406500
125.000000	153.448000	0.352414	38.783338	39.135700
135.000000	153.448000	0.369116	38.967574	39.336700
145.000000	153.448000	0.375283	38.510095	38.885300
155.000000	153.448000	0.354873	37.902989	38.257900
165.000000	153.448000	0.319180	37.754266	38.073400
175.000000	153.448000	0.298382	37.943025	38.241400
185.000000	153.448000	0.279583	37.564036	37.843600
195.000000	153.448000	0.312325	38.047527	38.359800
205.000000	153.448000	0.310506	38.948687	39.259200
215.000000	153.448000	0.408109	38.876191	39.284300
225.000000	153.448000	0.362412	38.470963	38.833400
235.000000	153.448000	0.338521	38.687319	39.025800
245.000000	153.448000	0.367287	38.928103	39.295400
255.000000	153.448000	0.304087	38.955699	39.259800
265.000000	153.448000	0.364410	38.880941	39.245400
275.000000	153.448000	0.336083	38.238662	38.574800
285.000000	153.448000	0.299449	38.015407	38.314800
295.000000	153.448000	0.302342	38.001723	38.304100
305.000000	153.448000	0.306048	38.293966	38.600100
315.000000	153.448000	0.360555	38.196816	38.557400
325.000000	153.448000	0.369782	38.439070	38.808800
335.000000	153.448000	0.361878	38.137439	38.499300
345.000000	153.448000	0.418077	38.217399	38.635500
355.000000	153.448000	0.426060	38.637217	39.063300
5.625000	156.444000	0.314713	38.591978	38.906700
16.875000	156.444000	0.306817	38.590168	38.897000
28.125000	156.444000	0.288682	38.916341	39.205000
39.375000	156.444000	0.254506	38.255287	38.509700
50.625000	156.444000	0.271894	38.673295	38.945200
61.875000	156.444000	0.242329	38.363408	38.605800
73.125000	156.444000	0.254321	37.956710	38.211000
84.375000	156.444000	0.269233	38.594805	38.864100
95.625000	156.444000	0.279754	39.189358	39.469100
106.875000	156.444000	0.312480	38.818738	39.131300
118.125000	156.444000	0.279199	39.207906	39.487100
129.375000	156.444000	0.262407	39.355498	39.618000
140.625000	156.444000	0.275903	38.316246	38.592200
151.875000	156.444000	0.285333	38.384670	38.670000
163.125000	156.444000	0.265290	38.372343	38.637700
174.375000	156.444000	0.277334	37.950376	38.227700
185.625000	156.444000	0.251285	38.872346	39.123600
196.875000	156.444000	0.242521	38.277228	38.519700
208.125000	156.444000	0.250773	38.934663	39.185500
219.375000	156.444000	0.314292	39.845435	40.159800
230.625000	156.444000	0.297983	38.133594	38.431500
241.875000	156.444000	0.311982	39.424713	39.736700
253.125000	156.444000	0.324845	38.610186	38.935000
264.375000	156.444000	0.234201	38.763659	38.997900
275.625000	156.444000	0.204662	38.875513	39.080200
286.875000	156.444000	0.243847	38.787410	39.031300
298.125000	156.444000	0.221989	38.259132	38.481100
309.375000	156.444000	0.258038	38.081117	38.339100
320.625000	156.444000	0.291119	38.074557	38.365600
331.875000	156.444000	0.258129	38.653503	38.911600
343.125000	156.444000	0.326392	38.371099	38.697500
354.375000	156.444000	0.323920	38.895418	39.219300
6.428570	159.423000	0.316891	38.759135	39.076100
19.285700	159.423000	0.288227	39.115505	39.403800
32.142900	159.423000	0.240003	38.739343	38.979300
45.000000	159.423000	0.300462	38.211179	38.511600
57.857100	159.423000	0.282064	39.217067	39.499100
70.714300	159.423000	0.287862	38.055670	38.343500
83.571400	159.423000	0.265685	39.003086	39.268800
96.428600	159.423000	0.247378	38.565513	38.812900
109.286000	159.423000	0.299220	39.108946	39.408100
122.143000	159.423000	0.286369	38.314211	38.600600
135.000000	159.423000	0.332273	39.254049	39.586300
147.857000	159.423000	0.293471	38.690146	38.983600
160.714000	159.423000	0.286610	38.800416	39.087000
173.571000	159.423000	0.239537	38.392587	38.632100
186.429000	159.423000	0.290071	38.985330	39.275400
199.286000	159.423000	0.264414	39.123987	39.388400
212.143000	159.423000	0.286265	38.196929	38.483200
225.000000	159.423000	0.279041	39.354706	39.633700
237.857000	159.423000	0.294016	38.917359	39.211400
250.714000	159.423000	0.318708	39.221364	39.540100
263.571000	159.423000	0.263274	38.797702	39.061000
276.429000	159.423000	0.244677	39.397909	39.642600
289.286000	159.423000	0.319267	38.634389	38.953700
302.143000	159.423000	0.291880	38.588245	38.880100
315.000000	159.423000	0.313765	38.988497	39.302300
327.857000	159.423000	0.287587	38.822018	39.109600
340.714000	159.423000	0.282519	38.524345	38.806800
353.571000	159.423000	0.303532	38.395867	38.699400
7.500000	162.388000	0.313236	39.083046	39.396200
22.500000	162.388000	0.245144	39.662896	39.908100
37.500000	162.388000	0.278361	38.852893	39.131200
52.500000	162.388000	0.294806	38.403557	38.698400
67.500000	162.388000	0.264418	38.879471	39.143900
82.500000	162.388000	0.289236	39.000259	39.289500
97.500000	162.388000	0.254165	38.959544	39.213700
112.500000	162.388000	0.284410	38.654294	38.938700
127.500000	162.388000	0.281462	38.946651	39.228100
142.500000	162.388000	0.220375	39.083159	39.303500
157.500000	162.388000	0.250189	38.645020	38.895200
172.500000	162.388000	0.309709	39.136202	39.445900
187.500000	162.388000	0.270273	39.175786	39.446100
202.500000	162.388000	0.236308	39.347015	39.583300
217.500000	162.388000	0.233750	39.292616	39.526400
232.500000	162.388000	0.233428	38.947669	39.181100
247.500000	162.388000	0.316705	39.013944	39.330600
262.500000	162.388000	0.223060	39.347581	39.570700
277.500000	162.388000	0.263715	38.930817	39.194600
292.500000	162.388000	0.268046	38.922787	39.190800
307.500000	162.388000	0.237953	38.616633	38.854500
322.500000	162.388000	0.263049	38.774177	39.037200
337.500000	162.388000	0.199768	39.332765	39.532500
352.500000	162.388000	0.282981	39.201346	39.484300
9.000000	165.341000	0.227589	38.677479	38.905000
27.000000	165.341000	0.155517	39.034414	39.190000
45.000000	165.341000	0.222763	39.315235	39.538000
63.000000	165.341000	0.212951	38.881167	39.094100
81.000000	165.341000	0.193119	38.818738	39.011800
99.000000	165.341000	0.217130	39.239460	39.456600
117.000000	165.341000	0.217483	38.086998	38.304500
135.000000	165.341000	0.199506	38.958752	39.158300
153.000000	165.341000	0.245549	38.947782	39.193400
171.000000	165.341000	0.224620	38.892930	39.117600
189.000000	165.341000	0.226612	39.186078	39.412700
207.000000	165.341000	0.257406	39.355837	39.613200
225.000000	165.341000	0.229394	39.525709	39.755100
243.000000	165.341000	0.225298	38.496297	38.721600
261.000000	165.341000	0.228524	39.394290	39.622800
279.000000	165.341000	0.251350	39.201120	39.452500
297.000000	165.341000	0.218941	38.695235	38.914200
315.000000	165.341000	0.230477	39.229055	39.459500
333.000000	165.341000	0.240544	39.122630	39.363200
351.000000	165.341000	0.249274	39.144458	39.393800
11.250000	168.284000	0.260646	38.203036	38.463700
33.750000	168.284000	0.218025	38.755516	38.973500
56.250000	168.284000	0.260594	38.903221	39.163800
78.750000	168.284000	0.193369	38.801886	38.995200
101.250000	168.284000	0.259926	38.862733	39.122600
123.750000	168.284000	0.253535	38.597067	38.850600
146.250000	168.284000	0.236604	39.025140	39.261700
168.750000	168.284000	0.233942	39.309693	39.543700
191.250000	168.284000	0.284562	39.209602	39.494100
213.750000	168.284000	0.290280	38.744659	39.035000
236.250000	168.284000	0.264218	38.747373	39.011600
258.750000	168.284000	0.206469	38.632693	38.839200
281.250000	168.284000	0.201406	39.216501	39.417900
303.750000	168.284000	0.302013	39.281758	39.583700
326.250000	168.284000	0.227085	38.827559	39.054700
348.750000	168.284000	0.247540	39.048212	39.295800
15.000000	171.220000	0.196353	37.598191	37.794600
45.000000	171.220000	0.199445	38.794648	38.994100
75.000000	171.220000	0.176167	39.088136	39.264300
105.000000	171.220000	0.193107	37.798034	37.991100
135.000000	171.220000	0.197573	37.695342	37.892900
165.000000	171.220000	0.232895	39.184495	39.417400
195.000000	171.220000	0.210542	38.942127	39.152700
225.000000	171.220000	0.223969	37.959537	38.183500
255.000000	171.220000	0.206621	37.945174	38.151800
285.000000	171.220000	0.214960	39.033623	39.248600
315.000000	171.220000	0.191422	38.872798	39.064200
345.000000	171.220000	0.243849	37.740015	37.983900
22.500000	174.150000	0.258080	37.389301	37.647400
67.500000	174.150000	0.285811	37.805273	38.091100
112.500000	174.150000	0.244254	37.240464	37.484700
157.500000	174.150000	0.286468	36.913952	37.200400
202.500000	174.150000	0.287014	37.241935	37.528900
247.500000	174.150000	0.234235	37.047294	37.281500
292.500000	174.150000	0.255154	36.845076	37.100200
337.500000	174.150000	0.246110	37.252679	37.498800
45.000000	177.076000	0.394218	37.306966	37.701100
135.000000	177.076000	0.367513	36.946411	37.313900
225.000000	177.076000	0.341938	37.040395	37.382300
315.000000	177.076000	0.437750	37.071045	37.508800
