# phi	theta	PMT0	PMT1 	total
45.000000	2.924180	4.225622	0.000000	4.225620
135.000000	2.924180	4.303161	0.000000	4.303170
225.000000	2.924180	4.203726	0.000000	4.203730
315.000000	2.924180	4.305389	0.000000	4.305390
22.500000	5.850270	4.295358	0.000000	4.295350
67.500000	5.850270	4.379106	0.000000	4.379110
112.500000	5.850270	4.371732	0.000000	4.371730
157.500000	5.850270	4.431968	0.000000	4.431970
202.500000	5.850270	4.459756	0.000000	4.459750
247.500000	5.850270	4.254654	0.000000	4.254650
292.500000	5.850270	4.353015	0.000000	4.353010
337.500000	5.850270	4.523170	0.000000	4.523160
15.000000	8.780180	4.615039	0.000000	4.615040
45.000000	8.780180	4.481934	0.000000	4.481940
75.000000	8.780180	4.545190	0.000000	4.545190
105.000000	8.780180	4.463160	0.000000	4.463160
135.000000	8.780180	4.485757	0.000000	4.485750
165.000000	8.780180	4.661703	0.000000	4.661700
195.000000	8.780180	4.452393	0.000000	4.452390
225.000000	8.780180	4.414427	0.000000	4.414430
255.000000	8.780180	4.523396	0.000000	4.523390
285.000000	8.780180	4.484230	0.000000	4.484230
315.000000	8.780180	4.472660	0.000000	4.472660
345.000000	8.780180	4.490100	0.000000	4.490100
11.250000	11.715900	4.493436	0.000000	4.493440
33.750000	11.715900	4.436854	0.001053	4.437910
56.250000	11.715900	4.583089	0.001259	4.584350
78.750000	11.715900	4.492622	0.000000	4.492620
101.250000	11.715900	4.512866	0.001048	4.513910
123.750000	11.715900	4.407991	0.001084	4.409080
146.250000	11.715900	4.566214	0.001980	4.568200
168.750000	11.715900	4.490439	0.000000	4.490440
191.250000	11.715900	4.518985	0.000000	4.518980
213.750000	11.715900	4.417163	0.003825	4.420990
236.250000	11.715900	4.566803	0.000000	4.566800
258.750000	11.715900	4.559327	0.000000	4.559320
281.250000	11.715900	4.411678	0.000000	4.411680
303.750000	11.715900	4.521066	0.000000	4.521060
326.250000	11.715900	4.576766	0.001336	4.578110
348.750000	11.715900	4.656794	0.002082	4.658880
9.000000	14.659300	4.622243	0.003172	4.625410
27.000000	14.659300	4.555674	0.001096	4.556770
45.000000	14.659300	4.556805	0.001389	4.558190
63.000000	14.659300	4.505640	0.001296	4.506930
81.000000	14.659300	4.447440	0.000000	4.447440
99.000000	14.659300	4.462787	0.000000	4.462780
117.000000	14.659300	4.484660	0.005544	4.490210
135.000000	14.659300	4.431787	0.001051	4.432830
153.000000	14.659300	4.405831	0.000000	4.405830
171.000000	14.659300	4.505934	0.001002	4.506940
189.000000	14.659300	4.461961	0.000000	4.461960
207.000000	14.659300	4.437600	0.002029	4.439630
225.000000	14.659300	4.521224	0.002146	4.523370
243.000000	14.659300	4.481403	0.002466	4.483870
261.000000	14.659300	4.382714	0.003826	4.386540
279.000000	14.659300	4.513127	0.000000	4.513130
297.000000	14.659300	4.354892	0.000000	4.354890
315.000000	14.659300	4.445212	0.000000	4.445210
333.000000	14.659300	4.416123	0.002225	4.418350
351.000000	14.659300	4.362718	0.001060	4.363780
7.500000	17.612400	4.497564	0.009315	4.506880
22.500000	17.612400	4.374085	0.001443	4.375530
37.500000	17.612400	4.382409	0.001475	4.383880
52.500000	17.612400	4.407946	0.000000	4.407950
67.500000	17.612400	4.295007	0.000000	4.295010
82.500000	17.612400	4.359269	0.002106	4.361370
97.500000	17.612400	4.595857	0.003635	4.599490
112.500000	17.612400	4.454644	0.002156	4.456800
127.500000	17.612400	4.386130	0.001315	4.387450
142.500000	17.612400	4.452529	0.000000	4.452530
157.500000	17.612400	4.334150	0.000000	4.334150
172.500000	17.612400	4.405526	0.001082	4.406600
187.500000	17.612400	4.341728	0.000000	4.341730
202.500000	17.612400	4.351149	0.001047	4.352200
217.500000	17.612400	4.462380	0.003224	4.465600
232.500000	17.612400	4.360603	0.007840	4.368450
247.500000	17.612400	4.435791	0.005258	4.441050
262.500000	17.612400	4.559576	0.002056	4.561630
277.500000	17.612400	4.424571	0.001168	4.425740
292.500000	17.612400	4.462470	0.001370	4.463840
307.500000	17.612400	4.488958	0.002383	4.491340
322.500000	17.612400	4.392169	0.002421	4.394590
337.500000	17.612400	4.327455	0.004122	4.331570
352.500000	17.612400	4.471642	0.003313	4.474960
6.428570	20.577500	4.423553	0.007674	4.431230
19.285700	20.577500	4.361938	0.006575	4.368510
32.142900	20.577500	4.358081	0.001007	4.359090
45.000000	20.577500	4.350470	0.003106	4.353580
57.857100	20.577500	4.241908	0.001024	4.242940
70.714300	20.577500	4.322546	0.000000	4.322550
83.571400	20.577500	4.360943	0.001038	4.361980
96.428600	20.577500	4.403886	0.000992	4.404880
109.286000	20.577500	4.316857	0.004857	4.321710
122.143000	20.577500	4.419912	0.002096	4.422000
135.000000	20.577500	4.328733	0.003150	4.331880
147.857000	20.577500	4.438200	0.001020	4.439220
160.714000	20.577500	4.297348	0.002053	4.299400
173.571000	20.577500	4.347869	0.001020	4.348880
186.429000	20.577500	4.209324	0.002349	4.211680
199.286000	20.577500	4.439070	0.001055	4.440120
212.143000	20.577500	4.270816	0.001021	4.271840
225.000000	20.577500	4.382963	0.003388	4.386350
237.857000	20.577500	4.326618	0.002909	4.329520
250.714000	20.577500	4.319334	0.005327	4.324660
263.571000	20.577500	4.396727	0.003470	4.400190
276.429000	20.577500	4.315432	0.002260	4.317690
289.286000	20.577500	4.253794	0.000000	4.253790
302.143000	20.577500	4.302856	0.000000	4.302850
315.000000	20.577500	4.223620	0.000000	4.223620
327.857000	20.577500	4.294215	0.001060	4.295280
340.714000	20.577500	4.447903	0.002063	4.449960
353.571000	20.577500	4.447666	0.004283	4.451950
5.625000	23.556500	4.330814	0.002976	4.333790
16.875000	23.556500	4.336932	0.001008	4.337950
28.125000	23.556500	4.280338	0.004027	4.284360
39.375000	23.556500	4.188481	0.002137	4.190610
50.625000	23.556500	4.358500	0.000000	4.358500
61.875000	23.556500	4.342406	0.000000	4.342410
73.125000	23.556500	4.223541	0.001018	4.224560
84.375000	23.556500	4.223394	0.000000	4.223400
95.625000	23.556500	4.223993	0.001011	4.225000
106.875000	23.556500	4.446060	0.004168	4.450230
118.125000	23.556500	4.322286	0.004619	4.326900
129.375000	23.556500	4.303489	0.006241	4.309730
140.625000	23.556500	4.281187	0.002299	4.283490
151.875000	23.556500	4.252381	0.001292	4.253670
163.125000	23.556500	4.175305	0.002085	4.177400
174.375000	23.556500	4.182204	0.000000	4.182200
185.625000	23.556500	4.244011	0.000000	4.244020
196.875000	23.556500	4.199202	0.001255	4.200450
208.125000	23.556500	4.314437	0.002094	4.316530
219.375000	23.556500	4.169763	0.005209	4.174970
230.625000	23.556500	4.488992	0.005931	4.494930
241.875000	23.556500	4.506680	0.002068	4.508750
253.125000	23.556500	4.273485	0.005031	4.278520
264.375000	23.556500	4.198682	0.004054	4.202740
275.625000	23.556500	4.165284	0.001476	4.166760
286.875000	23.556500	4.159075	0.001052	4.160120
298.125000	23.556500	4.183041	0.001032	4.184070
309.375000	23.556500	4.262458	0.000000	4.262460
320.625000	23.556500	4.259992	0.004143	4.264140
331.875000	23.556500	4.255400	0.001002	4.256410
343.125000	23.556500	4.264810	0.004589	4.269400
354.375000	23.556500	4.280406	0.004478	4.284880
5.000000	26.551700	4.137055	0.004657	4.141710
15.000000	26.551700	4.054675	0.004035	4.058710
25.000000	26.551700	4.117772	0.002094	4.119860
35.000000	26.551700	4.207470	0.001465	4.208930
45.000000	26.551700	4.118236	0.003503	4.121730
55.000000	26.551700	4.099982	0.000000	4.099980
65.000000	26.551700	4.123891	0.003615	4.127510
75.000000	26.551700	4.079342	0.000000	4.079340
85.000000	26.551700	4.025892	0.000000	4.025890
95.000000	26.551700	4.176289	0.006543	4.182840
105.000000	26.551700	3.986647	0.004236	3.990890
115.000000	26.551700	4.368475	0.000959	4.369440
125.000000	26.551700	4.251510	0.003193	4.254700
135.000000	26.551700	4.108826	0.003835	4.112660
145.000000	26.551700	4.048149	0.001074	4.049230
155.000000	26.551700	3.996419	0.000000	3.996420
165.000000	26.551700	4.244441	0.000000	4.244440
175.000000	26.551700	3.978289	0.001476	3.979760
185.000000	26.551700	4.174185	0.002590	4.176780
195.000000	26.551700	4.190381	0.002056	4.192440
205.000000	26.551700	4.133493	0.006838	4.140330
215.000000	26.551700	4.086829	0.002591	4.089420
225.000000	26.551700	4.163792	0.002077	4.165870
235.000000	26.551700	4.163486	0.006500	4.169980
245.000000	26.551700	4.280553	0.002245	4.282800
255.000000	26.551700	4.119423	0.003178	4.122610
265.000000	26.551700	4.161179	0.004636	4.165810
275.000000	26.551700	4.161484	0.002108	4.163590
285.000000	26.551700	4.103680	0.003785	4.107470
295.000000	26.551700	4.041386	0.001305	4.042690
305.000000	26.551700	3.939033	0.003456	3.942490
315.000000	26.551700	4.055772	0.005646	4.061410
325.000000	26.551700	3.937744	0.003033	3.940770
335.000000	26.551700	4.169005	0.004107	4.173110
345.000000	26.551700	4.095820	0.004623	4.100450
355.000000	26.551700	4.385994	0.005492	4.391490
4.500000	29.565600	4.086603	0.005131	4.091740
13.500000	29.565600	4.121900	0.004079	4.125980
22.500000	29.565600	3.946758	0.004288	3.951040
31.500000	29.565600	4.013519	0.001270	4.014790
40.500000	29.565600	3.898680	0.002368	3.901040
49.500000	29.565600	3.939282	0.004718	3.944000
58.500000	29.565600	3.840197	0.003084	3.843280
67.500000	29.565600	4.083345	0.000000	4.083350
76.500000	29.565600	3.897628	0.005801	3.903430
85.500000	29.565600	4.137904	0.001136	4.139040
94.500000	29.565600	4.070543	0.010153	4.080700
103.500000	29.565600	3.913586	0.002076	3.915660
112.500000	29.565600	4.105954	0.007192	4.113150
121.500000	29.565600	4.189306	0.004846	4.194160
130.500000	29.565600	4.151950	0.003059	4.155010
139.500000	29.565600	4.081038	0.003075	4.084110
148.500000	29.565600	4.097200	0.002319	4.099520
157.500000	29.565600	4.078188	0.002066	4.080250
166.500000	29.565600	3.935787	0.001023	3.936810
175.500000	29.565600	3.960001	0.003570	3.963570
184.500000	29.565600	4.007819	0.001096	4.008920
193.500000	29.565600	3.986217	0.003660	3.989880
202.500000	29.565600	4.095074	0.001290	4.096360
211.500000	29.565600	3.970033	0.005670	3.975700
220.500000	29.565600	4.145639	0.005568	4.151210
229.500000	29.565600	4.021662	0.003153	4.024820
238.500000	29.565600	4.049439	0.001158	4.050590
247.500000	29.565600	4.143920	0.003034	4.146960
256.500000	29.565600	3.979714	0.004590	3.984300
265.500000	29.565600	4.063881	0.006930	4.070810
274.500000	29.565600	4.003917	0.003730	4.007650
283.500000	29.565600	3.878255	0.002166	3.880420
292.500000	29.565600	3.956235	0.001254	3.957480
301.500000	29.565600	3.865373	0.002492	3.867860
310.500000	29.565600	3.891792	0.002616	3.894410
319.500000	29.565600	3.897493	0.002322	3.899810
328.500000	29.565600	4.100321	0.004268	4.104590
337.500000	29.565600	3.974376	0.009874	3.984250
346.500000	29.565600	4.125904	0.003878	4.129780
355.500000	29.565600	4.073336	0.000927	4.074260
4.090910	32.600500	4.024716	0.003214	4.027930
12.272700	32.600500	3.793319	0.003946	3.797270
20.454500	32.600500	3.795931	0.008950	3.804880
28.636400	32.600500	3.949155	0.003595	3.952750
36.818200	32.600500	3.805205	0.004271	3.809480
45.000000	32.600500	3.830810	0.002159	3.832960
53.181800	32.600500	3.791871	0.004345	3.796210
61.363600	32.600500	3.798917	0.002456	3.801380
69.545500	32.600500	3.742809	0.003602	3.746410
77.727300	32.600500	3.825925	0.003653	3.829580
85.909100	32.600500	3.912297	0.002016	3.914310
94.090900	32.600500	3.937959	0.003153	3.941110
102.273000	32.600500	3.965577	0.002596	3.968170
110.455000	32.600500	3.992913	0.008548	4.001460
118.636000	32.600500	3.847062	0.001401	3.848460
126.818000	32.600500	3.906699	0.002169	3.908870
135.000000	32.600500	3.900444	0.004135	3.904580
143.182000	32.600500	3.843839	0.004508	3.848340
151.364000	32.600500	3.798125	0.003926	3.802050
159.545000	32.600500	3.978425	0.002213	3.980630
167.727000	32.600500	3.802604	0.001074	3.803680
175.909000	32.600500	3.842222	0.002056	3.844280
184.091000	32.600500	3.754549	0.000000	3.754540
192.273000	32.600500	3.809016	0.001061	3.810070
200.455000	32.600500	3.788693	0.003115	3.791810
208.636000	32.600500	3.826739	0.006177	3.832920
216.818000	32.600500	3.945774	0.004366	3.950140
225.000000	32.600500	3.924240	0.008267	3.932510
233.182000	32.600500	3.941748	0.008665	3.950420
241.364000	32.600500	3.939633	0.004308	3.943940
249.545000	32.600500	3.858361	0.003924	3.862290
257.727000	32.600500	3.782178	0.008429	3.790600
265.909000	32.600500	3.903702	0.005249	3.908950
274.091000	32.600500	3.841362	0.004663	3.846030
282.273000	32.600500	3.873380	0.002315	3.875690
290.455000	32.600500	3.893794	0.002541	3.896340
298.636000	32.600500	3.797684	0.001019	3.798700
306.818000	32.600500	3.917613	0.002594	3.920210
315.000000	32.600500	3.878775	0.006985	3.885760
323.182000	32.600500	3.736894	0.003153	3.740050
331.364000	32.600500	3.961573	0.003121	3.964690
339.545000	32.600500	3.876807	0.007603	3.884410
347.727000	32.600500	3.856020	0.006018	3.862030
355.909000	32.600500	3.949201	0.003413	3.952610
3.750000	35.659100	3.922295	0.003897	3.926190
11.250000	35.659100	3.908124	0.005684	3.913810
18.750000	35.659100	3.842595	0.006011	3.848600
26.250000	35.659100	3.787324	0.009383	3.796710
33.750000	35.659100	3.738602	0.006541	3.745150
41.250000	35.659100	3.769907	0.006091	3.776000
48.750000	35.659100	3.688952	0.002137	3.691090
56.250000	35.659100	3.672757	0.005775	3.678530
63.750000	35.659100	3.721411	0.002429	3.723840
71.250000	35.659100	3.628038	0.002306	3.630350
78.750000	35.659100	3.705702	0.004591	3.710290
86.250000	35.659100	3.846011	0.008942	3.854960
93.750000	35.659100	3.926717	0.006997	3.933710
101.250000	35.659100	3.779702	0.010411	3.790110
108.750000	35.659100	3.703813	0.006454	3.710270
116.250000	35.659100	3.933277	0.003980	3.937260
123.750000	35.659100	3.855070	0.002780	3.857850
131.250000	35.659100	3.841317	0.012998	3.854320
138.750000	35.659100	3.769749	0.005734	3.775480
146.250000	35.659100	3.677202	0.005522	3.682730
153.750000	35.659100	3.692707	0.005302	3.698000
161.250000	35.659100	3.757885	0.008077	3.765960
168.750000	35.659100	3.684870	0.009801	3.694670
176.250000	35.659100	3.611729	0.004172	3.615900
183.750000	35.659100	3.657726	0.006831	3.664560
191.250000	35.659100	3.641689	0.008144	3.649830
198.750000	35.659100	3.661311	0.010773	3.672090
206.250000	35.659100	3.838218	0.010050	3.848270
213.750000	35.659100	3.759525	0.011404	3.770920
221.250000	35.659100	3.645738	0.008042	3.653780
228.750000	35.659100	3.788546	0.005155	3.793700
236.250000	35.659100	3.715824	0.008453	3.724280
243.750000	35.659100	3.793907	0.012044	3.805950
251.250000	35.659100	3.801394	0.006394	3.807790
258.750000	35.659100	3.881976	0.007673	3.889650
266.250000	35.659100	3.674023	0.006551	3.680580
273.750000	35.659100	3.755793	0.010886	3.766680
281.250000	35.659100	3.739824	0.007825	3.747650
288.750000	35.659100	3.691791	0.003270	3.695060
296.250000	35.659100	3.776693	0.004296	3.780990
303.750000	35.659100	3.731658	0.007344	3.739000
311.250000	35.659100	3.611820	0.005536	3.617350
318.750000	35.659100	3.690083	0.001050	3.691130
326.250000	35.659100	3.772396	0.003898	3.776300
333.750000	35.659100	3.771774	0.007390	3.779170
341.250000	35.659100	3.812319	0.004103	3.816420
348.750000	35.659100	3.835232	0.002117	3.837350
356.250000	35.659100	3.786646	0.002015	3.788660
3.461540	38.744200	3.702875	0.012323	3.715200
10.384600	38.744200	3.680583	0.007874	3.688450
17.307700	38.744200	3.716639	0.007296	3.723930
24.230800	38.744200	3.704243	0.005027	3.709270
31.153800	38.744200	3.486316	0.002544	3.488860
38.076900	38.744200	3.512419	0.006847	3.519260
45.000000	38.744200	3.613358	0.003439	3.616800
51.923100	38.744200	3.449435	0.000000	3.449430
58.846200	38.744200	3.592469	0.006607	3.599080
65.769200	38.744200	3.531023	0.008404	3.539430
72.692300	38.744200	3.529429	0.006463	3.535890
79.615400	38.744200	3.434664	0.013393	3.448050
86.538500	38.744200	3.585808	0.008083	3.593890
93.461500	38.744200	3.537436	0.005555	3.542990
100.385000	38.744200	3.540829	0.007161	3.547990
107.308000	38.744200	3.706494	0.008785	3.715280
114.231000	38.744200	3.669895	0.007519	3.677410
121.154000	38.744200	3.790695	0.009236	3.799930
128.077000	38.744200	3.529327	0.013811	3.543130
135.000000	38.744200	3.599628	0.007227	3.606850
141.923000	38.744200	3.597705	0.011319	3.609020
148.846000	38.744200	3.666118	0.014093	3.680210
155.769000	38.744200	3.588398	0.008965	3.597370
162.692000	38.744200	3.569793	0.011305	3.581090
169.615000	38.744200	3.570698	0.006354	3.577060
176.538000	38.744200	3.625018	0.007734	3.632750
183.462000	38.744200	3.445850	0.007623	3.453480
190.385000	38.744200	3.546947	0.008430	3.555370
197.308000	38.744200	3.455700	0.007999	3.463700
204.231000	38.744200	3.531838	0.008472	3.540310
211.154000	38.744200	3.554016	0.008972	3.562990
218.077000	38.744200	3.656177	0.014679	3.670860
225.000000	38.744200	3.722327	0.006235	3.728560
231.923000	38.744200	3.618821	0.007590	3.626410
238.846000	38.744200	3.679701	0.003474	3.683180
245.769000	38.744200	3.588635	0.011760	3.600400
252.692000	38.744200	3.764841	0.005960	3.770800
259.615000	38.744200	3.679927	0.008412	3.688340
266.538000	38.744200	3.542717	0.013972	3.556690
273.462000	38.744200	3.617407	0.008489	3.625890
280.385000	38.744200	3.615326	0.013270	3.628590
287.308000	38.744200	3.621546	0.004293	3.625840
294.231000	38.744200	3.601381	0.004356	3.605740
301.154000	38.744200	3.468118	0.006465	3.474580
308.077000	38.744200	3.506990	0.004726	3.511710
315.000000	38.744200	3.522043	0.008363	3.530410
321.923000	38.744200	3.550747	0.006271	3.557020
328.846000	38.744200	3.667396	0.015570	3.682960
335.769000	38.744200	3.568526	0.004657	3.573180
342.692000	38.744200	3.541247	0.013404	3.554650
349.615000	38.744200	3.630990	0.014771	3.645760
356.538000	38.744200	3.696733	0.014128	3.710860
3.214290	41.858800	3.631601	0.019549	3.651150
9.642860	41.858800	3.538963	0.009924	3.548880
16.071400	41.858800	3.520664	0.012015	3.532680
22.500000	41.858800	3.545963	0.016190	3.562160
28.928600	41.858800	3.415754	0.016749	3.432500
35.357100	41.858800	3.514601	0.012008	3.526610
41.785700	41.858800	3.397930	0.005491	3.403430
48.214300	41.858800	3.390681	0.010468	3.401150
54.642900	41.858800	3.402205	0.007865	3.410070
61.071400	41.858800	3.446551	0.008358	3.454900
67.500000	41.858800	3.423253	0.021080	3.444330
73.928600	41.858800	3.391450	0.008847	3.400300
80.357100	41.858800	3.422065	0.018301	3.440360
86.785700	41.858800	3.543385	0.009889	3.553270
93.214300	41.858800	3.416343	0.014840	3.431180
99.642900	41.858800	3.475538	0.007198	3.482740
106.071000	41.858800	3.498395	0.014890	3.513280
112.500000	41.858800	3.514862	0.008283	3.523140
118.929000	41.858800	3.534891	0.008237	3.543130
125.357000	41.858800	3.537255	0.006744	3.544000
131.786000	41.858800	3.439584	0.006450	3.446030
138.214000	41.858800	3.458765	0.008636	3.467400
144.643000	41.858800	3.404479	0.015098	3.419580
151.071000	41.858800	3.429507	0.010394	3.439900
157.500000	41.858800	3.379371	0.012624	3.391990
163.929000	41.858800	3.366003	0.011244	3.377240
170.357000	41.858800	3.425764	0.015248	3.441010
176.786000	41.858800	3.327866	0.009503	3.337360
183.214000	41.858800	3.490546	0.011031	3.501580
189.643000	41.858800	3.552399	0.016179	3.568580
196.071000	41.858800	3.407781	0.007162	3.414950
202.500000	41.858800	3.413594	0.013835	3.427430
208.929000	41.858800	3.479994	0.011206	3.491200
215.357000	41.858800	3.508981	0.008311	3.517290
221.786000	41.858800	3.449751	0.017289	3.467050
228.214000	41.858800	3.415517	0.009616	3.425130
234.643000	41.858800	3.458528	0.009555	3.468080
241.071000	41.858800	3.656912	0.010519	3.667430
247.500000	41.858800	3.563663	0.011353	3.575010
253.929000	41.858800	3.610316	0.010074	3.620390
260.357000	41.858800	3.536475	0.008311	3.544790
266.786000	41.858800	3.592492	0.009464	3.601960
273.214000	41.858800	3.462588	0.022063	3.484660
279.643000	41.858800	3.442287	0.012816	3.455110
286.071000	41.858800	3.339301	0.015428	3.354730
292.500000	41.858800	3.411174	0.006989	3.418170
298.929000	41.858800	3.409444	0.012265	3.421700
305.357000	41.858800	3.360699	0.006148	3.366840
311.786000	41.858800	3.420980	0.013313	3.434290
318.214000	41.858800	3.519861	0.012702	3.532560
324.643000	41.858800	3.403042	0.015484	3.418530
331.071000	41.858800	3.416885	0.012694	3.429570
337.500000	41.858800	3.615066	0.007129	3.622200
343.929000	41.858800	3.513290	0.015510	3.528800
350.357000	41.858800	3.475051	0.009590	3.484640
356.786000	41.858800	3.496054	0.012257	3.508310
3.000000	45.006100	3.278262	0.016969	3.295230
9.000000	45.006100	3.246301	0.021036	3.267340
15.000000	45.006100	3.275446	0.016484	3.291930
21.000000	45.006100	3.187173	0.015697	3.202880
27.000000	45.006100	3.236088	0.021263	3.257350
33.000000	45.006100	3.187139	0.016185	3.203320
39.000000	45.006100	3.190679	0.021412	3.212090
45.000000	45.006100	3.298133	0.021666	3.319800
51.000000	45.006100	3.203810	0.020164	3.223970
57.000000	45.006100	3.186902	0.017439	3.204350
63.000000	45.006100	3.107666	0.015096	3.122760
69.000000	45.006100	3.289821	0.026486	3.316310
75.000000	45.006100	3.210618	0.019968	3.230590
81.000000	45.006100	3.166477	0.019338	3.185810
87.000000	45.006100	3.147273	0.018729	3.166000
93.000000	45.006100	3.259477	0.023783	3.283260
99.000000	45.006100	3.242930	0.017453	3.260390
105.000000	45.006100	3.353743	0.018890	3.372640
111.000000	45.006100	3.216839	0.017398	3.234230
117.000000	45.006100	3.344096	0.019016	3.363110
123.000000	45.006100	3.266353	0.019257	3.285610
129.000000	45.006100	3.317360	0.018380	3.335740
135.000000	45.006100	3.313695	0.018561	3.332260
141.000000	45.006100	3.211501	0.020703	3.232210
147.000000	45.006100	3.237038	0.015996	3.253030
153.000000	45.006100	3.222720	0.014747	3.237460
159.000000	45.006100	3.172799	0.019995	3.192790
165.000000	45.006100	3.055551	0.016882	3.072440
171.000000	45.006100	3.225875	0.017031	3.242910
177.000000	45.006100	3.119813	0.020361	3.140180
183.000000	45.006100	3.119405	0.016745	3.136150
189.000000	45.006100	3.237072	0.012692	3.249770
195.000000	45.006100	3.196911	0.022847	3.219760
201.000000	45.006100	3.181270	0.017802	3.199070
207.000000	45.006100	3.190634	0.021501	3.212130
213.000000	45.006100	3.203267	0.020375	3.223640
219.000000	45.006100	3.192568	0.014638	3.207200
225.000000	45.006100	3.324768	0.025121	3.349890
231.000000	45.006100	3.239979	0.018735	3.258720
237.000000	45.006100	3.321669	0.020778	3.342440
243.000000	45.006100	3.350622	0.021343	3.371970
249.000000	45.006100	3.385388	0.020995	3.406380
255.000000	45.006100	3.225513	0.011055	3.236560
261.000000	45.006100	3.229415	0.021522	3.250930
267.000000	45.006100	3.252204	0.018182	3.270380
273.000000	45.006100	3.116307	0.017759	3.134060
279.000000	45.006100	3.144321	0.021844	3.166170
285.000000	45.006100	3.245690	0.018054	3.263740
291.000000	45.006100	3.096187	0.018486	3.114670
297.000000	45.006100	3.221996	0.016093	3.238090
303.000000	45.006100	3.112563	0.018829	3.131390
309.000000	45.006100	3.113965	0.022513	3.136480
315.000000	45.006100	3.217348	0.010527	3.227880
321.000000	45.006100	3.230354	0.018262	3.248610
327.000000	45.006100	3.134108	0.016467	3.150570
333.000000	45.006100	3.241245	0.022390	3.263640
339.000000	45.006100	3.397862	0.021839	3.419710
345.000000	45.006100	3.304501	0.010253	3.314750
351.000000	45.006100	3.343881	0.015312	3.359190
357.000000	45.006100	3.170277	0.016158	3.186430
2.812500	48.189700	3.073658	0.029089	3.102750
8.437500	48.189700	3.101502	0.026309	3.127810
14.062500	48.189700	3.051705	0.021178	3.072880
19.687500	48.189700	2.988461	0.023493	3.011960
25.312500	48.189700	3.032524	0.026391	3.058910
30.937500	48.189700	3.107044	0.038755	3.145800
36.562500	48.189700	3.009543	0.040407	3.049950
42.187500	48.189700	3.215640	0.034281	3.249920
47.812500	48.189700	3.129007	0.044417	3.173420
53.437500	48.189700	3.002565	0.029871	3.032430
59.062500	48.189700	2.943709	0.031815	2.975530
64.687500	48.189700	2.934322	0.027618	2.961940
70.312500	48.189700	2.922921	0.026050	2.948970
75.937500	48.189700	3.176848	0.032484	3.209330
81.562500	48.189700	3.017380	0.026912	3.044290
87.187500	48.189700	3.072119	0.032155	3.104270
92.812500	48.189700	3.076146	0.023161	3.099300
98.437500	48.189700	3.047758	0.031993	3.079760
104.062000	48.189700	3.181541	0.026531	3.208080
109.688000	48.189700	3.143823	0.030761	3.174590
115.312000	48.189700	3.092115	0.023917	3.116030
120.938000	48.189700	3.156626	0.024563	3.181190
126.562000	48.189700	3.095078	0.024732	3.119810
132.188000	48.189700	3.120876	0.031653	3.152530
137.812000	48.189700	3.071939	0.029072	3.101010
143.437000	48.189700	3.082570	0.029565	3.112130
149.062000	48.189700	3.020999	0.032370	3.053370
154.688000	48.189700	2.983270	0.031887	3.015150
160.312000	48.189700	3.057666	0.030118	3.087780
165.938000	48.189700	2.948685	0.023028	2.971720
171.562000	48.189700	3.067302	0.026358	3.093660
177.188000	48.189700	2.926394	0.035047	2.961440
182.812000	48.189700	2.878531	0.030172	2.908700
188.438000	48.189700	2.999466	0.023335	3.022800
194.062000	48.189700	3.105551	0.028562	3.134110
199.687000	48.189700	2.961635	0.020547	2.982180
205.312000	48.189700	3.108333	0.032602	3.140930
210.938000	48.189700	3.053832	0.016135	3.069970
216.562000	48.189700	3.012302	0.030978	3.043280
222.188000	48.189700	3.008344	0.027884	3.036230
227.812000	48.189700	3.039118	0.032070	3.071190
233.438000	48.189700	3.118806	0.028567	3.147370
239.062000	48.189700	3.108118	0.024359	3.132470
244.687000	48.189700	3.093156	0.030897	3.124050
250.312000	48.189700	3.146017	0.029801	3.175820
255.937000	48.189700	3.078476	0.030134	3.108610
261.562000	48.189700	3.092952	0.034331	3.127280
267.188000	48.189700	3.053854	0.030753	3.084610
272.812000	48.189700	2.990180	0.034323	3.024510
278.438000	48.189700	2.973069	0.032303	3.005370
284.062000	48.189700	3.008728	0.026742	3.035480
289.688000	48.189700	2.995575	0.043065	3.038640
295.312000	48.189700	2.970422	0.024863	2.995290
300.938000	48.189700	2.882093	0.024234	2.906330
306.562000	48.189700	2.958932	0.024410	2.983340
312.187000	48.189700	2.966634	0.041928	3.008570
317.812000	48.189700	3.040283	0.028900	3.069180
323.438000	48.189700	2.986007	0.023011	3.009020
329.062000	48.189700	3.098471	0.035126	3.133600
334.688000	48.189700	3.033927	0.029542	3.063470
340.312000	48.189700	3.073250	0.018934	3.092180
345.938000	48.189700	2.962664	0.023519	2.986190
351.562000	48.189700	3.117958	0.027035	3.144990
357.187000	48.189700	3.034752	0.029348	3.064100
0.000000	51.317800	3.048889	0.050384	3.099270
5.625000	51.317800	2.872141	0.043115	2.915260
11.250000	51.317800	2.898492	0.039221	2.937710
16.875000	51.317800	2.930748	0.041202	2.971950
22.500000	51.317800	2.878327	0.033947	2.912270
28.125000	51.317800	2.839116	0.046797	2.885920
33.750000	51.317800	2.922424	0.036131	2.958560
39.375000	51.317800	2.920705	0.032300	2.953000
45.000000	51.317800	2.708907	0.038866	2.747770
50.625000	51.317800	2.876178	0.038613	2.914790
56.250000	51.317800	2.891492	0.039486	2.930980
61.875000	51.317800	2.847044	0.049677	2.896720
67.500000	51.317800	2.735632	0.039048	2.774680
73.125000	51.317800	2.935905	0.029886	2.965790
78.750000	51.317800	2.791559	0.053847	2.845400
84.375000	51.317800	2.833303	0.043627	2.876930
90.000000	51.317800	2.879255	0.044461	2.923710
95.625000	51.317800	2.785859	0.047122	2.832980
101.250000	51.317800	2.824414	0.031745	2.856160
106.875000	51.317800	2.863591	0.047955	2.911540
112.500000	51.317800	2.825443	0.038737	2.864180
118.125000	51.317800	2.836334	0.043066	2.879400
123.750000	51.317800	2.895314	0.044005	2.939310
129.375000	51.317800	2.958163	0.059330	3.017490
135.000000	51.317800	2.790665	0.046768	2.837430
140.625000	51.317800	2.947769	0.037662	2.985430
146.250000	51.317800	2.956839	0.040328	2.997160
151.875000	51.317800	2.946039	0.041986	2.988030
157.500000	51.317800	2.844194	0.048169	2.892370
163.125000	51.317800	2.671404	0.041440	2.712840
168.750000	51.317800	2.709891	0.050949	2.760840
174.375000	51.317800	2.769222	0.045951	2.815170
180.000000	51.317800	2.775612	0.045832	2.821440
185.625000	51.317800	2.817741	0.031402	2.849140
191.250000	51.317800	2.901116	0.040838	2.941960
196.875000	51.317800	2.850505	0.049201	2.899700
202.500000	51.317800	2.846683	0.045853	2.892530
208.125000	51.317800	2.825398	0.055622	2.881020
213.750000	51.317800	2.821405	0.051080	2.872490
219.375000	51.317800	2.847961	0.051391	2.899350
225.000000	51.317800	2.827343	0.053966	2.881310
230.625000	51.317800	2.882376	0.048693	2.931070
236.250000	51.317800	2.876665	0.046389	2.923050
241.875000	51.317800	2.901037	0.046835	2.947870
247.500000	51.317800	2.865513	0.033707	2.899220
253.125000	51.317800	3.054997	0.037220	3.092210
258.750000	51.317800	2.869121	0.047539	2.916660
264.375000	51.317800	2.867097	0.054149	2.921250
270.000000	51.317800	2.829447	0.055047	2.884490
275.625000	51.317800	2.830849	0.043102	2.873950
281.250000	51.317800	2.827931	0.045532	2.873470
286.875000	51.317800	2.842328	0.032423	2.874750
292.500000	51.317800	2.871903	0.031436	2.903340
298.125000	51.317800	2.829288	0.038377	2.867670
303.750000	51.317800	2.737250	0.048800	2.786050
309.375000	51.317800	2.746750	0.048721	2.795470
315.000000	51.317800	2.895575	0.041045	2.936620
320.625000	51.317800	2.824764	0.053017	2.877780
326.250000	51.317800	2.785757	0.043732	2.829490
331.875000	51.317800	3.010753	0.048119	3.058870
337.500000	51.317800	2.824221	0.042265	2.866490
343.125000	51.317800	2.832511	0.053365	2.885880
348.750000	51.317800	2.977095	0.040956	3.018050
354.375000	51.317800	2.967278	0.055459	3.022730
2.812500	54.314700	2.730000	0.065173	2.795170
8.437500	54.314700	2.794024	0.076429	2.870460
14.062500	54.314700	2.759043	0.053249	2.812290
19.687500	54.314700	2.651556	0.054714	2.706270
25.312500	54.314700	2.768623	0.069669	2.838290
30.937500	54.314700	2.726324	0.045289	2.771620
36.562500	54.314700	2.588888	0.061005	2.649890
42.187500	54.314700	2.664958	0.072066	2.737020
47.812500	54.314700	2.580960	0.057549	2.638510
53.437500	54.314700	2.581130	0.054583	2.635720
59.062500	54.314700	2.638889	0.048653	2.687540
64.687500	54.314700	2.568780	0.057898	2.626680
70.312500	54.314700	2.597043	0.065285	2.662330
75.937500	54.314700	2.643243	0.053473	2.696710
81.562500	54.314700	2.668158	0.062990	2.731150
87.187500	54.314700	2.749057	0.052327	2.801390
92.812500	54.314700	2.715558	0.059028	2.774590
98.437500	54.314700	2.727274	0.061677	2.788950
104.062000	54.314700	2.714958	0.060823	2.775790
109.688000	54.314700	2.692033	0.059368	2.751400
115.312000	54.314700	2.715772	0.070361	2.786130
120.938000	54.314700	2.801444	0.063551	2.864990
126.562000	54.314700	2.789161	0.084387	2.873550
132.188000	54.314700	2.712594	0.049535	2.762130
137.812000	54.314700	2.705017	0.057919	2.762940
143.437000	54.314700	2.703558	0.066933	2.770490
149.062000	54.314700	2.603851	0.064478	2.668330
154.688000	54.314700	2.673463	0.061194	2.734650
160.312000	54.314700	2.556305	0.058424	2.614730
165.938000	54.314700	2.714223	0.065185	2.779400
171.562000	54.314700	2.614697	0.063199	2.677900
177.188000	54.314700	2.672648	0.076818	2.749470
182.812000	54.314700	2.632148	0.072955	2.705110
188.438000	54.314700	2.564539	0.057559	2.622100
194.062000	54.314700	2.571743	0.057837	2.629580
199.687000	54.314700	2.573315	0.053120	2.626430
205.312000	54.314700	2.570657	0.054496	2.625150
210.938000	54.314700	2.611745	0.059773	2.671520
216.562000	54.314700	2.609450	0.058210	2.667660
222.188000	54.314700	2.746716	0.065962	2.812680
227.812000	54.314700	2.782794	0.051862	2.834650
233.438000	54.314700	2.792498	0.054720	2.847210
239.062000	54.314700	2.768272	0.060080	2.828360
244.687000	54.314700	2.824097	0.075705	2.899800
250.312000	54.314700	2.688290	0.053270	2.741560
255.937000	54.314700	2.768363	0.070268	2.838630
261.562000	54.314700	2.732398	0.051981	2.784380
267.188000	54.314700	2.747813	0.054410	2.802220
272.812000	54.314700	2.708251	0.049258	2.757510
278.438000	54.314700	2.706284	0.067104	2.773390
284.062000	54.314700	2.569741	0.059505	2.629240
289.688000	54.314700	2.675204	0.064767	2.739970
295.312000	54.314700	2.640065	0.056999	2.697060
300.938000	54.314700	2.719437	0.061961	2.781400
306.562000	54.314700	2.667141	0.055222	2.722370
312.187000	54.314700	2.558126	0.067147	2.625270
317.812000	54.314700	2.613193	0.070058	2.683250
323.438000	54.314700	2.612639	0.067416	2.680060
329.062000	54.314700	2.720749	0.061044	2.781790
334.688000	54.314700	2.664607	0.075934	2.740550
340.312000	54.314700	2.739037	0.065495	2.804540
345.938000	54.314700	2.767537	0.062011	2.829550
351.562000	54.314700	2.687905	0.059672	2.747580
357.187000	54.314700	2.730396	0.057055	2.787450
0.000000	57.202800	2.551159	0.092784	2.643940
5.625000	57.202800	2.511541	0.085249	2.596790
11.250000	57.202800	2.621212	0.089278	2.710490
16.875000	57.202800	2.499892	0.085322	2.585210
22.500000	57.202800	2.461869	0.078763	2.540640
28.125000	57.202800	2.459991	0.070493	2.530480
33.750000	57.202800	2.478064	0.090679	2.568750
39.375000	57.202800	2.442552	0.090593	2.533140
45.000000	57.202800	2.449994	0.087302	2.537300
50.625000	57.202800	2.386670	0.094006	2.480670
56.250000	57.202800	2.410116	0.068547	2.478660
61.875000	57.202800	2.476492	0.083570	2.560070
67.500000	57.202800	2.464911	0.105042	2.569950
73.125000	57.202800	2.420159	0.088567	2.508720
78.750000	57.202800	2.460783	0.085854	2.546640
84.375000	57.202800	2.614007	0.076581	2.690590
90.000000	57.202800	2.446069	0.087925	2.533990
95.625000	57.202800	2.509042	0.086461	2.595500
101.250000	57.202800	2.491806	0.069759	2.561570
106.875000	57.202800	2.480892	0.084972	2.565870
112.500000	57.202800	2.573349	0.085879	2.659230
118.125000	57.202800	2.572749	0.085306	2.658050
123.750000	57.202800	2.533527	0.074365	2.607890
129.375000	57.202800	2.613996	0.085990	2.699990
135.000000	57.202800	2.577534	0.089737	2.667270
140.625000	57.202800	2.464753	0.077003	2.541760
146.250000	57.202800	2.536242	0.084730	2.620970
151.875000	57.202800	2.467558	0.085013	2.552570
157.500000	57.202800	2.341409	0.099812	2.441220
163.125000	57.202800	2.405207	0.080397	2.485610
168.750000	57.202800	2.439227	0.082167	2.521390
174.375000	57.202800	2.464380	0.069219	2.533600
180.000000	57.202800	2.517524	0.078605	2.596130
185.625000	57.202800	2.449926	0.078868	2.528790
191.250000	57.202800	2.432464	0.088150	2.520620
196.875000	57.202800	2.449982	0.077103	2.527090
202.500000	57.202800	2.403601	0.083381	2.486980
208.125000	57.202800	2.560343	0.074291	2.634640
213.750000	57.202800	2.569685	0.067927	2.637610
219.375000	57.202800	2.525644	0.090845	2.616490
225.000000	57.202800	2.583030	0.087371	2.670400
230.625000	57.202800	2.591603	0.086000	2.677600
236.250000	57.202800	2.616756	0.070393	2.687150
241.875000	57.202800	2.554337	0.077805	2.632150
247.500000	57.202800	2.599440	0.100633	2.700070
253.125000	57.202800	2.674243	0.080301	2.754550
258.750000	57.202800	2.488322	0.076294	2.564620
264.375000	57.202800	2.467501	0.088250	2.555760
270.000000	57.202800	2.494554	0.072527	2.567090
275.625000	57.202800	2.568101	0.081372	2.649470
281.250000	57.202800	2.446793	0.092942	2.539740
286.875000	57.202800	2.477126	0.065983	2.543110
292.500000	57.202800	2.423076	0.100003	2.523080
298.125000	57.202800	2.476572	0.081817	2.558390
303.750000	57.202800	2.438537	0.076874	2.515410
309.375000	57.202800	2.529501	0.070682	2.600180
315.000000	57.202800	2.465398	0.072269	2.537670
320.625000	57.202800	2.503206	0.097497	2.600700
326.250000	57.202800	2.493276	0.068011	2.561280
331.875000	57.202800	2.558092	0.081761	2.639850
337.500000	57.202800	2.527465	0.073219	2.600680
343.125000	57.202800	2.518859	0.080958	2.599820
348.750000	57.202800	2.500220	0.080067	2.580280
354.375000	57.202800	2.560331	0.092624	2.652960
2.812500	60.000000	2.380642	0.113710	2.494360
8.437500	60.000000	2.455411	0.099690	2.555100
14.062500	60.000000	2.357955	0.119060	2.477010
19.687500	60.000000	2.356903	0.108339	2.465250
25.312500	60.000000	2.286387	0.112597	2.398990
30.937500	60.000000	2.329036	0.136162	2.465200
36.562500	60.000000	2.335222	0.107472	2.442700
42.187500	60.000000	2.256337	0.142185	2.398530
47.812500	60.000000	2.336523	0.111743	2.448260
53.437500	60.000000	2.317885	0.096721	2.414600
59.062500	60.000000	2.273652	0.108351	2.382010
64.687500	60.000000	2.334080	0.126749	2.460830
70.312500	60.000000	2.303883	0.122385	2.426270
75.937500	60.000000	2.219286	0.114876	2.334170
81.562500	60.000000	2.258610	0.105346	2.363960
87.187500	60.000000	2.287699	0.123885	2.411590
92.812500	60.000000	2.329647	0.125997	2.455640
98.437500	60.000000	2.376763	0.118333	2.495090
104.062000	60.000000	2.346283	0.090697	2.436980
109.688000	60.000000	2.430315	0.154498	2.584820
115.312000	60.000000	2.315069	0.105047	2.420120
120.938000	60.000000	2.356881	0.100280	2.457160
126.562000	60.000000	2.350230	0.101627	2.451850
132.188000	60.000000	2.409833	0.113654	2.523480
137.812000	60.000000	2.326141	0.138108	2.464250
143.437000	60.000000	2.292166	0.118708	2.410880
149.062000	60.000000	2.334928	0.136532	2.471460
154.688000	60.000000	2.217556	0.110958	2.328510
160.312000	60.000000	2.356372	0.098188	2.454560
165.938000	60.000000	2.450276	0.111398	2.561680
171.562000	60.000000	2.330133	0.105965	2.436100
177.188000	60.000000	2.391160	0.112323	2.503490
182.812000	60.000000	2.291737	0.126572	2.418310
188.438000	60.000000	2.327792	0.094177	2.421970
194.062000	60.000000	2.264548	0.104764	2.369310
199.687000	60.000000	2.317421	0.094733	2.412160
205.312000	60.000000	2.347471	0.116759	2.464230
210.938000	60.000000	2.361778	0.110270	2.472040
216.562000	60.000000	2.406836	0.108979	2.515810
222.188000	60.000000	2.418948	0.105121	2.524070
227.812000	60.000000	2.409607	0.131159	2.540770
233.438000	60.000000	2.418259	0.098312	2.516570
239.062000	60.000000	2.444769	0.105537	2.550300
244.687000	60.000000	2.375689	0.116817	2.492510
250.312000	60.000000	2.376639	0.119777	2.496410
255.937000	60.000000	2.412875	0.114059	2.526940
261.562000	60.000000	2.488119	0.096925	2.585050
267.188000	60.000000	2.341217	0.108385	2.449600
272.812000	60.000000	2.309278	0.113051	2.422330
278.438000	60.000000	2.273664	0.100342	2.374010
284.062000	60.000000	2.389758	0.097728	2.487490
289.688000	60.000000	2.314695	0.119088	2.433780
295.312000	60.000000	2.392291	0.116188	2.508480
300.938000	60.000000	2.264661	0.117096	2.381760
306.562000	60.000000	2.307208	0.095816	2.403020
312.187000	60.000000	2.274670	0.106883	2.381550
317.812000	60.000000	2.310443	0.110985	2.421430
323.438000	60.000000	2.376413	0.124434	2.500840
329.062000	60.000000	2.341533	0.097928	2.439460
334.688000	60.000000	2.277373	0.116198	2.393570
340.312000	60.000000	2.355908	0.097678	2.453580
345.938000	60.000000	2.335234	0.114867	2.450100
351.562000	60.000000	2.414119	0.116741	2.530860
357.187000	60.000000	2.390335	0.123629	2.513960
0.000000	62.720400	2.243127	0.139631	2.382760
5.625000	62.720400	2.293490	0.137511	2.431000
11.250000	62.720400	2.169501	0.155076	2.324580
16.875000	62.720400	2.176479	0.131153	2.307630
22.500000	62.720400	2.195231	0.168358	2.363590
28.125000	62.720400	2.166934	0.130225	2.297160
33.750000	62.720400	2.176468	0.136083	2.312550
39.375000	62.720400	2.165384	0.154379	2.319760
45.000000	62.720400	2.095060	0.165060	2.260120
50.625000	62.720400	2.143455	0.149877	2.293330
56.250000	62.720400	2.184599	0.127030	2.311630
61.875000	62.720400	2.142086	0.122976	2.265060
67.500000	62.720400	2.186104	0.132159	2.318260
73.125000	62.720400	2.235889	0.117096	2.352990
78.750000	62.720400	2.197843	0.147422	2.345260
84.375000	62.720400	2.128413	0.132656	2.261070
90.000000	62.720400	2.291827	0.137559	2.429380
95.625000	62.720400	2.183717	0.138558	2.322270
101.250000	62.720400	2.169557	0.170090	2.339650
106.875000	62.720400	2.258848	0.163138	2.421980
112.500000	62.720400	2.127813	0.138605	2.266420
118.125000	62.720400	2.158689	0.156677	2.315370
123.750000	62.720400	2.224206	0.166345	2.390560
129.375000	62.720400	2.201745	0.139841	2.341590
135.000000	62.720400	2.134712	0.139898	2.274610
140.625000	62.720400	2.205477	0.128434	2.333920
146.250000	62.720400	2.170790	0.146774	2.317570
151.875000	62.720400	2.164694	0.142544	2.307240
157.500000	62.720400	2.100625	0.132358	2.232980
163.125000	62.720400	2.254414	0.139157	2.393570
168.750000	62.720400	2.095558	0.131565	2.227120
174.375000	62.720400	2.169693	0.154722	2.324410
180.000000	62.720400	2.172193	0.151703	2.323890
185.625000	62.720400	2.123583	0.132150	2.255730
191.250000	62.720400	2.159820	0.129977	2.289790
196.875000	62.720400	2.132835	0.137531	2.270370
202.500000	62.720400	2.060916	0.125095	2.186010
208.125000	62.720400	2.079600	0.130070	2.209670
213.750000	62.720400	2.220214	0.148527	2.368740
219.375000	62.720400	2.168347	0.146699	2.315050
225.000000	62.720400	2.225688	0.165399	2.391080
230.625000	62.720400	2.192369	0.145372	2.337750
236.250000	62.720400	2.333515	0.132986	2.466500
241.875000	62.720400	2.209356	0.169570	2.378930
247.500000	62.720400	2.234430	0.145275	2.379700
253.125000	62.720400	2.245254	0.133681	2.378930
258.750000	62.720400	2.194937	0.152153	2.347090
264.375000	62.720400	2.195853	0.123684	2.319540
270.000000	62.720400	2.122973	0.137721	2.260700
275.625000	62.720400	2.162240	0.153550	2.315800
281.250000	62.720400	2.166821	0.141839	2.308660
286.875000	62.720400	2.114027	0.130971	2.245000
292.500000	62.720400	2.205466	0.118680	2.324150
298.125000	62.720400	2.076060	0.131965	2.208020
303.750000	62.720400	2.099188	0.154619	2.253810
309.375000	62.720400	2.086974	0.131186	2.218160
315.000000	62.720400	2.171288	0.126903	2.298190
320.625000	62.720400	2.172702	0.142223	2.314930
326.250000	62.720400	2.188490	0.159682	2.348170
331.875000	62.720400	2.139553	0.170891	2.310450
337.500000	62.720400	2.207626	0.143570	2.351200
343.125000	62.720400	2.236669	0.137471	2.374140
348.750000	62.720400	2.175077	0.152172	2.327240
354.375000	62.720400	2.138738	0.137423	2.276160
2.812500	65.375700	2.108361	0.183896	2.292260
8.437500	65.375700	2.094178	0.172725	2.266900
14.062500	65.375700	2.083445	0.171603	2.255040
19.687500	65.375700	2.107162	0.214813	2.321970
25.312500	65.375700	2.149811	0.167583	2.317390
30.937500	65.375700	2.078288	0.178581	2.256870
36.562500	65.375700	2.074624	0.169108	2.243730
42.187500	65.375700	2.051506	0.152171	2.203680
47.812500	65.375700	1.960531	0.194913	2.155450
53.437500	65.375700	1.971795	0.192608	2.164410
59.062500	65.375700	1.960554	0.176870	2.137420
64.687500	65.375700	1.996439	0.191516	2.187960
70.312500	65.375700	1.941508	0.192776	2.134280
75.937500	65.375700	2.033671	0.174091	2.207760
81.562500	65.375700	2.023832	0.179118	2.202950
87.187500	65.375700	2.072871	0.175709	2.248580
92.812500	65.375700	2.154968	0.197298	2.352270
98.437500	65.375700	2.072316	0.161454	2.233770
104.062000	65.375700	2.082031	0.188292	2.270320
109.688000	65.375700	2.138558	0.156951	2.295510
115.312000	65.375700	2.114027	0.172902	2.286930
120.938000	65.375700	2.132145	0.197618	2.329770
126.562000	65.375700	2.147243	0.174524	2.321770
132.188000	65.375700	2.074963	0.198329	2.273290
137.812000	65.375700	2.064004	0.174335	2.238330
143.437000	65.375700	2.070767	0.150885	2.221660
149.062000	65.375700	1.971309	0.162661	2.133970
154.688000	65.375700	1.997333	0.201870	2.199200
160.312000	65.375700	2.049471	0.152419	2.201890
165.938000	65.375700	1.971219	0.173233	2.144450
171.562000	65.375700	1.960610	0.197402	2.158020
177.188000	65.375700	2.052988	0.154207	2.207190
182.812000	65.375700	1.974125	0.154197	2.128320
188.438000	65.375700	2.004684	0.148450	2.153130
194.062000	65.375700	2.019941	0.207535	2.227470
199.687000	65.375700	2.030708	0.190579	2.221290
205.312000	65.375700	1.942560	0.186695	2.129260
210.938000	65.375700	2.012228	0.169553	2.181780
216.562000	65.375700	2.069387	0.214371	2.283760
222.188000	65.375700	2.111674	0.173678	2.285350
227.812000	65.375700	2.102344	0.153915	2.256260
233.438000	65.375700	2.039733	0.166941	2.206670
239.062000	65.375700	2.107738	0.182943	2.290680
244.687000	65.375700	2.081489	0.173184	2.254670
250.312000	65.375700	2.040106	0.218527	2.258640
255.937000	65.375700	2.002569	0.186306	2.188880
261.562000	65.375700	2.041678	0.204462	2.246140
267.188000	65.375700	2.039235	0.184584	2.223820
272.812000	65.375700	2.049878	0.176683	2.226560
278.438000	65.375700	1.985005	0.181101	2.166110
284.062000	65.375700	2.016593	0.177167	2.193760
289.688000	65.375700	2.028989	0.158086	2.187080
295.312000	65.375700	2.030120	0.155539	2.185660
300.938000	65.375700	1.985921	0.162859	2.148780
306.562000	65.375700	1.951144	0.180820	2.131960
312.187000	65.375700	2.008518	0.179758	2.188280
317.812000	65.375700	2.001857	0.168007	2.169860
323.438000	65.375700	2.012906	0.164136	2.177040
329.062000	65.375700	2.004899	0.195528	2.200420
334.688000	65.375700	2.040638	0.190017	2.230650
340.312000	65.375700	2.011821	0.171275	2.183090
345.938000	65.375700	2.181535	0.182746	2.364290
351.562000	65.375700	1.988149	0.175388	2.163530
357.187000	65.375700	2.077564	0.196712	2.274280
0.000000	67.975700	1.918436	0.244613	2.163050
5.625000	67.975700	1.935966	0.209998	2.145960
11.250000	67.975700	1.894833	0.185865	2.080700
16.875000	67.975700	1.919330	0.236074	2.155410
22.500000	67.975700	1.988636	0.212983	2.201610
28.125000	67.975700	1.837696	0.231408	2.069100
33.750000	67.975700	1.852252	0.201312	2.053570
39.375000	67.975700	1.895760	0.203112	2.098880
45.000000	67.975700	1.868651	0.236986	2.105640
50.625000	67.975700	1.767349	0.212675	1.980020
56.250000	67.975700	1.848915	0.195885	2.044790
61.875000	67.975700	1.831860	0.200584	2.032440
67.500000	67.975700	1.750554	0.203816	1.954370
73.125000	67.975700	1.862023	0.211555	2.073580
78.750000	67.975700	1.806345	0.227495	2.033840
84.375000	67.975700	1.838205	0.220650	2.058850
90.000000	67.975700	1.881781	0.223513	2.105300
95.625000	67.975700	1.865292	0.212772	2.078070
101.250000	67.975700	1.908359	0.226762	2.135120
106.875000	67.975700	1.922689	0.233735	2.156430
112.500000	67.975700	1.890377	0.248026	2.138410
118.125000	67.975700	1.940728	0.242318	2.183040
123.750000	67.975700	1.919601	0.222668	2.142270
129.375000	67.975700	1.935129	0.232996	2.168130
135.000000	67.975700	1.910191	0.224418	2.134610
140.625000	67.975700	1.870008	0.253943	2.123950
146.250000	67.975700	1.847343	0.204608	2.051950
151.875000	67.975700	1.900646	0.218708	2.119360
157.500000	67.975700	1.820878	0.248279	2.069150
163.125000	67.975700	1.847321	0.223881	2.071200
168.750000	67.975700	1.870087	0.211317	2.081400
174.375000	67.975700	1.888906	0.241971	2.130870
180.000000	67.975700	1.762170	0.228586	1.990760
185.625000	67.975700	1.824667	0.211955	2.036620
191.250000	67.975700	1.840354	0.213366	2.053720
196.875000	67.975700	1.777019	0.233040	2.010060
202.500000	67.975700	1.807872	0.227779	2.035650
208.125000	67.975700	1.798463	0.245315	2.043770
213.750000	67.975700	1.916174	0.240603	2.156780
219.375000	67.975700	1.894335	0.224451	2.118790
225.000000	67.975700	1.863188	0.238135	2.101330
230.625000	67.975700	1.940739	0.225568	2.166310
236.250000	67.975700	1.901245	0.245454	2.146700
241.875000	67.975700	1.973401	0.212563	2.185970
247.500000	67.975700	1.987505	0.216953	2.204460
253.125000	67.975700	1.898180	0.202272	2.100450
258.750000	67.975700	1.917102	0.221321	2.138430
264.375000	67.975700	1.793237	0.236074	2.029310
270.000000	67.975700	1.780718	0.217764	1.998480
275.625000	67.975700	1.873039	0.235621	2.108660
281.250000	67.975700	1.834133	0.228778	2.062920
286.875000	67.975700	1.886950	0.254495	2.141450
292.500000	67.975700	1.922632	0.230524	2.153160
298.125000	67.975700	1.928638	0.192382	2.121010
303.750000	67.975700	1.833602	0.213118	2.046720
309.375000	67.975700	1.893657	0.203761	2.097420
315.000000	67.975700	1.991090	0.217695	2.208790
320.625000	67.975700	1.783477	0.202548	1.986030
326.250000	67.975700	1.909547	0.234359	2.143910
331.875000	67.975700	1.810349	0.216934	2.027290
337.500000	67.975700	1.907963	0.250948	2.158910
343.125000	67.975700	1.978627	0.204460	2.183090
348.750000	67.975700	1.938635	0.241724	2.180360
354.375000	67.975700	1.905407	0.240754	2.146160
2.812500	70.528800	1.721997	0.289364	2.011360
8.437500	70.528800	1.782233	0.297281	2.079510
14.062500	70.528800	1.692253	0.258715	1.950970
19.687500	70.528800	1.682470	0.251025	1.933490
25.312500	70.528800	1.739143	0.272332	2.011480
30.937500	70.528800	1.722167	0.237538	1.959710
36.562500	70.528800	1.686474	0.264334	1.950800
42.187500	70.528800	1.661592	0.270766	1.932360
47.812500	70.528800	1.638158	0.261706	1.899860
53.437500	70.528800	1.663549	0.286172	1.949720
59.062500	70.528800	1.647568	0.262018	1.909590
64.687500	70.528800	1.681938	0.286314	1.968250
70.312500	70.528800	1.655745	0.259472	1.915220
75.937500	70.528800	1.729586	0.247175	1.976760
81.562500	70.528800	1.712542	0.275125	1.987670
87.187500	70.528800	1.657430	0.278585	1.936020
92.812500	70.528800	1.736553	0.243963	1.980520
98.437500	70.528800	1.713764	0.265334	1.979100
104.062000	70.528800	1.758743	0.272508	2.031250
109.688000	70.528800	1.836271	0.263113	2.099380
115.312000	70.528800	1.809150	0.237755	2.046900
120.938000	70.528800	1.720550	0.291262	2.011810
126.562000	70.528800	1.816287	0.272258	2.088540
132.188000	70.528800	1.806967	0.254602	2.061570
137.812000	70.528800	1.718672	0.245206	1.963870
143.437000	70.528800	1.741043	0.257779	1.998830
149.062000	70.528800	1.695759	0.309530	2.005280
154.688000	70.528800	1.615822	0.250366	1.866180
160.312000	70.528800	1.778433	0.285112	2.063540
165.938000	70.528800	1.682459	0.263173	1.945630
171.562000	70.528800	1.699627	0.263702	1.963330
177.188000	70.528800	1.642863	0.228394	1.871250
182.812000	70.528800	1.722552	0.249343	1.971900
188.438000	70.528800	1.663413	0.247089	1.910500
194.062000	70.528800	1.617100	0.236981	1.854080
199.687000	70.528800	1.677550	0.256263	1.933810
205.312000	70.528800	1.754943	0.280642	2.035580
210.938000	70.528800	1.828942	0.260945	2.089880
216.562000	70.528800	1.684992	0.293842	1.978830
222.188000	70.528800	1.680740	0.256590	1.937330
227.812000	70.528800	1.810112	0.263242	2.073350
233.438000	70.528800	1.748587	0.287625	2.036210
239.062000	70.528800	1.818820	0.262644	2.081470
244.687000	70.528800	1.766433	0.253802	2.020240
250.312000	70.528800	1.730943	0.247786	1.978730
255.937000	70.528800	1.726996	0.283266	2.010260
261.562000	70.528800	1.734382	0.259691	1.994070
267.188000	70.528800	1.745748	0.236304	1.982050
272.812000	70.528800	1.707340	0.267347	1.974690
278.438000	70.528800	1.711762	0.251196	1.962960
284.062000	70.528800	1.665166	0.248022	1.913190
289.688000	70.528800	1.705022	0.286816	1.991840
295.312000	70.528800	1.719441	0.247270	1.966710
300.938000	70.528800	1.701810	0.253871	1.955680
306.562000	70.528800	1.750091	0.249402	1.999490
312.187000	70.528800	1.774769	0.232551	2.007320
317.812000	70.528800	1.662237	0.275792	1.938030
323.438000	70.528800	1.753857	0.232187	1.986050
329.062000	70.528800	1.826884	0.274625	2.101510
334.688000	70.528800	1.760168	0.248499	2.008670
340.312000	70.528800	1.695340	0.278792	1.974130
345.938000	70.528800	1.766513	0.253734	2.020240
351.562000	70.528800	1.760100	0.277410	2.037510
357.187000	70.528800	1.698779	0.268958	1.967740
0.000000	73.042200	1.656548	0.364337	2.020880
5.625000	73.042200	1.670120	0.352029	2.022150
11.250000	73.042200	1.657170	0.283560	1.940720
16.875000	73.042200	1.641495	0.326443	1.967940
22.500000	73.042200	1.616150	0.299422	1.915570
28.125000	73.042200	1.576328	0.345261	1.921580
33.750000	73.042200	1.622291	0.363288	1.985580
39.375000	73.042200	1.553279	0.309244	1.862530
45.000000	73.042200	1.603324	0.318407	1.921730
50.625000	73.042200	1.580897	0.312471	1.893370
56.250000	73.042200	1.554240	0.326554	1.880800
61.875000	73.042200	1.495305	0.311023	1.806320
67.500000	73.042200	1.501525	0.293983	1.795510
73.125000	73.042200	1.547138	0.298049	1.845190
78.750000	73.042200	1.662734	0.344171	2.006910
84.375000	73.042200	1.568796	0.313446	1.882240
90.000000	73.042200	1.573207	0.305284	1.878490
95.625000	73.042200	1.596256	0.301225	1.897480
101.250000	73.042200	1.624643	0.324588	1.949240
106.875000	73.042200	1.732538	0.336411	2.068950
112.500000	73.042200	1.605496	0.357114	1.962610
118.125000	73.042200	1.571770	0.316329	1.888100
123.750000	73.042200	1.569429	0.336681	1.906110
129.375000	73.042200	1.620911	0.349804	1.970720
135.000000	73.042200	1.565686	0.343172	1.908860
140.625000	73.042200	1.661943	0.297581	1.959520
146.250000	73.042200	1.656130	0.330071	1.986200
151.875000	73.042200	1.599898	0.303471	1.903370
157.500000	73.042200	1.581553	0.318920	1.900470
163.125000	73.042200	1.558560	0.334009	1.892570
168.750000	73.042200	1.587457	0.292659	1.880110
174.375000	73.042200	1.572879	0.287721	1.860600
180.000000	73.042200	1.651142	0.355563	2.006700
185.625000	73.042200	1.595294	0.314017	1.909310
191.250000	73.042200	1.517008	0.301227	1.818240
196.875000	73.042200	1.620153	0.297182	1.917340
202.500000	73.042200	1.571736	0.286401	1.858130
208.125000	73.042200	1.612678	0.311470	1.924150
213.750000	73.042200	1.593327	0.308764	1.902090
219.375000	73.042200	1.677358	0.324054	2.001410
225.000000	73.042200	1.612361	0.315053	1.927410
230.625000	73.042200	1.671827	0.299509	1.971340
236.250000	73.042200	1.562044	0.354093	1.916140
241.875000	73.042200	1.575039	0.328557	1.903590
247.500000	73.042200	1.624983	0.346245	1.971230
253.125000	73.042200	1.716772	0.343154	2.059930
258.750000	73.042200	1.515968	0.351959	1.867930
264.375000	73.042200	1.564905	0.331392	1.896290
270.000000	73.042200	1.567348	0.324413	1.891760
275.625000	73.042200	1.559657	0.323894	1.883550
281.250000	73.042200	1.528330	0.306174	1.834510
286.875000	73.042200	1.541517	0.303871	1.845390
292.500000	73.042200	1.583951	0.305452	1.889400
298.125000	73.042200	1.549875	0.326979	1.876850
303.750000	73.042200	1.587050	0.300763	1.887820
309.375000	73.042200	1.616161	0.296761	1.912920
315.000000	73.042200	1.545407	0.353144	1.898550
320.625000	73.042200	1.535794	0.278221	1.814010
326.250000	73.042200	1.632696	0.295617	1.928320
331.875000	73.042200	1.571974	0.315215	1.887190
337.500000	73.042200	1.580671	0.298738	1.879400
343.125000	73.042200	1.567812	0.306926	1.874740
348.750000	73.042200	1.674180	0.312064	1.986250
354.375000	73.042200	1.599196	0.354294	1.953490
2.812500	75.522500	1.479144	0.373895	1.853040
8.437500	75.522500	1.425615	0.425972	1.851590
14.062500	75.522500	1.552250	0.367331	1.919580
19.687500	75.522500	1.460810	0.392202	1.853010
25.312500	75.522500	1.421600	0.385256	1.806860
30.937500	75.522500	1.450722	0.369851	1.820570
36.562500	75.522500	1.438078	0.360680	1.798750
42.187500	75.522500	1.407383	0.367696	1.775080
47.812500	75.522500	1.360041	0.400073	1.760110
53.437500	75.522500	1.372956	0.372116	1.745080
59.062500	75.522500	1.432785	0.352650	1.785430
64.687500	75.522500	1.367641	0.392346	1.759990
70.312500	75.522500	1.424178	0.351093	1.775270
75.937500	75.522500	1.414135	0.364406	1.778540
81.562500	75.522500	1.485386	0.364382	1.849770
87.187500	75.522500	1.415210	0.358228	1.773430
92.812500	75.522500	1.379516	0.373515	1.753030
98.437500	75.522500	1.539707	0.340620	1.880330
104.062000	75.522500	1.458469	0.394271	1.852740
109.688000	75.522500	1.482163	0.394776	1.876940
115.312000	75.522500	1.460222	0.413651	1.873870
120.938000	75.522500	1.558888	0.410952	1.969840
126.562000	75.522500	1.527527	0.363268	1.890800
132.188000	75.522500	1.544502	0.395561	1.940060
137.812000	75.522500	1.444117	0.344402	1.788520
143.437000	75.522500	1.470152	0.384316	1.854460
149.062000	75.522500	1.476882	0.398995	1.875870
154.688000	75.522500	1.434459	0.375778	1.810240
160.312000	75.522500	1.437920	0.359044	1.796960
165.938000	75.522500	1.372979	0.378386	1.751370
171.562000	75.522500	1.451921	0.356348	1.808270
177.188000	75.522500	1.387591	0.368450	1.756040
182.812000	75.522500	1.362732	0.372045	1.734770
188.438000	75.522500	1.441211	0.319469	1.760690
194.062000	75.522500	1.450722	0.371528	1.822250
199.687000	75.522500	1.426678	0.363056	1.789740
205.312000	75.522500	1.532186	0.373159	1.905350
210.938000	75.522500	1.463751	0.386031	1.849780
216.562000	75.522500	1.489085	0.392939	1.882030
222.188000	75.522500	1.461319	0.372899	1.834220
227.812000	75.522500	1.513661	0.412252	1.925910
233.438000	75.522500	1.495169	0.390542	1.885710
239.062000	75.522500	1.451005	0.351427	1.802440
244.687000	75.522500	1.407802	0.365820	1.773620
250.312000	75.522500	1.469180	0.362997	1.832180
255.937000	75.522500	1.423782	0.390607	1.814390
261.562000	75.522500	1.425320	0.378015	1.803330
267.188000	75.522500	1.361183	0.385089	1.746270
272.812000	75.522500	1.437795	0.365934	1.803730
278.438000	75.522500	1.456535	0.372636	1.829170
284.062000	75.522500	1.347883	0.365116	1.713000
289.688000	75.522500	1.379867	0.400771	1.780640
295.312000	75.522500	1.418422	0.372004	1.790420
300.938000	75.522500	1.444615	0.389387	1.834010
306.562000	75.522500	1.422731	0.358540	1.781270
312.187000	75.522500	1.488610	0.372238	1.860840
317.812000	75.522500	1.424110	0.384200	1.808310
323.438000	75.522500	1.453595	0.353625	1.807230
329.062000	75.522500	1.439390	0.342235	1.781630
334.688000	75.522500	1.476689	0.365002	1.841690
340.312000	75.522500	1.498721	0.355760	1.854490
345.938000	75.522500	1.530863	0.375040	1.905910
351.562000	75.522500	1.429562	0.367405	1.796970
357.187000	75.522500	1.448709	0.392720	1.841420
0.000000	77.975300	1.297373	0.433768	1.731140
5.625000	77.975300	1.324211	0.396014	1.720220
11.250000	77.975300	1.354578	0.467377	1.821950
16.875000	77.975300	1.294919	0.446872	1.741790
22.500000	77.975300	1.383135	0.433534	1.816660
28.125000	77.975300	1.344241	0.473680	1.817920
33.750000	77.975300	1.316905	0.416444	1.733340
39.375000	77.975300	1.272775	0.438433	1.711210
45.000000	77.975300	1.261985	0.438401	1.700390
50.625000	77.975300	1.361104	0.395586	1.756690
56.250000	77.975300	1.314587	0.434486	1.749070
61.875000	77.975300	1.324268	0.431406	1.755680
67.500000	77.975300	1.234525	0.433387	1.667920
73.125000	77.975300	1.283677	0.439346	1.723030
78.750000	77.975300	1.335295	0.415790	1.751080
84.375000	77.975300	1.405528	0.454251	1.859780
90.000000	77.975300	1.351129	0.409752	1.760880
95.625000	77.975300	1.358389	0.425325	1.783720
101.250000	77.975300	1.389921	0.425845	1.815770
106.875000	77.975300	1.321735	0.405056	1.726790
112.500000	77.975300	1.321757	0.480621	1.802380
118.125000	77.975300	1.345055	0.438293	1.783340
123.750000	77.975300	1.297950	0.390104	1.688060
129.375000	77.975300	1.298199	0.452826	1.751020
135.000000	77.975300	1.433769	0.439739	1.873510
140.625000	77.975300	1.400190	0.415306	1.815500
146.250000	77.975300	1.342284	0.400429	1.742710
151.875000	77.975300	1.328577	0.440872	1.769440
157.500000	77.975300	1.279131	0.435476	1.714610
163.125000	77.975300	1.332456	0.448550	1.781000
168.750000	77.975300	1.360176	0.432783	1.792960
174.375000	77.975300	1.282411	0.419566	1.701980
180.000000	77.975300	1.250314	0.432152	1.682470
185.625000	77.975300	1.297249	0.431732	1.728980
191.250000	77.975300	1.346412	0.417055	1.763470
196.875000	77.975300	1.276552	0.452941	1.729490
202.500000	77.975300	1.329595	0.419382	1.748980
208.125000	77.975300	1.343958	0.425398	1.769350
213.750000	77.975300	1.386370	0.412307	1.798680
219.375000	77.975300	1.349545	0.426837	1.776380
225.000000	77.975300	1.399919	0.448504	1.848420
230.625000	77.975300	1.355709	0.465263	1.820970
236.250000	77.975300	1.357948	0.467613	1.825560
241.875000	77.975300	1.299319	0.432083	1.731400
247.500000	77.975300	1.320570	0.467093	1.787670
253.125000	77.975300	1.375558	0.438323	1.813880
258.750000	77.975300	1.438960	0.441785	1.880750
264.375000	77.975300	1.270207	0.453514	1.723720
270.000000	77.975300	1.273024	0.424653	1.697670
275.625000	77.975300	1.335103	0.443431	1.778540
281.250000	77.975300	1.345202	0.393503	1.738710
286.875000	77.975300	1.278667	0.418754	1.697420
292.500000	77.975300	1.375987	0.417525	1.793510
298.125000	77.975300	1.358876	0.416661	1.775540
303.750000	77.975300	1.320841	0.372018	1.692860
309.375000	77.975300	1.352305	0.477909	1.830210
315.000000	77.975300	1.340825	0.420640	1.761470
320.625000	77.975300	1.347894	0.367405	1.715300
326.250000	77.975300	1.330013	0.442168	1.772190
331.875000	77.975300	1.368410	0.415007	1.783420
337.500000	77.975300	1.384583	0.419859	1.804450
343.125000	77.975300	1.325026	0.436055	1.761080
348.750000	77.975300	1.325241	0.494394	1.819640
354.375000	77.975300	1.302225	0.457951	1.760170
2.812500	80.405900	1.304985	0.559660	1.864650
8.437500	80.405900	1.295700	0.539849	1.835550
14.062500	80.405900	1.197463	0.531025	1.728490
19.687500	80.405900	1.193313	0.492935	1.686240
25.312500	80.405900	1.170196	0.502765	1.672960
30.937500	80.405900	1.221938	0.497755	1.719690
36.562500	80.405900	1.154995	0.509774	1.664770
42.187500	80.405900	1.232603	0.451305	1.683910
47.812500	80.405900	1.117369	0.535656	1.653020
53.437500	80.405900	1.189682	0.489908	1.679590
59.062500	80.405900	1.281936	0.533831	1.815770
64.687500	80.405900	1.199318	0.534009	1.733320
70.312500	80.405900	1.179379	0.485012	1.664390
75.937500	80.405900	1.168556	0.481513	1.650070
81.562500	80.405900	1.254091	0.509332	1.763420
87.187500	80.405900	1.231924	0.451840	1.683760
92.812500	80.405900	1.289423	0.466894	1.756320
98.437500	80.405900	1.229131	0.506752	1.735880
104.062000	80.405900	1.218330	0.523677	1.742010
109.688000	80.405900	1.222899	0.520922	1.743820
115.312000	80.405900	1.221417	0.519663	1.741080
120.938000	80.405900	1.226903	0.495093	1.721990
126.562000	80.405900	1.300224	0.534456	1.834680
132.188000	80.405900	1.196400	0.474844	1.671240
137.812000	80.405900	1.226145	0.503056	1.729200
143.437000	80.405900	1.222390	0.544176	1.766560
149.062000	80.405900	1.199940	0.489065	1.689010
154.688000	80.405900	1.148594	0.546758	1.695350
160.312000	80.405900	1.202654	0.471773	1.674430
165.938000	80.405900	1.174414	0.514116	1.688530
171.562000	80.405900	1.195688	0.489632	1.685320
177.188000	80.405900	1.179707	0.511128	1.690830
182.812000	80.405900	1.165547	0.485410	1.650960
188.438000	80.405900	1.220829	0.466996	1.687830
194.062000	80.405900	1.143640	0.481843	1.625490
199.687000	80.405900	1.177502	0.509928	1.687430
205.312000	80.405900	1.228814	0.520117	1.748930
210.938000	80.405900	1.313773	0.499691	1.813470
216.562000	80.405900	1.235441	0.511129	1.746570
222.188000	80.405900	1.226054	0.531194	1.757250
227.812000	80.405900	1.160876	0.498303	1.659180
233.438000	80.405900	1.269054	0.495200	1.764260
239.062000	80.405900	1.252157	0.508060	1.760210
244.687000	80.405900	1.200732	0.503057	1.703790
250.312000	80.405900	1.234661	0.513905	1.748560
255.937000	80.405900	1.232750	0.498799	1.731550
261.562000	80.405900	1.177592	0.533670	1.711260
267.188000	80.405900	1.188529	0.459950	1.648480
272.812000	80.405900	1.230872	0.480853	1.711720
278.438000	80.405900	1.186346	0.535382	1.721730
284.062000	80.405900	1.173283	0.489707	1.662990
289.688000	80.405900	1.200992	0.419326	1.620320
295.312000	80.405900	1.184367	0.485246	1.669620
300.938000	80.405900	1.165841	0.527783	1.693630
306.562000	80.405900	1.084988	0.518175	1.603160
312.187000	80.405900	1.221361	0.515794	1.737150
317.812000	80.405900	1.170139	0.479711	1.649850
323.438000	80.405900	1.220264	0.488176	1.708440
329.062000	80.405900	1.187726	0.478768	1.666490
334.688000	80.405900	1.196739	0.502612	1.699360
340.312000	80.405900	1.175862	0.500044	1.675910
345.938000	80.405900	1.261261	0.479399	1.740660
351.562000	80.405900	1.224471	0.490691	1.715160
357.187000	80.405900	1.193030	0.514922	1.707950
0.000000	82.819200	1.110283	0.607658	1.717940
5.625000	82.819200	1.138687	0.608374	1.747060
11.250000	82.819200	1.180272	0.590602	1.770880
16.875000	82.819200	1.171858	0.585228	1.757090
22.500000	82.819200	1.178135	0.609810	1.787940
28.125000	82.819200	1.203638	0.545578	1.749220
33.750000	82.819200	1.118794	0.589260	1.708050
39.375000	82.819200	1.045900	0.617855	1.663760
45.000000	82.819200	1.106249	0.530890	1.637140
50.625000	82.819200	1.086799	0.606815	1.693610
56.250000	82.819200	1.155968	0.562948	1.718920
61.875000	82.819200	1.128929	0.551952	1.680880
67.500000	82.819200	1.096898	0.523884	1.620780
73.125000	82.819200	1.058528	0.541832	1.600360
78.750000	82.819200	1.087070	0.630674	1.717740
84.375000	82.819200	1.045450	0.599153	1.644600
90.000000	82.819200	1.093726	0.581025	1.674750
95.625000	82.819200	1.130565	0.578169	1.708730
101.250000	82.819200	1.137997	0.566533	1.704530
106.875000	82.819200	1.158162	0.576562	1.734730
112.500000	82.819200	1.109898	0.619896	1.729790
118.125000	82.819200	1.186402	0.633077	1.819480
123.750000	82.819200	1.118679	0.588618	1.707300
129.375000	82.819200	1.194206	0.608881	1.803090
135.000000	82.819200	1.125373	0.587952	1.713330
140.625000	82.819200	1.145337	0.569399	1.714740
146.250000	82.819200	1.112725	0.590322	1.703050
151.875000	82.819200	1.150528	0.587762	1.738290
157.500000	82.819200	1.102527	0.565064	1.667590
163.125000	82.819200	1.052001	0.583186	1.635190
168.750000	82.819200	1.164575	0.571073	1.735650
174.375000	82.819200	1.084817	0.545135	1.629950
180.000000	82.819200	1.093327	0.585723	1.679050
185.625000	82.819200	1.008409	0.568474	1.576880
191.250000	82.819200	1.095192	0.581442	1.676630
196.875000	82.819200	1.066963	0.544013	1.610980
202.500000	82.819200	1.056726	0.546841	1.603570
208.125000	82.819200	1.110133	0.525983	1.636120
213.750000	82.819200	1.072261	0.552454	1.624720
219.375000	82.819200	1.106495	0.492816	1.599310
225.000000	82.819200	1.196988	0.593052	1.790040
230.625000	82.819200	1.163297	0.589786	1.753080
236.250000	82.819200	1.172955	0.626304	1.799260
241.875000	82.819200	1.122977	0.636759	1.759740
247.500000	82.819200	1.141638	0.619395	1.761030
253.125000	82.819200	1.181573	0.607145	1.788720
258.750000	82.819200	1.121924	0.585594	1.707520
264.375000	82.819200	1.168465	0.560517	1.728980
270.000000	82.819200	1.107612	0.582138	1.689750
275.625000	82.819200	1.184695	0.536322	1.721020
281.250000	82.819200	1.072589	0.562836	1.635420
286.875000	82.819200	1.086982	0.573325	1.660310
292.500000	82.819200	1.115693	0.525631	1.641320
298.125000	82.819200	1.109643	0.572247	1.681890
303.750000	82.819200	1.079744	0.623092	1.702830
309.375000	82.819200	1.113766	0.580746	1.694510
315.000000	82.819200	1.079205	0.577047	1.656250
320.625000	82.819200	1.130356	0.563722	1.694080
326.250000	82.819200	1.126194	0.552970	1.679160
331.875000	82.819200	1.153796	0.571347	1.725140
337.500000	82.819200	1.116900	0.594561	1.711460
343.125000	82.819200	1.166486	0.570315	1.736800
348.750000	82.819200	1.161645	0.538930	1.700570
354.375000	82.819200	1.127737	0.586876	1.714610
2.812500	85.219800	0.987445	0.620034	1.607480
8.437500	85.219800	1.010468	0.682043	1.692510
14.062500	85.219800	1.000379	0.654599	1.654980
19.687500	85.219800	1.007294	0.644266	1.651560
25.312500	85.219800	1.058879	0.639735	1.698610
30.937500	85.219800	1.039501	0.629692	1.669190
36.562500	85.219800	0.958362	0.676932	1.635290
42.187500	85.219800	1.010051	0.611219	1.621270
47.812500	85.219800	0.997827	0.639274	1.637100
53.437500	85.219800	0.977340	0.649598	1.626940
59.062500	85.219800	1.000200	0.655425	1.655620
64.687500	85.219800	1.012823	0.639092	1.651910
70.312500	85.219800	1.000875	0.671800	1.672680
75.937500	85.219800	0.966611	0.654137	1.620750
81.562500	85.219800	1.017228	0.623068	1.640300
87.187500	85.219800	1.021679	0.632784	1.654460
92.812500	85.219800	1.051902	0.650466	1.702370
98.437500	85.219800	1.058244	0.706137	1.764380
104.062000	85.219800	0.997880	0.694565	1.692450
109.688000	85.219800	1.010414	0.617740	1.628150
115.312000	85.219800	1.080506	0.707651	1.788160
120.938000	85.219800	1.033895	0.660651	1.694550
126.562000	85.219800	0.996463	0.680791	1.677250
132.188000	85.219800	1.034936	0.701615	1.736550
137.812000	85.219800	1.009978	0.692433	1.702410
143.437000	85.219800	1.044638	0.643058	1.687700
149.062000	85.219800	1.012542	0.683863	1.696410
154.688000	85.219800	1.028195	0.636443	1.664640
160.312000	85.219800	1.089737	0.601133	1.690870
165.938000	85.219800	1.020060	0.597252	1.617310
171.562000	85.219800	0.974944	0.661917	1.636860
177.188000	85.219800	0.990580	0.678491	1.669070
182.812000	85.219800	0.984835	0.679385	1.664220
188.438000	85.219800	1.058428	0.641651	1.700080
194.062000	85.219800	1.006457	0.611239	1.617700
199.687000	85.219800	1.007202	0.673349	1.680550
205.312000	85.219800	1.012222	0.669155	1.681380
210.938000	85.219800	1.012075	0.648377	1.660450
216.562000	85.219800	1.013734	0.690987	1.704720
222.188000	85.219800	0.985842	0.688860	1.674700
227.812000	85.219800	1.032883	0.654083	1.686970
233.438000	85.219800	0.994180	0.676609	1.670790
239.062000	85.219800	1.029585	0.645541	1.675130
244.687000	85.219800	1.085892	0.649343	1.735230
250.312000	85.219800	1.008440	0.735137	1.743580
255.937000	85.219800	0.995063	0.683181	1.678240
261.562000	85.219800	1.022264	0.654566	1.676830
267.188000	85.219800	1.005382	0.627778	1.633160
272.812000	85.219800	1.024091	0.648558	1.672650
278.438000	85.219800	0.959739	0.678259	1.638000
284.062000	85.219800	0.997923	0.673197	1.671120
289.688000	85.219800	1.008550	0.610156	1.618710
295.312000	85.219800	0.974319	0.659373	1.633690
300.938000	85.219800	0.989699	0.686284	1.675980
306.562000	85.219800	0.956934	0.668500	1.625430
312.187000	85.219800	1.004865	0.676272	1.681140
317.812000	85.219800	0.978546	0.685714	1.664260
323.438000	85.219800	0.975661	0.627895	1.603560
329.062000	85.219800	0.986977	0.657761	1.644740
334.688000	85.219800	1.081302	0.655548	1.736850
340.312000	85.219800	0.939340	0.649441	1.588780
345.938000	85.219800	1.055803	0.669378	1.725180
351.562000	85.219800	1.039072	0.684599	1.723670
357.187000	85.219800	1.011036	0.630699	1.641730
0.000000	87.612000	0.941612	0.723078	1.664690
5.625000	87.612000	0.939167	0.766160	1.705330
11.250000	87.612000	0.953550	0.732735	1.686280
16.875000	87.612000	0.920600	0.812186	1.732790
22.500000	87.612000	0.914986	0.811891	1.726880
28.125000	87.612000	0.880666	0.731421	1.612090
33.750000	87.612000	0.880811	0.728470	1.609280
39.375000	87.612000	0.893209	0.741473	1.634680
45.000000	87.612000	0.818834	0.732415	1.551250
50.625000	87.612000	0.910722	0.740997	1.651720
56.250000	87.612000	0.941188	0.734684	1.675870
61.875000	87.612000	0.886110	0.764100	1.650210
67.500000	87.612000	0.860716	0.734718	1.595430
73.125000	87.612000	0.880054	0.697394	1.577450
78.750000	87.612000	0.836303	0.706056	1.542360
84.375000	87.612000	0.929919	0.773303	1.703220
90.000000	87.612000	0.869621	0.733391	1.603010
95.625000	87.612000	0.943123	0.733410	1.676530
101.250000	87.612000	0.906570	0.712945	1.619520
106.875000	87.612000	0.920462	0.720561	1.641020
112.500000	87.612000	0.946863	0.743270	1.690130
118.125000	87.612000	0.864906	0.723421	1.588330
123.750000	87.612000	0.937771	0.727893	1.665670
129.375000	87.612000	0.901006	0.768396	1.669400
135.000000	87.612000	0.856046	0.755368	1.611410
140.625000	87.612000	0.916665	0.792787	1.709450
146.250000	87.612000	0.879281	0.739453	1.618730
151.875000	87.612000	0.933190	0.684990	1.618180
157.500000	87.612000	0.890629	0.705546	1.596180
163.125000	87.612000	0.864742	0.714000	1.578740
168.750000	87.612000	0.897491	0.716438	1.613930
174.375000	87.612000	0.899465	0.709430	1.608900
180.000000	87.612000	0.844732	0.729775	1.574510
185.625000	87.612000	0.859195	0.729391	1.588590
191.250000	87.612000	0.887496	0.761625	1.649120
196.875000	87.612000	0.922111	0.766777	1.688890
202.500000	87.612000	0.984295	0.804214	1.788510
208.125000	87.612000	0.877580	0.767676	1.645260
213.750000	87.612000	0.913266	0.684073	1.597340
219.375000	87.612000	0.921851	0.748290	1.670140
225.000000	87.612000	0.950960	0.715736	1.666700
230.625000	87.612000	0.892002	0.767902	1.659900
236.250000	87.612000	0.922670	0.758433	1.681100
241.875000	87.612000	0.907030	0.762732	1.669760
247.500000	87.612000	0.927930	0.750765	1.678690
253.125000	87.612000	0.934383	0.757828	1.692210
258.750000	87.612000	0.875500	0.799527	1.675030
264.375000	87.612000	0.918873	0.747698	1.666570
270.000000	87.612000	0.888493	0.783330	1.671820
275.625000	87.612000	0.978839	0.740886	1.719720
281.250000	87.612000	0.950748	0.708615	1.659360
286.875000	87.612000	0.953510	0.780275	1.733790
292.500000	87.612000	0.902451	0.722168	1.624620
298.125000	87.612000	0.926303	0.668352	1.594660
303.750000	87.612000	0.916827	0.723827	1.640650
309.375000	87.612000	0.864293	0.717976	1.582270
315.000000	87.612000	0.868202	0.695489	1.563690
320.625000	87.612000	0.952609	0.737038	1.689650
326.250000	87.612000	0.947468	0.726281	1.673750
331.875000	87.612000	0.919230	0.727661	1.646890
337.500000	87.612000	0.953098	0.785505	1.738600
343.125000	87.612000	0.919237	0.714134	1.633370
348.750000	87.612000	0.859038	0.776972	1.636010
354.375000	87.612000	0.919073	0.776720	1.695790
2.812500	90.000000	0.878199	0.826254	1.704450
8.437500	90.000000	0.892085	0.862235	1.754320
14.062500	90.000000	0.871984	0.874487	1.746470
19.687500	90.000000	0.876234	0.808105	1.684340
25.312500	90.000000	0.856825	0.837615	1.694440
30.937500	90.000000	0.819822	0.841566	1.661390
36.562500	90.000000	0.842940	0.778461	1.621400
42.187500	90.000000	0.872711	0.796903	1.669610
47.812500	90.000000	0.804026	0.840750	1.644780
53.437500	90.000000	0.822842	0.848906	1.671750
59.062500	90.000000	0.816260	0.802525	1.618780
64.687500	90.000000	0.824113	0.848676	1.672790
70.312500	90.000000	0.835409	0.757365	1.592770
75.937500	90.000000	0.845855	0.807120	1.652980
81.562500	90.000000	0.832819	0.819144	1.651960
87.187500	90.000000	0.802016	0.858920	1.660940
92.812500	90.000000	0.838584	0.829569	1.668150
98.437500	90.000000	0.826290	0.864794	1.691080
104.062000	90.000000	0.862705	0.916553	1.779260
109.688000	90.000000	0.833113	0.853271	1.686380
115.312000	90.000000	0.807447	0.862739	1.670190
120.938000	90.000000	0.845118	0.812112	1.657230
126.562000	90.000000	0.873522	0.827148	1.700670
132.188000	90.000000	0.829224	0.896253	1.725480
137.812000	90.000000	0.877920	0.889256	1.767180
143.437000	90.000000	0.774316	0.856927	1.631240
149.062000	90.000000	0.838052	0.854938	1.692990
154.688000	90.000000	0.838318	0.782962	1.621280
160.312000	90.000000	0.786300	0.804063	1.590360
165.938000	90.000000	0.807206	0.721153	1.528360
171.562000	90.000000	0.856098	0.775840	1.631940
177.188000	90.000000	0.815756	0.783939	1.599700
182.812000	90.000000	0.822338	0.835037	1.657370
188.438000	90.000000	0.815474	0.784344	1.599820
194.062000	90.000000	0.850698	0.824373	1.675070
199.687000	90.000000	0.831952	0.816052	1.648000
205.312000	90.000000	0.811885	0.775102	1.586990
210.938000	90.000000	0.820544	0.859131	1.679680
216.562000	90.000000	0.848875	0.834295	1.683170
222.188000	90.000000	0.893264	0.840139	1.733400
227.812000	90.000000	0.876368	0.857403	1.733770
233.438000	90.000000	0.878529	0.859990	1.738520
239.062000	90.000000	0.828092	0.847022	1.675110
244.687000	90.000000	0.900681	0.836771	1.737450
250.312000	90.000000	0.821044	0.827246	1.648290
255.937000	90.000000	0.859782	0.842636	1.702420
261.562000	90.000000	0.881818	0.801061	1.682880
267.188000	90.000000	0.835341	0.843930	1.679270
272.812000	90.000000	0.863371	0.857608	1.720980
278.438000	90.000000	0.854483	0.859017	1.713500
284.062000	90.000000	0.813973	0.806413	1.620390
289.688000	90.000000	0.873957	0.803915	1.677870
295.312000	90.000000	0.773371	0.843443	1.616810
300.938000	90.000000	0.822998	0.828308	1.651310
306.562000	90.000000	0.848249	0.722385	1.570640
312.187000	90.000000	0.867359	0.788907	1.656270
317.812000	90.000000	0.859508	0.813707	1.673220
323.438000	90.000000	0.806227	0.799536	1.605760
329.062000	90.000000	0.821594	0.855291	1.676880
334.688000	90.000000	0.774954	0.868876	1.643830
340.312000	90.000000	0.828508	0.812404	1.640910
345.938000	90.000000	0.804025	0.865727	1.669750
351.562000	90.000000	0.857485	0.803177	1.660660
357.187000	90.000000	0.951107	0.871056	1.822160
0.000000	92.388000	0.765324	0.985068	1.750390
5.625000	92.388000	0.734024	0.933323	1.667350
11.250000	92.388000	0.819213	0.991541	1.810750
16.875000	92.388000	0.814814	0.924505	1.739320
22.500000	92.388000	0.757445	0.965778	1.723220
28.125000	92.388000	0.729249	0.919513	1.648760
33.750000	92.388000	0.742686	0.874345	1.617030
39.375000	92.388000	0.761297	0.867252	1.628550
45.000000	92.388000	0.737288	0.897068	1.634360
50.625000	92.388000	0.747831	0.909833	1.657660
56.250000	92.388000	0.733034	0.902019	1.635050
61.875000	92.388000	0.757948	0.902110	1.660060
67.500000	92.388000	0.692208	0.880393	1.572600
73.125000	92.388000	0.717634	0.925551	1.643190
78.750000	92.388000	0.732649	0.900362	1.633010
84.375000	92.388000	0.769053	0.862986	1.632040
90.000000	92.388000	0.732714	0.891053	1.623770
95.625000	92.388000	0.764708	0.943605	1.708310
101.250000	92.388000	0.777541	0.960466	1.738010
106.875000	92.388000	0.748194	0.894646	1.642840
112.500000	92.388000	0.776904	0.935773	1.712680
118.125000	92.388000	0.742942	0.922243	1.665190
123.750000	92.388000	0.808282	0.968870	1.777150
129.375000	92.388000	0.800996	0.910999	1.711990
135.000000	92.388000	0.802220	0.930189	1.732410
140.625000	92.388000	0.795287	0.914903	1.710190
146.250000	92.388000	0.799996	0.898848	1.698840
151.875000	92.388000	0.745913	0.916778	1.662690
157.500000	92.388000	0.749177	0.884149	1.633330
163.125000	92.388000	0.793141	0.884496	1.677640
168.750000	92.388000	0.765754	0.922243	1.688000
174.375000	92.388000	0.738400	0.893060	1.631460
180.000000	92.388000	0.752639	0.909240	1.661880
185.625000	92.388000	0.734402	0.876560	1.610960
191.250000	92.388000	0.801421	0.915259	1.716680
196.875000	92.388000	0.777396	0.908381	1.685780
202.500000	92.388000	0.770251	0.917703	1.687950
208.125000	92.388000	0.724774	0.907050	1.631820
213.750000	92.388000	0.750373	0.883348	1.633720
219.375000	92.388000	0.817442	0.919546	1.736990
225.000000	92.388000	0.759753	0.894678	1.654430
230.625000	92.388000	0.757912	0.914912	1.672820
236.250000	92.388000	0.775545	0.924058	1.699600
241.875000	92.388000	0.773588	0.940296	1.713880
247.500000	92.388000	0.726431	0.923756	1.650190
253.125000	92.388000	0.739109	0.899158	1.638270
258.750000	92.388000	0.706407	0.996207	1.702610
264.375000	92.388000	0.764719	0.979864	1.744580
270.000000	92.388000	0.735366	0.931147	1.666510
275.625000	92.388000	0.713288	0.940754	1.654040
281.250000	92.388000	0.745360	0.890878	1.636240
286.875000	92.388000	0.724505	0.865787	1.590290
292.500000	92.388000	0.733857	0.930866	1.664720
298.125000	92.388000	0.699094	0.885170	1.584260
303.750000	92.388000	0.787620	0.950678	1.738300
309.375000	92.388000	0.652243	0.920324	1.572570
315.000000	92.388000	0.782626	0.912702	1.695330
320.625000	92.388000	0.767669	0.901864	1.669530
326.250000	92.388000	0.781533	0.906525	1.688060
331.875000	92.388000	0.755803	0.912345	1.668150
337.500000	92.388000	0.781068	0.919568	1.700640
343.125000	92.388000	0.710665	0.905186	1.615850
348.750000	92.388000	0.780432	0.930601	1.711030
354.375000	92.388000	0.766703	0.890006	1.656710
2.812500	94.780200	0.718743	1.003549	1.722290
8.437500	94.780200	0.620099	0.951460	1.571560
14.062500	94.780200	0.640633	1.023427	1.664060
19.687500	94.780200	0.665891	0.976541	1.642430
25.312500	94.780200	0.654226	1.000086	1.654310
30.937500	94.780200	0.578643	0.998293	1.576940
36.562500	94.780200	0.674853	0.931406	1.606260
42.187500	94.780200	0.685923	0.967735	1.653660
47.812500	94.780200	0.689940	0.970607	1.660550
53.437500	94.780200	0.682197	1.050255	1.732450
59.062500	94.780200	0.626318	0.928626	1.554940
64.687500	94.780200	0.653383	1.014230	1.667610
70.312500	94.780200	0.646580	1.027418	1.674000
75.937500	94.780200	0.626269	0.985497	1.611770
81.562500	94.780200	0.686609	1.068807	1.755420
87.187500	94.780200	0.667802	0.943626	1.611430
92.812500	94.780200	0.657560	1.040139	1.697700
98.437500	94.780200	0.658913	1.029601	1.688510
104.062000	94.780200	0.679015	1.047420	1.726440
109.688000	94.780200	0.692113	1.065692	1.757800
115.312000	94.780200	0.713043	1.006573	1.719620
120.938000	94.780200	0.642734	1.053986	1.696720
126.562000	94.780200	0.690480	1.028186	1.718670
132.188000	94.780200	0.706502	1.023927	1.730430
137.812000	94.780200	0.701436	0.983936	1.685370
143.437000	94.780200	0.680361	0.999018	1.679380
149.062000	94.780200	0.656938	1.035822	1.692760
154.688000	94.780200	0.669449	1.017391	1.686840
160.312000	94.780200	0.657772	0.947362	1.605130
165.938000	94.780200	0.678651	0.959577	1.638230
171.562000	94.780200	0.664103	1.001699	1.665800
177.188000	94.780200	0.657042	1.037280	1.694320
182.812000	94.780200	0.697262	0.969623	1.666890
188.438000	94.780200	0.659544	0.975390	1.634930
194.062000	94.780200	0.673446	1.047263	1.720710
199.687000	94.780200	0.660261	1.023170	1.683430
205.312000	94.780200	0.679039	0.982506	1.661540
210.938000	94.780200	0.675979	0.985029	1.661010
216.562000	94.780200	0.684570	1.065092	1.749660
222.188000	94.780200	0.728483	1.038880	1.767360
227.812000	94.780200	0.698013	0.950213	1.648230
233.438000	94.780200	0.676492	1.059252	1.735740
239.062000	94.780200	0.740000	1.055269	1.795270
244.687000	94.780200	0.680463	1.041626	1.722090
250.312000	94.780200	0.699705	1.022434	1.722140
255.937000	94.780200	0.663507	1.017635	1.681140
261.562000	94.780200	0.704534	1.053335	1.757870
267.188000	94.780200	0.714706	1.019198	1.733900
272.812000	94.780200	0.666868	1.019013	1.685880
278.438000	94.780200	0.675601	1.053883	1.729480
284.062000	94.780200	0.694584	0.944955	1.639540
289.688000	94.780200	0.669474	1.001349	1.670820
295.312000	94.780200	0.654364	0.920580	1.574940
300.938000	94.780200	0.672779	0.955862	1.628640
306.562000	94.780200	0.666889	0.960345	1.627230
312.187000	94.780200	0.609414	1.002934	1.612350
317.812000	94.780200	0.639232	0.986022	1.625250
323.438000	94.780200	0.629730	0.988509	1.618240
329.062000	94.780200	0.641990	0.953684	1.595680
334.688000	94.780200	0.630618	1.013805	1.644420
340.312000	94.780200	0.681794	1.023594	1.705390
345.938000	94.780200	0.682325	0.963742	1.646070
351.562000	94.780200	0.699856	1.001664	1.701520
357.187000	94.780200	0.721858	0.981838	1.703700
0.000000	97.180800	0.622118	1.174301	1.796420
5.625000	97.180800	0.640894	1.200392	1.841290
11.250000	97.180800	0.628623	1.133665	1.762290
16.875000	97.180800	0.649999	1.135678	1.785680
22.500000	97.180800	0.559704	1.173475	1.733180
28.125000	97.180800	0.636649	1.145088	1.781730
33.750000	97.180800	0.581041	1.154237	1.735280
39.375000	97.180800	0.611235	1.062552	1.673790
45.000000	97.180800	0.581843	1.054829	1.636670
50.625000	97.180800	0.617727	1.092707	1.710430
56.250000	97.180800	0.556111	1.063689	1.619800
61.875000	97.180800	0.574411	1.094082	1.668490
67.500000	97.180800	0.523168	1.030184	1.553350
73.125000	97.180800	0.591738	1.094615	1.686350
78.750000	97.180800	0.581755	1.057180	1.638930
84.375000	97.180800	0.557416	1.152575	1.709990
90.000000	97.180800	0.632612	1.096152	1.728760
95.625000	97.180800	0.583733	1.106187	1.689920
101.250000	97.180800	0.619333	1.177683	1.797010
106.875000	97.180800	0.628480	1.153502	1.781980
112.500000	97.180800	0.587979	1.169279	1.757260
118.125000	97.180800	0.600037	1.096984	1.697020
123.750000	97.180800	0.671871	1.077392	1.749260
129.375000	97.180800	0.580704	1.122739	1.703440
135.000000	97.180800	0.634141	1.086509	1.720650
140.625000	97.180800	0.619428	1.162143	1.781580
146.250000	97.180800	0.645789	1.099902	1.745690
151.875000	97.180800	0.567051	1.121326	1.688380
157.500000	97.180800	0.588509	1.085275	1.673780
163.125000	97.180800	0.539515	1.101552	1.641070
168.750000	97.180800	0.617550	1.089986	1.707530
174.375000	97.180800	0.571076	1.179492	1.750560
180.000000	97.180800	0.575382	1.089974	1.665360
185.625000	97.180800	0.579658	1.060674	1.640330
191.250000	97.180800	0.590107	1.094147	1.684250
196.875000	97.180800	0.616280	1.128640	1.744920
202.500000	97.180800	0.562796	1.009862	1.572660
208.125000	97.180800	0.611676	1.109677	1.721350
213.750000	97.180800	0.634344	1.059489	1.693830
219.375000	97.180800	0.575677	1.111089	1.686770
225.000000	97.180800	0.595958	1.154373	1.750330
230.625000	97.180800	0.626830	1.062494	1.689320
236.250000	97.180800	0.612276	1.100523	1.712800
241.875000	97.180800	0.623085	1.151795	1.774880
247.500000	97.180800	0.640765	1.132873	1.773640
253.125000	97.180800	0.615175	1.120574	1.735750
258.750000	97.180800	0.591633	1.235283	1.826910
264.375000	97.180800	0.597580	1.122341	1.719920
270.000000	97.180800	0.608710	1.066844	1.675550
275.625000	97.180800	0.580581	1.087073	1.667650
281.250000	97.180800	0.579192	1.047038	1.626230
286.875000	97.180800	0.613854	1.105188	1.719040
292.500000	97.180800	0.575454	1.099729	1.675180
298.125000	97.180800	0.549327	1.082261	1.631590
303.750000	97.180800	0.576864	1.113850	1.690710
309.375000	97.180800	0.594217	1.111095	1.705310
315.000000	97.180800	0.595892	1.082706	1.678600
320.625000	97.180800	0.568252	1.073523	1.641780
326.250000	97.180800	0.594605	1.078003	1.672610
331.875000	97.180800	0.654146	1.035230	1.689380
337.500000	97.180800	0.601002	1.135215	1.736220
343.125000	97.180800	0.591955	1.159089	1.751050
348.750000	97.180800	0.554399	1.197882	1.752280
354.375000	97.180800	0.609228	1.128616	1.737840
2.812500	99.594100	0.580636	1.225885	1.806520
8.437500	99.594100	0.535454	1.214812	1.750260
14.062500	99.594100	0.544285	1.297747	1.842030
19.687500	99.594100	0.569637	1.234220	1.803850
25.312500	99.594100	0.536363	1.235272	1.771640
30.937500	99.594100	0.566265	1.250936	1.817210
36.562500	99.594100	0.518283	1.166757	1.685040
42.187500	99.594100	0.489014	1.235181	1.724190
47.812500	99.594100	0.508310	1.151896	1.660210
53.437500	99.594100	0.514317	1.132082	1.646400
59.062500	99.594100	0.533437	1.175522	1.708960
64.687500	99.594100	0.565878	1.235091	1.800970
70.312500	99.594100	0.535396	1.219415	1.754820
75.937500	99.594100	0.507556	1.147621	1.655170
81.562500	99.594100	0.502177	1.161125	1.663300
87.187500	99.594100	0.540871	1.159485	1.700360
92.812500	99.594100	0.518509	1.279696	1.798210
98.437500	99.594100	0.545320	1.210221	1.755540
104.062000	99.594100	0.532314	1.204193	1.736500
109.688000	99.594100	0.507940	1.155007	1.662940
115.312000	99.594100	0.540192	1.223227	1.763420
120.938000	99.594100	0.481752	1.244014	1.725770
126.562000	99.594100	0.539914	1.196807	1.736730
132.188000	99.594100	0.549703	1.255912	1.805620
137.812000	99.594100	0.514186	1.305268	1.819450
143.437000	99.594100	0.533208	1.247667	1.780880
149.062000	99.594100	0.520952	1.204238	1.725190
154.688000	99.594100	0.533532	1.169166	1.702700
160.312000	99.594100	0.551890	1.173600	1.725490
165.938000	99.594100	0.542527	1.174459	1.716980
171.562000	99.594100	0.596852	1.170173	1.767020
177.188000	99.594100	0.500671	1.222277	1.722950
182.812000	99.594100	0.482575	1.261951	1.744520
188.438000	99.594100	0.506588	1.189716	1.696310
194.062000	99.594100	0.508126	1.264145	1.772270
199.687000	99.594100	0.521374	1.191096	1.712470
205.312000	99.594100	0.537677	1.193731	1.731400
210.938000	99.594100	0.531518	1.215581	1.747090
216.562000	99.594100	0.503319	1.232603	1.735920
222.188000	99.594100	0.521742	1.242261	1.764000
227.812000	99.594100	0.560904	1.258875	1.819780
233.438000	99.594100	0.478031	1.289785	1.767820
239.062000	99.594100	0.504337	1.244184	1.748520
244.687000	99.594100	0.562753	1.244229	1.806990
250.312000	99.594100	0.542456	1.273770	1.816230
255.937000	99.594100	0.512084	1.257303	1.769380
261.562000	99.594100	0.559659	1.301999	1.861660
267.188000	99.594100	0.583162	1.210051	1.793210
272.812000	99.594100	0.525393	1.232897	1.758290
278.438000	99.594100	0.519134	1.289954	1.809080
284.062000	99.594100	0.508886	1.227592	1.736480
289.688000	99.594100	0.490077	1.265808	1.755890
295.312000	99.594100	0.541553	1.141638	1.683200
300.938000	99.594100	0.508863	1.191164	1.700030
306.562000	99.594100	0.527031	1.185701	1.712730
312.187000	99.594100	0.494670	1.302078	1.796750
317.812000	99.594100	0.511036	1.273770	1.784800
323.438000	99.594100	0.550050	1.196264	1.746310
329.062000	99.594100	0.495615	1.256398	1.752020
334.688000	99.594100	0.557216	1.269563	1.826780
340.312000	99.594100	0.529601	1.272062	1.801670
345.938000	99.594100	0.547748	1.152982	1.700730
351.562000	99.594100	0.547038	1.280906	1.827950
357.187000	99.594100	0.495002	1.328815	1.823810
0.000000	102.025000	0.470228	1.349704	1.819930
5.625000	102.025000	0.448728	1.328498	1.777230
11.250000	102.025000	0.505337	1.367471	1.872810
16.875000	102.025000	0.444834	1.365085	1.809920
22.500000	102.025000	0.478673	1.339864	1.818540
28.125000	102.025000	0.462656	1.277355	1.740010
33.750000	102.025000	0.429360	1.306489	1.735850
39.375000	102.025000	0.454876	1.323047	1.777920
45.000000	102.025000	0.463654	1.302327	1.765980
50.625000	102.025000	0.448830	1.248108	1.696940
56.250000	102.025000	0.455293	1.303356	1.758640
61.875000	102.025000	0.456050	1.284808	1.740850
67.500000	102.025000	0.480212	1.313501	1.793720
73.125000	102.025000	0.463855	1.352248	1.816100
78.750000	102.025000	0.453265	1.274811	1.728080
84.375000	102.025000	0.449019	1.303944	1.752970
90.000000	102.025000	0.499818	1.287432	1.787250
95.625000	102.025000	0.441083	1.402565	1.843640
101.250000	102.025000	0.510002	1.364395	1.874390
106.875000	102.025000	0.473528	1.383407	1.856940
112.500000	102.025000	0.457007	1.395451	1.852460
118.125000	102.025000	0.487758	1.325478	1.813240
123.750000	102.025000	0.520706	1.366385	1.887090
129.375000	102.025000	0.443399	1.310436	1.753840
135.000000	102.025000	0.480355	1.390950	1.871310
140.625000	102.025000	0.463374	1.333746	1.797120
146.250000	102.025000	0.455305	1.431620	1.886920
151.875000	102.025000	0.461376	1.328181	1.789560
157.500000	102.025000	0.457322	1.323951	1.781280
163.125000	102.025000	0.460995	1.294252	1.755250
168.750000	102.025000	0.469550	1.282026	1.751570
174.375000	102.025000	0.487344	1.282173	1.769510
180.000000	102.025000	0.442116	1.307971	1.750090
185.625000	102.025000	0.462983	1.290384	1.753360
191.250000	102.025000	0.434931	1.323680	1.758620
196.875000	102.025000	0.436788	1.318477	1.755270
202.500000	102.025000	0.492150	1.360504	1.852650
208.125000	102.025000	0.438189	1.346989	1.785180
213.750000	102.025000	0.468410	1.324856	1.793270
219.375000	102.025000	0.468423	1.344795	1.813220
225.000000	102.025000	0.475391	1.328125	1.803520
230.625000	102.025000	0.474087	1.419134	1.893220
236.250000	102.025000	0.477212	1.311262	1.788480
241.875000	102.025000	0.455274	1.347781	1.803060
247.500000	102.025000	0.495164	1.393563	1.888730
253.125000	102.025000	0.447561	1.371814	1.819380
258.750000	102.025000	0.466666	1.342793	1.809460
264.375000	102.025000	0.470380	1.368105	1.838490
270.000000	102.025000	0.454966	1.404307	1.859270
275.625000	102.025000	0.445905	1.294750	1.740650
281.250000	102.025000	0.505693	1.245417	1.751110
286.875000	102.025000	0.437038	1.268183	1.705220
292.500000	102.025000	0.435628	1.344818	1.780450
298.125000	102.025000	0.450230	1.317165	1.767400
303.750000	102.025000	0.425636	1.323861	1.749500
309.375000	102.025000	0.462551	1.300665	1.763210
315.000000	102.025000	0.434780	1.358423	1.793200
320.625000	102.025000	0.460359	1.318749	1.779100
326.250000	102.025000	0.472653	1.313173	1.785820
331.875000	102.025000	0.496541	1.382083	1.878620
337.500000	102.025000	0.476981	1.351038	1.828020
343.125000	102.025000	0.447779	1.292510	1.740280
348.750000	102.025000	0.490086	1.369541	1.859630
354.375000	102.025000	0.451948	1.401717	1.853670
2.812500	104.478000	0.412258	1.520854	1.933110
8.437500	104.478000	0.389744	1.483486	1.873230
14.062500	104.478000	0.370139	1.508605	1.878750
19.687500	104.478000	0.407460	1.483995	1.891460
25.312500	104.478000	0.394757	1.466420	1.861180
30.937500	104.478000	0.431472	1.411545	1.843020
36.562500	104.478000	0.401798	1.489899	1.891700
42.187500	104.478000	0.408653	1.478951	1.887610
47.812500	104.478000	0.374877	1.513649	1.888520
53.437500	104.478000	0.394957	1.421656	1.816610
59.062500	104.478000	0.393626	1.363931	1.757560
64.687500	104.478000	0.448322	1.442432	1.890760
70.312500	104.478000	0.401095	1.433599	1.834690
75.937500	104.478000	0.398098	1.469485	1.867580
81.562500	104.478000	0.403879	1.454850	1.858730
87.187500	104.478000	0.377906	1.471261	1.849170
92.812500	104.478000	0.435599	1.459928	1.895530
98.437500	104.478000	0.413392	1.483814	1.897200
104.062000	104.478000	0.440478	1.482944	1.923420
109.688000	104.478000	0.402315	1.516398	1.918710
115.312000	104.478000	0.415248	1.465843	1.881090
120.938000	104.478000	0.399238	1.520548	1.919780
126.562000	104.478000	0.388972	1.484278	1.873250
132.188000	104.478000	0.383024	1.449897	1.832920
137.812000	104.478000	0.396517	1.470525	1.867050
143.437000	104.478000	0.440865	1.497884	1.938750
149.062000	104.478000	0.394873	1.413513	1.808380
154.688000	104.478000	0.402216	1.452577	1.854790
160.312000	104.478000	0.405938	1.411070	1.817010
165.938000	104.478000	0.410115	1.564362	1.974480
171.562000	104.478000	0.333672	1.451683	1.785350
177.188000	104.478000	0.407765	1.436936	1.844700
182.812000	104.478000	0.437027	1.454070	1.891090
188.438000	104.478000	0.398366	1.438112	1.836480
194.062000	104.478000	0.402125	1.469236	1.871360
199.687000	104.478000	0.428778	1.462371	1.891150
205.312000	104.478000	0.416812	1.426169	1.842980
210.938000	104.478000	0.384289	1.429946	1.814230
216.562000	104.478000	0.424824	1.470277	1.895100
222.188000	104.478000	0.403305	1.399274	1.802580
227.812000	104.478000	0.426091	1.515075	1.941160
233.438000	104.478000	0.447724	1.467619	1.915350
239.062000	104.478000	0.412614	1.410346	1.822960
244.687000	104.478000	0.420775	1.524405	1.945180
250.312000	104.478000	0.444142	1.484855	1.928990
255.937000	104.478000	0.377233	1.459091	1.836320
261.562000	104.478000	0.408901	1.463468	1.872370
267.188000	104.478000	0.396889	1.410007	1.806890
272.812000	104.478000	0.379765	1.374506	1.754270
278.438000	104.478000	0.397826	1.459849	1.857680
284.062000	104.478000	0.372176	1.404149	1.776330
289.688000	104.478000	0.423117	1.428996	1.852120
295.312000	104.478000	0.367606	1.449693	1.817300
300.938000	104.478000	0.376097	1.434176	1.810270
306.562000	104.478000	0.415460	1.429901	1.845360
312.187000	104.478000	0.399456	1.500270	1.899720
317.812000	104.478000	0.407446	1.373036	1.780480
323.438000	104.478000	0.376874	1.435454	1.812330
329.062000	104.478000	0.417294	1.459091	1.876390
334.688000	104.478000	0.384777	1.448279	1.833060
340.312000	104.478000	0.393099	1.470706	1.863800
345.938000	104.478000	0.392255	1.477752	1.870010
351.562000	104.478000	0.381144	1.473285	1.854430
357.187000	104.478000	0.391646	1.477187	1.868840
0.000000	106.958000	0.398970	1.632402	2.031370
5.625000	106.958000	0.355989	1.701368	2.057360
11.250000	106.958000	0.344427	1.661852	2.006280
16.875000	106.958000	0.353694	1.658335	2.012030
22.500000	106.958000	0.358470	1.624213	1.982690
28.125000	106.958000	0.363784	1.550338	1.914120
33.750000	106.958000	0.375993	1.557984	1.933980
39.375000	106.958000	0.361182	1.514464	1.875640
45.000000	106.958000	0.337844	1.536687	1.874530
50.625000	106.958000	0.347810	1.545057	1.892860
56.250000	106.958000	0.353174	1.569667	1.922840
61.875000	106.958000	0.338197	1.644503	1.982700
67.500000	106.958000	0.342067	1.595170	1.937240
73.125000	106.958000	0.363840	1.475977	1.839820
78.750000	106.958000	0.361674	1.553143	1.914820
84.375000	106.958000	0.355604	1.629665	1.985260
90.000000	106.958000	0.348799	1.578375	1.927170
95.625000	106.958000	0.401653	1.610732	2.012390
101.250000	106.958000	0.329977	1.604636	1.934610
106.875000	106.958000	0.349134	1.594367	1.943500
112.500000	106.958000	0.327068	1.723615	2.050690
118.125000	106.958000	0.383279	1.611286	1.994560
123.750000	106.958000	0.328205	1.603698	1.931900
129.375000	106.958000	0.331063	1.588407	1.919470
135.000000	106.958000	0.340863	1.564351	1.905210
140.625000	106.958000	0.384777	1.611841	1.996610
146.250000	106.958000	0.354674	1.535161	1.889840
151.875000	106.958000	0.358193	1.528861	1.887050
157.500000	106.958000	0.332424	1.585421	1.917840
163.125000	106.958000	0.345761	1.604783	1.950550
168.750000	106.958000	0.300785	1.689097	1.989890
174.375000	106.958000	0.315426	1.587400	1.902820
180.000000	106.958000	0.370855	1.543270	1.914120
185.625000	106.958000	0.322821	1.508526	1.831350
191.250000	106.958000	0.330672	1.533475	1.864140
196.875000	106.958000	0.328932	1.596324	1.925260
202.500000	106.958000	0.383662	1.551809	1.935470
208.125000	106.958000	0.369803	1.561184	1.930990
213.750000	106.958000	0.379249	1.655168	2.034410
219.375000	106.958000	0.363605	1.656163	2.019760
225.000000	106.958000	0.352562	1.507248	1.859810
230.625000	106.958000	0.364940	1.565550	1.930490
236.250000	106.958000	0.350390	1.609624	1.960020
241.875000	106.958000	0.361441	1.601187	1.962630
247.500000	106.958000	0.375399	1.592173	1.967570
253.125000	106.958000	0.367554	1.591641	1.959190
258.750000	106.958000	0.316558	1.513457	1.830010
264.375000	106.958000	0.332573	1.607769	1.940340
270.000000	106.958000	0.411203	1.631723	2.042930
275.625000	106.958000	0.346612	1.600768	1.947380
281.250000	106.958000	0.333592	1.578239	1.911840
286.875000	106.958000	0.383942	1.513785	1.897730
292.500000	106.958000	0.367017	1.551085	1.918100
298.125000	106.958000	0.322815	1.569780	1.892600
303.750000	106.958000	0.356535	1.498800	1.855330
309.375000	106.958000	0.316786	1.559771	1.876560
315.000000	106.958000	0.359670	1.573670	1.933350
320.625000	106.958000	0.349105	1.600124	1.949220
326.250000	106.958000	0.350333	1.646618	1.996960
331.875000	106.958000	0.381317	1.643406	2.024720
337.500000	106.958000	0.366185	1.508560	1.874750
343.125000	106.958000	0.367514	1.589696	1.957210
348.750000	106.958000	0.402155	1.589866	1.992030
354.375000	106.958000	0.352389	1.602159	1.954550
2.812500	109.471000	0.297676	1.771082	2.068750
8.437500	109.471000	0.330240	1.775617	2.105860
14.062500	109.471000	0.297161	1.738363	2.035520
19.687500	109.471000	0.306182	1.737164	2.043350
25.312500	109.471000	0.300826	1.807872	2.108700
30.937500	109.471000	0.296068	1.740613	2.036690
36.562500	109.471000	0.296531	1.741190	2.037730
42.187500	109.471000	0.289551	1.618581	1.908130
47.812500	109.471000	0.317017	1.700498	2.017510
53.437500	109.471000	0.315659	1.746947	2.062610
59.062500	109.471000	0.313307	1.693961	2.007260
64.687500	109.471000	0.330775	1.766354	2.097130
70.312500	109.471000	0.287735	1.720233	2.007970
75.937500	109.471000	0.307970	1.697308	2.005280
81.562500	109.471000	0.303998	1.717349	2.021340
87.187500	109.471000	0.295861	1.800351	2.096210
92.812500	109.471000	0.318256	1.791360	2.109620
98.437500	109.471000	0.283158	1.705779	1.988940
104.062000	109.471000	0.323372	1.844323	2.167690
109.688000	109.471000	0.281137	1.811491	2.092620
115.312000	109.471000	0.323663	1.763414	2.087080
120.938000	109.471000	0.310749	1.733703	2.044450
126.562000	109.471000	0.307425	1.887753	2.195180
132.188000	109.471000	0.309935	1.815416	2.125350
137.812000	109.471000	0.341105	1.844504	2.185610
143.437000	109.471000	0.321501	1.718593	2.040090
149.062000	109.471000	0.299438	1.801494	2.100930
154.688000	109.471000	0.317787	1.845364	2.163150
160.312000	109.471000	0.303148	1.740048	2.043190
165.938000	109.471000	0.281122	1.694662	1.975790
171.562000	109.471000	0.296404	1.682436	1.978840
177.188000	109.471000	0.281146	1.722077	2.003220
182.812000	109.471000	0.279269	1.720244	1.999510
188.438000	109.471000	0.292833	1.669882	1.962720
194.062000	109.471000	0.295252	1.656084	1.951340
199.687000	109.471000	0.312269	1.672065	1.984340
205.312000	109.471000	0.297277	1.664691	1.961960
210.938000	109.471000	0.298532	1.657430	1.955960
216.562000	109.471000	0.295692	1.751697	2.047380
222.188000	109.471000	0.316026	1.773751	2.089780
227.812000	109.471000	0.295724	1.772280	2.068000
233.438000	109.471000	0.297071	1.816886	2.113960
239.062000	109.471000	0.357806	1.775877	2.133680
244.687000	109.471000	0.334378	1.755225	2.089600
250.312000	109.471000	0.307609	1.760349	2.067960
255.937000	109.471000	0.332538	1.742875	2.075410
261.562000	109.471000	0.325062	1.770969	2.096030
267.188000	109.471000	0.293820	1.771873	2.065690
272.812000	109.471000	0.343784	1.686044	2.029830
278.438000	109.471000	0.311214	1.685852	1.997070
284.062000	109.471000	0.287947	1.697444	1.985390
289.688000	109.471000	0.295756	1.751527	2.047280
295.312000	109.471000	0.270119	1.725662	1.995780
300.938000	109.471000	0.304969	1.665618	1.970590
306.562000	109.471000	0.310462	1.692864	2.003330
312.187000	109.471000	0.329335	1.625786	1.955120
317.812000	109.471000	0.307212	1.687978	1.995190
323.438000	109.471000	0.286831	1.719950	2.006790
329.062000	109.471000	0.307059	1.748892	2.055950
334.688000	109.471000	0.312201	1.805079	2.117280
340.312000	109.471000	0.299343	1.766467	2.065810
345.938000	109.471000	0.286543	1.803710	2.090250
351.562000	109.471000	0.298505	1.773197	2.071700
357.187000	109.471000	0.275825	1.772744	2.048570
0.000000	112.024000	0.300070	1.851177	2.151250
5.625000	112.024000	0.271482	1.893396	2.164880
11.250000	112.024000	0.263804	1.940920	2.204720
16.875000	112.024000	0.251668	1.892175	2.143850
22.500000	112.024000	0.247889	1.926557	2.174450
28.125000	112.024000	0.239900	1.869114	2.109010
33.750000	112.024000	0.273349	1.805678	2.079030
39.375000	112.024000	0.255195	1.866909	2.122100
45.000000	112.024000	0.245761	1.859207	2.104970
50.625000	112.024000	0.247494	1.874057	2.121550
56.250000	112.024000	0.242464	1.789890	2.032360
61.875000	112.024000	0.231903	1.745228	1.977130
67.500000	112.024000	0.263703	1.865009	2.128710
73.125000	112.024000	0.238663	1.850114	2.088780
78.750000	112.024000	0.283519	1.817893	2.101410
84.375000	112.024000	0.272472	1.866434	2.138900
90.000000	112.024000	0.236159	1.927801	2.163960
95.625000	112.024000	0.254341	1.864489	2.118830
101.250000	112.024000	0.232329	1.862238	2.094570
106.875000	112.024000	0.284735	1.940162	2.224900
112.500000	112.024000	0.273092	2.004356	2.277450
118.125000	112.024000	0.279122	1.956821	2.235940
123.750000	112.024000	0.257293	1.888115	2.145400
129.375000	112.024000	0.263215	1.858596	2.121810
135.000000	112.024000	0.242335	1.927982	2.170320
140.625000	112.024000	0.273777	1.856334	2.130110
146.250000	112.024000	0.267082	1.967566	2.234650
151.875000	112.024000	0.252076	1.824373	2.076450
157.500000	112.024000	0.270757	1.796800	2.067560
163.125000	112.024000	0.268456	1.879146	2.147610
168.750000	112.024000	0.235275	1.808223	2.043500
174.375000	112.024000	0.259606	1.869748	2.129350
180.000000	112.024000	0.255848	1.846065	2.101920
185.625000	112.024000	0.232470	1.783138	2.015610
191.250000	112.024000	0.255255	1.863674	2.118930
196.875000	112.024000	0.250724	1.875018	2.125740
202.500000	112.024000	0.280781	1.911198	2.191980
208.125000	112.024000	0.223648	1.921467	2.145110
213.750000	112.024000	0.243435	1.929327	2.172760
219.375000	112.024000	0.228675	1.795522	2.024190
225.000000	112.024000	0.207542	1.931544	2.139090
230.625000	112.024000	0.287944	1.894403	2.182340
236.250000	112.024000	0.272187	1.889789	2.161980
241.875000	112.024000	0.261046	1.899074	2.160110
247.500000	112.024000	0.237107	1.894199	2.131310
253.125000	112.024000	0.267911	1.835909	2.103820
258.750000	112.024000	0.253277	1.957647	2.210930
264.375000	112.024000	0.245083	1.841032	2.086120
270.000000	112.024000	0.276445	1.886746	2.163190
275.625000	112.024000	0.275911	1.921546	2.197460
281.250000	112.024000	0.238442	1.839585	2.078020
286.875000	112.024000	0.230430	1.796721	2.027150
292.500000	112.024000	0.244069	1.855407	2.099480
298.125000	112.024000	0.229055	1.882109	2.111160
303.750000	112.024000	0.266780	1.839381	2.106160
309.375000	112.024000	0.234218	1.838804	2.073020
315.000000	112.024000	0.257907	1.885321	2.143220
320.625000	112.024000	0.241516	1.867271	2.108780
326.250000	112.024000	0.263711	1.835230	2.098950
331.875000	112.024000	0.274950	1.913969	2.188920
337.500000	112.024000	0.266160	1.906086	2.172250
343.125000	112.024000	0.252947	1.868391	2.121330
348.750000	112.024000	0.247249	1.900171	2.147420
354.375000	112.024000	0.237699	1.907963	2.145660
2.812500	114.624000	0.203187	2.087155	2.290340
8.437500	114.624000	0.227054	2.107297	2.334350
14.062500	114.624000	0.210492	2.102807	2.313300
19.687500	114.624000	0.219538	2.032947	2.252490
25.312500	114.624000	0.196466	2.051902	2.248370
30.937500	114.624000	0.217975	2.059751	2.277730
36.562500	114.624000	0.185287	2.050896	2.236180
42.187500	114.624000	0.210553	1.999086	2.209640
47.812500	114.624000	0.203110	2.039891	2.243010
53.437500	114.624000	0.226189	1.958326	2.184520
59.062500	114.624000	0.215112	1.956030	2.171150
64.687500	114.624000	0.210207	1.928129	2.138340
70.312500	114.624000	0.205323	2.107897	2.313220
75.937500	114.624000	0.237655	2.046259	2.283920
81.562500	114.624000	0.201214	2.008767	2.209980
87.187500	114.624000	0.198913	1.999674	2.198580
92.812500	114.624000	0.218340	1.908303	2.126650
98.437500	114.624000	0.215759	1.977518	2.193280
104.062000	114.624000	0.243708	2.008790	2.252500
109.688000	114.624000	0.203994	2.080278	2.284270
115.312000	114.624000	0.246505	2.089123	2.335630
120.938000	114.624000	0.209409	2.035368	2.244780
126.562000	114.624000	0.228634	2.056517	2.285150
132.188000	114.624000	0.200539	2.034033	2.234570
137.812000	114.624000	0.212777	2.027496	2.240270
143.437000	114.624000	0.215275	1.991226	2.206500
149.062000	114.624000	0.226733	2.111165	2.337890
154.688000	114.624000	0.227410	1.968142	2.195550
160.312000	114.624000	0.207396	1.924046	2.131450
165.938000	114.624000	0.214037	2.011187	2.225220
171.562000	114.624000	0.229348	1.909015	2.138370
177.188000	114.624000	0.214366	1.968018	2.182390
182.812000	114.624000	0.202242	2.010350	2.212600
188.438000	114.624000	0.221760	2.053644	2.275410
194.062000	114.624000	0.165581	2.035073	2.200650
199.687000	114.624000	0.214880	2.029826	2.244710
205.312000	114.624000	0.227380	2.100783	2.328160
210.938000	114.624000	0.205007	1.982314	2.187320
216.562000	114.624000	0.218876	2.032382	2.251260
222.188000	114.624000	0.203978	2.070857	2.274830
227.812000	114.624000	0.219775	2.024397	2.244170
233.438000	114.624000	0.218125	2.141181	2.359300
239.062000	114.624000	0.212142	2.066820	2.278960
244.687000	114.624000	0.230522	2.178730	2.409250
250.312000	114.624000	0.232242	1.998023	2.230260
255.937000	114.624000	0.220384	2.015428	2.235810
261.562000	114.624000	0.219511	2.091577	2.311080
267.188000	114.624000	0.212079	2.030911	2.242990
272.812000	114.624000	0.217277	2.023786	2.241070
278.438000	114.624000	0.202541	2.002784	2.205330
284.062000	114.624000	0.209445	2.002626	2.212070
289.688000	114.624000	0.151648	1.967554	2.119200
295.312000	114.624000	0.199827	2.001551	2.201380
300.938000	114.624000	0.247351	1.949368	2.196720
306.562000	114.624000	0.227266	1.968968	2.196230
312.187000	114.624000	0.232208	1.896405	2.128610
317.812000	114.624000	0.222408	2.018120	2.240530
323.438000	114.624000	0.218186	1.991768	2.209960
329.062000	114.624000	0.201478	2.058699	2.260170
334.688000	114.624000	0.228002	2.078967	2.306970
340.312000	114.624000	0.211620	1.958970	2.170590
345.938000	114.624000	0.221680	2.090649	2.312330
351.562000	114.624000	0.193313	2.045230	2.238550
357.187000	114.624000	0.199492	2.031160	2.230650
0.000000	117.280000	0.174794	2.237857	2.412650
5.625000	117.280000	0.150804	2.277045	2.427850
11.250000	117.280000	0.171392	2.212512	2.383900
16.875000	117.280000	0.142354	2.158666	2.301020
22.500000	117.280000	0.173183	2.219162	2.392340
28.125000	117.280000	0.200626	2.175529	2.376150
33.750000	117.280000	0.170553	2.172973	2.343520
39.375000	117.280000	0.160552	2.207954	2.368510
45.000000	117.280000	0.149589	2.144574	2.294160
50.625000	117.280000	0.176062	2.160544	2.336610
56.250000	117.280000	0.172481	2.178481	2.350960
61.875000	117.280000	0.156144	2.143918	2.300060
67.500000	117.280000	0.156402	2.158949	2.315360
73.125000	117.280000	0.163448	2.145762	2.309210
78.750000	117.280000	0.160613	2.178537	2.339160
84.375000	117.280000	0.167367	2.138388	2.305750
90.000000	117.280000	0.183090	2.247255	2.430340
95.625000	117.280000	0.181909	2.259854	2.441760
101.250000	117.280000	0.165300	2.148601	2.313900
106.875000	117.280000	0.172640	2.270927	2.443570
112.500000	117.280000	0.143430	2.165531	2.308960
118.125000	117.280000	0.185775	2.260148	2.445930
123.750000	117.280000	0.175304	2.308871	2.484180
129.375000	117.280000	0.167335	2.287326	2.454660
135.000000	117.280000	0.153892	2.158270	2.312160
140.625000	117.280000	0.190009	2.209503	2.399510
146.250000	117.280000	0.163142	2.184566	2.347710
151.875000	117.280000	0.173581	2.182858	2.356440
157.500000	117.280000	0.159138	2.145332	2.304460
163.125000	117.280000	0.197069	2.106969	2.304040
168.750000	117.280000	0.169045	2.177203	2.346250
174.375000	117.280000	0.151693	2.190356	2.342050
180.000000	117.280000	0.188369	2.145536	2.333900
185.625000	117.280000	0.166764	2.098781	2.265550
191.250000	117.280000	0.150787	2.025392	2.176180
196.875000	117.280000	0.170285	2.187235	2.357510
202.500000	117.280000	0.170238	2.166866	2.337100
208.125000	117.280000	0.162688	2.164445	2.327140
213.750000	117.280000	0.170558	2.146791	2.317350
219.375000	117.280000	0.176675	2.178537	2.355210
225.000000	117.280000	0.168326	2.225744	2.394070
230.625000	117.280000	0.160398	2.279171	2.439570
236.250000	117.280000	0.185894	2.247165	2.433060
241.875000	117.280000	0.156039	2.306337	2.462380
247.500000	117.280000	0.173144	2.200071	2.373220
253.125000	117.280000	0.186251	2.198544	2.384800
258.750000	117.280000	0.156289	2.302933	2.459220
264.375000	117.280000	0.179310	2.195174	2.374490
270.000000	117.280000	0.191239	2.077892	2.269140
275.625000	117.280000	0.174536	2.217805	2.392340
281.250000	117.280000	0.150958	2.192923	2.343880
286.875000	117.280000	0.161449	2.068743	2.230190
292.500000	117.280000	0.162227	2.237269	2.399500
298.125000	117.280000	0.169516	2.136454	2.305970
303.750000	117.280000	0.175950	2.074115	2.250070
309.375000	117.280000	0.165363	2.098397	2.263760
315.000000	117.280000	0.172876	2.232485	2.405370
320.625000	117.280000	0.157409	2.120032	2.277440
326.250000	117.280000	0.177063	2.211064	2.388130
331.875000	117.280000	0.192079	2.217443	2.409520
337.500000	117.280000	0.167321	2.116096	2.283420
343.125000	117.280000	0.163127	2.194088	2.357220
348.750000	117.280000	0.174252	2.258690	2.432950
354.375000	117.280000	0.162242	2.256699	2.418940
2.812500	120.000000	0.131203	2.326729	2.457940
8.437500	120.000000	0.106608	2.378708	2.485320
14.062500	120.000000	0.126400	2.420950	2.547350
19.687500	120.000000	0.135741	2.358509	2.494250
25.312500	120.000000	0.131168	2.443920	2.575090
30.937500	120.000000	0.129087	2.265362	2.394450
36.562500	120.000000	0.138695	2.242426	2.381120
42.187500	120.000000	0.123151	2.293908	2.417060
47.812500	120.000000	0.148685	2.299461	2.448150
53.437500	120.000000	0.153884	2.237111	2.391000
59.062500	120.000000	0.134617	2.272861	2.407480
64.687500	120.000000	0.146545	2.250807	2.397350
70.312500	120.000000	0.126661	2.348240	2.474900
75.937500	120.000000	0.114090	2.238988	2.353080
81.562500	120.000000	0.102837	2.262094	2.364930
87.187500	120.000000	0.153587	2.302175	2.455760
92.812500	120.000000	0.137207	2.395956	2.533160
98.437500	120.000000	0.126491	2.361687	2.488180
104.062000	120.000000	0.143395	2.403443	2.546840
109.688000	120.000000	0.160434	2.370803	2.531240
115.312000	120.000000	0.132522	2.359912	2.492440
120.938000	120.000000	0.124552	2.396216	2.520770
126.562000	120.000000	0.128229	2.393230	2.521450
132.188000	120.000000	0.128126	2.421516	2.549640
137.812000	120.000000	0.148104	2.406530	2.554630
143.437000	120.000000	0.129332	2.275360	2.404700
149.062000	120.000000	0.142119	2.322454	2.464570
154.688000	120.000000	0.143640	2.335019	2.478660
160.312000	120.000000	0.146399	2.258441	2.404840
165.938000	120.000000	0.126223	2.301666	2.427890
171.562000	120.000000	0.139077	2.326865	2.465940
177.188000	120.000000	0.153379	2.402459	2.555830
182.812000	120.000000	0.140474	2.274331	2.414810
188.438000	120.000000	0.123676	2.314390	2.438070
194.062000	120.000000	0.149308	2.276333	2.425640
199.687000	120.000000	0.120073	2.308667	2.428740
205.312000	120.000000	0.131036	2.266866	2.397900
210.938000	120.000000	0.128464	2.282530	2.411000
216.562000	120.000000	0.126598	2.269637	2.396230
222.188000	120.000000	0.149191	2.323132	2.472320
227.812000	120.000000	0.137357	2.438164	2.575520
233.438000	120.000000	0.159074	2.450616	2.609700
239.062000	120.000000	0.136285	2.388819	2.525100
244.687000	120.000000	0.147732	2.460681	2.608420
250.312000	120.000000	0.118544	2.416008	2.534550
255.937000	120.000000	0.141919	2.404517	2.546440
261.562000	120.000000	0.131047	2.341307	2.472360
267.188000	120.000000	0.151448	2.315838	2.467290
272.812000	120.000000	0.124351	2.412852	2.537200
278.438000	120.000000	0.137489	2.339554	2.477040
284.062000	120.000000	0.142451	2.357310	2.499760
289.688000	120.000000	0.127570	2.317229	2.444790
295.312000	120.000000	0.153141	2.264220	2.417360
300.938000	120.000000	0.115391	2.330529	2.445920
306.562000	120.000000	0.127061	2.261641	2.388710
312.187000	120.000000	0.150006	2.411269	2.561270
317.812000	120.000000	0.138826	2.349914	2.488740
323.438000	120.000000	0.130757	2.395967	2.526720
329.062000	120.000000	0.142716	2.386195	2.528910
334.688000	120.000000	0.131661	2.314435	2.446100
340.312000	120.000000	0.137677	2.421957	2.559630
345.938000	120.000000	0.143876	2.438537	2.582420
351.562000	120.000000	0.118601	2.410568	2.529170
357.187000	120.000000	0.123396	2.343015	2.466410
0.000000	122.797000	0.119440	2.622139	2.741570
5.625000	122.797000	0.112770	2.549859	2.662620
11.250000	122.797000	0.088247	2.554744	2.642990
16.875000	122.797000	0.098159	2.444158	2.542320
22.500000	122.797000	0.105397	2.531514	2.636910
28.125000	122.797000	0.099572	2.495549	2.595120
33.750000	122.797000	0.083862	2.479184	2.563040
39.375000	122.797000	0.105458	2.530010	2.635470
45.000000	122.797000	0.103805	2.405931	2.509740
50.625000	122.797000	0.096378	2.519786	2.616160
56.250000	122.797000	0.100278	2.480564	2.580840
61.875000	122.797000	0.075205	2.517287	2.592500
67.500000	122.797000	0.093432	2.477770	2.571210
73.125000	122.797000	0.108702	2.515567	2.624270
78.750000	122.797000	0.110497	2.402696	2.513200
84.375000	122.797000	0.103740	2.533652	2.637400
90.000000	122.797000	0.098814	2.431819	2.530630
95.625000	122.797000	0.107433	2.479275	2.586700
101.250000	122.797000	0.102137	2.495685	2.597830
106.875000	122.797000	0.095304	2.535439	2.630750
112.500000	122.797000	0.095025	2.642406	2.737430
118.125000	122.797000	0.097094	2.518565	2.615660
123.750000	122.797000	0.113376	2.604801	2.718180
129.375000	122.797000	0.100455	2.543774	2.644230
135.000000	122.797000	0.116839	2.482532	2.599370
140.625000	122.797000	0.127300	2.537045	2.664340
146.250000	122.797000	0.107439	2.501125	2.608560
151.875000	122.797000	0.105571	2.612028	2.717600
157.500000	122.797000	0.110377	2.424230	2.534610
163.125000	122.797000	0.107906	2.457910	2.565820
168.750000	122.797000	0.092974	2.493525	2.586490
174.375000	122.797000	0.109965	2.456056	2.566030
180.000000	122.797000	0.103103	2.472477	2.575590
185.625000	122.797000	0.103973	2.438458	2.542430
191.250000	122.797000	0.099102	2.584285	2.683390
196.875000	122.797000	0.095675	2.488752	2.584430
202.500000	122.797000	0.089047	2.607764	2.696810
208.125000	122.797000	0.111119	2.576798	2.687920
213.750000	122.797000	0.102862	2.580565	2.683420
219.375000	122.797000	0.113345	2.532713	2.646060
225.000000	122.797000	0.107190	2.518372	2.625560
230.625000	122.797000	0.103841	2.645268	2.749110
236.250000	122.797000	0.100692	2.578585	2.679280
241.875000	122.797000	0.089067	2.556509	2.645580
247.500000	122.797000	0.094145	2.642723	2.736870
253.125000	122.797000	0.108398	2.424829	2.533230
258.750000	122.797000	0.104554	2.562525	2.667080
264.375000	122.797000	0.087756	2.601612	2.689370
270.000000	122.797000	0.102415	2.434805	2.537220
275.625000	122.797000	0.114486	2.517083	2.631570
281.250000	122.797000	0.099387	2.432724	2.532110
286.875000	122.797000	0.097306	2.453307	2.550610
292.500000	122.797000	0.092844	2.469684	2.562530
298.125000	122.797000	0.102414	2.526617	2.629030
303.750000	122.797000	0.096559	2.350615	2.447180
309.375000	122.797000	0.103484	2.506463	2.609950
315.000000	122.797000	0.091149	2.517004	2.608160
320.625000	122.797000	0.104683	2.472093	2.576780
326.250000	122.797000	0.096775	2.390968	2.487740
331.875000	122.797000	0.102371	2.484273	2.586640
337.500000	122.797000	0.124181	2.573077	2.697260
343.125000	122.797000	0.112789	2.603003	2.715790
348.750000	122.797000	0.107702	2.547676	2.655380
354.375000	122.797000	0.089988	2.631504	2.721490
2.812500	125.685000	0.085997	2.761656	2.847650
8.437500	125.685000	0.078402	2.776800	2.855200
14.062500	125.685000	0.071838	2.712809	2.784650
19.687500	125.685000	0.089191	2.654802	2.744000
25.312500	125.685000	0.082992	2.618520	2.701510
30.937500	125.685000	0.072259	2.668645	2.740900
36.562500	125.685000	0.080611	2.697439	2.778040
42.187500	125.685000	0.075592	2.645053	2.720650
47.812500	125.685000	0.078357	2.650583	2.728950
53.437500	125.685000	0.077585	2.651578	2.729160
59.062500	125.685000	0.072084	2.634885	2.706970
64.687500	125.685000	0.064829	2.628484	2.693310
70.312500	125.685000	0.071987	2.614788	2.686770
75.937500	125.685000	0.077474	2.639647	2.717120
81.562500	125.685000	0.073386	2.745234	2.818620
87.187500	125.685000	0.080485	2.662707	2.743190
92.812500	125.685000	0.072431	2.675770	2.748200
98.437500	125.685000	0.080897	2.719753	2.800640
104.062000	125.685000	0.072088	2.661339	2.733420
109.688000	125.685000	0.087353	2.615025	2.702380
115.312000	125.685000	0.070905	2.586265	2.657170
120.938000	125.685000	0.068881	2.708930	2.777810
126.562000	125.685000	0.091036	2.646161	2.737200
132.188000	125.685000	0.076491	2.702495	2.778990
137.812000	125.685000	0.085423	2.702891	2.788320
143.437000	125.685000	0.074268	2.694917	2.769190
149.062000	125.685000	0.073064	2.549859	2.622920
154.688000	125.685000	0.071073	2.627624	2.698690
160.312000	125.685000	0.073929	2.595753	2.669680
165.938000	125.685000	0.066762	2.631232	2.697990
171.562000	125.685000	0.076801	2.751330	2.828130
177.188000	125.685000	0.082541	2.626346	2.708880
182.812000	125.685000	0.083013	2.649633	2.732650
188.438000	125.685000	0.057662	2.539227	2.596890
194.062000	125.685000	0.066002	2.698378	2.764380
199.687000	125.685000	0.070754	2.656012	2.726760
205.312000	125.685000	0.079043	2.683969	2.763010
210.938000	125.685000	0.104012	2.749521	2.853530
216.562000	125.685000	0.069889	2.640540	2.710430
222.188000	125.685000	0.068850	2.788313	2.857170
227.812000	125.685000	0.062224	2.745517	2.807740
233.438000	125.685000	0.083997	2.572670	2.656660
239.062000	125.685000	0.075974	2.753717	2.829690
244.687000	125.685000	0.066639	2.729989	2.796620
250.312000	125.685000	0.062434	2.727919	2.790350
255.937000	125.685000	0.069411	2.810107	2.879520
261.562000	125.685000	0.077695	2.652969	2.730660
267.188000	125.685000	0.070007	2.604971	2.674980
272.812000	125.685000	0.090402	2.705560	2.795960
278.438000	125.685000	0.065904	2.701680	2.767590
284.062000	125.685000	0.075850	2.691898	2.767750
289.688000	125.685000	0.078864	2.728292	2.807160
295.312000	125.685000	0.055931	2.654202	2.710130
300.938000	125.685000	0.073612	2.688154	2.761760
306.562000	125.685000	0.084320	2.659269	2.743590
312.187000	125.685000	0.067394	2.702845	2.770240
317.812000	125.685000	0.067260	2.596851	2.664110
323.438000	125.685000	0.080925	2.685485	2.766410
329.062000	125.685000	0.087503	2.644340	2.731850
334.688000	125.685000	0.084589	2.717254	2.801840
340.312000	125.685000	0.093633	2.613261	2.706900
345.938000	125.685000	0.072661	2.732364	2.805020
351.562000	125.685000	0.083672	2.727580	2.811250
357.187000	125.685000	0.079910	2.662051	2.741960
0.000000	128.682000	0.053532	2.841084	2.894620
5.625000	128.682000	0.057211	3.009667	3.066880
11.250000	128.682000	0.049152	2.802111	2.851260
16.875000	128.682000	0.043746	2.872842	2.916590
22.500000	128.682000	0.053426	2.913274	2.966700
28.125000	128.682000	0.055402	2.879108	2.934510
33.750000	128.682000	0.046531	2.840213	2.886750
39.375000	128.682000	0.040021	2.883948	2.923970
45.000000	128.682000	0.035527	2.800279	2.835810
50.625000	128.682000	0.050444	2.835859	2.886300
56.250000	128.682000	0.053554	2.746840	2.800400
61.875000	128.682000	0.046340	2.885916	2.932250
67.500000	128.682000	0.055414	2.824040	2.879460
73.125000	128.682000	0.054520	2.723927	2.778450
78.750000	128.682000	0.055836	2.837329	2.893170
84.375000	128.682000	0.049828	2.724334	2.774160
90.000000	128.682000	0.040258	2.701183	2.741440
95.625000	128.682000	0.043683	2.883292	2.926980
101.250000	128.682000	0.058102	2.808614	2.866710
106.875000	128.682000	0.052479	2.873034	2.925510
112.500000	128.682000	0.050603	2.937443	2.988050
118.125000	128.682000	0.045426	2.854905	2.900330
123.750000	128.682000	0.049837	2.956794	3.006630
129.375000	128.682000	0.059148	2.889388	2.948530
135.000000	128.682000	0.050121	2.914654	2.964780
140.625000	128.682000	0.051417	2.827829	2.879250
146.250000	128.682000	0.062000	2.719131	2.781140
151.875000	128.682000	0.069138	2.830385	2.899530
157.500000	128.682000	0.045583	2.847780	2.893360
163.125000	128.682000	0.058405	2.757720	2.816130
168.750000	128.682000	0.055837	2.675804	2.731640
174.375000	128.682000	0.054592	2.915174	2.969770
180.000000	128.682000	0.045338	2.741095	2.786430
185.625000	128.682000	0.039630	2.820614	2.860250
191.250000	128.682000	0.057218	2.851433	2.908650
196.875000	128.682000	0.053126	2.880827	2.933950
202.500000	128.682000	0.052794	2.788132	2.840920
208.125000	128.682000	0.050961	2.798616	2.849580
213.750000	128.682000	0.049704	2.897588	2.947300
219.375000	128.682000	0.057764	2.918081	2.975850
225.000000	128.682000	0.045588	2.799114	2.844700
230.625000	128.682000	0.047824	2.840236	2.888060
236.250000	128.682000	0.044576	2.780012	2.824580
241.875000	128.682000	0.050580	2.949658	3.000230
247.500000	128.682000	0.047747	2.995598	3.043340
253.125000	128.682000	0.048304	2.897260	2.945560
258.750000	128.682000	0.048408	2.958864	3.007270
264.375000	128.682000	0.059210	2.831290	2.890500
270.000000	128.682000	0.058610	2.874844	2.933460
275.625000	128.682000	0.053259	2.818318	2.871580
281.250000	128.682000	0.051411	2.838913	2.890320
286.875000	128.682000	0.049146	2.685078	2.734220
292.500000	128.682000	0.050098	2.884412	2.934510
298.125000	128.682000	0.055186	2.829514	2.884700
303.750000	128.682000	0.043459	2.896954	2.940410
309.375000	128.682000	0.048774	2.842928	2.891700
315.000000	128.682000	0.045282	2.847124	2.892400
320.625000	128.682000	0.047884	2.831154	2.879040
326.250000	128.682000	0.038568	2.920897	2.959460
331.875000	128.682000	0.055282	2.772954	2.828240
337.500000	128.682000	0.055961	2.893494	2.949450
343.125000	128.682000	0.052699	2.925772	2.978470
348.750000	128.682000	0.038715	2.895959	2.934670
354.375000	128.682000	0.052082	2.809621	2.861700
2.812500	131.810000	0.039828	3.089966	3.129790
8.437500	131.810000	0.035068	3.053391	3.088460
14.062500	131.810000	0.035152	3.185239	3.220390
19.687500	131.810000	0.027256	3.116397	3.143650
25.312500	131.810000	0.032008	2.948459	2.980460
30.937500	131.810000	0.030238	2.996310	3.026550
36.562500	131.810000	0.031236	2.943856	2.975090
42.187500	131.810000	0.047640	3.048199	3.095840
47.812500	131.810000	0.033332	3.088756	3.122090
53.437500	131.810000	0.043060	3.075003	3.118060
59.062500	131.810000	0.043340	3.067222	3.110560
64.687500	131.810000	0.034503	2.945597	2.980100
70.312500	131.810000	0.039496	2.983745	3.023250
75.937500	131.810000	0.043548	3.041922	3.085470
81.562500	131.810000	0.022391	3.009758	3.032150
87.187500	131.810000	0.039098	3.022006	3.061100
92.812500	131.810000	0.036942	3.010900	3.047840
98.437500	131.810000	0.025098	3.170118	3.195210
104.062000	131.810000	0.035142	3.061703	3.096850
109.688000	131.810000	0.037389	3.149919	3.187310
115.312000	131.810000	0.033446	3.089242	3.122680
120.938000	131.810000	0.034340	3.014089	3.048430
126.562000	131.810000	0.038606	3.079867	3.118470
132.188000	131.810000	0.029808	3.000529	3.030340
137.812000	131.810000	0.036328	3.101446	3.137780
143.437000	131.810000	0.033200	3.028905	3.062100
149.062000	131.810000	0.029482	3.085555	3.115040
154.688000	131.810000	0.025441	3.039502	3.064940
160.312000	131.810000	0.022952	2.957869	2.980820
165.938000	131.810000	0.028789	3.009475	3.038260
171.562000	131.810000	0.026932	3.064893	3.091830
177.188000	131.810000	0.032035	3.024449	3.056490
182.812000	131.810000	0.036209	2.918307	2.954510
188.438000	131.810000	0.033654	2.992838	3.026490
194.062000	131.810000	0.029235	3.022764	3.052000
199.687000	131.810000	0.034801	2.998165	3.032970
205.312000	131.810000	0.037780	2.965480	3.003260
210.938000	131.810000	0.024630	3.121419	3.146050
216.562000	131.810000	0.038866	2.967934	3.006800
222.188000	131.810000	0.019721	3.156569	3.176290
227.812000	131.810000	0.036850	3.125253	3.162110
233.438000	131.810000	0.038473	3.069609	3.108080
239.062000	131.810000	0.029828	3.129234	3.159060
244.687000	131.810000	0.041501	3.105811	3.147310
250.312000	131.810000	0.026592	3.171068	3.197660
255.937000	131.810000	0.035896	3.020581	3.056480
261.562000	131.810000	0.032320	3.156264	3.188580
267.188000	131.810000	0.034849	3.146176	3.181030
272.812000	131.810000	0.031180	3.077921	3.109100
278.438000	131.810000	0.029085	2.979742	3.008820
284.062000	131.810000	0.029738	2.996209	3.025950
289.688000	131.810000	0.038209	3.054906	3.093120
295.312000	131.810000	0.016335	3.032796	3.049140
300.938000	131.810000	0.031316	3.079878	3.111190
306.562000	131.810000	0.040784	3.035080	3.075870
312.187000	131.810000	0.035383	3.082490	3.117870
317.812000	131.810000	0.034024	3.028215	3.062240
323.438000	131.810000	0.040668	2.943528	2.984200
329.062000	131.810000	0.032084	3.140419	3.172500
334.688000	131.810000	0.023740	3.001649	3.025390
340.312000	131.810000	0.025538	3.114429	3.139970
345.938000	131.810000	0.045191	3.067754	3.112950
351.562000	131.810000	0.038896	3.046967	3.085860
357.187000	131.810000	0.038692	3.098415	3.137110
3.000000	134.994000	0.033666	3.217336	3.251000
9.000000	134.994000	0.023739	3.198404	3.222140
15.000000	134.994000	0.021560	3.231236	3.252800
21.000000	134.994000	0.018141	3.169824	3.187960
27.000000	134.994000	0.017064	3.203346	3.220410
33.000000	134.994000	0.020939	3.229630	3.250570
39.000000	134.994000	0.029088	3.279913	3.309000
45.000000	134.994000	0.020250	3.003232	3.023490
51.000000	134.994000	0.020366	3.109091	3.129450
57.000000	134.994000	0.018925	3.194038	3.212970
63.000000	134.994000	0.020100	3.199625	3.219720
69.000000	134.994000	0.016840	3.179811	3.196650
75.000000	134.994000	0.022552	3.254082	3.276630
81.000000	134.994000	0.017546	3.239130	3.256680
87.000000	134.994000	0.018908	3.217574	3.236480
93.000000	134.994000	0.024940	3.240250	3.265190
99.000000	134.994000	0.016732	3.337435	3.354170
105.000000	134.994000	0.017186	3.349920	3.367110
111.000000	134.994000	0.013469	3.270820	3.284290
117.000000	134.994000	0.016645	3.400893	3.417530
123.000000	134.994000	0.024804	3.253969	3.278770
129.000000	134.994000	0.020752	3.277708	3.298470
135.000000	134.994000	0.021998	3.226045	3.248040
141.000000	134.994000	0.018010	3.299027	3.317030
147.000000	134.994000	0.024686	3.185556	3.210240
153.000000	134.994000	0.027776	3.265697	3.293480
159.000000	134.994000	0.011462	3.131066	3.142520
165.000000	134.994000	0.020815	3.106015	3.126820
171.000000	134.994000	0.019866	3.165187	3.185060
177.000000	134.994000	0.024179	3.114916	3.139090
183.000000	134.994000	0.021633	3.160313	3.181950
189.000000	134.994000	0.018355	3.218988	3.237350
195.000000	134.994000	0.022298	3.210166	3.232460
201.000000	134.994000	0.019588	3.221815	3.241400
207.000000	134.994000	0.014962	3.308787	3.323750
213.000000	134.994000	0.018675	3.221940	3.240610
219.000000	134.994000	0.018657	3.285342	3.304000
225.000000	134.994000	0.023533	3.242953	3.266480
231.000000	134.994000	0.025681	3.245271	3.270950
237.000000	134.994000	0.022938	3.291257	3.314190
243.000000	134.994000	0.020958	3.356808	3.377770
249.000000	134.994000	0.011909	3.183984	3.195890
255.000000	134.994000	0.024244	3.258549	3.282790
261.000000	134.994000	0.020193	3.331508	3.351710
267.000000	134.994000	0.018654	3.101434	3.120090
273.000000	134.994000	0.027233	3.194819	3.222050
279.000000	134.994000	0.018360	3.157598	3.175960
285.000000	134.994000	0.021033	3.183532	3.204560
291.000000	134.994000	0.025034	3.114746	3.139780
297.000000	134.994000	0.018558	3.180987	3.199550
303.000000	134.994000	0.023626	3.140577	3.164210
309.000000	134.994000	0.013576	3.082389	3.095960
315.000000	134.994000	0.015676	3.138553	3.154220
321.000000	134.994000	0.017481	3.153595	3.171080
327.000000	134.994000	0.021035	3.230354	3.251390
333.000000	134.994000	0.022080	3.248857	3.270940
339.000000	134.994000	0.020747	3.181677	3.202420
345.000000	134.994000	0.017445	3.285444	3.302890
351.000000	134.994000	0.024968	3.228126	3.253090
357.000000	134.994000	0.028614	3.324575	3.353180
3.214290	138.141000	0.007328	3.483488	3.490820
9.642860	138.141000	0.014831	3.592639	3.607470
16.071400	138.141000	0.010256	3.503032	3.513290
22.500000	138.141000	0.019839	3.534495	3.554330
28.928600	138.141000	0.014174	3.602569	3.616740
35.357100	138.141000	0.016832	3.459568	3.476400
41.785700	138.141000	0.011374	3.417982	3.429360
48.214300	138.141000	0.008684	3.323999	3.332680
54.642900	138.141000	0.012119	3.527212	3.539330
61.071400	138.141000	0.017760	3.285704	3.303460
67.500000	138.141000	0.014952	3.417044	3.432000
73.928600	138.141000	0.013824	3.489630	3.503460
80.357100	138.141000	0.019011	3.388973	3.407990
86.785700	138.141000	0.020011	3.535785	3.555800
93.214300	138.141000	0.019797	3.516524	3.536320
99.642900	138.141000	0.012868	3.629418	3.642290
106.071000	138.141000	0.018742	3.519996	3.538730
112.500000	138.141000	0.009559	3.474916	3.484470
118.929000	138.141000	0.010058	3.543713	3.553770
125.357000	138.141000	0.011039	3.474542	3.485580
131.786000	138.141000	0.014593	3.556436	3.571030
138.214000	138.141000	0.008456	3.348077	3.356530
144.643000	138.141000	0.014558	3.392411	3.406960
151.071000	138.141000	0.012506	3.501166	3.513670
157.500000	138.141000	0.011043	3.540105	3.551150
163.929000	138.141000	0.014073	3.416908	3.430980
170.357000	138.141000	0.012097	3.386609	3.398710
176.786000	138.141000	0.010794	3.416015	3.426810
183.214000	138.141000	0.015187	3.383035	3.398220
189.643000	138.141000	0.008250	3.422110	3.430360
196.071000	138.141000	0.014021	3.377222	3.391240
202.500000	138.141000	0.020211	3.294593	3.314800
208.929000	138.141000	0.018970	3.423750	3.442720
215.357000	138.141000	0.018493	3.465483	3.483970
221.786000	138.141000	0.013833	3.377923	3.391760
228.214000	138.141000	0.018967	3.428772	3.447740
234.643000	138.141000	0.008667	3.518730	3.527390
241.071000	138.141000	0.013047	3.422970	3.436010
247.500000	138.141000	0.014337	3.479123	3.493460
253.929000	138.141000	0.010758	3.553609	3.564360
260.357000	138.141000	0.007134	3.493215	3.500350
266.786000	138.141000	0.009028	3.454954	3.463980
273.214000	138.141000	0.021732	3.350328	3.372060
279.643000	138.141000	0.010244	3.332662	3.342900
286.071000	138.141000	0.015643	3.405576	3.421220
292.500000	138.141000	0.015381	3.403223	3.418610
298.929000	138.141000	0.010695	3.398733	3.409430
305.357000	138.141000	0.010402	3.272437	3.282840
311.786000	138.141000	0.013769	3.477053	3.490820
318.214000	138.141000	0.017368	3.374214	3.391590
324.643000	138.141000	0.014563	3.441903	3.456470
331.071000	138.141000	0.012583	3.343067	3.355650
337.500000	138.141000	0.023332	3.486463	3.509790
343.929000	138.141000	0.006068	3.602195	3.608270
350.357000	138.141000	0.013926	3.594765	3.608690
356.786000	138.141000	0.011627	3.503032	3.514660
3.461540	141.256000	0.006546	3.627043	3.633590
10.384600	141.256000	0.012970	3.675437	3.688410
17.307700	141.256000	0.011606	3.640388	3.651990
24.230800	141.256000	0.007251	3.521715	3.528970
31.153800	141.256000	0.010865	3.651381	3.662240
38.076900	141.256000	0.011608	3.530831	3.542440
45.000000	141.256000	0.007128	3.377856	3.384990
51.923100	141.256000	0.007255	3.531815	3.539070
58.846200	141.256000	0.006279	3.515936	3.522210
65.769200	141.256000	0.005168	3.493226	3.498390
72.692300	141.256000	0.004377	3.535683	3.540060
79.615400	141.256000	0.009555	3.422913	3.432460
86.538500	141.256000	0.008657	3.674193	3.682840
93.461500	141.256000	0.010603	3.690027	3.700630
100.385000	141.256000	0.005314	3.549221	3.554530
107.308000	141.256000	0.010095	3.774703	3.784800
114.231000	141.256000	0.009018	3.694551	3.703570
121.154000	141.256000	0.011541	3.695048	3.706590
128.077000	141.256000	0.005485	3.673153	3.678630
135.000000	141.256000	0.010151	3.644369	3.654520
141.923000	141.256000	0.012671	3.595285	3.607960
148.846000	141.256000	0.012109	3.666039	3.678150
155.769000	141.256000	0.007350	3.591293	3.598640
162.692000	141.256000	0.004595	3.570449	3.575050
169.615000	141.256000	0.003029	3.533500	3.536530
176.538000	141.256000	0.006089	3.469758	3.475850
183.462000	141.256000	0.002877	3.526386	3.529260
190.385000	141.256000	0.004829	3.561978	3.566810
197.308000	141.256000	0.002084	3.630221	3.632310
204.231000	141.256000	0.008803	3.580209	3.589020
211.154000	141.256000	0.006781	3.591542	3.598320
218.077000	141.256000	0.012788	3.593317	3.606110
225.000000	141.256000	0.005392	3.690615	3.696010
231.923000	141.256000	0.004616	3.743986	3.748600
238.846000	141.256000	0.009900	3.671445	3.681340
245.769000	141.256000	0.007061	3.695105	3.702170
252.692000	141.256000	0.009423	3.629927	3.639350
259.615000	141.256000	0.005803	3.567904	3.573710
266.538000	141.256000	0.012713	3.603417	3.616130
273.462000	141.256000	0.016926	3.576715	3.593640
280.385000	141.256000	0.005717	3.593385	3.599100
287.308000	141.256000	0.012178	3.503405	3.515590
294.231000	141.256000	0.009463	3.551844	3.561310
301.154000	141.256000	0.007482	3.468175	3.475650
308.077000	141.256000	0.008496	3.542616	3.551120
315.000000	141.256000	0.010440	3.640535	3.650970
321.923000	141.256000	0.005433	3.433997	3.439430
328.846000	141.256000	0.008775	3.660995	3.669770
335.769000	141.256000	0.005686	3.493498	3.499190
342.692000	141.256000	0.013166	3.689156	3.702320
349.615000	141.256000	0.009344	3.598633	3.607980
356.538000	141.256000	0.011353	3.693669	3.705030
3.750000	144.341000	0.002093	3.755126	3.757220
11.250000	144.341000	0.004906	3.730312	3.735220
18.750000	144.341000	0.007840	3.765203	3.773050
26.250000	144.341000	0.004018	3.849675	3.853690
33.750000	144.341000	0.002111	3.594550	3.596660
41.250000	144.341000	0.003717	3.715790	3.719510
48.750000	144.341000	0.004307	3.774002	3.778300
56.250000	144.341000	0.005637	3.727620	3.733260
63.750000	144.341000	0.002015	3.676851	3.678860
71.250000	144.341000	0.000000	3.673017	3.673010
78.750000	144.341000	0.004455	3.675539	3.680000
86.250000	144.341000	0.007611	3.775121	3.782730
93.750000	144.341000	0.003285	3.764761	3.768050
101.250000	144.341000	0.005938	3.891442	3.897380
108.750000	144.341000	0.013617	3.961155	3.974780
116.250000	144.341000	0.006476	3.878820	3.885290
123.750000	144.341000	0.003490	3.921243	3.924730
131.250000	144.341000	0.004263	3.657647	3.661910
138.750000	144.341000	0.003869	3.831444	3.835310
146.250000	144.341000	0.009426	3.750602	3.760030
153.750000	144.341000	0.011077	3.725302	3.736380
161.250000	144.341000	0.005625	3.656143	3.661760
168.750000	144.341000	0.010056	3.731047	3.741100
176.250000	144.341000	0.003231	3.592593	3.595820
183.750000	144.341000	0.003254	3.702038	3.705290
191.250000	144.341000	0.001051	3.752932	3.753980
198.750000	144.341000	0.003371	3.904278	3.907650
206.250000	144.341000	0.004552	3.674363	3.678920
213.750000	144.341000	0.004221	3.752524	3.756750
221.250000	144.341000	0.008676	3.835131	3.843810
228.750000	144.341000	0.008290	3.773063	3.781350
236.250000	144.341000	0.003158	3.818754	3.821910
243.750000	144.341000	0.001790	3.892595	3.894390
251.250000	144.341000	0.000000	3.917511	3.917510
258.750000	144.341000	0.009487	3.694799	3.704290
266.250000	144.341000	0.003682	3.714173	3.717860
273.750000	144.341000	0.003154	3.733411	3.736560
281.250000	144.341000	0.005699	3.655905	3.661600
288.750000	144.341000	0.005614	3.697242	3.702860
296.250000	144.341000	0.004735	3.701506	3.706240
303.750000	144.341000	0.003236	3.667871	3.671110
311.250000	144.341000	0.006819	3.585694	3.592520
318.750000	144.341000	0.005823	3.718573	3.724400
326.250000	144.341000	0.003202	3.717498	3.720700
333.750000	144.341000	0.010602	3.805386	3.815990
341.250000	144.341000	0.012064	3.691633	3.703700
348.750000	144.341000	0.004901	3.728163	3.733060
356.250000	144.341000	0.005248	3.932451	3.937700
4.090910	147.400000	0.001227	4.052572	4.053800
12.272700	147.400000	0.006465	3.885176	3.891640
20.454500	147.400000	0.006444	3.957219	3.963660
28.636400	147.400000	0.002039	3.865135	3.867180
36.818200	147.400000	0.003519	3.943297	3.946810
45.000000	147.400000	0.004363	3.806732	3.811090
53.181800	147.400000	0.004633	3.920214	3.924850
61.363600	147.400000	0.007217	3.788184	3.795400
69.545500	147.400000	0.004597	3.792369	3.796970
77.727300	147.400000	0.002328	3.798295	3.800620
85.909100	147.400000	0.008611	3.745331	3.753950
94.090900	147.400000	0.012435	3.975993	3.988430
102.273000	147.400000	0.008225	3.958203	3.966430
110.455000	147.400000	0.008214	4.035969	4.044180
118.636000	147.400000	0.006799	3.864513	3.871310
126.818000	147.400000	0.004998	3.977090	3.982090
135.000000	147.400000	0.004633	3.871831	3.876460
143.182000	147.400000	0.007539	3.845230	3.852770
151.364000	147.400000	0.002266	3.759129	3.761390
159.545000	147.400000	0.002342	3.899087	3.901440
167.727000	147.400000	0.004683	3.915837	3.920520
175.909000	147.400000	0.002161	3.932677	3.934830
184.091000	147.400000	0.001274	3.872690	3.873960
192.273000	147.400000	0.001077	3.919660	3.920740
200.455000	147.400000	0.003547	3.871390	3.874940
208.636000	147.400000	0.005124	3.940130	3.945260
216.818000	147.400000	0.002013	3.902186	3.904200
225.000000	147.400000	0.008356	3.906642	3.914990
233.182000	147.400000	0.005162	3.931851	3.937020
241.364000	147.400000	0.005631	4.101565	4.107200
249.545000	147.400000	0.008596	4.001293	4.009880
257.727000	147.400000	0.001878	3.874794	3.876670
265.909000	147.400000	0.006507	3.919920	3.926430
274.091000	147.400000	0.005460	3.942234	3.947690
282.273000	147.400000	0.003097	3.799516	3.802610
290.455000	147.400000	0.001080	3.842482	3.843560
298.636000	147.400000	0.003945	3.778220	3.782160
306.818000	147.400000	0.001257	3.879815	3.881070
315.000000	147.400000	0.003356	3.864016	3.867370
323.182000	147.400000	0.005942	3.879058	3.885000
331.364000	147.400000	0.005330	3.844744	3.850070
339.545000	147.400000	0.001994	3.885810	3.887800
347.727000	147.400000	0.004024	3.956631	3.960650
355.909000	147.400000	0.007163	4.021594	4.028760
4.500000	150.434000	0.003759	4.100717	4.104470
13.500000	150.434000	0.003832	4.175203	4.179030
22.500000	150.434000	0.001016	3.948963	3.949980
31.500000	150.434000	0.004392	3.971673	3.976070
40.500000	150.434000	0.006810	3.953815	3.960620
49.500000	150.434000	0.000951	3.952447	3.953400
58.500000	150.434000	0.005223	3.931580	3.936800
67.500000	150.434000	0.001212	3.956869	3.958070
76.500000	150.434000	0.002161	3.948217	3.950380
85.500000	150.434000	0.004140	3.826580	3.830720
94.500000	150.434000	0.003516	3.963790	3.967300
103.500000	150.434000	0.001180	4.072545	4.073720
112.500000	150.434000	0.001034	4.124829	4.125860
121.500000	150.434000	0.003075	4.155400	4.158470
130.500000	150.434000	0.005547	4.044214	4.049760
139.500000	150.434000	0.004384	4.112344	4.116720
148.500000	150.434000	0.001086	4.038253	4.039340
157.500000	150.434000	0.002317	4.118801	4.121110
166.500000	150.434000	0.002348	3.931795	3.934140
175.500000	150.434000	0.002455	4.046894	4.049350
184.500000	150.434000	0.001071	3.942822	3.943890
193.500000	150.434000	0.000000	3.996996	3.997000
202.500000	150.434000	0.006314	3.937902	3.944220
211.500000	150.434000	0.005278	4.122488	4.127770
220.500000	150.434000	0.003171	4.006937	4.010110
229.500000	150.434000	0.003486	4.060635	4.064120
238.500000	150.434000	0.000968	4.018869	4.019830
247.500000	150.434000	0.002039	4.138367	4.140410
256.500000	150.434000	0.005282	4.055795	4.061080
265.500000	150.434000	0.004376	3.830154	3.834530
274.500000	150.434000	0.002197	3.996034	3.998230
283.500000	150.434000	0.000000	3.920745	3.920750
292.500000	150.434000	0.001411	3.931128	3.932530
301.500000	150.434000	0.003070	4.018620	4.021690
310.500000	150.434000	0.000000	3.897526	3.897530
319.500000	150.434000	0.002508	3.915837	3.918350
328.500000	150.434000	0.001099	3.971990	3.973090
337.500000	150.434000	0.009142	4.078641	4.087790
346.500000	150.434000	0.002913	4.123540	4.126450
355.500000	150.434000	0.002042	4.047505	4.049550
5.000000	153.448000	0.000000	4.204936	4.204930
15.000000	153.448000	0.008039	4.175972	4.184010
25.000000	153.448000	0.004001	4.189589	4.193590
35.000000	153.448000	0.003536	4.215353	4.218880
45.000000	153.448000	0.000000	4.113904	4.113900
55.000000	153.448000	0.000000	4.133775	4.133780
65.000000	153.448000	0.002106	4.076854	4.078970
75.000000	153.448000	0.003630	4.108306	4.111940
85.000000	153.448000	0.003214	4.075790	4.079000
95.000000	153.448000	0.001050	4.078708	4.079760
105.000000	153.448000	0.008934	4.116562	4.125500
115.000000	153.448000	0.000000	4.216721	4.216730
125.000000	153.448000	0.005126	4.271076	4.276200
135.000000	153.448000	0.009198	4.063915	4.073110
145.000000	153.448000	0.004020	4.172274	4.176290
155.000000	153.448000	0.003146	4.009957	4.013110
165.000000	153.448000	0.001273	4.185201	4.186480
175.000000	153.448000	0.000000	4.170894	4.170890
185.000000	153.448000	0.000000	4.176017	4.176020
195.000000	153.448000	0.002081	4.136626	4.138710
205.000000	153.448000	0.003528	4.168236	4.171760
215.000000	153.448000	0.003184	4.110421	4.113600
225.000000	153.448000	0.004402	4.133832	4.138230
235.000000	153.448000	0.003491	4.245855	4.249350
245.000000	153.448000	0.005465	4.221844	4.227310
255.000000	153.448000	0.003465	4.281367	4.284830
265.000000	153.448000	0.004135	4.137971	4.142110
275.000000	153.448000	0.001042	4.050061	4.051110
285.000000	153.448000	0.000000	4.062739	4.062730
295.000000	153.448000	0.001043	4.107107	4.108150
305.000000	153.448000	0.003095	4.100559	4.103650
315.000000	153.448000	0.001049	3.889768	3.890820
325.000000	153.448000	0.000992	4.152097	4.153090
335.000000	153.448000	0.003507	4.121934	4.125440
345.000000	153.448000	0.000000	4.232001	4.231990
355.000000	153.448000	0.003078	4.358692	4.361770
5.625000	156.444000	0.000965	4.420896	4.421860
16.875000	156.444000	0.003180	4.337667	4.340850
28.125000	156.444000	0.003572	4.252415	4.255990
39.375000	156.444000	0.002671	4.250673	4.253350
50.625000	156.444000	0.002496	4.151294	4.153790
61.875000	156.444000	0.000000	4.231028	4.231030
73.125000	156.444000	0.002387	4.197189	4.199580
84.375000	156.444000	0.003736	4.243898	4.247630
95.625000	156.444000	0.003388	4.305502	4.308890
106.875000	156.444000	0.002221	4.261078	4.263290
118.125000	156.444000	0.002142	4.206033	4.208180
129.375000	156.444000	0.004144	4.319459	4.323610
140.625000	156.444000	0.006017	4.350052	4.356070
151.875000	156.444000	0.002169	4.178404	4.180580
163.125000	156.444000	0.002047	4.138390	4.140440
174.375000	156.444000	0.000000	4.337939	4.337940
185.625000	156.444000	0.004007	4.229682	4.233690
196.875000	156.444000	0.003115	4.165058	4.168170
208.125000	156.444000	0.004062	4.276425	4.280490
219.375000	156.444000	0.000000	4.286819	4.286820
230.625000	156.444000	0.002252	4.235450	4.237700
241.875000	156.444000	0.003889	4.303761	4.307650
253.125000	156.444000	0.005302	4.368645	4.373950
264.375000	156.444000	0.004358	4.338742	4.343100
275.625000	156.444000	0.002126	4.116562	4.118690
286.875000	156.444000	0.001454	4.174423	4.175870
298.125000	156.444000	0.000000	4.153511	4.153510
309.375000	156.444000	0.001473	4.065408	4.066880
320.625000	156.444000	0.005483	4.217909	4.223390
331.875000	156.444000	0.009544	4.232295	4.241840
343.125000	156.444000	0.007510	4.308850	4.316360
354.375000	156.444000	0.002218	4.413827	4.416050
6.428570	159.423000	0.003267	4.396354	4.399630
19.285700	159.423000	0.003276	4.260965	4.264240
32.142900	159.423000	0.000000	4.384648	4.384650
45.000000	159.423000	0.000000	4.094519	4.094520
57.857100	159.423000	0.001116	4.219073	4.220190
70.714300	159.423000	0.000000	4.271856	4.271860
83.571400	159.423000	0.001264	4.165465	4.166730
96.428600	159.423000	0.003099	4.367367	4.370460
109.286000	159.423000	0.004829	4.337939	4.342770
122.143000	159.423000	0.002129	4.265409	4.267530
135.000000	159.423000	0.001016	4.437136	4.438150
147.857000	159.423000	0.002946	4.408489	4.411440
160.714000	159.423000	0.001022	4.351239	4.352260
173.571000	159.423000	0.000000	4.201408	4.201400
186.429000	159.423000	0.001462	4.221573	4.223040
199.286000	159.423000	0.003357	4.279841	4.283190
212.143000	159.423000	0.001037	4.253150	4.254190
225.000000	159.423000	0.000000	4.454384	4.454380
237.857000	159.423000	0.004779	4.442101	4.446880
250.714000	159.423000	0.000918	4.358432	4.359350
263.571000	159.423000	0.000000	4.432341	4.432340
276.429000	159.423000	0.001290	4.370929	4.372210
289.286000	159.423000	0.002039	4.252268	4.254310
302.143000	159.423000	0.000000	4.230926	4.230930
315.000000	159.423000	0.001017	4.266190	4.267200
327.857000	159.423000	0.001201	4.182023	4.183230
340.714000	159.423000	0.006249	4.446331	4.452580
353.571000	159.423000	0.006847	4.420726	4.427580
7.500000	162.388000	0.001438	4.321438	4.322870
22.500000	162.388000	0.001261	4.474300	4.475560
37.500000	162.388000	0.002327	4.460910	4.463240
52.500000	162.388000	0.000000	4.374209	4.374210
67.500000	162.388000	0.002049	4.347925	4.349980
82.500000	162.388000	0.000000	4.328099	4.328100
97.500000	162.388000	0.003697	4.317366	4.321060
112.500000	162.388000	0.002339	4.447259	4.449590
127.500000	162.388000	0.001044	4.472853	4.473900
142.500000	162.388000	0.001079	4.490371	4.491450
157.500000	162.388000	0.000000	4.322931	4.322930
172.500000	162.388000	0.001075	4.311723	4.312800
187.500000	162.388000	0.001074	4.335021	4.336090
202.500000	162.388000	0.000000	4.349034	4.349030
217.500000	162.388000	0.003164	4.418057	4.421220
232.500000	162.388000	0.003637	4.581958	4.585590
247.500000	162.388000	0.007401	4.488686	4.496090
262.500000	162.388000	0.001034	4.459258	4.460290
277.500000	162.388000	0.000000	4.390450	4.390450
292.500000	162.388000	0.000000	4.494613	4.494610
307.500000	162.388000	0.000000	4.344476	4.344470
322.500000	162.388000	0.003322	4.384987	4.388310
337.500000	162.388000	0.001055	4.284274	4.285320
352.500000	162.388000	0.004448	4.569800	4.574250
9.000000	165.341000	0.002462	4.590315	4.592780
27.000000	165.341000	0.000000	4.358036	4.358040
45.000000	165.341000	0.001062	4.438324	4.439390
63.000000	165.341000	0.001092	4.514212	4.515300
81.000000	165.341000	0.005268	4.377851	4.383120
99.000000	165.341000	0.002039	4.463861	4.465900
117.000000	165.341000	0.003250	4.508082	4.511340
135.000000	165.341000	0.000000	4.503072	4.503070
153.000000	165.341000	0.000000	4.491921	4.491920
171.000000	165.341000	0.001328	4.412821	4.414150
189.000000	165.341000	0.000000	4.461215	4.461220
207.000000	165.341000	0.004463	4.413793	4.418250
225.000000	165.341000	0.000000	4.579221	4.579230
243.000000	165.341000	0.004030	4.610854	4.614890
261.000000	165.341000	0.001839	4.507257	4.509090
279.000000	165.341000	0.003015	4.395946	4.398960
297.000000	165.341000	0.000000	4.587284	4.587290
315.000000	165.341000	0.000865	4.316518	4.317390
333.000000	165.341000	0.000000	4.488607	4.488600
351.000000	165.341000	0.002356	4.449905	4.452260
11.250000	168.284000	0.001037	4.495449	4.496480
33.750000	168.284000	0.000000	4.492667	4.492670
56.250000	168.284000	0.002036	4.467910	4.469950
78.750000	168.284000	0.000000	4.495517	4.495510
101.250000	168.284000	0.000000	4.399464	4.399470
123.750000	168.284000	0.001111	4.591605	4.592710
146.250000	168.284000	0.001017	4.631834	4.632850
168.750000	168.284000	0.001002	4.488562	4.489570
191.250000	168.284000	0.001014	4.537001	4.538010
213.750000	168.284000	0.000000	4.347982	4.347980
236.250000	168.284000	0.001017	4.421676	4.422690
258.750000	168.284000	0.001441	4.541186	4.542620
281.250000	168.284000	0.001922	4.549996	4.551920
303.750000	168.284000	0.000000	4.357844	4.357840
326.250000	168.284000	0.000000	4.563285	4.563290
348.750000	168.284000	0.001030	4.618658	4.619680
15.000000	171.220000	0.000000	4.505470	4.505470
45.000000	171.220000	0.000000	4.666079	4.666080
75.000000	171.220000	0.000000	4.387294	4.387300
105.000000	171.220000	0.001348	4.524696	4.526050
135.000000	171.220000	0.001462	4.544658	4.546120
165.000000	171.220000	0.000000	4.562064	4.562070
195.000000	171.220000	0.000000	4.549510	4.549510
225.000000	171.220000	0.000000	4.447982	4.447980
255.000000	171.220000	0.000000	4.516893	4.516900
285.000000	171.220000	0.001030	4.528960	4.529990
315.000000	171.220000	0.000000	4.625466	4.625470
345.000000	171.220000	0.000000	4.442147	4.442150
22.500000	174.150000	0.000000	4.508806	4.508810
67.500000	174.150000	0.000000	4.324899	4.324900
112.500000	174.150000	0.000000	4.476426	4.476430
157.500000	174.150000	0.000000	4.405707	4.405710
202.500000	174.150000	0.000000	4.259155	4.259160
247.500000	174.150000	0.000000	4.449577	4.449580
292.500000	174.150000	0.000000	4.359122	4.359120
337.500000	174.150000	0.000000	4.336966	4.336970
45.000000	177.076000	0.000000	4.287644	4.287650
135.000000	177.076000	0.000000	4.261055	4.261050
225.000000	177.076000	0.000000	4.290336	4.290340
315.000000	177.076000	0.000000	4.311926	4.311930
