# phi	theta	PMT0	PMT1 	total
45.000000	2.924180	10.457149	0.152042	10.609200
135.000000	2.924180	10.634441	0.138698	10.773100
225.000000	2.924180	10.531183	0.115320	10.646500
315.000000	2.924180	10.667533	0.139592	10.807100
22.500000	5.850270	10.567442	0.101849	10.669300
67.500000	5.850270	10.440931	0.114761	10.555700
112.500000	5.850270	10.403405	0.099305	10.502700
157.500000	5.850270	10.539710	0.096577	10.636300
202.500000	5.850270	10.537188	0.095882	10.633100
247.500000	5.850270	10.607252	0.081615	10.688900
292.500000	5.850270	10.268899	0.090878	10.359800
337.500000	5.850270	10.488579	0.079938	10.568500
15.000000	8.780180	10.574058	0.078966	10.653000
45.000000	8.780180	10.881061	0.069203	10.950300
75.000000	8.780180	11.020057	0.089836	11.109900
105.000000	8.780180	10.517611	0.071499	10.589100
135.000000	8.780180	10.565451	0.083083	10.648500
165.000000	8.780180	10.728470	0.069614	10.798100
195.000000	8.780180	10.986761	0.076273	11.063000
225.000000	8.780180	10.682982	0.077389	10.760400
255.000000	8.780180	10.744733	0.073704	10.818400
285.000000	8.780180	10.876876	0.089141	10.966000
315.000000	8.780180	11.047495	0.082479	11.130000
345.000000	8.780180	10.444810	0.083702	10.528500
11.250000	11.715900	10.728357	0.102001	10.830400
33.750000	11.715900	10.950921	0.105461	11.056400
56.250000	11.715900	11.074672	0.096237	11.170900
78.750000	11.715900	11.122365	0.091628	11.214000
101.250000	11.715900	10.871097	0.100076	10.971200
123.750000	11.715900	10.667578	0.091290	10.758900
146.250000	11.715900	10.868043	0.101318	10.969400
168.750000	11.715900	10.906903	0.100610	11.007500
191.250000	11.715900	11.107368	0.096651	11.204000
213.750000	11.715900	10.978257	0.098972	11.077200
236.250000	11.715900	10.536295	0.103553	10.639900
258.750000	11.715900	10.958498	0.106820	11.065300
281.250000	11.715900	10.982509	0.090440	11.073000
303.750000	11.715900	11.119153	0.099616	11.218800
326.250000	11.715900	10.968191	0.076072	11.044300
348.750000	11.715900	10.856304	0.099682	10.956000
9.000000	14.659300	10.822974	0.082616	10.905600
27.000000	14.659300	11.106249	0.078558	11.184800
45.000000	14.659300	11.047687	0.099470	11.147200
63.000000	14.659300	10.887225	0.079772	10.967000
81.000000	14.659300	11.068124	0.090010	11.158100
99.000000	14.659300	11.051906	0.063228	11.115100
117.000000	14.659300	10.734351	0.081070	10.815400
135.000000	14.659300	10.892563	0.083313	10.975900
153.000000	14.659300	11.114256	0.058668	11.172900
171.000000	14.659300	11.107719	0.081072	11.188800
189.000000	14.659300	11.000887	0.077048	11.077900
207.000000	14.659300	11.264325	0.082702	11.347000
225.000000	14.659300	11.079400	0.087263	11.166700
243.000000	14.659300	10.739847	0.096973	10.836800
261.000000	14.659300	11.146150	0.097649	11.243800
279.000000	14.659300	11.153987	0.097258	11.251200
297.000000	14.659300	10.929319	0.091826	11.021100
315.000000	14.659300	11.205876	0.079250	11.285100
333.000000	14.659300	11.039725	0.090812	11.130500
351.000000	14.659300	10.818258	0.084716	10.903000
7.500000	17.612400	11.045097	0.105036	11.150100
22.500000	17.612400	11.028076	0.100502	11.128600
37.500000	17.612400	11.023982	0.094887	11.118900
52.500000	17.612400	11.035416	0.086223	11.121600
67.500000	17.612400	11.156724	0.109997	11.266700
82.500000	17.612400	11.113080	0.109789	11.222900
97.500000	17.612400	11.213307	0.090467	11.303800
112.500000	17.612400	10.952583	0.107821	11.060400
127.500000	17.612400	10.903590	0.097435	11.001000
142.500000	17.612400	11.067479	0.105804	11.173300
157.500000	17.612400	11.252687	0.091397	11.344100
172.500000	17.612400	10.920713	0.094453	11.015200
187.500000	17.612400	10.975259	0.109100	11.084400
202.500000	17.612400	10.963407	0.097026	11.060400
217.500000	17.612400	11.240801	0.102716	11.343500
232.500000	17.612400	11.020872	0.104103	11.125000
247.500000	17.612400	10.964651	0.106499	11.071100
262.500000	17.612400	11.222536	0.090563	11.313100
277.500000	17.612400	10.980711	0.100250	11.081000
292.500000	17.612400	10.975169	0.105478	11.080600
307.500000	17.612400	11.267933	0.120186	11.388100
322.500000	17.612400	11.051634	0.096072	11.147700
337.500000	17.612400	11.208217	0.089396	11.297600
352.500000	17.612400	10.858068	0.121928	10.980000
6.428570	20.577500	10.861574	0.127641	10.989200
19.285700	20.577500	10.995006	0.101329	11.096300
32.142900	20.577500	11.085948	0.096527	11.182500
45.000000	20.577500	11.083053	0.111920	11.195000
57.857100	20.577500	10.942235	0.098354	11.040600
70.714300	20.577500	10.959833	0.094833	11.054700
83.571400	20.577500	10.867206	0.080848	10.948100
96.428600	20.577500	11.249600	0.120509	11.370100
109.286000	20.577500	11.163793	0.124098	11.287900
122.143000	20.577500	11.007232	0.131758	11.139000
135.000000	20.577500	11.300697	0.097566	11.398300
147.857000	20.577500	11.170669	0.105975	11.276600
160.714000	20.577500	11.008996	0.085483	11.094500
173.571000	20.577500	11.047076	0.108985	11.156100
186.429000	20.577500	10.951000	0.121621	11.072600
199.286000	20.577500	11.012152	0.085387	11.097500
212.143000	20.577500	11.082928	0.119988	11.202900
225.000000	20.577500	11.114211	0.105748	11.220000
237.857000	20.577500	10.803951	0.116489	10.920400
250.714000	20.577500	11.062921	0.136675	11.199600
263.571000	20.577500	11.095810	0.096359	11.192200
276.429000	20.577500	11.038119	0.100085	11.138200
289.286000	20.577500	11.070510	0.089411	11.159900
302.143000	20.577500	11.144442	0.111792	11.256200
315.000000	20.577500	10.998422	0.099903	11.098300
327.857000	20.577500	11.153671	0.099640	11.253300
340.714000	20.577500	11.295415	0.092678	11.388100
353.571000	20.577500	10.924942	0.112842	11.037800
5.625000	23.556500	10.959810	0.141069	11.100900
16.875000	23.556500	11.072195	0.115797	11.188000
28.125000	23.556500	11.153851	0.096339	11.250200
39.375000	23.556500	10.921719	0.095423	11.017100
50.625000	23.556500	11.098230	0.097021	11.195200
61.875000	23.556500	11.099237	0.087103	11.186300
73.125000	23.556500	11.071551	0.093638	11.165200
84.375000	23.556500	10.973744	0.100715	11.074500
95.625000	23.556500	11.057402	0.110678	11.168100
106.875000	23.556500	11.029603	0.110304	11.139900
118.125000	23.556500	11.073281	0.124642	11.197900
129.375000	23.556500	11.059630	0.115066	11.174700
140.625000	23.556500	11.192022	0.106326	11.298300
151.875000	23.556500	11.161791	0.106948	11.268700
163.125000	23.556500	11.055559	0.095270	11.150800
174.375000	23.556500	11.050809	0.092569	11.143400
185.625000	23.556500	11.103037	0.112539	11.215600
196.875000	23.556500	10.968519	0.104693	11.073200
208.125000	23.556500	11.090302	0.097739	11.188000
219.375000	23.556500	11.082046	0.095225	11.177300
230.625000	23.556500	10.884035	0.101942	10.986000
241.875000	23.556500	11.006056	0.117481	11.123500
253.125000	23.556500	11.130158	0.112117	11.242300
264.375000	23.556500	11.128314	0.115274	11.243600
275.625000	23.556500	10.881773	0.125393	11.007200
286.875000	23.556500	11.082295	0.109340	11.191600
298.125000	23.556500	10.976040	0.090584	11.066600
309.375000	23.556500	10.943095	0.100674	11.043800
320.625000	23.556500	11.084885	0.101336	11.186200
331.875000	23.556500	11.137758	0.103289	11.241100
343.125000	23.556500	11.041987	0.097989	11.140000
354.375000	23.556500	11.004823	0.121413	11.126200
5.000000	26.551700	10.890414	0.147675	11.038100
15.000000	26.551700	10.999892	0.167830	11.167700
25.000000	26.551700	11.147495	0.132138	11.279600
35.000000	26.551700	11.021460	0.141486	11.162900
45.000000	26.551700	10.790979	0.141239	10.932200
55.000000	26.551700	11.067615	0.102832	11.170400
65.000000	26.551700	10.828821	0.105142	10.934000
75.000000	26.551700	11.001396	0.129248	11.130600
85.000000	26.551700	10.894791	0.133558	11.028300
95.000000	26.551700	11.252065	0.149177	11.401200
105.000000	26.551700	11.071596	0.133406	11.205000
115.000000	26.551700	11.184931	0.100872	11.285800
125.000000	26.551700	11.115048	0.141438	11.256500
135.000000	26.551700	10.975112	0.116863	11.092000
145.000000	26.551700	11.016212	0.132004	11.148200
155.000000	26.551700	10.984217	0.104096	11.088300
165.000000	26.551700	11.129897	0.128555	11.258400
175.000000	26.551700	10.871323	0.143741	11.015100
185.000000	26.551700	11.214223	0.120737	11.335000
195.000000	26.551700	11.125803	0.116823	11.242600
205.000000	26.551700	10.866279	0.120750	10.987000
215.000000	26.551700	11.004687	0.152879	11.157600
225.000000	26.551700	11.059540	0.131450	11.191000
235.000000	26.551700	11.225555	0.157911	11.383500
245.000000	26.551700	11.110852	0.142523	11.253400
255.000000	26.551700	11.049146	0.148258	11.197400
265.000000	26.551700	11.003918	0.140686	11.144600
275.000000	26.551700	11.150379	0.130979	11.281400
285.000000	26.551700	10.956338	0.135621	11.092000
295.000000	26.551700	11.019345	0.122403	11.141800
305.000000	26.551700	10.985110	0.133622	11.118700
315.000000	26.551700	10.809391	0.138478	10.947900
325.000000	26.551700	10.887700	0.127980	11.015700
335.000000	26.551700	11.098830	0.127478	11.226300
345.000000	26.551700	11.002245	0.148395	11.150600
355.000000	26.551700	11.065387	0.153896	11.219300
4.500000	29.565600	11.148830	0.127513	11.276300
13.500000	29.565600	11.036389	0.130218	11.166600
22.500000	29.565600	11.002708	0.126944	11.129700
31.500000	29.565600	11.022478	0.125535	11.148000
40.500000	29.565600	11.116586	0.105897	11.222500
49.500000	29.565600	10.803566	0.105576	10.909100
58.500000	29.565600	11.046827	0.090966	11.137800
67.500000	29.565600	10.901678	0.114254	11.015900
76.500000	29.565600	10.786941	0.118391	10.905300
85.500000	29.565600	10.970374	0.132440	11.102800
94.500000	29.565600	10.903149	0.122769	11.025900
103.500000	29.565600	11.169583	0.124087	11.293700
112.500000	29.565600	11.003975	0.136160	11.140100
121.500000	29.565600	11.321496	0.140080	11.461600
130.500000	29.565600	10.934318	0.117279	11.051600
139.500000	29.565600	10.940165	0.122130	11.062300
148.500000	29.565600	11.047155	0.135072	11.182200
157.500000	29.565600	10.935461	0.112288	11.047800
166.500000	29.565600	10.984884	0.104685	11.089600
175.500000	29.565600	11.103263	0.090084	11.193300
184.500000	29.565600	10.959822	0.097486	11.057300
193.500000	29.565600	11.071505	0.112742	11.184200
202.500000	29.565600	11.031424	0.106184	11.137600
211.500000	29.565600	10.942948	0.151311	11.094300
220.500000	29.565600	10.823223	0.151510	10.974700
229.500000	29.565600	10.920588	0.130908	11.051500
238.500000	29.565600	11.260751	0.133398	11.394200
247.500000	29.565600	11.114414	0.118869	11.233300
256.500000	29.565600	10.937530	0.114716	11.052200
265.500000	29.565600	11.096398	0.139642	11.236000
274.500000	29.565600	10.963972	0.103656	11.067600
283.500000	29.565600	11.010614	0.114319	11.124900
292.500000	29.565600	10.937033	0.102685	11.039700
301.500000	29.565600	10.952674	0.108322	11.061000
310.500000	29.565600	10.870260	0.121152	10.991400
319.500000	29.565600	10.981412	0.108144	11.089600
328.500000	29.565600	11.032871	0.116862	11.149700
337.500000	29.565600	10.848715	0.140168	10.988900
346.500000	29.565600	10.992213	0.128751	11.121000
355.500000	29.565600	11.237374	0.135314	11.372700
4.090910	32.600500	11.185338	0.169407	11.354700
12.272700	32.600500	10.845684	0.157517	11.003200
20.454500	32.600500	11.072919	0.159365	11.232300
28.636400	32.600500	11.114324	0.144967	11.259300
36.818200	32.600500	11.004586	0.132379	11.137000
45.000000	32.600500	10.869808	0.137696	11.007500
53.181800	32.600500	11.047687	0.123861	11.171500
61.363600	32.600500	11.079105	0.131046	11.210200
69.545500	32.600500	10.903601	0.128290	11.031900
77.727300	32.600500	11.065002	0.140298	11.205300
85.909100	32.600500	10.982305	0.151719	11.134000
94.090900	32.600500	10.948580	0.148526	11.097100
102.273000	32.600500	10.968892	0.148835	11.117700
110.455000	32.600500	11.083211	0.194475	11.277700
118.636000	32.600500	11.117027	0.165519	11.282500
126.818000	32.600500	11.197156	0.163657	11.360800
135.000000	32.600500	10.916686	0.159307	11.076000
143.182000	32.600500	11.008838	0.179389	11.188200
151.364000	32.600500	10.978415	0.152719	11.131100
159.545000	32.600500	11.058397	0.157029	11.215400
167.727000	32.600500	10.973495	0.136014	11.109500
175.909000	32.600500	10.916234	0.133447	11.049700
184.091000	32.600500	10.982068	0.118741	11.100800
192.273000	32.600500	11.013113	0.123810	11.136900
200.455000	32.600500	11.033686	0.118126	11.151800
208.636000	32.600500	10.958872	0.157304	11.116200
216.818000	32.600500	11.061247	0.143242	11.204500
225.000000	32.600500	10.796713	0.171122	10.967800
233.182000	32.600500	11.015477	0.154836	11.170300
241.364000	32.600500	11.314031	0.175342	11.489400
249.545000	32.600500	11.015782	0.158501	11.174300
257.727000	32.600500	10.893694	0.166929	11.060600
265.909000	32.600500	11.130406	0.151504	11.281900
274.091000	32.600500	10.813723	0.137318	10.951000
282.273000	32.600500	10.825326	0.135433	10.960800
290.455000	32.600500	10.865657	0.131936	10.997600
298.636000	32.600500	10.984601	0.136589	11.121200
306.818000	32.600500	11.012310	0.143782	11.156100
315.000000	32.600500	10.859369	0.142034	11.001400
323.182000	32.600500	10.913983	0.123837	11.037800
331.364000	32.600500	10.998840	0.163538	11.162400
339.545000	32.600500	10.867704	0.165366	11.033100
347.727000	32.600500	10.731682	0.153159	10.884800
355.909000	32.600500	10.903737	0.157517	11.061300
3.750000	35.659100	11.119097	0.230382	11.349500
11.250000	35.659100	10.940233	0.235686	11.175900
18.750000	35.659100	10.821391	0.205146	11.026500
26.250000	35.659100	11.068961	0.249461	11.318400
33.750000	35.659100	10.885008	0.232742	11.117800
41.250000	35.659100	10.938695	0.218848	11.157500
48.750000	35.659100	10.837869	0.217725	11.055600
56.250000	35.659100	10.856066	0.182550	11.038600
63.750000	35.659100	10.920724	0.206256	11.127000
71.250000	35.659100	10.945560	0.214984	11.160500
78.750000	35.659100	10.896238	0.234756	11.131000
86.250000	35.659100	10.955162	0.233565	11.188700
93.750000	35.659100	10.966370	0.254564	11.220900
101.250000	35.659100	11.071008	0.241254	11.312300
108.750000	35.659100	10.791284	0.242662	11.033900
116.250000	35.659100	11.475082	0.235195	11.710300
123.750000	35.659100	11.174763	0.250583	11.425300
131.250000	35.659100	11.127760	0.273965	11.401700
138.750000	35.659100	10.916155	0.250253	11.166400
146.250000	35.659100	10.974298	0.239195	11.213500
153.750000	35.659100	11.038209	0.224189	11.262400
161.250000	35.659100	10.983142	0.224833	11.208000
168.750000	35.659100	11.009969	0.223213	11.233200
176.250000	35.659100	10.706257	0.216974	10.923200
183.750000	35.659100	10.891138	0.185974	11.077100
191.250000	35.659100	10.889747	0.197562	11.087300
198.750000	35.659100	10.887575	0.208544	11.096100
206.250000	35.659100	10.893841	0.234640	11.128500
213.750000	35.659100	11.001317	0.211352	11.212700
221.250000	35.659100	10.941726	0.244295	11.186000
228.750000	35.659100	10.885053	0.258407	11.143500
236.250000	35.659100	11.304916	0.241803	11.546700
243.750000	35.659100	11.196093	0.223807	11.419900
251.250000	35.659100	10.977307	0.229426	11.206700
258.750000	35.659100	10.779228	0.238368	11.017600
266.250000	35.659100	11.223825	0.264373	11.488200
273.750000	35.659100	10.970950	0.229989	11.200900
281.250000	35.659100	10.868292	0.208464	11.076800
288.750000	35.659100	10.929161	0.200805	11.130000
296.250000	35.659100	10.877973	0.205398	11.083400
303.750000	35.659100	10.969424	0.207183	11.176600
311.250000	35.659100	11.002482	0.198463	11.201000
318.750000	35.659100	10.817466	0.217252	11.034700
326.250000	35.659100	11.174695	0.212487	11.387200
333.750000	35.659100	10.910930	0.225667	11.136600
341.250000	35.659100	10.928007	0.238609	11.166600
348.750000	35.659100	11.092270	0.215198	11.307500
356.250000	35.659100	11.161067	0.242202	11.403300
3.461540	38.744200	11.151556	0.392414	11.544000
10.384600	38.744200	11.169787	0.367726	11.537500
17.307700	38.744200	10.855750	0.380121	11.235900
24.230800	38.744200	11.033471	0.333469	11.366900
31.153800	38.744200	10.958442	0.382219	11.340700
38.076900	38.744200	10.999270	0.369712	11.369000
45.000000	38.744200	11.030621	0.342546	11.373200
51.923100	38.744200	10.806891	0.356926	11.163800
58.846200	38.744200	10.915657	0.338353	11.254000
65.769200	38.744200	10.832938	0.337537	11.170500
72.692300	38.744200	10.784623	0.367885	11.152500
79.615400	38.744200	10.957673	0.355762	11.313400
86.538500	38.744200	10.884793	0.358047	11.242800
93.461500	38.744200	10.937270	0.377397	11.314700
100.385000	38.744200	10.759492	0.372929	11.132400
107.308000	38.744200	11.070046	0.389318	11.459400
114.231000	38.744200	11.138052	0.396579	11.534600
121.154000	38.744200	11.127149	0.361075	11.488200
128.077000	38.744200	11.000412	0.350414	11.350800
135.000000	38.744200	11.055694	0.362510	11.418200
141.923000	38.744200	10.828878	0.364028	11.192900
148.846000	38.744200	11.034443	0.375413	11.409900
155.769000	38.744200	10.830495	0.374618	11.205100
162.692000	38.744200	10.897822	0.329817	11.227600
169.615000	38.744200	10.939690	0.338956	11.278600
176.538000	38.744200	10.988684	0.327702	11.316400
183.462000	38.744200	10.919955	0.335927	11.255900
190.385000	38.744200	10.891149	0.340063	11.231200
197.308000	38.744200	10.703679	0.337225	11.040900
204.231000	38.744200	10.894655	0.376016	11.270700
211.154000	38.744200	10.852040	0.371983	11.224000
218.077000	38.744200	10.837767	0.367207	11.205000
225.000000	38.744200	11.096896	0.399953	11.496800
231.923000	38.744200	10.989397	0.353714	11.343100
238.846000	38.744200	11.327829	0.382825	11.710600
245.769000	38.744200	11.063837	0.376809	11.440700
252.692000	38.744200	10.945277	0.378179	11.323500
259.615000	38.744200	10.969718	0.382077	11.351800
266.538000	38.744200	10.956576	0.368914	11.325500
273.462000	38.744200	10.878245	0.347921	11.226200
280.385000	38.744200	10.892450	0.359100	11.251600
287.308000	38.744200	10.973031	0.354454	11.327500
294.231000	38.744200	10.861721	0.325546	11.187300
301.154000	38.744200	10.853951	0.302267	11.156200
308.077000	38.744200	10.879410	0.314434	11.193800
315.000000	38.744200	10.990234	0.359299	11.349500
321.923000	38.744200	10.835449	0.349236	11.184700
328.846000	38.744200	10.963497	0.360834	11.324300
335.769000	38.744200	10.844112	0.371424	11.215500
342.692000	38.744200	10.741872	0.377997	11.119900
349.615000	38.744200	11.126787	0.382913	11.509700
356.538000	38.744200	11.209450	0.375156	11.584600
3.214290	41.858800	11.395688	0.508267	11.904000
9.642860	41.858800	10.949349	0.519478	11.468800
16.071400	41.858800	10.840459	0.522909	11.363400
22.500000	41.858800	11.093797	0.539395	11.633200
28.928600	41.858800	10.944146	0.546447	11.490600
35.357100	41.858800	10.996556	0.533123	11.529700
41.785700	41.858800	11.004936	0.480253	11.485200
48.214300	41.858800	10.994429	0.521288	11.515700
54.642900	41.858800	11.002742	0.503119	11.505900
61.071400	41.858800	10.992292	0.488102	11.480400
67.500000	41.858800	11.017004	0.479247	11.496300
73.928600	41.858800	10.785855	0.486515	11.272400
80.357100	41.858800	10.932859	0.470759	11.403600
86.785700	41.858800	11.078823	0.520071	11.598900
93.214300	41.858800	10.859063	0.511313	11.370400
99.642900	41.858800	11.140212	0.547057	11.687300
106.071000	41.858800	11.067117	0.490779	11.557900
112.500000	41.858800	11.144238	0.552611	11.696900
118.929000	41.858800	11.160151	0.539598	11.699800
125.357000	41.858800	11.377026	0.533081	11.910100
131.786000	41.858800	11.195652	0.497517	11.693200
138.214000	41.858800	10.976334	0.572098	11.548400
144.643000	41.858800	10.862309	0.550899	11.413200
151.071000	41.858800	10.989521	0.570990	11.560500
157.500000	41.858800	11.075204	0.563324	11.638500
163.929000	41.858800	11.036649	0.490442	11.527100
170.357000	41.858800	11.029037	0.500546	11.529600
176.786000	41.858800	10.898681	0.517737	11.416400
183.214000	41.858800	10.887767	0.504298	11.392100
189.643000	41.858800	10.733582	0.500780	11.234400
196.071000	41.858800	11.076719	0.527032	11.603700
202.500000	41.858800	11.060230	0.478744	11.539000
208.929000	41.858800	11.045131	0.562634	11.607800
215.357000	41.858800	11.165727	0.528837	11.694600
221.786000	41.858800	11.071505	0.538070	11.609600
228.214000	41.858800	11.043729	0.486184	11.529900
234.643000	41.858800	11.154440	0.491904	11.646300
241.071000	41.858800	11.473951	0.549695	12.023700
247.500000	41.858800	11.245720	0.560358	11.806100
253.929000	41.858800	10.923744	0.483677	11.407400
260.357000	41.858800	10.969899	0.547089	11.517000
266.786000	41.858800	11.034613	0.532399	11.567000
273.214000	41.858800	10.955954	0.533553	11.489500
279.643000	41.858800	10.806801	0.513326	11.320100
286.071000	41.858800	10.954133	0.501342	11.455500
292.500000	41.858800	10.980428	0.507617	11.488000
298.929000	41.858800	11.017377	0.494835	11.512200
305.357000	41.858800	10.852006	0.476413	11.328400
311.786000	41.858800	10.946171	0.514700	11.460900
318.214000	41.858800	11.153761	0.513980	11.667700
324.643000	41.858800	10.917286	0.531600	11.448900
331.071000	41.858800	11.160241	0.550646	11.710900
337.500000	41.858800	10.836568	0.507377	11.343900
343.929000	41.858800	10.797244	0.527673	11.324900
350.357000	41.858800	11.068226	0.490154	11.558400
356.786000	41.858800	11.217141	0.523987	11.741100
3.000000	45.006100	11.427355	0.743701	12.171000
9.000000	45.006100	11.439569	0.764350	12.203900
15.000000	45.006100	11.236152	0.724154	11.960300
21.000000	45.006100	11.259914	0.743217	12.003100
27.000000	45.006100	11.339026	0.786945	12.125900
33.000000	45.006100	11.134037	0.736260	11.870300
39.000000	45.006100	11.295642	0.734408	12.030000
45.000000	45.006100	11.542601	0.740229	12.282900
51.000000	45.006100	11.296739	0.722953	12.019700
57.000000	45.006100	11.157697	0.710096	11.867800
63.000000	45.006100	11.355877	0.700819	12.056700
69.000000	45.006100	11.136468	0.724239	11.860700
75.000000	45.006100	11.189217	0.734028	11.923200
81.000000	45.006100	11.302473	0.802263	12.104700
87.000000	45.006100	11.267118	0.757061	12.024200
93.000000	45.006100	11.354633	0.746902	12.101600
99.000000	45.006100	11.193062	0.764699	11.957800
105.000000	45.006100	11.265456	0.746759	12.012200
111.000000	45.006100	11.512743	0.748736	12.261500
117.000000	45.006100	11.536494	0.744420	12.281000
123.000000	45.006100	11.569066	0.745282	12.314300
129.000000	45.006100	11.439117	0.746065	12.185200
135.000000	45.006100	11.138052	0.726717	11.864800
141.000000	45.006100	11.215987	0.758012	11.974000
147.000000	45.006100	11.207414	0.738700	11.946100
153.000000	45.006100	11.307924	0.718725	12.026600
159.000000	45.006100	11.288053	0.752361	12.040400
165.000000	45.006100	11.044995	0.755089	11.800100
171.000000	45.006100	11.343097	0.771069	12.114100
177.000000	45.006100	11.278044	0.716988	11.995000
183.000000	45.006100	11.246094	0.737936	11.984000
189.000000	45.006100	11.257618	0.760287	12.017900
195.000000	45.006100	11.227218	0.758283	11.985500
201.000000	45.006100	11.205627	0.743593	11.949200
207.000000	45.006100	11.176053	0.779975	11.956000
213.000000	45.006100	11.283484	0.789797	12.073300
219.000000	45.006100	11.268905	0.746874	12.015800
225.000000	45.006100	11.094080	0.738111	11.832200
231.000000	45.006100	11.348526	0.767903	12.116400
237.000000	45.006100	11.565673	0.775938	12.341600
243.000000	45.006100	11.668365	0.745944	12.414300
249.000000	45.006100	11.378044	0.756031	12.134000
255.000000	45.006100	11.375895	0.757144	12.133000
261.000000	45.006100	11.337895	0.768848	12.106700
267.000000	45.006100	11.312109	0.736596	12.048700
273.000000	45.006100	11.472481	0.742009	12.214500
279.000000	45.006100	11.248944	0.757406	12.006400
285.000000	45.006100	11.348639	0.731557	12.080200
291.000000	45.006100	11.286843	0.695267	11.982100
297.000000	45.006100	11.444093	0.723518	12.167600
303.000000	45.006100	11.200097	0.698749	11.898800
309.000000	45.006100	11.213318	0.704716	11.918000
315.000000	45.006100	11.267005	0.698635	11.965600
321.000000	45.006100	11.289353	0.721935	12.011300
327.000000	45.006100	11.443867	0.744384	12.188200
333.000000	45.006100	11.231436	0.767744	11.999200
339.000000	45.006100	11.241400	0.733818	11.975200
345.000000	45.006100	11.293199	0.737835	12.031000
351.000000	45.006100	11.361532	0.754458	12.115900
357.000000	45.006100	11.792998	0.767221	12.560200
2.812500	48.189700	11.861309	1.083800	12.945100
8.437500	48.189700	11.703425	1.129111	12.832500
14.062500	48.189700	11.509011	1.049481	12.558500
19.687500	48.189700	11.422039	1.053954	12.476000
25.312500	48.189700	11.467617	1.092819	12.560400
30.937500	48.189700	11.417742	1.113492	12.531300
36.562500	48.189700	11.548482	1.087213	12.635700
42.187500	48.189700	11.525184	1.026293	12.551500
47.812500	48.189700	11.443754	1.075697	12.519500
53.437500	48.189700	11.459474	1.007320	12.466800
59.062500	48.189700	11.486731	1.044812	12.531600
64.687500	48.189700	11.459701	1.069871	12.529600
70.312500	48.189700	11.434706	1.029051	12.463800
75.937500	48.189700	11.522809	1.062195	12.585000
81.562500	48.189700	11.558321	1.105645	12.664000
87.187500	48.189700	11.715640	1.093207	12.808900
92.812500	48.189700	11.465582	1.050202	12.515800
98.437500	48.189700	11.552101	1.075907	12.628000
104.062000	48.189700	11.513196	1.108642	12.621800
109.688000	48.189700	11.760766	1.062828	12.823600
115.312000	48.189700	11.589310	1.111473	12.700800
120.938000	48.189700	11.849434	1.085427	12.934900
126.562000	48.189700	11.921477	1.088909	13.010400
132.188000	48.189700	11.624597	1.091459	12.716100
137.812000	48.189700	11.303547	1.097534	12.401100
143.437000	48.189700	11.535928	1.097217	12.633200
149.062000	48.189700	11.476552	1.063153	12.539700
154.688000	48.189700	11.578227	1.089243	12.667500
160.312000	48.189700	11.505279	1.087483	12.592700
165.938000	48.189700	11.407676	1.047786	12.455400
171.562000	48.189700	11.540905	1.014822	12.555700
177.188000	48.189700	11.224888	1.028901	12.253800
182.812000	48.189700	11.497475	1.050584	12.548100
188.438000	48.189700	11.524618	0.998484	12.523100
194.062000	48.189700	11.464225	1.064728	12.529000
199.687000	48.189700	11.495892	1.073615	12.569500
205.312000	48.189700	11.315162	1.095138	12.410300
210.938000	48.189700	11.675603	1.075358	12.751000
216.562000	48.189700	11.419099	1.092481	12.511600
222.188000	48.189700	11.470332	1.094968	12.565300
227.812000	48.189700	11.522583	1.064136	12.586700
233.438000	48.189700	11.861535	1.093545	12.955100
239.062000	48.189700	11.768004	1.055060	12.823000
244.687000	48.189700	11.704104	1.070956	12.775100
250.312000	48.189700	11.542149	1.059602	12.601800
255.937000	48.189700	11.653097	1.045016	12.698200
261.562000	48.189700	11.513648	1.094653	12.608300
267.188000	48.189700	11.648460	1.042820	12.691300
272.812000	48.189700	11.342306	1.029370	12.371700
278.438000	48.189700	11.576304	1.069424	12.645800
284.062000	48.189700	11.278044	1.070825	12.348900
289.688000	48.189700	11.321383	0.985815	12.307200
295.312000	48.189700	11.588179	1.039472	12.627600
300.938000	48.189700	11.402360	1.022079	12.424400
306.562000	48.189700	11.565447	0.988263	12.553700
312.187000	48.189700	11.653323	1.005095	12.658400
317.812000	48.189700	11.428938	1.098000	12.527000
323.438000	48.189700	11.520999	1.071373	12.592400
329.062000	48.189700	11.613852	1.081661	12.695500
334.688000	48.189700	11.494422	1.049538	12.544000
340.312000	48.189700	11.292441	1.088188	12.380600
345.938000	48.189700	11.702068	1.068487	12.770600
351.562000	48.189700	11.748325	1.116785	12.865100
357.187000	48.189700	11.929733	1.063697	12.993500
0.000000	51.317800	11.598584	1.504964	13.103600
5.625000	51.317800	11.575060	1.476260	13.051300
11.250000	51.317800	11.466260	1.458085	12.924400
16.875000	51.317800	11.136095	1.441279	12.577400
22.500000	51.317800	11.273361	1.471136	12.744500
28.125000	51.317800	11.221167	1.385465	12.606600
33.750000	51.317800	11.440474	1.425049	12.865500
39.375000	51.317800	11.353615	1.452136	12.805700
45.000000	51.317800	11.254237	1.316295	12.570500
50.625000	51.317800	11.270738	1.397623	12.668400
56.250000	51.317800	11.216632	1.348980	12.565600
61.875000	51.317800	11.340383	1.450044	12.790400
67.500000	51.317800	11.332240	1.406490	12.738700
73.125000	51.317800	11.423509	1.382016	12.805500
78.750000	51.317800	11.249226	1.447216	12.696400
84.375000	51.317800	11.454046	1.400405	12.854500
90.000000	51.317800	11.428825	1.441810	12.870600
95.625000	51.317800	11.370128	1.461274	12.831400
101.250000	51.317800	11.137724	1.450530	12.588300
106.875000	51.317800	11.449409	1.379844	12.829200
112.500000	51.317800	11.368092	1.452667	12.820700
118.125000	51.317800	11.604239	1.475547	13.079800
123.750000	51.317800	11.600394	1.497680	13.098100
129.375000	51.317800	11.306714	1.488825	12.795500
135.000000	51.317800	11.541018	1.504149	13.045200
140.625000	51.317800	11.405188	1.508085	12.913300
146.250000	51.317800	11.314823	1.432457	12.747300
151.875000	51.317800	11.251511	1.416872	12.668400
157.500000	51.317800	11.409033	1.446628	12.855700
163.125000	51.317800	11.161881	1.426655	12.588500
168.750000	51.317800	11.354520	1.413966	12.768500
174.375000	51.317800	11.203343	1.433339	12.636700
180.000000	51.317800	11.298910	1.394728	12.693600
185.625000	51.317800	11.509124	1.431880	12.941100
191.250000	51.317800	11.342758	1.422934	12.765700
196.875000	51.317800	11.356217	1.402972	12.759200
202.500000	51.317800	11.399646	1.440034	12.839700
208.125000	51.317800	11.169154	1.460867	12.630000
213.750000	51.317800	11.168916	1.445124	12.614000
219.375000	51.317800	11.363115	1.463457	12.826500
225.000000	51.317800	11.227421	1.430104	12.657500
230.625000	51.317800	11.632853	1.418682	13.051600
236.250000	51.317800	11.454951	1.483057	12.938000
241.875000	51.317800	11.575625	1.458311	13.034000
247.500000	51.317800	11.751831	1.384232	13.136100
253.125000	51.317800	11.236944	1.470820	12.707800
258.750000	51.317800	11.390598	1.442025	12.832600
264.375000	51.317800	11.248096	1.444558	12.692700
270.000000	51.317800	11.273169	1.440328	12.713500
275.625000	51.317800	11.327377	1.416849	12.744200
281.250000	51.317800	11.349770	1.459962	12.809700
286.875000	51.317800	11.344907	1.418422	12.763400
292.500000	51.317800	11.367866	1.374314	12.742200
298.125000	51.317800	11.233879	1.394513	12.628400
303.750000	51.317800	11.447712	1.409272	12.857000
309.375000	51.317800	11.442962	1.402294	12.845200
315.000000	51.317800	11.236107	1.357292	12.593400
320.625000	51.317800	11.363794	1.407915	12.771700
326.250000	51.317800	11.492725	1.416284	12.909000
331.875000	51.317800	11.075826	1.391674	12.467500
337.500000	51.317800	11.409825	1.441267	12.851000
343.125000	51.317800	11.334276	1.498800	12.833100
348.750000	51.317800	11.535363	1.463502	12.998800
354.375000	51.317800	11.627650	1.493235	13.120800
2.812500	54.314700	11.569971	1.797049	13.367000
8.437500	54.314700	11.255085	1.827280	13.082400
14.062500	54.314700	11.167876	1.900363	13.068200
19.687500	54.314700	11.229842	1.883885	13.113700
25.312500	54.314700	11.099146	1.839992	12.939100
30.937500	54.314700	11.090834	1.903654	12.994500
36.562500	54.314700	10.948512	1.800272	12.748800
42.187500	54.314700	11.116982	1.799424	12.916400
47.812500	54.314700	10.932972	1.798553	12.731500
53.437500	54.314700	11.068056	1.797399	12.865400
59.062500	54.314700	10.992767	1.820539	12.813300
64.687500	54.314700	11.233495	1.743441	12.976900
70.312500	54.314700	11.133483	1.805791	12.939300
75.937500	54.314700	11.066258	1.792581	12.858800
81.562500	54.314700	11.208093	1.808008	13.016100
87.187500	54.314700	11.246965	1.851765	13.098700
92.812500	54.314700	11.186152	1.830401	13.016600
98.437500	54.314700	11.214675	1.852636	13.067300
104.062000	54.314700	11.215037	1.810417	13.025500
109.688000	54.314700	11.237872	1.809535	13.047400
115.312000	54.314700	11.428033	1.901743	13.329800
120.938000	54.314700	11.365717	1.879022	13.244800
126.562000	54.314700	11.296863	1.822043	13.118900
132.188000	54.314700	11.127975	1.810145	12.938100
137.812000	54.314700	11.037949	1.852772	12.890700
143.437000	54.314700	10.955535	1.856414	12.812000
149.062000	54.314700	11.035190	1.807363	12.842600
154.688000	54.314700	10.875327	1.849741	12.725100
160.312000	54.314700	11.054371	1.838850	12.893200
165.938000	54.314700	11.123688	1.809490	12.933200
171.562000	54.314700	11.083720	1.806956	12.890700
177.188000	54.314700	11.192780	1.804174	12.997000
182.812000	54.314700	10.960953	1.748247	12.709200
188.438000	54.314700	11.138323	1.826511	12.964800
194.062000	54.314700	11.131741	1.781102	12.912900
199.687000	54.314700	11.186571	1.789709	12.976300
205.312000	54.314700	11.047574	1.844029	12.891600
210.938000	54.314700	11.202913	1.813199	13.016100
216.562000	54.314700	10.894689	1.901144	12.795800
222.188000	54.314700	11.054948	1.839720	12.894700
227.812000	54.314700	11.148050	1.884892	13.032900
233.438000	54.314700	11.328055	1.852806	13.180800
239.062000	54.314700	11.257392	1.863901	13.121300
244.687000	54.314700	11.386753	1.815732	13.202500
250.312000	54.314700	11.280079	1.830616	13.110700
255.937000	54.314700	10.957662	1.851030	12.808700
261.562000	54.314700	10.918044	1.815224	12.733300
267.188000	54.314700	11.217514	1.794708	13.012200
272.812000	54.314700	11.051668	1.793203	12.844900
278.438000	54.314700	11.056791	1.797162	12.854000
284.062000	54.314700	11.097156	1.786474	12.883600
289.688000	54.314700	11.034715	1.818492	12.853200
295.312000	54.314700	11.304079	1.743916	13.048000
300.938000	54.314700	11.031491	1.712882	12.744400
306.562000	54.314700	11.089420	1.774192	12.863600
312.187000	54.314700	10.919706	1.797569	12.717300
317.812000	54.314700	11.085710	1.812215	12.897900
323.438000	54.314700	11.231006	1.771025	13.002000
329.062000	54.314700	11.113894	1.835570	12.949500
334.688000	54.314700	10.972138	1.772224	12.744400
340.312000	54.314700	10.970034	1.798406	12.768400
345.938000	54.314700	10.981695	1.885231	12.866900
351.562000	54.314700	11.292113	1.838058	13.130200
357.187000	54.314700	11.257268	1.884303	13.141600
0.000000	57.202800	11.122931	2.213779	13.336700
5.625000	57.202800	11.157561	2.258837	13.416400
11.250000	57.202800	11.098931	2.211426	13.310400
16.875000	57.202800	10.721888	2.237834	12.959700
22.500000	57.202800	10.677384	2.223720	12.901100
28.125000	57.202800	10.715588	2.231671	12.947300
33.750000	57.202800	10.747176	2.148159	12.895300
39.375000	57.202800	11.022715	2.212761	13.235500
45.000000	57.202800	10.675393	2.116911	12.792300
50.625000	57.202800	10.755116	2.145886	12.901000
56.250000	57.202800	10.604775	2.128933	12.733700
61.875000	57.202800	10.843003	2.065169	12.908200
67.500000	57.202800	10.860839	2.196859	13.057700
73.125000	57.202800	10.876028	2.146927	13.023000
78.750000	57.202800	10.694507	2.228198	12.922700
84.375000	57.202800	10.669738	2.278244	12.948000
90.000000	57.202800	10.858260	2.180189	13.038400
95.625000	57.202800	10.768438	2.276242	13.044700
101.250000	57.202800	10.560611	2.213960	12.774600
106.875000	57.202800	10.778662	2.311664	13.090300
112.500000	57.202800	11.129671	2.221933	13.351600
118.125000	57.202800	10.983538	2.217364	13.200900
123.750000	57.202800	11.065783	2.247843	13.313600
129.375000	57.202800	10.910127	2.256710	13.166800
135.000000	57.202800	11.099689	2.083377	13.183100
140.625000	57.202800	10.662172	2.238298	12.900500
146.250000	57.202800	10.881061	2.207784	13.088800
151.875000	57.202800	10.783435	2.162319	12.945700
157.500000	57.202800	10.751904	2.190537	12.942400
163.125000	57.202800	10.705228	2.137528	12.842800
168.750000	57.202800	10.792200	2.124613	12.916800
174.375000	57.202800	10.940369	2.056618	12.997000
180.000000	57.202800	10.964628	2.136533	13.101200
185.625000	57.202800	10.876684	2.197753	13.074400
191.250000	57.202800	10.610905	2.131478	12.742400
196.875000	57.202800	10.757411	2.150082	12.907500
202.500000	57.202800	10.977137	2.155590	13.132700
208.125000	57.202800	10.949699	2.143783	13.093500
213.750000	57.202800	10.898082	2.204561	13.102600
219.375000	57.202800	10.701643	2.283673	12.985300
225.000000	57.202800	10.691363	2.234000	12.925400
230.625000	57.202800	10.983798	2.226117	13.209900
236.250000	57.202800	11.037078	2.233706	13.270800
241.875000	57.202800	10.925406	2.243229	13.168600
247.500000	57.202800	11.000062	2.266991	13.267100
253.125000	57.202800	10.965906	2.233887	13.199800
258.750000	57.202800	10.819762	2.200874	13.020600
264.375000	57.202800	10.776412	2.244009	13.020400
270.000000	57.202800	10.779126	2.199540	12.978700
275.625000	57.202800	10.783933	2.125800	12.909700
281.250000	57.202800	10.942450	2.147300	13.089700
286.875000	57.202800	10.805975	2.177135	12.983100
292.500000	57.202800	10.734498	2.171718	12.906200
298.125000	57.202800	10.759402	2.127802	12.887200
303.750000	57.202800	10.814107	2.192595	13.006700
309.375000	57.202800	10.835731	2.083264	12.919000
315.000000	57.202800	10.885370	2.187122	13.072500
320.625000	57.202800	10.634135	2.160985	12.795100
326.250000	57.202800	10.838604	2.178526	13.017100
331.875000	57.202800	10.660351	2.161381	12.821700
337.500000	57.202800	10.789870	2.219716	13.009600
343.125000	57.202800	10.735572	2.237088	12.972700
348.750000	57.202800	10.820622	2.266437	13.087000
354.375000	57.202800	11.050006	2.244835	13.294800
2.812500	60.000000	10.894056	2.694838	13.588900
8.437500	60.000000	10.615723	2.658715	13.274400
14.062500	60.000000	10.569749	2.727116	13.296900
19.687500	60.000000	10.528107	2.687272	13.215400
25.312500	60.000000	10.464919	2.675555	13.140500
30.937500	60.000000	10.509412	2.655605	13.165000
36.562500	60.000000	10.546180	2.579524	13.125700
42.187500	60.000000	10.576557	2.677738	13.254300
47.812500	60.000000	10.435989	2.605785	13.041800
53.437500	60.000000	10.661233	2.545719	13.206900
59.062500	60.000000	10.525053	2.616450	13.141500
64.687500	60.000000	10.569138	2.589771	13.158900
70.312500	60.000000	10.619320	2.537870	13.157200
75.937500	60.000000	10.532585	2.584342	13.116900
81.562500	60.000000	10.632111	2.623508	13.255600
87.187500	60.000000	10.623493	2.646715	13.270200
92.812500	60.000000	10.525245	2.679570	13.204800
98.437500	60.000000	10.273004	2.637622	12.910600
104.062000	60.000000	10.393057	2.690156	13.083200
109.688000	60.000000	10.559242	2.702970	13.262200
115.312000	60.000000	10.708633	2.585654	13.294300
120.938000	60.000000	10.760058	2.760412	13.520500
126.562000	60.000000	10.736534	2.709518	13.446100
132.188000	60.000000	10.608643	2.641456	13.250100
137.812000	60.000000	10.595513	2.723791	13.319300
143.437000	60.000000	10.547899	2.601555	13.149500
149.062000	60.000000	10.423514	2.631504	13.055000
154.688000	60.000000	10.430696	2.651296	13.082000
160.312000	60.000000	10.343600	2.548965	12.892600
165.938000	60.000000	10.681195	2.564946	13.246100
171.562000	60.000000	10.581930	2.650493	13.232400
177.188000	60.000000	10.362385	2.587701	12.950100
182.812000	60.000000	10.575721	2.592044	13.167800
188.438000	60.000000	10.882995	2.590574	13.473600
194.062000	60.000000	10.536385	2.571947	13.108300
199.687000	60.000000	10.401200	2.534274	12.935500
205.312000	60.000000	10.447423	2.603535	13.051000
210.938000	60.000000	10.600749	2.586027	13.186800
216.562000	60.000000	10.623154	2.697926	13.321100
222.188000	60.000000	10.631885	2.755843	13.387700
227.812000	60.000000	10.468877	2.663137	13.132000
233.438000	60.000000	10.819253	2.580327	13.399600
239.062000	60.000000	10.746927	2.735135	13.482100
244.687000	60.000000	10.808215	2.675419	13.483600
250.312000	60.000000	10.768235	2.656215	13.424500
255.937000	60.000000	10.467679	2.650877	13.118600
261.562000	60.000000	10.485876	2.642825	13.128700
267.188000	60.000000	10.585164	2.649780	13.234900
272.812000	60.000000	10.398689	2.655605	13.054300
278.438000	60.000000	10.753408	2.617118	13.370500
284.062000	60.000000	10.474125	2.542383	13.016500
289.688000	60.000000	10.595807	2.565104	13.160900
295.312000	60.000000	10.552750	2.587350	13.140100
300.938000	60.000000	10.503519	2.560987	13.064500
306.562000	60.000000	10.356628	2.577443	12.934100
312.187000	60.000000	10.514625	2.549259	13.063900
317.812000	60.000000	10.672351	2.532272	13.204600
323.438000	60.000000	10.483207	2.600221	13.083400
329.062000	60.000000	10.497005	2.641309	13.138300
334.688000	60.000000	10.555691	2.646579	13.202300
340.312000	60.000000	10.452230	2.794409	13.246600
345.938000	60.000000	10.539213	2.696715	13.235900
351.562000	60.000000	10.704335	2.734411	13.438700
357.187000	60.000000	10.754143	2.659190	13.413300
0.000000	62.720400	10.643918	3.156026	13.799900
5.625000	62.720400	10.417905	3.260743	13.678700
11.250000	62.720400	10.390897	3.168682	13.559600
16.875000	62.720400	10.191585	3.191675	13.383300
22.500000	62.720400	10.139063	3.101038	13.240100
28.125000	62.720400	10.004986	3.133871	13.138900
33.750000	62.720400	10.321444	3.087648	13.409100
39.375000	62.720400	10.285026	3.056976	13.342000
45.000000	62.720400	10.383331	3.125535	13.508900
50.625000	62.720400	10.331125	3.097781	13.428900
56.250000	62.720400	10.411141	3.038937	13.450100
61.875000	62.720400	10.223354	3.042533	13.265900
67.500000	62.720400	10.228783	2.951399	13.180200
73.125000	62.720400	10.220267	3.084719	13.305000
78.750000	62.720400	10.045023	3.121238	13.166300
84.375000	62.720400	10.325142	3.121803	13.446900
90.000000	62.720400	10.218141	2.993279	13.211400
95.625000	62.720400	10.138384	3.123070	13.261500
101.250000	62.720400	10.270584	3.187106	13.457700
106.875000	62.720400	10.427620	3.096594	13.524200
112.500000	62.720400	10.571909	3.148539	13.720400
118.125000	62.720400	10.484666	3.147284	13.631900
123.750000	62.720400	10.227528	3.214373	13.441900
129.375000	62.720400	10.230627	3.130218	13.360900
135.000000	62.720400	10.271127	3.191437	13.462600
140.625000	62.720400	10.321444	3.151525	13.473000
146.250000	62.720400	10.232696	3.032309	13.265000
151.875000	62.720400	10.154309	2.960933	13.115200
157.500000	62.720400	10.216139	3.042771	13.258900
163.125000	62.720400	10.213685	3.047566	13.261200
168.750000	62.720400	10.242491	3.036155	13.278700
174.375000	62.720400	10.077255	3.118750	13.196000
180.000000	62.720400	10.383274	2.981676	13.364900
185.625000	62.720400	10.045633	3.042873	13.088500
191.250000	62.720400	10.220403	3.007428	13.227800
196.875000	62.720400	10.098812	2.963557	13.062400
202.500000	62.720400	10.167111	3.046220	13.213300
208.125000	62.720400	10.301132	3.091018	13.392100
213.750000	62.720400	10.297603	3.028916	13.326500
219.375000	62.720400	10.029879	3.084470	13.114300
225.000000	62.720400	10.278433	3.130240	13.408700
230.625000	62.720400	10.542379	3.163084	13.705500
236.250000	62.720400	10.516966	3.230411	13.747400
241.875000	62.720400	10.577519	3.227843	13.805400
247.500000	62.720400	10.498882	3.210822	13.709700
253.125000	62.720400	10.373672	3.227334	13.601000
258.750000	62.720400	10.164125	3.071000	13.235100
264.375000	62.720400	10.224112	3.135364	13.359500
270.000000	62.720400	10.319125	3.146413	13.465500
275.625000	62.720400	10.298101	3.020615	13.318700
281.250000	62.720400	10.224474	3.118535	13.343000
286.875000	62.720400	10.183047	3.047261	13.230300
292.500000	62.720400	10.278241	3.052520	13.330800
298.125000	62.720400	10.145363	3.012381	13.157700
303.750000	62.720400	10.324712	3.057835	13.382500
309.375000	62.720400	10.188351	3.095576	13.283900
315.000000	62.720400	10.215675	3.011986	13.227700
320.625000	62.720400	10.127640	2.980499	13.108100
326.250000	62.720400	10.430232	3.115764	13.546000
331.875000	62.720400	10.451969	3.056399	13.508400
337.500000	62.720400	10.180004	3.123126	13.303100
343.125000	62.720400	10.130038	3.147420	13.277500
348.750000	62.720400	10.538093	3.196018	13.734100
354.375000	62.720400	10.498724	3.282277	13.781000
2.812500	65.375700	10.254445	3.611854	13.866300
8.437500	65.375700	10.088034	3.607126	13.695200
14.062500	65.375700	10.032785	3.580492	13.613300
19.687500	65.375700	9.825014	3.629520	13.454500
25.312500	65.375700	9.994977	3.525187	13.520200
30.937500	65.375700	9.968818	3.580933	13.549800
36.562500	65.375700	10.136066	3.499175	13.635200
42.187500	65.375700	9.901118	3.427573	13.328700
47.812500	65.375700	9.934866	3.637764	13.572600
53.437500	65.375700	10.050089	3.489234	13.539300
59.062500	65.375700	9.778271	3.591576	13.369800
64.687500	65.375700	9.732094	3.455248	13.187300
70.312500	65.375700	9.966103	3.526612	13.492700
75.937500	65.375700	10.022720	3.498406	13.521100
81.562500	65.375700	9.925388	3.490806	13.416200
87.187500	65.375700	10.029257	3.575663	13.604900
92.812500	65.375700	9.853289	3.541620	13.394900
98.437500	65.375700	9.909080	3.540297	13.449400
104.062000	65.375700	10.019632	3.613912	13.633500
109.688000	65.375700	10.196403	3.632800	13.829200
115.312000	65.375700	10.301018	3.620087	13.921100
120.938000	65.375700	10.318820	3.597649	13.916500
126.562000	65.375700	10.388228	3.543000	13.931200
132.188000	65.375700	10.151481	3.598769	13.750200
137.812000	65.375700	9.975886	3.670450	13.646300
143.437000	65.375700	9.974122	3.629327	13.603500
149.062000	65.375700	10.064498	3.511921	13.576400
154.688000	65.375700	10.092365	3.541213	13.633600
160.312000	65.375700	9.894117	3.539144	13.433300
165.938000	65.375700	10.052261	3.499073	13.551300
171.562000	65.375700	9.974111	3.454208	13.428300
177.188000	65.375700	9.867222	3.470674	13.337900
182.812000	65.375700	9.952124	3.394730	13.346800
188.438000	65.375700	9.852497	3.525821	13.378300
194.062000	65.375700	9.898234	3.530311	13.428500
199.687000	65.375700	9.977221	3.502805	13.480000
205.312000	65.375700	10.014746	3.476601	13.491300
210.938000	65.375700	9.988248	3.487187	13.475400
216.562000	65.375700	9.978046	3.468571	13.446600
222.188000	65.375700	9.989763	3.661402	13.651200
227.812000	65.375700	10.140793	3.705928	13.846700
233.438000	65.375700	10.308042	3.621614	13.929700
239.062000	65.375700	10.218288	3.575844	13.794100
244.687000	65.375700	10.240602	3.603439	13.844000
250.312000	65.375700	10.080558	3.483398	13.564000
255.937000	65.375700	10.004161	3.651472	13.655600
261.562000	65.375700	9.885827	3.515450	13.401300
267.188000	65.375700	9.932446	3.574701	13.507100
272.812000	65.375700	9.903606	3.583093	13.486700
278.438000	65.375700	9.997035	3.495579	13.492600
284.062000	65.375700	9.912518	3.567961	13.480500
289.688000	65.375700	9.997657	3.468164	13.465800
295.312000	65.375700	9.982830	3.520041	13.502900
300.938000	65.375700	10.049456	3.475866	13.525300
306.562000	65.375700	9.798210	3.447591	13.245800
312.187000	65.375700	10.038135	3.447105	13.485200
317.812000	65.375700	10.022731	3.574147	13.596900
323.438000	65.375700	10.090691	3.502568	13.593300
329.062000	65.375700	10.124756	3.428478	13.553200
334.688000	65.375700	10.044955	3.556006	13.601000
340.312000	65.375700	9.964927	3.599119	13.564100
345.938000	65.375700	9.956682	3.593283	13.550000
351.562000	65.375700	10.272292	3.643906	13.916200
357.187000	65.375700	10.226205	3.657704	13.883900
0.000000	67.975700	9.956060	4.217818	14.173900
5.625000	67.975700	9.890362	4.045503	13.935900
11.250000	67.975700	9.761284	4.081389	13.842700
16.875000	67.975700	9.775546	3.937337	13.712900
22.500000	67.975700	9.738382	3.990787	13.729200
28.125000	67.975700	9.635667	3.928594	13.564300
33.750000	67.975700	9.803820	3.995763	13.799600
39.375000	67.975700	9.668533	3.942042	13.610600
45.000000	67.975700	9.686753	3.864276	13.551000
50.625000	67.975700	9.703310	3.836182	13.539500
56.250000	67.975700	9.559371	3.894100	13.453500
61.875000	67.975700	9.755267	3.819908	13.575200
67.500000	67.975700	9.662527	3.920836	13.583400
73.125000	67.975700	9.634638	4.005715	13.640300
78.750000	67.975700	9.545031	3.927678	13.472700
84.375000	67.975700	9.593040	3.882145	13.475200
90.000000	67.975700	9.775580	3.804821	13.580400
95.625000	67.975700	9.596682	3.952944	13.549600
101.250000	67.975700	9.839355	3.993433	13.832800
106.875000	67.975700	9.761397	4.101113	13.862500
112.500000	67.975700	9.966952	4.009482	13.976400
118.125000	67.975700	9.968026	4.004358	13.972400
123.750000	67.975700	9.885454	4.102255	13.987700
129.375000	67.975700	9.718477	4.066709	13.785200
135.000000	67.975700	9.637691	4.038842	13.676500
140.625000	67.975700	9.539851	3.972668	13.512500
146.250000	67.975700	9.656024	3.965091	13.621100
151.875000	67.975700	9.954002	3.788512	13.742500
157.500000	67.975700	9.663285	3.985776	13.649100
163.125000	67.975700	9.649114	4.036297	13.685400
168.750000	67.975700	9.548310	3.875031	13.423300
174.375000	67.975700	9.596309	3.991940	13.588200
180.000000	67.975700	9.664914	3.934588	13.599500
185.625000	67.975700	9.568442	3.924862	13.493300
191.250000	67.975700	9.734910	3.851247	13.586200
196.875000	67.975700	9.568521	3.831319	13.399800
202.500000	67.975700	9.646207	3.905093	13.551300
208.125000	67.975700	9.753277	4.065295	13.818600
213.750000	67.975700	9.667877	3.898748	13.566600
219.375000	67.975700	9.642407	4.062875	13.705300
225.000000	67.975700	9.767866	4.029907	13.797800
230.625000	67.975700	9.807349	4.014989	13.822300
236.250000	67.975700	10.062835	4.038796	14.101600
241.875000	67.975700	10.026848	4.084171	14.111000
247.500000	67.975700	9.921577	4.090550	14.012100
253.125000	67.975700	9.825150	4.022194	13.847300
258.750000	67.975700	9.787048	3.885357	13.672400
264.375000	67.975700	9.701976	4.002040	13.704000
270.000000	67.975700	9.686606	3.874262	13.560900
275.625000	67.975700	9.599001	3.887710	13.486700
281.250000	67.975700	9.696705	3.868766	13.565500
286.875000	67.975700	9.748029	3.954776	13.702800
292.500000	67.975700	9.557992	3.880381	13.438400
298.125000	67.975700	9.612143	3.864117	13.476300
303.750000	67.975700	9.743109	3.945695	13.688800
309.375000	67.975700	9.781212	3.902944	13.684200
315.000000	67.975700	9.721542	3.907830	13.629400
320.625000	67.975700	9.719687	3.992042	13.711700
326.250000	67.975700	9.789095	3.954166	13.743300
331.875000	67.975700	9.802904	4.002074	13.805000
337.500000	67.975700	9.768850	3.839485	13.608300
343.125000	67.975700	9.787557	4.002571	13.790100
348.750000	67.975700	9.807179	4.006699	13.813900
354.375000	67.975700	9.933950	4.047720	13.981700
2.812500	70.528800	9.744806	4.404225	14.149000
8.437500	70.528800	9.654599	4.391343	14.045900
14.062500	70.528800	9.463035	4.419154	13.882200
19.687500	70.528800	9.397925	4.427139	13.825100
25.312500	70.528800	9.382351	4.269718	13.652100
30.937500	70.528800	9.366246	4.385066	13.751300
36.562500	70.528800	9.642045	4.347891	13.989900
42.187500	70.528800	9.375656	4.276301	13.652000
47.812500	70.528800	9.208487	4.423146	13.631600
53.437500	70.528800	9.302753	4.268373	13.571100
59.062500	70.528800	9.132610	4.281967	13.414600
64.687500	70.528800	9.531730	4.366813	13.898500
70.312500	70.528800	9.358149	4.267004	13.625100
75.937500	70.528800	9.459167	4.322761	13.781900
81.562500	70.528800	9.423112	4.325668	13.748800
87.187500	70.528800	9.447213	4.312571	13.759800
92.812500	70.528800	9.493119	4.335960	13.829100
98.437500	70.528800	9.439669	4.332793	13.772500
104.062000	70.528800	9.292416	4.421427	13.713800
109.688000	70.528800	9.532149	4.280463	13.812600
115.312000	70.528800	9.579333	4.436198	14.015500
120.938000	70.528800	9.528733	4.368147	13.896900
126.562000	70.528800	9.697904	4.405582	14.103500
132.188000	70.528800	9.431311	4.419810	13.851100
137.812000	70.528800	9.470646	4.405594	13.876200
143.437000	70.528800	9.280439	4.301804	13.582200
149.062000	70.528800	9.418294	4.305955	13.724300
154.688000	70.528800	9.677558	4.361101	14.038700
160.312000	70.528800	9.207039	4.408783	13.615800
165.938000	70.528800	9.491637	4.273315	13.765000
171.562000	70.528800	9.463453	4.344996	13.808500
177.188000	70.528800	9.483641	4.314528	13.798200
182.812000	70.528800	9.290901	4.326380	13.617300
188.438000	70.528800	9.270408	4.323180	13.593600
194.062000	70.528800	9.396014	4.355412	13.751400
199.687000	70.528800	9.409404	4.260343	13.669700
205.312000	70.528800	9.401634	4.229445	13.631100
210.938000	70.528800	9.384116	4.441185	13.825300
216.562000	70.528800	9.396149	4.286649	13.682800
222.188000	70.528800	9.374005	4.432556	13.806600
227.812000	70.528800	9.649261	4.454293	14.103600
233.438000	70.528800	9.714937	4.441457	14.156400
239.062000	70.528800	9.616327	4.489761	14.106100
244.687000	70.528800	9.464867	4.414313	13.879200
250.312000	70.528800	9.537182	4.456736	13.993900
255.937000	70.528800	9.216833	4.364698	13.581500
261.562000	70.528800	9.422037	4.402981	13.825000
267.188000	70.528800	9.403783	4.217128	13.620900
272.812000	70.528800	9.420443	4.259427	13.679900
278.438000	70.528800	9.360852	4.350018	13.710900
284.062000	70.528800	9.380451	4.299169	13.679600
289.688000	70.528800	9.449780	4.287577	13.737400
295.312000	70.528800	9.429298	4.398107	13.827400
300.938000	70.528800	9.345131	4.268667	13.613800
306.562000	70.528800	9.387384	4.296737	13.684100
312.187000	70.528800	9.360478	4.389002	13.749500
317.812000	70.528800	9.416676	4.261745	13.678400
323.438000	70.528800	9.407730	4.491321	13.899100
329.062000	70.528800	9.373733	4.362334	13.736100
334.688000	70.528800	9.338424	4.304281	13.642700
340.312000	70.528800	9.428586	4.291761	13.720300
345.938000	70.528800	9.402890	4.309246	13.712100
351.562000	70.528800	9.534128	4.454192	13.988300
357.187000	70.528800	9.596354	4.501240	14.097600
0.000000	73.042200	9.258838	4.730782	13.989600
5.625000	73.042200	9.210760	4.787094	13.997900
11.250000	73.042200	9.140662	4.794682	13.935300
16.875000	73.042200	8.947978	4.696842	13.644800
22.500000	73.042200	8.926388	4.610458	13.536900
28.125000	73.042200	8.985945	4.658185	13.644100
33.750000	73.042200	9.004041	4.630940	13.635000
39.375000	73.042200	9.109651	4.702237	13.811900
45.000000	73.042200	8.999234	4.615887	13.615100
50.625000	73.042200	9.069060	4.658547	13.727600
56.250000	73.042200	8.983876	4.597350	13.581200
61.875000	73.042200	9.006597	4.658886	13.665500
67.500000	73.042200	8.981659	4.692816	13.674500
73.125000	73.042200	8.992946	4.722662	13.715600
78.750000	73.042200	9.058271	4.703469	13.761700
84.375000	73.042200	9.170068	4.617911	13.788000
90.000000	73.042200	8.960102	4.695620	13.655700
95.625000	73.042200	9.023618	4.662845	13.686500
101.250000	73.042200	9.050445	4.702813	13.753300
106.875000	73.042200	9.148975	4.814248	13.963200
112.500000	73.042200	9.085211	4.685928	13.771100
118.125000	73.042200	9.455966	4.880557	14.336500
123.750000	73.042200	9.332996	4.678746	14.011700
129.375000	73.042200	9.143456	4.859996	14.003500
135.000000	73.042200	9.191194	4.790136	13.981300
140.625000	73.042200	9.014333	4.852645	13.867000
146.250000	73.042200	8.882099	4.713456	13.595600
151.875000	73.042200	8.957264	4.632071	13.589300
157.500000	73.042200	9.048194	4.760380	13.808600
163.125000	73.042200	8.992675	4.764723	13.757400
168.750000	73.042200	8.964061	4.724279	13.688300
174.375000	73.042200	9.047855	4.632263	13.680100
180.000000	73.042200	9.094157	4.612878	13.707000
185.625000	73.042200	9.150762	4.616418	13.767200
191.250000	73.042200	9.045446	4.617764	13.663200
196.875000	73.042200	8.927711	4.693743	13.621400
202.500000	73.042200	9.146724	4.743517	13.890200
208.125000	73.042200	9.150298	4.647746	13.798000
213.750000	73.042200	9.028029	4.825422	13.853500
219.375000	73.042200	9.068257	4.655923	13.724200
225.000000	73.042200	9.286354	4.665717	13.952100
230.625000	73.042200	9.171504	4.765662	13.937200
236.250000	73.042200	9.285065	4.801841	14.086900
241.875000	73.042200	9.274592	4.656296	13.930900
247.500000	73.042200	9.200389	4.721124	13.921500
253.125000	73.042200	9.008203	4.772425	13.780600
258.750000	73.042200	9.004324	4.664360	13.668700
264.375000	73.042200	9.115962	4.819258	13.935200
270.000000	73.042200	8.880663	4.591492	13.472200
275.625000	73.042200	9.104415	4.699771	13.804200
281.250000	73.042200	9.094055	4.666622	13.760700
286.875000	73.042200	9.157310	4.727751	13.885100
292.500000	73.042200	9.074399	4.678203	13.752600
298.125000	73.042200	9.046554	4.577535	13.624100
303.750000	73.042200	8.907320	4.620354	13.527700
309.375000	73.042200	9.039225	4.711680	13.750900
315.000000	73.042200	9.159595	4.661544	13.821100
320.625000	73.042200	9.015622	4.620026	13.635600
326.250000	73.042200	9.067669	4.740407	13.808100
331.875000	73.042200	9.083130	4.689728	13.772900
337.500000	73.042200	9.144553	4.610334	13.754900
343.125000	73.042200	9.191488	4.776689	13.968200
348.750000	73.042200	9.207005	4.696186	13.903200
354.375000	73.042200	9.328472	4.747521	14.076000
2.812500	75.522500	8.973799	5.107838	14.081600
8.437500	75.522500	8.852547	5.224441	14.077000
14.062500	75.522500	8.820540	5.183047	14.003600
19.687500	75.522500	8.589946	5.042049	13.632000
25.312500	75.522500	8.700318	5.053619	13.753900
30.937500	75.522500	8.787188	4.961139	13.748300
36.562500	75.522500	8.826772	5.070629	13.897400
42.187500	75.522500	8.744697	4.992094	13.736800
47.812500	75.522500	8.711831	4.991698	13.703500
53.437500	75.522500	8.542310	4.935613	13.477900
59.062500	75.522500	8.637956	4.974383	13.612300
64.687500	75.522500	8.847333	4.946719	13.794100
70.312500	75.522500	8.698723	4.976611	13.675300
75.937500	75.522500	8.515031	5.003539	13.518600
81.562500	75.522500	8.778072	4.882717	13.660800
87.187500	75.522500	8.653937	4.979879	13.633800
92.812500	75.522500	8.743193	5.026996	13.770200
98.437500	75.522500	8.812601	5.046516	13.859100
104.062000	75.522500	8.830606	5.138928	13.969500
109.688000	75.522500	8.860498	5.192265	14.052800
115.312000	75.522500	9.103578	5.176623	14.280200
120.938000	75.522500	9.089655	5.201301	14.291000
126.562000	75.522500	8.963710	5.081305	14.045000
132.188000	75.522500	8.738353	5.075865	13.814200
137.812000	75.522500	8.649910	5.186237	13.836100
143.437000	75.522500	8.741395	5.119283	13.860700
149.062000	75.522500	8.638420	4.924688	13.563100
154.688000	75.522500	8.499140	5.019294	13.518400
160.312000	75.522500	8.694086	4.968694	13.662800
165.938000	75.522500	8.922882	5.010178	13.933100
171.562000	75.522500	8.747717	4.946255	13.694000
177.188000	75.522500	8.494243	4.957418	13.451700
182.812000	75.522500	8.720811	5.088950	13.809800
188.438000	75.522500	8.697999	5.025050	13.723000
194.062000	75.522500	8.550351	5.005518	13.555900
199.687000	75.522500	8.672292	5.004727	13.677000
205.312000	75.522500	8.614466	5.046697	13.661200
210.938000	75.522500	8.758552	4.887026	13.645600
216.562000	75.522500	8.702286	5.080570	13.782900
222.188000	75.522500	8.657669	5.144187	13.801900
227.812000	75.522500	8.713765	5.212192	13.925900
233.438000	75.522500	8.843137	5.172608	14.015700
239.062000	75.522500	9.080178	5.026645	14.106800
244.687000	75.522500	8.893239	5.276635	14.169900
250.312000	75.522500	8.921107	5.244832	14.165900
255.937000	75.522500	8.743566	4.924982	13.668500
261.562000	75.522500	8.702523	5.023965	13.726500
267.188000	75.522500	8.772926	4.924054	13.697000
272.812000	75.522500	8.716525	4.994367	13.710900
278.438000	75.522500	8.696337	5.002555	13.698900
284.062000	75.522500	8.637730	4.893303	13.531000
289.688000	75.522500	8.819149	4.941505	13.760600
295.312000	75.522500	8.760259	4.957938	13.718200
300.938000	75.522500	8.742322	4.853516	13.595800
306.562000	75.522500	8.582561	4.913355	13.495900
312.187000	75.522500	8.659445	4.990974	13.650400
317.812000	75.522500	8.658223	5.011954	13.670200
323.438000	75.522500	8.728129	4.970673	13.698800
329.062000	75.522500	8.764591	4.954127	13.718700
334.688000	75.522500	8.713878	5.017722	13.731600
340.312000	75.522500	8.693532	5.025344	13.718900
345.938000	75.522500	8.910588	5.097150	14.007700
351.562000	75.522500	8.822271	5.131260	13.953500
357.187000	75.522500	8.920677	5.088283	14.009000
0.000000	77.975300	8.578761	5.393431	13.972200
5.625000	77.975300	8.483352	5.423526	13.906900
11.250000	77.975300	8.548100	5.429566	13.977700
16.875000	77.975300	8.531973	5.276895	13.808900
22.500000	77.975300	8.419531	5.339337	13.758900
28.125000	77.975300	8.379155	5.234439	13.613600
33.750000	77.975300	8.350779	5.403553	13.754300
39.375000	77.975300	8.360630	5.265303	13.625900
45.000000	77.975300	8.300643	5.408620	13.709300
50.625000	77.975300	8.356751	5.296337	13.653100
56.250000	77.975300	8.347024	5.278309	13.625300
61.875000	77.975300	8.425729	5.305068	13.730800
67.500000	77.975300	8.483612	5.426093	13.909700
73.125000	77.975300	8.380151	5.321377	13.701500
78.750000	77.975300	8.438271	5.248293	13.686600
84.375000	77.975300	8.506096	5.297604	13.803700
90.000000	77.975300	8.360732	5.350658	13.711400
95.625000	77.975300	8.202588	5.340026	13.542600
101.250000	77.975300	8.289006	5.512884	13.801900
106.875000	77.975300	8.531271	5.323876	13.855200
112.500000	77.975300	8.592050	5.451846	14.043900
118.125000	77.975300	8.438554	5.448939	13.887500
123.750000	77.975300	8.574689	5.636308	14.211000
129.375000	77.975300	8.481656	5.454040	13.935700
135.000000	77.975300	8.476905	5.402762	13.879700
140.625000	77.975300	8.386201	5.437901	13.824100
146.250000	77.975300	8.438215	5.395263	13.833500
151.875000	77.975300	8.488600	5.250634	13.739200
157.500000	77.975300	8.327040	5.362374	13.689400
163.125000	77.975300	8.324269	5.293385	13.617600
168.750000	77.975300	8.316782	5.361583	13.678400
174.375000	77.975300	8.383464	5.165619	13.549100
180.000000	77.975300	8.433917	5.315914	13.749800
185.625000	77.975300	8.288316	5.206391	13.494700
191.250000	77.975300	8.380309	5.346857	13.727200
196.875000	77.975300	8.399897	5.453565	13.853500
202.500000	77.975300	8.216759	5.320551	13.537300
208.125000	77.975300	8.263751	5.379543	13.643300
213.750000	77.975300	8.346380	5.304141	13.650500
219.375000	77.975300	8.227300	5.227495	13.454800
225.000000	77.975300	8.464453	5.396869	13.861300
230.625000	77.975300	8.490104	5.438478	13.928600
236.250000	77.975300	8.644448	5.432913	14.077400
241.875000	77.975300	8.633670	5.530403	14.164100
247.500000	77.975300	8.774408	5.370122	14.144500
253.125000	77.975300	8.312055	5.492074	13.804100
258.750000	77.975300	8.474553	5.441181	13.915700
264.375000	77.975300	8.169303	5.218910	13.388200
270.000000	77.975300	8.390985	5.197671	13.588700
275.625000	77.975300	8.279042	5.402015	13.681100
281.250000	77.975300	8.330704	5.341056	13.671800
286.875000	77.975300	8.444797	5.245115	13.689900
292.500000	77.975300	8.455745	5.240139	13.695900
298.125000	77.975300	8.300417	5.352671	13.653100
303.750000	77.975300	8.337570	5.439416	13.777000
309.375000	77.975300	8.407543	5.302478	13.710000
315.000000	77.975300	8.383340	5.300148	13.683500
320.625000	77.975300	8.308583	5.424024	13.732600
326.250000	77.975300	8.402431	5.296133	13.698600
331.875000	77.975300	8.301186	5.330809	13.632000
337.500000	77.975300	8.322188	5.396326	13.718500
343.125000	77.975300	8.392082	5.390886	13.783000
348.750000	77.975300	8.419689	5.499878	13.919600
354.375000	77.975300	8.671930	5.436657	14.108600
2.812500	80.405900	8.485998	5.815736	14.301700
8.437500	80.405900	8.187218	5.842540	14.029700
14.062500	80.405900	8.075048	5.712886	13.787900
19.687500	80.405900	8.102870	5.589745	13.692600
25.312500	80.405900	7.994432	5.541453	13.535900
30.937500	80.405900	8.058061	5.469613	13.527700
36.562500	80.405900	8.066453	5.661743	13.728200
42.187500	80.405900	8.120015	5.589395	13.709400
47.812500	80.405900	7.872909	5.642336	13.515200
53.437500	80.405900	8.064813	5.628549	13.693400
59.062500	80.405900	8.067301	5.421309	13.488600
64.687500	80.405900	7.982953	5.650004	13.633000
70.312500	80.405900	8.283464	5.724965	14.008400
75.937500	80.405900	8.065864	5.499742	13.565600
81.562500	80.405900	8.118896	5.634362	13.753300
87.187500	80.405900	8.156840	5.651417	13.808300
92.812500	80.405900	8.112845	5.627192	13.740000
98.437500	80.405900	7.979413	5.770384	13.749800
104.062000	80.405900	8.137138	5.691759	13.828900
109.688000	80.405900	8.218874	5.755263	13.974100
115.312000	80.405900	8.271283	5.888322	14.159600
120.938000	80.405900	8.170796	5.800887	13.971700
126.562000	80.405900	8.289661	5.838356	14.128000
132.188000	80.405900	8.224551	5.711110	13.935700
137.812000	80.405900	7.930464	5.750920	13.681400
143.437000	80.405900	7.984480	5.601666	13.586100
149.062000	80.405900	8.050042	5.518958	13.569000
154.688000	80.405900	8.062042	5.705908	13.768000
160.312000	80.405900	8.029798	5.555794	13.585600
165.938000	80.405900	7.898005	5.645367	13.543400
171.562000	80.405900	8.132558	5.655557	13.788100
177.188000	80.405900	7.904610	5.675914	13.580500
182.812000	80.405900	7.986730	5.600863	13.587600
188.438000	80.405900	8.146842	5.631738	13.778600
194.062000	80.405900	8.067527	5.588207	13.655700
199.687000	80.405900	8.051139	5.605409	13.656600
205.312000	80.405900	8.058570	5.764820	13.823400
210.938000	80.405900	8.002881	5.673245	13.676100
216.562000	80.405900	8.187297	5.651983	13.839300
222.188000	80.405900	8.141617	5.749631	13.891200
227.812000	80.405900	8.049352	5.788073	13.837400
233.438000	80.405900	8.187919	5.792144	13.980100
239.062000	80.405900	8.347805	5.808091	14.155900
244.687000	80.405900	8.245542	5.809346	14.054900
250.312000	80.405900	8.059610	5.824524	13.884100
255.937000	80.405900	8.178690	5.718326	13.897000
261.562000	80.405900	8.104770	5.680766	13.785500
267.188000	80.405900	8.026993	5.640413	13.667400
272.812000	80.405900	8.049974	5.580200	13.630200
278.438000	80.405900	8.160798	5.613733	13.774500
284.062000	80.405900	8.060470	5.703363	13.763800
289.688000	80.405900	8.074663	5.626355	13.701000
295.312000	80.405900	8.090904	5.598216	13.689100
300.938000	80.405900	8.010684	5.565452	13.576100
306.562000	80.405900	8.152101	5.593217	13.745300
312.187000	80.405900	8.067810	5.599098	13.666900
317.812000	80.405900	8.062392	5.634351	13.696800
323.438000	80.405900	8.151536	5.647368	13.798900
329.062000	80.405900	8.123544	5.578243	13.701800
334.688000	80.405900	7.952190	5.707310	13.659500
340.312000	80.405900	8.085532	5.688728	13.774300
345.938000	80.405900	8.141583	5.870374	14.012000
351.562000	80.405900	8.176542	5.831559	14.008100
357.187000	80.405900	8.326678	5.779364	14.106100
0.000000	82.819200	8.062675	6.134501	14.197200
5.625000	82.819200	7.903491	6.068611	13.972100
11.250000	82.819200	7.800708	6.228055	14.028800
16.875000	82.819200	7.792610	5.877872	13.670500
22.500000	82.819200	7.771235	6.011384	13.782600
28.125000	82.819200	7.907370	5.922546	13.829900
33.750000	82.819200	7.718633	5.983030	13.701700
39.375000	82.819200	7.823621	5.985846	13.809500
45.000000	82.819200	7.652901	5.990042	13.642900
50.625000	82.819200	7.763793	6.075397	13.839200
56.250000	82.819200	7.764799	5.863430	13.628200
61.875000	82.819200	7.820669	5.891274	13.711900
67.500000	82.819200	7.684285	5.935767	13.620100
73.125000	82.819200	7.771133	5.955943	13.727100
78.750000	82.819200	7.707979	5.856746	13.564700
84.375000	82.819200	7.760683	5.945583	13.706300
90.000000	82.819200	7.750470	5.941704	13.692200
95.625000	82.819200	7.637927	5.884104	13.522000
101.250000	82.819200	7.760886	6.045426	13.806300
106.875000	82.819200	7.838550	5.995245	13.833800
112.500000	82.819200	8.010526	6.015070	14.025600
118.125000	82.819200	7.942238	6.188053	14.130300
123.750000	82.819200	7.943244	5.988447	13.931700
129.375000	82.819200	7.997520	6.212810	14.210300
135.000000	82.819200	7.805085	5.980327	13.785400
140.625000	82.819200	7.727986	5.968633	13.696600
146.250000	82.819200	7.747269	5.953172	13.700400
151.875000	82.819200	7.774650	5.987169	13.761800
157.500000	82.819200	7.800199	5.924152	13.724300
163.125000	82.819200	7.714776	5.923801	13.638600
168.750000	82.819200	7.760185	6.026143	13.786300
174.375000	82.819200	7.957743	5.885156	13.842900
180.000000	82.819200	7.785372	5.876515	13.661900
185.625000	82.819200	7.576210	5.856440	13.432600
191.250000	82.819200	7.795992	5.904789	13.700800
196.875000	82.819200	7.766077	5.913995	13.680100
202.500000	82.819200	7.894307	5.953568	13.847900
208.125000	82.819200	7.682227	6.023451	13.705700
213.750000	82.819200	7.833947	5.913498	13.747400
219.375000	82.819200	7.667592	5.936898	13.604500
225.000000	82.819200	7.847462	5.908216	13.755700
230.625000	82.819200	7.963749	5.962627	13.926400
236.250000	82.819200	8.136030	6.027251	14.163300
241.875000	82.819200	8.008513	6.111814	14.120300
247.500000	82.819200	7.869256	6.161588	14.030800
253.125000	82.819200	7.850357	6.067672	13.918000
258.750000	82.819200	7.862843	5.974559	13.837400
264.375000	82.819200	7.775329	5.896341	13.671700
270.000000	82.819200	7.655660	6.030520	13.686200
275.625000	82.819200	7.828880	5.869593	13.698500
281.250000	82.819200	7.804519	5.869910	13.674400
286.875000	82.819200	7.743469	5.975102	13.718600
292.500000	82.819200	7.792542	5.894995	13.687500
298.125000	82.819200	7.756588	5.876413	13.633000
303.750000	82.819200	7.610207	5.861914	13.472100
309.375000	82.819200	7.769278	5.865183	13.634500
315.000000	82.819200	7.537451	5.898139	13.435600
320.625000	82.819200	7.748751	5.850095	13.598800
326.250000	82.819200	7.865795	5.991184	13.857000
331.875000	82.819200	7.823067	5.922715	13.745800
337.500000	82.819200	7.815614	5.838311	13.653900
343.125000	82.819200	7.835451	5.963690	13.799200
348.750000	82.819200	7.802314	6.053184	13.855500
354.375000	82.819200	7.835282	6.149080	13.984400
2.812500	85.219800	7.666789	6.412155	14.078900
8.437500	85.219800	7.617094	6.446718	14.063800
14.062500	85.219800	7.564244	6.220896	13.785100
19.687500	85.219800	7.376581	6.238291	13.614900
25.312500	85.219800	7.399269	6.292543	13.691800
30.937500	85.219800	7.451294	6.290892	13.742200
36.562500	85.219800	7.527894	6.267210	13.795100
42.187500	85.219800	7.379183	6.484458	13.863600
47.812500	85.219800	7.485901	6.374041	13.859900
53.437500	85.219800	7.446815	6.223328	13.670100
59.062500	85.219800	7.334238	6.185135	13.519400
64.687500	85.219800	7.443727	6.189184	13.632900
70.312500	85.219800	7.484612	6.285068	13.769700
75.937500	85.219800	7.367590	6.184309	13.551900
81.562500	85.219800	7.514436	6.222095	13.736500
87.187500	85.219800	7.242267	6.175646	13.417900
92.812500	85.219800	7.507390	6.343143	13.850500
98.437500	85.219800	7.407672	6.221507	13.629200
104.062000	85.219800	7.556881	6.257201	13.814100
109.688000	85.219800	7.613317	6.432320	14.045600
115.312000	85.219800	7.681198	6.371101	14.052300
120.938000	85.219800	7.605954	6.386867	13.992800
126.562000	85.219800	7.787306	6.422221	14.209500
132.188000	85.219800	7.507118	6.463230	13.970300
137.812000	85.219800	7.458023	6.318262	13.776300
143.437000	85.219800	7.438367	6.222615	13.661000
149.062000	85.219800	7.422793	6.279334	13.702100
154.688000	85.219800	7.630270	6.213364	13.843600
160.312000	85.219800	7.506417	6.221564	13.728000
165.938000	85.219800	7.467919	6.242645	13.710600
171.562000	85.219800	7.510274	6.219256	13.729500
177.188000	85.219800	7.408746	6.291198	13.699900
182.812000	85.219800	7.502662	6.286187	13.788800
188.438000	85.219800	7.403035	6.274425	13.677500
194.062000	85.219800	7.361539	6.269596	13.631100
199.687000	85.219800	7.370180	6.363003	13.733200
205.312000	85.219800	7.557368	6.309237	13.866600
210.938000	85.219800	7.421311	6.133506	13.554800
216.562000	85.219800	7.345898	6.365910	13.711800
222.188000	85.219800	7.416177	6.225590	13.641800
227.812000	85.219800	7.430721	6.372390	13.803100
233.438000	85.219800	7.773383	6.294930	14.068300
239.062000	85.219800	7.729637	6.303175	14.032800
244.687000	85.219800	7.602335	6.423623	14.026000
250.312000	85.219800	7.639714	6.354385	13.994100
255.937000	85.219800	7.457288	6.303242	13.760500
261.562000	85.219800	7.411721	6.308445	13.720200
267.188000	85.219800	7.362727	6.151443	13.514200
272.812000	85.219800	7.301881	6.347283	13.649200
278.438000	85.219800	7.562955	6.475139	14.038100
284.062000	85.219800	7.530563	6.321937	13.852500
289.688000	85.219800	7.410183	6.195348	13.605500
295.312000	85.219800	7.338366	6.258886	13.597200
300.938000	85.219800	7.511925	6.121812	13.633700
306.562000	85.219800	7.396509	6.307789	13.704300
312.187000	85.219800	7.488525	6.340859	13.829400
317.812000	85.219800	7.412840	6.208207	13.621000
323.438000	85.219800	7.520577	6.099305	13.619900
329.062000	85.219800	7.443139	6.282274	13.725400
334.688000	85.219800	7.476774	6.317187	13.794000
340.312000	85.219800	7.701555	6.391232	14.092800
345.938000	85.219800	7.517840	6.341797	13.859600
351.562000	85.219800	7.586230	6.393245	13.979500
357.187000	85.219800	7.700696	6.507847	14.208500
0.000000	87.612000	7.386161	6.665211	14.051400
5.625000	87.612000	7.382643	6.789991	14.172600
11.250000	87.612000	7.310589	6.697952	14.008500
16.875000	87.612000	7.240118	6.722528	13.962700
22.500000	87.612000	7.214705	6.652894	13.867600
28.125000	87.612000	7.247085	6.521894	13.769000
33.750000	87.612000	7.185831	6.561953	13.747800
39.375000	87.612000	7.123865	6.568354	13.692200
45.000000	87.612000	7.195015	6.467731	13.662700
50.625000	87.612000	7.158948	6.496424	13.655400
56.250000	87.612000	7.070721	6.562959	13.633700
61.875000	87.612000	7.085921	6.586393	13.672300
67.500000	87.612000	7.157636	6.588146	13.745800
73.125000	87.612000	7.190887	6.325116	13.516000
78.750000	87.612000	7.048984	6.644005	13.693000
84.375000	87.612000	7.221796	6.512167	13.734000
90.000000	87.612000	7.085627	6.527842	13.613500
95.625000	87.612000	7.203882	6.480896	13.684800
101.250000	87.612000	7.179724	6.515390	13.695100
106.875000	87.612000	7.267352	6.570819	13.838200
112.500000	87.612000	7.293025	6.653912	13.946900
118.125000	87.612000	7.330053	6.589254	13.919300
123.750000	87.612000	7.256902	6.695600	13.952500
129.375000	87.612000	7.269874	6.797139	14.067000
135.000000	87.612000	7.230991	6.578386	13.809400
140.625000	87.612000	7.198578	6.589017	13.787600
146.250000	87.612000	7.108190	6.489208	13.597400
151.875000	87.612000	7.102094	6.417946	13.520000
157.500000	87.612000	7.136702	6.563106	13.699800
163.125000	87.612000	7.233898	6.480930	13.714800
168.750000	87.612000	7.131420	6.560890	13.692300
174.375000	87.612000	7.146655	6.555382	13.702000
180.000000	87.612000	7.207524	6.570684	13.778200
185.625000	87.612000	6.967101	6.598619	13.565700
191.250000	87.612000	7.144347	6.629788	13.774100
196.875000	87.612000	7.200817	6.706876	13.907700
202.500000	87.612000	7.147525	6.561308	13.708800
208.125000	87.612000	7.140084	6.500088	13.640200
213.750000	87.612000	7.147152	6.632062	13.779200
219.375000	87.612000	7.160124	6.514418	13.674500
225.000000	87.612000	7.150443	6.609601	13.760000
230.625000	87.612000	7.162986	6.704908	13.867900
236.250000	87.612000	7.351496	6.608786	13.960300
241.875000	87.612000	7.348024	6.806322	14.154300
247.500000	87.612000	7.305726	6.775955	14.081700
253.125000	87.612000	7.291826	6.558741	13.850600
258.750000	87.612000	7.228775	6.511070	13.739800
264.375000	87.612000	7.297040	6.515798	13.812800
270.000000	87.612000	7.125177	6.399952	13.525100
275.625000	87.612000	7.186340	6.627176	13.813500
281.250000	87.612000	7.075528	6.504691	13.580200
286.875000	87.612000	7.140807	6.459498	13.600300
292.500000	87.612000	7.074419	6.548257	13.622700
298.125000	87.612000	7.056018	6.365197	13.421200
303.750000	87.612000	7.120371	6.647601	13.768000
309.375000	87.612000	7.062058	6.532106	13.594200
315.000000	87.612000	7.094426	6.540419	13.634800
320.625000	87.612000	7.210815	6.498324	13.709100
326.250000	87.612000	7.154899	6.642862	13.797800
331.875000	87.612000	7.176184	6.429787	13.606000
337.500000	87.612000	7.064105	6.632243	13.696300
343.125000	87.612000	7.222961	6.503560	13.726500
348.750000	87.612000	7.095342	6.598234	13.693600
354.375000	87.612000	7.436534	6.625242	14.061800
2.812500	90.000000	7.063291	6.970845	14.034100
8.437500	90.000000	6.968119	7.021184	13.989300
14.062500	90.000000	7.001562	6.896268	13.897800
19.687500	90.000000	6.895873	6.763277	13.659200
25.312500	90.000000	6.873219	7.042888	13.916100
30.937500	90.000000	6.821635	6.707407	13.529000
36.562500	90.000000	6.885988	6.784506	13.670500
42.187500	90.000000	6.876047	6.874655	13.750700
47.812500	90.000000	6.898723	6.702171	13.600900
53.437500	90.000000	6.953631	6.771036	13.724700
59.062500	90.000000	6.830197	6.940716	13.770900
64.687500	90.000000	6.910010	6.835388	13.745400
70.312500	90.000000	6.859025	6.919623	13.778600
75.937500	90.000000	6.810201	6.928411	13.738600
81.562500	90.000000	6.904095	6.727267	13.631400
87.187500	90.000000	6.915371	6.874033	13.789400
92.812500	90.000000	6.819023	6.912238	13.731300
98.437500	90.000000	6.652272	6.790319	13.442600
104.062000	90.000000	6.849254	6.851776	13.701000
109.688000	90.000000	7.008585	6.991779	14.000400
115.312000	90.000000	7.031363	7.033874	14.065200
120.938000	90.000000	7.122259	7.106709	14.229000
126.562000	90.000000	6.894617	7.063652	13.958300
132.188000	90.000000	6.896020	7.063392	13.959400
137.812000	90.000000	6.920630	6.977303	13.897900
143.437000	90.000000	6.819996	6.889222	13.709200
149.062000	90.000000	6.858890	6.818740	13.677600
154.688000	90.000000	6.839211	6.774994	13.614200
160.312000	90.000000	6.892378	6.823456	13.715800
165.938000	90.000000	6.873355	6.885049	13.758400
171.562000	90.000000	6.834336	6.833511	13.667900
177.188000	90.000000	6.928659	6.750361	13.679000
182.812000	90.000000	6.925685	6.828161	13.753800
188.438000	90.000000	6.775379	6.867440	13.642800
194.062000	90.000000	6.908506	6.806062	13.714600
199.687000	90.000000	6.769599	6.886757	13.656400
205.312000	90.000000	7.011379	6.745419	13.756800
210.938000	90.000000	6.835275	6.758538	13.593800
216.562000	90.000000	6.846019	6.896302	13.742300
222.188000	90.000000	6.863753	6.759613	13.623400
227.812000	90.000000	7.003643	7.045037	14.048700
233.438000	90.000000	6.880898	7.149041	14.029900
239.062000	90.000000	7.003349	6.925979	13.929300
244.687000	90.000000	6.998554	7.186601	14.185100
250.312000	90.000000	6.982335	6.978773	13.961100
255.937000	90.000000	7.022564	7.007104	14.029700
261.562000	90.000000	6.745872	6.879191	13.625100
267.188000	90.000000	6.786055	6.776973	13.563000
272.812000	90.000000	6.904751	6.728274	13.633000
278.438000	90.000000	6.972428	6.867033	13.839500
284.062000	90.000000	6.792388	6.831973	13.624400
289.688000	90.000000	6.865981	6.867496	13.733500
295.312000	90.000000	6.821217	6.913052	13.734300
300.938000	90.000000	6.878501	6.815619	13.694100
306.562000	90.000000	6.786055	6.785806	13.571900
312.187000	90.000000	6.844877	6.810857	13.655700
317.812000	90.000000	6.962476	6.821387	13.783900
323.438000	90.000000	6.748473	6.848858	13.597300
329.062000	90.000000	6.855440	6.733510	13.589000
334.688000	90.000000	6.844888	6.899944	13.744800
340.312000	90.000000	6.885965	6.828998	13.715000
345.938000	90.000000	6.973944	6.926601	13.900500
351.562000	90.000000	7.094562	7.077416	14.172000
357.187000	90.000000	7.051427	6.985988	14.037400
0.000000	92.388000	6.807430	7.409131	14.216600
5.625000	92.388000	6.775899	7.282156	14.058100
11.250000	92.388000	6.702725	7.307366	14.010100
16.875000	92.388000	6.475478	7.266492	13.742000
22.500000	92.388000	6.520910	7.141079	13.662000
28.125000	92.388000	6.615312	7.205703	13.821000
33.750000	92.388000	6.500360	7.086272	13.586600
39.375000	92.388000	6.505438	7.144755	13.650200
45.000000	92.388000	6.568275	7.202061	13.770300
50.625000	92.388000	6.580444	7.105340	13.685800
56.250000	92.388000	6.519066	7.091667	13.610700
61.875000	92.388000	6.558537	7.163495	13.722000
67.500000	92.388000	6.586653	7.115146	13.701800
73.125000	92.388000	6.626113	7.148826	13.774900
78.750000	92.388000	6.600824	7.215124	13.815900
84.375000	92.388000	6.614894	7.004299	13.619200
90.000000	92.388000	6.556909	7.101778	13.658700
95.625000	92.388000	6.507304	7.189790	13.697100
101.250000	92.388000	6.596843	7.059604	13.656400
106.875000	92.388000	6.621306	7.286907	13.908200
112.500000	92.388000	6.787446	7.189937	13.977400
118.125000	92.388000	6.757656	7.323527	14.081200
123.750000	92.388000	6.723467	7.408362	14.131800
129.375000	92.388000	6.879541	7.231217	14.110800
135.000000	92.388000	6.750509	7.129136	13.879600
140.625000	92.388000	6.555619	7.215101	13.770700
146.250000	92.388000	6.491414	7.114490	13.605900
151.875000	92.388000	6.518116	7.284407	13.802500
157.500000	92.388000	6.579573	7.140864	13.720400
163.125000	92.388000	6.572606	7.173696	13.746300
168.750000	92.388000	6.477774	7.185831	13.663600
174.375000	92.388000	6.615131	7.120416	13.735500
180.000000	92.388000	6.544513	7.067826	13.612300
185.625000	92.388000	6.681610	7.112635	13.794200
191.250000	92.388000	6.634731	7.148000	13.782700
196.875000	92.388000	6.566002	7.192221	13.758200
202.500000	92.388000	6.583475	7.206336	13.789800
208.125000	92.388000	6.574461	7.281998	13.856500
213.750000	92.388000	6.382207	7.154820	13.537000
219.375000	92.388000	6.641166	7.078638	13.719800
225.000000	92.388000	6.608945	7.246621	13.855600
230.625000	92.388000	6.755293	7.237155	13.992400
236.250000	92.388000	6.828783	7.245988	14.074800
241.875000	92.388000	6.969160	7.296882	14.266000
247.500000	92.388000	6.895183	7.243375	14.138600
253.125000	92.388000	6.638836	7.117328	13.756200
258.750000	92.388000	6.607248	7.176241	13.783500
264.375000	92.388000	6.442069	7.118618	13.560700
270.000000	92.388000	6.722087	7.043001	13.765100
275.625000	92.388000	6.373974	7.158688	13.532700
281.250000	92.388000	6.518580	7.136035	13.654600
286.875000	92.388000	6.522742	7.177270	13.700000
292.500000	92.388000	6.621498	6.976748	13.598200
298.125000	92.388000	6.647511	7.042209	13.689700
303.750000	92.388000	6.515933	7.129701	13.645600
309.375000	92.388000	6.537377	7.171536	13.708900
315.000000	92.388000	6.618931	7.094879	13.713800
320.625000	92.388000	6.504895	7.097514	13.602400
326.250000	92.388000	6.681553	7.122734	13.804300
331.875000	92.388000	6.567268	7.116616	13.683900
337.500000	92.388000	6.582898	7.104062	13.687000
343.125000	92.388000	6.655778	7.154176	13.810000
348.750000	92.388000	6.846698	7.176082	14.022800
354.375000	92.388000	6.879134	7.348070	14.227200
2.812500	94.780200	6.443019	7.615025	14.058000
8.437500	94.780200	6.587038	7.596477	14.183500
14.062500	94.780200	6.493303	7.513260	14.006600
19.687500	94.780200	6.303684	7.590087	13.893800
25.312500	94.780200	6.267368	7.509256	13.776600
30.937500	94.780200	6.310910	7.413451	13.724400
36.562500	94.780200	6.252530	7.477543	13.730100
42.187500	94.780200	6.335023	7.431626	13.766600
47.812500	94.780200	6.349522	7.375869	13.725400
53.437500	94.780200	6.309078	7.460104	13.769200
59.062500	94.780200	6.310017	7.418337	13.728400
64.687500	94.780200	6.292125	7.462988	13.755100
70.312500	94.780200	6.402632	7.464843	13.867500
75.937500	94.780200	6.339332	7.435030	13.774400
81.562500	94.780200	6.421237	7.442743	13.864000
87.187500	94.780200	6.291560	7.464956	13.756500
92.812500	94.780200	6.363897	7.357344	13.721200
98.437500	94.780200	6.474314	7.373437	13.847800
104.062000	94.780200	6.391549	7.506564	13.898100
109.688000	94.780200	6.561964	7.425360	13.987300
115.312000	94.780200	6.635522	7.608465	14.244000
120.938000	94.780200	6.468987	7.659280	14.128300
126.562000	94.780200	6.489061	7.700741	14.189800
132.188000	94.780200	6.283281	7.550695	13.834000
137.812000	94.780200	6.346502	7.389678	13.736200
143.437000	94.780200	6.443653	7.430122	13.873800
149.062000	94.780200	6.294715	7.433051	13.727800
154.688000	94.780200	6.196693	7.409866	13.606600
160.312000	94.780200	6.237906	7.277361	13.515300
165.938000	94.780200	6.389999	7.352842	13.742800
171.562000	94.780200	6.419710	7.419332	13.839000
177.188000	94.780200	6.168996	7.321051	13.490100
182.812000	94.780200	6.166270	7.463768	13.630000
188.438000	94.780200	6.423374	7.494576	13.917900
194.062000	94.780200	6.210220	7.359131	13.569400
199.687000	94.780200	6.293075	7.553387	13.846500
205.312000	94.780200	6.318929	7.360092	13.679000
210.938000	94.780200	6.364179	7.458283	13.822500
216.562000	94.780200	6.305120	7.363078	13.668200
222.188000	94.780200	6.348312	7.361178	13.709500
227.812000	94.780200	6.300031	7.499055	13.799100
233.438000	94.780200	6.405302	7.653116	14.058400
239.062000	94.780200	6.421067	7.634443	14.055500
244.687000	94.780200	6.477944	7.747563	14.225500
250.312000	94.780200	6.443958	7.686830	14.130800
255.937000	94.780200	6.353469	7.420090	13.773600
261.562000	94.780200	6.352044	7.535630	13.887700
267.188000	94.780200	6.284412	7.372397	13.656800
272.812000	94.780200	6.448923	7.399642	13.848600
278.438000	94.780200	6.440758	7.467206	13.908000
284.062000	94.780200	6.323351	7.552527	13.875900
289.688000	94.780200	6.223305	7.580552	13.803900
295.312000	94.780200	6.228711	7.388977	13.617700
300.938000	94.780200	6.260028	7.508860	13.768900
306.562000	94.780200	6.217481	7.337970	13.555500
312.187000	94.780200	6.330408	7.346181	13.676600
317.812000	94.780200	6.380115	7.442992	13.823100
323.438000	94.780200	6.351592	7.487892	13.839500
329.062000	94.780200	6.289399	7.352424	13.641800
334.688000	94.780200	6.299759	7.305794	13.605600
340.312000	94.780200	6.324052	7.412852	13.736900
345.938000	94.780200	6.325070	7.541489	13.866600
351.562000	94.780200	6.543801	7.644950	14.188800
357.187000	94.780200	6.595735	7.425620	14.021400
0.000000	97.180800	6.071766	7.894171	13.965900
5.625000	97.180800	6.392522	7.879390	14.271900
11.250000	97.180800	6.176969	7.814415	13.991400
16.875000	97.180800	6.100086	7.678992	13.779100
22.500000	97.180800	6.214144	7.781368	13.995500
28.125000	97.180800	6.103875	7.745030	13.848900
33.750000	97.180800	6.133619	7.642914	13.776500
39.375000	97.180800	6.073632	7.750131	13.823800
45.000000	97.180800	5.981107	7.676391	13.657500
50.625000	97.180800	5.943989	7.740031	13.684000
56.250000	97.180800	6.156273	7.533481	13.689700
61.875000	97.180800	5.950922	7.748649	13.699600
67.500000	97.180800	6.125578	7.760558	13.886100
73.125000	97.180800	6.038255	7.855424	13.893700
78.750000	97.180800	6.019402	7.788505	13.807900
84.375000	97.180800	5.948241	7.868216	13.816500
90.000000	97.180800	5.899247	7.769357	13.668600
95.625000	97.180800	6.110920	7.694634	13.805600
101.250000	97.180800	6.032126	7.605129	13.637300
106.875000	97.180800	5.989205	7.787849	13.777000
112.500000	97.180800	6.251071	7.897836	14.148900
118.125000	97.180800	6.241310	7.995009	14.236300
123.750000	97.180800	6.239942	7.910220	14.150200
129.375000	97.180800	6.313059	7.877195	14.190300
135.000000	97.180800	6.106566	7.733347	13.839900
140.625000	97.180800	6.027172	7.677409	13.704600
146.250000	97.180800	6.120749	7.643310	13.764100
151.875000	97.180800	5.988289	7.801545	13.789800
157.500000	97.180800	6.011497	7.676866	13.688400
163.125000	97.180800	6.143345	7.776561	13.919900
168.750000	97.180800	5.985473	7.861170	13.846600
174.375000	97.180800	6.045301	7.773949	13.819300
180.000000	97.180800	6.048638	7.778631	13.827300
185.625000	97.180800	6.041784	7.665850	13.707600
191.250000	97.180800	6.056249	7.727749	13.784000
196.875000	97.180800	6.065614	7.727059	13.792700
202.500000	97.180800	6.053603	7.668079	13.721700
208.125000	97.180800	6.019119	7.730497	13.749600
213.750000	97.180800	6.061124	7.803479	13.864600
219.375000	97.180800	6.088471	7.793978	13.882500
225.000000	97.180800	6.131957	7.740517	13.872500
230.625000	97.180800	6.130701	7.903807	14.034500
236.250000	97.180800	6.295722	7.858568	14.154300
241.875000	97.180800	6.204475	7.934875	14.139300
247.500000	97.180800	6.217752	7.889919	14.107700
253.125000	97.180800	6.169957	7.766971	13.936900
258.750000	97.180800	6.173294	7.589284	13.762600
264.375000	97.180800	6.049452	7.661180	13.710600
270.000000	97.180800	5.974819	7.743051	13.717900
275.625000	97.180800	5.932498	7.627974	13.560500
281.250000	97.180800	6.122796	7.794838	13.917600
286.875000	97.180800	6.061836	7.830565	13.892400
292.500000	97.180800	6.033777	7.729377	13.763100
298.125000	97.180800	6.022139	7.633459	13.655600
303.750000	97.180800	6.038414	7.763714	13.802100
309.375000	97.180800	6.055921	7.700368	13.756300
315.000000	97.180800	6.138177	7.734840	13.873000
320.625000	97.180800	6.093176	7.787577	13.880700
326.250000	97.180800	6.156216	7.662107	13.818300
331.875000	97.180800	6.072298	7.750074	13.822400
337.500000	97.180800	6.278327	7.640324	13.918600
343.125000	97.180800	6.030870	7.702042	13.732900
348.750000	97.180800	6.196750	7.917492	14.114200
354.375000	97.180800	6.200494	7.868069	14.068600
2.812500	99.594100	6.021517	8.342783	14.364300
8.437500	99.594100	5.924830	8.052542	13.977400
14.062500	99.594100	5.839589	8.194547	14.034100
19.687500	99.594100	5.844588	7.956839	13.801400
25.312500	99.594100	5.853387	7.918284	13.771700
30.937500	99.594100	5.799202	8.095349	13.894500
36.562500	99.594100	5.777035	8.089468	13.866500
42.187500	99.594100	5.769638	7.993573	13.763200
47.812500	99.594100	5.672612	8.030386	13.703000
53.437500	99.594100	5.745311	8.009576	13.754900
59.062500	99.594100	5.742596	8.166521	13.909100
64.687500	99.594100	5.748489	8.076462	13.825000
70.312500	99.594100	5.793287	7.959191	13.752500
75.937500	99.594100	5.898422	8.018420	13.916800
81.562500	99.594100	5.791963	8.152802	13.944800
87.187500	99.594100	5.807333	8.128147	13.935500
92.812500	99.594100	5.781140	7.934853	13.716000
98.437500	99.594100	5.813350	8.076835	13.890200
104.062000	99.594100	5.730224	8.081189	13.811400
109.688000	99.594100	6.037995	8.250349	14.288300
115.312000	99.594100	5.903183	8.388475	14.291700
120.938000	99.594100	5.968576	8.249580	14.218200
126.562000	99.594100	5.862977	8.182049	14.045000
132.188000	99.594100	5.821640	8.199251	14.020900
137.812000	99.594100	5.865635	8.051105	13.916700
143.437000	99.594100	5.913068	7.883280	13.796300
149.062000	99.594100	5.779398	7.968601	13.748000
154.688000	99.594100	5.866381	8.174212	14.040600
160.312000	99.594100	5.684261	8.131337	13.815600
165.938000	99.594100	5.709832	8.058717	13.768600
171.562000	99.594100	5.750344	8.088925	13.839300
177.188000	99.594100	5.768677	8.016113	13.784800
182.812000	99.594100	5.775598	8.164316	13.939900
188.438000	99.594100	5.764107	8.001998	13.766100
194.062000	99.594100	5.781852	8.083598	13.865400
199.687000	99.594100	5.793615	8.165990	13.959600
205.312000	99.594100	5.780473	8.023781	13.804300
210.938000	99.594100	5.763519	8.148312	13.911800
216.562000	99.594100	5.767625	8.011148	13.778800
222.188000	99.594100	5.818315	8.063207	13.881500
227.812000	99.594100	5.889657	8.120061	14.009700
233.438000	99.594100	6.014448	8.262597	14.277000
239.062000	99.594100	6.047020	8.164892	14.211900
244.687000	99.594100	5.926199	8.177141	14.103300
250.312000	99.594100	5.952369	8.247001	14.199400
255.937000	99.594100	5.847890	8.282842	14.130700
261.562000	99.594100	5.766030	8.010594	13.776600
267.188000	99.594100	5.889261	8.018816	13.908100
272.812000	99.594100	5.835144	8.145304	13.980400
278.438000	99.594100	5.678968	7.964880	13.643800
284.062000	99.594100	5.911767	7.992035	13.903800
289.688000	99.594100	5.821290	8.004803	13.826100
295.312000	99.594100	5.748715	8.188417	13.937100
300.938000	99.594100	5.851091	8.057371	13.908500
306.562000	99.594100	5.732282	8.091492	13.823800
312.187000	99.594100	5.759527	8.134594	13.894100
317.812000	99.594100	5.674546	8.015514	13.690100
323.438000	99.594100	5.789645	8.048244	13.837900
329.062000	99.594100	5.794033	8.106602	13.900600
334.688000	99.594100	5.847076	8.063376	13.910500
340.312000	99.594100	5.800219	8.050902	13.851100
345.938000	99.594100	5.844045	8.142544	13.986600
351.562000	99.594100	5.872455	8.277515	14.150000
357.187000	99.594100	5.903081	8.457939	14.361000
0.000000	102.025000	5.671277	8.668719	14.340000
5.625000	102.025000	5.760613	8.607160	14.367800
11.250000	102.025000	5.651926	8.612656	14.264600
16.875000	102.025000	5.448566	8.365030	13.813600
22.500000	102.025000	5.558282	8.449423	14.007700
28.125000	102.025000	5.607841	8.342648	13.950500
33.750000	102.025000	5.464513	8.451594	13.916100
39.375000	102.025000	5.524794	8.198109	13.722900
45.000000	102.025000	5.630144	8.244151	13.874300
50.625000	102.025000	5.555884	8.148346	13.704200
56.250000	102.025000	5.520451	8.248110	13.768600
61.875000	102.025000	5.592776	8.449717	14.042500
67.500000	102.025000	5.535617	8.321883	13.857500
73.125000	102.025000	5.494370	8.531362	14.025700
78.750000	102.025000	5.424488	8.355394	13.779900
84.375000	102.025000	5.533332	8.404240	13.937600
90.000000	102.025000	5.548906	8.589483	14.138400
95.625000	102.025000	5.648601	8.336450	13.985000
101.250000	102.025000	5.544144	8.228928	13.773100
106.875000	102.025000	5.577734	8.450452	14.028200
112.500000	102.025000	5.574783	8.485523	14.060300
118.125000	102.025000	5.627644	8.549853	14.177500
123.750000	102.025000	5.641352	8.733354	14.374700
129.375000	102.025000	5.741918	8.649594	14.391500
135.000000	102.025000	5.512353	8.596415	14.108800
140.625000	102.025000	5.670983	8.291437	13.962400
146.250000	102.025000	5.370778	8.545657	13.916400
151.875000	102.025000	5.502626	8.399208	13.901800
157.500000	102.025000	5.530109	8.466037	13.996100
163.125000	102.025000	5.550704	8.385251	13.936000
168.750000	102.025000	5.533197	8.234153	13.767400
174.375000	102.025000	5.639022	8.470368	14.109400
180.000000	102.025000	5.460961	8.528546	13.989500
185.625000	102.025000	5.487822	8.491212	13.979000
191.250000	102.025000	5.601428	8.425152	14.026600
196.875000	102.025000	5.456517	8.421985	13.878500
202.500000	102.025000	5.553102	8.137297	13.690400
208.125000	102.025000	5.578040	8.331768	13.909800
213.750000	102.025000	5.546961	8.401424	13.948400
219.375000	102.025000	5.814311	8.301978	14.116300
225.000000	102.025000	5.543681	8.383623	13.927300
230.625000	102.025000	5.590005	8.555893	14.145900
236.250000	102.025000	5.632654	8.688658	14.321300
241.875000	102.025000	5.619513	8.457758	14.077300
247.500000	102.025000	5.752673	8.606097	14.358800
253.125000	102.025000	5.566787	8.426351	13.993100
258.750000	102.025000	5.454164	8.237196	13.691400
264.375000	102.025000	5.524262	8.190328	13.714600
270.000000	102.025000	5.462726	8.362078	13.824800
275.625000	102.025000	5.644801	8.454693	14.099500
281.250000	102.025000	5.708362	8.287988	13.996400
286.875000	102.025000	5.637619	8.376780	14.014400
292.500000	102.025000	5.438512	8.265741	13.704300
298.125000	102.025000	5.628085	8.441461	14.069500
303.750000	102.025000	5.475528	8.408154	13.883700
309.375000	102.025000	5.558972	8.428703	13.987700
315.000000	102.025000	5.587099	8.257463	13.844600
320.625000	102.025000	5.504357	8.283441	13.787800
326.250000	102.025000	5.478559	8.241290	13.719800
331.875000	102.025000	5.556710	8.375480	13.932200
337.500000	102.025000	5.554120	8.444955	13.999100
343.125000	102.025000	5.479622	8.255483	13.735100
348.750000	102.025000	5.569999	8.429936	13.999900
354.375000	102.025000	5.657185	8.690874	14.348100
2.812500	104.478000	5.402795	9.005771	14.408600
8.437500	104.478000	5.366683	8.930573	14.297300
14.062500	104.478000	5.314794	8.899641	14.214400
19.687500	104.478000	5.355385	8.857229	14.212600
25.312500	104.478000	5.384236	8.761696	14.145900
30.937500	104.478000	5.197490	8.740535	13.938000
36.562500	104.478000	5.121986	8.718515	13.840500
42.187500	104.478000	5.144142	8.808699	13.952800
47.812500	104.478000	5.206436	8.615065	13.821500
53.437500	104.478000	5.422520	8.647976	14.070500
59.062500	104.478000	5.265733	8.666151	13.931900
64.687500	104.478000	5.192977	8.539211	13.732200
70.312500	104.478000	5.077143	8.674441	13.751600
75.937500	104.478000	5.201573	8.792017	13.993600
81.562500	104.478000	5.307092	8.801257	14.108400
87.187500	104.478000	5.097003	8.693645	13.790600
92.812500	104.478000	5.223050	8.745602	13.968600
98.437500	104.478000	5.180073	8.780300	13.960400
104.062000	104.478000	5.421083	8.851665	14.272800
109.688000	104.478000	5.419409	8.883095	14.302500
115.312000	104.478000	5.331171	8.958180	14.289300
120.938000	104.478000	5.295036	9.083209	14.378200
126.562000	104.478000	5.344539	8.872452	14.217000
132.188000	104.478000	5.436759	8.695070	14.131800
137.812000	104.478000	5.396383	8.698983	14.095400
143.437000	104.478000	5.127630	8.602240	13.729900
149.062000	104.478000	5.262792	8.666694	13.929500
154.688000	104.478000	5.191168	8.716513	13.907700
160.312000	104.478000	5.308902	8.714987	14.023900
165.938000	104.478000	5.292401	8.485716	13.778100
171.562000	104.478000	5.291270	8.696597	13.987900
177.188000	104.478000	5.154841	8.566173	13.721000
182.812000	104.478000	5.287821	8.742017	14.029800
188.438000	104.478000	5.262408	8.736023	13.998400
194.062000	104.478000	5.209048	8.650125	13.859200
199.687000	104.478000	5.244199	8.591236	13.835400
205.312000	104.478000	5.173117	8.903384	14.076500
210.938000	104.478000	5.230254	8.745161	13.975400
216.562000	104.478000	5.407274	8.779803	14.187100
222.188000	104.478000	5.226748	8.692345	13.919100
227.812000	104.478000	5.269522	8.799459	14.069000
233.438000	104.478000	5.224147	8.935131	14.159300
239.062000	104.478000	5.436137	8.856596	14.292700
244.687000	104.478000	5.357127	8.910984	14.268100
250.312000	104.478000	5.380730	8.831024	14.211800
255.937000	104.478000	5.299662	8.648644	13.948300
261.562000	104.478000	5.229734	8.679745	13.909500
267.188000	104.478000	5.158731	8.909605	14.068300
272.812000	104.478000	5.176533	8.595443	13.772000
278.438000	104.478000	5.248418	8.818505	14.066900
284.062000	104.478000	5.255271	8.718538	13.973800
289.688000	104.478000	5.226443	8.573852	13.800300
295.312000	104.478000	5.241586	8.579914	13.821500
300.938000	104.478000	5.182663	8.657556	13.840200
306.562000	104.478000	5.253835	8.844969	14.098800
312.187000	104.478000	5.201821	8.822045	14.023900
317.812000	104.478000	5.272315	8.708834	13.981100
323.438000	104.478000	5.397570	8.704932	14.102500
329.062000	104.478000	5.121839	8.605373	13.727200
334.688000	104.478000	5.355770	8.557352	13.913100
340.312000	104.478000	5.303055	8.695127	13.998200
345.938000	104.478000	5.266389	8.758778	14.025200
351.562000	104.478000	5.526750	8.899448	14.426200
357.187000	104.478000	5.416865	8.959831	14.376700
0.000000	106.958000	5.192197	9.359325	14.551500
5.625000	106.958000	5.058844	9.391309	14.450200
11.250000	106.958000	5.179666	9.226797	14.406500
16.875000	106.958000	5.031406	9.115543	14.147000
22.500000	106.958000	5.098439	9.107559	14.206000
28.125000	106.958000	4.993643	9.013484	14.007100
33.750000	106.958000	4.933012	9.223687	14.156700
39.375000	106.958000	5.032673	9.103499	14.136200
45.000000	106.958000	4.912304	9.031309	13.943600
50.625000	106.958000	4.850123	9.001722	13.851800
56.250000	106.958000	4.951051	9.039859	13.990900
61.875000	106.958000	4.893812	9.015599	13.909400
67.500000	106.958000	4.925004	8.982835	13.907800
73.125000	106.958000	4.833079	9.078979	13.912100
78.750000	106.958000	4.901005	8.966436	13.867400
84.375000	106.958000	5.012655	9.144734	14.157400
90.000000	106.958000	4.985116	9.023527	14.008600
95.625000	106.958000	5.040522	8.819794	13.860300
101.250000	106.958000	5.040318	9.022917	14.063200
106.875000	106.958000	5.111185	9.168563	14.279700
112.500000	106.958000	5.157623	9.268270	14.425900
118.125000	106.958000	5.103608	9.162796	14.266400
123.750000	106.958000	5.097105	9.391037	14.488100
129.375000	106.958000	5.095985	9.136636	14.232600
135.000000	106.958000	5.161152	9.064718	14.225900
140.625000	106.958000	5.053178	9.010250	14.063400
146.250000	106.958000	4.955857	8.948476	13.904300
151.875000	106.958000	4.924880	9.142789	14.067700
157.500000	106.958000	4.881349	9.110431	13.991800
163.125000	106.958000	5.005032	8.999754	14.004800
168.750000	106.958000	5.022607	9.066097	14.088700
174.375000	106.958000	4.952736	8.882540	13.835300
180.000000	106.958000	5.130808	9.198885	14.329700
185.625000	106.958000	5.009624	9.135856	14.145500
191.250000	106.958000	4.954421	9.031388	13.985800
196.875000	106.958000	4.953414	8.892368	13.845800
202.500000	106.958000	4.950949	9.172805	14.123800
208.125000	106.958000	4.951028	9.080755	14.031800
213.750000	106.958000	5.049423	9.196374	14.245800
219.375000	106.958000	4.939877	9.128165	14.068000
225.000000	106.958000	5.051425	9.121888	14.173300
230.625000	106.958000	5.163934	9.127860	14.291800
236.250000	106.958000	5.121749	9.331412	14.453200
241.875000	106.958000	5.137944	9.378167	14.516100
247.500000	106.958000	5.075548	9.341286	14.416800
253.125000	106.958000	5.145114	9.228777	14.373900
258.750000	106.958000	5.001888	8.956642	13.958500
264.375000	106.958000	4.959974	8.921355	13.881300
270.000000	106.958000	4.863751	9.188220	14.052000
275.625000	106.958000	5.017428	9.218078	14.235500
281.250000	106.958000	4.921725	9.103487	14.025200
286.875000	106.958000	4.817415	9.059119	13.876500
292.500000	106.958000	5.003471	8.982451	13.985900
298.125000	106.958000	5.039368	8.909989	13.949400
303.750000	106.958000	5.027301	8.832122	13.859400
309.375000	106.958000	4.966387	8.995457	13.961800
315.000000	106.958000	5.044537	9.125349	14.169900
320.625000	106.958000	5.040171	9.082632	14.122800
326.250000	106.958000	4.856400	9.071831	13.928200
331.875000	106.958000	4.999061	9.142992	14.142100
337.500000	106.958000	5.064012	8.949109	14.013100
343.125000	106.958000	5.012485	9.187541	14.200000
348.750000	106.958000	5.079891	9.415364	14.495300
354.375000	106.958000	5.038158	9.261609	14.299800
2.812500	109.471000	4.612302	9.686040	14.298300
8.437500	109.471000	4.756930	9.645224	14.402100
14.062500	109.471000	4.702972	9.330666	14.033600
19.687500	109.471000	4.739265	9.430316	14.169600
25.312500	109.471000	4.617244	9.403376	14.020600
30.937500	109.471000	4.714858	9.454666	14.169500
36.562500	109.471000	4.610843	9.386773	13.997600
42.187500	109.471000	4.624652	9.413759	14.038400
47.812500	109.471000	4.689491	9.344068	14.033500
53.437500	109.471000	4.524662	9.434252	13.958900
59.062500	109.471000	4.651456	9.226548	13.878000
64.687500	109.471000	4.654883	9.477659	14.132500
70.312500	109.471000	4.622605	9.375328	13.997900
75.937500	109.471000	4.664372	9.321641	13.986000
81.562500	109.471000	4.720604	9.270668	13.991300
87.187500	109.471000	4.694806	9.508082	14.202900
92.812500	109.471000	4.633620	9.516609	14.150200
98.437500	109.471000	4.637375	9.339623	13.977000
104.062000	109.471000	4.717460	9.640666	14.358100
109.688000	109.471000	4.885285	9.711453	14.596700
115.312000	109.471000	4.868524	9.576212	14.444700
120.938000	109.471000	4.711036	9.674798	14.385800
126.562000	109.471000	4.813038	9.557584	14.370600
132.188000	109.471000	4.749274	9.353274	14.102500
137.812000	109.471000	4.790283	9.328381	14.118700
143.437000	109.471000	4.708027	9.302844	14.010900
149.062000	109.471000	4.596525	9.337418	13.933900
154.688000	109.471000	4.606816	9.343321	13.950100
160.312000	109.471000	4.670219	9.473169	14.143400
165.938000	109.471000	4.699941	9.304563	14.004500
171.562000	109.471000	4.594036	9.312423	13.906500
177.188000	109.471000	4.599827	9.204370	13.804200
182.812000	109.471000	4.701863	9.266845	13.968700
188.438000	109.471000	4.638631	9.567673	14.206300
194.062000	109.471000	4.628373	9.355694	13.984100
199.687000	109.471000	4.585339	9.316416	13.901800
205.312000	109.471000	4.589535	9.447247	14.036800
210.938000	109.471000	4.709328	9.322715	14.032000
216.562000	109.471000	4.695654	9.356486	14.052100
222.188000	109.471000	4.768738	9.331311	14.100100
227.812000	109.471000	4.665774	9.455107	14.120900
233.438000	109.471000	4.871622	9.597338	14.469000
239.062000	109.471000	4.871147	9.848753	14.719900
244.687000	109.471000	4.805415	9.594228	14.399600
250.312000	109.471000	4.845135	9.603864	14.449000
255.937000	109.471000	4.756308	9.447597	14.203900
261.562000	109.471000	4.692748	9.382804	14.075600
267.188000	109.471000	4.782117	9.530498	14.312600
272.812000	109.471000	4.686143	9.516564	14.202700
278.438000	109.471000	4.587601	9.358522	13.946100
284.062000	109.471000	4.633745	9.287531	13.921300
289.688000	109.471000	4.703492	9.435145	14.138600
295.312000	109.471000	4.599013	9.396127	13.995100
300.938000	109.471000	4.547350	9.261269	13.808600
306.562000	109.471000	4.549386	9.393763	13.943200
312.187000	109.471000	4.577411	9.478484	14.055900
317.812000	109.471000	4.685871	9.271584	13.957500
323.438000	109.471000	4.629572	9.437023	14.066600
329.062000	109.471000	4.563274	9.234997	13.798300
334.688000	109.471000	4.722357	9.397416	14.119800
340.312000	109.471000	4.738767	9.390969	14.129700
345.938000	109.471000	4.808887	9.494476	14.303400
351.562000	109.471000	4.697928	9.685158	14.383100
357.187000	109.471000	4.780941	9.590914	14.371800
0.000000	112.024000	4.465999	9.934628	14.400600
5.625000	112.024000	4.475239	10.051955	14.527200
11.250000	112.024000	4.478021	9.908672	14.386700
16.875000	112.024000	4.379287	9.549181	13.928500
22.500000	112.024000	4.313374	9.713218	14.026600
28.125000	112.024000	4.254360	9.693279	13.947600
33.750000	112.024000	4.312707	9.691842	14.004500
39.375000	112.024000	4.358975	9.714643	14.073600
45.000000	112.024000	4.355616	9.739501	14.095100
50.625000	112.024000	4.264165	9.571541	13.835700
56.250000	112.024000	4.177612	9.511034	13.688600
61.875000	112.024000	4.468442	9.639885	14.108300
67.500000	112.024000	4.292869	9.579503	13.872400
73.125000	112.024000	4.167897	9.612301	13.780200
78.750000	112.024000	4.333946	9.653502	13.987400
84.375000	112.024000	4.360999	9.512345	13.873300
90.000000	112.024000	4.386028	9.937399	14.323400
95.625000	112.024000	4.399894	9.700438	14.100300
101.250000	112.024000	4.471756	9.516078	13.987800
106.875000	112.024000	4.496094	9.706986	14.203100
112.500000	112.024000	4.466915	9.820547	14.287500
118.125000	112.024000	4.488460	9.953470	14.441900
123.750000	112.024000	4.474244	10.082899	14.557100
129.375000	112.024000	4.404372	9.933045	14.337400
135.000000	112.024000	4.503140	9.601466	14.104600
140.625000	112.024000	4.488415	9.727219	14.215600
146.250000	112.024000	4.369289	9.655685	14.025000
151.875000	112.024000	4.325023	9.793019	14.118000
157.500000	112.024000	4.296455	9.837693	14.134200
163.125000	112.024000	4.222093	9.670738	13.892800
168.750000	112.024000	4.349961	9.694862	14.044800
174.375000	112.024000	4.365512	9.756658	14.122200
180.000000	112.024000	4.324367	9.779074	14.103400
185.625000	112.024000	4.302811	9.569867	13.872700
191.250000	112.024000	4.408331	9.691786	14.100100
196.875000	112.024000	4.358262	9.595087	13.953400
202.500000	112.024000	4.265545	9.669426	13.935000
208.125000	112.024000	4.338968	9.640869	13.979800
213.750000	112.024000	4.412244	9.820513	14.232700
219.375000	112.024000	4.294577	9.758739	14.053300
225.000000	112.024000	4.360886	9.576969	13.937900
230.625000	112.024000	4.470817	9.745224	14.216000
236.250000	112.024000	4.431810	9.872945	14.304800
241.875000	112.024000	4.456329	9.986235	14.442600
247.500000	112.024000	4.382838	10.013050	14.395900
253.125000	112.024000	4.477761	9.703672	14.181400
258.750000	112.024000	4.442769	9.670591	14.113400
264.375000	112.024000	4.368023	9.534546	13.902600
270.000000	112.024000	4.415377	9.662607	14.078000
275.625000	112.024000	4.358681	9.692532	14.051200
281.250000	112.024000	4.267536	9.660232	13.927800
286.875000	112.024000	4.224446	9.832490	14.056900
292.500000	112.024000	4.329502	9.687081	14.016600
298.125000	112.024000	4.298400	9.762483	14.060900
303.750000	112.024000	4.345810	9.837659	14.183500
309.375000	112.024000	4.282928	9.603163	13.886100
315.000000	112.024000	4.257165	9.784378	14.041500
320.625000	112.024000	4.221437	9.639014	13.860500
326.250000	112.024000	4.300651	9.675658	13.976300
331.875000	112.024000	4.290958	9.699261	13.990200
337.500000	112.024000	4.375634	9.608659	13.984300
343.125000	112.024000	4.445901	9.497948	13.943900
348.750000	112.024000	4.426155	9.985285	14.411400
354.375000	112.024000	4.506375	10.015368	14.521700
2.812500	114.624000	4.169265	10.367542	14.536800
8.437500	114.624000	4.146035	10.471524	14.617600
14.062500	114.624000	4.019909	9.952215	13.972100
19.687500	114.624000	4.092891	9.938858	14.031800
25.312500	114.624000	3.941069	9.963355	13.904400
30.937500	114.624000	4.057254	9.993835	14.051100
36.562500	114.624000	3.991295	9.852667	13.844000
42.187500	114.624000	3.979477	10.015968	13.995400
47.812500	114.624000	4.012320	9.965956	13.978300
53.437500	114.624000	3.905749	9.854454	13.760200
59.062500	114.624000	3.922645	9.905087	13.827700
64.687500	114.624000	3.928707	9.934018	13.862700
70.312500	114.624000	3.911177	9.857202	13.768400
75.937500	114.624000	3.903294	10.007553	13.910800
81.562500	114.624000	4.019513	9.853424	13.872900
87.187500	114.624000	3.968303	10.047556	14.015900
92.812500	114.624000	3.948307	9.944660	13.893000
98.437500	114.624000	4.031343	9.910267	13.941600
104.062000	114.624000	4.080507	10.032243	14.112700
109.688000	114.624000	4.009990	10.298293	14.308300
115.312000	114.624000	4.097811	10.215257	14.313100
120.938000	114.624000	4.151294	10.207430	14.358700
126.562000	114.624000	4.128754	10.336859	14.465600
132.188000	114.624000	4.033436	10.083883	14.117300
137.812000	114.624000	4.044044	10.065120	14.109200
143.437000	114.624000	4.015668	10.006490	14.022200
149.062000	114.624000	3.913190	9.848278	13.761500
154.688000	114.624000	3.947154	9.902848	13.850000
160.312000	114.624000	4.027079	10.078307	14.105400
165.938000	114.624000	3.969162	9.845711	13.814900
171.562000	114.624000	3.949393	9.953798	13.903200
177.188000	114.624000	3.946509	9.967800	13.914300
182.812000	114.624000	3.854923	10.065708	13.920600
188.438000	114.624000	3.914932	10.056491	13.971400
194.062000	114.624000	3.991906	10.048947	14.040900
199.687000	114.624000	4.062117	9.964396	14.026500
205.312000	114.624000	3.983243	10.064792	14.048000
210.938000	114.624000	4.031106	9.932728	13.963800
216.562000	114.624000	3.942924	10.094344	14.037300
222.188000	114.624000	4.111744	10.061184	14.172900
227.812000	114.624000	4.176164	10.024575	14.200700
233.438000	114.624000	4.108159	10.340275	14.448400
239.062000	114.624000	4.165217	10.198202	14.363400
244.687000	114.624000	4.073054	10.368164	14.441200
250.312000	114.624000	4.002741	10.180785	14.183500
255.937000	114.624000	4.034442	10.129065	14.163500
261.562000	114.624000	4.097731	9.912020	14.009800
267.188000	114.624000	3.981196	9.756975	13.738200
272.812000	114.624000	4.055863	10.022211	14.078100
278.438000	114.624000	3.919219	9.988892	13.908100
284.062000	114.624000	3.942087	10.047827	13.989900
289.688000	114.624000	3.962037	9.825410	13.787400
295.312000	114.624000	4.042608	9.832343	13.875000
300.938000	114.624000	3.881026	10.027979	13.909000
306.562000	114.624000	3.988197	9.979777	13.968000
312.187000	114.624000	3.938581	10.145668	14.084200
317.812000	114.624000	3.915192	10.001559	13.916800
323.438000	114.624000	3.913473	9.894264	13.807700
329.062000	114.624000	3.983130	9.909023	13.892200
334.688000	114.624000	4.047629	9.850506	13.898100
340.312000	114.624000	4.009142	10.124417	14.133600
345.938000	114.624000	4.089419	9.927243	14.016700
351.562000	114.624000	4.194565	10.122381	14.317000
357.187000	114.624000	4.065284	10.385694	14.451000
0.000000	117.280000	3.552975	10.567306	14.120300
5.625000	117.280000	3.628004	10.438794	14.066800
11.250000	117.280000	3.671784	10.302704	13.974500
16.875000	117.280000	3.624012	10.212927	13.836900
22.500000	117.280000	3.611288	10.234528	13.845800
28.125000	117.280000	3.576794	10.166614	13.743400
33.750000	117.280000	3.550612	10.159240	13.709800
39.375000	117.280000	3.417134	10.296653	13.713800
45.000000	117.280000	3.626387	10.259681	13.886100
50.625000	117.280000	3.567712	10.261242	13.829000
56.250000	117.280000	3.442728	10.298078	13.740800
61.875000	117.280000	3.566660	10.227290	13.794000
67.500000	117.280000	3.433432	10.146889	13.580300
73.125000	117.280000	3.561480	10.127267	13.688800
78.750000	117.280000	3.547739	10.214228	13.762000
84.375000	117.280000	3.659151	10.395681	14.054800
90.000000	117.280000	3.553903	10.334405	13.888300
95.625000	117.280000	3.602422	10.265585	13.868000
101.250000	117.280000	3.583851	10.250577	13.834400
106.875000	117.280000	3.667249	10.443668	14.110900
112.500000	117.280000	3.666073	10.566955	14.233000
118.125000	117.280000	3.575832	10.812049	14.387900
123.750000	117.280000	3.706833	10.645807	14.352600
129.375000	117.280000	3.605995	10.518787	14.124800
135.000000	117.280000	3.750930	10.307963	14.058900
140.625000	117.280000	3.615744	10.310428	13.926200
146.250000	117.280000	3.648622	10.244764	13.893400
151.875000	117.280000	3.489788	10.271048	13.760800
157.500000	117.280000	3.534439	10.412906	13.947400
163.125000	117.280000	3.565597	10.293769	13.859400
168.750000	117.280000	3.553021	10.190375	13.743400
174.375000	117.280000	3.583274	10.351584	13.934900
180.000000	117.280000	3.515619	10.241744	13.757400
185.625000	117.280000	3.564851	10.366637	13.931500
191.250000	117.280000	3.559399	10.062937	13.622300
196.875000	117.280000	3.567441	10.164295	13.731700
202.500000	117.280000	3.517203	10.097975	13.615200
208.125000	117.280000	3.500962	10.198914	13.699900
213.750000	117.280000	3.649775	10.199989	13.849800
219.375000	117.280000	3.655826	10.319974	13.975800
225.000000	117.280000	3.609456	10.399854	14.009300
230.625000	117.280000	3.698645	10.437448	14.136100
236.250000	117.280000	3.649493	10.465281	14.114800
241.875000	117.280000	3.639280	10.432302	14.071600
247.500000	117.280000	3.648124	10.524533	14.172700
253.125000	117.280000	3.660972	10.376545	14.037500
258.750000	117.280000	3.629180	10.327856	13.957000
264.375000	117.280000	3.580266	10.372779	13.953000
270.000000	117.280000	3.659807	10.236101	13.895900
275.625000	117.280000	3.578965	10.199751	13.778700
281.250000	117.280000	3.604695	10.119701	13.724400
286.875000	117.280000	3.464454	10.195657	13.660100
292.500000	117.280000	3.541948	10.234393	13.776300
298.125000	117.280000	3.582019	10.226510	13.808500
303.750000	117.280000	3.555599	10.208991	13.764600
309.375000	117.280000	3.555859	10.220357	13.776200
315.000000	117.280000	3.584914	10.246845	13.831800
320.625000	117.280000	3.576590	10.191947	13.768500
326.250000	117.280000	3.584190	10.315110	13.899300
331.875000	117.280000	3.571150	10.331600	13.902800
337.500000	117.280000	3.559897	10.154512	13.714400
343.125000	117.280000	3.672565	10.213492	13.886100
348.750000	117.280000	3.606414	10.367158	13.973600
354.375000	117.280000	3.617882	10.518516	14.136400
2.812500	120.000000	3.224462	10.759639	13.984100
8.437500	120.000000	3.168264	11.013294	14.181600
14.062500	120.000000	3.228997	10.586634	13.815600
19.687500	120.000000	3.069778	10.386305	13.456100
25.312500	120.000000	3.115911	10.445987	13.561900
30.937500	120.000000	3.155088	10.673572	13.828700
36.562500	120.000000	2.999443	10.446009	13.445500
42.187500	120.000000	3.049387	10.623380	13.672800
47.812500	120.000000	3.064225	10.520676	13.584900
53.437500	120.000000	3.080817	10.564739	13.645600
59.062500	120.000000	3.014632	10.547130	13.561800
64.687500	120.000000	3.088473	10.558281	13.646700
70.312500	120.000000	3.096650	10.504809	13.601500
75.937500	120.000000	2.992725	10.646203	13.638900
81.562500	120.000000	3.057451	10.480922	13.538400
87.187500	120.000000	3.028871	10.621310	13.650200
92.812500	120.000000	3.166884	10.364794	13.531700
98.437500	120.000000	3.123115	10.338748	13.461900
104.062000	120.000000	3.199354	10.593748	13.793100
109.688000	120.000000	3.221962	10.709526	13.931500
115.312000	120.000000	3.065707	10.878629	13.944300
120.938000	120.000000	3.143450	10.758124	13.901600
126.562000	120.000000	3.158582	10.763213	13.921800
132.188000	120.000000	3.172471	10.634022	13.806500
137.812000	120.000000	3.200621	10.631862	13.832500
143.437000	120.000000	3.143891	10.323299	13.467200
149.062000	120.000000	3.212258	10.315540	13.527800
154.688000	120.000000	3.040916	10.484847	13.525800
160.312000	120.000000	3.070604	10.771944	13.842500
165.938000	120.000000	3.030070	10.610973	13.641000
171.562000	120.000000	2.950042	10.423887	13.373900
177.188000	120.000000	3.060289	10.467882	13.528200
182.812000	120.000000	3.063140	10.479249	13.542400
188.438000	120.000000	2.963648	10.375176	13.338800
194.062000	120.000000	3.034368	10.439099	13.473500
199.687000	120.000000	2.985792	10.687924	13.673700
205.312000	120.000000	2.989095	10.491961	13.481100
210.938000	120.000000	2.981506	10.579939	13.561400
216.562000	120.000000	3.147657	10.546270	13.693900
222.188000	120.000000	3.065017	10.585209	13.650200
227.812000	120.000000	3.193122	10.609752	13.802900
233.438000	120.000000	3.152928	10.726807	13.879700
239.062000	120.000000	3.131326	10.885732	14.017100
244.687000	120.000000	3.205484	10.603599	13.809100
250.312000	120.000000	3.208051	10.638196	13.846200
255.937000	120.000000	3.246074	10.584180	13.830300
261.562000	120.000000	3.165708	10.496982	13.662700
267.188000	120.000000	3.133000	10.534960	13.668000
272.812000	120.000000	3.137558	10.596972	13.734500
278.438000	120.000000	3.091516	10.464670	13.556200
284.062000	120.000000	3.025772	10.530346	13.556100
289.688000	120.000000	3.052599	10.543001	13.595600
295.312000	120.000000	3.021011	10.548713	13.569700
300.938000	120.000000	3.021927	10.525166	13.547100
306.562000	120.000000	3.005539	10.623810	13.629300
312.187000	120.000000	3.096707	10.385502	13.482200
317.812000	120.000000	2.965785	10.541034	13.506800
323.438000	120.000000	3.029810	10.567973	13.597800
329.062000	120.000000	3.074031	10.621005	13.695000
334.688000	120.000000	3.123567	10.521762	13.645300
340.312000	120.000000	3.188508	10.436577	13.625100
345.938000	120.000000	3.242444	10.581771	13.824200
351.562000	120.000000	3.216533	10.583004	13.799500
357.187000	120.000000	3.204036	10.871809	14.075800
0.000000	122.797000	2.669380	11.026346	13.695700
5.625000	122.797000	2.645844	10.963362	13.609200
11.250000	122.797000	2.606079	11.035687	13.641800
16.875000	122.797000	2.675679	10.673120	13.348800
22.500000	122.797000	2.568146	10.735154	13.303300
28.125000	122.797000	2.512356	10.822329	13.334700
33.750000	122.797000	2.629728	10.853488	13.483200
39.375000	122.797000	2.507854	10.945345	13.453200
45.000000	122.797000	2.506757	10.584780	13.091500
50.625000	122.797000	2.562514	10.966133	13.528700
56.250000	122.797000	2.429116	10.789418	13.218500
61.875000	122.797000	2.537260	10.792404	13.329700
67.500000	122.797000	2.506746	10.803985	13.310700
73.125000	122.797000	2.498320	10.619840	13.118200
78.750000	122.797000	2.638979	10.852617	13.491600
84.375000	122.797000	2.547845	10.952674	13.500500
90.000000	122.797000	2.650617	10.838140	13.488800
95.625000	122.797000	2.653693	10.877555	13.531200
101.250000	122.797000	2.682827	10.799506	13.482300
106.875000	122.797000	2.661056	10.978913	13.640000
112.500000	122.797000	2.728926	11.138312	13.867200
118.125000	122.797000	2.711893	11.129389	13.841300
123.750000	122.797000	2.701963	10.952538	13.654500
129.375000	122.797000	2.619199	11.003443	13.622700
135.000000	122.797000	2.676347	10.810759	13.487100
140.625000	122.797000	2.697926	10.576388	13.274300
146.250000	122.797000	2.632601	10.781501	13.414100
151.875000	122.797000	2.603241	10.911665	13.514900
157.500000	122.797000	2.510840	10.709763	13.220600
163.125000	122.797000	2.578653	10.813406	13.392100
168.750000	122.797000	2.587350	10.921233	13.508600
174.375000	122.797000	2.603772	10.638659	13.242400
180.000000	122.797000	2.480428	10.810183	13.290600
185.625000	122.797000	2.494543	10.672498	13.167000
191.250000	122.797000	2.544238	10.746882	13.291100
196.875000	122.797000	2.567253	10.756880	13.324100
202.500000	122.797000	2.594091	10.862400	13.456500
208.125000	122.797000	2.584783	10.905818	13.490600
213.750000	122.797000	2.524480	10.797256	13.321700
219.375000	122.797000	2.564991	10.814480	13.379500
225.000000	122.797000	2.608353	10.922364	13.530700
230.625000	122.797000	2.602856	10.931434	13.534300
236.250000	122.797000	2.628812	11.050582	13.679400
241.875000	122.797000	2.642802	11.272672	13.915500
247.500000	122.797000	2.657686	11.171268	13.828900
253.125000	122.797000	2.593910	11.036547	13.630500
258.750000	122.797000	2.647281	10.780291	13.427600
264.375000	122.797000	2.569006	10.866234	13.435200
270.000000	122.797000	2.542847	10.684565	13.227400
275.625000	122.797000	2.576131	10.679951	13.256100
281.250000	122.797000	2.491014	10.820667	13.311700
286.875000	122.797000	2.500548	10.824060	13.324600
292.500000	122.797000	2.531492	10.771028	13.302500
298.125000	122.797000	2.460195	10.846837	13.307000
303.750000	122.797000	2.563871	10.719490	13.283400
309.375000	122.797000	2.503376	10.677044	13.180400
315.000000	122.797000	2.532849	10.914436	13.447300
320.625000	122.797000	2.578766	10.763338	13.342100
326.250000	122.797000	2.601454	10.866041	13.467500
331.875000	122.797000	2.587554	10.700365	13.287900
337.500000	122.797000	2.587656	10.687268	13.274900
343.125000	122.797000	2.598242	10.923845	13.522100
348.750000	122.797000	2.583550	10.978098	13.561600
354.375000	122.797000	2.662096	11.276426	13.938500
2.812500	125.685000	2.177961	11.330996	13.508900
8.437500	125.685000	2.171220	11.188007	13.359200
14.062500	125.685000	2.221266	11.070555	13.291800
19.687500	125.685000	2.131387	10.881875	13.013300
25.312500	125.685000	2.154855	10.998320	13.153200
30.937500	125.685000	2.105262	11.193933	13.299200
36.562500	125.685000	2.034327	11.147733	13.182100
42.187500	125.685000	2.065689	11.080576	13.146300
47.812500	125.685000	2.028661	11.111406	13.140100
53.437500	125.685000	2.016774	11.020860	13.037600
59.062500	125.685000	2.089077	11.028268	13.117400
64.687500	125.685000	2.142516	11.073846	13.216400
70.312500	125.685000	2.074680	10.967026	13.041700
75.937500	125.685000	2.065564	10.890844	12.956400
81.562500	125.685000	2.060724	11.021878	13.082600
87.187500	125.685000	2.152468	11.142361	13.294800
92.812500	125.685000	2.185855	11.045821	13.231700
98.437500	125.685000	2.178945	11.023213	13.202200
104.062000	125.685000	2.142640	10.902945	13.045600
109.688000	125.685000	2.183389	11.295698	13.479100
115.312000	125.685000	2.209458	11.399533	13.609000
120.938000	125.685000	2.069365	11.254757	13.324100
126.562000	125.685000	2.133389	11.297304	13.430700
132.188000	125.685000	2.168619	11.252291	13.420900
137.812000	125.685000	2.223675	11.214110	13.437800
143.437000	125.685000	2.164016	10.883651	13.047700
149.062000	125.685000	2.215645	11.179004	13.394700
154.688000	125.685000	2.167918	10.936094	13.104000
160.312000	125.685000	2.166425	10.981649	13.148100
165.938000	125.685000	2.018901	10.984138	13.003000
171.562000	125.685000	1.974137	10.993299	12.967400
177.188000	125.685000	2.056822	11.124209	13.181000
182.812000	125.685000	2.022486	11.062424	13.084900
188.438000	125.685000	2.036329	11.085609	13.121900
194.062000	125.685000	2.119252	11.058465	13.177700
199.687000	125.685000	2.017181	11.097439	13.114600
205.312000	125.685000	2.157603	11.160321	13.317900
210.938000	125.685000	2.151371	11.097258	13.248600
216.562000	125.685000	2.127384	11.050820	13.178200
222.188000	125.685000	2.099810	11.024819	13.124600
227.812000	125.685000	2.077937	11.291875	13.369800
233.438000	125.685000	2.081749	11.450200	13.532000
239.062000	125.685000	2.121717	11.526880	13.648600
244.687000	125.685000	2.098080	11.392634	13.490800
250.312000	125.685000	2.122045	11.148988	13.271000
255.937000	125.685000	2.126400	11.105310	13.231700
261.562000	125.685000	2.185221	10.919785	13.105000
267.188000	125.685000	2.136284	11.161791	13.298100
272.812000	125.685000	2.085142	11.048547	13.133700
278.438000	125.685000	2.153102	10.942348	13.095400
284.062000	125.685000	2.126207	11.090641	13.216800
289.688000	125.685000	2.054832	11.071822	13.126700
295.312000	125.685000	1.981748	11.005015	12.986800
300.938000	125.685000	2.053870	11.154541	13.208400
306.562000	125.685000	2.063438	10.992835	13.056300
312.187000	125.685000	2.051642	10.905795	12.957400
317.812000	125.685000	2.098284	11.179762	13.278000
323.438000	125.685000	2.118019	11.109529	13.227500
329.062000	125.685000	2.156879	11.110105	13.267000
334.688000	125.685000	2.187189	11.140054	13.327200
340.312000	125.685000	2.157072	10.901486	13.058600
345.938000	125.685000	2.118268	11.085778	13.204000
351.562000	125.685000	2.125110	11.230758	13.355900
357.187000	125.685000	2.224715	11.290745	13.515500
0.000000	128.682000	1.651097	11.669044	13.320100
5.625000	128.682000	1.744063	11.713830	13.457800
11.250000	128.682000	1.640533	11.299385	12.939900
16.875000	128.682000	1.707510	11.276596	12.984100
22.500000	128.682000	1.669170	11.321835	12.991000
28.125000	128.682000	1.660857	11.493064	13.154000
33.750000	128.682000	1.617631	11.399872	13.017500
39.375000	128.682000	1.621646	11.416384	13.038000
45.000000	128.682000	1.598031	11.273644	12.871700
50.625000	128.682000	1.570605	11.338234	12.908800
56.250000	128.682000	1.562813	11.205808	12.768600
61.875000	128.682000	1.593858	11.272830	12.866700
67.500000	128.682000	1.570854	11.444659	13.015500
73.125000	128.682000	1.621782	11.423170	13.045000
78.750000	128.682000	1.640454	11.258229	12.898700
84.375000	128.682000	1.614114	11.341853	12.956000
90.000000	128.682000	1.650090	11.449522	13.099700
95.625000	128.682000	1.631734	11.383247	13.015000
101.250000	128.682000	1.661705	11.328621	12.990300
106.875000	128.682000	1.688012	11.391051	13.079000
112.500000	128.682000	1.636304	11.585691	13.222000
118.125000	128.682000	1.626713	11.484130	13.110800
123.750000	128.682000	1.701640	11.302778	13.004400
129.375000	128.682000	1.660597	11.531744	13.192300
135.000000	128.682000	1.648032	11.304542	12.952600
140.625000	128.682000	1.668593	11.044023	12.712600
146.250000	128.682000	1.640556	11.341627	12.982200
151.875000	128.682000	1.579031	11.429277	13.008300
157.500000	128.682000	1.592535	11.282070	12.874600
163.125000	128.682000	1.592003	11.203286	12.795300
168.750000	128.682000	1.609454	11.312561	12.922000
174.375000	128.682000	1.610314	11.209054	12.819400
180.000000	128.682000	1.541223	11.060116	12.601300
185.625000	128.682000	1.668265	11.418533	13.086800
191.250000	128.682000	1.579992	11.329978	12.909900
196.875000	128.682000	1.574632	11.129242	12.703900
202.500000	128.682000	1.653472	11.185078	12.838500
208.125000	128.682000	1.634822	11.373973	13.008800
213.750000	128.682000	1.628364	11.259745	12.888100
219.375000	128.682000	1.659149	11.203422	12.862600
225.000000	128.682000	1.648801	11.404057	13.052800
230.625000	128.682000	1.622992	11.398063	13.021000
236.250000	128.682000	1.575039	11.666103	13.241100
241.875000	128.682000	1.527459	11.449183	12.976700
247.500000	128.682000	1.595046	11.565447	13.160500
253.125000	128.682000	1.627018	11.342871	12.969900
258.750000	128.682000	1.621069	11.341062	12.962100
264.375000	128.682000	1.614069	11.323079	12.937200
270.000000	128.682000	1.551311	11.245992	12.797300
275.625000	128.682000	1.660088	11.524958	13.185000
281.250000	128.682000	1.535206	11.198876	12.734100
286.875000	128.682000	1.581383	11.191241	12.772600
292.500000	128.682000	1.609466	11.170771	12.780200
298.125000	128.682000	1.587140	11.331788	12.919000
303.750000	128.682000	1.544265	11.315502	12.859700
309.375000	128.682000	1.585613	11.152664	12.738300
315.000000	128.682000	1.604060	11.298480	12.902500
320.625000	128.682000	1.639018	11.429843	13.068800
326.250000	128.682000	1.618389	11.216225	12.834600
331.875000	128.682000	1.678760	11.297926	12.976700
337.500000	128.682000	1.634370	11.469540	13.103900
343.125000	128.682000	1.698043	11.421361	13.119400
348.750000	128.682000	1.683058	11.487975	13.171000
354.375000	128.682000	1.659952	11.649817	13.309700
2.812500	131.810000	1.208400	11.796957	13.005300
8.437500	131.810000	1.197407	11.642805	12.840200
14.062500	131.810000	1.227004	11.639978	12.867000
19.687500	131.810000	1.172785	11.793451	12.966200
25.312500	131.810000	1.203062	11.489332	12.692400
30.937500	131.810000	1.172310	11.480511	12.652900
36.562500	131.810000	1.201207	11.518964	12.720200
42.187500	131.810000	1.131528	11.472028	12.603500
47.812500	131.810000	1.148356	11.553911	12.702200
53.437500	131.810000	1.182817	11.463320	12.646200
59.062500	131.810000	1.102019	11.511612	12.613700
64.687500	131.810000	1.097957	11.532761	12.630700
70.312500	131.810000	1.109453	11.438665	12.548100
75.937500	131.810000	1.131188	11.345585	12.476800
81.562500	131.810000	1.181901	11.525636	12.707500
87.187500	131.810000	1.165660	11.387997	12.553700
92.812500	131.810000	1.194274	11.660788	12.855100
98.437500	131.810000	1.156884	11.494308	12.651200
104.062000	131.810000	1.143267	11.604239	12.747500
109.688000	131.810000	1.203276	11.658073	12.861300
115.312000	131.810000	1.182173	11.813017	12.995200
120.938000	131.810000	1.168420	11.871601	13.040000
126.562000	131.810000	1.219947	11.804761	13.024700
132.188000	131.810000	1.199906	11.617924	12.817800
137.812000	131.810000	1.150935	11.660109	12.811100
143.437000	131.810000	1.194263	11.561262	12.755500
149.062000	131.810000	1.142170	11.490011	12.632100
154.688000	131.810000	1.210141	11.597566	12.807700
160.312000	131.810000	1.163308	11.581846	12.745200
165.938000	131.810000	1.180080	11.364360	12.544500
171.562000	131.810000	1.160639	11.503356	12.664000
177.188000	131.810000	1.140168	11.500868	12.641100
182.812000	131.810000	1.119201	11.500642	12.619800
188.438000	131.810000	1.145936	11.554476	12.700400
194.062000	131.810000	1.140496	11.482546	12.623100
199.687000	131.810000	1.172446	11.473612	12.646100
205.312000	131.810000	1.077026	11.454724	12.531800
210.938000	131.810000	1.187590	11.688497	12.876100
216.562000	131.810000	1.193358	11.332353	12.525700
222.188000	131.810000	1.113049	11.407563	12.520600
227.812000	131.810000	1.182715	11.496910	12.679600
233.438000	131.810000	1.151252	11.764272	12.915500
239.062000	131.810000	1.189920	11.832696	13.022600
244.687000	131.810000	1.157054	11.739390	12.896400
250.312000	131.810000	1.164891	11.581054	12.746000
255.937000	131.810000	1.140711	11.482772	12.623500
261.562000	131.810000	1.132285	11.368205	12.500500
267.188000	131.810000	1.127867	11.382003	12.509800
272.812000	131.810000	1.149555	11.510142	12.659700
278.438000	131.810000	1.127610	11.463207	12.590900
284.062000	131.810000	1.105875	11.475534	12.581500
289.688000	131.810000	1.091784	11.652418	12.744200
295.312000	131.810000	1.094451	11.615436	12.709800
300.938000	131.810000	1.156703	11.460605	12.617300
306.562000	131.810000	1.155187	11.378723	12.533900
312.187000	131.810000	1.132930	11.502338	12.635200
317.812000	131.810000	1.136685	11.505392	12.642100
323.438000	131.810000	1.179877	11.285565	12.465400
329.062000	131.810000	1.172514	11.553911	12.726400
334.688000	131.810000	1.155640	11.306228	12.461900
340.312000	131.810000	1.178610	11.520773	12.699400
345.938000	131.810000	1.122820	11.669270	12.792100
351.562000	131.810000	1.213523	11.896709	13.110300
357.187000	131.810000	1.155708	11.542714	12.698400
3.000000	134.994000	0.797273	11.509690	12.306900
9.000000	134.994000	0.806241	11.399194	12.205400
15.000000	134.994000	0.829953	11.204168	12.034100
21.000000	134.994000	0.829495	11.290100	12.119600
27.000000	134.994000	0.801257	11.232443	12.033700
33.000000	134.994000	0.779012	11.217695	11.996700
39.000000	134.994000	0.802758	11.242361	12.045100
45.000000	134.994000	0.746708	11.230848	11.977600
51.000000	134.994000	0.790369	11.280803	12.071200
57.000000	134.994000	0.754911	11.252925	12.007800
63.000000	134.994000	0.741223	11.277094	12.018300
69.000000	134.994000	0.753459	11.480397	12.233800
75.000000	134.994000	0.780541	11.170341	11.950900
81.000000	134.994000	0.782644	11.324775	12.107400
87.000000	134.994000	0.777792	11.291389	12.069200
93.000000	134.994000	0.828551	11.436742	12.265300
99.000000	134.994000	0.819771	11.257008	12.076800
105.000000	134.994000	0.824692	11.332466	12.157100
111.000000	134.994000	0.845232	11.343550	12.188800
117.000000	134.994000	0.769166	11.566238	12.335400
123.000000	134.994000	0.797908	11.546333	12.344200
129.000000	134.994000	0.815599	11.258331	12.073900
135.000000	134.994000	0.803123	11.350109	12.153200
141.000000	134.994000	0.803942	11.178925	11.982900
147.000000	134.994000	0.786489	11.365038	12.151500
153.000000	134.994000	0.802015	11.351806	12.153800
159.000000	134.994000	0.768167	11.071008	11.839200
165.000000	134.994000	0.783319	11.181764	11.965100
171.000000	134.994000	0.777827	11.266813	12.044600
177.000000	134.994000	0.768375	11.253943	12.022300
183.000000	134.994000	0.742194	11.142632	11.884800
189.000000	134.994000	0.749907	11.096522	11.846400
195.000000	134.994000	0.761371	11.214347	11.975700
201.000000	134.994000	0.751587	11.290948	12.042500
207.000000	134.994000	0.735808	11.221665	11.957500
213.000000	134.994000	0.756358	11.229796	11.986200
219.000000	134.994000	0.728571	11.276087	12.004700
225.000000	134.994000	0.770723	11.220455	11.991200
231.000000	134.994000	0.807915	11.429051	12.237000
237.000000	134.994000	0.785826	11.575625	12.361400
243.000000	134.994000	0.790429	11.574834	12.365300
249.000000	134.994000	0.775303	11.425998	12.201300
255.000000	134.994000	0.748705	11.192203	11.940900
261.000000	134.994000	0.806152	11.257155	12.063300
267.000000	134.994000	0.736606	11.212764	11.949400
273.000000	134.994000	0.771064	11.401229	12.172200
279.000000	134.994000	0.827750	11.234411	12.062200
285.000000	134.994000	0.790825	11.213137	12.004000
291.000000	134.994000	0.782834	11.223237	12.006100
297.000000	134.994000	0.772412	11.286379	12.058800
303.000000	134.994000	0.769417	11.333371	12.102800
309.000000	134.994000	0.778207	11.347960	12.126100
315.000000	134.994000	0.782791	11.422944	12.205800
321.000000	134.994000	0.784415	11.255888	12.040300
327.000000	134.994000	0.809277	11.266700	12.076000
333.000000	134.994000	0.839724	11.230215	12.069900
339.000000	134.994000	0.817300	11.136536	11.953800
345.000000	134.994000	0.846397	11.296976	12.143400
351.000000	134.994000	0.776297	11.333258	12.109500
357.000000	134.994000	0.823669	11.699015	12.522700
3.214290	138.141000	0.529733	11.358026	11.887800
9.642860	138.141000	0.582913	11.007334	11.590300
16.071400	138.141000	0.595057	10.938254	11.533300
22.500000	138.141000	0.523603	11.087927	11.611500
28.928600	138.141000	0.588068	11.101261	11.689300
35.357100	138.141000	0.556068	10.880201	11.436300
41.785700	138.141000	0.538972	10.929500	11.468500
48.214300	138.141000	0.520719	10.804799	11.325500
54.642900	138.141000	0.508756	10.855399	11.364200
61.071400	138.141000	0.479400	11.012955	11.492400
67.500000	138.141000	0.492988	10.971821	11.464800
73.928600	138.141000	0.523873	10.941387	11.465300
80.357100	138.141000	0.512936	10.821933	11.334900
86.785700	138.141000	0.560290	11.071879	11.632200
93.214300	138.141000	0.586803	10.911868	11.498700
99.642900	138.141000	0.553538	11.124412	11.678000
106.071000	138.141000	0.555576	11.035891	11.591500
112.500000	138.141000	0.546793	11.206114	11.752900
118.929000	138.141000	0.538248	11.509916	12.048200
125.357000	138.141000	0.556181	11.207154	11.763300
131.786000	138.141000	0.505206	11.111395	11.616600
138.214000	138.141000	0.552781	10.781580	11.334400
144.643000	138.141000	0.524803	11.186740	11.711500
151.071000	138.141000	0.559304	10.937564	11.496900
157.500000	138.141000	0.524350	11.102845	11.627200
163.929000	138.141000	0.511865	11.145912	11.657800
170.357000	138.141000	0.530765	11.021686	11.552400
176.786000	138.141000	0.486108	10.939747	11.425900
183.214000	138.141000	0.528893	10.979557	11.508400
189.643000	138.141000	0.525282	10.778448	11.303700
196.071000	138.141000	0.515501	10.962095	11.477600
202.500000	138.141000	0.544279	11.057696	11.602000
208.929000	138.141000	0.547908	11.017999	11.565900
215.357000	138.141000	0.507878	11.027420	11.535300
221.786000	138.141000	0.455267	11.081209	11.536500
228.214000	138.141000	0.476418	10.952403	11.428800
234.643000	138.141000	0.491970	10.992416	11.484400
241.071000	138.141000	0.502374	11.448391	11.950700
247.500000	138.141000	0.501026	11.207358	11.708400
253.929000	138.141000	0.504973	11.116857	11.621800
260.357000	138.141000	0.550047	11.114392	11.664400
266.786000	138.141000	0.544426	10.913033	11.457500
273.214000	138.141000	0.565748	11.048897	11.614600
279.643000	138.141000	0.505437	10.848545	11.354000
286.071000	138.141000	0.519960	10.934397	11.454400
292.500000	138.141000	0.498129	10.768846	11.267000
298.929000	138.141000	0.514337	10.873189	11.387500
305.357000	138.141000	0.517542	10.942416	11.460000
311.786000	138.141000	0.573059	11.004348	11.577400
318.214000	138.141000	0.527308	10.942348	11.469700
324.643000	138.141000	0.495274	11.227387	11.722700
331.071000	138.141000	0.513672	11.003048	11.516700
337.500000	138.141000	0.574033	11.143277	11.717300
343.929000	138.141000	0.522029	10.892529	11.414600
350.357000	138.141000	0.560141	11.216191	11.776300
356.786000	138.141000	0.549704	11.522017	12.071700
3.461540	141.256000	0.391286	11.280226	11.671500
10.384600	141.256000	0.377044	10.868710	11.245800
17.307700	141.256000	0.402763	11.012254	11.415000
24.230800	141.256000	0.402684	10.914504	11.317200
31.153800	141.256000	0.414342	11.125181	11.539500
38.076900	141.256000	0.379403	10.837530	11.216900
45.000000	141.256000	0.349248	10.662036	11.011300
51.923100	141.256000	0.339613	10.708169	11.047800
58.846200	141.256000	0.331719	10.738728	11.070400
65.769200	141.256000	0.344416	10.848251	11.192700
72.692300	141.256000	0.345415	10.949699	11.295100
79.615400	141.256000	0.378929	10.943049	11.322000
86.538500	141.256000	0.364215	10.899349	11.263600
93.461500	141.256000	0.354422	10.997687	11.352100
100.385000	141.256000	0.409390	10.955694	11.365100
107.308000	141.256000	0.424140	10.973586	11.397700
114.231000	141.256000	0.394355	11.209292	11.603700
121.154000	141.256000	0.368104	11.227546	11.595600
128.077000	141.256000	0.413598	11.051860	11.465500
135.000000	141.256000	0.397156	10.704697	11.101900
141.923000	141.256000	0.398759	10.898455	11.297200
148.846000	141.256000	0.401790	10.793342	11.195100
155.769000	141.256000	0.369604	10.954551	11.324200
162.692000	141.256000	0.338743	10.816143	11.154900
169.615000	141.256000	0.353053	11.110139	11.463200
176.538000	141.256000	0.378444	10.822997	11.201400
183.462000	141.256000	0.301748	10.797832	11.099600
190.385000	141.256000	0.353577	10.950910	11.304500
197.308000	141.256000	0.329412	10.757197	11.086600
204.231000	141.256000	0.367292	10.917557	11.284800
211.154000	141.256000	0.381670	10.952369	11.334000
218.077000	141.256000	0.361664	10.896272	11.257900
225.000000	141.256000	0.322547	10.901599	11.224100
231.923000	141.256000	0.295141	10.946770	11.241900
238.846000	141.256000	0.267455	11.285644	11.553100
245.769000	141.256000	0.306418	11.272016	11.578400
252.692000	141.256000	0.345750	10.917840	11.263600
259.615000	141.256000	0.356474	11.072354	11.428800
266.538000	141.256000	0.377519	10.796520	11.174000
273.462000	141.256000	0.360171	10.858079	11.218300
280.385000	141.256000	0.348524	10.849473	11.198000
287.308000	141.256000	0.347269	10.943807	11.291100
294.231000	141.256000	0.332134	10.807050	11.139200
301.154000	141.256000	0.321985	11.093989	11.416000
308.077000	141.256000	0.347544	11.002550	11.350100
315.000000	141.256000	0.342818	10.862185	11.205000
321.923000	141.256000	0.377286	10.882395	11.259700
328.846000	141.256000	0.392555	10.817014	11.209600
335.769000	141.256000	0.387614	10.723222	11.110800
342.692000	141.256000	0.384430	10.844904	11.229300
349.615000	141.256000	0.392848	10.851893	11.244700
356.538000	141.256000	0.367656	11.214913	11.582600
3.750000	144.341000	0.211594	11.212402	11.424000
11.250000	144.341000	0.238843	10.857503	11.096300
18.750000	144.341000	0.228782	11.017004	11.245800
26.250000	144.341000	0.268945	11.050650	11.319600
33.750000	144.341000	0.228253	10.832678	11.060900
41.250000	144.341000	0.223618	10.785211	11.008800
48.750000	144.341000	0.212853	11.088300	11.301100
56.250000	144.341000	0.199664	11.059144	11.258800
63.750000	144.341000	0.210991	10.791804	11.002800
71.250000	144.341000	0.207285	11.156407	11.363700
78.750000	144.341000	0.223070	10.981853	11.204900
86.250000	144.341000	0.229887	10.987146	11.217000
93.750000	144.341000	0.232703	11.021901	11.254600
101.250000	144.341000	0.248438	10.747267	10.995700
108.750000	144.341000	0.216700	11.085507	11.302200
116.250000	144.341000	0.271410	11.255696	11.527100
123.750000	144.341000	0.278052	11.197926	11.476000
131.250000	144.341000	0.232563	10.990980	11.223500
138.750000	144.341000	0.239675	11.152517	11.392200
146.250000	144.341000	0.257198	10.934748	11.191900
153.750000	144.341000	0.216678	10.877261	11.093900
161.250000	144.341000	0.214953	11.011530	11.226500
168.750000	144.341000	0.211787	10.999112	11.210900
176.250000	144.341000	0.195722	11.030270	11.226000
183.750000	144.341000	0.227738	10.810952	11.038700
191.250000	144.341000	0.224089	10.898421	11.122500
198.750000	144.341000	0.224430	10.764107	10.988500
206.250000	144.341000	0.227288	11.133901	11.361200
213.750000	144.341000	0.237594	11.102686	11.340300
221.250000	144.341000	0.237752	10.951679	11.189400
228.750000	144.341000	0.179389	10.930846	11.110200
236.250000	144.341000	0.163201	11.168565	11.331800
243.750000	144.341000	0.145979	11.183234	11.329200
251.250000	144.341000	0.183152	11.052867	11.236000
258.750000	144.341000	0.206277	10.838694	11.045000
266.250000	144.341000	0.234956	10.994893	11.229900
273.750000	144.341000	0.244316	10.927894	11.172200
281.250000	144.341000	0.235101	10.897166	11.132300
288.750000	144.341000	0.193611	10.869909	11.063500
296.250000	144.341000	0.195110	10.924637	11.119700
303.750000	144.341000	0.216022	11.011835	11.227900
311.250000	144.341000	0.210957	11.062910	11.273900
318.750000	144.341000	0.205819	10.885833	11.091700
326.250000	144.341000	0.213019	10.907695	11.120700
333.750000	144.341000	0.235057	10.814786	11.049800
341.250000	144.341000	0.240313	10.977307	11.217600
348.750000	144.341000	0.248130	10.930518	11.178700
356.250000	144.341000	0.227085	11.233766	11.460900
4.090910	147.400000	0.170835	11.114742	11.285600
12.272700	147.400000	0.175903	11.057640	11.233500
20.454500	147.400000	0.146166	10.950401	11.096600
28.636400	147.400000	0.155572	10.902380	11.058000
36.818200	147.400000	0.142960	10.909946	11.052900
45.000000	147.400000	0.150041	11.083177	11.233200
53.181800	147.400000	0.144229	11.008555	11.152800
61.363600	147.400000	0.139614	10.853386	10.993000
69.545500	147.400000	0.137660	11.011394	11.149100
77.727300	147.400000	0.118319	11.091320	11.209600
85.909100	147.400000	0.169427	10.923642	11.093100
94.090900	147.400000	0.149593	10.995888	11.145500
102.273000	147.400000	0.160046	11.022873	11.182900
110.455000	147.400000	0.180033	10.822126	11.002200
118.636000	147.400000	0.173056	11.327151	11.500200
126.818000	147.400000	0.154646	10.947754	11.102400
135.000000	147.400000	0.163245	10.996952	11.160200
143.182000	147.400000	0.163237	10.993072	11.156300
151.364000	147.400000	0.145674	11.050107	11.195800
159.545000	147.400000	0.150746	10.866132	11.016900
167.727000	147.400000	0.116162	10.935008	11.051200
175.909000	147.400000	0.110793	10.905241	11.016000
184.091000	147.400000	0.142650	10.988051	11.130700
192.273000	147.400000	0.162193	10.783051	10.945200
200.455000	147.400000	0.135698	10.909754	11.045400
208.636000	147.400000	0.144377	10.910025	11.054400
216.818000	147.400000	0.110981	11.101612	11.212600
225.000000	147.400000	0.145874	10.643398	10.789300
233.182000	147.400000	0.139701	11.043717	11.183400
241.364000	147.400000	0.129682	11.189364	11.319100
249.545000	147.400000	0.119310	10.922986	11.042300
257.727000	147.400000	0.115293	11.120918	11.236200
265.909000	147.400000	0.105977	10.934488	11.040500
274.091000	147.400000	0.111892	10.901418	11.013300
282.273000	147.400000	0.125661	10.935732	11.061400
290.455000	147.400000	0.142716	10.907401	11.050100
298.636000	147.400000	0.102256	10.966811	11.069100
306.818000	147.400000	0.118711	11.024547	11.143300
315.000000	147.400000	0.129294	10.868473	10.997800
323.182000	147.400000	0.117388	11.011100	11.128500
331.364000	147.400000	0.162532	10.917241	11.079800
339.545000	147.400000	0.173855	10.968021	11.141900
347.727000	147.400000	0.169809	10.868088	11.037900
355.909000	147.400000	0.162221	10.920532	11.082800
4.500000	150.434000	0.120545	11.020464	11.141000
13.500000	150.434000	0.138733	10.858170	10.996900
22.500000	150.434000	0.127311	11.071189	11.198500
31.500000	150.434000	0.113736	11.005954	11.119700
40.500000	150.434000	0.107344	10.950265	11.057600
49.500000	150.434000	0.121718	10.920181	11.041900
58.500000	150.434000	0.088280	10.717759	10.806000
67.500000	150.434000	0.096117	10.992088	11.088200
76.500000	150.434000	0.095150	10.915408	11.010600
85.500000	150.434000	0.102516	10.948003	11.050500
94.500000	150.434000	0.151576	10.880009	11.031600
103.500000	150.434000	0.135594	11.128009	11.263600
112.500000	150.434000	0.137322	11.023496	11.160800
121.500000	150.434000	0.124251	11.257358	11.381600
130.500000	150.434000	0.129708	10.966438	11.096100
139.500000	150.434000	0.141807	10.808452	10.950300
148.500000	150.434000	0.139182	11.047574	11.186800
157.500000	150.434000	0.114650	10.927826	11.042500
166.500000	150.434000	0.106800	10.941093	11.047900
175.500000	150.434000	0.110796	11.120997	11.231800
184.500000	150.434000	0.105918	10.919582	11.025500
193.500000	150.434000	0.101740	10.981570	11.083300
202.500000	150.434000	0.103702	10.943683	11.047400
211.500000	150.434000	0.100961	10.784679	10.885600
220.500000	150.434000	0.105316	10.960331	11.065700
229.500000	150.434000	0.115064	11.100571	11.215600
238.500000	150.434000	0.115818	11.198333	11.314200
247.500000	150.434000	0.088536	11.191038	11.279600
256.500000	150.434000	0.106604	10.800241	10.906800
265.500000	150.434000	0.122877	10.955999	11.078900
274.500000	150.434000	0.080997	10.915646	10.996600
283.500000	150.434000	0.080825	10.990245	11.071100
292.500000	150.434000	0.106240	11.072240	11.178500
301.500000	150.434000	0.100950	11.045459	11.146400
310.500000	150.434000	0.109744	10.860771	10.970500
319.500000	150.434000	0.112889	10.771877	10.884800
328.500000	150.434000	0.135566	11.120420	11.256000
337.500000	150.434000	0.126263	10.944022	11.070300
346.500000	150.434000	0.139015	10.956836	11.095800
355.500000	150.434000	0.121660	11.263262	11.384900
5.000000	153.448000	0.143421	10.995165	11.138600
15.000000	153.448000	0.146928	10.972172	11.119100
25.000000	153.448000	0.165301	11.001747	11.167000
35.000000	153.448000	0.146205	10.941851	11.088100
45.000000	153.448000	0.116113	11.120804	11.236900
55.000000	153.448000	0.120245	11.120646	11.240900
65.000000	153.448000	0.121537	11.049881	11.171400
75.000000	153.448000	0.115901	10.993740	11.109600
85.000000	153.448000	0.118225	11.173926	11.292100
95.000000	153.448000	0.136235	11.004676	11.140900
105.000000	153.448000	0.135663	10.885619	11.021300
115.000000	153.448000	0.144503	11.073914	11.218400
125.000000	153.448000	0.158858	11.240439	11.399300
135.000000	153.448000	0.118932	10.867557	10.986500
145.000000	153.448000	0.138281	11.081481	11.219800
155.000000	153.448000	0.140862	11.090166	11.231000
165.000000	153.448000	0.123422	11.025418	11.148800
175.000000	153.448000	0.102137	10.798070	10.900200
185.000000	153.448000	0.124639	10.837360	10.962000
195.000000	153.448000	0.123084	10.993638	11.116700
205.000000	153.448000	0.123441	10.960048	11.083500
215.000000	153.448000	0.135987	11.009471	11.145500
225.000000	153.448000	0.139665	11.019164	11.158800
235.000000	153.448000	0.151946	11.118124	11.270100
245.000000	153.448000	0.119706	11.163838	11.283500
255.000000	153.448000	0.128822	10.956983	11.085800
265.000000	153.448000	0.153920	11.033946	11.187900
275.000000	153.448000	0.138114	10.868281	11.006400
285.000000	153.448000	0.122659	10.891511	11.014200
295.000000	153.448000	0.128938	11.140438	11.269400
305.000000	153.448000	0.123949	10.914176	11.038100
315.000000	153.448000	0.127838	10.972183	11.100000
325.000000	153.448000	0.130478	10.931118	11.061600
335.000000	153.448000	0.162315	11.011869	11.174200
345.000000	153.448000	0.143083	11.004156	11.147200
355.000000	153.448000	0.169371	11.195189	11.364600
5.625000	156.444000	0.120004	11.014527	11.134500
16.875000	156.444000	0.132118	11.009675	11.141800
28.125000	156.444000	0.092758	11.148027	11.240800
39.375000	156.444000	0.105572	10.994068	11.099600
50.625000	156.444000	0.093638	10.892947	10.986600
61.875000	156.444000	0.080757	10.991161	11.071900
73.125000	156.444000	0.095044	11.090675	11.185700
84.375000	156.444000	0.083696	11.154553	11.238300
95.625000	156.444000	0.092634	11.178416	11.271000
106.875000	156.444000	0.116796	11.096217	11.213000
118.125000	156.444000	0.107844	11.354294	11.462100
129.375000	156.444000	0.108217	10.919989	11.028200
140.625000	156.444000	0.118088	11.108952	11.227000
151.875000	156.444000	0.104490	11.079433	11.183900
163.125000	156.444000	0.090184	11.062367	11.152500
174.375000	156.444000	0.092503	11.131277	11.223800
185.625000	156.444000	0.105897	11.080474	11.186400
196.875000	156.444000	0.093225	10.958781	11.052000
208.125000	156.444000	0.097881	11.169810	11.267700
219.375000	156.444000	0.100063	11.016811	11.116900
230.625000	156.444000	0.121387	11.060852	11.182200
241.875000	156.444000	0.111286	10.943389	11.054700
253.125000	156.444000	0.115408	11.071890	11.187300
264.375000	156.444000	0.095588	11.168136	11.263700
275.625000	156.444000	0.095908	11.220635	11.316500
286.875000	156.444000	0.099258	11.096138	11.195400
298.125000	156.444000	0.086588	11.109823	11.196400
309.375000	156.444000	0.089885	10.961541	11.051400
320.625000	156.444000	0.117008	10.898161	11.015200
331.875000	156.444000	0.106575	10.948783	11.055400
343.125000	156.444000	0.132956	11.137543	11.270500
354.375000	156.444000	0.116905	11.172467	11.289400
6.428570	159.423000	0.119865	11.079750	11.199600
19.285700	159.423000	0.112832	11.149599	11.262400
32.142900	159.423000	0.099095	11.137464	11.236600
45.000000	159.423000	0.109750	11.255877	11.365600
57.857100	159.423000	0.110489	11.106158	11.216600
70.714300	159.423000	0.103627	10.938322	11.041900
83.571400	159.423000	0.076593	11.197858	11.274400
96.428600	159.423000	0.092701	11.033403	11.126100
109.286000	159.423000	0.102408	10.959584	11.062000
122.143000	159.423000	0.132043	10.918349	11.050400
135.000000	159.423000	0.109058	11.059313	11.168400
147.857000	159.423000	0.098540	11.110875	11.209400
160.714000	159.423000	0.099325	11.013385	11.112700
173.571000	159.423000	0.105415	11.035891	11.141300
186.429000	159.423000	0.114719	11.121472	11.236200
199.286000	159.423000	0.113802	11.113136	11.226900
212.143000	159.423000	0.100350	11.092655	11.193000
225.000000	159.423000	0.100995	11.004676	11.105700
237.857000	159.423000	0.107411	10.990030	11.097400
250.714000	159.423000	0.110275	11.157154	11.267400
263.571000	159.423000	0.119367	11.062288	11.181700
276.429000	159.423000	0.075595	11.272095	11.347700
289.286000	159.423000	0.097237	10.881117	10.978400
302.143000	159.423000	0.105368	11.001521	11.106900
315.000000	159.423000	0.100909	11.140687	11.241600
327.857000	159.423000	0.091945	11.063939	11.155900
340.714000	159.423000	0.104247	11.134308	11.238600
353.571000	159.423000	0.117132	10.926560	11.043700
7.500000	162.388000	0.130621	10.953511	11.084100
22.500000	162.388000	0.094934	11.138402	11.233300
37.500000	162.388000	0.105602	11.078789	11.184400
52.500000	162.388000	0.093044	11.100074	11.193100
67.500000	162.388000	0.083035	11.041014	11.124000
82.500000	162.388000	0.090005	11.125860	11.215900
97.500000	162.388000	0.085757	11.099033	11.184800
112.500000	162.388000	0.103715	11.003907	11.107600
127.500000	162.388000	0.109727	11.047529	11.157300
142.500000	162.388000	0.097524	11.023586	11.121100
157.500000	162.388000	0.097802	11.078902	11.176700
172.500000	162.388000	0.106834	10.994294	11.101100
187.500000	162.388000	0.092039	10.971030	11.063100
202.500000	162.388000	0.092284	11.045640	11.137900
217.500000	162.388000	0.096270	10.968745	11.065000
232.500000	162.388000	0.108995	10.961077	11.070100
247.500000	162.388000	0.114935	11.074084	11.189000
262.500000	162.388000	0.083639	11.140868	11.224500
277.500000	162.388000	0.089874	10.990946	11.080800
292.500000	162.388000	0.095824	11.025576	11.121400
307.500000	162.388000	0.086336	11.205107	11.291400
322.500000	162.388000	0.104658	10.930202	11.034900
337.500000	162.388000	0.093276	10.943242	11.036500
352.500000	162.388000	0.107694	10.901882	11.009600
9.000000	165.341000	0.077420	10.881660	10.959100
27.000000	165.341000	0.057715	11.154338	11.212100
45.000000	165.341000	0.090009	11.045482	11.135500
63.000000	165.341000	0.089208	10.963282	11.052500
81.000000	165.341000	0.089551	11.028992	11.118500
99.000000	165.341000	0.081734	11.193843	11.275600
117.000000	165.341000	0.083357	10.686997	10.770400
135.000000	165.341000	0.079861	10.928234	11.008100
153.000000	165.341000	0.084188	11.134105	11.218300
171.000000	165.341000	0.091630	10.990098	11.081700
189.000000	165.341000	0.082313	11.033844	11.116200
207.000000	165.341000	0.098539	11.053059	11.151600
225.000000	165.341000	0.093400	10.782757	10.876200
243.000000	165.341000	0.069175	10.839859	10.909000
261.000000	165.341000	0.085559	11.002991	11.088500
279.000000	165.341000	0.095493	11.049395	11.144900
297.000000	165.341000	0.067182	11.290258	11.357400
315.000000	165.341000	0.087279	11.061575	11.148900
333.000000	165.341000	0.090597	11.022613	11.113200
351.000000	165.341000	0.077809	10.901124	10.978900
11.250000	168.284000	0.092797	10.692414	10.785200
33.750000	168.284000	0.088311	10.884951	10.973300
56.250000	168.284000	0.087678	10.888118	10.975800
78.750000	168.284000	0.094188	11.241706	11.335900
101.250000	168.284000	0.081846	10.927306	11.009100
123.750000	168.284000	0.086686	10.722623	10.809300
146.250000	168.284000	0.097377	11.086988	11.184400
168.750000	168.284000	0.090553	11.081967	11.172500
191.250000	168.284000	0.103831	11.112198	11.216000
213.750000	168.284000	0.099738	10.966981	11.066700
236.250000	168.284000	0.106107	10.731173	10.837300
258.750000	168.284000	0.088008	10.910930	10.998900
281.250000	168.284000	0.091506	10.941353	11.032900
303.750000	168.284000	0.107609	10.880280	10.987900
326.250000	168.284000	0.090064	10.966992	11.057100
348.750000	168.284000	0.095546	10.651473	10.747000
15.000000	171.220000	0.078394	10.573142	10.651500
45.000000	171.220000	0.082505	10.844248	10.926800
75.000000	171.220000	0.083354	10.860794	10.944200
105.000000	171.220000	0.079476	10.410067	10.489500
135.000000	171.220000	0.078514	10.672419	10.750900
165.000000	171.220000	0.086833	11.020962	11.107800
195.000000	171.220000	0.069327	11.094871	11.164200
225.000000	171.220000	0.087024	10.597820	10.684800
255.000000	171.220000	0.081752	10.396970	10.478700
285.000000	171.220000	0.075129	10.922522	10.997700
315.000000	171.220000	0.082333	10.954246	11.036600
345.000000	171.220000	0.060710	10.672916	10.733600
22.500000	174.150000	0.098208	10.575483	10.673700
67.500000	174.150000	0.108801	10.463336	10.572100
112.500000	174.150000	0.094850	10.441395	10.536200
157.500000	174.150000	0.092725	10.537991	10.630700
202.500000	174.150000	0.091144	10.577496	10.668600
247.500000	174.150000	0.103450	10.481149	10.584600
292.500000	174.150000	0.111684	10.374125	10.485800
337.500000	174.150000	0.095981	10.597560	10.693500
45.000000	177.076000	0.155190	10.576625	10.731800
135.000000	177.076000	0.132280	10.806541	10.938800
225.000000	177.076000	0.138226	10.404016	10.542200
315.000000	177.076000	0.159639	10.585673	10.745300
