# phi	theta	PMT0 	total
45.000000	2.924180	79.067478	79.067500
135.000000	2.924180	79.344567	79.344500
225.000000	2.924180	79.431878	79.431900
315.000000	2.924180	79.221291	79.221300
22.500000	5.850270	78.521444	78.521400
67.500000	5.850270	78.634655	78.634700
112.500000	5.850270	78.282357	78.282300
157.500000	5.850270	78.881999	78.882000
202.500000	5.850270	78.272630	78.272600
247.500000	5.850270	78.574939	78.575000
292.500000	5.850270	78.603666	78.603600
337.500000	5.850270	77.675816	77.675800
15.000000	8.780180	78.326691	78.326700
45.000000	8.780180	78.735424	78.735400
75.000000	8.780180	78.781229	78.781200
105.000000	8.780180	78.624476	78.624500
135.000000	8.780180	78.260076	78.260100
165.000000	8.780180	78.209069	78.209100
195.000000	8.780180	79.539547	79.539500
225.000000	8.780180	78.757252	78.757300
255.000000	8.780180	79.171867	79.171900
285.000000	8.780180	78.053674	78.053700
315.000000	8.780180	78.789033	78.789100
345.000000	8.780180	78.874534	78.874500
11.250000	11.715900	78.201379	78.201300
33.750000	11.715900	77.961386	77.961400
56.250000	11.715900	78.659423	78.659400
78.750000	11.715900	77.804294	77.804300
101.250000	11.715900	77.891605	77.891600
123.750000	11.715900	77.952904	77.952800
146.250000	11.715900	79.246964	79.247000
168.750000	11.715900	79.492498	79.492500
191.250000	11.715900	77.997125	77.997100
213.750000	11.715900	77.948041	77.948100
236.250000	11.715900	78.319339	78.319300
258.750000	11.715900	78.184414	78.184400
281.250000	11.715900	77.633970	77.633900
303.750000	11.715900	79.541582	79.541500
326.250000	11.715900	79.307584	79.307600
348.750000	11.715900	79.403490	79.403500
9.000000	14.659300	79.740181	79.740200
27.000000	14.659300	79.297518	79.297500
45.000000	14.659300	79.017263	79.017300
63.000000	14.659300	78.606607	78.606700
81.000000	14.659300	79.075169	79.075200
99.000000	14.659300	79.517719	79.517700
117.000000	14.659300	80.928834	80.928800
135.000000	14.659300	79.078788	79.078800
153.000000	14.659300	79.115997	79.116000
171.000000	14.659300	78.484801	78.484800
189.000000	14.659300	78.359150	78.359100
207.000000	14.659300	78.301470	78.301500
225.000000	14.659300	78.498259	78.498200
243.000000	14.659300	79.999626	79.999600
261.000000	14.659300	78.818099	78.818100
279.000000	14.659300	78.844903	78.844900
297.000000	14.659300	78.583648	78.583600
315.000000	14.659300	78.523480	78.523400
333.000000	14.659300	78.574826	78.574800
351.000000	14.659300	80.439575	80.439600
7.500000	17.612400	78.966030	78.966100
22.500000	17.612400	79.688609	79.688600
37.500000	17.612400	78.852593	78.852600
52.500000	17.612400	78.538974	78.539000
67.500000	17.612400	78.901112	78.901100
82.500000	17.612400	78.290386	78.290400
97.500000	17.612400	79.264946	79.265000
112.500000	17.612400	79.579017	79.579100
127.500000	17.612400	79.321721	79.321800
142.500000	17.612400	79.683519	79.683500
157.500000	17.612400	78.128997	78.129000
172.500000	17.612400	78.267088	78.267100
187.500000	17.612400	78.217891	78.217800
202.500000	17.612400	78.311423	78.311400
217.500000	17.612400	79.221969	79.221900
232.500000	17.612400	79.691662	79.691600
247.500000	17.612400	79.893767	79.893800
262.500000	17.612400	78.899189	78.899200
277.500000	17.612400	78.564308	78.564400
292.500000	17.612400	78.632393	78.632400
307.500000	17.612400	77.047334	77.047300
322.500000	17.612400	77.599701	77.599700
337.500000	17.612400	80.500421	80.500400
352.500000	17.612400	79.952352	79.952400
6.428570	20.577500	77.969077	77.969100
19.285700	20.577500	80.202975	80.203000
32.142900	20.577500	78.706358	78.706400
45.000000	20.577500	77.467943	77.468000
57.857100	20.577500	77.704542	77.704600
70.714300	20.577500	78.199117	78.199200
83.571400	20.577500	79.135450	79.135400
96.428600	20.577500	79.202856	79.202900
109.286000	20.577500	78.674917	78.674900
122.143000	20.577500	79.519415	79.519400
135.000000	20.577500	78.230332	78.230300
147.857000	20.577500	78.520879	78.520900
160.714000	20.577500	77.357220	77.357200
173.571000	20.577500	77.412864	77.412900
186.429000	20.577500	76.433781	76.433800
199.286000	20.577500	76.678184	76.678200
212.143000	20.577500	79.020090	79.020100
225.000000	20.577500	78.684078	78.684100
237.857000	20.577500	78.196855	78.196900
250.714000	20.577500	78.636690	78.636600
263.571000	20.577500	78.310518	78.310500
276.429000	20.577500	78.287107	78.287100
289.286000	20.577500	77.906082	77.906100
302.143000	20.577500	77.388209	77.388200
315.000000	20.577500	77.461722	77.461700
327.857000	20.577500	78.059102	78.059100
340.714000	20.577500	78.429044	78.429000
353.571000	20.577500	77.744126	77.744100
5.625000	23.556500	77.655571	77.655600
16.875000	23.556500	78.817194	78.817200
28.125000	23.556500	77.994298	77.994300
39.375000	23.556500	77.496104	77.496100
50.625000	23.556500	78.004024	78.004000
61.875000	23.556500	76.976987	76.977000
73.125000	23.556500	77.092120	77.092100
84.375000	23.556500	78.225355	78.225300
95.625000	23.556500	78.170843	78.170900
106.875000	23.556500	77.626053	77.626100
118.125000	23.556500	77.899522	77.899500
129.375000	23.556500	76.605462	76.605500
140.625000	23.556500	77.536367	77.536400
151.875000	23.556500	77.753400	77.753400
163.125000	23.556500	77.315261	77.315200
174.375000	23.556500	75.884693	75.884700
185.625000	23.556500	76.642106	76.642100
196.875000	23.556500	77.166199	77.166200
208.125000	23.556500	77.100942	77.101000
219.375000	23.556500	77.766180	77.766200
230.625000	23.556500	77.447811	77.447800
241.875000	23.556500	77.972244	77.972200
253.125000	23.556500	77.441139	77.441100
264.375000	23.556500	77.389001	77.389000
275.625000	23.556500	78.531962	78.531900
286.875000	23.556500	77.328041	77.328000
298.125000	23.556500	76.365017	76.365000
309.375000	23.556500	76.756334	76.756300
320.625000	23.556500	77.393751	77.393700
331.875000	23.556500	77.633856	77.633800
343.125000	23.556500	76.756221	76.756200
354.375000	23.556500	76.641993	76.642000
5.000000	26.551700	76.809603	76.809600
15.000000	26.551700	76.451084	76.451100
25.000000	26.551700	74.993712	74.993700
35.000000	26.551700	75.744565	75.744600
45.000000	26.551700	77.209063	77.209000
55.000000	26.551700	75.640855	75.640800
65.000000	26.551700	75.101720	75.101800
75.000000	26.551700	76.060446	76.060500
85.000000	26.551700	76.011588	76.011600
95.000000	26.551700	76.547104	76.547100
105.000000	26.551700	77.293660	77.293600
115.000000	26.551700	75.414547	75.414600
125.000000	26.551700	75.547663	75.547700
135.000000	26.551700	76.125930	76.125900
145.000000	26.551700	75.732012	75.732000
155.000000	26.551700	76.354160	76.354100
165.000000	26.551700	75.876324	75.876400
175.000000	26.551700	74.817167	74.817100
185.000000	26.551700	75.375303	75.375300
195.000000	26.551700	75.924390	75.924400
205.000000	26.551700	76.352916	76.352900
215.000000	26.551700	76.090983	76.091000
225.000000	26.551700	76.487163	76.487200
235.000000	26.551700	76.108400	76.108400
245.000000	26.551700	76.526407	76.526400
255.000000	26.551700	75.654766	75.654800
265.000000	26.551700	76.288224	76.288200
275.000000	26.551700	76.162573	76.162600
285.000000	26.551700	75.874967	75.875000
295.000000	26.551700	75.426762	75.426700
305.000000	26.551700	74.895091	74.895100
315.000000	26.551700	75.948141	75.948200
325.000000	26.551700	75.805864	75.805900
335.000000	26.551700	75.770917	75.771000
345.000000	26.551700	76.580807	76.580800
355.000000	26.551700	75.909461	75.909500
4.500000	29.565600	74.578984	74.578900
13.500000	29.565600	74.981045	74.981000
22.500000	29.565600	74.423928	74.423900
31.500000	29.565600	74.778375	74.778300
40.500000	29.565600	75.023457	75.023400
49.500000	29.565600	74.796357	74.796400
58.500000	29.565600	74.178054	74.178100
67.500000	29.565600	75.213687	75.213600
76.500000	29.565600	74.640735	74.640700
85.500000	29.565600	74.651480	74.651500
94.500000	29.565600	75.072541	75.072600
103.500000	29.565600	73.834351	73.834300
112.500000	29.565600	74.835263	74.835300
121.500000	29.565600	74.800994	74.801000
130.500000	29.565600	74.502870	74.502900
139.500000	29.565600	73.634508	73.634600
148.500000	29.565600	74.657135	74.657100
157.500000	29.565600	73.674884	73.674800
166.500000	29.565600	74.198751	74.198700
175.500000	29.565600	74.027182	74.027200
184.500000	29.565600	74.704070	74.704000
193.500000	29.565600	74.765821	74.765800
202.500000	29.565600	73.918609	73.918600
211.500000	29.565600	74.160411	74.160500
220.500000	29.565600	73.662783	73.662800
229.500000	29.565600	73.366242	73.366200
238.500000	29.565600	74.422231	74.422200
247.500000	29.565600	74.065522	74.065500
256.500000	29.565600	75.229746	75.229700
265.500000	29.565600	74.726916	74.726900
274.500000	29.565600	75.629432	75.629400
283.500000	29.565600	75.591658	75.591600
292.500000	29.565600	75.215383	75.215400
301.500000	29.565600	74.701356	74.701400
310.500000	29.565600	75.002421	75.002400
319.500000	29.565600	75.149787	75.149800
328.500000	29.565600	73.779725	73.779700
337.500000	29.565600	74.657926	74.657900
346.500000	29.565600	74.407981	74.408000
355.500000	29.565600	75.200341	75.200300
4.090910	32.600500	72.500029	72.500000
12.272700	32.600500	73.268186	73.268200
20.454500	32.600500	72.521178	72.521200
28.636400	32.600500	73.278026	73.278000
36.818200	32.600500	73.367938	73.367900
45.000000	32.600500	74.088707	74.088700
53.181800	32.600500	72.881167	72.881100
61.363600	32.600500	73.097635	73.097600
69.545500	32.600500	73.695694	73.695700
77.727300	32.600500	72.955924	72.955900
85.909100	32.600500	72.559066	72.559100
94.090900	32.600500	72.633710	72.633700
102.273000	32.600500	73.222382	73.222300
110.455000	32.600500	73.129190	73.129200
118.636000	32.600500	73.854596	73.854600
126.818000	32.600500	73.633943	73.633900
135.000000	32.600500	72.629978	72.630000
143.182000	32.600500	73.554549	73.554500
151.364000	32.600500	72.867482	72.867500
159.545000	32.600500	72.909441	72.909400
167.727000	32.600500	73.588817	73.588800
175.909000	32.600500	73.293181	73.293200
184.091000	32.600500	71.972656	71.972600
192.273000	32.600500	71.955805	71.955700
200.455000	32.600500	72.530565	72.530500
208.636000	32.600500	72.640496	72.640500
216.818000	32.600500	73.088248	73.088300
225.000000	32.600500	72.607245	72.607300
233.182000	32.600500	72.489398	72.489400
241.364000	32.600500	72.528756	72.528800
249.545000	32.600500	72.591638	72.591600
257.727000	32.600500	72.657008	72.657000
265.909000	32.600500	72.892477	72.892500
274.091000	32.600500	72.801660	72.801600
282.273000	32.600500	73.525822	73.525900
290.455000	32.600500	73.865114	73.865100
298.636000	32.600500	73.647628	73.647700
306.818000	32.600500	73.341813	73.341800
315.000000	32.600500	73.607026	73.607000
323.182000	32.600500	73.126136	73.126100
331.364000	32.600500	73.088135	73.088200
339.545000	32.600500	72.788767	72.788800
347.727000	32.600500	72.449475	72.449400
355.909000	32.600500	72.576596	72.576600
3.750000	35.659100	70.988370	70.988400
11.250000	35.659100	70.242832	70.242800
18.750000	35.659100	71.802784	71.802800
26.250000	35.659100	70.989953	70.990000
33.750000	35.659100	71.170344	71.170300
41.250000	35.659100	70.573077	70.573100
48.750000	35.659100	71.479326	71.479400
56.250000	35.659100	71.070366	71.070400
63.750000	35.659100	72.314210	72.314300
71.250000	35.659100	70.985995	70.986000
78.750000	35.659100	71.671704	71.671700
86.250000	35.659100	71.761277	71.761300
93.750000	35.659100	70.878326	70.878400
101.250000	35.659100	71.155641	71.155700
108.750000	35.659100	71.446980	71.447000
116.250000	35.659100	70.079746	70.079800
123.750000	35.659100	70.594565	70.594600
131.250000	35.659100	71.169213	71.169200
138.750000	35.659100	71.212529	71.212600
146.250000	35.659100	70.441544	70.441600
153.750000	35.659100	71.734360	71.734400
161.250000	35.659100	71.243178	71.243200
168.750000	35.659100	71.425604	71.425700
176.250000	35.659100	70.772580	70.772600
183.750000	35.659100	71.067764	71.067800
191.250000	35.659100	70.557469	70.557500
198.750000	35.659100	70.880815	70.880800
206.250000	35.659100	71.534970	71.535000
213.750000	35.659100	70.597732	70.597700
221.250000	35.659100	71.272584	71.272600
228.750000	35.659100	71.338067	71.338000
236.250000	35.659100	71.315221	71.315200
243.750000	35.659100	71.375050	71.375000
251.250000	35.659100	70.720216	70.720200
258.750000	35.659100	71.073080	71.073100
266.250000	35.659100	71.302215	71.302200
273.750000	35.659100	71.278917	71.278900
281.250000	35.659100	71.572292	71.572300
288.750000	35.659100	71.726783	71.726800
296.250000	35.659100	71.781522	71.781600
303.750000	35.659100	71.137659	71.137700
311.250000	35.659100	71.838523	71.838500
318.750000	35.659100	70.822004	70.822000
326.250000	35.659100	71.531690	71.531700
333.750000	35.659100	70.925036	70.925000
341.250000	35.659100	70.709359	70.709400
348.750000	35.659100	70.849487	70.849400
356.250000	35.659100	70.329917	70.330000
3.461540	38.744200	67.872652	67.872700
10.384600	38.744200	68.589689	68.589700
17.307700	38.744200	68.662184	68.662200
24.230800	38.744200	68.311356	68.311400
31.153800	38.744200	68.877635	68.877600
38.076900	38.744200	68.988357	68.988400
45.000000	38.744200	69.765788	69.765800
51.923100	38.744200	69.759115	69.759100
58.846200	38.744200	69.644887	69.644900
65.769200	38.744200	69.896528	69.896500
72.692300	38.744200	70.166831	70.166900
79.615400	38.744200	69.009732	69.009700
86.538500	38.744200	69.032804	69.032800
93.461500	38.744200	69.501706	69.501700
100.385000	38.744200	68.735697	68.735700
107.308000	38.744200	68.694643	68.694600
114.231000	38.744200	67.980546	67.980600
121.154000	38.744200	68.856259	68.856300
128.077000	38.744200	68.679149	68.679100
135.000000	38.744200	68.295862	68.295800
141.923000	38.744200	68.273921	68.273900
148.846000	38.744200	68.463359	68.463400
155.769000	38.744200	69.423895	69.423900
162.692000	38.744200	69.172253	69.172200
169.615000	38.744200	69.126336	69.126400
176.538000	38.744200	70.032471	70.032500
183.462000	38.744200	69.377751	69.377700
190.385000	38.744200	67.970933	67.971000
197.308000	38.744200	69.408061	69.408100
204.231000	38.744200	69.085394	69.085400
211.154000	38.744200	68.357500	68.357500
218.077000	38.744200	68.108686	68.108600
225.000000	38.744200	69.215230	69.215200
231.923000	38.744200	67.993553	67.993600
238.846000	38.744200	68.998988	68.999000
245.769000	38.744200	67.996946	67.996900
252.692000	38.744200	68.831265	68.831300
259.615000	38.744200	69.310797	69.310800
266.538000	38.744200	69.050900	69.050900
273.462000	38.744200	69.271666	69.271700
280.385000	38.744200	70.061651	70.061600
287.308000	38.744200	69.553504	69.553600
294.231000	38.744200	69.528623	69.528700
301.154000	38.744200	69.993679	69.993700
308.077000	38.744200	70.263190	70.263200
315.000000	38.744200	68.099412	68.099400
321.923000	38.744200	70.447878	70.447900
328.846000	38.744200	68.766007	68.766000
335.769000	38.744200	69.122151	69.122200
342.692000	38.744200	69.052483	69.052400
349.615000	38.744200	68.662523	68.662500
356.538000	38.744200	68.780597	68.780600
3.214290	41.858800	66.527246	66.527200
9.642860	41.858800	66.375243	66.375300
16.071400	41.858800	67.005534	67.005500
22.500000	41.858800	66.022040	66.022100
28.928600	41.858800	67.616599	67.616600
35.357100	41.858800	66.558008	66.558000
41.785700	41.858800	67.409179	67.409200
48.214300	41.858800	67.470025	67.470000
54.642900	41.858800	67.750959	67.751000
61.071400	41.858800	67.801513	67.801500
67.500000	41.858800	67.817686	67.817700
73.928600	41.858800	67.381809	67.381900
80.357100	41.858800	67.331142	67.331100
86.785700	41.858800	66.955885	66.955900
93.214300	41.858800	66.848216	66.848200
99.642900	41.858800	67.055071	67.055100
106.071000	41.858800	66.716344	66.716300
112.500000	41.858800	66.731839	66.731900
118.929000	41.858800	66.113649	66.113700
125.357000	41.858800	67.082101	67.082100
131.786000	41.858800	66.990040	66.990100
138.214000	41.858800	66.620325	66.620400
144.643000	41.858800	66.682302	66.682300
151.071000	41.858800	66.049296	66.049300
157.500000	41.858800	66.324462	66.324500
163.929000	41.858800	67.715899	67.715900
170.357000	41.858800	68.216467	68.216500
176.786000	41.858800	68.094549	68.094500
183.214000	41.858800	67.058464	67.058500
189.643000	41.858800	67.387690	67.387700
196.071000	41.858800	68.390864	68.390800
202.500000	41.858800	67.210467	67.210500
208.929000	41.858800	66.360879	66.360900
215.357000	41.858800	66.504400	66.504400
221.786000	41.858800	66.631295	66.631300
228.214000	41.858800	66.199603	66.199700
234.643000	41.858800	66.917771	66.917800
241.071000	41.858800	66.468661	66.468600
247.500000	41.858800	66.547264	66.547200
253.929000	41.858800	67.099518	67.099500
260.357000	41.858800	66.437559	66.437600
266.786000	41.858800	67.147698	67.147700
273.214000	41.858800	66.323670	66.323600
279.643000	41.858800	66.603473	66.603500
286.071000	41.858800	66.720077	66.720100
292.500000	41.858800	66.951021	66.951000
298.929000	41.858800	67.697464	67.697500
305.357000	41.858800	67.852520	67.852500
311.786000	41.858800	67.459733	67.459700
318.214000	41.858800	67.232181	67.232200
324.643000	41.858800	67.600879	67.600900
331.071000	41.858800	66.456786	66.456700
337.500000	41.858800	67.158894	67.158900
343.929000	41.858800	66.380332	66.380400
350.357000	41.858800	67.284772	67.284800
356.786000	41.858800	66.743148	66.743200
3.000000	45.006100	65.458363	65.458400
9.000000	45.006100	64.842887	64.842900
15.000000	45.006100	64.521464	64.521500
21.000000	45.006100	64.121213	64.121200
27.000000	45.006100	65.072022	65.072100
33.000000	45.006100	65.079147	65.079100
39.000000	45.006100	65.710344	65.710400
45.000000	45.006100	65.902835	65.902900
51.000000	45.006100	65.876031	65.876000
57.000000	45.006100	66.067392	66.067400
63.000000	45.006100	66.129256	66.129300
69.000000	45.006100	65.723802	65.723800
75.000000	45.006100	65.300705	65.300700
81.000000	45.006100	64.644288	64.644300
87.000000	45.006100	65.447505	65.447500
93.000000	45.006100	64.853292	64.853300
99.000000	45.006100	64.917757	64.917800
105.000000	45.006100	65.621336	65.621300
111.000000	45.006100	64.420242	64.420200
117.000000	45.006100	64.456999	64.457000
123.000000	45.006100	64.387218	64.387200
129.000000	45.006100	65.365057	65.365100
135.000000	45.006100	64.762927	64.763000
141.000000	45.006100	64.176291	64.176300
147.000000	45.006100	65.442077	65.442100
153.000000	45.006100	65.624050	65.624000
159.000000	45.006100	64.992967	64.992900
165.000000	45.006100	65.011063	65.011100
171.000000	45.006100	65.209436	65.209400
177.000000	45.006100	65.282836	65.282800
183.000000	45.006100	65.012081	65.012100
189.000000	45.006100	66.004849	66.004800
195.000000	45.006100	65.089892	65.089900
201.000000	45.006100	65.494102	65.494100
207.000000	45.006100	65.038545	65.038500
213.000000	45.006100	64.603912	64.603900
219.000000	45.006100	64.367765	64.367800
225.000000	45.006100	64.938115	64.938200
231.000000	45.006100	65.034474	65.034500
237.000000	45.006100	65.412671	65.412700
243.000000	45.006100	65.382814	65.382800
249.000000	45.006100	64.427481	64.427400
255.000000	45.006100	64.579031	64.579000
261.000000	45.006100	65.392653	65.392700
267.000000	45.006100	64.363128	64.363100
273.000000	45.006100	65.235222	65.235200
279.000000	45.006100	64.573376	64.573400
285.000000	45.006100	64.189637	64.189700
291.000000	45.006100	65.295276	65.295300
297.000000	45.006100	66.135250	66.135300
303.000000	45.006100	65.695980	65.696000
309.000000	45.006100	65.846739	65.846700
315.000000	45.006100	65.286455	65.286500
321.000000	45.006100	64.777404	64.777400
327.000000	45.006100	65.661825	65.661900
333.000000	45.006100	64.337568	64.337600
339.000000	45.006100	64.393891	64.393800
345.000000	45.006100	64.549965	64.550000
351.000000	45.006100	64.955080	64.955100
357.000000	45.006100	64.944675	64.944600
2.812500	48.189700	62.258274	62.258200
8.437500	48.189700	61.405972	61.405900
14.062500	48.189700	61.596767	61.596800
19.687500	48.189700	61.341167	61.341100
25.312500	48.189700	61.392966	61.393000
30.937500	48.189700	62.530047	62.530100
36.562500	48.189700	62.120973	62.121000
42.187500	48.189700	62.345472	62.345500
47.812500	48.189700	63.104807	63.104800
53.437500	48.189700	63.084110	63.084100
59.062500	48.189700	63.237923	63.238000
64.687500	48.189700	63.203202	63.203200
70.312500	48.189700	62.678317	62.678400
75.937500	48.189700	62.467617	62.467600
81.562500	48.189700	62.376913	62.377000
87.187500	48.189700	62.503129	62.503200
92.812500	48.189700	61.498712	61.498700
98.437500	48.189700	61.835968	61.836000
104.062000	48.189700	62.637715	62.637700
109.688000	48.189700	61.466592	61.466500
115.312000	48.189700	61.775800	61.775700
120.938000	48.189700	62.457664	62.457600
126.562000	48.189700	61.864356	61.864400
132.188000	48.189700	62.715979	62.716000
137.812000	48.189700	62.493968	62.494000
143.437000	48.189700	62.421925	62.421900
149.062000	48.189700	62.376121	62.376100
154.688000	48.189700	61.181474	61.181500
160.312000	48.189700	61.895118	61.895100
165.938000	48.189700	62.401681	62.401700
171.562000	48.189700	62.108080	62.108100
177.188000	48.189700	62.123462	62.123500
182.812000	48.189700	63.522136	63.522100
188.438000	48.189700	62.504373	62.504300
194.062000	48.189700	62.587387	62.587400
199.687000	48.189700	62.058431	62.058500
205.312000	48.189700	62.489558	62.489600
210.938000	48.189700	62.116110	62.116100
216.562000	48.189700	61.777610	61.777600
222.188000	48.189700	62.127081	62.127100
227.812000	48.189700	61.768336	61.768300
233.438000	48.189700	61.773086	61.773100
239.062000	48.189700	62.409032	62.409000
244.687000	48.189700	61.625381	61.625400
250.312000	48.189700	61.429836	61.429900
255.937000	48.189700	62.465129	62.465200
261.562000	48.189700	62.621203	62.621200
267.188000	48.189700	61.889237	61.889200
272.812000	48.189700	62.184760	62.184800
278.438000	48.189700	62.390598	62.390600
284.062000	48.189700	62.614983	62.615000
289.688000	48.189700	63.594406	63.594400
295.312000	48.189700	63.143034	63.143000
300.938000	48.189700	63.619400	63.619400
306.562000	48.189700	63.624489	63.624500
312.187000	48.189700	63.100962	63.101000
317.812000	48.189700	63.420349	63.420300
323.438000	48.189700	61.810747	61.810800
329.062000	48.189700	62.491820	62.491800
334.688000	48.189700	62.476665	62.476600
340.312000	48.189700	61.645965	61.646000
345.938000	48.189700	61.901791	61.901800
351.562000	48.189700	61.882451	61.882500
357.187000	48.189700	61.545987	61.546000
0.000000	51.317800	59.775787	59.775700
5.625000	51.317800	59.347035	59.347000
11.250000	51.317800	58.625022	58.625000
16.875000	51.317800	59.814693	59.814700
22.500000	51.317800	59.611683	59.611700
28.125000	51.317800	59.413423	59.413400
33.750000	51.317800	59.418852	59.418900
39.375000	51.317800	59.860384	59.860300
45.000000	51.317800	59.800895	59.800900
50.625000	51.317800	60.331321	60.331300
56.250000	51.317800	60.679096	60.679100
61.875000	51.317800	61.457205	61.457200
67.500000	51.317800	61.146866	61.146900
73.125000	51.317800	60.467490	60.467500
78.750000	51.317800	60.106936	60.106900
84.375000	51.317800	59.318195	59.318200
90.000000	51.317800	58.761417	58.761400
95.625000	51.317800	59.854164	59.854200
101.250000	51.317800	59.310618	59.310700
106.875000	51.317800	59.444299	59.444300
112.500000	51.317800	59.107947	59.108000
118.125000	51.317800	58.560443	58.560400
123.750000	51.317800	58.692088	58.692100
129.375000	51.317800	59.052869	59.052900
135.000000	51.317800	58.918962	58.919000
140.625000	51.317800	59.197520	59.197500
146.250000	51.317800	59.071530	59.071500
151.875000	51.317800	59.271825	59.271900
157.500000	51.317800	60.053780	60.053800
163.125000	51.317800	58.952325	58.952300
168.750000	51.317800	60.580475	60.580500
174.375000	51.317800	60.197640	60.197700
180.000000	51.317800	59.798180	59.798200
185.625000	51.317800	60.087483	60.087500
191.250000	51.317800	60.428585	60.428600
196.875000	51.317800	60.329851	60.329900
202.500000	51.317800	59.325886	59.325900
208.125000	51.317800	59.222967	59.223000
213.750000	51.317800	60.444871	60.444900
219.375000	51.317800	59.966695	59.966800
225.000000	51.317800	58.845448	58.845400
230.625000	51.317800	59.619374	59.619300
236.250000	51.317800	59.199217	59.199200
241.875000	51.317800	58.815025	58.815000
247.500000	51.317800	59.520979	59.520900
253.125000	51.317800	58.831990	58.831900
258.750000	51.317800	59.787662	59.787600
264.375000	51.317800	59.196616	59.196600
270.000000	51.317800	58.906973	58.907000
275.625000	51.317800	60.452901	60.452900
281.250000	51.317800	60.055929	60.055900
286.875000	51.317800	60.078436	60.078400
292.500000	51.317800	61.116104	61.116100
298.125000	51.317800	60.397144	60.397100
303.750000	51.317800	61.221963	61.222000
309.375000	51.317800	60.356090	60.356000
315.000000	51.317800	60.207932	60.207900
320.625000	51.317800	60.340369	60.340400
326.250000	51.317800	59.423263	59.423300
331.875000	51.317800	59.824306	59.824300
337.500000	51.317800	59.946451	59.946400
343.125000	51.317800	59.418965	59.418900
348.750000	51.317800	59.978118	59.978100
354.375000	51.317800	59.545860	59.545900
2.812500	54.314700	56.270901	56.270900
8.437500	54.314700	56.089040	56.089100
14.062500	54.314700	56.921663	56.921600
19.687500	54.314700	56.389992	56.390000
25.312500	54.314700	55.749183	55.749100
30.937500	54.314700	57.285384	57.285400
36.562500	54.314700	56.526840	56.526800
42.187500	54.314700	55.956151	55.956100
47.812500	54.314700	57.553990	57.554000
53.437500	54.314700	56.965205	56.965200
59.062500	54.314700	58.434566	58.434500
64.687500	54.314700	58.049809	58.049800
70.312500	54.314700	57.737547	57.737500
75.937500	54.314700	55.798154	55.798200
81.562500	54.314700	57.151590	57.151500
87.187500	54.314700	57.141976	57.141900
92.812500	54.314700	56.129190	56.129100
98.437500	54.314700	57.412392	57.412400
104.062000	54.314700	56.516548	56.516500
109.688000	54.314700	56.798952	56.799000
115.312000	54.314700	56.600919	56.600900
120.938000	54.314700	56.201459	56.201500
126.562000	54.314700	56.592889	56.592900
132.188000	54.314700	56.335932	56.335900
137.812000	54.314700	56.636771	56.636800
143.437000	54.314700	56.135410	56.135400
149.062000	54.314700	55.864316	55.864300
154.688000	54.314700	56.663688	56.663700
160.312000	54.314700	57.170929	57.171000
165.938000	54.314700	57.521305	57.521300
171.562000	54.314700	57.612801	57.612700
177.188000	54.314700	56.860251	56.860300
182.812000	54.314700	57.510561	57.510500
188.438000	54.314700	57.469167	57.469200
194.062000	54.314700	57.152155	57.152200
199.687000	54.314700	56.484542	56.484500
205.312000	54.314700	56.674206	56.674200
210.938000	54.314700	56.820214	56.820200
216.562000	54.314700	57.132929	57.132900
222.188000	54.314700	56.367033	56.367100
227.812000	54.314700	56.599562	56.599500
233.438000	54.314700	57.014289	57.014300
239.062000	54.314700	56.399719	56.399800
244.687000	54.314700	57.620491	57.620500
250.312000	54.314700	56.085308	56.085300
255.937000	54.314700	56.095261	56.095300
261.562000	54.314700	57.044600	57.044600
267.188000	54.314700	56.485107	56.485100
272.812000	54.314700	56.671491	56.671500
278.438000	54.314700	57.886609	57.886600
284.062000	54.314700	58.401768	58.401800
289.688000	54.314700	57.855055	57.855100
295.312000	54.314700	57.899615	57.899600
300.938000	54.314700	58.062023	58.062000
306.562000	54.314700	57.390677	57.390600
312.187000	54.314700	57.341480	57.341400
317.812000	54.314700	57.100696	57.100700
323.438000	54.314700	56.748058	56.748100
329.062000	54.314700	57.029897	57.029900
334.688000	54.314700	57.077963	57.078000
340.312000	54.314700	56.782892	56.782900
345.938000	54.314700	56.315461	56.315400
351.562000	54.314700	56.291032	56.291000
357.187000	54.314700	57.217639	57.217700
0.000000	57.202800	54.525017	54.525000
5.625000	57.202800	54.637775	54.637800
11.250000	57.202800	53.631548	53.631600
16.875000	57.202800	53.517207	53.517200
22.500000	57.202800	53.909655	53.909600
28.125000	57.202800	54.145010	54.145100
33.750000	57.202800	54.627144	54.627100
39.375000	57.202800	54.621828	54.621800
45.000000	57.202800	55.279716	55.279700
50.625000	57.202800	55.950044	55.950000
56.250000	57.202800	55.378110	55.378200
61.875000	57.202800	56.095261	56.095200
67.500000	57.202800	54.717170	54.717200
73.125000	57.202800	54.665597	54.665600
78.750000	57.202800	54.797695	54.797700
84.375000	57.202800	54.522416	54.522400
90.000000	57.202800	54.532708	54.532800
95.625000	57.202800	53.615036	53.615100
101.250000	57.202800	53.709133	53.709100
106.875000	57.202800	53.917232	53.917200
112.500000	57.202800	53.730621	53.730700
118.125000	57.202800	53.722478	53.722500
123.750000	57.202800	53.146474	53.146400
129.375000	57.202800	55.228030	55.228000
135.000000	57.202800	53.971406	53.971500
140.625000	57.202800	54.468016	54.468000
146.250000	57.202800	54.154963	54.154900
151.875000	57.202800	54.271792	54.271800
157.500000	57.202800	54.177017	54.177100
163.125000	57.202800	54.698848	54.698900
168.750000	57.202800	54.808552	54.808600
174.375000	57.202800	54.638001	54.638100
180.000000	57.202800	55.242507	55.242500
185.625000	57.202800	54.771569	54.771500
191.250000	57.202800	54.083938	54.083900
196.875000	57.202800	55.264448	55.264500
202.500000	57.202800	54.406491	54.406400
208.125000	57.202800	55.045039	55.045100
213.750000	57.202800	54.247816	54.247800
219.375000	57.202800	54.381610	54.381600
225.000000	57.202800	53.928089	53.928100
230.625000	57.202800	53.603952	53.603900
236.250000	57.202800	53.865999	53.866000
241.875000	57.202800	53.479093	53.479100
247.500000	57.202800	54.234809	54.234800
253.125000	57.202800	53.387145	53.387200
258.750000	57.202800	53.888845	53.888900
264.375000	57.202800	54.191041	54.191100
270.000000	57.202800	54.698961	54.699000
275.625000	57.202800	53.995269	53.995300
281.250000	57.202800	54.568220	54.568200
286.875000	57.202800	55.205298	55.205400
292.500000	57.202800	55.391908	55.391900
298.125000	57.202800	56.691397	56.691400
303.750000	57.202800	55.473112	55.473100
309.375000	57.202800	55.182791	55.182800
315.000000	57.202800	54.053627	54.053600
320.625000	57.202800	54.339877	54.339900
326.250000	57.202800	54.925721	54.925700
331.875000	57.202800	54.843725	54.843700
337.500000	57.202800	54.805272	54.805300
343.125000	57.202800	54.430694	54.430700
348.750000	57.202800	54.573423	54.573500
354.375000	57.202800	53.747360	53.747400
2.812500	60.000000	51.928529	51.928600
8.437500	60.000000	51.551688	51.551700
14.062500	60.000000	51.717941	51.717900
19.687500	60.000000	51.368131	51.368100
25.312500	60.000000	52.121020	52.121000
30.937500	60.000000	51.619547	51.619600
36.562500	60.000000	51.667387	51.667300
42.187500	60.000000	52.106770	52.106800
47.812500	60.000000	52.716365	52.716300
53.437500	60.000000	53.372781	53.372800
59.062500	60.000000	53.546951	53.547000
64.687500	60.000000	53.136408	53.136400
70.312500	60.000000	52.837153	52.837100
75.937500	60.000000	52.668185	52.668200
81.562500	60.000000	53.403318	53.403300
87.187500	60.000000	51.840878	51.840900
92.812500	60.000000	52.459294	52.459300
98.437500	60.000000	51.852075	51.852000
104.062000	60.000000	52.051918	52.051900
109.688000	60.000000	51.938933	51.938900
115.312000	60.000000	51.476818	51.476800
120.938000	60.000000	51.637642	51.637700
126.562000	60.000000	51.721900	51.721900
132.188000	60.000000	51.759561	51.759600
137.812000	60.000000	51.190455	51.190500
143.437000	60.000000	52.188652	52.188700
149.062000	60.000000	51.722013	51.722000
154.688000	60.000000	51.976029	51.976000
160.312000	60.000000	52.870969	52.871000
165.938000	60.000000	52.791800	52.791800
171.562000	60.000000	52.537331	52.537400
177.188000	60.000000	53.798027	53.798000
182.812000	60.000000	52.705960	52.706000
188.438000	60.000000	53.053621	53.053600
194.062000	60.000000	52.654274	52.654300
199.687000	60.000000	52.526248	52.526300
205.312000	60.000000	52.254362	52.254400
210.938000	60.000000	52.407496	52.407400
216.562000	60.000000	51.945719	51.945700
222.188000	60.000000	51.869039	51.869100
227.812000	60.000000	51.808193	51.808200
233.438000	60.000000	52.115478	52.115400
239.062000	60.000000	52.020137	52.020100
244.687000	60.000000	51.780371	51.780300
250.312000	60.000000	51.252885	51.252900
255.937000	60.000000	51.697244	51.697300
261.562000	60.000000	51.305475	51.305500
267.188000	60.000000	51.747347	51.747400
272.812000	60.000000	51.810229	51.810200
278.438000	60.000000	51.471841	51.471900
284.062000	60.000000	52.126449	52.126400
289.688000	60.000000	53.212862	53.212800
295.312000	60.000000	52.554183	52.554200
300.938000	60.000000	53.102931	53.103000
306.562000	60.000000	52.589809	52.589800
312.187000	60.000000	53.030323	53.030400
317.812000	60.000000	52.467664	52.467600
323.438000	60.000000	52.113216	52.113200
329.062000	60.000000	52.090484	52.090400
334.688000	60.000000	51.414275	51.414300
340.312000	60.000000	51.747799	51.747800
345.938000	60.000000	50.807395	50.807400
351.562000	60.000000	51.205271	51.205300
357.187000	60.000000	52.219528	52.219500
0.000000	62.720400	49.115685	49.115700
5.625000	62.720400	49.571580	49.571600
11.250000	62.720400	49.019891	49.019900
16.875000	62.720400	49.683320	49.683300
22.500000	62.720400	49.603926	49.604000
28.125000	62.720400	49.902729	49.902700
33.750000	62.720400	49.934849	49.934900
39.375000	62.720400	50.062196	50.062200
45.000000	62.720400	50.276403	50.276400
50.625000	62.720400	50.529967	50.530000
56.250000	62.720400	51.256391	51.256300
61.875000	62.720400	51.136847	51.136900
67.500000	62.720400	50.450007	50.450000
73.125000	62.720400	50.498073	50.498000
78.750000	62.720400	51.102579	51.102600
84.375000	62.720400	50.141478	50.141500
90.000000	62.720400	49.902842	49.902900
95.625000	62.720400	50.305469	50.305500
101.250000	62.720400	49.712160	49.712100
106.875000	62.720400	50.275498	50.275500
112.500000	62.720400	49.398202	49.398200
118.125000	62.720400	49.579158	49.579200
123.750000	62.720400	49.770858	49.770800
129.375000	62.720400	50.425239	50.425300
135.000000	62.720400	49.568866	49.568900
140.625000	62.720400	49.662850	49.662800
146.250000	62.720400	50.353874	50.353900
151.875000	62.720400	49.664207	49.664200
157.500000	62.720400	49.786239	49.786300
163.125000	62.720400	50.072149	50.072100
168.750000	62.720400	50.273123	50.273200
174.375000	62.720400	50.401375	50.401400
180.000000	62.720400	51.249944	51.250000
185.625000	62.720400	50.747227	50.747200
191.250000	62.720400	49.903973	49.904000
196.875000	62.720400	50.372648	50.372700
202.500000	62.720400	50.079048	50.079100
208.125000	62.720400	49.650748	49.650700
213.750000	62.720400	49.927384	49.927300
219.375000	62.720400	49.916527	49.916500
225.000000	62.720400	49.697457	49.697500
230.625000	62.720400	49.349344	49.349400
236.250000	62.720400	49.440274	49.440300
241.875000	62.720400	49.403178	49.403100
247.500000	62.720400	49.852740	49.852800
253.125000	62.720400	49.038326	49.038400
258.750000	62.720400	50.432138	50.432100
264.375000	62.720400	49.815305	49.815300
270.000000	62.720400	50.464484	50.464500
275.625000	62.720400	50.097596	50.097600
281.250000	62.720400	49.976921	49.977000
286.875000	62.720400	50.777989	50.778000
292.500000	62.720400	50.858741	50.858800
298.125000	62.720400	50.949332	50.949400
303.750000	62.720400	51.367340	51.367300
309.375000	62.720400	50.449328	50.449300
315.000000	62.720400	50.242247	50.242300
320.625000	62.720400	50.015374	50.015300
326.250000	62.720400	49.876264	49.876300
331.875000	62.720400	50.302076	50.302100
337.500000	62.720400	49.730256	49.730200
343.125000	62.720400	49.695082	49.695100
348.750000	62.720400	49.618289	49.618300
354.375000	62.720400	49.757964	49.758000
2.812500	65.375700	46.947043	46.947000
8.437500	65.375700	47.011396	47.011400
14.062500	65.375700	47.914025	47.914000
19.687500	65.375700	46.955639	46.955700
25.312500	65.375700	47.146773	47.146700
30.937500	65.375700	47.739856	47.739800
36.562500	65.375700	48.109910	48.109900
42.187500	65.375700	47.901698	47.901700
47.812500	65.375700	48.177542	48.177600
53.437500	65.375700	48.697677	48.697700
59.062500	65.375700	49.431000	49.431000
64.687500	65.375700	49.410303	49.410400
70.312500	65.375700	48.254562	48.254600
75.937500	65.375700	48.118053	48.118100
81.562500	65.375700	48.236918	48.236900
87.187500	65.375700	48.364492	48.364500
92.812500	65.375700	48.004956	48.005000
98.437500	65.375700	47.975437	47.975400
104.062000	65.375700	47.046908	47.046900
109.688000	65.375700	47.404748	47.404700
115.312000	65.375700	47.613752	47.613700
120.938000	65.375700	47.372402	47.372400
126.562000	65.375700	47.138404	47.138500
132.188000	65.375700	46.775927	46.776000
137.812000	65.375700	47.948746	47.948800
143.437000	65.375700	47.676973	47.677000
149.062000	65.375700	47.394456	47.394500
154.688000	65.375700	47.694390	47.694400
160.312000	65.375700	47.946371	47.946400
165.938000	65.375700	48.283401	48.283500
171.562000	65.375700	48.714302	48.714300
177.188000	65.375700	49.043529	49.043600
182.812000	65.375700	48.783970	48.784000
188.438000	65.375700	47.770279	47.770300
194.062000	65.375700	48.385076	48.385100
199.687000	65.375700	46.914697	46.914700
205.312000	65.375700	48.141238	48.141200
210.938000	65.375700	47.996813	47.996800
216.562000	65.375700	47.779327	47.779400
222.188000	65.375700	47.841304	47.841300
227.812000	65.375700	47.652318	47.652400
233.438000	65.375700	48.001224	48.001200
239.062000	65.375700	47.368557	47.368500
244.687000	65.375700	47.586948	47.587000
250.312000	65.375700	47.357021	47.357000
255.937000	65.375700	47.169958	47.170000
261.562000	65.375700	47.223566	47.223600
267.188000	65.375700	47.854536	47.854500
272.812000	65.375700	47.583103	47.583100
278.438000	65.375700	48.393558	48.393600
284.062000	65.375700	48.093398	48.093400
289.688000	65.375700	48.984944	48.984900
295.312000	65.375700	49.079494	49.079500
300.938000	65.375700	49.091708	49.091700
306.562000	65.375700	48.432803	48.432900
312.187000	65.375700	47.492059	47.492000
317.812000	65.375700	47.353628	47.353600
323.438000	65.375700	47.863923	47.863900
329.062000	65.375700	47.615335	47.615300
334.688000	65.375700	48.273223	48.273200
340.312000	65.375700	47.353289	47.353200
345.938000	65.375700	47.454850	47.454800
351.562000	65.375700	47.033223	47.033300
357.187000	65.375700	47.506762	47.506800
0.000000	67.975700	45.054812	45.054800
5.625000	67.975700	44.780325	44.780300
11.250000	67.975700	45.629120	45.629200
16.875000	67.975700	45.297858	45.297800
22.500000	67.975700	45.028573	45.028600
28.125000	67.975700	45.699806	45.699800
33.750000	67.975700	45.666895	45.666900
39.375000	67.975700	45.813129	45.813200
45.000000	67.975700	46.080605	46.080600
50.625000	67.975700	45.738824	45.738900
56.250000	67.975700	46.452469	46.452500
61.875000	67.975700	46.793118	46.793100
67.500000	67.975700	46.449641	46.449600
73.125000	67.975700	45.722878	45.722900
78.750000	67.975700	46.182505	46.182500
84.375000	67.975700	45.620298	45.620300
90.000000	67.975700	45.512064	45.512000
95.625000	67.975700	45.288018	45.288000
101.250000	67.975700	45.273090	45.273100
106.875000	67.975700	45.546559	45.546500
112.500000	67.975700	44.557183	44.557200
118.125000	67.975700	44.625607	44.625600
123.750000	67.975700	45.049609	45.049600
129.375000	67.975700	45.268000	45.268000
135.000000	67.975700	45.202404	45.202500
140.625000	67.975700	45.511838	45.511800
146.250000	67.975700	44.970328	44.970300
151.875000	67.975700	45.481867	45.481800
157.500000	67.975700	45.777843	45.777900
163.125000	67.975700	45.543279	45.543300
168.750000	67.975700	45.117128	45.117200
174.375000	67.975700	46.220393	46.220400
180.000000	67.975700	46.860411	46.860400
185.625000	67.975700	46.343556	46.343600
191.250000	67.975700	46.206934	46.207000
196.875000	67.975700	45.294352	45.294400
202.500000	67.975700	45.510142	45.510100
208.125000	67.975700	45.211112	45.211100
213.750000	67.975700	46.574727	46.574700
219.375000	67.975700	45.017603	45.017600
225.000000	67.975700	45.045538	45.045500
230.625000	67.975700	44.751259	44.751300
236.250000	67.975700	45.133867	45.133900
241.875000	67.975700	44.902243	44.902200
247.500000	67.975700	45.303965	45.303900
253.125000	67.975700	45.732378	45.732400
258.750000	67.975700	45.423622	45.423600
264.375000	67.975700	45.940477	45.940400
270.000000	67.975700	45.042597	45.042600
275.625000	67.975700	45.504939	45.504900
281.250000	67.975700	45.635567	45.635500
286.875000	67.975700	46.549167	46.549100
292.500000	67.975700	46.929513	46.929600
298.125000	67.975700	46.505851	46.505900
303.750000	67.975700	47.502690	47.502700
309.375000	67.975700	46.336770	46.336800
315.000000	67.975700	46.350342	46.350400
320.625000	67.975700	45.692455	45.692500
326.250000	67.975700	45.512743	45.512700
331.875000	67.975700	45.358139	45.358200
337.500000	67.975700	45.326245	45.326200
343.125000	67.975700	45.339138	45.339200
348.750000	67.975700	45.664859	45.664900
354.375000	67.975700	45.257595	45.257600
2.812500	70.528800	42.447579	42.447500
8.437500	70.528800	42.841271	42.841200
14.062500	70.528800	42.801913	42.802000
19.687500	70.528800	42.886510	42.886500
25.312500	70.528800	43.163824	43.163800
30.937500	70.528800	43.456181	43.456100
36.562500	70.528800	42.796032	42.796100
42.187500	70.528800	43.239373	43.239300
47.812500	70.528800	43.977786	43.977700
53.437500	70.528800	44.455396	44.455400
59.062500	70.528800	44.935268	44.935300
64.687500	70.528800	44.821831	44.821800
70.312500	70.528800	43.584773	43.584800
75.937500	70.528800	43.179092	43.179100
81.562500	70.528800	44.114294	44.114300
87.187500	70.528800	43.639738	43.639800
92.812500	70.528800	43.203521	43.203500
98.437500	70.528800	43.322274	43.322200
104.062000	70.528800	42.976309	42.976300
109.688000	70.528800	43.573010	43.573000
115.312000	70.528800	42.185872	42.185900
120.938000	70.528800	42.957987	42.957900
126.562000	70.528800	43.408341	43.408400
132.188000	70.528800	43.167217	43.167200
137.812000	70.528800	43.179092	43.179100
143.437000	70.528800	42.732358	42.732300
149.062000	70.528800	43.145616	43.145600
154.688000	70.528800	43.057060	43.057100
160.312000	70.528800	43.107728	43.107700
165.938000	70.528800	43.611916	43.611900
171.562000	70.528800	43.359483	43.359500
177.188000	70.528800	44.466932	44.467000
182.812000	70.528800	43.858355	43.858400
188.438000	70.528800	43.561022	43.561000
194.062000	70.528800	43.848063	43.848100
199.687000	70.528800	43.551522	43.551500
205.312000	70.528800	43.201486	43.201500
210.938000	70.528800	43.115871	43.115800
216.562000	70.528800	43.065882	43.065900
222.188000	70.528800	42.716185	42.716200
227.812000	70.528800	43.119264	43.119200
233.438000	70.528800	42.423828	42.423800
239.062000	70.528800	43.307345	43.307300
244.687000	70.528800	42.796371	42.796300
250.312000	70.528800	43.737002	43.737000
255.937000	70.528800	42.620052	42.620100
261.562000	70.528800	43.169932	43.169900
267.188000	70.528800	43.065430	43.065400
272.812000	70.528800	43.385269	43.385200
278.438000	70.528800	43.067239	43.067200
284.062000	70.528800	43.715061	43.715100
289.688000	70.528800	43.984685	43.984600
295.312000	70.528800	45.013871	45.013900
300.938000	70.528800	44.747979	44.748000
306.562000	70.528800	44.530945	44.531000
312.187000	70.528800	44.075954	44.076000
317.812000	70.528800	43.461836	43.461800
323.438000	70.528800	43.289136	43.289100
329.062000	70.528800	42.773978	42.774000
334.688000	70.528800	43.030030	43.030100
340.312000	70.528800	43.275225	43.275300
345.938000	70.528800	42.896575	42.896500
351.562000	70.528800	42.952785	42.952700
357.187000	70.528800	42.375875	42.375900
0.000000	73.042200	40.856639	40.856600
5.625000	73.042200	41.285164	41.285100
11.250000	73.042200	40.591991	40.592000
16.875000	73.042200	41.773971	41.773900
22.500000	73.042200	40.054439	40.054400
28.125000	73.042200	40.657135	40.657100
33.750000	73.042200	41.201246	41.201300
39.375000	73.042200	41.265486	41.265400
45.000000	73.042200	42.404489	42.404500
50.625000	73.042200	42.166193	42.166200
56.250000	73.042200	41.815478	41.815500
61.875000	73.042200	42.139841	42.139800
67.500000	73.042200	42.484675	42.484600
73.125000	73.042200	41.313778	41.313800
78.750000	73.042200	41.526740	41.526700
84.375000	73.042200	40.993147	40.993100
90.000000	73.042200	40.923932	40.923900
95.625000	73.042200	40.858222	40.858300
101.250000	73.042200	41.360827	41.360900
106.875000	73.042200	40.945420	40.945400
112.500000	73.042200	40.608616	40.608700
118.125000	73.042200	40.963968	40.963900
123.750000	73.042200	41.206562	41.206500
129.375000	73.042200	41.151144	41.151200
135.000000	73.042200	40.593235	40.593200
140.625000	73.042200	39.969956	39.969900
146.250000	73.042200	41.480031	41.480100
151.875000	73.042200	41.361731	41.361800
157.500000	73.042200	40.595949	40.595900
163.125000	73.042200	41.709958	41.710000
168.750000	73.042200	41.654540	41.654500
174.375000	73.042200	41.948933	41.948900
180.000000	73.042200	42.732697	42.732700
185.625000	73.042200	42.292409	42.292400
191.250000	73.042200	41.488853	41.488800
196.875000	73.042200	41.169466	41.169500
202.500000	73.042200	41.333005	41.333000
208.125000	73.042200	41.185639	41.185700
213.750000	73.042200	40.426190	40.426200
219.375000	73.042200	40.645712	40.645700
225.000000	73.042200	40.823162	40.823100
230.625000	73.042200	41.235289	41.235300
236.250000	73.042200	40.231550	40.231500
241.875000	73.042200	40.506489	40.506500
247.500000	73.042200	40.987718	40.987800
253.125000	73.042200	40.671272	40.671300
258.750000	73.042200	41.210860	41.210900
264.375000	73.042200	40.614045	40.614000
270.000000	73.042200	40.981611	40.981700
275.625000	73.042200	42.027309	42.027300
281.250000	73.042200	41.276004	41.276000
286.875000	73.042200	42.425977	42.426000
292.500000	73.042200	41.867163	41.867100
298.125000	73.042200	41.878021	41.878000
303.750000	73.042200	41.408667	41.408600
309.375000	73.042200	41.152388	41.152400
315.000000	73.042200	41.949385	41.949400
320.625000	73.042200	40.859918	40.859900
326.250000	73.042200	41.313100	41.313100
331.875000	73.042200	40.950283	40.950300
337.500000	73.042200	41.019612	41.019600
343.125000	73.042200	41.115632	41.115700
348.750000	73.042200	40.745464	40.745500
354.375000	73.042200	41.783584	41.783500
2.812500	75.522500	38.256192	38.256200
8.437500	75.522500	38.530566	38.530600
14.062500	75.522500	38.558388	38.558400
19.687500	75.522500	38.683247	38.683200
25.312500	75.522500	39.635187	39.635200
30.937500	75.522500	38.822922	38.822900
36.562500	75.522500	39.093564	39.093600
42.187500	75.522500	39.325753	39.325800
47.812500	75.522500	39.327902	39.328000
53.437500	75.522500	40.543811	40.543800
59.062500	75.522500	39.975045	39.975100
64.687500	75.522500	40.426077	40.426000
70.312500	75.522500	39.967015	39.967000
75.937500	75.522500	39.379587	39.379600
81.562500	75.522500	39.628967	39.629000
87.187500	75.522500	38.800077	38.800100
92.812500	75.522500	39.749190	39.749200
98.437500	75.522500	39.171941	39.172000
104.062000	75.522500	38.766826	38.766800
109.688000	75.522500	38.988610	38.988600
115.312000	75.522500	38.929686	38.929700
120.938000	75.522500	38.492678	38.492700
126.562000	75.522500	39.386826	39.386800
132.188000	75.522500	38.502744	38.502700
137.812000	75.522500	38.974020	38.974100
143.437000	75.522500	38.971193	38.971200
149.062000	75.522500	38.898584	38.898600
154.688000	75.522500	39.316705	39.316700
160.312000	75.522500	39.903454	39.903500
165.938000	75.522500	40.012706	40.012700
171.562000	75.522500	40.123089	40.123100
177.188000	75.522500	40.376993	40.377000
182.812000	75.522500	40.250098	40.250100
188.438000	75.522500	39.811959	39.812000
194.062000	75.522500	39.205418	39.205400
199.687000	75.522500	39.051944	39.051900
205.312000	75.522500	38.890441	38.890500
210.938000	75.522500	39.020277	39.020300
216.562000	75.522500	39.081576	39.081600
222.188000	75.522500	38.290008	38.290000
227.812000	75.522500	38.935907	38.935900
233.438000	75.522500	39.337515	39.337500
239.062000	75.522500	38.100683	38.100700
244.687000	75.522500	38.282091	38.282100
250.312000	75.522500	39.159952	39.159900
255.937000	75.522500	38.676801	38.676800
261.562000	75.522500	38.843845	38.843900
267.188000	75.522500	39.180762	39.180800
272.812000	75.522500	39.054546	39.054600
278.438000	75.522500	38.911138	38.911100
284.062000	75.522500	40.282557	40.282600
289.688000	75.522500	40.772947	40.773000
295.312000	75.522500	40.007956	40.007900
300.938000	75.522500	40.643676	40.643600
306.562000	75.522500	40.003772	40.003800
312.187000	75.522500	39.569591	39.569600
317.812000	75.522500	40.257110	40.257100
323.438000	75.522500	39.523673	39.523600
329.062000	75.522500	39.059522	39.059500
334.688000	75.522500	39.297026	39.297000
340.312000	75.522500	39.430255	39.430200
345.938000	75.522500	38.996187	38.996200
351.562000	75.522500	39.543013	39.543000
357.187000	75.522500	38.769201	38.769200
0.000000	77.975300	36.671924	36.671900
5.625000	77.975300	37.938162	37.938200
11.250000	77.975300	37.305495	37.305500
16.875000	77.975300	37.590727	37.590700
22.500000	77.975300	38.198738	38.198700
28.125000	77.975300	38.177589	38.177500
33.750000	77.975300	37.407735	37.407800
39.375000	77.975300	37.693080	37.693100
45.000000	77.975300	38.109617	38.109700
50.625000	77.975300	38.041194	38.041200
56.250000	77.975300	38.234364	38.234300
61.875000	77.975300	38.116516	38.116500
67.500000	77.975300	38.203488	38.203500
73.125000	77.975300	38.370985	38.370900
78.750000	77.975300	38.406950	38.407000
84.375000	77.975300	37.788873	37.788900
90.000000	77.975300	37.063241	37.063300
95.625000	77.975300	37.728819	37.728900
101.250000	77.975300	37.434313	37.434300
106.875000	77.975300	37.393372	37.393400
112.500000	77.975300	37.350621	37.350700
118.125000	77.975300	36.916893	36.916900
123.750000	77.975300	37.532934	37.533000
129.375000	77.975300	37.733003	37.733000
135.000000	77.975300	36.737294	36.737300
140.625000	77.975300	38.039271	38.039200
146.250000	77.975300	37.362496	37.362500
151.875000	77.975300	37.825517	37.825500
157.500000	77.975300	38.382408	38.382400
163.125000	77.975300	37.560756	37.560700
168.750000	77.975300	38.417582	38.417600
174.375000	77.975300	38.485892	38.485900
180.000000	77.975300	38.060420	38.060500
185.625000	77.975300	38.889763	38.889800
191.250000	77.975300	38.174083	38.174100
196.875000	77.975300	37.970055	37.970000
202.500000	77.975300	37.463153	37.463200
208.125000	77.975300	38.339771	38.339800
213.750000	77.975300	36.987466	36.987400
219.375000	77.975300	37.528863	37.528800
225.000000	77.975300	37.209250	37.209300
230.625000	77.975300	37.139808	37.139800
236.250000	77.975300	37.278465	37.278500
241.875000	77.975300	37.258899	37.258900
247.500000	77.975300	37.362044	37.362100
253.125000	77.975300	37.218863	37.218900
258.750000	77.975300	37.833208	37.833200
264.375000	77.975300	37.486904	37.486900
270.000000	77.975300	37.383533	37.383600
275.625000	77.975300	37.647162	37.647200
281.250000	77.975300	38.062682	38.062700
286.875000	77.975300	38.428778	38.428800
292.500000	77.975300	38.928781	38.928700
298.125000	77.975300	38.223054	38.223000
303.750000	77.975300	38.511452	38.511500
309.375000	77.975300	38.637669	38.637600
315.000000	77.975300	38.171029	38.171000
320.625000	77.975300	37.986002	37.986000
326.250000	77.975300	38.037235	38.037300
331.875000	77.975300	37.829928	37.829900
337.500000	77.975300	37.258560	37.258500
343.125000	77.975300	37.735944	37.735900
348.750000	77.975300	37.446189	37.446200
354.375000	77.975300	37.433295	37.433300
2.812500	80.405900	35.594333	35.594300
8.437500	80.405900	35.576803	35.576800
14.062500	80.405900	35.508379	35.508400
19.687500	80.405900	35.974679	35.974600
25.312500	80.405900	35.976828	35.976800
30.937500	80.405900	35.800283	35.800300
36.562500	80.405900	36.061877	36.061800
42.187500	80.405900	35.678816	35.678800
47.812500	80.405900	36.464956	36.464900
53.437500	80.405900	36.645912	36.645900
59.062500	80.405900	36.520713	36.520700
64.687500	80.405900	37.093325	37.093400
70.312500	80.405900	35.896529	35.896600
75.937500	80.405900	36.781855	36.781900
81.562500	80.405900	35.755610	35.755600
87.187500	80.405900	36.107682	36.107700
92.812500	80.405900	36.209695	36.209700
98.437500	80.405900	35.706751	35.706700
104.062000	80.405900	35.832290	35.832300
109.688000	80.405900	35.652012	35.652100
115.312000	80.405900	35.856605	35.856600
120.938000	80.405900	35.910214	35.910200
126.562000	80.405900	35.811027	35.811100
132.188000	80.405900	35.732085	35.732100
137.812000	80.405900	36.379228	36.379300
143.437000	80.405900	35.516069	35.516000
149.062000	80.405900	36.162760	36.162700
154.688000	80.405900	36.243511	36.243500
160.312000	80.405900	36.243964	36.243900
165.938000	80.405900	35.627357	35.627400
171.562000	80.405900	36.684704	36.684700
177.188000	80.405900	36.470385	36.470300
182.812000	80.405900	37.238542	37.238500
188.438000	80.405900	36.727229	36.727300
194.062000	80.405900	35.787842	35.787900
199.687000	80.405900	36.396419	36.396400
205.312000	80.405900	36.110848	36.110900
210.938000	80.405900	36.421866	36.421900
216.562000	80.405900	35.691936	35.691900
222.188000	80.405900	34.949904	34.949800
227.812000	80.405900	35.211272	35.211200
233.438000	80.405900	35.783318	35.783300
239.062000	80.405900	35.307857	35.307800
244.687000	80.405900	35.553731	35.553700
250.312000	80.405900	36.022859	36.022900
255.937000	80.405900	36.203588	36.203600
261.562000	80.405900	36.162308	36.162300
267.188000	80.405900	35.809331	35.809300
272.812000	80.405900	36.018787	36.018800
278.438000	80.405900	36.394157	36.394200
284.062000	80.405900	36.340549	36.340500
289.688000	80.405900	36.303114	36.303100
295.312000	80.405900	36.957721	36.957700
300.938000	80.405900	36.866904	36.866800
306.562000	80.405900	36.360906	36.360900
312.187000	80.405900	36.695561	36.695600
317.812000	80.405900	37.117641	37.117700
323.438000	80.405900	35.698722	35.698800
329.062000	80.405900	36.050907	36.050900
334.688000	80.405900	35.630071	35.630100
340.312000	80.405900	36.437247	36.437300
345.938000	80.405900	35.707656	35.707700
351.562000	80.405900	35.374019	35.374000
357.187000	80.405900	35.375376	35.375400
0.000000	82.819200	33.766114	33.766200
5.625000	82.819200	33.897986	33.898000
11.250000	82.819200	34.277654	34.277700
16.875000	82.819200	33.565593	33.565600
22.500000	82.819200	34.057114	34.057100
28.125000	82.819200	34.012553	34.012600
33.750000	82.819200	34.489598	34.489600
39.375000	82.819200	34.165687	34.165700
45.000000	82.819200	34.546486	34.546500
50.625000	82.819200	35.052031	35.052100
56.250000	82.819200	34.622035	34.622100
61.875000	82.819200	34.712287	34.712300
67.500000	82.819200	35.332060	35.332100
73.125000	82.819200	34.687518	34.687500
78.750000	82.819200	34.546486	34.546500
84.375000	82.819200	34.812717	34.812800
90.000000	82.819200	33.876950	33.877000
95.625000	82.819200	33.825603	33.825600
101.250000	82.819200	34.005994	34.006000
106.875000	82.819200	33.507234	33.507200
112.500000	82.819200	33.754239	33.754300
118.125000	82.819200	33.302755	33.302800
123.750000	82.819200	34.040036	34.040000
129.375000	82.819200	33.665118	33.665100
135.000000	82.819200	33.454192	33.454200
140.625000	82.819200	33.653469	33.653500
146.250000	82.819200	34.117055	34.117000
151.875000	82.819200	33.904659	33.904700
157.500000	82.819200	34.590594	34.590600
163.125000	82.819200	34.528503	34.528400
168.750000	82.819200	34.597493	34.597400
174.375000	82.819200	35.089806	35.089800
180.000000	82.819200	35.006340	35.006400
185.625000	82.819200	34.802199	34.802200
191.250000	82.819200	34.910999	34.911100
196.875000	82.819200	33.978963	33.979000
202.500000	82.819200	33.966862	33.966900
208.125000	82.819200	33.936665	33.936700
213.750000	82.819200	34.157205	34.157200
219.375000	82.819200	33.944243	33.944300
225.000000	82.819200	34.071590	34.071600
230.625000	82.819200	33.338719	33.338800
236.250000	82.819200	33.808300	33.808300
241.875000	82.819200	33.801853	33.801800
247.500000	82.819200	33.673827	33.673800
253.125000	82.819200	34.034607	34.034600
258.750000	82.819200	33.006553	33.006600
264.375000	82.819200	33.995363	33.995300
270.000000	82.819200	33.665005	33.665000
275.625000	82.819200	34.347887	34.347900
281.250000	82.819200	33.664779	33.664800
286.875000	82.819200	34.408394	34.408400
292.500000	82.819200	35.325500	35.325500
298.125000	82.819200	35.311363	35.311400
303.750000	82.819200	34.629499	34.629500
309.375000	82.819200	35.432943	35.432900
315.000000	82.819200	34.194866	34.194900
320.625000	82.819200	34.337934	34.337900
326.250000	82.819200	34.142163	34.142100
331.875000	82.819200	34.042750	34.042800
337.500000	82.819200	33.701875	33.701900
343.125000	82.819200	33.303094	33.303100
348.750000	82.819200	33.733768	33.733800
354.375000	82.819200	33.981791	33.981700
2.812500	85.219800	31.985623	31.985700
8.437500	85.219800	32.259997	32.259900
14.062500	85.219800	31.932467	31.932500
19.687500	85.219800	32.554389	32.554400
25.312500	85.219800	32.009713	32.009700
30.937500	85.219800	32.084131	32.084200
36.562500	85.219800	32.422179	32.422200
42.187500	85.219800	32.649957	32.649900
47.812500	85.219800	32.314736	32.314800
53.437500	85.219800	32.750048	32.750100
59.062500	85.219800	32.561741	32.561700
64.687500	85.219800	33.840985	33.841000
70.312500	85.219800	32.910759	32.910800
75.937500	85.219800	31.850472	31.850500
81.562500	85.219800	32.799358	32.799400
87.187500	85.219800	31.828418	31.828500
92.812500	85.219800	32.951813	32.951800
98.437500	85.219800	31.658093	31.658100
104.062000	85.219800	32.260223	32.260200
109.688000	85.219800	32.111613	32.111600
115.312000	85.219800	31.869246	31.869200
120.938000	85.219800	31.757393	31.757400
126.562000	85.219800	32.238735	32.238700
132.188000	85.219800	32.059023	32.059000
137.812000	85.219800	31.965718	31.965700
143.437000	85.219800	32.440727	32.440700
149.062000	85.219800	32.383839	32.383900
154.688000	85.219800	32.391982	32.392000
160.312000	85.219800	32.135364	32.135400
165.938000	85.219800	32.679588	32.679500
171.562000	85.219800	32.588884	32.588800
177.188000	85.219800	32.950909	32.950900
182.812000	85.219800	33.031321	33.031400
188.438000	85.219800	32.808519	32.808500
194.062000	85.219800	32.456334	32.456300
199.687000	85.219800	32.730143	32.730100
205.312000	85.219800	31.940158	31.940200
210.938000	85.219800	32.005076	32.005000
216.562000	85.219800	31.845269	31.845300
222.188000	85.219800	31.855561	31.855600
227.812000	85.219800	30.956550	30.956500
233.438000	85.219800	31.686367	31.686300
239.062000	85.219800	31.711475	31.711500
244.687000	85.219800	31.508691	31.508700
250.312000	85.219800	31.017736	31.017700
255.937000	85.219800	32.523061	32.523100
261.562000	85.219800	32.185014	32.185100
267.188000	85.219800	32.820847	32.820800
272.812000	85.219800	32.841317	32.841300
278.438000	85.219800	32.720529	32.720500
284.062000	85.219800	32.888592	32.888600
289.688000	85.219800	32.757173	32.757200
295.312000	85.219800	33.334648	33.334600
300.938000	85.219800	33.324695	33.324700
306.562000	85.219800	32.788049	32.788100
312.187000	85.219800	32.362916	32.362900
317.812000	85.219800	32.360654	32.360600
323.438000	85.219800	32.222675	32.222600
329.062000	85.219800	32.033463	32.033400
334.688000	85.219800	32.369249	32.369300
340.312000	85.219800	31.730475	31.730500
345.938000	85.219800	31.337688	31.337700
351.562000	85.219800	31.754113	31.754200
357.187000	85.219800	31.717017	31.717100
0.000000	87.612000	30.089094	30.089100
5.625000	87.612000	29.543286	29.543200
11.250000	87.612000	29.619627	29.619700
16.875000	87.612000	30.025985	30.026000
22.500000	87.612000	30.060367	30.060400
28.125000	87.612000	30.093391	30.093400
33.750000	87.612000	30.730129	30.730200
39.375000	87.612000	30.124832	30.124800
45.000000	87.612000	30.640783	30.640700
50.625000	87.612000	31.120655	31.120600
56.250000	87.612000	31.348319	31.348300
61.875000	87.612000	30.943544	30.943500
67.500000	87.612000	31.168382	31.168400
73.125000	87.612000	30.754785	30.754800
78.750000	87.612000	30.571680	30.571600
84.375000	87.612000	29.833607	29.833600
90.000000	87.612000	30.056522	30.056500
95.625000	87.612000	29.985383	29.985400
101.250000	87.612000	30.008455	30.008400
106.875000	87.612000	29.682848	29.682800
112.500000	87.612000	29.881447	29.881500
118.125000	87.612000	29.888572	29.888500
123.750000	87.612000	29.533560	29.533500
129.375000	87.612000	29.829309	29.829300
135.000000	87.612000	30.725379	30.725400
140.625000	87.612000	30.344015	30.344000
146.250000	87.612000	30.030509	30.030500
151.875000	87.612000	29.665318	29.665400
157.500000	87.612000	30.297080	30.297100
163.125000	87.612000	30.493530	30.493500
168.750000	87.612000	30.690432	30.690500
174.375000	87.612000	30.455416	30.455400
180.000000	87.612000	30.752862	30.752900
185.625000	87.612000	30.612282	30.612300
191.250000	87.612000	30.415266	30.415300
196.875000	87.612000	29.585358	29.585400
202.500000	87.612000	30.528364	30.528400
208.125000	87.612000	29.706146	29.706200
213.750000	87.612000	29.399200	29.399200
219.375000	87.612000	29.864030	29.864100
225.000000	87.612000	29.953038	29.953000
230.625000	87.612000	29.993526	29.993500
236.250000	87.612000	29.654574	29.654600
241.875000	87.612000	30.181834	30.181900
247.500000	87.612000	30.206036	30.206000
253.125000	87.612000	29.837113	29.837200
258.750000	87.612000	30.078010	30.078000
264.375000	87.612000	29.819470	29.819500
270.000000	87.612000	30.119969	30.119900
275.625000	87.612000	30.409272	30.409300
281.250000	87.612000	30.533340	30.533300
286.875000	87.612000	30.674259	30.674300
292.500000	87.612000	30.518524	30.518600
298.125000	87.612000	31.131399	31.131400
303.750000	87.612000	30.992063	30.992100
309.375000	87.612000	31.790078	31.790100
315.000000	87.612000	30.454398	30.454400
320.625000	87.612000	30.271294	30.271300
326.250000	87.612000	30.015920	30.015900
331.875000	87.612000	30.130714	30.130700
337.500000	87.612000	29.461177	29.461200
343.125000	87.612000	30.063760	30.063800
348.750000	87.612000	29.772647	29.772600
354.375000	87.612000	30.141458	30.141400
2.812500	90.000000	28.058318	28.058300
8.437500	90.000000	27.757818	27.757800
14.062500	90.000000	28.166213	28.166200
19.687500	90.000000	27.705341	27.705300
25.312500	90.000000	28.164629	28.164700
30.937500	90.000000	27.811992	27.812000
36.562500	90.000000	28.438891	28.438900
42.187500	90.000000	28.944775	28.944700
47.812500	90.000000	29.125957	29.126000
53.437500	90.000000	28.887548	28.887500
59.062500	90.000000	28.738033	28.738100
64.687500	90.000000	29.179904	29.179900
70.312500	90.000000	28.495213	28.495200
75.937500	90.000000	28.910054	28.910000
81.562500	90.000000	28.446355	28.446400
87.187500	90.000000	28.104235	28.104300
92.812500	90.000000	28.553797	28.553800
98.437500	90.000000	28.050401	28.050400
104.062000	90.000000	28.646311	28.646300
109.688000	90.000000	28.346829	28.346900
115.312000	90.000000	27.947709	27.947700
120.938000	90.000000	27.964108	27.964100
126.562000	90.000000	28.051532	28.051600
132.188000	90.000000	27.813802	27.813800
137.812000	90.000000	28.184422	28.184500
143.437000	90.000000	28.153546	28.153500
149.062000	90.000000	29.053575	29.053500
154.688000	90.000000	28.354294	28.354300
160.312000	90.000000	28.582977	28.583000
165.938000	90.000000	28.693020	28.693000
171.562000	90.000000	28.542035	28.542100
177.188000	90.000000	29.370360	29.370400
182.812000	90.000000	29.081396	29.081400
188.438000	90.000000	28.927923	28.927900
194.062000	90.000000	28.443641	28.443600
199.687000	90.000000	28.517154	28.517100
205.312000	90.000000	28.803403	28.803400
210.938000	90.000000	28.331787	28.331800
216.562000	90.000000	28.029252	28.029300
222.188000	90.000000	28.716431	28.716400
227.812000	90.000000	28.398854	28.398900
233.438000	90.000000	27.997132	27.997200
239.062000	90.000000	28.275126	28.275100
244.687000	90.000000	28.058431	28.058400
250.312000	90.000000	28.417967	28.417900
255.937000	90.000000	28.058092	28.058100
261.562000	90.000000	28.361871	28.361900
267.188000	90.000000	28.420795	28.420800
272.812000	90.000000	28.356782	28.356800
278.438000	90.000000	28.845928	28.846000
284.062000	90.000000	28.573476	28.573500
289.688000	90.000000	28.937650	28.937600
295.312000	90.000000	28.827154	28.827200
300.938000	90.000000	29.292888	29.292900
306.562000	90.000000	28.850904	28.850900
312.187000	90.000000	28.737581	28.737600
317.812000	90.000000	28.989675	28.989700
323.438000	90.000000	28.204553	28.204600
329.062000	90.000000	27.929500	27.929600
334.688000	90.000000	28.817880	28.817900
340.312000	90.000000	28.587727	28.587700
345.938000	90.000000	27.971346	27.971300
351.562000	90.000000	28.165987	28.166000
357.187000	90.000000	28.114527	28.114600
0.000000	92.388000	26.446794	26.446800
5.625000	92.388000	26.460479	26.460500
11.250000	92.388000	26.480610	26.480600
16.875000	92.388000	26.626166	26.626200
22.500000	92.388000	27.146301	27.146300
28.125000	92.388000	26.394882	26.394900
33.750000	92.388000	27.159760	27.159800
39.375000	92.388000	26.554576	26.554600
45.000000	92.388000	27.173105	27.173100
50.625000	92.388000	27.994192	27.994100
56.250000	92.388000	27.482992	27.483000
61.875000	92.388000	27.573357	27.573300
67.500000	92.388000	27.377698	27.377700
73.125000	92.388000	26.947928	26.947900
78.750000	92.388000	27.261547	27.261500
84.375000	92.388000	26.966589	26.966600
90.000000	92.388000	26.802711	26.802800
95.625000	92.388000	27.185659	27.185700
101.250000	92.388000	26.301351	26.301400
106.875000	92.388000	26.362537	26.362500
112.500000	92.388000	26.406531	26.406500
118.125000	92.388000	26.454372	26.454400
123.750000	92.388000	26.719246	26.719200
129.375000	92.388000	26.338221	26.338200
135.000000	92.388000	26.332000	26.332000
140.625000	92.388000	26.530938	26.530900
146.250000	92.388000	27.094276	27.094300
151.875000	92.388000	26.678417	26.678400
157.500000	92.388000	26.862766	26.862700
163.125000	92.388000	27.228636	27.228600
168.750000	92.388000	27.549380	27.549300
174.375000	92.388000	27.379508	27.379500
180.000000	92.388000	27.716538	27.716500
185.625000	92.388000	27.621988	27.622000
191.250000	92.388000	27.603554	27.603600
196.875000	92.388000	27.262226	27.262200
202.500000	92.388000	26.484682	26.484600
208.125000	92.388000	26.988191	26.988200
213.750000	92.388000	26.268440	26.268500
219.375000	92.388000	26.457991	26.458000
225.000000	92.388000	26.624018	26.624000
230.625000	92.388000	26.208046	26.208100
236.250000	92.388000	26.565094	26.565100
241.875000	92.388000	26.460818	26.460800
247.500000	92.388000	26.867969	26.867900
253.125000	92.388000	26.584433	26.584400
258.750000	92.388000	26.446342	26.446300
264.375000	92.388000	26.530034	26.530100
270.000000	92.388000	26.505605	26.505700
275.625000	92.388000	26.860956	26.861000
281.250000	92.388000	27.608869	27.608900
286.875000	92.388000	27.660668	27.660600
292.500000	92.388000	27.570982	27.570900
298.125000	92.388000	27.528909	27.528900
303.750000	92.388000	27.729431	27.729400
309.375000	92.388000	27.409252	27.409200
315.000000	92.388000	28.013079	28.013100
320.625000	92.388000	26.890136	26.890200
326.250000	92.388000	27.119949	27.119900
331.875000	92.388000	26.679096	26.679100
337.500000	92.388000	26.709067	26.709100
343.125000	92.388000	26.413883	26.413900
348.750000	92.388000	26.341387	26.341400
354.375000	92.388000	26.417163	26.417200
2.812500	94.780200	24.717536	24.717500
8.437500	94.780200	24.954362	24.954400
14.062500	94.780200	24.874515	24.874600
19.687500	94.780200	25.114847	25.114900
25.312500	94.780200	25.614171	25.614100
30.937500	94.780200	26.009673	26.009700
36.562500	94.780200	25.173318	25.173300
42.187500	94.780200	25.339910	25.339900
47.812500	94.780200	26.204879	26.204900
53.437500	94.780200	25.504128	25.504100
59.062500	94.780200	26.022227	26.022200
64.687500	94.780200	25.568254	25.568300
70.312500	94.780200	25.650363	25.650300
75.937500	94.780200	25.636225	25.636200
81.562500	94.780200	25.330636	25.330600
87.187500	94.780200	25.209396	25.209400
92.812500	94.780200	25.331315	25.331300
98.437500	94.780200	25.304850	25.304800
104.062000	94.780200	24.452549	24.452500
109.688000	94.780200	25.157598	25.157600
115.312000	94.780200	24.600367	24.600400
120.938000	94.780200	24.932986	24.933000
126.562000	94.780200	24.461597	24.461600
132.188000	94.780200	25.275897	25.275900
137.812000	94.780200	24.989874	24.989900
143.437000	94.780200	24.650921	24.651000
149.062000	94.780200	25.440341	25.440300
154.688000	94.780200	25.197747	25.197800
160.312000	94.780200	25.232581	25.232600
165.938000	94.780200	25.590647	25.590700
171.562000	94.780200	25.905171	25.905100
177.188000	94.780200	26.058192	26.058200
182.812000	94.780200	26.567243	26.567200
188.438000	94.780200	25.864230	25.864200
194.062000	94.780200	25.596868	25.596900
199.687000	94.780200	25.508312	25.508300
205.312000	94.780200	25.272052	25.272100
210.938000	94.780200	25.394763	25.394700
216.562000	94.780200	24.655445	24.655400
222.188000	94.780200	24.855854	24.855900
227.812000	94.780200	25.174562	25.174600
233.438000	94.780200	24.714030	24.714100
239.062000	94.780200	24.937171	24.937200
244.687000	94.780200	24.977773	24.977800
250.312000	94.780200	24.561235	24.561300
255.937000	94.780200	24.991118	24.991100
261.562000	94.780200	24.834252	24.834300
267.188000	94.780200	25.556831	25.556800
272.812000	94.780200	24.972231	24.972300
278.438000	94.780200	25.833693	25.833700
284.062000	94.780200	25.406977	25.406900
289.688000	94.780200	25.546992	25.547000
295.312000	94.780200	25.541224	25.541200
300.938000	94.780200	26.091782	26.091800
306.562000	94.780200	25.670494	25.670500
312.187000	94.780200	25.982756	25.982800
317.812000	94.780200	25.617677	25.617700
323.438000	94.780200	25.727495	25.727500
329.062000	94.780200	25.217313	25.217400
334.688000	94.780200	25.360268	25.360300
340.312000	94.780200	24.855967	24.856000
345.938000	94.780200	24.732238	24.732200
351.562000	94.780200	24.833574	24.833600
357.187000	94.780200	25.050721	25.050700
0.000000	97.180800	23.307438	23.307400
5.625000	97.180800	22.925508	22.925500
11.250000	97.180800	22.683367	22.683400
16.875000	97.180800	23.375862	23.375900
22.500000	97.180800	23.207347	23.207300
28.125000	97.180800	23.311623	23.311600
33.750000	97.180800	23.926194	23.926200
39.375000	97.180800	24.014636	24.014700
45.000000	97.180800	24.125358	24.125300
50.625000	97.180800	23.741958	23.741900
56.250000	97.180800	23.816150	23.816100
61.875000	97.180800	23.798733	23.798700
67.500000	97.180800	23.857091	23.857100
73.125000	97.180800	24.070732	24.070700
78.750000	97.180800	23.780524	23.780600
84.375000	97.180800	24.618689	24.618700
90.000000	97.180800	23.568467	23.568400
95.625000	97.180800	23.737887	23.737900
101.250000	97.180800	23.882538	23.882500
106.875000	97.180800	22.930937	22.931000
112.500000	97.180800	23.749196	23.749200
118.125000	97.180800	23.132816	23.132800
123.750000	97.180800	23.625242	23.625200
129.375000	97.180800	23.156566	23.156600
135.000000	97.180800	22.768190	22.768100
140.625000	97.180800	23.260503	23.260500
146.250000	97.180800	23.231776	23.231800
151.875000	97.180800	23.732910	23.732900
157.500000	97.180800	23.645373	23.645400
163.125000	97.180800	24.054333	24.054400
168.750000	97.180800	23.570842	23.570900
174.375000	97.180800	23.745690	23.745700
180.000000	97.180800	23.728160	23.728100
185.625000	97.180800	24.276795	24.276800
191.250000	97.180800	23.844877	23.844900
196.875000	97.180800	23.425851	23.425900
202.500000	97.180800	23.535216	23.535200
208.125000	97.180800	23.067333	23.067300
213.750000	97.180800	23.684957	23.684900
219.375000	97.180800	23.084184	23.084200
225.000000	97.180800	23.197847	23.197900
230.625000	97.180800	23.285384	23.285400
236.250000	97.180800	23.237092	23.237100
241.875000	97.180800	23.703957	23.704000
247.500000	97.180800	23.404136	23.404100
253.125000	97.180800	23.305289	23.305300
258.750000	97.180800	23.553425	23.553400
264.375000	97.180800	23.656457	23.656500
270.000000	97.180800	23.039624	23.039600
275.625000	97.180800	24.016219	24.016300
281.250000	97.180800	24.081024	24.081000
286.875000	97.180800	24.011356	24.011300
292.500000	97.180800	23.706898	23.706900
298.125000	97.180800	23.966683	23.966700
303.750000	97.180800	23.871342	23.871400
309.375000	97.180800	23.707463	23.707500
315.000000	97.180800	24.052637	24.052600
320.625000	97.180800	23.746821	23.746900
326.250000	97.180800	23.697737	23.697700
331.875000	97.180800	23.555234	23.555200
337.500000	97.180800	23.174323	23.174300
343.125000	97.180800	23.375975	23.376000
348.750000	97.180800	23.427321	23.427300
354.375000	97.180800	23.300426	23.300400
2.812500	99.594100	21.504780	21.504800
8.437500	99.594100	22.013944	22.013900
14.062500	99.594100	21.882638	21.882600
19.687500	99.594100	21.582591	21.582600
25.312500	99.594100	21.475714	21.475700
30.937500	99.594100	21.569924	21.569900
36.562500	99.594100	21.599329	21.599400
42.187500	99.594100	22.139934	22.139900
47.812500	99.594100	21.892025	21.892100
53.437500	99.594100	21.786392	21.786300
59.062500	99.594100	21.576936	21.576900
64.687500	99.594100	21.808559	21.808500
70.312500	99.594100	21.813083	21.813100
75.937500	99.594100	21.617990	21.618000
81.562500	99.594100	21.779493	21.779500
87.187500	99.594100	21.932627	21.932600
92.812500	99.594100	21.582591	21.582600
98.437500	99.594100	21.502065	21.502100
104.062000	99.594100	21.331854	21.331900
109.688000	99.594100	21.446987	21.446900
115.312000	99.594100	21.611770	21.611800
120.938000	99.594100	21.526947	21.526900
126.562000	99.594100	20.889304	20.889400
132.188000	99.594100	20.447546	20.447500
137.812000	99.594100	21.195685	21.195700
143.437000	99.594100	21.671938	21.671900
149.062000	99.594100	21.694105	21.694100
154.688000	99.594100	21.242620	21.242600
160.312000	99.594100	22.092094	22.092100
165.938000	99.594100	21.925841	21.925800
171.562000	99.594100	22.279270	22.279300
177.188000	99.594100	22.268413	22.268400
182.812000	99.594100	22.409672	22.409700
188.438000	99.594100	22.134393	22.134400
194.062000	99.594100	21.573882	21.573800
199.687000	99.594100	21.820661	21.820700
205.312000	99.594100	21.876983	21.876900
210.938000	99.594100	21.903900	21.903900
216.562000	99.594100	21.244430	21.244400
222.188000	99.594100	21.634163	21.634200
227.812000	99.594100	21.407855	21.407800
233.438000	99.594100	21.261847	21.261800
239.062000	99.594100	21.212310	21.212300
244.687000	99.594100	21.404123	21.404100
250.312000	99.594100	21.415546	21.415600
255.937000	99.594100	21.491660	21.491600
261.562000	99.594100	21.602722	21.602700
267.188000	99.594100	21.160625	21.160600
272.812000	99.594100	21.718647	21.718700
278.438000	99.594100	21.614710	21.614700
284.062000	99.594100	22.006253	22.006200
289.688000	99.594100	22.394969	22.395000
295.312000	99.594100	22.098654	22.098700
300.938000	99.594100	22.310485	22.310500
306.562000	99.594100	21.948687	21.948600
312.187000	99.594100	21.875965	21.876000
317.812000	99.594100	21.743415	21.743400
323.438000	99.594100	21.406159	21.406100
329.062000	99.594100	21.155196	21.155200
334.688000	99.594100	21.394962	21.394900
340.312000	99.594100	21.536447	21.536400
345.938000	99.594100	21.469606	21.469700
351.562000	99.594100	21.421427	21.421500
357.187000	99.594100	21.401974	21.402000
0.000000	102.025000	19.440980	19.440900
5.625000	102.025000	19.392122	19.392100
11.250000	102.025000	19.051359	19.051400
16.875000	102.025000	19.034734	19.034800
22.500000	102.025000	18.967667	18.967600
28.125000	102.025000	19.749735	19.749700
33.750000	102.025000	19.411574	19.411600
39.375000	102.025000	19.970954	19.970900
45.000000	102.025000	19.944263	19.944300
50.625000	102.025000	20.247364	20.247400
56.250000	102.025000	19.667174	19.667200
61.875000	102.025000	20.337955	20.338000
67.500000	102.025000	19.977513	19.977500
73.125000	102.025000	19.802665	19.802600
78.750000	102.025000	20.181202	20.181200
84.375000	102.025000	20.225083	20.225100
90.000000	102.025000	20.061658	20.061600
95.625000	102.025000	19.531005	19.531000
101.250000	102.025000	19.439849	19.439900
106.875000	102.025000	19.512457	19.512500
112.500000	102.025000	19.615263	19.615200
118.125000	102.025000	19.573417	19.573400
123.750000	102.025000	19.461563	19.461500
129.375000	102.025000	19.221910	19.221900
135.000000	102.025000	19.785022	19.785000
140.625000	102.025000	19.672603	19.672600
146.250000	102.025000	19.721122	19.721100
151.875000	102.025000	19.760819	19.760800
157.500000	102.025000	19.702913	19.702900
163.125000	102.025000	19.619560	19.619600
168.750000	102.025000	19.683913	19.683900
174.375000	102.025000	19.987918	19.987900
180.000000	102.025000	20.017776	20.017700
185.625000	102.025000	20.110855	20.110900
191.250000	102.025000	20.115718	20.115700
196.875000	102.025000	19.643763	19.643700
202.500000	102.025000	19.801195	19.801200
208.125000	102.025000	19.858874	19.858900
213.750000	102.025000	19.388050	19.388000
219.375000	102.025000	19.405919	19.405900
225.000000	102.025000	19.049437	19.049500
230.625000	102.025000	19.783438	19.783400
236.250000	102.025000	19.183344	19.183300
241.875000	102.025000	19.378211	19.378200
247.500000	102.025000	19.201892	19.201900
253.125000	102.025000	19.085288	19.085300
258.750000	102.025000	19.542541	19.542600
264.375000	102.025000	19.527273	19.527300
270.000000	102.025000	19.702687	19.702700
275.625000	102.025000	20.109837	20.109900
281.250000	102.025000	19.780950	19.780900
286.875000	102.025000	20.107915	20.107900
292.500000	102.025000	19.876178	19.876200
298.125000	102.025000	19.819743	19.819800
303.750000	102.025000	20.066747	20.066700
309.375000	102.025000	20.123522	20.123600
315.000000	102.025000	20.028973	20.029000
320.625000	102.025000	20.160279	20.160300
326.250000	102.025000	19.993121	19.993100
331.875000	102.025000	19.686401	19.686400
337.500000	102.025000	19.582917	19.582900
343.125000	102.025000	19.589929	19.590000
348.750000	102.025000	19.409312	19.409300
354.375000	102.025000	19.119896	19.119900
2.812500	104.478000	17.208099	17.208100
8.437500	104.478000	17.086519	17.086500
14.062500	104.478000	17.188081	17.188100
19.687500	104.478000	17.263969	17.264000
25.312500	104.478000	17.257975	17.258000
30.937500	104.478000	17.881594	17.881600
36.562500	104.478000	17.596701	17.596700
42.187500	104.478000	18.031787	18.031800
47.812500	104.478000	18.176212	18.176200
53.437500	104.478000	18.289875	18.289900
59.062500	104.478000	17.721674	17.721600
64.687500	104.478000	17.787497	17.787500
70.312500	104.478000	17.998084	17.998000
75.937500	104.478000	18.325274	18.325300
81.562500	104.478000	17.596136	17.596100
87.187500	104.478000	18.093538	18.093500
92.812500	104.478000	17.318143	17.318200
98.437500	104.478000	17.410996	17.411000
104.062000	104.478000	17.852075	17.852100
109.688000	104.478000	17.701090	17.701100
115.312000	104.478000	17.568427	17.568500
120.938000	104.478000	17.345851	17.345900
126.562000	104.478000	17.308869	17.308800
132.188000	104.478000	17.644655	17.644600
137.812000	104.478000	17.606767	17.606800
143.437000	104.478000	17.364060	17.364100
149.062000	104.478000	17.745085	17.745100
154.688000	104.478000	17.504979	17.504900
160.312000	104.478000	17.972071	17.972100
165.938000	104.478000	17.875826	17.875800
171.562000	104.478000	17.530313	17.530300
177.188000	104.478000	18.232987	18.233000
182.812000	104.478000	17.921064	17.921000
188.438000	104.478000	18.023191	18.023200
194.062000	104.478000	17.533819	17.533800
199.687000	104.478000	17.727781	17.727800
205.312000	104.478000	17.542075	17.542100
210.938000	104.478000	17.605297	17.605300
216.562000	104.478000	17.534385	17.534400
222.188000	104.478000	17.119091	17.119100
227.812000	104.478000	17.298577	17.298600
233.438000	104.478000	17.327530	17.327500
239.062000	104.478000	17.425811	17.425800
244.687000	104.478000	17.597832	17.597800
250.312000	104.478000	17.661393	17.661400
255.937000	104.478000	17.357161	17.357100
261.562000	104.478000	17.684126	17.684200
267.188000	104.478000	17.767026	17.767000
272.812000	104.478000	17.628142	17.628200
278.438000	104.478000	17.883516	17.883500
284.062000	104.478000	17.928190	17.928100
289.688000	104.478000	17.661959	17.662000
295.312000	104.478000	17.836581	17.836600
300.938000	104.478000	17.943797	17.943800
306.562000	104.478000	17.979988	17.979900
312.187000	104.478000	18.386234	18.386300
317.812000	104.478000	17.529635	17.529600
323.438000	104.478000	18.036537	18.036500
329.062000	104.478000	17.531897	17.531900
334.688000	104.478000	17.485527	17.485500
340.312000	104.478000	17.173604	17.173600
345.938000	104.478000	17.540831	17.540900
351.562000	104.478000	17.439722	17.439700
357.187000	104.478000	17.320744	17.320700
0.000000	106.958000	15.149840	15.149800
5.625000	106.958000	15.722452	15.722400
11.250000	106.958000	15.123263	15.123300
16.875000	106.958000	15.296075	15.296000
22.500000	106.958000	15.489811	15.489800
28.125000	106.958000	15.644981	15.644900
33.750000	106.958000	15.332266	15.332200
39.375000	106.958000	15.994904	15.994900
45.000000	106.958000	16.240325	16.240400
50.625000	106.958000	16.131865	16.131800
56.250000	106.958000	16.049530	16.049600
61.875000	106.958000	15.968213	15.968300
67.500000	106.958000	15.937563	15.937500
73.125000	106.958000	16.004065	16.004000
78.750000	106.958000	15.788388	15.788400
84.375000	106.958000	16.033696	16.033700
90.000000	106.958000	15.621456	15.621500
95.625000	106.958000	15.476126	15.476200
101.250000	106.958000	15.931343	15.931300
106.875000	106.958000	15.523288	15.523300
112.500000	106.958000	15.516728	15.516800
118.125000	106.958000	15.565134	15.565200
123.750000	106.958000	14.821180	14.821200
129.375000	106.958000	15.342332	15.342300
135.000000	106.958000	15.545455	15.545500
140.625000	106.958000	15.345273	15.345200
146.250000	106.958000	15.500895	15.500900
151.875000	106.958000	15.669862	15.669900
157.500000	106.958000	16.073167	16.073200
163.125000	106.958000	15.810329	15.810300
168.750000	106.958000	15.869479	15.869400
174.375000	106.958000	15.470698	15.470800
180.000000	106.958000	15.678344	15.678400
185.625000	106.958000	16.240890	16.240900
191.250000	106.958000	15.561515	15.561600
196.875000	106.958000	15.505419	15.505400
202.500000	106.958000	15.410417	15.410400
208.125000	106.958000	15.489019	15.489000
213.750000	106.958000	14.856466	14.856500
219.375000	106.958000	15.757060	15.757100
225.000000	106.958000	15.100756	15.100800
230.625000	106.958000	15.176418	15.176400
236.250000	106.958000	15.602456	15.602400
241.875000	106.958000	15.276057	15.276000
247.500000	106.958000	15.688410	15.688400
253.125000	106.958000	15.360088	15.360100
258.750000	106.958000	15.807275	15.807200
264.375000	106.958000	15.360088	15.360100
270.000000	106.958000	15.907480	15.907500
275.625000	106.958000	15.616480	15.616500
281.250000	106.958000	15.473638	15.473700
286.875000	106.958000	16.247789	16.247700
292.500000	106.958000	15.745072	15.745100
298.125000	106.958000	16.079387	16.079400
303.750000	106.958000	15.906235	15.906200
309.375000	106.958000	15.522270	15.522300
315.000000	106.958000	15.798906	15.798900
320.625000	106.958000	15.373886	15.373800
326.250000	106.958000	15.245521	15.245500
331.875000	106.958000	15.912908	15.913000
337.500000	106.958000	15.540252	15.540300
343.125000	106.958000	15.623379	15.623400
348.750000	106.958000	15.342332	15.342400
354.375000	106.958000	14.959950	14.959900
2.812500	109.471000	13.288258	13.288300
8.437500	109.471000	13.365617	13.365700
14.062500	109.471000	13.690998	13.691000
19.687500	109.471000	13.838816	13.838800
25.312500	109.471000	13.514340	13.514300
30.937500	109.471000	13.825131	13.825100
36.562500	109.471000	13.858834	13.858800
42.187500	109.471000	13.903960	13.904000
47.812500	109.471000	14.188852	14.188900
53.437500	109.471000	14.024522	14.024500
59.062500	109.471000	13.834405	13.834400
64.687500	109.471000	14.024635	14.024700
70.312500	109.471000	14.130268	14.130300
75.937500	109.471000	13.828524	13.828500
81.562500	109.471000	13.846733	13.846700
87.187500	109.471000	13.914704	13.914700
92.812500	109.471000	13.333384	13.333300
98.437500	109.471000	13.672563	13.672600
104.062000	109.471000	13.719725	13.719700
109.688000	109.471000	13.736011	13.736100
115.312000	109.471000	13.421600	13.421600
120.938000	109.471000	13.302509	13.302500
126.562000	109.471000	12.939919	12.940000
132.188000	109.471000	13.558674	13.558600
137.812000	109.471000	13.714183	13.714200
143.437000	109.471000	13.237591	13.237600
149.062000	109.471000	13.488214	13.488200
154.688000	109.471000	13.638973	13.638900
160.312000	109.471000	13.833048	13.833000
165.938000	109.471000	13.738386	13.738400
171.562000	109.471000	13.878740	13.878800
177.188000	109.471000	13.707963	13.708000
182.812000	109.471000	13.752749	13.752800
188.438000	109.471000	13.821738	13.821700
194.062000	109.471000	13.893442	13.893400
199.687000	109.471000	13.421035	13.421100
205.312000	109.471000	13.856686	13.856600
210.938000	109.471000	13.936985	13.937000
216.562000	109.471000	14.058790	14.058800
222.188000	109.471000	13.625741	13.625700
227.812000	109.471000	13.501560	13.501500
233.438000	109.471000	13.018634	13.018700
239.062000	109.471000	13.872406	13.872400
244.687000	109.471000	13.432005	13.432100
250.312000	109.471000	13.527912	13.527900
255.937000	109.471000	13.332140	13.332100
261.562000	109.471000	14.039112	14.039100
267.188000	109.471000	13.541031	13.541100
272.812000	109.471000	13.447160	13.447100
278.438000	109.471000	13.750035	13.750000
284.062000	109.471000	13.775595	13.775600
289.688000	109.471000	14.081862	14.081800
295.312000	109.471000	14.088648	14.088700
300.938000	109.471000	13.743023	13.743000
306.562000	109.471000	14.075416	14.075400
312.187000	109.471000	14.053362	14.053300
317.812000	109.471000	13.891633	13.891600
323.438000	109.471000	13.910520	13.910500
329.062000	109.471000	13.544876	13.544800
334.688000	109.471000	13.221079	13.221000
340.312000	109.471000	13.943997	13.944000
345.938000	109.471000	13.820042	13.820000
351.562000	109.471000	13.539108	13.539100
357.187000	109.471000	13.197554	13.197500
0.000000	112.024000	11.656829	11.656800
5.625000	112.024000	11.926566	11.926600
11.250000	112.024000	11.728081	11.728100
16.875000	112.024000	11.929959	11.929900
22.500000	112.024000	11.561601	11.561600
28.125000	112.024000	11.695169	11.695100
33.750000	112.024000	12.056176	12.056200
39.375000	112.024000	12.025753	12.025800
45.000000	112.024000	12.076647	12.076700
50.625000	112.024000	11.962192	11.962200
56.250000	112.024000	12.143939	12.144000
61.875000	112.024000	12.096099	12.096100
67.500000	112.024000	11.908132	11.908200
73.125000	112.024000	12.011842	12.011800
78.750000	112.024000	11.909602	11.909500
84.375000	112.024000	11.906096	11.906100
90.000000	112.024000	11.984472	11.984500
95.625000	112.024000	11.881214	11.881200
101.250000	112.024000	11.927132	11.927100
106.875000	112.024000	11.878613	11.878600
112.500000	112.024000	11.813017	11.813000
118.125000	112.024000	11.646311	11.646300
123.750000	112.024000	11.509350	11.509400
129.375000	112.024000	11.548821	11.548800
135.000000	112.024000	11.471123	11.471100
140.625000	112.024000	11.930751	11.930700
146.250000	112.024000	11.956198	11.956200
151.875000	112.024000	11.940930	11.941000
157.500000	112.024000	12.007544	12.007600
163.125000	112.024000	11.682389	11.682400
168.750000	112.024000	11.992841	11.992900
174.375000	112.024000	12.287912	12.288000
180.000000	112.024000	12.163053	12.163100
185.625000	112.024000	12.023265	12.023200
191.250000	112.024000	11.618376	11.618400
196.875000	112.024000	12.155928	12.155900
202.500000	112.024000	11.880762	11.880800
208.125000	112.024000	11.813017	11.813000
213.750000	112.024000	11.411069	11.411100
219.375000	112.024000	11.530386	11.530400
225.000000	112.024000	11.770831	11.770800
230.625000	112.024000	11.801481	11.801500
236.250000	112.024000	11.696300	11.696400
241.875000	112.024000	11.662371	11.662300
247.500000	112.024000	11.761784	11.761700
253.125000	112.024000	12.091689	12.091700
258.750000	112.024000	11.908810	11.908800
264.375000	112.024000	11.750587	11.750500
270.000000	112.024000	11.577661	11.577700
275.625000	112.024000	11.657508	11.657500
281.250000	112.024000	11.860631	11.860600
286.875000	112.024000	11.807249	11.807300
292.500000	112.024000	12.144505	12.144500
298.125000	112.024000	12.024169	12.024100
303.750000	112.024000	12.147898	12.147900
309.375000	112.024000	11.996234	11.996300
315.000000	112.024000	11.807927	11.807900
320.625000	112.024000	11.797862	11.797800
326.250000	112.024000	11.942626	11.942600
331.875000	112.024000	11.721973	11.722000
337.500000	112.024000	11.831678	11.831700
343.125000	112.024000	11.351353	11.351300
348.750000	112.024000	11.797975	11.798000
354.375000	112.024000	11.167819	11.167800
2.812500	114.624000	10.135919	10.135900
8.437500	114.624000	10.094729	10.094700
14.062500	114.624000	10.050010	10.050000
19.687500	114.624000	10.287865	10.287900
25.312500	114.624000	10.267485	10.267500
30.937500	114.624000	10.413652	10.413700
36.562500	114.624000	10.262509	10.262500
42.187500	114.624000	10.480775	10.480800
47.812500	114.624000	10.172404	10.172400
53.437500	114.624000	10.504492	10.504500
59.062500	114.624000	10.568403	10.568400
64.687500	114.624000	10.527598	10.527600
70.312500	114.624000	10.422214	10.422200
75.937500	114.624000	10.408698	10.408700
81.562500	114.624000	10.442356	10.442400
87.187500	114.624000	10.278342	10.278300
92.812500	114.624000	10.267089	10.267100
98.437500	114.624000	10.179982	10.180000
104.062000	114.624000	10.063344	10.063300
109.688000	114.624000	9.928464	9.928460
115.312000	114.624000	10.043417	10.043400
120.938000	114.624000	9.961885	9.961890
126.562000	114.624000	10.231633	10.231600
132.188000	114.624000	10.027990	10.028000
137.812000	114.624000	10.208878	10.208900
143.437000	114.624000	10.140726	10.140700
149.062000	114.624000	10.224893	10.224900
154.688000	114.624000	10.069078	10.069100
160.312000	114.624000	10.362091	10.362100
165.938000	114.624000	10.165471	10.165500
171.562000	114.624000	10.160597	10.160600
177.188000	114.624000	10.313504	10.313500
182.812000	114.624000	10.359026	10.359000
188.438000	114.624000	10.299469	10.299500
194.062000	114.624000	10.378886	10.378900
199.687000	114.624000	10.247806	10.247800
205.312000	114.624000	10.385593	10.385600
210.938000	114.624000	10.227471	10.227500
216.562000	114.624000	10.408235	10.408200
222.188000	114.624000	10.256458	10.256500
227.812000	114.624000	10.303846	10.303800
233.438000	114.624000	10.212859	10.212900
239.062000	114.624000	9.980093	9.980090
244.687000	114.624000	10.042421	10.042400
250.312000	114.624000	9.938259	9.938260
255.937000	114.624000	9.990103	9.990110
261.562000	114.624000	10.287356	10.287400
267.188000	114.624000	10.183216	10.183200
272.812000	114.624000	10.650093	10.650100
278.438000	114.624000	10.232221	10.232200
284.062000	114.624000	10.397570	10.397600
289.688000	114.624000	10.016918	10.016900
295.312000	114.624000	10.518980	10.519000
300.938000	114.624000	10.372971	10.373000
306.562000	114.624000	10.695626	10.695600
312.187000	114.624000	10.369589	10.369600
317.812000	114.624000	10.627655	10.627700
323.438000	114.624000	10.266230	10.266200
329.062000	114.624000	10.157554	10.157600
334.688000	114.624000	10.252036	10.252000
340.312000	114.624000	10.053200	10.053200
345.938000	114.624000	9.828656	9.828660
351.562000	114.624000	9.961206	9.961200
357.187000	114.624000	9.952339	9.952340
0.000000	117.280000	8.647060	8.647060
5.625000	117.280000	8.559105	8.559110
11.250000	117.280000	8.745195	8.745200
16.875000	117.280000	8.680164	8.680160
22.500000	117.280000	8.610564	8.610560
28.125000	117.280000	8.471805	8.471800
33.750000	117.280000	8.902106	8.902100
39.375000	117.280000	8.655656	8.655650
45.000000	117.280000	9.171357	9.171350
50.625000	117.280000	9.227555	9.227550
56.250000	117.280000	8.898464	8.898460
61.875000	117.280000	8.859242	8.859240
67.500000	117.280000	8.487865	8.487860
73.125000	117.280000	8.749278	8.749280
78.750000	117.280000	8.770472	8.770480
84.375000	117.280000	8.590772	8.590770
90.000000	117.280000	8.700544	8.700540
95.625000	117.280000	8.676862	8.676860
101.250000	117.280000	8.576872	8.576870
106.875000	117.280000	8.583522	8.583520
112.500000	117.280000	8.414679	8.414680
118.125000	117.280000	8.762397	8.762400
123.750000	117.280000	8.473015	8.473010
129.375000	117.280000	8.416070	8.416070
135.000000	117.280000	8.696111	8.696110
140.625000	117.280000	8.441970	8.441960
146.250000	117.280000	8.598508	8.598510
151.875000	117.280000	8.719714	8.719710
157.500000	117.280000	8.703417	8.703420
163.125000	117.280000	8.902140	8.902140
168.750000	117.280000	8.949132	8.949130
174.375000	117.280000	8.844551	8.844550
180.000000	117.280000	8.892267	8.892270
185.625000	117.280000	8.997956	8.997950
191.250000	117.280000	8.855861	8.855860
196.875000	117.280000	8.883411	8.883410
202.500000	117.280000	8.800884	8.800880
208.125000	117.280000	8.643034	8.643040
213.750000	117.280000	8.707884	8.707880
219.375000	117.280000	8.538498	8.538500
225.000000	117.280000	8.861074	8.861080
230.625000	117.280000	8.622756	8.622760
236.250000	117.280000	8.381485	8.381480
241.875000	117.280000	8.587537	8.587540
247.500000	117.280000	8.490477	8.490470
253.125000	117.280000	8.503087	8.503090
258.750000	117.280000	8.616818	8.616810
264.375000	117.280000	8.717113	8.717110
270.000000	117.280000	8.779124	8.779130
275.625000	117.280000	8.499785	8.499790
281.250000	117.280000	8.878028	8.878030
286.875000	117.280000	8.712973	8.712970
292.500000	117.280000	8.639958	8.639960
298.125000	117.280000	8.961075	8.961080
303.750000	117.280000	8.841271	8.841280
309.375000	117.280000	9.098206	9.098200
315.000000	117.280000	8.870812	8.870810
320.625000	117.280000	9.017194	9.017190
326.250000	117.280000	8.876184	8.876190
331.875000	117.280000	8.710169	8.710170
337.500000	117.280000	8.532979	8.532980
343.125000	117.280000	8.460642	8.460640
348.750000	117.280000	8.602466	8.602470
354.375000	117.280000	8.531565	8.531570
2.812500	120.000000	7.192504	7.192510
8.437500	120.000000	7.112658	7.112660
14.062500	120.000000	7.175755	7.175750
19.687500	120.000000	7.393263	7.393260
25.312500	120.000000	7.459810	7.459810
30.937500	120.000000	7.563362	7.563360
36.562500	120.000000	7.409572	7.409570
42.187500	120.000000	7.569695	7.569700
47.812500	120.000000	7.570453	7.570450
53.437500	120.000000	7.492789	7.492790
59.062500	120.000000	7.334091	7.334090
64.687500	120.000000	7.373369	7.373370
70.312500	120.000000	7.254979	7.254980
75.937500	120.000000	7.184881	7.184880
81.562500	120.000000	7.408237	7.408240
87.187500	120.000000	7.565330	7.565330
92.812500	120.000000	7.364141	7.364140
98.437500	120.000000	7.534680	7.534680
104.062000	120.000000	7.514979	7.514980
109.688000	120.000000	7.262545	7.262550
115.312000	120.000000	7.264197	7.264190
120.938000	120.000000	7.169851	7.169860
126.562000	120.000000	7.182925	7.182920
132.188000	120.000000	7.498794	7.498790
137.812000	120.000000	7.339576	7.339580
143.437000	120.000000	7.621765	7.621770
149.062000	120.000000	7.653738	7.653740
154.688000	120.000000	7.192844	7.192840
160.312000	120.000000	7.381320	7.381320
165.938000	120.000000	7.412648	7.412650
171.562000	120.000000	7.515239	7.515240
177.188000	120.000000	7.257739	7.257730
182.812000	120.000000	7.191498	7.191500
188.438000	120.000000	7.687667	7.687670
194.062000	120.000000	7.606260	7.606260
199.687000	120.000000	7.117181	7.117190
205.312000	120.000000	7.701227	7.701220
210.938000	120.000000	7.331637	7.331630
216.562000	120.000000	7.396079	7.396080
222.188000	120.000000	7.090570	7.090570
227.812000	120.000000	7.244529	7.244530
233.438000	120.000000	6.923762	6.923760
239.062000	120.000000	7.352401	7.352400
244.687000	120.000000	6.772574	6.772570
250.312000	120.000000	7.217318	7.217320
255.937000	120.000000	7.638685	7.638690
261.562000	120.000000	7.358305	7.358310
267.188000	120.000000	7.358904	7.358910
272.812000	120.000000	7.465159	7.465160
278.438000	120.000000	7.616042	7.616050
284.062000	120.000000	7.550627	7.550630
289.688000	120.000000	7.178638	7.178640
295.312000	120.000000	7.508193	7.508190
300.938000	120.000000	7.248318	7.248310
306.562000	120.000000	7.468202	7.468200
312.187000	120.000000	7.401655	7.401650
317.812000	120.000000	7.345106	7.345110
323.438000	120.000000	7.536671	7.536670
329.062000	120.000000	7.383413	7.383410
334.688000	120.000000	7.431162	7.431160
340.312000	120.000000	7.243941	7.243940
345.938000	120.000000	7.314785	7.314790
351.562000	120.000000	7.129532	7.129530
357.187000	120.000000	7.188693	7.188690
0.000000	122.797000	5.838910	5.838910
5.625000	122.797000	5.654188	5.654180
11.250000	122.797000	5.872376	5.872370
16.875000	122.797000	5.884477	5.884480
22.500000	122.797000	5.749654	5.749660
28.125000	122.797000	5.862875	5.862870
33.750000	122.797000	5.968180	5.968180
39.375000	122.797000	6.011203	6.011210
45.000000	122.797000	6.174006	6.174000
50.625000	122.797000	6.199894	6.199890
56.250000	122.797000	5.866008	5.866010
61.875000	122.797000	5.884149	5.884150
67.500000	122.797000	6.175884	6.175880
73.125000	122.797000	6.013555	6.013560
78.750000	122.797000	6.114325	6.114330
84.375000	122.797000	5.997880	5.997880
90.000000	122.797000	5.922828	5.922830
95.625000	122.797000	6.181471	6.181470
101.250000	122.797000	5.919107	5.919100
106.875000	122.797000	5.756292	5.756300
112.500000	122.797000	5.623290	5.623290
118.125000	122.797000	5.885122	5.885120
123.750000	122.797000	5.810263	5.810270
129.375000	122.797000	5.929207	5.929200
135.000000	122.797000	6.079773	6.079770
140.625000	122.797000	5.956859	5.956860
146.250000	122.797000	6.030124	6.030120
151.875000	122.797000	6.006396	6.006390
157.500000	122.797000	6.016846	6.016840
163.125000	122.797000	6.034365	6.034370
168.750000	122.797000	6.127591	6.127590
174.375000	122.797000	5.963781	5.963790
180.000000	122.797000	5.903477	5.903480
185.625000	122.797000	6.040653	6.040660
191.250000	122.797000	6.021347	6.021350
196.875000	122.797000	6.164099	6.164100
202.500000	122.797000	5.745401	5.745400
208.125000	122.797000	6.177229	6.177230
213.750000	122.797000	5.956271	5.956280
219.375000	122.797000	5.788627	5.788630
225.000000	122.797000	5.862921	5.862930
230.625000	122.797000	5.658203	5.658210
236.250000	122.797000	5.714051	5.714050
241.875000	122.797000	5.857198	5.857190
247.500000	122.797000	5.682248	5.682240
253.125000	122.797000	5.670927	5.670920
258.750000	122.797000	5.879048	5.879050
264.375000	122.797000	6.183269	6.183270
270.000000	122.797000	6.182409	6.182410
275.625000	122.797000	6.009088	6.009090
281.250000	122.797000	5.880462	5.880460
286.875000	122.797000	6.035993	6.036000
292.500000	122.797000	5.938673	5.938670
298.125000	122.797000	6.164325	6.164330
303.750000	122.797000	6.178247	6.178250
309.375000	122.797000	5.916303	5.916310
315.000000	122.797000	5.937339	5.937340
320.625000	122.797000	6.192362	6.192360
326.250000	122.797000	6.173588	6.173590
331.875000	122.797000	6.025837	6.025840
337.500000	122.797000	6.039647	6.039650
343.125000	122.797000	5.565746	5.565740
348.750000	122.797000	5.644971	5.644970
354.375000	122.797000	5.946692	5.946690
2.812500	125.685000	4.591582	4.591580
8.437500	125.685000	4.555176	4.555180
14.062500	125.685000	4.651139	4.651140
19.687500	125.685000	4.449713	4.449720
25.312500	125.685000	4.788994	4.788990
30.937500	125.685000	4.844841	4.844850
36.562500	125.685000	4.813015	4.813010
42.187500	125.685000	5.048314	5.048320
47.812500	125.685000	4.746175	4.746180
53.437500	125.685000	4.686403	4.686400
59.062500	125.685000	4.460118	4.460110
64.687500	125.685000	4.722142	4.722140
70.312500	125.685000	4.740169	4.740170
75.937500	125.685000	4.752011	4.752010
81.562500	125.685000	4.649115	4.649110
87.187500	125.685000	4.734051	4.734050
92.812500	125.685000	4.754160	4.754160
98.437500	125.685000	4.856445	4.856440
104.062000	125.685000	4.590677	4.590680
109.688000	125.685000	4.439681	4.439690
115.312000	125.685000	4.485565	4.485560
120.938000	125.685000	4.522129	4.522130
126.562000	125.685000	4.414517	4.414520
132.188000	125.685000	4.742906	4.742910
137.812000	125.685000	4.789186	4.789190
143.437000	125.685000	4.626563	4.626570
149.062000	125.685000	4.657371	4.657370
154.688000	125.685000	4.783882	4.783880
160.312000	125.685000	4.697645	4.697640
165.938000	125.685000	4.590553	4.590550
171.562000	125.685000	4.610096	4.610090
177.188000	125.685000	4.752180	4.752190
182.812000	125.685000	4.809555	4.809550
188.438000	125.685000	4.982164	4.982160
194.062000	125.685000	4.743381	4.743390
199.687000	125.685000	4.588415	4.588420
205.312000	125.685000	4.924462	4.924470
210.938000	125.685000	4.567515	4.567510
216.562000	125.685000	4.514077	4.514080
222.188000	125.685000	4.547429	4.547430
227.812000	125.685000	4.664564	4.664570
233.438000	125.685000	4.597622	4.597620
239.062000	125.685000	4.796548	4.796550
244.687000	125.685000	4.666023	4.666020
250.312000	125.685000	4.721644	4.721640
255.937000	125.685000	4.659452	4.659450
261.562000	125.685000	4.702621	4.702620
267.188000	125.685000	4.677547	4.677550
272.812000	125.685000	4.660967	4.660970
278.438000	125.685000	4.792862	4.792870
284.062000	125.685000	5.013119	5.013120
289.688000	125.685000	4.772628	4.772620
295.312000	125.685000	4.793642	4.793640
300.938000	125.685000	4.828476	4.828470
306.562000	125.685000	4.698120	4.698120
312.187000	125.685000	4.869609	4.869610
317.812000	125.685000	4.928737	4.928730
323.438000	125.685000	4.737806	4.737800
329.062000	125.685000	4.789118	4.789110
334.688000	125.685000	4.921566	4.921560
340.312000	125.685000	4.509349	4.509340
345.938000	125.685000	4.473610	4.473610
351.562000	125.685000	4.765843	4.765840
357.187000	125.685000	4.441242	4.441240
0.000000	128.682000	3.400011	3.400010
5.625000	128.682000	3.282842	3.282840
11.250000	128.682000	3.304512	3.304520
16.875000	128.682000	3.282141	3.282140
22.500000	128.682000	3.173647	3.173650
28.125000	128.682000	3.463086	3.463090
33.750000	128.682000	3.505769	3.505770
39.375000	128.682000	3.502613	3.502620
45.000000	128.682000	3.665258	3.665250
50.625000	128.682000	3.456402	3.456400
56.250000	128.682000	3.450701	3.450710
61.875000	128.682000	3.495149	3.495140
67.500000	128.682000	3.345329	3.345330
73.125000	128.682000	3.473061	3.473060
78.750000	128.682000	3.503970	3.503980
84.375000	128.682000	3.487006	3.487000
90.000000	128.682000	3.449989	3.449990
95.625000	128.682000	3.349547	3.349550
101.250000	128.682000	3.549888	3.549880
106.875000	128.682000	3.408019	3.408020
112.500000	128.682000	3.078656	3.078650
118.125000	128.682000	3.231666	3.231660
123.750000	128.682000	3.105608	3.105600
129.375000	128.682000	3.178080	3.178080
135.000000	128.682000	3.172584	3.172580
140.625000	128.682000	3.353212	3.353210
146.250000	128.682000	3.511390	3.511390
151.875000	128.682000	3.400192	3.400190
157.500000	128.682000	3.567610	3.567610
163.125000	128.682000	3.229890	3.229890
168.750000	128.682000	3.524215	3.524220
174.375000	128.682000	3.501245	3.501240
180.000000	128.682000	3.392683	3.392690
185.625000	128.682000	3.486067	3.486070
191.250000	128.682000	3.449254	3.449250
196.875000	128.682000	3.352646	3.352650
202.500000	128.682000	3.599639	3.599640
208.125000	128.682000	3.455305	3.455300
213.750000	128.682000	3.370742	3.370740
219.375000	128.682000	3.296686	3.296680
225.000000	128.682000	3.354840	3.354840
230.625000	128.682000	3.382131	3.382130
236.250000	128.682000	3.217913	3.217920
241.875000	128.682000	3.219644	3.219640
247.500000	128.682000	3.189639	3.189640
253.125000	128.682000	3.351968	3.351960
258.750000	128.682000	3.337706	3.337700
264.375000	128.682000	3.238158	3.238160
270.000000	128.682000	3.403393	3.403400
275.625000	128.682000	3.645376	3.645370
281.250000	128.682000	3.381101	3.381100
286.875000	128.682000	3.463866	3.463860
292.500000	128.682000	3.472767	3.472770
298.125000	128.682000	3.379009	3.379010
303.750000	128.682000	3.374361	3.374360
309.375000	128.682000	3.389233	3.389240
315.000000	128.682000	3.391812	3.391810
320.625000	128.682000	3.525855	3.525860
326.250000	128.682000	3.535920	3.535930
331.875000	128.682000	3.548304	3.548300
337.500000	128.682000	3.280219	3.280220
343.125000	128.682000	3.222188	3.222190
348.750000	128.682000	3.176712	3.176710
354.375000	128.682000	3.359375	3.359370
2.812500	131.810000	1.960282	1.960280
8.437500	131.810000	1.901800	1.901800
14.062500	131.810000	1.998973	1.998970
19.687500	131.810000	1.977552	1.977550
25.312500	131.810000	2.062658	2.062660
30.937500	131.810000	2.013110	2.013110
36.562500	131.810000	2.068743	2.068740
42.187500	131.810000	2.267285	2.267280
47.812500	131.810000	2.158711	2.158710
53.437500	131.810000	2.017114	2.017110
59.062500	131.810000	2.131715	2.131720
64.687500	131.810000	2.270214	2.270220
70.312500	131.810000	2.184068	2.184070
75.937500	131.810000	2.016706	2.016700
81.562500	131.810000	2.145400	2.145400
87.187500	131.810000	2.082823	2.082820
92.812500	131.810000	2.075551	2.075550
98.437500	131.810000	2.012929	2.012930
104.062000	131.810000	2.027485	2.027490
109.688000	131.810000	1.964908	1.964910
115.312000	131.810000	2.084407	2.084410
120.938000	131.810000	1.879214	1.879210
126.562000	131.810000	2.020982	2.020990
132.188000	131.810000	1.965326	1.965330
137.812000	131.810000	2.118969	2.118970
143.437000	131.810000	2.102717	2.102710
149.062000	131.810000	2.005148	2.005140
154.688000	131.810000	2.033490	2.033490
160.312000	131.810000	2.139677	2.139670
165.938000	131.810000	2.131229	2.131220
171.562000	131.810000	2.140639	2.140640
177.188000	131.810000	2.034712	2.034720
182.812000	131.810000	2.192629	2.192630
188.438000	131.810000	2.158203	2.158200
194.062000	131.810000	2.110543	2.110540
199.687000	131.810000	2.008224	2.008220
205.312000	131.810000	2.063597	2.063600
210.938000	131.810000	2.133400	2.133410
216.562000	131.810000	2.037143	2.037140
222.188000	131.810000	1.992085	1.992090
227.812000	131.810000	1.951890	1.951890
233.438000	131.810000	1.901562	1.901570
239.062000	131.810000	1.949730	1.949720
244.687000	131.810000	1.929859	1.929860
250.312000	131.810000	2.016797	2.016800
255.937000	131.810000	2.070416	2.070410
261.562000	131.810000	2.060939	2.060940
267.188000	131.810000	2.079170	2.079170
272.812000	131.810000	2.150614	2.150620
278.438000	131.810000	2.092312	2.092320
284.062000	131.810000	2.043511	2.043510
289.688000	131.810000	2.061606	2.061610
295.312000	131.810000	2.053836	2.053830
300.938000	131.810000	2.189225	2.189230
306.562000	131.810000	2.031217	2.031220
312.187000	131.810000	1.983942	1.983940
317.812000	131.810000	2.061934	2.061940
323.438000	131.810000	2.100840	2.100840
329.062000	131.810000	1.974917	1.974910
334.688000	131.810000	2.009898	2.009890
340.312000	131.810000	2.173256	2.173260
345.938000	131.810000	2.017894	2.017900
351.562000	131.810000	1.989721	1.989730
357.187000	131.810000	1.958823	1.958820
3.000000	134.994000	0.632471	0.632471
9.000000	134.994000	0.633700	0.633700
15.000000	134.994000	0.725370	0.725371
21.000000	134.994000	0.688273	0.688273
27.000000	134.994000	0.707718	0.707718
33.000000	134.994000	0.801787	0.801786
39.000000	134.994000	0.860891	0.860891
45.000000	134.994000	0.773662	0.773662
51.000000	134.994000	0.847956	0.847957
57.000000	134.994000	0.854579	0.854579
63.000000	134.994000	0.748990	0.748990
69.000000	134.994000	0.786418	0.786418
75.000000	134.994000	0.755488	0.755487
81.000000	134.994000	0.816883	0.816882
87.000000	134.994000	0.799753	0.799754
93.000000	134.994000	0.762425	0.762425
99.000000	134.994000	0.721509	0.721509
105.000000	134.994000	0.705716	0.705716
111.000000	134.994000	0.669515	0.669515
117.000000	134.994000	0.698523	0.698523
123.000000	134.994000	0.695290	0.695290
129.000000	134.994000	0.624072	0.624073
135.000000	134.994000	0.702045	0.702045
141.000000	134.994000	0.648846	0.648846
147.000000	134.994000	0.682239	0.682239
153.000000	134.994000	0.781417	0.781417
159.000000	134.994000	0.858266	0.858267
165.000000	134.994000	0.913720	0.913720
171.000000	134.994000	0.744605	0.744605
177.000000	134.994000	0.767214	0.767213
183.000000	134.994000	0.747093	0.747093
189.000000	134.994000	0.859023	0.859023
195.000000	134.994000	0.759146	0.759145
201.000000	134.994000	0.747458	0.747458
207.000000	134.994000	0.814242	0.814242
213.000000	134.994000	0.832574	0.832574
219.000000	134.994000	0.676017	0.676017
225.000000	134.994000	0.705146	0.705146
231.000000	134.994000	0.669536	0.669536
237.000000	134.994000	0.718693	0.718693
243.000000	134.994000	0.610995	0.610995
249.000000	134.994000	0.681665	0.681664
255.000000	134.994000	0.667538	0.667538
261.000000	134.994000	0.626019	0.626019
267.000000	134.994000	0.639452	0.639453
273.000000	134.994000	0.745918	0.745918
279.000000	134.994000	0.933046	0.933046
285.000000	134.994000	0.824615	0.824615
291.000000	134.994000	0.827707	0.827707
297.000000	134.994000	0.861106	0.861106
303.000000	134.994000	0.820448	0.820448
309.000000	134.994000	0.869483	0.869484
315.000000	134.994000	0.906765	0.906765
321.000000	134.994000	0.763667	0.763667
327.000000	134.994000	0.854112	0.854112
333.000000	134.994000	0.770156	0.770156
339.000000	134.994000	0.713170	0.713170
345.000000	134.994000	0.723324	0.723324
351.000000	134.994000	0.654179	0.654179
357.000000	134.994000	0.690137	0.690137
3.214290	138.141000	0.226283	0.226283
9.642860	138.141000	0.238970	0.238971
16.071400	138.141000	0.274553	0.274553
22.500000	138.141000	0.269597	0.269597
28.928600	138.141000	0.310061	0.310061
35.357100	138.141000	0.320443	0.320443
41.785700	138.141000	0.292956	0.292956
48.214300	138.141000	0.399638	0.399638
54.642900	138.141000	0.370967	0.370967
61.071400	138.141000	0.398736	0.398736
67.500000	138.141000	0.357195	0.357195
73.928600	138.141000	0.343270	0.343269
80.357100	138.141000	0.350448	0.350448
86.785700	138.141000	0.332254	0.332253
93.214300	138.141000	0.246473	0.246473
99.642900	138.141000	0.274924	0.274923
106.071000	138.141000	0.225315	0.225314
112.500000	138.141000	0.226464	0.226464
118.929000	138.141000	0.232905	0.232905
125.357000	138.141000	0.228903	0.228903
131.786000	138.141000	0.252823	0.252823
138.214000	138.141000	0.281382	0.281382
144.643000	138.141000	0.274858	0.274858
151.071000	138.141000	0.331832	0.331832
157.500000	138.141000	0.316394	0.316394
163.929000	138.141000	0.384058	0.384058
170.357000	138.141000	0.296063	0.296062
176.786000	138.141000	0.376440	0.376440
183.214000	138.141000	0.321056	0.321056
189.643000	138.141000	0.419541	0.419542
196.071000	138.141000	0.338094	0.338094
202.500000	138.141000	0.355871	0.355871
208.929000	138.141000	0.246959	0.246960
215.357000	138.141000	0.220476	0.220477
221.786000	138.141000	0.276134	0.276134
228.214000	138.141000	0.231225	0.231226
234.643000	138.141000	0.242510	0.242511
241.071000	138.141000	0.232434	0.232434
247.500000	138.141000	0.213312	0.213311
253.929000	138.141000	0.218196	0.218197
260.357000	138.141000	0.240918	0.240918
266.786000	138.141000	0.224498	0.224498
273.214000	138.141000	0.263885	0.263885
279.643000	138.141000	0.310942	0.310942
286.071000	138.141000	0.378169	0.378170
292.500000	138.141000	0.335580	0.335580
298.929000	138.141000	0.423270	0.423270
305.357000	138.141000	0.345206	0.345206
311.786000	138.141000	0.321747	0.321747
318.214000	138.141000	0.388126	0.388126
324.643000	138.141000	0.356167	0.356167
331.071000	138.141000	0.288871	0.288871
337.500000	138.141000	0.276040	0.276040
343.929000	138.141000	0.242543	0.242543
350.357000	138.141000	0.223369	0.223369
356.786000	138.141000	0.197815	0.197815
3.461540	141.256000	0.202347	0.202347
10.384600	141.256000	0.274119	0.274118
17.307700	141.256000	0.227409	0.227410
24.230800	141.256000	0.241845	0.241845
31.153800	141.256000	0.280503	0.280503
38.076900	141.256000	0.364758	0.364758
45.000000	141.256000	0.373131	0.373131
51.923100	141.256000	0.381808	0.381808
58.846200	141.256000	0.384604	0.384605
65.769200	141.256000	0.402365	0.402365
72.692300	141.256000	0.369140	0.369140
79.615400	141.256000	0.401117	0.401117
86.538500	141.256000	0.310167	0.310167
93.461500	141.256000	0.309346	0.309346
100.385000	141.256000	0.239035	0.239035
107.308000	141.256000	0.214213	0.214213
114.231000	141.256000	0.245859	0.245859
121.154000	141.256000	0.253733	0.253733
128.077000	141.256000	0.266809	0.266809
135.000000	141.256000	0.263035	0.263035
141.923000	141.256000	0.284337	0.284337
148.846000	141.256000	0.286171	0.286171
155.769000	141.256000	0.337754	0.337754
162.692000	141.256000	0.417542	0.417542
169.615000	141.256000	0.448843	0.448843
176.538000	141.256000	0.335406	0.335406
183.462000	141.256000	0.390082	0.390082
190.385000	141.256000	0.348748	0.348748
197.308000	141.256000	0.357807	0.357808
204.231000	141.256000	0.340171	0.340171
211.154000	141.256000	0.347786	0.347786
218.077000	141.256000	0.258098	0.258098
225.000000	141.256000	0.286762	0.286762
231.923000	141.256000	0.237352	0.237352
238.846000	141.256000	0.202657	0.202657
245.769000	141.256000	0.285089	0.285088
252.692000	141.256000	0.212124	0.212124
259.615000	141.256000	0.193187	0.193187
266.538000	141.256000	0.296070	0.296069
273.462000	141.256000	0.337510	0.337510
280.385000	141.256000	0.330493	0.330493
287.308000	141.256000	0.419315	0.419316
294.231000	141.256000	0.405402	0.405401
301.154000	141.256000	0.369706	0.369706
308.077000	141.256000	0.433368	0.433367
315.000000	141.256000	0.364788	0.364788
321.923000	141.256000	0.303065	0.303064
328.846000	141.256000	0.337386	0.337386
335.769000	141.256000	0.234364	0.234364
342.692000	141.256000	0.168042	0.168043
349.615000	141.256000	0.224552	0.224553
356.538000	141.256000	0.213995	0.213994
3.750000	144.341000	0.221983	0.221983
11.250000	144.341000	0.222740	0.222740
18.750000	144.341000	0.262407	0.262408
26.250000	144.341000	0.253893	0.253893
33.750000	144.341000	0.261862	0.261862
41.250000	144.341000	0.281992	0.281993
48.750000	144.341000	0.306832	0.306832
56.250000	144.341000	0.346556	0.346556
63.750000	144.341000	0.386188	0.386188
71.250000	144.341000	0.332422	0.332423
78.750000	144.341000	0.310162	0.310161
86.250000	144.341000	0.275442	0.275441
93.750000	144.341000	0.267649	0.267649
101.250000	144.341000	0.240332	0.240332
108.750000	144.341000	0.215046	0.215045
116.250000	144.341000	0.232707	0.232707
123.750000	144.341000	0.203231	0.203232
131.250000	144.341000	0.169740	0.169740
138.750000	144.341000	0.209822	0.209821
146.250000	144.341000	0.241571	0.241571
153.750000	144.341000	0.260591	0.260591
161.250000	144.341000	0.301874	0.301874
168.750000	144.341000	0.353652	0.353652
176.250000	144.341000	0.355460	0.355461
183.750000	144.341000	0.387078	0.387078
191.250000	144.341000	0.323504	0.323503
198.750000	144.341000	0.285372	0.285372
206.250000	144.341000	0.262099	0.262099
213.750000	144.341000	0.208566	0.208566
221.250000	144.341000	0.195723	0.195723
228.750000	144.341000	0.225187	0.225187
236.250000	144.341000	0.217330	0.217330
243.750000	144.341000	0.221765	0.221765
251.250000	144.341000	0.266397	0.266398
258.750000	144.341000	0.223511	0.223511
266.250000	144.341000	0.250788	0.250788
273.750000	144.341000	0.227473	0.227473
281.250000	144.341000	0.357996	0.357996
288.750000	144.341000	0.334662	0.334662
296.250000	144.341000	0.402252	0.402252
303.750000	144.341000	0.414213	0.414213
311.250000	144.341000	0.401680	0.401680
318.750000	144.341000	0.282325	0.282325
326.250000	144.341000	0.305497	0.305498
333.750000	144.341000	0.255291	0.255292
341.250000	144.341000	0.232153	0.232153
348.750000	144.341000	0.211271	0.211271
356.250000	144.341000	0.263421	0.263421
4.090910	147.400000	0.210922	0.210922
12.272700	147.400000	0.219840	0.219840
20.454500	147.400000	0.227404	0.227404
28.636400	147.400000	0.195907	0.195907
36.818200	147.400000	0.203905	0.203906
45.000000	147.400000	0.343885	0.343885
53.181800	147.400000	0.350205	0.350204
61.363600	147.400000	0.296554	0.296553
69.545500	147.400000	0.270705	0.270706
77.727300	147.400000	0.237619	0.237619
85.909100	147.400000	0.226212	0.226211
94.090900	147.400000	0.224713	0.224714
102.273000	147.400000	0.185785	0.185785
110.455000	147.400000	0.178946	0.178946
118.636000	147.400000	0.187573	0.187573
126.818000	147.400000	0.263896	0.263896
135.000000	147.400000	0.169338	0.169338
143.182000	147.400000	0.207873	0.207872
151.364000	147.400000	0.236323	0.236323
159.545000	147.400000	0.307254	0.307254
167.727000	147.400000	0.319964	0.319963
175.909000	147.400000	0.329562	0.329562
184.091000	147.400000	0.367929	0.367929
192.273000	147.400000	0.339578	0.339579
200.455000	147.400000	0.295860	0.295860
208.636000	147.400000	0.260486	0.260485
216.818000	147.400000	0.197612	0.197612
225.000000	147.400000	0.168211	0.168211
233.182000	147.400000	0.209309	0.209309
241.364000	147.400000	0.184817	0.184817
249.545000	147.400000	0.176551	0.176550
257.727000	147.400000	0.198839	0.198839
265.909000	147.400000	0.174490	0.174489
274.091000	147.400000	0.203924	0.203923
282.273000	147.400000	0.296981	0.296981
290.455000	147.400000	0.390626	0.390626
298.636000	147.400000	0.351691	0.351691
306.818000	147.400000	0.376429	0.376429
315.000000	147.400000	0.316982	0.316982
323.182000	147.400000	0.259471	0.259471
331.364000	147.400000	0.198808	0.198808
339.545000	147.400000	0.181690	0.181690
347.727000	147.400000	0.223174	0.223174
355.909000	147.400000	0.193321	0.193321
4.500000	150.434000	0.153599	0.153599
13.500000	150.434000	0.162531	0.162532
22.500000	150.434000	0.198781	0.198781
31.500000	150.434000	0.190043	0.190043
40.500000	150.434000	0.254528	0.254528
49.500000	150.434000	0.224842	0.224842
58.500000	150.434000	0.341877	0.341877
67.500000	150.434000	0.321929	0.321929
76.500000	150.434000	0.272504	0.272504
85.500000	150.434000	0.193985	0.193984
94.500000	150.434000	0.167727	0.167726
103.500000	150.434000	0.156497	0.156497
112.500000	150.434000	0.157810	0.157811
121.500000	150.434000	0.199085	0.199086
130.500000	150.434000	0.203041	0.203041
139.500000	150.434000	0.178887	0.178887
148.500000	150.434000	0.138302	0.138302
157.500000	150.434000	0.211688	0.211687
166.500000	150.434000	0.230938	0.230938
175.500000	150.434000	0.319602	0.319602
184.500000	150.434000	0.244829	0.244829
193.500000	150.434000	0.232978	0.232978
202.500000	150.434000	0.188392	0.188392
211.500000	150.434000	0.186180	0.186179
220.500000	150.434000	0.130411	0.130411
229.500000	150.434000	0.158674	0.158675
238.500000	150.434000	0.145453	0.145454
247.500000	150.434000	0.174145	0.174145
256.500000	150.434000	0.158541	0.158541
265.500000	150.434000	0.214930	0.214930
274.500000	150.434000	0.202264	0.202265
283.500000	150.434000	0.240794	0.240794
292.500000	150.434000	0.293797	0.293797
301.500000	150.434000	0.271458	0.271459
310.500000	150.434000	0.211010	0.211010
319.500000	150.434000	0.209964	0.209964
328.500000	150.434000	0.162529	0.162529
337.500000	150.434000	0.219984	0.219985
346.500000	150.434000	0.142849	0.142849
355.500000	150.434000	0.154834	0.154834
5.000000	153.448000	0.111555	0.111555
15.000000	153.448000	0.135399	0.135399
25.000000	153.448000	0.135019	0.135018
35.000000	153.448000	0.211354	0.211354
45.000000	153.448000	0.190208	0.190208
55.000000	153.448000	0.193495	0.193495
65.000000	153.448000	0.258582	0.258583
75.000000	153.448000	0.233855	0.233855
85.000000	153.448000	0.163900	0.163899
95.000000	153.448000	0.173602	0.173602
105.000000	153.448000	0.134036	0.134036
115.000000	153.448000	0.118774	0.118774
125.000000	153.448000	0.133476	0.133476
135.000000	153.448000	0.098681	0.098681
145.000000	153.448000	0.112995	0.112995
155.000000	153.448000	0.112700	0.112700
165.000000	153.448000	0.255298	0.255298
175.000000	153.448000	0.248511	0.248511
185.000000	153.448000	0.234491	0.234492
195.000000	153.448000	0.200764	0.200763
205.000000	153.448000	0.161311	0.161311
215.000000	153.448000	0.164094	0.164094
225.000000	153.448000	0.106616	0.106616
235.000000	153.448000	0.152280	0.152280
245.000000	153.448000	0.117211	0.117211
255.000000	153.448000	0.102014	0.102014
265.000000	153.448000	0.148257	0.148257
275.000000	153.448000	0.152098	0.152097
285.000000	153.448000	0.168426	0.168426
295.000000	153.448000	0.201265	0.201265
305.000000	153.448000	0.205441	0.205441
315.000000	153.448000	0.140029	0.140029
325.000000	153.448000	0.148276	0.148276
335.000000	153.448000	0.139473	0.139473
345.000000	153.448000	0.128842	0.128841
355.000000	153.448000	0.116585	0.116585
5.625000	156.444000	0.051297	0.051297
16.875000	156.444000	0.075461	0.075461
28.125000	156.444000	0.131003	0.131003
39.375000	156.444000	0.139553	0.139553
50.625000	156.444000	0.144484	0.144484
61.875000	156.444000	0.108371	0.108371
73.125000	156.444000	0.149106	0.149106
84.375000	156.444000	0.135123	0.135123
95.625000	156.444000	0.120435	0.120435
106.875000	156.444000	0.083761	0.083761
118.125000	156.444000	0.062323	0.062323
129.375000	156.444000	0.043559	0.043559
140.625000	156.444000	0.104466	0.104466
151.875000	156.444000	0.115537	0.115537
163.125000	156.444000	0.140422	0.140421
174.375000	156.444000	0.133464	0.133464
185.625000	156.444000	0.114597	0.114597
196.875000	156.444000	0.148565	0.148565
208.125000	156.444000	0.145236	0.145236
219.375000	156.444000	0.086958	0.086958
230.625000	156.444000	0.092779	0.092779
241.875000	156.444000	0.064853	0.064853
253.125000	156.444000	0.098635	0.098635
264.375000	156.444000	0.135372	0.135372
275.625000	156.444000	0.139111	0.139111
286.875000	156.444000	0.198983	0.198983
298.125000	156.444000	0.105252	0.105252
309.375000	156.444000	0.137296	0.137296
320.625000	156.444000	0.110564	0.110564
331.875000	156.444000	0.100513	0.100513
343.125000	156.444000	0.099851	0.099851
354.375000	156.444000	0.088088	0.088088
6.428570	159.423000	0.100117	0.100117
19.285700	159.423000	0.078487	0.078487
32.142900	159.423000	0.094311	0.094311
45.000000	159.423000	0.082487	0.082487
57.857100	159.423000	0.057469	0.057469
70.714300	159.423000	0.059266	0.059266
83.571400	159.423000	0.087350	0.087350
96.428600	159.423000	0.099429	0.099429
109.286000	159.423000	0.060496	0.060496
122.143000	159.423000	0.044771	0.044771
135.000000	159.423000	0.054626	0.054626
147.857000	159.423000	0.077459	0.077458
160.714000	159.423000	0.089034	0.089034
173.571000	159.423000	0.101969	0.101969
186.429000	159.423000	0.054062	0.054062
199.286000	159.423000	0.139537	0.139537
212.143000	159.423000	0.128180	0.128180
225.000000	159.423000	0.077404	0.077404
237.857000	159.423000	0.073502	0.073502
250.714000	159.423000	0.075074	0.075074
263.571000	159.423000	0.052017	0.052017
276.429000	159.423000	0.081311	0.081311
289.286000	159.423000	0.042240	0.042240
302.143000	159.423000	0.053643	0.053643
315.000000	159.423000	0.042163	0.042163
327.857000	159.423000	0.097020	0.097020
340.714000	159.423000	0.084228	0.084228
353.571000	159.423000	0.046758	0.046758
7.500000	162.388000	0.022726	0.022726
22.500000	162.388000	0.026229	0.026229
37.500000	162.388000	0.060896	0.060896
52.500000	162.388000	0.030906	0.030906
67.500000	162.388000	0.029397	0.029397
82.500000	162.388000	0.030473	0.030473
97.500000	162.388000	0.029648	0.029649
112.500000	162.388000	0.057868	0.057868
127.500000	162.388000	0.032442	0.032442
142.500000	162.388000	0.057160	0.057160
157.500000	162.388000	0.038934	0.038934
172.500000	162.388000	0.037670	0.037670
187.500000	162.388000	0.016426	0.016426
202.500000	162.388000	0.052979	0.052978
217.500000	162.388000	0.043542	0.043542
232.500000	162.388000	0.028454	0.028454
247.500000	162.388000	0.020263	0.020263
262.500000	162.388000	0.024719	0.024719
277.500000	162.388000	0.021300	0.021300
292.500000	162.388000	0.008158	0.008158
307.500000	162.388000	0.039408	0.039408
322.500000	162.388000	0.052776	0.052776
337.500000	162.388000	0.054939	0.054939
352.500000	162.388000	0.044028	0.044028
9.000000	165.341000	0.056124	0.056124
27.000000	165.341000	0.032595	0.032595
45.000000	165.341000	0.049404	0.049404
63.000000	165.341000	0.022462	0.022462
81.000000	165.341000	0.020564	0.020564
99.000000	165.341000	0.029391	0.029391
117.000000	165.341000	0.031853	0.031853
135.000000	165.341000	0.013045	0.013045
153.000000	165.341000	0.020791	0.020791
171.000000	165.341000	0.068551	0.068551
189.000000	165.341000	0.031025	0.031025
207.000000	165.341000	0.065364	0.065364
225.000000	165.341000	0.020847	0.020847
243.000000	165.341000	0.043636	0.043636
261.000000	165.341000	0.034812	0.034812
279.000000	165.341000	0.043191	0.043191
297.000000	165.341000	0.029670	0.029670
315.000000	165.341000	0.033674	0.033674
333.000000	165.341000	0.035498	0.035498
351.000000	165.341000	0.033358	0.033358
11.250000	168.284000	0.023827	0.023828
33.750000	168.284000	0.046721	0.046721
56.250000	168.284000	0.033170	0.033170
78.750000	168.284000	0.026539	0.026539
101.250000	168.284000	0.029545	0.029545
123.750000	168.284000	0.033545	0.033545
146.250000	168.284000	0.063981	0.063981
168.750000	168.284000	0.042749	0.042749
191.250000	168.284000	0.055115	0.055115
213.750000	168.284000	0.052707	0.052707
236.250000	168.284000	0.041566	0.041566
258.750000	168.284000	0.021479	0.021479
281.250000	168.284000	0.062234	0.062234
303.750000	168.284000	0.039538	0.039538
326.250000	168.284000	0.059347	0.059347
348.750000	168.284000	0.067167	0.067167
15.000000	171.220000	0.036683	0.036683
45.000000	171.220000	0.028844	0.028844
75.000000	171.220000	0.028500	0.028500
105.000000	171.220000	0.046146	0.046146
135.000000	171.220000	0.033083	0.033083
165.000000	171.220000	0.035713	0.035713
195.000000	171.220000	0.036468	0.036468
225.000000	171.220000	0.037570	0.037570
255.000000	171.220000	0.021962	0.021962
285.000000	171.220000	0.028646	0.028646
315.000000	171.220000	0.031347	0.031347
345.000000	171.220000	0.051077	0.051077
22.500000	174.150000	0.056746	0.056746
67.500000	174.150000	0.025371	0.025371
112.500000	174.150000	0.064564	0.064564
157.500000	174.150000	0.053985	0.053985
202.500000	174.150000	0.047677	0.047677
247.500000	174.150000	0.058590	0.058590
292.500000	174.150000	0.051779	0.051779
337.500000	174.150000	0.036779	0.036779
45.000000	177.076000	0.046125	0.046125
135.000000	177.076000	0.043518	0.043518
225.000000	177.076000	0.035523	0.035523
315.000000	177.076000	0.065987	0.065987
