# phi	theta	PMT0 	total
45.000000	2.924180	0.123232	0.123232
135.000000	2.924180	0.123145	0.123145
225.000000	2.924180	0.124563	0.124563
315.000000	2.924180	0.122086	0.122086
22.500000	5.850270	0.128778	0.128778
67.500000	5.850270	0.124241	0.124241
112.500000	5.850270	0.125806	0.125806
157.500000	5.850270	0.124484	0.124485
202.500000	5.850270	0.124715	0.124714
247.500000	5.850270	0.127638	0.127639
292.500000	5.850270	0.125018	0.125018
337.500000	5.850270	0.127479	0.127479
15.000000	8.780180	0.131415	0.131414
45.000000	8.780180	0.127404	0.127405
75.000000	8.780180	0.132758	0.132758
105.000000	8.780180	0.130457	0.130457
135.000000	8.780180	0.131128	0.131128
165.000000	8.780180	0.130099	0.130099
195.000000	8.780180	0.132037	0.132037
225.000000	8.780180	0.131548	0.131548
255.000000	8.780180	0.129831	0.129832
285.000000	8.780180	0.133081	0.133080
315.000000	8.780180	0.131681	0.131681
345.000000	8.780180	0.132071	0.132070
11.250000	11.715900	0.132862	0.132863
33.750000	11.715900	0.133221	0.133221
56.250000	11.715900	0.136249	0.136249
78.750000	11.715900	0.133408	0.133408
101.250000	11.715900	0.132797	0.132797
123.750000	11.715900	0.134427	0.134428
146.250000	11.715900	0.130534	0.130533
168.750000	11.715900	0.137768	0.137768
191.250000	11.715900	0.135450	0.135450
213.750000	11.715900	0.129386	0.129386
236.250000	11.715900	0.131898	0.131898
258.750000	11.715900	0.133505	0.133505
281.250000	11.715900	0.133541	0.133541
303.750000	11.715900	0.133985	0.133985
326.250000	11.715900	0.131540	0.131540
348.750000	11.715900	0.135659	0.135659
9.000000	14.659300	0.143300	0.143300
27.000000	14.659300	0.136706	0.136707
45.000000	14.659300	0.135778	0.135778
63.000000	14.659300	0.139821	0.139821
81.000000	14.659300	0.136036	0.136035
99.000000	14.659300	0.140326	0.140326
117.000000	14.659300	0.141160	0.141160
135.000000	14.659300	0.140407	0.140407
153.000000	14.659300	0.138069	0.138070
171.000000	14.659300	0.139433	0.139434
189.000000	14.659300	0.139231	0.139231
207.000000	14.659300	0.135574	0.135575
225.000000	14.659300	0.140296	0.140296
243.000000	14.659300	0.140997	0.140997
261.000000	14.659300	0.138783	0.138783
279.000000	14.659300	0.136302	0.136301
297.000000	14.659300	0.139085	0.139084
315.000000	14.659300	0.135788	0.135789
333.000000	14.659300	0.137275	0.137276
351.000000	14.659300	0.143481	0.143481
7.500000	17.612400	0.146317	0.146318
22.500000	17.612400	0.145551	0.145550
37.500000	17.612400	0.144897	0.144897
52.500000	17.612400	0.141509	0.141509
67.500000	17.612400	0.142366	0.142366
82.500000	17.612400	0.142866	0.142866
97.500000	17.612400	0.146713	0.146714
112.500000	17.612400	0.145616	0.145616
127.500000	17.612400	0.145238	0.145238
142.500000	17.612400	0.143869	0.143869
157.500000	17.612400	0.143055	0.143055
172.500000	17.612400	0.140526	0.140525
187.500000	17.612400	0.140363	0.140363
202.500000	17.612400	0.140911	0.140911
217.500000	17.612400	0.144602	0.144602
232.500000	17.612400	0.145977	0.145977
247.500000	17.612400	0.145130	0.145130
262.500000	17.612400	0.143392	0.143392
277.500000	17.612400	0.142787	0.142786
292.500000	17.612400	0.139642	0.139642
307.500000	17.612400	0.142063	0.142062
322.500000	17.612400	0.143891	0.143892
337.500000	17.612400	0.148221	0.148220
352.500000	17.612400	0.146184	0.146184
6.428570	20.577500	0.146181	0.146181
19.285700	20.577500	0.148065	0.148065
32.142900	20.577500	0.148003	0.148003
45.000000	20.577500	0.144340	0.144341
57.857100	20.577500	0.142718	0.142718
70.714300	20.577500	0.145164	0.145164
83.571400	20.577500	0.147444	0.147443
96.428600	20.577500	0.149383	0.149384
109.286000	20.577500	0.147192	0.147192
122.143000	20.577500	0.148211	0.148210
135.000000	20.577500	0.147695	0.147695
147.857000	20.577500	0.147152	0.147152
160.714000	20.577500	0.144651	0.144652
173.571000	20.577500	0.141932	0.141931
186.429000	20.577500	0.142603	0.142604
199.286000	20.577500	0.144575	0.144574
212.143000	20.577500	0.147590	0.147590
225.000000	20.577500	0.148234	0.148235
237.857000	20.577500	0.146997	0.146997
250.714000	20.577500	0.147292	0.147292
263.571000	20.577500	0.149006	0.149006
276.429000	20.577500	0.146799	0.146799
289.286000	20.577500	0.145430	0.145430
302.143000	20.577500	0.142345	0.142345
315.000000	20.577500	0.144391	0.144391
327.857000	20.577500	0.148645	0.148645
340.714000	20.577500	0.147997	0.147996
353.571000	20.577500	0.146406	0.146405
5.625000	23.556500	0.147054	0.147054
16.875000	23.556500	0.148903	0.148903
28.125000	23.556500	0.150408	0.150408
39.375000	23.556500	0.148394	0.148394
50.625000	23.556500	0.144828	0.144827
61.875000	23.556500	0.142687	0.142687
73.125000	23.556500	0.146824	0.146824
84.375000	23.556500	0.149775	0.149775
95.625000	23.556500	0.147998	0.147998
106.875000	23.556500	0.149041	0.149040
118.125000	23.556500	0.146708	0.146707
129.375000	23.556500	0.146558	0.146559
140.625000	23.556500	0.148571	0.148572
151.875000	23.556500	0.149745	0.149746
163.125000	23.556500	0.146272	0.146272
174.375000	23.556500	0.143055	0.143055
185.625000	23.556500	0.146228	0.146228
196.875000	23.556500	0.145840	0.145840
208.125000	23.556500	0.149102	0.149102
219.375000	23.556500	0.148816	0.148816
230.625000	23.556500	0.147584	0.147584
241.875000	23.556500	0.147839	0.147839
253.125000	23.556500	0.150641	0.150641
264.375000	23.556500	0.147507	0.147507
275.625000	23.556500	0.148947	0.148947
286.875000	23.556500	0.146530	0.146531
298.125000	23.556500	0.142989	0.142989
309.375000	23.556500	0.144512	0.144513
320.625000	23.556500	0.148886	0.148886
331.875000	23.556500	0.147851	0.147851
343.125000	23.556500	0.151147	0.151147
354.375000	23.556500	0.148130	0.148131
5.000000	26.551700	0.148186	0.148186
15.000000	26.551700	0.148338	0.148339
25.000000	26.551700	0.146708	0.146708
35.000000	26.551700	0.150320	0.150320
45.000000	26.551700	0.150997	0.150998
55.000000	26.551700	0.142428	0.142428
65.000000	26.551700	0.145212	0.145213
75.000000	26.551700	0.147836	0.147836
85.000000	26.551700	0.148855	0.148856
95.000000	26.551700	0.151110	0.151110
105.000000	26.551700	0.149733	0.149732
115.000000	26.551700	0.149218	0.149218
125.000000	26.551700	0.150668	0.150669
135.000000	26.551700	0.147212	0.147212
145.000000	26.551700	0.148448	0.148448
155.000000	26.551700	0.149991	0.149991
165.000000	26.551700	0.149442	0.149442
175.000000	26.551700	0.147255	0.147255
185.000000	26.551700	0.147644	0.147645
195.000000	26.551700	0.148211	0.148210
205.000000	26.551700	0.148233	0.148234
215.000000	26.551700	0.149778	0.149778
225.000000	26.551700	0.149400	0.149400
235.000000	26.551700	0.147403	0.147403
245.000000	26.551700	0.148351	0.148351
255.000000	26.551700	0.148286	0.148287
265.000000	26.551700	0.145378	0.145378
275.000000	26.551700	0.148276	0.148277
285.000000	26.551700	0.148528	0.148529
295.000000	26.551700	0.144960	0.144960
305.000000	26.551700	0.145250	0.145250
315.000000	26.551700	0.148090	0.148089
325.000000	26.551700	0.148869	0.148869
335.000000	26.551700	0.149179	0.149178
345.000000	26.551700	0.148933	0.148934
355.000000	26.551700	0.146991	0.146992
4.500000	29.565600	0.150493	0.150493
13.500000	29.565600	0.149098	0.149098
22.500000	29.565600	0.148936	0.148936
31.500000	29.565600	0.149048	0.149047
40.500000	29.565600	0.150269	0.150270
49.500000	29.565600	0.148903	0.148902
58.500000	29.565600	0.144941	0.144942
67.500000	29.565600	0.145832	0.145832
76.500000	29.565600	0.149204	0.149203
85.500000	29.565600	0.147253	0.147253
94.500000	29.565600	0.149223	0.149223
103.500000	29.565600	0.146757	0.146757
112.500000	29.565600	0.147699	0.147700
121.500000	29.565600	0.147770	0.147769
130.500000	29.565600	0.148513	0.148513
139.500000	29.565600	0.148984	0.148985
148.500000	29.565600	0.149423	0.149423
157.500000	29.565600	0.149994	0.149994
166.500000	29.565600	0.144653	0.144652
175.500000	29.565600	0.145303	0.145303
184.500000	29.565600	0.142023	0.142023
193.500000	29.565600	0.147413	0.147413
202.500000	29.565600	0.148852	0.148852
211.500000	29.565600	0.149174	0.149174
220.500000	29.565600	0.148254	0.148254
229.500000	29.565600	0.147925	0.147925
238.500000	29.565600	0.147694	0.147694
247.500000	29.565600	0.148633	0.148633
256.500000	29.565600	0.148542	0.148542
265.500000	29.565600	0.148991	0.148991
274.500000	29.565600	0.146967	0.146967
283.500000	29.565600	0.148946	0.148946
292.500000	29.565600	0.146870	0.146870
301.500000	29.565600	0.146212	0.146213
310.500000	29.565600	0.148804	0.148805
319.500000	29.565600	0.147486	0.147486
328.500000	29.565600	0.147519	0.147519
337.500000	29.565600	0.148722	0.148722
346.500000	29.565600	0.146078	0.146078
355.500000	29.565600	0.149503	0.149503
4.090910	32.600500	0.148886	0.148886
12.272700	32.600500	0.147661	0.147661
20.454500	32.600500	0.146507	0.146507
28.636400	32.600500	0.148125	0.148125
36.818200	32.600500	0.148557	0.148556
45.000000	32.600500	0.148923	0.148923
53.181800	32.600500	0.147600	0.147600
61.363600	32.600500	0.145816	0.145816
69.545500	32.600500	0.146488	0.146488
77.727300	32.600500	0.147447	0.147448
85.909100	32.600500	0.148259	0.148259
94.090900	32.600500	0.148306	0.148306
102.273000	32.600500	0.146198	0.146198
110.455000	32.600500	0.147703	0.147703
118.636000	32.600500	0.147120	0.147121
126.818000	32.600500	0.145631	0.145631
135.000000	32.600500	0.147433	0.147433
143.182000	32.600500	0.147758	0.147759
151.364000	32.600500	0.148284	0.148284
159.545000	32.600500	0.149491	0.149491
167.727000	32.600500	0.147117	0.147117
175.909000	32.600500	0.145174	0.145174
184.091000	32.600500	0.144364	0.144364
192.273000	32.600500	0.145167	0.145168
200.455000	32.600500	0.148732	0.148733
208.636000	32.600500	0.145528	0.145528
216.818000	32.600500	0.148440	0.148440
225.000000	32.600500	0.149044	0.149044
233.182000	32.600500	0.147137	0.147138
241.364000	32.600500	0.148665	0.148666
249.545000	32.600500	0.146622	0.146622
257.727000	32.600500	0.146514	0.146514
265.909000	32.600500	0.146685	0.146685
274.091000	32.600500	0.149961	0.149962
282.273000	32.600500	0.147535	0.147535
290.455000	32.600500	0.149036	0.149037
298.636000	32.600500	0.144965	0.144965
306.818000	32.600500	0.145811	0.145811
315.000000	32.600500	0.147566	0.147565
323.182000	32.600500	0.149861	0.149860
331.364000	32.600500	0.147925	0.147924
339.545000	32.600500	0.148000	0.148000
347.727000	32.600500	0.145715	0.145715
355.909000	32.600500	0.146645	0.146646
3.750000	35.659100	0.147342	0.147342
11.250000	35.659100	0.146684	0.146683
18.750000	35.659100	0.146174	0.146174
26.250000	35.659100	0.147247	0.147247
33.750000	35.659100	0.145872	0.145872
41.250000	35.659100	0.147321	0.147321
48.750000	35.659100	0.146881	0.146881
56.250000	35.659100	0.146771	0.146770
63.750000	35.659100	0.146690	0.146690
71.250000	35.659100	0.145519	0.145519
78.750000	35.659100	0.146004	0.146004
86.250000	35.659100	0.147407	0.147407
93.750000	35.659100	0.148654	0.148654
101.250000	35.659100	0.146791	0.146791
108.750000	35.659100	0.147270	0.147269
116.250000	35.659100	0.145658	0.145658
123.750000	35.659100	0.146105	0.146104
131.250000	35.659100	0.147166	0.147165
138.750000	35.659100	0.146274	0.146275
146.250000	35.659100	0.148541	0.148541
153.750000	35.659100	0.147416	0.147415
161.250000	35.659100	0.148091	0.148091
168.750000	35.659100	0.149450	0.149450
176.250000	35.659100	0.143154	0.143154
183.750000	35.659100	0.144879	0.144879
191.250000	35.659100	0.145825	0.145825
198.750000	35.659100	0.145415	0.145414
206.250000	35.659100	0.148067	0.148067
213.750000	35.659100	0.147400	0.147399
221.250000	35.659100	0.145959	0.145959
228.750000	35.659100	0.145819	0.145819
236.250000	35.659100	0.146092	0.146093
243.750000	35.659100	0.146533	0.146533
251.250000	35.659100	0.146790	0.146790
258.750000	35.659100	0.147001	0.147000
266.250000	35.659100	0.146052	0.146052
273.750000	35.659100	0.148921	0.148921
281.250000	35.659100	0.148421	0.148421
288.750000	35.659100	0.145219	0.145219
296.250000	35.659100	0.147160	0.147160
303.750000	35.659100	0.147318	0.147318
311.250000	35.659100	0.146069	0.146068
318.750000	35.659100	0.146994	0.146994
326.250000	35.659100	0.146735	0.146735
333.750000	35.659100	0.147252	0.147252
341.250000	35.659100	0.147226	0.147225
348.750000	35.659100	0.145883	0.145883
356.250000	35.659100	0.148522	0.148522
3.461540	38.744200	0.146613	0.146613
10.384600	38.744200	0.147837	0.147838
17.307700	38.744200	0.143203	0.143203
24.230800	38.744200	0.145927	0.145927
31.153800	38.744200	0.145873	0.145873
38.076900	38.744200	0.147696	0.147697
45.000000	38.744200	0.143960	0.143961
51.923100	38.744200	0.145422	0.145421
58.846200	38.744200	0.147944	0.147944
65.769200	38.744200	0.146313	0.146313
72.692300	38.744200	0.146260	0.146260
79.615400	38.744200	0.147782	0.147782
86.538500	38.744200	0.147232	0.147232
93.461500	38.744200	0.145575	0.145576
100.385000	38.744200	0.146650	0.146650
107.308000	38.744200	0.146115	0.146115
114.231000	38.744200	0.145529	0.145529
121.154000	38.744200	0.144226	0.144226
128.077000	38.744200	0.144640	0.144640
135.000000	38.744200	0.145467	0.145467
141.923000	38.744200	0.146261	0.146261
148.846000	38.744200	0.144259	0.144259
155.769000	38.744200	0.144995	0.144996
162.692000	38.744200	0.146382	0.146382
169.615000	38.744200	0.147797	0.147797
176.538000	38.744200	0.144856	0.144856
183.462000	38.744200	0.145150	0.145151
190.385000	38.744200	0.145004	0.145004
197.308000	38.744200	0.146739	0.146739
204.231000	38.744200	0.147289	0.147289
211.154000	38.744200	0.146764	0.146764
218.077000	38.744200	0.145595	0.145595
225.000000	38.744200	0.144718	0.144718
231.923000	38.744200	0.147542	0.147543
238.846000	38.744200	0.145596	0.145596
245.769000	38.744200	0.146834	0.146834
252.692000	38.744200	0.145750	0.145750
259.615000	38.744200	0.142068	0.142069
266.538000	38.744200	0.146195	0.146195
273.462000	38.744200	0.146526	0.146526
280.385000	38.744200	0.145197	0.145197
287.308000	38.744200	0.145443	0.145443
294.231000	38.744200	0.147534	0.147534
301.154000	38.744200	0.145833	0.145833
308.077000	38.744200	0.146479	0.146479
315.000000	38.744200	0.143428	0.143427
321.923000	38.744200	0.145207	0.145207
328.846000	38.744200	0.146333	0.146334
335.769000	38.744200	0.143518	0.143519
342.692000	38.744200	0.145269	0.145269
349.615000	38.744200	0.146400	0.146400
356.538000	38.744200	0.146307	0.146307
3.214290	41.858800	0.144207	0.144207
9.642860	41.858800	0.142264	0.142263
16.071400	41.858800	0.143849	0.143848
22.500000	41.858800	0.144059	0.144058
28.928600	41.858800	0.142848	0.142848
35.357100	41.858800	0.145189	0.145188
41.785700	41.858800	0.144690	0.144690
48.214300	41.858800	0.146334	0.146335
54.642900	41.858800	0.144782	0.144782
61.071400	41.858800	0.146713	0.146713
67.500000	41.858800	0.143931	0.143931
73.928600	41.858800	0.146378	0.146379
80.357100	41.858800	0.145065	0.145065
86.785700	41.858800	0.146875	0.146874
93.214300	41.858800	0.141887	0.141888
99.642900	41.858800	0.144408	0.144408
106.071000	41.858800	0.142228	0.142228
112.500000	41.858800	0.144860	0.144860
118.929000	41.858800	0.142867	0.142867
125.357000	41.858800	0.143619	0.143619
131.786000	41.858800	0.145003	0.145003
138.214000	41.858800	0.142006	0.142006
144.643000	41.858800	0.143729	0.143728
151.071000	41.858800	0.144737	0.144737
157.500000	41.858800	0.145646	0.145646
163.929000	41.858800	0.146996	0.146996
170.357000	41.858800	0.143988	0.143988
176.786000	41.858800	0.143946	0.143945
183.214000	41.858800	0.143733	0.143733
189.643000	41.858800	0.143683	0.143684
196.071000	41.858800	0.145786	0.145786
202.500000	41.858800	0.144450	0.144450
208.929000	41.858800	0.147754	0.147754
215.357000	41.858800	0.142580	0.142580
221.786000	41.858800	0.145470	0.145470
228.214000	41.858800	0.143112	0.143112
234.643000	41.858800	0.144399	0.144399
241.071000	41.858800	0.144020	0.144020
247.500000	41.858800	0.144545	0.144545
253.929000	41.858800	0.143829	0.143829
260.357000	41.858800	0.144232	0.144231
266.786000	41.858800	0.144998	0.144998
273.214000	41.858800	0.146299	0.146300
279.643000	41.858800	0.145303	0.145303
286.071000	41.858800	0.145764	0.145764
292.500000	41.858800	0.147151	0.147151
298.929000	41.858800	0.147272	0.147272
305.357000	41.858800	0.149023	0.149023
311.786000	41.858800	0.144845	0.144844
318.214000	41.858800	0.143928	0.143928
324.643000	41.858800	0.146538	0.146538
331.071000	41.858800	0.145158	0.145159
337.500000	41.858800	0.145371	0.145371
343.929000	41.858800	0.143999	0.143999
350.357000	41.858800	0.145474	0.145473
356.786000	41.858800	0.143001	0.143002
3.000000	45.006100	0.151142	0.151142
9.000000	45.006100	0.148042	0.148042
15.000000	45.006100	0.148151	0.148151
21.000000	45.006100	0.147480	0.147480
27.000000	45.006100	0.149147	0.149147
33.000000	45.006100	0.147387	0.147388
39.000000	45.006100	0.150781	0.150781
45.000000	45.006100	0.149110	0.149110
51.000000	45.006100	0.149614	0.149614
57.000000	45.006100	0.150029	0.150030
63.000000	45.006100	0.152146	0.152147
69.000000	45.006100	0.150263	0.150263
75.000000	45.006100	0.150961	0.150961
81.000000	45.006100	0.147589	0.147588
87.000000	45.006100	0.150715	0.150715
93.000000	45.006100	0.148574	0.148574
99.000000	45.006100	0.147977	0.147976
105.000000	45.006100	0.146721	0.146721
111.000000	45.006100	0.146475	0.146475
117.000000	45.006100	0.148245	0.148245
123.000000	45.006100	0.148406	0.148406
129.000000	45.006100	0.147621	0.147621
135.000000	45.006100	0.147106	0.147105
141.000000	45.006100	0.152169	0.152169
147.000000	45.006100	0.148502	0.148503
153.000000	45.006100	0.148918	0.148917
159.000000	45.006100	0.149118	0.149118
165.000000	45.006100	0.147521	0.147521
171.000000	45.006100	0.147968	0.147967
177.000000	45.006100	0.149526	0.149526
183.000000	45.006100	0.149379	0.149379
189.000000	45.006100	0.149157	0.149157
195.000000	45.006100	0.148272	0.148271
201.000000	45.006100	0.149438	0.149438
207.000000	45.006100	0.148469	0.148468
213.000000	45.006100	0.148547	0.148546
219.000000	45.006100	0.149190	0.149190
225.000000	45.006100	0.146636	0.146636
231.000000	45.006100	0.149344	0.149344
237.000000	45.006100	0.147067	0.147068
243.000000	45.006100	0.146824	0.146824
249.000000	45.006100	0.148469	0.148469
255.000000	45.006100	0.148107	0.148107
261.000000	45.006100	0.148981	0.148981
267.000000	45.006100	0.148637	0.148637
273.000000	45.006100	0.147801	0.147801
279.000000	45.006100	0.148492	0.148492
285.000000	45.006100	0.147842	0.147841
291.000000	45.006100	0.150671	0.150670
297.000000	45.006100	0.151863	0.151863
303.000000	45.006100	0.149721	0.149721
309.000000	45.006100	0.148772	0.148771
315.000000	45.006100	0.147877	0.147877
321.000000	45.006100	0.149773	0.149773
327.000000	45.006100	0.149475	0.149475
333.000000	45.006100	0.148361	0.148361
339.000000	45.006100	0.147939	0.147940
345.000000	45.006100	0.147105	0.147105
351.000000	45.006100	0.148174	0.148174
357.000000	45.006100	0.149114	0.149114
2.812500	48.189700	0.145943	0.145943
8.437500	48.189700	0.146105	0.146104
14.062500	48.189700	0.145884	0.145884
19.687500	48.189700	0.144499	0.144499
25.312500	48.189700	0.146506	0.146507
30.937500	48.189700	0.146522	0.146522
36.562500	48.189700	0.146504	0.146504
42.187500	48.189700	0.146539	0.146539
47.812500	48.189700	0.146982	0.146982
53.437500	48.189700	0.146714	0.146714
59.062500	48.189700	0.148470	0.148469
64.687500	48.189700	0.150491	0.150490
70.312500	48.189700	0.147089	0.147088
75.937500	48.189700	0.145976	0.145976
81.562500	48.189700	0.145828	0.145828
87.187500	48.189700	0.145905	0.145905
92.812500	48.189700	0.146289	0.146289
98.437500	48.189700	0.146886	0.146887
104.062000	48.189700	0.145744	0.145744
109.688000	48.189700	0.148402	0.148402
115.312000	48.189700	0.146757	0.146758
120.938000	48.189700	0.144455	0.144455
126.562000	48.189700	0.147039	0.147039
132.188000	48.189700	0.144814	0.144815
137.812000	48.189700	0.146003	0.146003
143.437000	48.189700	0.146390	0.146390
149.062000	48.189700	0.146152	0.146152
154.688000	48.189700	0.146458	0.146458
160.312000	48.189700	0.145544	0.145544
165.938000	48.189700	0.147166	0.147165
171.562000	48.189700	0.146834	0.146834
177.188000	48.189700	0.148165	0.148165
182.812000	48.189700	0.148790	0.148790
188.438000	48.189700	0.145336	0.145336
194.062000	48.189700	0.147896	0.147896
199.687000	48.189700	0.149800	0.149800
205.312000	48.189700	0.147982	0.147983
210.938000	48.189700	0.145310	0.145310
216.562000	48.189700	0.146341	0.146341
222.188000	48.189700	0.146303	0.146302
227.812000	48.189700	0.148096	0.148097
233.438000	48.189700	0.145594	0.145594
239.062000	48.189700	0.145052	0.145052
244.687000	48.189700	0.147003	0.147003
250.312000	48.189700	0.147246	0.147246
255.937000	48.189700	0.144101	0.144101
261.562000	48.189700	0.146271	0.146271
267.188000	48.189700	0.145883	0.145883
272.812000	48.189700	0.148052	0.148053
278.438000	48.189700	0.144267	0.144267
284.062000	48.189700	0.148083	0.148083
289.688000	48.189700	0.146077	0.146076
295.312000	48.189700	0.147675	0.147675
300.938000	48.189700	0.151242	0.151242
306.562000	48.189700	0.148196	0.148195
312.187000	48.189700	0.147512	0.147511
317.812000	48.189700	0.143453	0.143453
323.438000	48.189700	0.146493	0.146493
329.062000	48.189700	0.146247	0.146248
334.688000	48.189700	0.148107	0.148106
340.312000	48.189700	0.145431	0.145431
345.938000	48.189700	0.146973	0.146973
351.562000	48.189700	0.149231	0.149230
357.187000	48.189700	0.145768	0.145767
0.000000	51.317800	0.143948	0.143948
5.625000	51.317800	0.145258	0.145257
11.250000	51.317800	0.142947	0.142947
16.875000	51.317800	0.143012	0.143011
22.500000	51.317800	0.140659	0.140659
28.125000	51.317800	0.141065	0.141065
33.750000	51.317800	0.144148	0.144148
39.375000	51.317800	0.144079	0.144079
45.000000	51.317800	0.142512	0.142512
50.625000	51.317800	0.142533	0.142533
56.250000	51.317800	0.147115	0.147115
61.875000	51.317800	0.146494	0.146493
67.500000	51.317800	0.145016	0.145016
73.125000	51.317800	0.142082	0.142082
78.750000	51.317800	0.141450	0.141450
84.375000	51.317800	0.143032	0.143032
90.000000	51.317800	0.143737	0.143736
95.625000	51.317800	0.145374	0.145374
101.250000	51.317800	0.142307	0.142307
106.875000	51.317800	0.143100	0.143100
112.500000	51.317800	0.141778	0.141778
118.125000	51.317800	0.144000	0.144000
123.750000	51.317800	0.144172	0.144171
129.375000	51.317800	0.142497	0.142497
135.000000	51.317800	0.143998	0.143998
140.625000	51.317800	0.145085	0.145084
146.250000	51.317800	0.144803	0.144803
151.875000	51.317800	0.144076	0.144075
157.500000	51.317800	0.145539	0.145539
163.125000	51.317800	0.141738	0.141738
168.750000	51.317800	0.143510	0.143510
174.375000	51.317800	0.145963	0.145964
180.000000	51.317800	0.144053	0.144053
185.625000	51.317800	0.145323	0.145324
191.250000	51.317800	0.143612	0.143612
196.875000	51.317800	0.139715	0.139715
202.500000	51.317800	0.141211	0.141211
208.125000	51.317800	0.143040	0.143040
213.750000	51.317800	0.142980	0.142980
219.375000	51.317800	0.140581	0.140581
225.000000	51.317800	0.142857	0.142856
230.625000	51.317800	0.142012	0.142012
236.250000	51.317800	0.144223	0.144223
241.875000	51.317800	0.141547	0.141547
247.500000	51.317800	0.144890	0.144890
253.125000	51.317800	0.143957	0.143957
258.750000	51.317800	0.143156	0.143156
264.375000	51.317800	0.141799	0.141799
270.000000	51.317800	0.143756	0.143756
275.625000	51.317800	0.141640	0.141639
281.250000	51.317800	0.144995	0.144996
286.875000	51.317800	0.143903	0.143903
292.500000	51.317800	0.146493	0.146492
298.125000	51.317800	0.145033	0.145033
303.750000	51.317800	0.147348	0.147347
309.375000	51.317800	0.143893	0.143893
315.000000	51.317800	0.141789	0.141789
320.625000	51.317800	0.143069	0.143070
326.250000	51.317800	0.146568	0.146568
331.875000	51.317800	0.144449	0.144449
337.500000	51.317800	0.145229	0.145229
343.125000	51.317800	0.142282	0.142283
348.750000	51.317800	0.140240	0.140239
354.375000	51.317800	0.143842	0.143841
2.812500	54.314700	0.138753	0.138754
8.437500	54.314700	0.140331	0.140331
14.062500	54.314700	0.139677	0.139677
19.687500	54.314700	0.139710	0.139711
25.312500	54.314700	0.138971	0.138971
30.937500	54.314700	0.140424	0.140424
36.562500	54.314700	0.138950	0.138950
42.187500	54.314700	0.140197	0.140197
47.812500	54.314700	0.138899	0.138899
53.437500	54.314700	0.141406	0.141406
59.062500	54.314700	0.141746	0.141746
64.687500	54.314700	0.142990	0.142990
70.312500	54.314700	0.141229	0.141230
75.937500	54.314700	0.141293	0.141292
81.562500	54.314700	0.138640	0.138640
87.187500	54.314700	0.139629	0.139628
92.812500	54.314700	0.140024	0.140023
98.437500	54.314700	0.138404	0.138403
104.062000	54.314700	0.138781	0.138780
109.688000	54.314700	0.139478	0.139479
115.312000	54.314700	0.140157	0.140157
120.938000	54.314700	0.138981	0.138980
126.562000	54.314700	0.138869	0.138868
132.188000	54.314700	0.137048	0.137048
137.812000	54.314700	0.138678	0.138677
143.437000	54.314700	0.140762	0.140762
149.062000	54.314700	0.141749	0.141749
154.688000	54.314700	0.141487	0.141487
160.312000	54.314700	0.138737	0.138737
165.938000	54.314700	0.138759	0.138759
171.562000	54.314700	0.141407	0.141406
177.188000	54.314700	0.142705	0.142705
182.812000	54.314700	0.141747	0.141748
188.438000	54.314700	0.140920	0.140920
194.062000	54.314700	0.140024	0.140024
199.687000	54.314700	0.140378	0.140377
205.312000	54.314700	0.139702	0.139702
210.938000	54.314700	0.137639	0.137639
216.562000	54.314700	0.138323	0.138323
222.188000	54.314700	0.139646	0.139646
227.812000	54.314700	0.140224	0.140224
233.438000	54.314700	0.139131	0.139131
239.062000	54.314700	0.139218	0.139219
244.687000	54.314700	0.139164	0.139164
250.312000	54.314700	0.137930	0.137930
255.937000	54.314700	0.140687	0.140688
261.562000	54.314700	0.137820	0.137821
267.188000	54.314700	0.136472	0.136472
272.812000	54.314700	0.140385	0.140385
278.438000	54.314700	0.139942	0.139942
284.062000	54.314700	0.139786	0.139786
289.688000	54.314700	0.141177	0.141177
295.312000	54.314700	0.142658	0.142658
300.938000	54.314700	0.143061	0.143061
306.562000	54.314700	0.142341	0.142341
312.187000	54.314700	0.139845	0.139845
317.812000	54.314700	0.136576	0.136576
323.438000	54.314700	0.139290	0.139289
329.062000	54.314700	0.137134	0.137134
334.688000	54.314700	0.140145	0.140145
340.312000	54.314700	0.139478	0.139479
345.938000	54.314700	0.138609	0.138609
351.562000	54.314700	0.139138	0.139138
357.187000	54.314700	0.138950	0.138950
0.000000	57.202800	0.136311	0.136311
5.625000	57.202800	0.136689	0.136689
11.250000	57.202800	0.136381	0.136380
16.875000	57.202800	0.133820	0.133820
22.500000	57.202800	0.135487	0.135487
28.125000	57.202800	0.136467	0.136466
33.750000	57.202800	0.135537	0.135537
39.375000	57.202800	0.135509	0.135509
45.000000	57.202800	0.134170	0.134170
50.625000	57.202800	0.138058	0.138058
56.250000	57.202800	0.139693	0.139693
61.875000	57.202800	0.139832	0.139833
67.500000	57.202800	0.141523	0.141523
73.125000	57.202800	0.137760	0.137760
78.750000	57.202800	0.134728	0.134728
84.375000	57.202800	0.135543	0.135543
90.000000	57.202800	0.136185	0.136185
95.625000	57.202800	0.134530	0.134531
101.250000	57.202800	0.138162	0.138161
106.875000	57.202800	0.136024	0.136025
112.500000	57.202800	0.137302	0.137303
118.125000	57.202800	0.136833	0.136833
123.750000	57.202800	0.132619	0.132619
129.375000	57.202800	0.134852	0.134852
135.000000	57.202800	0.132888	0.132888
140.625000	57.202800	0.135033	0.135032
146.250000	57.202800	0.137720	0.137719
151.875000	57.202800	0.135598	0.135598
157.500000	57.202800	0.135188	0.135187
163.125000	57.202800	0.137960	0.137960
168.750000	57.202800	0.136789	0.136789
174.375000	57.202800	0.136144	0.136144
180.000000	57.202800	0.139962	0.139963
185.625000	57.202800	0.137386	0.137386
191.250000	57.202800	0.136091	0.136092
196.875000	57.202800	0.134793	0.134793
202.500000	57.202800	0.136493	0.136493
208.125000	57.202800	0.137543	0.137543
213.750000	57.202800	0.136123	0.136123
219.375000	57.202800	0.134883	0.134884
225.000000	57.202800	0.134184	0.134184
230.625000	57.202800	0.134527	0.134527
236.250000	57.202800	0.134417	0.134417
241.875000	57.202800	0.135258	0.135257
247.500000	57.202800	0.136067	0.136067
253.125000	57.202800	0.136420	0.136421
258.750000	57.202800	0.135609	0.135609
264.375000	57.202800	0.136982	0.136982
270.000000	57.202800	0.138641	0.138642
275.625000	57.202800	0.133299	0.133299
281.250000	57.202800	0.134096	0.134096
286.875000	57.202800	0.136832	0.136832
292.500000	57.202800	0.139787	0.139787
298.125000	57.202800	0.140034	0.140034
303.750000	57.202800	0.138402	0.138401
309.375000	57.202800	0.137337	0.137337
315.000000	57.202800	0.135102	0.135102
320.625000	57.202800	0.136831	0.136830
326.250000	57.202800	0.134614	0.134614
331.875000	57.202800	0.134808	0.134808
337.500000	57.202800	0.136567	0.136568
343.125000	57.202800	0.135200	0.135200
348.750000	57.202800	0.134658	0.134658
354.375000	57.202800	0.135349	0.135349
2.812500	60.000000	0.132043	0.132044
8.437500	60.000000	0.132330	0.132330
14.062500	60.000000	0.132690	0.132690
19.687500	60.000000	0.132310	0.132310
25.312500	60.000000	0.132202	0.132202
30.937500	60.000000	0.132999	0.133000
36.562500	60.000000	0.132354	0.132354
42.187500	60.000000	0.132482	0.132482
47.812500	60.000000	0.133598	0.133599
53.437500	60.000000	0.135396	0.135395
59.062500	60.000000	0.136456	0.136456
64.687500	60.000000	0.134665	0.134665
70.312500	60.000000	0.133414	0.133414
75.937500	60.000000	0.132632	0.132632
81.562500	60.000000	0.133541	0.133540
87.187500	60.000000	0.132661	0.132661
92.812500	60.000000	0.132465	0.132465
98.437500	60.000000	0.132318	0.132318
104.062000	60.000000	0.134243	0.134243
109.688000	60.000000	0.132393	0.132393
115.312000	60.000000	0.131513	0.131513
120.938000	60.000000	0.130218	0.130218
126.562000	60.000000	0.132246	0.132246
132.188000	60.000000	0.130751	0.130751
137.812000	60.000000	0.130079	0.130079
143.437000	60.000000	0.130912	0.130913
149.062000	60.000000	0.130622	0.130622
154.688000	60.000000	0.133424	0.133425
160.312000	60.000000	0.132446	0.132446
165.938000	60.000000	0.131675	0.131674
171.562000	60.000000	0.134551	0.134551
177.188000	60.000000	0.133925	0.133925
182.812000	60.000000	0.133727	0.133728
188.438000	60.000000	0.133831	0.133831
194.062000	60.000000	0.129495	0.129495
199.687000	60.000000	0.130612	0.130612
205.312000	60.000000	0.132491	0.132491
210.938000	60.000000	0.132373	0.132372
216.562000	60.000000	0.129555	0.129556
222.188000	60.000000	0.132430	0.132430
227.812000	60.000000	0.132864	0.132864
233.438000	60.000000	0.132204	0.132204
239.062000	60.000000	0.132610	0.132611
244.687000	60.000000	0.133908	0.133908
250.312000	60.000000	0.131924	0.131924
255.937000	60.000000	0.133032	0.133032
261.562000	60.000000	0.131125	0.131125
267.188000	60.000000	0.133492	0.133493
272.812000	60.000000	0.132155	0.132155
278.438000	60.000000	0.132086	0.132086
284.062000	60.000000	0.134715	0.134714
289.688000	60.000000	0.133036	0.133037
295.312000	60.000000	0.135374	0.135375
300.938000	60.000000	0.136532	0.136533
306.562000	60.000000	0.133281	0.133281
312.187000	60.000000	0.134275	0.134275
317.812000	60.000000	0.133872	0.133873
323.438000	60.000000	0.133043	0.133043
329.062000	60.000000	0.129109	0.129109
334.688000	60.000000	0.130504	0.130504
340.312000	60.000000	0.131116	0.131116
345.938000	60.000000	0.131567	0.131567
351.562000	60.000000	0.130380	0.130379
357.187000	60.000000	0.131910	0.131910
0.000000	62.720400	0.130021	0.130022
5.625000	62.720400	0.132083	0.132083
11.250000	62.720400	0.127757	0.127757
16.875000	62.720400	0.129452	0.129452
22.500000	62.720400	0.128631	0.128631
28.125000	62.720400	0.128356	0.128357
33.750000	62.720400	0.128971	0.128971
39.375000	62.720400	0.128381	0.128381
45.000000	62.720400	0.130399	0.130399
50.625000	62.720400	0.132613	0.132614
56.250000	62.720400	0.133451	0.133451
61.875000	62.720400	0.131577	0.131578
67.500000	62.720400	0.133898	0.133898
73.125000	62.720400	0.129017	0.129017
78.750000	62.720400	0.128863	0.128863
84.375000	62.720400	0.127017	0.127017
90.000000	62.720400	0.128259	0.128259
95.625000	62.720400	0.129993	0.129993
101.250000	62.720400	0.129027	0.129028
106.875000	62.720400	0.128031	0.128030
112.500000	62.720400	0.128296	0.128297
118.125000	62.720400	0.128729	0.128728
123.750000	62.720400	0.128854	0.128854
129.375000	62.720400	0.129128	0.129128
135.000000	62.720400	0.129578	0.129578
140.625000	62.720400	0.128747	0.128746
146.250000	62.720400	0.129045	0.129045
151.875000	62.720400	0.127838	0.127838
157.500000	62.720400	0.130078	0.130077
163.125000	62.720400	0.126118	0.126118
168.750000	62.720400	0.129434	0.129435
174.375000	62.720400	0.130713	0.130714
180.000000	62.720400	0.133342	0.133341
185.625000	62.720400	0.131667	0.131667
191.250000	62.720400	0.129270	0.129270
196.875000	62.720400	0.127887	0.127887
202.500000	62.720400	0.128934	0.128935
208.125000	62.720400	0.129453	0.129454
213.750000	62.720400	0.127953	0.127953
219.375000	62.720400	0.127194	0.127194
225.000000	62.720400	0.128211	0.128211
230.625000	62.720400	0.129820	0.129820
236.250000	62.720400	0.126834	0.126835
241.875000	62.720400	0.129200	0.129201
247.500000	62.720400	0.128368	0.128367
253.125000	62.720400	0.127177	0.127177
258.750000	62.720400	0.129382	0.129382
264.375000	62.720400	0.128282	0.128282
270.000000	62.720400	0.130272	0.130273
275.625000	62.720400	0.128244	0.128245
281.250000	62.720400	0.128255	0.128254
286.875000	62.720400	0.131491	0.131492
292.500000	62.720400	0.132185	0.132184
298.125000	62.720400	0.132299	0.132299
303.750000	62.720400	0.133191	0.133191
309.375000	62.720400	0.130889	0.130889
315.000000	62.720400	0.129967	0.129967
320.625000	62.720400	0.126712	0.126712
326.250000	62.720400	0.129745	0.129745
331.875000	62.720400	0.127543	0.127543
337.500000	62.720400	0.129193	0.129193
343.125000	62.720400	0.128316	0.128316
348.750000	62.720400	0.129542	0.129541
354.375000	62.720400	0.129015	0.129014
2.812500	65.375700	0.125530	0.125530
8.437500	65.375700	0.125236	0.125236
14.062500	65.375700	0.127622	0.127623
19.687500	65.375700	0.123427	0.123426
25.312500	65.375700	0.127912	0.127911
30.937500	65.375700	0.128298	0.128297
36.562500	65.375700	0.125814	0.125814
42.187500	65.375700	0.125135	0.125135
47.812500	65.375700	0.125362	0.125362
53.437500	65.375700	0.130142	0.130142
59.062500	65.375700	0.128408	0.128408
64.687500	65.375700	0.130294	0.130294
70.312500	65.375700	0.128733	0.128733
75.937500	65.375700	0.126719	0.126719
81.562500	65.375700	0.123516	0.123516
87.187500	65.375700	0.123220	0.123220
92.812500	65.375700	0.126274	0.126274
98.437500	65.375700	0.125760	0.125759
104.062000	65.375700	0.124930	0.124930
109.688000	65.375700	0.123830	0.123831
115.312000	65.375700	0.124582	0.124582
120.938000	65.375700	0.124931	0.124931
126.562000	65.375700	0.126541	0.126541
132.188000	65.375700	0.124432	0.124432
137.812000	65.375700	0.123270	0.123271
143.437000	65.375700	0.124193	0.124193
149.062000	65.375700	0.125667	0.125666
154.688000	65.375700	0.124207	0.124207
160.312000	65.375700	0.126870	0.126870
165.938000	65.375700	0.126480	0.126481
171.562000	65.375700	0.125941	0.125941
177.188000	65.375700	0.128436	0.128436
182.812000	65.375700	0.129725	0.129725
188.438000	65.375700	0.126078	0.126078
194.062000	65.375700	0.125344	0.125343
199.687000	65.375700	0.125440	0.125440
205.312000	65.375700	0.125086	0.125085
210.938000	65.375700	0.124993	0.124993
216.562000	65.375700	0.123395	0.123395
222.188000	65.375700	0.124392	0.124392
227.812000	65.375700	0.124488	0.124489
233.438000	65.375700	0.124556	0.124556
239.062000	65.375700	0.124883	0.124883
244.687000	65.375700	0.125554	0.125553
250.312000	65.375700	0.126242	0.126242
255.937000	65.375700	0.127893	0.127893
261.562000	65.375700	0.125698	0.125697
267.188000	65.375700	0.126222	0.126222
272.812000	65.375700	0.124594	0.124594
278.438000	65.375700	0.126037	0.126037
284.062000	65.375700	0.124552	0.124552
289.688000	65.375700	0.128258	0.128258
295.312000	65.375700	0.128088	0.128088
300.938000	65.375700	0.131643	0.131643
306.562000	65.375700	0.127138	0.127138
312.187000	65.375700	0.128354	0.128354
317.812000	65.375700	0.125475	0.125475
323.438000	65.375700	0.124112	0.124112
329.062000	65.375700	0.125884	0.125885
334.688000	65.375700	0.125281	0.125281
340.312000	65.375700	0.125403	0.125403
345.938000	65.375700	0.125779	0.125779
351.562000	65.375700	0.125515	0.125515
357.187000	65.375700	0.125255	0.125256
0.000000	67.975700	0.122670	0.122670
5.625000	67.975700	0.122074	0.122073
11.250000	67.975700	0.120547	0.120547
16.875000	67.975700	0.122833	0.122833
22.500000	67.975700	0.119681	0.119680
28.125000	67.975700	0.122333	0.122333
33.750000	67.975700	0.121381	0.121381
39.375000	67.975700	0.121489	0.121489
45.000000	67.975700	0.122685	0.122684
50.625000	67.975700	0.122463	0.122463
56.250000	67.975700	0.125182	0.125182
61.875000	67.975700	0.126628	0.126628
67.500000	67.975700	0.123345	0.123345
73.125000	67.975700	0.124897	0.124897
78.750000	67.975700	0.121340	0.121340
84.375000	67.975700	0.119583	0.119584
90.000000	67.975700	0.121880	0.121881
95.625000	67.975700	0.120379	0.120378
101.250000	67.975700	0.123655	0.123655
106.875000	67.975700	0.122712	0.122712
112.500000	67.975700	0.121593	0.121594
118.125000	67.975700	0.121347	0.121347
123.750000	67.975700	0.120626	0.120626
129.375000	67.975700	0.122967	0.122968
135.000000	67.975700	0.120483	0.120483
140.625000	67.975700	0.121486	0.121485
146.250000	67.975700	0.122508	0.122509
151.875000	67.975700	0.122645	0.122645
157.500000	67.975700	0.121592	0.121592
163.125000	67.975700	0.121671	0.121671
168.750000	67.975700	0.121567	0.121567
174.375000	67.975700	0.125902	0.125902
180.000000	67.975700	0.125907	0.125906
185.625000	67.975700	0.126638	0.126638
191.250000	67.975700	0.122567	0.122567
196.875000	67.975700	0.120618	0.120618
202.500000	67.975700	0.123481	0.123481
208.125000	67.975700	0.124504	0.124505
213.750000	67.975700	0.122318	0.122318
219.375000	67.975700	0.121184	0.121183
225.000000	67.975700	0.121616	0.121616
230.625000	67.975700	0.121826	0.121826
236.250000	67.975700	0.122573	0.122573
241.875000	67.975700	0.122826	0.122825
247.500000	67.975700	0.121953	0.121953
253.125000	67.975700	0.122810	0.122810
258.750000	67.975700	0.121919	0.121919
264.375000	67.975700	0.122072	0.122071
270.000000	67.975700	0.119962	0.119963
275.625000	67.975700	0.122667	0.122667
281.250000	67.975700	0.122634	0.122633
286.875000	67.975700	0.124120	0.124120
292.500000	67.975700	0.125053	0.125053
298.125000	67.975700	0.124526	0.124525
303.750000	67.975700	0.124616	0.124616
309.375000	67.975700	0.124977	0.124978
315.000000	67.975700	0.121781	0.121780
320.625000	67.975700	0.122582	0.122581
326.250000	67.975700	0.119353	0.119352
331.875000	67.975700	0.122333	0.122333
337.500000	67.975700	0.122806	0.122805
343.125000	67.975700	0.121209	0.121209
348.750000	67.975700	0.120396	0.120396
354.375000	67.975700	0.123045	0.123046
2.812500	70.528800	0.118300	0.118300
8.437500	70.528800	0.118283	0.118282
14.062500	70.528800	0.117466	0.117466
19.687500	70.528800	0.119034	0.119034
25.312500	70.528800	0.118026	0.118026
30.937500	70.528800	0.117255	0.117254
36.562500	70.528800	0.118102	0.118102
42.187500	70.528800	0.118324	0.118324
47.812500	70.528800	0.119518	0.119517
53.437500	70.528800	0.122073	0.122073
59.062500	70.528800	0.123585	0.123585
64.687500	70.528800	0.120789	0.120789
70.312500	70.528800	0.121600	0.121599
75.937500	70.528800	0.118541	0.118541
81.562500	70.528800	0.118724	0.118724
87.187500	70.528800	0.117735	0.117735
92.812500	70.528800	0.116412	0.116412
98.437500	70.528800	0.117437	0.117437
104.062000	70.528800	0.119003	0.119003
109.688000	70.528800	0.120179	0.120180
115.312000	70.528800	0.118191	0.118191
120.938000	70.528800	0.117171	0.117171
126.562000	70.528800	0.116598	0.116598
132.188000	70.528800	0.119963	0.119964
137.812000	70.528800	0.117453	0.117453
143.437000	70.528800	0.116065	0.116065
149.062000	70.528800	0.118275	0.118275
154.688000	70.528800	0.117039	0.117039
160.312000	70.528800	0.118223	0.118223
165.938000	70.528800	0.118075	0.118075
171.562000	70.528800	0.123894	0.123893
177.188000	70.528800	0.120738	0.120738
182.812000	70.528800	0.120563	0.120563
188.438000	70.528800	0.119779	0.119779
194.062000	70.528800	0.117678	0.117677
199.687000	70.528800	0.119717	0.119717
205.312000	70.528800	0.117493	0.117494
210.938000	70.528800	0.120075	0.120075
216.562000	70.528800	0.117391	0.117391
222.188000	70.528800	0.118657	0.118657
227.812000	70.528800	0.117407	0.117407
233.438000	70.528800	0.120765	0.120765
239.062000	70.528800	0.119120	0.119120
244.687000	70.528800	0.115402	0.115402
250.312000	70.528800	0.119347	0.119347
255.937000	70.528800	0.116559	0.116559
261.562000	70.528800	0.118218	0.118219
267.188000	70.528800	0.118551	0.118551
272.812000	70.528800	0.117403	0.117403
278.438000	70.528800	0.118915	0.118915
284.062000	70.528800	0.121241	0.121242
289.688000	70.528800	0.121845	0.121845
295.312000	70.528800	0.121992	0.121993
300.938000	70.528800	0.122033	0.122033
306.562000	70.528800	0.121784	0.121784
312.187000	70.528800	0.120570	0.120570
317.812000	70.528800	0.118587	0.118587
323.438000	70.528800	0.120712	0.120712
329.062000	70.528800	0.116247	0.116247
334.688000	70.528800	0.119343	0.119343
340.312000	70.528800	0.120599	0.120599
345.938000	70.528800	0.119527	0.119527
351.562000	70.528800	0.118542	0.118542
357.187000	70.528800	0.119185	0.119185
0.000000	73.042200	0.115849	0.115849
5.625000	73.042200	0.116482	0.116482
11.250000	73.042200	0.115552	0.115552
16.875000	73.042200	0.116404	0.116405
22.500000	73.042200	0.117017	0.117018
28.125000	73.042200	0.114974	0.114974
33.750000	73.042200	0.115675	0.115675
39.375000	73.042200	0.117391	0.117390
45.000000	73.042200	0.115918	0.115918
50.625000	73.042200	0.118709	0.118710
56.250000	73.042200	0.120196	0.120197
61.875000	73.042200	0.121461	0.121460
67.500000	73.042200	0.118037	0.118038
73.125000	73.042200	0.118440	0.118440
78.750000	73.042200	0.117000	0.117000
84.375000	73.042200	0.116021	0.116021
90.000000	73.042200	0.116847	0.116846
95.625000	73.042200	0.114296	0.114296
101.250000	73.042200	0.116054	0.116053
106.875000	73.042200	0.115645	0.115646
112.500000	73.042200	0.115164	0.115164
118.125000	73.042200	0.116678	0.116678
123.750000	73.042200	0.115287	0.115287
129.375000	73.042200	0.116984	0.116985
135.000000	73.042200	0.116327	0.116327
140.625000	73.042200	0.116333	0.116333
146.250000	73.042200	0.116435	0.116435
151.875000	73.042200	0.114674	0.114674
157.500000	73.042200	0.115436	0.115436
163.125000	73.042200	0.116921	0.116921
168.750000	73.042200	0.115379	0.115379
174.375000	73.042200	0.119447	0.119446
180.000000	73.042200	0.120711	0.120711
185.625000	73.042200	0.119745	0.119746
191.250000	73.042200	0.117717	0.117717
196.875000	73.042200	0.115069	0.115069
202.500000	73.042200	0.116208	0.116208
208.125000	73.042200	0.116109	0.116109
213.750000	73.042200	0.115313	0.115313
219.375000	73.042200	0.117728	0.117728
225.000000	73.042200	0.116934	0.116934
230.625000	73.042200	0.117591	0.117591
236.250000	73.042200	0.117038	0.117038
241.875000	73.042200	0.118106	0.118107
247.500000	73.042200	0.117970	0.117969
253.125000	73.042200	0.115921	0.115921
258.750000	73.042200	0.118020	0.118020
264.375000	73.042200	0.114202	0.114202
270.000000	73.042200	0.115434	0.115434
275.625000	73.042200	0.118259	0.118259
281.250000	73.042200	0.116776	0.116776
286.875000	73.042200	0.116341	0.116341
292.500000	73.042200	0.118835	0.118835
298.125000	73.042200	0.118092	0.118091
303.750000	73.042200	0.119466	0.119466
309.375000	73.042200	0.119346	0.119345
315.000000	73.042200	0.118386	0.118385
320.625000	73.042200	0.117994	0.117994
326.250000	73.042200	0.117383	0.117383
331.875000	73.042200	0.116704	0.116704
337.500000	73.042200	0.118009	0.118009
343.125000	73.042200	0.115018	0.115018
348.750000	73.042200	0.117476	0.117476
354.375000	73.042200	0.118261	0.118262
2.812500	75.522500	0.112287	0.112287
8.437500	75.522500	0.115054	0.115054
14.062500	75.522500	0.113423	0.113423
19.687500	75.522500	0.112705	0.112705
25.312500	75.522500	0.114693	0.114693
30.937500	75.522500	0.111762	0.111762
36.562500	75.522500	0.115358	0.115358
42.187500	75.522500	0.114133	0.114133
47.812500	75.522500	0.115549	0.115549
53.437500	75.522500	0.114825	0.114826
59.062500	75.522500	0.119291	0.119291
64.687500	75.522500	0.117085	0.117086
70.312500	75.522500	0.116086	0.116086
75.937500	75.522500	0.116028	0.116028
81.562500	75.522500	0.115535	0.115535
87.187500	75.522500	0.114285	0.114285
92.812500	75.522500	0.112880	0.112880
98.437500	75.522500	0.114386	0.114386
104.062000	75.522500	0.116165	0.116164
109.688000	75.522500	0.114244	0.114244
115.312000	75.522500	0.113856	0.113856
120.938000	75.522500	0.114433	0.114433
126.562000	75.522500	0.112733	0.112733
132.188000	75.522500	0.115804	0.115804
137.812000	75.522500	0.114956	0.114955
143.437000	75.522500	0.113081	0.113081
149.062000	75.522500	0.113649	0.113649
154.688000	75.522500	0.112156	0.112156
160.312000	75.522500	0.114910	0.114911
165.938000	75.522500	0.114634	0.114634
171.562000	75.522500	0.117098	0.117098
177.188000	75.522500	0.116360	0.116360
182.812000	75.522500	0.119240	0.119239
188.438000	75.522500	0.114415	0.114414
194.062000	75.522500	0.115149	0.115149
199.687000	75.522500	0.113523	0.113523
205.312000	75.522500	0.113208	0.113209
210.938000	75.522500	0.113787	0.113787
216.562000	75.522500	0.115331	0.115331
222.188000	75.522500	0.113123	0.113123
227.812000	75.522500	0.114716	0.114716
233.438000	75.522500	0.111442	0.111442
239.062000	75.522500	0.110758	0.110758
244.687000	75.522500	0.113879	0.113878
250.312000	75.522500	0.114816	0.114816
255.937000	75.522500	0.114312	0.114312
261.562000	75.522500	0.112593	0.112593
267.188000	75.522500	0.113639	0.113639
272.812000	75.522500	0.112977	0.112977
278.438000	75.522500	0.114021	0.114022
284.062000	75.522500	0.116884	0.116883
289.688000	75.522500	0.117035	0.117035
295.312000	75.522500	0.117819	0.117819
300.938000	75.522500	0.117051	0.117051
306.562000	75.522500	0.117864	0.117864
312.187000	75.522500	0.115973	0.115973
317.812000	75.522500	0.116244	0.116244
323.438000	75.522500	0.112106	0.112106
329.062000	75.522500	0.111027	0.111027
334.688000	75.522500	0.114831	0.114831
340.312000	75.522500	0.114079	0.114079
345.938000	75.522500	0.113112	0.113112
351.562000	75.522500	0.112166	0.112166
357.187000	75.522500	0.112199	0.112199
0.000000	77.975300	0.111285	0.111285
5.625000	77.975300	0.112701	0.112701
11.250000	77.975300	0.112501	0.112501
16.875000	77.975300	0.109420	0.109420
22.500000	77.975300	0.110111	0.110111
28.125000	77.975300	0.110082	0.110083
33.750000	77.975300	0.112029	0.112029
39.375000	77.975300	0.113605	0.113605
45.000000	77.975300	0.110799	0.110799
50.625000	77.975300	0.112786	0.112786
56.250000	77.975300	0.114459	0.114459
61.875000	77.975300	0.113464	0.113464
67.500000	77.975300	0.112922	0.112922
73.125000	77.975300	0.115198	0.115198
78.750000	77.975300	0.112589	0.112589
84.375000	77.975300	0.111619	0.111619
90.000000	77.975300	0.112693	0.112693
95.625000	77.975300	0.111621	0.111621
101.250000	77.975300	0.112349	0.112349
106.875000	77.975300	0.112042	0.112042
112.500000	77.975300	0.110274	0.110274
118.125000	77.975300	0.110900	0.110900
123.750000	77.975300	0.110352	0.110352
129.375000	77.975300	0.111667	0.111667
135.000000	77.975300	0.109841	0.109841
140.625000	77.975300	0.112955	0.112955
146.250000	77.975300	0.111472	0.111472
151.875000	77.975300	0.108289	0.108289
157.500000	77.975300	0.111852	0.111852
163.125000	77.975300	0.111017	0.111017
168.750000	77.975300	0.113140	0.113140
174.375000	77.975300	0.113365	0.113366
180.000000	77.975300	0.114293	0.114293
185.625000	77.975300	0.112474	0.112474
191.250000	77.975300	0.113069	0.113069
196.875000	77.975300	0.114076	0.114076
202.500000	77.975300	0.110398	0.110398
208.125000	77.975300	0.111651	0.111651
213.750000	77.975300	0.111169	0.111169
219.375000	77.975300	0.108938	0.108938
225.000000	77.975300	0.110601	0.110601
230.625000	77.975300	0.110125	0.110125
236.250000	77.975300	0.111960	0.111960
241.875000	77.975300	0.109524	0.109524
247.500000	77.975300	0.112798	0.112798
253.125000	77.975300	0.110159	0.110159
258.750000	77.975300	0.112648	0.112648
264.375000	77.975300	0.108904	0.108904
270.000000	77.975300	0.111024	0.111024
275.625000	77.975300	0.112583	0.112583
281.250000	77.975300	0.113836	0.113836
286.875000	77.975300	0.114647	0.114647
292.500000	77.975300	0.115198	0.115197
298.125000	77.975300	0.115161	0.115161
303.750000	77.975300	0.114186	0.114187
309.375000	77.975300	0.112863	0.112863
315.000000	77.975300	0.112821	0.112821
320.625000	77.975300	0.111062	0.111062
326.250000	77.975300	0.109166	0.109166
331.875000	77.975300	0.111394	0.111394
337.500000	77.975300	0.107777	0.107777
343.125000	77.975300	0.113311	0.113311
348.750000	77.975300	0.110420	0.110420
354.375000	77.975300	0.110177	0.110177
2.812500	80.405900	0.108916	0.108916
8.437500	80.405900	0.107522	0.107522
14.062500	80.405900	0.108617	0.108617
19.687500	80.405900	0.107531	0.107531
25.312500	80.405900	0.107094	0.107094
30.937500	80.405900	0.107158	0.107158
36.562500	80.405900	0.109605	0.109605
42.187500	80.405900	0.109850	0.109850
47.812500	80.405900	0.109159	0.109159
53.437500	80.405900	0.111387	0.111387
59.062500	80.405900	0.110496	0.110496
64.687500	80.405900	0.109647	0.109647
70.312500	80.405900	0.110006	0.110007
75.937500	80.405900	0.108430	0.108430
81.562500	80.405900	0.108958	0.108958
87.187500	80.405900	0.108490	0.108490
92.812500	80.405900	0.107854	0.107854
98.437500	80.405900	0.107550	0.107550
104.062000	80.405900	0.106346	0.106346
109.688000	80.405900	0.108508	0.108508
115.312000	80.405900	0.108143	0.108143
120.938000	80.405900	0.106047	0.106047
126.562000	80.405900	0.110813	0.110813
132.188000	80.405900	0.107665	0.107665
137.812000	80.405900	0.107307	0.107307
143.437000	80.405900	0.107289	0.107289
149.062000	80.405900	0.108912	0.108912
154.688000	80.405900	0.108510	0.108510
160.312000	80.405900	0.107893	0.107893
165.938000	80.405900	0.109211	0.109211
171.562000	80.405900	0.109783	0.109783
177.188000	80.405900	0.110908	0.110908
182.812000	80.405900	0.110955	0.110955
188.438000	80.405900	0.110073	0.110073
194.062000	80.405900	0.108401	0.108401
199.687000	80.405900	0.107706	0.107706
205.312000	80.405900	0.108613	0.108613
210.938000	80.405900	0.105986	0.105986
216.562000	80.405900	0.107968	0.107968
222.188000	80.405900	0.106714	0.106714
227.812000	80.405900	0.108328	0.108328
233.438000	80.405900	0.107391	0.107391
239.062000	80.405900	0.106943	0.106943
244.687000	80.405900	0.108280	0.108280
250.312000	80.405900	0.109098	0.109098
255.937000	80.405900	0.109019	0.109019
261.562000	80.405900	0.108412	0.108412
267.188000	80.405900	0.110124	0.110124
272.812000	80.405900	0.107830	0.107830
278.438000	80.405900	0.108611	0.108611
284.062000	80.405900	0.109249	0.109248
289.688000	80.405900	0.109129	0.109129
295.312000	80.405900	0.109705	0.109705
300.938000	80.405900	0.109239	0.109240
306.562000	80.405900	0.112049	0.112049
312.187000	80.405900	0.108713	0.108713
317.812000	80.405900	0.111099	0.111099
323.438000	80.405900	0.106629	0.106629
329.062000	80.405900	0.107384	0.107384
334.688000	80.405900	0.107833	0.107833
340.312000	80.405900	0.107882	0.107882
345.938000	80.405900	0.106924	0.106924
351.562000	80.405900	0.105473	0.105473
357.187000	80.405900	0.107238	0.107238
0.000000	82.819200	0.103896	0.103896
5.625000	82.819200	0.103600	0.103600
11.250000	82.819200	0.104908	0.104908
16.875000	82.819200	0.104482	0.104483
22.500000	82.819200	0.104073	0.104073
28.125000	82.819200	0.103211	0.103211
33.750000	82.819200	0.104769	0.104769
39.375000	82.819200	0.106285	0.106285
45.000000	82.819200	0.103599	0.103599
50.625000	82.819200	0.107752	0.107752
56.250000	82.819200	0.106970	0.106970
61.875000	82.819200	0.107704	0.107704
67.500000	82.819200	0.108159	0.108159
73.125000	82.819200	0.107922	0.107922
78.750000	82.819200	0.107265	0.107265
84.375000	82.819200	0.105085	0.105085
90.000000	82.819200	0.104862	0.104862
95.625000	82.819200	0.103825	0.103825
101.250000	82.819200	0.101936	0.101936
106.875000	82.819200	0.104000	0.104000
112.500000	82.819200	0.105940	0.105940
118.125000	82.819200	0.105292	0.105292
123.750000	82.819200	0.103824	0.103824
129.375000	82.819200	0.106638	0.106638
135.000000	82.819200	0.104981	0.104981
140.625000	82.819200	0.103952	0.103952
146.250000	82.819200	0.101441	0.101441
151.875000	82.819200	0.104466	0.104466
157.500000	82.819200	0.105634	0.105634
163.125000	82.819200	0.105366	0.105366
168.750000	82.819200	0.106655	0.106655
174.375000	82.819200	0.108194	0.108194
180.000000	82.819200	0.106523	0.106523
185.625000	82.819200	0.105924	0.105924
191.250000	82.819200	0.105746	0.105746
196.875000	82.819200	0.105905	0.105905
202.500000	82.819200	0.104491	0.104491
208.125000	82.819200	0.103732	0.103732
213.750000	82.819200	0.106048	0.106048
219.375000	82.819200	0.104521	0.104521
225.000000	82.819200	0.104151	0.104151
230.625000	82.819200	0.103762	0.103762
236.250000	82.819200	0.106307	0.106307
241.875000	82.819200	0.104141	0.104141
247.500000	82.819200	0.103644	0.103644
253.125000	82.819200	0.105665	0.105665
258.750000	82.819200	0.105414	0.105414
264.375000	82.819200	0.103469	0.103469
270.000000	82.819200	0.104445	0.104445
275.625000	82.819200	0.107020	0.107020
281.250000	82.819200	0.105055	0.105055
286.875000	82.819200	0.105673	0.105673
292.500000	82.819200	0.107065	0.107065
298.125000	82.819200	0.107386	0.107386
303.750000	82.819200	0.107711	0.107711
309.375000	82.819200	0.106959	0.106959
315.000000	82.819200	0.106543	0.106543
320.625000	82.819200	0.105602	0.105602
326.250000	82.819200	0.105354	0.105354
331.875000	82.819200	0.105037	0.105037
337.500000	82.819200	0.104532	0.104532
343.125000	82.819200	0.104401	0.104401
348.750000	82.819200	0.105068	0.105068
354.375000	82.819200	0.103193	0.103193
2.812500	85.219800	0.100878	0.100878
8.437500	85.219800	0.102576	0.102576
14.062500	85.219800	0.102058	0.102058
19.687500	85.219800	0.101750	0.101750
25.312500	85.219800	0.102607	0.102607
30.937500	85.219800	0.100655	0.100655
36.562500	85.219800	0.102529	0.102529
42.187500	85.219800	0.102647	0.102647
47.812500	85.219800	0.103985	0.103985
53.437500	85.219800	0.102934	0.102934
59.062500	85.219800	0.104758	0.104758
64.687500	85.219800	0.103904	0.103904
70.312500	85.219800	0.104770	0.104769
75.937500	85.219800	0.103342	0.103342
81.562500	85.219800	0.104069	0.104069
87.187500	85.219800	0.101875	0.101875
92.812500	85.219800	0.101483	0.101483
98.437500	85.219800	0.101066	0.101066
104.062000	85.219800	0.100600	0.100600
109.688000	85.219800	0.101765	0.101765
115.312000	85.219800	0.098985	0.098985
120.938000	85.219800	0.099492	0.099492
126.562000	85.219800	0.101549	0.101549
132.188000	85.219800	0.103033	0.103033
137.812000	85.219800	0.102157	0.102157
143.437000	85.219800	0.101608	0.101608
149.062000	85.219800	0.101637	0.101637
154.688000	85.219800	0.101588	0.101588
160.312000	85.219800	0.102400	0.102400
165.938000	85.219800	0.103980	0.103980
171.562000	85.219800	0.105549	0.105549
177.188000	85.219800	0.104168	0.104168
182.812000	85.219800	0.105648	0.105648
188.438000	85.219800	0.103727	0.103727
194.062000	85.219800	0.102650	0.102650
199.687000	85.219800	0.101514	0.101514
205.312000	85.219800	0.102831	0.102831
210.938000	85.219800	0.100338	0.100338
216.562000	85.219800	0.099427	0.099427
222.188000	85.219800	0.100834	0.100834
227.812000	85.219800	0.099072	0.099072
233.438000	85.219800	0.102077	0.102077
239.062000	85.219800	0.101106	0.101106
244.687000	85.219800	0.101428	0.101428
250.312000	85.219800	0.099208	0.099208
255.937000	85.219800	0.099749	0.099749
261.562000	85.219800	0.100366	0.100366
267.188000	85.219800	0.100494	0.100494
272.812000	85.219800	0.102151	0.102151
278.438000	85.219800	0.103249	0.103249
284.062000	85.219800	0.103775	0.103775
289.688000	85.219800	0.103075	0.103075
295.312000	85.219800	0.102765	0.102765
300.938000	85.219800	0.102113	0.102113
306.562000	85.219800	0.104121	0.104121
312.187000	85.219800	0.102124	0.102124
317.812000	85.219800	0.100398	0.100398
323.438000	85.219800	0.101852	0.101852
329.062000	85.219800	0.100535	0.100535
334.688000	85.219800	0.102279	0.102279
340.312000	85.219800	0.099728	0.099728
345.938000	85.219800	0.100303	0.100302
351.562000	85.219800	0.102119	0.102119
357.187000	85.219800	0.100948	0.100948
0.000000	87.612000	0.098290	0.098290
5.625000	87.612000	0.099880	0.099880
11.250000	87.612000	0.098085	0.098085
16.875000	87.612000	0.099519	0.099519
22.500000	87.612000	0.097521	0.097521
28.125000	87.612000	0.099199	0.099199
33.750000	87.612000	0.100914	0.100914
39.375000	87.612000	0.098815	0.098815
45.000000	87.612000	0.101058	0.101058
50.625000	87.612000	0.101350	0.101350
56.250000	87.612000	0.102045	0.102045
61.875000	87.612000	0.100686	0.100686
67.500000	87.612000	0.100906	0.100906
73.125000	87.612000	0.099592	0.099592
78.750000	87.612000	0.097418	0.097418
84.375000	87.612000	0.100711	0.100711
90.000000	87.612000	0.095612	0.095612
95.625000	87.612000	0.098341	0.098341
101.250000	87.612000	0.098417	0.098417
106.875000	87.612000	0.098074	0.098074
112.500000	87.612000	0.098668	0.098668
118.125000	87.612000	0.097589	0.097589
123.750000	87.612000	0.097384	0.097384
129.375000	87.612000	0.097723	0.097723
135.000000	87.612000	0.097472	0.097472
140.625000	87.612000	0.098693	0.098693
146.250000	87.612000	0.099698	0.099698
151.875000	87.612000	0.096877	0.096877
157.500000	87.612000	0.097778	0.097778
163.125000	87.612000	0.100858	0.100858
168.750000	87.612000	0.100165	0.100165
174.375000	87.612000	0.103273	0.103273
180.000000	87.612000	0.102440	0.102440
185.625000	87.612000	0.102091	0.102091
191.250000	87.612000	0.099740	0.099739
196.875000	87.612000	0.098826	0.098826
202.500000	87.612000	0.099436	0.099436
208.125000	87.612000	0.098364	0.098364
213.750000	87.612000	0.098178	0.098178
219.375000	87.612000	0.098078	0.098078
225.000000	87.612000	0.097443	0.097443
230.625000	87.612000	0.098264	0.098264
236.250000	87.612000	0.098995	0.098995
241.875000	87.612000	0.099912	0.099912
247.500000	87.612000	0.098601	0.098601
253.125000	87.612000	0.097885	0.097885
258.750000	87.612000	0.098767	0.098767
264.375000	87.612000	0.097238	0.097238
270.000000	87.612000	0.099869	0.099869
275.625000	87.612000	0.099690	0.099690
281.250000	87.612000	0.099934	0.099934
286.875000	87.612000	0.103261	0.103262
292.500000	87.612000	0.100959	0.100959
298.125000	87.612000	0.100782	0.100782
303.750000	87.612000	0.102383	0.102383
309.375000	87.612000	0.100595	0.100595
315.000000	87.612000	0.101050	0.101050
320.625000	87.612000	0.099963	0.099963
326.250000	87.612000	0.098923	0.098923
331.875000	87.612000	0.097765	0.097765
337.500000	87.612000	0.097641	0.097641
343.125000	87.612000	0.096616	0.096616
348.750000	87.612000	0.098942	0.098942
354.375000	87.612000	0.097230	0.097230
2.812500	90.000000	0.093812	0.093812
8.437500	90.000000	0.095128	0.095128
14.062500	90.000000	0.095916	0.095916
19.687500	90.000000	0.096619	0.096619
25.312500	90.000000	0.095715	0.095715
30.937500	90.000000	0.096761	0.096761
36.562500	90.000000	0.097931	0.097931
42.187500	90.000000	0.095001	0.095001
47.812500	90.000000	0.098390	0.098390
53.437500	90.000000	0.098345	0.098345
59.062500	90.000000	0.099899	0.099899
64.687500	90.000000	0.098032	0.098031
70.312500	90.000000	0.098687	0.098687
75.937500	90.000000	0.099095	0.099095
81.562500	90.000000	0.098058	0.098058
87.187500	90.000000	0.097749	0.097749
92.812500	90.000000	0.096047	0.096047
98.437500	90.000000	0.094923	0.094923
104.062000	90.000000	0.096734	0.096734
109.688000	90.000000	0.095187	0.095187
115.312000	90.000000	0.095633	0.095633
120.938000	90.000000	0.096648	0.096648
126.562000	90.000000	0.098073	0.098073
132.188000	90.000000	0.096823	0.096823
137.812000	90.000000	0.095037	0.095037
143.437000	90.000000	0.095187	0.095187
149.062000	90.000000	0.095100	0.095100
154.688000	90.000000	0.095020	0.095020
160.312000	90.000000	0.098062	0.098062
165.938000	90.000000	0.097306	0.097306
171.562000	90.000000	0.095456	0.095455
177.188000	90.000000	0.099155	0.099155
182.812000	90.000000	0.099280	0.099280
188.438000	90.000000	0.096730	0.096730
194.062000	90.000000	0.097382	0.097382
199.687000	90.000000	0.097235	0.097235
205.312000	90.000000	0.096313	0.096313
210.938000	90.000000	0.095511	0.095511
216.562000	90.000000	0.093952	0.093952
222.188000	90.000000	0.094915	0.094915
227.812000	90.000000	0.095379	0.095379
233.438000	90.000000	0.097083	0.097083
239.062000	90.000000	0.095508	0.095508
244.687000	90.000000	0.098294	0.098294
250.312000	90.000000	0.095757	0.095757
255.937000	90.000000	0.095550	0.095550
261.562000	90.000000	0.097728	0.097728
267.188000	90.000000	0.094468	0.094468
272.812000	90.000000	0.097003	0.097004
278.438000	90.000000	0.097081	0.097081
284.062000	90.000000	0.099792	0.099792
289.688000	90.000000	0.100083	0.100083
295.312000	90.000000	0.099038	0.099038
300.938000	90.000000	0.098398	0.098398
306.562000	90.000000	0.099626	0.099626
312.187000	90.000000	0.097327	0.097327
317.812000	90.000000	0.096531	0.096531
323.438000	90.000000	0.095365	0.095365
329.062000	90.000000	0.096798	0.096798
334.688000	90.000000	0.094819	0.094819
340.312000	90.000000	0.095291	0.095291
345.938000	90.000000	0.096005	0.096005
351.562000	90.000000	0.096320	0.096320
357.187000	90.000000	0.094432	0.094432
0.000000	92.388000	0.094775	0.094775
5.625000	92.388000	0.093558	0.093558
11.250000	92.388000	0.092538	0.092538
16.875000	92.388000	0.092637	0.092637
22.500000	92.388000	0.093080	0.093080
28.125000	92.388000	0.092319	0.092319
33.750000	92.388000	0.094925	0.094925
39.375000	92.388000	0.094548	0.094548
45.000000	92.388000	0.095062	0.095062
50.625000	92.388000	0.095985	0.095985
56.250000	92.388000	0.096355	0.096355
61.875000	92.388000	0.096398	0.096398
67.500000	92.388000	0.096837	0.096837
73.125000	92.388000	0.097052	0.097052
78.750000	92.388000	0.095878	0.095878
84.375000	92.388000	0.095470	0.095470
90.000000	92.388000	0.094526	0.094526
95.625000	92.388000	0.092686	0.092686
101.250000	92.388000	0.092679	0.092679
106.875000	92.388000	0.092410	0.092410
112.500000	92.388000	0.092101	0.092101
118.125000	92.388000	0.092489	0.092489
123.750000	92.388000	0.096039	0.096039
129.375000	92.388000	0.095132	0.095132
135.000000	92.388000	0.093706	0.093706
140.625000	92.388000	0.092879	0.092879
146.250000	92.388000	0.094838	0.094838
151.875000	92.388000	0.094850	0.094850
157.500000	92.388000	0.094747	0.094746
163.125000	92.388000	0.095027	0.095027
168.750000	92.388000	0.096519	0.096519
174.375000	92.388000	0.096813	0.096813
180.000000	92.388000	0.096340	0.096340
185.625000	92.388000	0.095755	0.095755
191.250000	92.388000	0.096675	0.096675
196.875000	92.388000	0.095593	0.095593
202.500000	92.388000	0.095064	0.095064
208.125000	92.388000	0.093038	0.093038
213.750000	92.388000	0.091411	0.091411
219.375000	92.388000	0.093784	0.093784
225.000000	92.388000	0.095343	0.095342
230.625000	92.388000	0.093606	0.093606
236.250000	92.388000	0.092792	0.092792
241.875000	92.388000	0.092948	0.092948
247.500000	92.388000	0.092945	0.092945
253.125000	92.388000	0.095296	0.095296
258.750000	92.388000	0.094637	0.094637
264.375000	92.388000	0.091972	0.091972
270.000000	92.388000	0.095020	0.095020
275.625000	92.388000	0.095416	0.095416
281.250000	92.388000	0.095836	0.095836
286.875000	92.388000	0.096672	0.096672
292.500000	92.388000	0.095927	0.095927
298.125000	92.388000	0.096880	0.096879
303.750000	92.388000	0.096957	0.096957
309.375000	92.388000	0.096430	0.096430
315.000000	92.388000	0.095387	0.095387
320.625000	92.388000	0.095539	0.095539
326.250000	92.388000	0.095709	0.095709
331.875000	92.388000	0.092666	0.092666
337.500000	92.388000	0.093927	0.093927
343.125000	92.388000	0.092402	0.092402
348.750000	92.388000	0.093246	0.093246
354.375000	92.388000	0.095170	0.095170
2.812500	94.780200	0.091285	0.091285
8.437500	94.780200	0.092117	0.092117
14.062500	94.780200	0.092616	0.092616
19.687500	94.780200	0.091710	0.091710
25.312500	94.780200	0.091509	0.091509
30.937500	94.780200	0.091309	0.091309
36.562500	94.780200	0.094399	0.094399
42.187500	94.780200	0.091382	0.091382
47.812500	94.780200	0.092746	0.092746
53.437500	94.780200	0.093189	0.093189
59.062500	94.780200	0.094417	0.094417
64.687500	94.780200	0.095553	0.095553
70.312500	94.780200	0.093997	0.093997
75.937500	94.780200	0.093008	0.093008
81.562500	94.780200	0.093407	0.093407
87.187500	94.780200	0.091996	0.091996
92.812500	94.780200	0.090423	0.090423
98.437500	94.780200	0.091736	0.091736
104.062000	94.780200	0.090405	0.090405
109.688000	94.780200	0.091923	0.091924
115.312000	94.780200	0.090394	0.090394
120.938000	94.780200	0.089845	0.089845
126.562000	94.780200	0.090765	0.090765
132.188000	94.780200	0.091826	0.091826
137.812000	94.780200	0.090038	0.090038
143.437000	94.780200	0.090062	0.090062
149.062000	94.780200	0.091556	0.091556
154.688000	94.780200	0.092963	0.092963
160.312000	94.780200	0.091735	0.091735
165.938000	94.780200	0.093858	0.093858
171.562000	94.780200	0.091597	0.091597
177.188000	94.780200	0.093863	0.093863
182.812000	94.780200	0.092106	0.092106
188.438000	94.780200	0.094079	0.094079
194.062000	94.780200	0.092609	0.092609
199.687000	94.780200	0.090759	0.090759
205.312000	94.780200	0.092953	0.092953
210.938000	94.780200	0.089606	0.089606
216.562000	94.780200	0.089796	0.089796
222.188000	94.780200	0.090648	0.090648
227.812000	94.780200	0.091834	0.091834
233.438000	94.780200	0.091536	0.091536
239.062000	94.780200	0.089370	0.089370
244.687000	94.780200	0.092347	0.092347
250.312000	94.780200	0.093153	0.093153
255.937000	94.780200	0.090643	0.090643
261.562000	94.780200	0.091600	0.091600
267.188000	94.780200	0.092723	0.092723
272.812000	94.780200	0.092790	0.092790
278.438000	94.780200	0.092944	0.092944
284.062000	94.780200	0.093742	0.093742
289.688000	94.780200	0.093202	0.093202
295.312000	94.780200	0.091963	0.091963
300.938000	94.780200	0.094704	0.094704
306.562000	94.780200	0.096041	0.096041
312.187000	94.780200	0.094159	0.094159
317.812000	94.780200	0.093454	0.093454
323.438000	94.780200	0.092600	0.092600
329.062000	94.780200	0.091793	0.091794
334.688000	94.780200	0.090878	0.090878
340.312000	94.780200	0.091692	0.091692
345.938000	94.780200	0.091883	0.091883
351.562000	94.780200	0.090940	0.090940
357.187000	94.780200	0.090618	0.090618
0.000000	97.180800	0.086754	0.086754
5.625000	97.180800	0.087176	0.087176
11.250000	97.180800	0.088097	0.088097
16.875000	97.180800	0.088290	0.088290
22.500000	97.180800	0.086039	0.086039
28.125000	97.180800	0.087515	0.087515
33.750000	97.180800	0.087568	0.087568
39.375000	97.180800	0.087402	0.087402
45.000000	97.180800	0.089448	0.089448
50.625000	97.180800	0.092266	0.092266
56.250000	97.180800	0.090310	0.090310
61.875000	97.180800	0.089522	0.089522
67.500000	97.180800	0.089139	0.089139
73.125000	97.180800	0.088783	0.088783
78.750000	97.180800	0.088420	0.088420
84.375000	97.180800	0.088196	0.088196
90.000000	97.180800	0.089714	0.089714
95.625000	97.180800	0.086668	0.086668
101.250000	97.180800	0.086451	0.086450
106.875000	97.180800	0.086190	0.086190
112.500000	97.180800	0.087389	0.087389
118.125000	97.180800	0.087807	0.087806
123.750000	97.180800	0.086713	0.086713
129.375000	97.180800	0.086209	0.086209
135.000000	97.180800	0.084995	0.084996
140.625000	97.180800	0.087722	0.087722
146.250000	97.180800	0.087525	0.087525
151.875000	97.180800	0.087650	0.087650
157.500000	97.180800	0.088260	0.088260
163.125000	97.180800	0.087449	0.087449
168.750000	97.180800	0.089780	0.089780
174.375000	97.180800	0.090814	0.090814
180.000000	97.180800	0.089156	0.089156
185.625000	97.180800	0.089776	0.089776
191.250000	97.180800	0.088812	0.088812
196.875000	97.180800	0.088046	0.088046
202.500000	97.180800	0.088288	0.088288
208.125000	97.180800	0.087853	0.087854
213.750000	97.180800	0.088852	0.088852
219.375000	97.180800	0.088146	0.088146
225.000000	97.180800	0.086982	0.086982
230.625000	97.180800	0.086166	0.086166
236.250000	97.180800	0.087592	0.087592
241.875000	97.180800	0.086508	0.086508
247.500000	97.180800	0.086790	0.086790
253.125000	97.180800	0.088202	0.088202
258.750000	97.180800	0.088266	0.088266
264.375000	97.180800	0.087209	0.087209
270.000000	97.180800	0.085569	0.085569
275.625000	97.180800	0.088434	0.088434
281.250000	97.180800	0.090324	0.090324
286.875000	97.180800	0.090280	0.090280
292.500000	97.180800	0.089962	0.089963
298.125000	97.180800	0.089850	0.089850
303.750000	97.180800	0.091143	0.091144
309.375000	97.180800	0.090956	0.090956
315.000000	97.180800	0.089821	0.089821
320.625000	97.180800	0.088443	0.088443
326.250000	97.180800	0.088297	0.088297
331.875000	97.180800	0.086743	0.086743
337.500000	97.180800	0.087749	0.087749
343.125000	97.180800	0.087444	0.087444
348.750000	97.180800	0.088153	0.088153
354.375000	97.180800	0.086349	0.086348
2.812500	99.594100	0.081648	0.081648
8.437500	99.594100	0.082235	0.082235
14.062500	99.594100	0.081862	0.081862
19.687500	99.594100	0.080758	0.080758
25.312500	99.594100	0.082903	0.082903
30.937500	99.594100	0.083490	0.083490
36.562500	99.594100	0.082780	0.082780
42.187500	99.594100	0.083825	0.083825
47.812500	99.594100	0.086462	0.086462
53.437500	99.594100	0.085119	0.085119
59.062500	99.594100	0.086555	0.086555
64.687500	99.594100	0.085383	0.085383
70.312500	99.594100	0.084658	0.084658
75.937500	99.594100	0.085169	0.085169
81.562500	99.594100	0.084499	0.084499
87.187500	99.594100	0.083540	0.083540
92.812500	99.594100	0.082662	0.082662
98.437500	99.594100	0.082236	0.082236
104.062000	99.594100	0.082388	0.082388
109.688000	99.594100	0.081445	0.081445
115.312000	99.594100	0.085710	0.085710
120.938000	99.594100	0.083134	0.083135
126.562000	99.594100	0.082878	0.082878
132.188000	99.594100	0.083651	0.083651
137.812000	99.594100	0.082107	0.082107
143.437000	99.594100	0.083005	0.083005
149.062000	99.594100	0.082778	0.082779
154.688000	99.594100	0.083214	0.083214
160.312000	99.594100	0.083505	0.083505
165.938000	99.594100	0.085670	0.085669
171.562000	99.594100	0.084957	0.084958
177.188000	99.594100	0.084812	0.084812
182.812000	99.594100	0.084571	0.084571
188.438000	99.594100	0.084469	0.084469
194.062000	99.594100	0.085026	0.085026
199.687000	99.594100	0.084205	0.084205
205.312000	99.594100	0.082505	0.082505
210.938000	99.594100	0.083476	0.083476
216.562000	99.594100	0.082182	0.082182
222.188000	99.594100	0.081034	0.081034
227.812000	99.594100	0.083181	0.083181
233.438000	99.594100	0.082169	0.082169
239.062000	99.594100	0.081195	0.081195
244.687000	99.594100	0.083953	0.083953
250.312000	99.594100	0.082072	0.082072
255.937000	99.594100	0.082703	0.082702
261.562000	99.594100	0.082081	0.082081
267.188000	99.594100	0.083151	0.083151
272.812000	99.594100	0.083908	0.083908
278.438000	99.594100	0.084361	0.084361
284.062000	99.594100	0.086080	0.086080
289.688000	99.594100	0.083928	0.083929
295.312000	99.594100	0.087103	0.087103
300.938000	99.594100	0.084719	0.084719
306.562000	99.594100	0.084390	0.084390
312.187000	99.594100	0.083420	0.083420
317.812000	99.594100	0.084854	0.084854
323.438000	99.594100	0.084555	0.084555
329.062000	99.594100	0.082516	0.082516
334.688000	99.594100	0.083287	0.083287
340.312000	99.594100	0.082206	0.082206
345.938000	99.594100	0.082000	0.082000
351.562000	99.594100	0.082808	0.082808
357.187000	99.594100	0.083176	0.083176
0.000000	102.025000	0.075520	0.075520
5.625000	102.025000	0.076813	0.076813
11.250000	102.025000	0.076500	0.076500
16.875000	102.025000	0.076809	0.076809
22.500000	102.025000	0.077868	0.077868
28.125000	102.025000	0.077303	0.077303
33.750000	102.025000	0.076661	0.076661
39.375000	102.025000	0.078723	0.078723
45.000000	102.025000	0.078976	0.078976
50.625000	102.025000	0.079133	0.079133
56.250000	102.025000	0.079262	0.079262
61.875000	102.025000	0.078765	0.078765
67.500000	102.025000	0.079030	0.079030
73.125000	102.025000	0.079069	0.079069
78.750000	102.025000	0.079377	0.079377
84.375000	102.025000	0.077077	0.077077
90.000000	102.025000	0.077645	0.077645
95.625000	102.025000	0.075818	0.075818
101.250000	102.025000	0.075816	0.075816
106.875000	102.025000	0.076941	0.076941
112.500000	102.025000	0.075685	0.075685
118.125000	102.025000	0.076605	0.076605
123.750000	102.025000	0.076486	0.076486
129.375000	102.025000	0.077261	0.077261
135.000000	102.025000	0.075562	0.075562
140.625000	102.025000	0.076961	0.076961
146.250000	102.025000	0.076748	0.076748
151.875000	102.025000	0.077045	0.077045
157.500000	102.025000	0.075556	0.075556
163.125000	102.025000	0.077931	0.077931
168.750000	102.025000	0.080214	0.080214
174.375000	102.025000	0.079740	0.079740
180.000000	102.025000	0.077881	0.077881
185.625000	102.025000	0.080048	0.080048
191.250000	102.025000	0.079049	0.079049
196.875000	102.025000	0.079421	0.079421
202.500000	102.025000	0.077489	0.077489
208.125000	102.025000	0.076510	0.076510
213.750000	102.025000	0.076768	0.076768
219.375000	102.025000	0.078086	0.078086
225.000000	102.025000	0.077085	0.077085
230.625000	102.025000	0.076129	0.076129
236.250000	102.025000	0.075921	0.075921
241.875000	102.025000	0.075795	0.075795
247.500000	102.025000	0.076310	0.076310
253.125000	102.025000	0.078402	0.078402
258.750000	102.025000	0.076892	0.076892
264.375000	102.025000	0.076700	0.076700
270.000000	102.025000	0.078697	0.078697
275.625000	102.025000	0.077045	0.077045
281.250000	102.025000	0.078552	0.078552
286.875000	102.025000	0.079282	0.079282
292.500000	102.025000	0.078954	0.078954
298.125000	102.025000	0.078899	0.078899
303.750000	102.025000	0.080160	0.080160
309.375000	102.025000	0.078773	0.078773
315.000000	102.025000	0.077779	0.077779
320.625000	102.025000	0.079031	0.079031
326.250000	102.025000	0.078442	0.078442
331.875000	102.025000	0.077092	0.077092
337.500000	102.025000	0.077096	0.077096
343.125000	102.025000	0.076980	0.076980
348.750000	102.025000	0.075596	0.075596
354.375000	102.025000	0.075507	0.075507
2.812500	104.478000	0.071177	0.071177
8.437500	104.478000	0.070486	0.070486
14.062500	104.478000	0.070399	0.070399
19.687500	104.478000	0.070493	0.070493
25.312500	104.478000	0.070605	0.070605
30.937500	104.478000	0.070774	0.070774
36.562500	104.478000	0.070856	0.070857
42.187500	104.478000	0.072051	0.072051
47.812500	104.478000	0.072576	0.072576
53.437500	104.478000	0.071613	0.071613
59.062500	104.478000	0.071900	0.071900
64.687500	104.478000	0.071933	0.071933
70.312500	104.478000	0.073098	0.073097
75.937500	104.478000	0.072781	0.072781
81.562500	104.478000	0.071877	0.071877
87.187500	104.478000	0.071311	0.071310
92.812500	104.478000	0.071697	0.071697
98.437500	104.478000	0.071896	0.071896
104.062000	104.478000	0.070108	0.070108
109.688000	104.478000	0.071052	0.071052
115.312000	104.478000	0.069572	0.069572
120.938000	104.478000	0.070453	0.070453
126.562000	104.478000	0.069534	0.069534
132.188000	104.478000	0.070845	0.070845
137.812000	104.478000	0.070215	0.070215
143.437000	104.478000	0.071338	0.071338
149.062000	104.478000	0.069701	0.069701
154.688000	104.478000	0.071517	0.071517
160.312000	104.478000	0.071872	0.071872
165.938000	104.478000	0.072204	0.072204
171.562000	104.478000	0.071808	0.071808
177.188000	104.478000	0.072508	0.072508
182.812000	104.478000	0.071907	0.071907
188.438000	104.478000	0.071536	0.071536
194.062000	104.478000	0.071331	0.071331
199.687000	104.478000	0.071778	0.071778
205.312000	104.478000	0.069924	0.069924
210.938000	104.478000	0.070496	0.070496
216.562000	104.478000	0.071928	0.071928
222.188000	104.478000	0.070842	0.070842
227.812000	104.478000	0.070872	0.070872
233.438000	104.478000	0.071447	0.071447
239.062000	104.478000	0.069151	0.069151
244.687000	104.478000	0.070297	0.070297
250.312000	104.478000	0.071098	0.071098
255.937000	104.478000	0.070735	0.070735
261.562000	104.478000	0.069634	0.069634
267.188000	104.478000	0.070850	0.070850
272.812000	104.478000	0.070010	0.070010
278.438000	104.478000	0.070478	0.070478
284.062000	104.478000	0.073576	0.073576
289.688000	104.478000	0.072465	0.072466
295.312000	104.478000	0.073075	0.073075
300.938000	104.478000	0.071934	0.071934
306.562000	104.478000	0.073105	0.073105
312.187000	104.478000	0.071834	0.071834
317.812000	104.478000	0.072475	0.072475
323.438000	104.478000	0.070798	0.070798
329.062000	104.478000	0.071239	0.071239
334.688000	104.478000	0.070606	0.070606
340.312000	104.478000	0.072096	0.072096
345.938000	104.478000	0.070815	0.070815
351.562000	104.478000	0.069369	0.069369
357.187000	104.478000	0.070739	0.070739
0.000000	106.958000	0.064128	0.064128
5.625000	106.958000	0.063098	0.063098
11.250000	106.958000	0.063115	0.063115
16.875000	106.958000	0.062726	0.062726
22.500000	106.958000	0.062775	0.062774
28.125000	106.958000	0.064148	0.064148
33.750000	106.958000	0.065288	0.065288
39.375000	106.958000	0.063859	0.063859
45.000000	106.958000	0.064972	0.064972
50.625000	106.958000	0.065105	0.065105
56.250000	106.958000	0.065728	0.065728
61.875000	106.958000	0.065967	0.065967
67.500000	106.958000	0.064698	0.064698
73.125000	106.958000	0.064354	0.064354
78.750000	106.958000	0.064867	0.064867
84.375000	106.958000	0.063853	0.063853
90.000000	106.958000	0.065323	0.065323
95.625000	106.958000	0.064264	0.064264
101.250000	106.958000	0.064618	0.064618
106.875000	106.958000	0.063598	0.063598
112.500000	106.958000	0.063066	0.063066
118.125000	106.958000	0.062891	0.062891
123.750000	106.958000	0.062571	0.062571
129.375000	106.958000	0.062331	0.062330
135.000000	106.958000	0.062167	0.062167
140.625000	106.958000	0.063933	0.063934
146.250000	106.958000	0.064997	0.064997
151.875000	106.958000	0.063078	0.063078
157.500000	106.958000	0.063915	0.063915
163.125000	106.958000	0.064052	0.064052
168.750000	106.958000	0.063215	0.063215
174.375000	106.958000	0.063948	0.063948
180.000000	106.958000	0.064885	0.064885
185.625000	106.958000	0.066345	0.066345
191.250000	106.958000	0.066939	0.066939
196.875000	106.958000	0.064906	0.064906
202.500000	106.958000	0.064512	0.064512
208.125000	106.958000	0.062798	0.062798
213.750000	106.958000	0.063442	0.063442
219.375000	106.958000	0.065268	0.065268
225.000000	106.958000	0.063489	0.063489
230.625000	106.958000	0.063878	0.063878
236.250000	106.958000	0.063283	0.063283
241.875000	106.958000	0.064505	0.064505
247.500000	106.958000	0.062000	0.061999
253.125000	106.958000	0.063535	0.063535
258.750000	106.958000	0.064647	0.064647
264.375000	106.958000	0.062715	0.062715
270.000000	106.958000	0.064085	0.064085
275.625000	106.958000	0.065298	0.065298
281.250000	106.958000	0.065682	0.065682
286.875000	106.958000	0.065902	0.065903
292.500000	106.958000	0.065587	0.065587
298.125000	106.958000	0.064713	0.064713
303.750000	106.958000	0.066018	0.066018
309.375000	106.958000	0.064968	0.064968
315.000000	106.958000	0.064383	0.064383
320.625000	106.958000	0.065129	0.065129
326.250000	106.958000	0.065260	0.065260
331.875000	106.958000	0.064074	0.064074
337.500000	106.958000	0.063088	0.063088
343.125000	106.958000	0.064315	0.064315
348.750000	106.958000	0.063300	0.063300
354.375000	106.958000	0.063241	0.063241
2.812500	109.471000	0.055940	0.055940
8.437500	109.471000	0.057175	0.057175
14.062500	109.471000	0.057036	0.057036
19.687500	109.471000	0.055671	0.055671
25.312500	109.471000	0.056955	0.056955
30.937500	109.471000	0.057701	0.057701
36.562500	109.471000	0.058205	0.058205
42.187500	109.471000	0.057501	0.057501
47.812500	109.471000	0.057011	0.057011
53.437500	109.471000	0.057965	0.057965
59.062500	109.471000	0.056439	0.056439
64.687500	109.471000	0.058320	0.058320
70.312500	109.471000	0.057082	0.057082
75.937500	109.471000	0.057054	0.057054
81.562500	109.471000	0.057489	0.057489
87.187500	109.471000	0.056738	0.056738
92.812500	109.471000	0.057224	0.057224
98.437500	109.471000	0.056292	0.056292
104.062000	109.471000	0.056732	0.056732
109.688000	109.471000	0.055015	0.055015
115.312000	109.471000	0.056678	0.056678
120.938000	109.471000	0.055385	0.055385
126.562000	109.471000	0.055854	0.055854
132.188000	109.471000	0.056295	0.056295
137.812000	109.471000	0.055891	0.055891
143.437000	109.471000	0.055570	0.055570
149.062000	109.471000	0.055978	0.055978
154.688000	109.471000	0.057448	0.057448
160.312000	109.471000	0.056247	0.056247
165.938000	109.471000	0.056482	0.056482
171.562000	109.471000	0.057656	0.057656
177.188000	109.471000	0.058427	0.058427
182.812000	109.471000	0.057627	0.057626
188.438000	109.471000	0.057201	0.057201
194.062000	109.471000	0.056377	0.056377
199.687000	109.471000	0.056491	0.056491
205.312000	109.471000	0.056782	0.056782
210.938000	109.471000	0.056543	0.056543
216.562000	109.471000	0.056936	0.056936
222.188000	109.471000	0.056094	0.056094
227.812000	109.471000	0.054972	0.054972
233.438000	109.471000	0.055414	0.055414
239.062000	109.471000	0.055546	0.055546
244.687000	109.471000	0.056291	0.056291
250.312000	109.471000	0.056417	0.056417
255.937000	109.471000	0.055784	0.055784
261.562000	109.471000	0.056208	0.056208
267.188000	109.471000	0.056692	0.056692
272.812000	109.471000	0.058423	0.058424
278.438000	109.471000	0.057190	0.057190
284.062000	109.471000	0.058097	0.058097
289.688000	109.471000	0.055806	0.055806
295.312000	109.471000	0.057946	0.057946
300.938000	109.471000	0.057754	0.057754
306.562000	109.471000	0.058021	0.058021
312.187000	109.471000	0.057070	0.057070
317.812000	109.471000	0.056914	0.056914
323.438000	109.471000	0.057682	0.057682
329.062000	109.471000	0.056952	0.056952
334.688000	109.471000	0.057387	0.057387
340.312000	109.471000	0.056295	0.056295
345.938000	109.471000	0.055969	0.055969
351.562000	109.471000	0.056449	0.056449
357.187000	109.471000	0.055829	0.055829
0.000000	112.024000	0.048475	0.048475
5.625000	112.024000	0.049739	0.049739
11.250000	112.024000	0.049546	0.049546
16.875000	112.024000	0.048703	0.048703
22.500000	112.024000	0.048842	0.048842
28.125000	112.024000	0.048840	0.048840
33.750000	112.024000	0.050295	0.050295
39.375000	112.024000	0.050333	0.050333
45.000000	112.024000	0.051206	0.051206
50.625000	112.024000	0.050573	0.050573
56.250000	112.024000	0.049803	0.049803
61.875000	112.024000	0.050320	0.050320
67.500000	112.024000	0.050549	0.050549
73.125000	112.024000	0.051082	0.051083
78.750000	112.024000	0.049820	0.049820
84.375000	112.024000	0.049715	0.049715
90.000000	112.024000	0.049842	0.049842
95.625000	112.024000	0.049067	0.049067
101.250000	112.024000	0.049690	0.049690
106.875000	112.024000	0.049337	0.049337
112.500000	112.024000	0.048537	0.048537
118.125000	112.024000	0.048775	0.048775
123.750000	112.024000	0.048936	0.048936
129.375000	112.024000	0.048075	0.048075
135.000000	112.024000	0.049977	0.049978
140.625000	112.024000	0.050299	0.050299
146.250000	112.024000	0.049546	0.049547
151.875000	112.024000	0.049036	0.049036
157.500000	112.024000	0.050746	0.050746
163.125000	112.024000	0.049485	0.049485
168.750000	112.024000	0.051765	0.051765
174.375000	112.024000	0.051312	0.051312
180.000000	112.024000	0.050947	0.050947
185.625000	112.024000	0.051351	0.051351
191.250000	112.024000	0.048878	0.048878
196.875000	112.024000	0.049606	0.049606
202.500000	112.024000	0.048525	0.048525
208.125000	112.024000	0.049587	0.049587
213.750000	112.024000	0.048305	0.048305
219.375000	112.024000	0.048253	0.048253
225.000000	112.024000	0.047329	0.047329
230.625000	112.024000	0.048466	0.048466
236.250000	112.024000	0.048932	0.048932
241.875000	112.024000	0.048511	0.048511
247.500000	112.024000	0.048420	0.048420
253.125000	112.024000	0.048630	0.048631
258.750000	112.024000	0.049290	0.049290
264.375000	112.024000	0.048662	0.048662
270.000000	112.024000	0.049895	0.049895
275.625000	112.024000	0.050714	0.050714
281.250000	112.024000	0.049971	0.049971
286.875000	112.024000	0.050275	0.050275
292.500000	112.024000	0.049796	0.049796
298.125000	112.024000	0.050757	0.050757
303.750000	112.024000	0.050585	0.050585
309.375000	112.024000	0.049997	0.049997
315.000000	112.024000	0.051264	0.051264
320.625000	112.024000	0.049753	0.049753
326.250000	112.024000	0.049548	0.049548
331.875000	112.024000	0.049881	0.049881
337.500000	112.024000	0.048890	0.048890
343.125000	112.024000	0.049233	0.049233
348.750000	112.024000	0.048454	0.048454
354.375000	112.024000	0.047589	0.047589
2.812500	114.624000	0.042445	0.042445
8.437500	114.624000	0.042594	0.042595
14.062500	114.624000	0.042130	0.042130
19.687500	114.624000	0.042177	0.042177
25.312500	114.624000	0.042021	0.042021
30.937500	114.624000	0.043393	0.043393
36.562500	114.624000	0.043311	0.043311
42.187500	114.624000	0.044263	0.044263
47.812500	114.624000	0.044084	0.044084
53.437500	114.624000	0.043879	0.043879
59.062500	114.624000	0.043622	0.043622
64.687500	114.624000	0.043032	0.043032
70.312500	114.624000	0.043374	0.043374
75.937500	114.624000	0.043903	0.043903
81.562500	114.624000	0.043616	0.043616
87.187500	114.624000	0.043355	0.043354
92.812500	114.624000	0.043290	0.043290
98.437500	114.624000	0.043526	0.043526
104.062000	114.624000	0.042833	0.042833
109.688000	114.624000	0.043275	0.043275
115.312000	114.624000	0.042277	0.042277
120.938000	114.624000	0.042552	0.042552
126.562000	114.624000	0.041322	0.041322
132.188000	114.624000	0.042061	0.042061
137.812000	114.624000	0.041740	0.041740
143.437000	114.624000	0.041938	0.041938
149.062000	114.624000	0.043318	0.043319
154.688000	114.624000	0.043416	0.043416
160.312000	114.624000	0.043442	0.043442
165.938000	114.624000	0.044309	0.044309
171.562000	114.624000	0.043426	0.043426
177.188000	114.624000	0.044438	0.044438
182.812000	114.624000	0.043587	0.043587
188.438000	114.624000	0.045032	0.045033
194.062000	114.624000	0.043026	0.043026
199.687000	114.624000	0.043261	0.043261
205.312000	114.624000	0.043320	0.043320
210.938000	114.624000	0.043218	0.043218
216.562000	114.624000	0.043235	0.043235
222.188000	114.624000	0.042365	0.042366
227.812000	114.624000	0.041567	0.041567
233.438000	114.624000	0.041908	0.041908
239.062000	114.624000	0.041571	0.041571
244.687000	114.624000	0.042667	0.042667
250.312000	114.624000	0.042241	0.042241
255.937000	114.624000	0.043438	0.043438
261.562000	114.624000	0.043799	0.043799
267.188000	114.624000	0.042440	0.042440
272.812000	114.624000	0.043821	0.043821
278.438000	114.624000	0.043446	0.043446
284.062000	114.624000	0.044707	0.044707
289.688000	114.624000	0.044520	0.044520
295.312000	114.624000	0.043517	0.043516
300.938000	114.624000	0.044434	0.044434
306.562000	114.624000	0.043296	0.043296
312.187000	114.624000	0.043328	0.043328
317.812000	114.624000	0.042666	0.042666
323.438000	114.624000	0.043563	0.043563
329.062000	114.624000	0.043138	0.043138
334.688000	114.624000	0.042704	0.042704
340.312000	114.624000	0.042268	0.042268
345.938000	114.624000	0.041775	0.041775
351.562000	114.624000	0.042858	0.042858
357.187000	114.624000	0.042907	0.042907
0.000000	117.280000	0.036243	0.036243
5.625000	117.280000	0.035671	0.035671
11.250000	117.280000	0.036703	0.036703
16.875000	117.280000	0.037642	0.037642
22.500000	117.280000	0.036368	0.036368
28.125000	117.280000	0.037127	0.037127
33.750000	117.280000	0.037799	0.037799
39.375000	117.280000	0.037279	0.037279
45.000000	117.280000	0.037135	0.037135
50.625000	117.280000	0.037545	0.037546
56.250000	117.280000	0.038395	0.038395
61.875000	117.280000	0.037026	0.037026
67.500000	117.280000	0.037713	0.037713
73.125000	117.280000	0.037578	0.037578
78.750000	117.280000	0.036697	0.036697
84.375000	117.280000	0.037083	0.037083
90.000000	117.280000	0.038215	0.038215
95.625000	117.280000	0.036283	0.036283
101.250000	117.280000	0.037339	0.037339
106.875000	117.280000	0.037084	0.037084
112.500000	117.280000	0.035964	0.035964
118.125000	117.280000	0.036622	0.036622
123.750000	117.280000	0.034946	0.034946
129.375000	117.280000	0.036788	0.036788
135.000000	117.280000	0.035448	0.035448
140.625000	117.280000	0.035821	0.035821
146.250000	117.280000	0.036100	0.036100
151.875000	117.280000	0.036249	0.036249
157.500000	117.280000	0.036496	0.036496
163.125000	117.280000	0.036713	0.036713
168.750000	117.280000	0.038192	0.038192
174.375000	117.280000	0.037883	0.037883
180.000000	117.280000	0.037846	0.037846
185.625000	117.280000	0.037600	0.037600
191.250000	117.280000	0.037567	0.037567
196.875000	117.280000	0.037293	0.037293
202.500000	117.280000	0.037022	0.037022
208.125000	117.280000	0.035733	0.035733
213.750000	117.280000	0.036322	0.036322
219.375000	117.280000	0.035905	0.035905
225.000000	117.280000	0.037252	0.037251
230.625000	117.280000	0.037103	0.037103
236.250000	117.280000	0.036939	0.036939
241.875000	117.280000	0.036086	0.036086
247.500000	117.280000	0.035458	0.035458
253.125000	117.280000	0.036798	0.036798
258.750000	117.280000	0.036898	0.036898
264.375000	117.280000	0.036678	0.036678
270.000000	117.280000	0.036882	0.036882
275.625000	117.280000	0.037649	0.037649
281.250000	117.280000	0.037941	0.037941
286.875000	117.280000	0.037134	0.037134
292.500000	117.280000	0.037857	0.037857
298.125000	117.280000	0.038384	0.038384
303.750000	117.280000	0.038191	0.038191
309.375000	117.280000	0.036253	0.036253
315.000000	117.280000	0.038157	0.038157
320.625000	117.280000	0.038099	0.038099
326.250000	117.280000	0.037696	0.037696
331.875000	117.280000	0.037288	0.037288
337.500000	117.280000	0.036455	0.036455
343.125000	117.280000	0.035786	0.035786
348.750000	117.280000	0.036188	0.036188
354.375000	117.280000	0.035393	0.035393
2.812500	120.000000	0.030453	0.030453
8.437500	120.000000	0.030266	0.030266
14.062500	120.000000	0.031049	0.031049
19.687500	120.000000	0.031339	0.031339
25.312500	120.000000	0.031292	0.031292
30.937500	120.000000	0.031020	0.031020
36.562500	120.000000	0.032617	0.032617
42.187500	120.000000	0.031086	0.031086
47.812500	120.000000	0.030526	0.030526
53.437500	120.000000	0.030982	0.030982
59.062500	120.000000	0.032176	0.032176
64.687500	120.000000	0.032903	0.032903
70.312500	120.000000	0.031954	0.031954
75.937500	120.000000	0.030532	0.030532
81.562500	120.000000	0.031842	0.031842
87.187500	120.000000	0.031350	0.031350
92.812500	120.000000	0.031323	0.031323
98.437500	120.000000	0.031082	0.031082
104.062000	120.000000	0.029954	0.029954
109.688000	120.000000	0.030472	0.030472
115.312000	120.000000	0.030362	0.030362
120.938000	120.000000	0.029614	0.029614
126.562000	120.000000	0.030150	0.030150
132.188000	120.000000	0.030737	0.030737
137.812000	120.000000	0.031240	0.031240
143.437000	120.000000	0.030876	0.030876
149.062000	120.000000	0.031135	0.031135
154.688000	120.000000	0.031833	0.031833
160.312000	120.000000	0.031205	0.031205
165.938000	120.000000	0.031087	0.031087
171.562000	120.000000	0.031074	0.031074
177.188000	120.000000	0.031983	0.031983
182.812000	120.000000	0.031674	0.031674
188.438000	120.000000	0.030130	0.030130
194.062000	120.000000	0.031537	0.031537
199.687000	120.000000	0.030828	0.030828
205.312000	120.000000	0.030156	0.030156
210.938000	120.000000	0.031014	0.031014
216.562000	120.000000	0.030770	0.030770
222.188000	120.000000	0.029811	0.029811
227.812000	120.000000	0.031183	0.031183
233.438000	120.000000	0.030603	0.030603
239.062000	120.000000	0.029765	0.029765
244.687000	120.000000	0.030000	0.030000
250.312000	120.000000	0.029503	0.029503
255.937000	120.000000	0.030654	0.030654
261.562000	120.000000	0.029349	0.029349
267.188000	120.000000	0.031622	0.031622
272.812000	120.000000	0.030991	0.030991
278.438000	120.000000	0.030769	0.030769
284.062000	120.000000	0.031254	0.031254
289.688000	120.000000	0.031821	0.031821
295.312000	120.000000	0.032433	0.032433
300.938000	120.000000	0.030421	0.030421
306.562000	120.000000	0.031764	0.031764
312.187000	120.000000	0.030782	0.030782
317.812000	120.000000	0.031255	0.031255
323.438000	120.000000	0.030251	0.030251
329.062000	120.000000	0.031045	0.031046
334.688000	120.000000	0.030993	0.030993
340.312000	120.000000	0.030864	0.030864
345.938000	120.000000	0.030724	0.030724
351.562000	120.000000	0.030076	0.030076
357.187000	120.000000	0.028927	0.028927
0.000000	122.797000	0.023615	0.023615
5.625000	122.797000	0.025230	0.025229
11.250000	122.797000	0.024125	0.024125
16.875000	122.797000	0.023410	0.023410
22.500000	122.797000	0.024273	0.024273
28.125000	122.797000	0.025097	0.025097
33.750000	122.797000	0.025081	0.025081
39.375000	122.797000	0.024168	0.024168
45.000000	122.797000	0.024659	0.024659
50.625000	122.797000	0.025408	0.025408
56.250000	122.797000	0.024387	0.024387
61.875000	122.797000	0.025358	0.025358
67.500000	122.797000	0.024983	0.024983
73.125000	122.797000	0.025157	0.025157
78.750000	122.797000	0.025380	0.025380
84.375000	122.797000	0.025792	0.025792
90.000000	122.797000	0.025278	0.025278
95.625000	122.797000	0.024391	0.024391
101.250000	122.797000	0.024334	0.024334
106.875000	122.797000	0.024367	0.024368
112.500000	122.797000	0.024619	0.024619
118.125000	122.797000	0.023859	0.023859
123.750000	122.797000	0.024266	0.024266
129.375000	122.797000	0.024920	0.024920
135.000000	122.797000	0.023830	0.023830
140.625000	122.797000	0.025267	0.025267
146.250000	122.797000	0.024537	0.024537
151.875000	122.797000	0.024610	0.024610
157.500000	122.797000	0.025490	0.025490
163.125000	122.797000	0.024446	0.024446
168.750000	122.797000	0.024574	0.024574
174.375000	122.797000	0.024890	0.024890
180.000000	122.797000	0.025496	0.025496
185.625000	122.797000	0.025390	0.025390
191.250000	122.797000	0.025164	0.025164
196.875000	122.797000	0.025820	0.025820
202.500000	122.797000	0.024236	0.024236
208.125000	122.797000	0.024704	0.024704
213.750000	122.797000	0.023868	0.023868
219.375000	122.797000	0.024105	0.024105
225.000000	122.797000	0.023957	0.023957
230.625000	122.797000	0.025407	0.025407
236.250000	122.797000	0.024379	0.024379
241.875000	122.797000	0.023910	0.023910
247.500000	122.797000	0.024179	0.024179
253.125000	122.797000	0.024364	0.024364
258.750000	122.797000	0.024095	0.024095
264.375000	122.797000	0.025161	0.025161
270.000000	122.797000	0.025025	0.025025
275.625000	122.797000	0.025218	0.025218
281.250000	122.797000	0.025247	0.025247
286.875000	122.797000	0.025418	0.025418
292.500000	122.797000	0.025505	0.025505
298.125000	122.797000	0.024917	0.024917
303.750000	122.797000	0.025930	0.025930
309.375000	122.797000	0.025954	0.025954
315.000000	122.797000	0.025231	0.025231
320.625000	122.797000	0.025438	0.025437
326.250000	122.797000	0.025195	0.025195
331.875000	122.797000	0.024715	0.024715
337.500000	122.797000	0.024484	0.024484
343.125000	122.797000	0.025214	0.025215
348.750000	122.797000	0.024660	0.024660
354.375000	122.797000	0.023978	0.023978
2.812500	125.685000	0.017957	0.017957
8.437500	125.685000	0.018183	0.018183
14.062500	125.685000	0.018656	0.018656
19.687500	125.685000	0.018412	0.018412
25.312500	125.685000	0.019558	0.019558
30.937500	125.685000	0.019294	0.019294
36.562500	125.685000	0.019487	0.019487
42.187500	125.685000	0.019009	0.019009
47.812500	125.685000	0.019333	0.019333
53.437500	125.685000	0.018870	0.018870
59.062500	125.685000	0.019360	0.019360
64.687500	125.685000	0.019211	0.019211
70.312500	125.685000	0.019620	0.019620
75.937500	125.685000	0.019146	0.019146
81.562500	125.685000	0.019043	0.019043
87.187500	125.685000	0.019635	0.019635
92.812500	125.685000	0.018899	0.018899
98.437500	125.685000	0.018615	0.018615
104.062000	125.685000	0.018129	0.018129
109.688000	125.685000	0.017518	0.017518
115.312000	125.685000	0.018182	0.018182
120.938000	125.685000	0.018185	0.018185
126.562000	125.685000	0.017859	0.017859
132.188000	125.685000	0.018251	0.018251
137.812000	125.685000	0.018042	0.018042
143.437000	125.685000	0.018784	0.018784
149.062000	125.685000	0.018881	0.018881
154.688000	125.685000	0.018741	0.018741
160.312000	125.685000	0.019128	0.019128
165.938000	125.685000	0.018950	0.018950
171.562000	125.685000	0.019213	0.019213
177.188000	125.685000	0.018916	0.018916
182.812000	125.685000	0.019461	0.019461
188.438000	125.685000	0.018883	0.018883
194.062000	125.685000	0.019139	0.019139
199.687000	125.685000	0.018320	0.018320
205.312000	125.685000	0.018364	0.018364
210.938000	125.685000	0.018626	0.018626
216.562000	125.685000	0.018499	0.018499
222.188000	125.685000	0.017667	0.017667
227.812000	125.685000	0.018393	0.018393
233.438000	125.685000	0.018363	0.018363
239.062000	125.685000	0.018640	0.018640
244.687000	125.685000	0.018130	0.018130
250.312000	125.685000	0.019087	0.019087
255.937000	125.685000	0.018716	0.018717
261.562000	125.685000	0.018040	0.018040
267.188000	125.685000	0.019393	0.019393
272.812000	125.685000	0.018290	0.018290
278.438000	125.685000	0.018877	0.018877
284.062000	125.685000	0.019484	0.019484
289.688000	125.685000	0.019113	0.019113
295.312000	125.685000	0.019190	0.019190
300.938000	125.685000	0.018945	0.018945
306.562000	125.685000	0.019354	0.019354
312.187000	125.685000	0.018771	0.018771
317.812000	125.685000	0.018958	0.018958
323.438000	125.685000	0.018721	0.018721
329.062000	125.685000	0.018642	0.018642
334.688000	125.685000	0.018279	0.018280
340.312000	125.685000	0.019296	0.019296
345.938000	125.685000	0.018350	0.018350
351.562000	125.685000	0.019035	0.019035
357.187000	125.685000	0.018670	0.018670
0.000000	128.682000	0.012066	0.012066
5.625000	128.682000	0.012344	0.012344
11.250000	128.682000	0.012100	0.012100
16.875000	128.682000	0.012424	0.012424
22.500000	128.682000	0.012904	0.012904
28.125000	128.682000	0.013194	0.013194
33.750000	128.682000	0.013276	0.013276
39.375000	128.682000	0.012676	0.012676
45.000000	128.682000	0.012955	0.012955
50.625000	128.682000	0.012306	0.012306
56.250000	128.682000	0.012876	0.012876
61.875000	128.682000	0.013118	0.013118
67.500000	128.682000	0.012852	0.012852
73.125000	128.682000	0.013372	0.013372
78.750000	128.682000	0.012749	0.012749
84.375000	128.682000	0.012960	0.012960
90.000000	128.682000	0.012874	0.012874
95.625000	128.682000	0.013023	0.013023
101.250000	128.682000	0.012242	0.012242
106.875000	128.682000	0.012633	0.012633
112.500000	128.682000	0.011863	0.011863
118.125000	128.682000	0.012431	0.012431
123.750000	128.682000	0.012705	0.012705
129.375000	128.682000	0.011988	0.011988
135.000000	128.682000	0.012133	0.012133
140.625000	128.682000	0.012782	0.012783
146.250000	128.682000	0.013214	0.013214
151.875000	128.682000	0.013037	0.013037
157.500000	128.682000	0.012739	0.012739
163.125000	128.682000	0.013086	0.013086
168.750000	128.682000	0.012837	0.012837
174.375000	128.682000	0.013339	0.013339
180.000000	128.682000	0.013589	0.013589
185.625000	128.682000	0.012351	0.012351
191.250000	128.682000	0.012662	0.012662
196.875000	128.682000	0.012498	0.012498
202.500000	128.682000	0.012835	0.012835
208.125000	128.682000	0.013236	0.013236
213.750000	128.682000	0.012538	0.012538
219.375000	128.682000	0.012361	0.012361
225.000000	128.682000	0.012947	0.012947
230.625000	128.682000	0.012132	0.012132
236.250000	128.682000	0.011689	0.011689
241.875000	128.682000	0.012290	0.012290
247.500000	128.682000	0.012573	0.012573
253.125000	128.682000	0.012350	0.012350
258.750000	128.682000	0.012116	0.012116
264.375000	128.682000	0.012919	0.012919
270.000000	128.682000	0.013935	0.013935
275.625000	128.682000	0.013007	0.013007
281.250000	128.682000	0.013045	0.013045
286.875000	128.682000	0.013380	0.013380
292.500000	128.682000	0.013337	0.013337
298.125000	128.682000	0.012602	0.012602
303.750000	128.682000	0.012810	0.012810
309.375000	128.682000	0.012801	0.012801
315.000000	128.682000	0.013054	0.013054
320.625000	128.682000	0.012878	0.012878
326.250000	128.682000	0.012587	0.012587
331.875000	128.682000	0.013068	0.013068
337.500000	128.682000	0.012734	0.012734
343.125000	128.682000	0.012271	0.012271
348.750000	128.682000	0.013070	0.013070
354.375000	128.682000	0.011756	0.011756
2.812500	131.810000	0.005466	0.005466
8.437500	131.810000	0.005910	0.005910
14.062500	131.810000	0.006036	0.006036
19.687500	131.810000	0.006511	0.006511
25.312500	131.810000	0.006564	0.006564
30.937500	131.810000	0.006554	0.006554
36.562500	131.810000	0.006619	0.006619
42.187500	131.810000	0.006882	0.006882
47.812500	131.810000	0.007498	0.007498
53.437500	131.810000	0.006921	0.006921
59.062500	131.810000	0.006669	0.006669
64.687500	131.810000	0.006634	0.006634
70.312500	131.810000	0.006954	0.006954
75.937500	131.810000	0.006390	0.006390
81.562500	131.810000	0.006596	0.006596
87.187500	131.810000	0.007182	0.007182
92.812500	131.810000	0.006890	0.006890
98.437500	131.810000	0.006618	0.006618
104.062000	131.810000	0.006700	0.006700
109.688000	131.810000	0.006152	0.006152
115.312000	131.810000	0.006272	0.006272
120.938000	131.810000	0.006163	0.006163
126.562000	131.810000	0.006241	0.006241
132.188000	131.810000	0.006532	0.006532
137.812000	131.810000	0.006059	0.006059
143.437000	131.810000	0.006425	0.006425
149.062000	131.810000	0.007035	0.007035
154.688000	131.810000	0.007019	0.007019
160.312000	131.810000	0.007000	0.007000
165.938000	131.810000	0.006830	0.006830
171.562000	131.810000	0.006891	0.006891
177.188000	131.810000	0.007111	0.007111
182.812000	131.810000	0.007017	0.007017
188.438000	131.810000	0.006455	0.006455
194.062000	131.810000	0.006460	0.006460
199.687000	131.810000	0.007133	0.007133
205.312000	131.810000	0.006694	0.006694
210.938000	131.810000	0.006359	0.006359
216.562000	131.810000	0.007025	0.007025
222.188000	131.810000	0.006478	0.006478
227.812000	131.810000	0.006620	0.006620
233.438000	131.810000	0.005853	0.005853
239.062000	131.810000	0.005813	0.005813
244.687000	131.810000	0.006379	0.006379
250.312000	131.810000	0.006412	0.006412
255.937000	131.810000	0.006731	0.006731
261.562000	131.810000	0.006659	0.006659
267.188000	131.810000	0.007423	0.007423
272.812000	131.810000	0.006980	0.006980
278.438000	131.810000	0.006785	0.006785
284.062000	131.810000	0.006630	0.006630
289.688000	131.810000	0.006875	0.006875
295.312000	131.810000	0.007118	0.007118
300.938000	131.810000	0.006606	0.006606
306.562000	131.810000	0.006440	0.006440
312.187000	131.810000	0.006670	0.006670
317.812000	131.810000	0.006691	0.006691
323.438000	131.810000	0.006754	0.006754
329.062000	131.810000	0.006766	0.006766
334.688000	131.810000	0.006635	0.006635
340.312000	131.810000	0.006503	0.006503
345.938000	131.810000	0.006279	0.006279
351.562000	131.810000	0.006327	0.006327
357.187000	131.810000	0.006254	0.006254
3.000000	134.994000	0.001717	0.001717
9.000000	134.994000	0.001899	0.001899
15.000000	134.994000	0.001903	0.001903
21.000000	134.994000	0.002397	0.002397
27.000000	134.994000	0.002131	0.002131
33.000000	134.994000	0.002558	0.002558
39.000000	134.994000	0.002382	0.002382
45.000000	134.994000	0.002650	0.002650
51.000000	134.994000	0.002361	0.002361
57.000000	134.994000	0.002509	0.002509
63.000000	134.994000	0.002167	0.002167
69.000000	134.994000	0.002325	0.002325
75.000000	134.994000	0.002304	0.002304
81.000000	134.994000	0.002601	0.002601
87.000000	134.994000	0.002304	0.002304
93.000000	134.994000	0.002446	0.002446
99.000000	134.994000	0.002285	0.002285
105.000000	134.994000	0.001910	0.001910
111.000000	134.994000	0.002303	0.002303
117.000000	134.994000	0.002001	0.002001
123.000000	134.994000	0.002162	0.002162
129.000000	134.994000	0.001890	0.001890
135.000000	134.994000	0.002085	0.002085
141.000000	134.994000	0.002211	0.002211
147.000000	134.994000	0.002244	0.002244
153.000000	134.994000	0.002300	0.002300
159.000000	134.994000	0.002359	0.002359
165.000000	134.994000	0.002447	0.002447
171.000000	134.994000	0.002527	0.002527
177.000000	134.994000	0.002490	0.002490
183.000000	134.994000	0.002440	0.002440
189.000000	134.994000	0.002319	0.002319
195.000000	134.994000	0.002336	0.002336
201.000000	134.994000	0.002567	0.002567
207.000000	134.994000	0.002524	0.002524
213.000000	134.994000	0.001964	0.001964
219.000000	134.994000	0.001988	0.001988
225.000000	134.994000	0.001960	0.001960
231.000000	134.994000	0.002032	0.002032
237.000000	134.994000	0.001796	0.001796
243.000000	134.994000	0.001959	0.001959
249.000000	134.994000	0.001897	0.001897
255.000000	134.994000	0.001775	0.001775
261.000000	134.994000	0.001995	0.001995
267.000000	134.994000	0.002515	0.002515
273.000000	134.994000	0.002061	0.002061
279.000000	134.994000	0.002814	0.002814
285.000000	134.994000	0.002295	0.002295
291.000000	134.994000	0.002385	0.002385
297.000000	134.994000	0.002338	0.002338
303.000000	134.994000	0.002837	0.002837
309.000000	134.994000	0.002606	0.002606
315.000000	134.994000	0.002522	0.002522
321.000000	134.994000	0.002391	0.002391
327.000000	134.994000	0.002357	0.002357
333.000000	134.994000	0.002201	0.002201
339.000000	134.994000	0.002066	0.002066
345.000000	134.994000	0.001955	0.001955
351.000000	134.994000	0.002032	0.002032
357.000000	134.994000	0.001864	0.001864
3.214290	138.141000	0.000650	0.000650
9.642860	138.141000	0.000749	0.000749
16.071400	138.141000	0.000788	0.000788
22.500000	138.141000	0.000809	0.000809
28.928600	138.141000	0.000896	0.000896
35.357100	138.141000	0.000925	0.000925
41.785700	138.141000	0.001016	0.001016
48.214300	138.141000	0.001236	0.001236
54.642900	138.141000	0.001040	0.001040
61.071400	138.141000	0.001401	0.001401
67.500000	138.141000	0.001127	0.001127
73.928600	138.141000	0.001168	0.001168
80.357100	138.141000	0.000940	0.000940
86.785700	138.141000	0.000922	0.000922
93.214300	138.141000	0.000938	0.000938
99.642900	138.141000	0.000782	0.000782
106.071000	138.141000	0.000774	0.000774
112.500000	138.141000	0.000794	0.000794
118.929000	138.141000	0.000887	0.000887
125.357000	138.141000	0.000753	0.000753
131.786000	138.141000	0.000771	0.000771
138.214000	138.141000	0.000859	0.000859
144.643000	138.141000	0.000820	0.000820
151.071000	138.141000	0.001133	0.001133
157.500000	138.141000	0.000928	0.000928
163.929000	138.141000	0.001033	0.001033
170.357000	138.141000	0.001226	0.001226
176.786000	138.141000	0.001243	0.001243
183.214000	138.141000	0.001126	0.001126
189.643000	138.141000	0.001198	0.001198
196.071000	138.141000	0.001174	0.001174
202.500000	138.141000	0.000924	0.000924
208.929000	138.141000	0.000986	0.000986
215.357000	138.141000	0.000972	0.000972
221.786000	138.141000	0.000863	0.000863
228.214000	138.141000	0.000732	0.000732
234.643000	138.141000	0.000583	0.000583
241.071000	138.141000	0.000754	0.000754
247.500000	138.141000	0.000716	0.000716
253.929000	138.141000	0.000781	0.000781
260.357000	138.141000	0.000835	0.000835
266.786000	138.141000	0.000774	0.000774
273.214000	138.141000	0.000870	0.000870
279.643000	138.141000	0.001164	0.001164
286.071000	138.141000	0.001391	0.001391
292.500000	138.141000	0.001278	0.001278
298.929000	138.141000	0.001521	0.001522
305.357000	138.141000	0.001283	0.001283
311.786000	138.141000	0.001314	0.001314
318.214000	138.141000	0.001285	0.001285
324.643000	138.141000	0.000918	0.000918
331.071000	138.141000	0.000882	0.000882
337.500000	138.141000	0.000828	0.000828
343.929000	138.141000	0.000992	0.000992
350.357000	138.141000	0.000468	0.000468
356.786000	138.141000	0.000843	0.000843
3.461540	141.256000	0.000962	0.000962
10.384600	141.256000	0.001050	0.001050
17.307700	141.256000	0.000835	0.000835
24.230800	141.256000	0.001100	0.001100
31.153800	141.256000	0.001224	0.001224
38.076900	141.256000	0.001285	0.001285
45.000000	141.256000	0.001290	0.001290
51.923100	141.256000	0.001459	0.001459
58.846200	141.256000	0.001305	0.001305
65.769200	141.256000	0.001516	0.001516
72.692300	141.256000	0.001406	0.001406
79.615400	141.256000	0.001191	0.001191
86.538500	141.256000	0.001260	0.001260
93.461500	141.256000	0.001043	0.001043
100.385000	141.256000	0.001088	0.001088
107.308000	141.256000	0.000851	0.000851
114.231000	141.256000	0.000943	0.000943
121.154000	141.256000	0.000983	0.000983
128.077000	141.256000	0.000999	0.000999
135.000000	141.256000	0.000945	0.000945
141.923000	141.256000	0.001155	0.001155
148.846000	141.256000	0.001090	0.001090
155.769000	141.256000	0.001115	0.001115
162.692000	141.256000	0.001018	0.001018
169.615000	141.256000	0.001407	0.001407
176.538000	141.256000	0.001131	0.001131
183.462000	141.256000	0.001559	0.001559
190.385000	141.256000	0.001018	0.001018
197.308000	141.256000	0.001123	0.001123
204.231000	141.256000	0.001051	0.001051
211.154000	141.256000	0.001008	0.001008
218.077000	141.256000	0.000942	0.000942
225.000000	141.256000	0.000919	0.000919
231.923000	141.256000	0.000923	0.000923
238.846000	141.256000	0.000961	0.000961
245.769000	141.256000	0.000941	0.000941
252.692000	141.256000	0.000835	0.000835
259.615000	141.256000	0.000881	0.000881
266.538000	141.256000	0.000888	0.000888
273.462000	141.256000	0.001000	0.001000
280.385000	141.256000	0.001383	0.001383
287.308000	141.256000	0.001100	0.001100
294.231000	141.256000	0.001366	0.001366
301.154000	141.256000	0.001402	0.001402
308.077000	141.256000	0.001209	0.001209
315.000000	141.256000	0.001156	0.001156
321.923000	141.256000	0.001083	0.001083
328.846000	141.256000	0.001048	0.001048
335.769000	141.256000	0.001048	0.001048
342.692000	141.256000	0.000806	0.000806
349.615000	141.256000	0.001092	0.001092
356.538000	141.256000	0.001157	0.001157
3.750000	144.341000	0.000647	0.000647
11.250000	144.341000	0.000796	0.000796
18.750000	144.341000	0.000794	0.000794
26.250000	144.341000	0.000958	0.000958
33.750000	144.341000	0.001053	0.001053
41.250000	144.341000	0.001114	0.001114
48.750000	144.341000	0.001262	0.001262
56.250000	144.341000	0.001329	0.001329
63.750000	144.341000	0.001248	0.001248
71.250000	144.341000	0.001279	0.001279
78.750000	144.341000	0.001155	0.001155
86.250000	144.341000	0.001014	0.001014
93.750000	144.341000	0.000945	0.000945
101.250000	144.341000	0.000899	0.000899
108.750000	144.341000	0.000736	0.000736
116.250000	144.341000	0.000895	0.000895
123.750000	144.341000	0.000929	0.000929
131.250000	144.341000	0.000808	0.000808
138.750000	144.341000	0.000925	0.000925
146.250000	144.341000	0.000973	0.000973
153.750000	144.341000	0.000964	0.000964
161.250000	144.341000	0.001243	0.001243
168.750000	144.341000	0.001243	0.001243
176.250000	144.341000	0.001097	0.001097
183.750000	144.341000	0.001324	0.001324
191.250000	144.341000	0.001168	0.001168
198.750000	144.341000	0.001039	0.001039
206.250000	144.341000	0.000956	0.000956
213.750000	144.341000	0.000919	0.000919
221.250000	144.341000	0.000757	0.000757
228.750000	144.341000	0.000826	0.000826
236.250000	144.341000	0.000735	0.000735
243.750000	144.341000	0.000844	0.000844
251.250000	144.341000	0.000845	0.000845
258.750000	144.341000	0.000898	0.000898
266.250000	144.341000	0.001033	0.001033
273.750000	144.341000	0.000786	0.000786
281.250000	144.341000	0.000959	0.000959
288.750000	144.341000	0.001196	0.001196
296.250000	144.341000	0.001264	0.001264
303.750000	144.341000	0.001388	0.001388
311.250000	144.341000	0.001154	0.001154
318.750000	144.341000	0.001096	0.001096
326.250000	144.341000	0.000939	0.000939
333.750000	144.341000	0.000928	0.000928
341.250000	144.341000	0.000859	0.000859
348.750000	144.341000	0.001097	0.001097
356.250000	144.341000	0.000919	0.000919
4.090910	147.400000	0.000733	0.000733
12.272700	147.400000	0.000647	0.000647
20.454500	147.400000	0.000765	0.000765
28.636400	147.400000	0.000886	0.000886
36.818200	147.400000	0.000815	0.000815
45.000000	147.400000	0.000893	0.000893
53.181800	147.400000	0.001217	0.001217
61.363600	147.400000	0.001061	0.001061
69.545500	147.400000	0.000896	0.000896
77.727300	147.400000	0.000988	0.000988
85.909100	147.400000	0.000881	0.000881
94.090900	147.400000	0.000751	0.000751
102.273000	147.400000	0.000900	0.000900
110.455000	147.400000	0.000708	0.000708
118.636000	147.400000	0.000663	0.000663
126.818000	147.400000	0.000781	0.000781
135.000000	147.400000	0.000639	0.000639
143.182000	147.400000	0.000921	0.000921
151.364000	147.400000	0.001039	0.001039
159.545000	147.400000	0.000882	0.000882
167.727000	147.400000	0.000887	0.000887
175.909000	147.400000	0.001099	0.001099
184.091000	147.400000	0.001121	0.001121
192.273000	147.400000	0.000770	0.000770
200.455000	147.400000	0.001091	0.001091
208.636000	147.400000	0.000809	0.000809
216.818000	147.400000	0.000839	0.000839
225.000000	147.400000	0.000824	0.000824
233.182000	147.400000	0.000753	0.000753
241.364000	147.400000	0.000764	0.000764
249.545000	147.400000	0.000775	0.000775
257.727000	147.400000	0.000878	0.000878
265.909000	147.400000	0.000824	0.000824
274.091000	147.400000	0.000910	0.000910
282.273000	147.400000	0.000845	0.000845
290.455000	147.400000	0.001358	0.001358
298.636000	147.400000	0.001121	0.001121
306.818000	147.400000	0.001033	0.001033
315.000000	147.400000	0.001014	0.001014
323.182000	147.400000	0.000831	0.000831
331.364000	147.400000	0.000794	0.000794
339.545000	147.400000	0.000747	0.000747
347.727000	147.400000	0.000684	0.000684
355.909000	147.400000	0.000670	0.000670
4.500000	150.434000	0.000652	0.000652
13.500000	150.434000	0.000677	0.000677
22.500000	150.434000	0.000681	0.000681
31.500000	150.434000	0.001058	0.001058
40.500000	150.434000	0.000819	0.000819
49.500000	150.434000	0.000855	0.000855
58.500000	150.434000	0.000961	0.000961
67.500000	150.434000	0.000968	0.000968
76.500000	150.434000	0.000915	0.000915
85.500000	150.434000	0.000798	0.000798
94.500000	150.434000	0.000699	0.000699
103.500000	150.434000	0.000857	0.000857
112.500000	150.434000	0.000593	0.000593
121.500000	150.434000	0.000621	0.000621
130.500000	150.434000	0.000574	0.000574
139.500000	150.434000	0.000494	0.000494
148.500000	150.434000	0.000623	0.000623
157.500000	150.434000	0.000808	0.000808
166.500000	150.434000	0.000959	0.000959
175.500000	150.434000	0.000889	0.000889
184.500000	150.434000	0.000860	0.000860
193.500000	150.434000	0.000918	0.000918
202.500000	150.434000	0.000856	0.000856
211.500000	150.434000	0.000755	0.000755
220.500000	150.434000	0.000643	0.000643
229.500000	150.434000	0.000811	0.000811
238.500000	150.434000	0.000573	0.000573
247.500000	150.434000	0.000671	0.000671
256.500000	150.434000	0.000627	0.000627
265.500000	150.434000	0.000786	0.000786
274.500000	150.434000	0.000689	0.000689
283.500000	150.434000	0.000665	0.000665
292.500000	150.434000	0.000910	0.000910
301.500000	150.434000	0.000994	0.000994
310.500000	150.434000	0.000662	0.000662
319.500000	150.434000	0.000698	0.000698
328.500000	150.434000	0.000819	0.000819
337.500000	150.434000	0.000739	0.000739
346.500000	150.434000	0.000521	0.000521
355.500000	150.434000	0.000679	0.000679
5.000000	153.448000	0.000494	0.000494
15.000000	153.448000	0.000607	0.000607
25.000000	153.448000	0.000648	0.000648
35.000000	153.448000	0.000565	0.000565
45.000000	153.448000	0.000704	0.000704
55.000000	153.448000	0.000641	0.000641
65.000000	153.448000	0.000559	0.000559
75.000000	153.448000	0.000742	0.000742
85.000000	153.448000	0.000630	0.000630
95.000000	153.448000	0.000466	0.000466
105.000000	153.448000	0.000460	0.000460
115.000000	153.448000	0.000515	0.000515
125.000000	153.448000	0.000444	0.000444
135.000000	153.448000	0.000466	0.000466
145.000000	153.448000	0.000509	0.000509
155.000000	153.448000	0.000508	0.000508
165.000000	153.448000	0.000565	0.000565
175.000000	153.448000	0.000663	0.000663
185.000000	153.448000	0.000820	0.000820
195.000000	153.448000	0.000773	0.000773
205.000000	153.448000	0.000454	0.000454
215.000000	153.448000	0.000502	0.000502
225.000000	153.448000	0.000596	0.000596
235.000000	153.448000	0.000556	0.000556
245.000000	153.448000	0.000516	0.000516
255.000000	153.448000	0.000490	0.000490
265.000000	153.448000	0.000626	0.000626
275.000000	153.448000	0.000632	0.000632
285.000000	153.448000	0.000666	0.000666
295.000000	153.448000	0.000763	0.000763
305.000000	153.448000	0.000555	0.000555
315.000000	153.448000	0.000606	0.000606
325.000000	153.448000	0.000611	0.000611
335.000000	153.448000	0.000527	0.000527
345.000000	153.448000	0.000361	0.000361
355.000000	153.448000	0.000502	0.000502
5.625000	156.444000	0.000446	0.000446
16.875000	156.444000	0.000305	0.000305
28.125000	156.444000	0.000491	0.000491
39.375000	156.444000	0.000428	0.000428
50.625000	156.444000	0.000588	0.000588
61.875000	156.444000	0.000380	0.000380
73.125000	156.444000	0.000653	0.000653
84.375000	156.444000	0.000449	0.000449
95.625000	156.444000	0.000492	0.000492
106.875000	156.444000	0.000347	0.000347
118.125000	156.444000	0.000330	0.000330
129.375000	156.444000	0.000224	0.000224
140.625000	156.444000	0.000351	0.000351
151.875000	156.444000	0.000341	0.000341
163.125000	156.444000	0.000420	0.000420
174.375000	156.444000	0.000480	0.000480
185.625000	156.444000	0.000500	0.000500
196.875000	156.444000	0.000503	0.000503
208.125000	156.444000	0.000430	0.000430
219.375000	156.444000	0.000347	0.000347
230.625000	156.444000	0.000496	0.000496
241.875000	156.444000	0.000406	0.000406
253.125000	156.444000	0.000373	0.000373
264.375000	156.444000	0.000616	0.000616
275.625000	156.444000	0.000499	0.000499
286.875000	156.444000	0.000413	0.000413
298.125000	156.444000	0.000358	0.000358
309.375000	156.444000	0.000695	0.000695
320.625000	156.444000	0.000429	0.000429
331.875000	156.444000	0.000376	0.000376
343.125000	156.444000	0.000408	0.000408
354.375000	156.444000	0.000272	0.000272
6.428570	159.423000	0.000355	0.000355
19.285700	159.423000	0.000356	0.000356
32.142900	159.423000	0.000317	0.000317
45.000000	159.423000	0.000287	0.000287
57.857100	159.423000	0.000305	0.000305
70.714300	159.423000	0.000336	0.000336
83.571400	159.423000	0.000306	0.000306
96.428600	159.423000	0.000262	0.000262
109.286000	159.423000	0.000413	0.000413
122.143000	159.423000	0.000187	0.000187
135.000000	159.423000	0.000411	0.000411
147.857000	159.423000	0.000358	0.000358
160.714000	159.423000	0.000464	0.000464
173.571000	159.423000	0.000285	0.000285
186.429000	159.423000	0.000284	0.000284
199.286000	159.423000	0.000314	0.000314
212.143000	159.423000	0.000321	0.000321
225.000000	159.423000	0.000306	0.000306
237.857000	159.423000	0.000234	0.000234
250.714000	159.423000	0.000261	0.000261
263.571000	159.423000	0.000488	0.000488
276.429000	159.423000	0.000449	0.000449
289.286000	159.423000	0.000207	0.000207
302.143000	159.423000	0.000396	0.000396
315.000000	159.423000	0.000353	0.000353
327.857000	159.423000	0.000334	0.000334
340.714000	159.423000	0.000446	0.000446
353.571000	159.423000	0.000210	0.000210
7.500000	162.388000	0.000209	0.000209
22.500000	162.388000	0.000237	0.000237
37.500000	162.388000	0.000304	0.000304
52.500000	162.388000	0.000219	0.000219
67.500000	162.388000	0.000251	0.000251
82.500000	162.388000	0.000239	0.000239
97.500000	162.388000	0.000292	0.000292
112.500000	162.388000	0.000243	0.000243
127.500000	162.388000	0.000233	0.000233
142.500000	162.388000	0.000266	0.000266
157.500000	162.388000	0.000372	0.000372
172.500000	162.388000	0.000272	0.000272
187.500000	162.388000	0.000201	0.000201
202.500000	162.388000	0.000221	0.000221
217.500000	162.388000	0.000180	0.000180
232.500000	162.388000	0.000304	0.000304
247.500000	162.388000	0.000252	0.000252
262.500000	162.388000	0.000210	0.000210
277.500000	162.388000	0.000152	0.000152
292.500000	162.388000	0.000267	0.000267
307.500000	162.388000	0.000256	0.000256
322.500000	162.388000	0.000190	0.000190
337.500000	162.388000	0.000240	0.000240
352.500000	162.388000	0.000197	0.000197
9.000000	165.341000	0.000289	0.000289
27.000000	165.341000	0.000227	0.000227
45.000000	165.341000	0.000225	0.000225
63.000000	165.341000	0.000238	0.000238
81.000000	165.341000	0.000272	0.000272
99.000000	165.341000	0.000267	0.000267
117.000000	165.341000	0.000268	0.000268
135.000000	165.341000	0.000268	0.000268
153.000000	165.341000	0.000229	0.000229
171.000000	165.341000	0.000206	0.000206
189.000000	165.341000	0.000258	0.000258
207.000000	165.341000	0.000291	0.000291
225.000000	165.341000	0.000247	0.000247
243.000000	165.341000	0.000197	0.000197
261.000000	165.341000	0.000218	0.000218
279.000000	165.341000	0.000257	0.000257
297.000000	165.341000	0.000150	0.000150
315.000000	165.341000	0.000126	0.000126
333.000000	165.341000	0.000243	0.000243
351.000000	165.341000	0.000156	0.000156
11.250000	168.284000	0.000276	0.000276
33.750000	168.284000	0.000234	0.000234
56.250000	168.284000	0.000266	0.000266
78.750000	168.284000	0.000223	0.000223
101.250000	168.284000	0.000241	0.000241
123.750000	168.284000	0.000216	0.000216
146.250000	168.284000	0.000241	0.000241
168.750000	168.284000	0.000271	0.000271
191.250000	168.284000	0.000283	0.000283
213.750000	168.284000	0.000260	0.000260
236.250000	168.284000	0.000376	0.000376
258.750000	168.284000	0.000334	0.000334
281.250000	168.284000	0.000194	0.000194
303.750000	168.284000	0.000169	0.000169
326.250000	168.284000	0.000286	0.000286
348.750000	168.284000	0.000356	0.000356
15.000000	171.220000	0.000237	0.000237
45.000000	171.220000	0.000259	0.000259
75.000000	171.220000	0.000285	0.000285
105.000000	171.220000	0.000224	0.000224
135.000000	171.220000	0.000224	0.000224
165.000000	171.220000	0.000194	0.000194
195.000000	171.220000	0.000217	0.000217
225.000000	171.220000	0.000200	0.000200
255.000000	171.220000	0.000301	0.000301
285.000000	171.220000	0.000289	0.000289
315.000000	171.220000	0.000269	0.000269
345.000000	171.220000	0.000237	0.000237
22.500000	174.150000	0.000254	0.000254
67.500000	174.150000	0.000295	0.000295
112.500000	174.150000	0.000243	0.000243
157.500000	174.150000	0.000267	0.000267
202.500000	174.150000	0.000238	0.000238
247.500000	174.150000	0.000309	0.000309
292.500000	174.150000	0.000286	0.000286
337.500000	174.150000	0.000287	0.000287
45.000000	177.076000	0.000256	0.000256
135.000000	177.076000	0.000194	0.000194
225.000000	177.076000	0.000227	0.000227
315.000000	177.076000	0.000292	0.000292
