# phi	theta	PMT0	PMT1	PMT2	PMT3	PMT4	PMT5	PMT6	PMT7	PMT8	PMT9	PMT10	PMT11	PMT12	PMT13	PMT14	PMT15 	total
45.000000	2.924180	12.623925	13.215989	12.013312	12.945913	4.211824	6.184502	4.657246	4.554475	0.388051	0.469234	1.060001	1.140802	0.000000	0.010192	0.000672	0.015167	73.491400
135.000000	2.924180	13.609342	13.093844	13.137160	11.879631	2.616903	6.206295	6.180826	4.370805	1.038847	0.454919	0.454875	1.171349	0.008968	0.000000	0.006917	0.003716	74.234500
225.000000	2.924180	11.181572	12.976223	12.996354	12.691670	2.614177	4.373678	5.957628	6.157030	1.090781	1.178372	0.512268	0.427194	0.017527	0.027334	0.002582	0.020648	72.225100
315.000000	2.924180	13.218025	11.481755	12.969211	13.135577	4.083097	4.267807	4.514099	6.204486	0.381345	1.101916	1.118597	0.481725	0.013155	0.000000	0.002580	0.005594	72.979000
22.500000	5.850270	13.195858	13.085588	10.154173	12.872173	5.324419	6.401954	2.559562	4.124185	0.170156	0.477935	0.336503	1.063891	0.005460	0.000000	0.006795	0.012181	69.790800
67.500000	5.850270	13.442184	13.150958	9.958695	13.008569	4.142416	7.474060	4.136761	3.096051	0.319629	0.265467	1.049991	0.347296	0.009404	0.016415	0.002580	0.003949	70.424500
112.500000	5.850270	13.072356	13.219382	13.351140	9.698866	2.550650	7.229329	6.244398	3.092771	1.010282	0.240212	0.503348	0.343291	0.017049	0.006969	0.002824	0.000702	70.583600
157.500000	5.850270	12.765070	13.091017	13.356117	10.140556	1.652409	6.349793	7.412592	4.229433	0.403042	0.499816	0.288188	1.137714	0.005507	0.006116	0.007864	0.005382	71.350600
202.500000	5.850270	9.536729	13.151976	13.340283	13.289050	1.691970	4.417763	7.604597	6.250641	0.340896	1.014036	0.247012	0.504407	0.004416	0.010982	0.004818	0.002815	71.412500
247.500000	5.850270	10.347976	13.332253	13.261002	12.734081	2.417716	3.006308	6.277796	7.237347	0.997989	0.404450	0.496022	0.255399	0.014822	0.006374	0.003522	0.013061	70.806200
292.500000	5.850270	13.024063	10.245194	13.084570	13.376135	3.999337	3.139899	4.501150	7.421979	0.406862	0.302771	1.120255	0.257282	0.013764	0.000000	0.008543	0.003381	70.905200
337.500000	5.850270	12.924650	9.832897	13.166792	13.017390	5.377756	4.229863	2.773452	6.488620	0.129555	1.131810	0.305263	0.582379	0.017417	0.000000	0.011716	0.006776	69.996500
15.000000	8.780180	13.462089	13.527007	12.306573	13.228091	6.401332	5.669027	1.303571	4.311406	0.200766	0.476529	0.095807	0.799611	0.023245	0.000000	0.001968	0.028842	71.835900
45.000000	8.780180	13.364825	13.531757	10.056830	12.991943	5.608440	7.741139	3.124009	3.052079	0.228082	0.266826	0.287004	0.217455	0.014779	0.008512	0.002814	0.015354	70.511800
75.000000	8.780180	13.004950	13.117708	11.532535	13.390838	4.352370	8.876354	4.292926	1.947491	0.427312	0.331686	0.795875	0.163662	0.022712	0.016345	0.012354	0.011080	72.296200
105.000000	8.780180	13.165548	13.537977	14.120202	11.307313	3.060267	8.418638	6.148163	1.958246	0.715828	0.342468	0.469818	0.135739	0.019404	0.008251	0.003002	0.002884	73.413700
135.000000	8.780180	13.002461	13.820268	13.668831	9.688155	2.356440	7.883936	7.343105	3.154488	0.172815	0.276521	0.248481	0.248385	0.012599	0.002093	0.011110	0.002669	71.892400
165.000000	8.780180	13.718820	13.398528	13.076993	11.934823	1.085572	6.211747	8.421590	4.292587	0.144521	0.515921	0.311030	0.923223	0.003296	0.002270	0.010798	0.012119	74.063800
195.000000	8.780180	12.412206	13.000313	13.536620	14.419232	1.218522	4.241139	8.454229	6.063996	0.265698	0.809605	0.318744	0.563756	0.008196	0.014672	0.010452	0.000675	75.338000
225.000000	8.780180	10.104534	13.386201	13.335194	13.574734	2.181908	3.168309	7.372340	7.598490	0.234838	0.245378	0.232141	0.233841	0.004361	0.009389	0.002059	0.005697	71.689400
255.000000	8.780180	11.653323	13.612169	13.435398	13.429291	2.997057	2.012567	5.870724	8.538815	0.729144	0.208684	0.536538	0.295820	0.005669	0.001957	0.012480	0.024238	73.363900
285.000000	8.780180	13.374099	11.878387	13.371159	13.228430	3.992008	2.017295	4.405514	8.439312	0.429019	0.165653	0.860605	0.286961	0.007407	0.014760	0.016638	0.030443	72.517600
315.000000	8.780180	12.953943	10.486340	13.400338	13.510382	5.217915	2.935385	3.276837	7.613600	0.167237	0.263161	0.252949	0.243599	0.005503	0.000000	0.002573	0.002921	70.332800
345.000000	8.780180	13.269937	12.295038	14.020903	13.360980	6.400122	4.079410	1.712712	6.254678	0.192691	0.790932	0.056250	0.566546	0.004994	0.004078	0.004203	0.010797	73.024200
11.250000	11.715900	13.232049	13.788035	12.825577	13.285883	7.518756	5.943322	2.084440	4.247597	0.296549	0.536028	0.075867	0.418576	0.029984	0.005695	0.002957	0.065721	74.357100
33.750000	11.715900	13.609681	14.184894	12.527905	12.882352	6.579992	7.577114	2.131613	3.328828	0.191589	0.254094	0.140555	0.130460	0.016858	0.003396	0.034364	0.025461	73.619100
56.250000	11.715900	14.123595	13.284413	12.564435	13.848316	5.631772	8.752083	3.174891	2.158112	0.159061	0.323057	0.189752	0.163976	0.011389	0.053853	0.015501	0.000000	74.454200
78.750000	11.715900	13.461297	13.215989	12.847631	12.840054	4.464461	9.705188	4.232068	1.889212	0.459647	0.362686	0.446816	0.103150	0.013101	0.043539	0.001976	0.002511	74.089300
101.250000	11.715900	13.352724	13.496584	13.635580	12.472600	3.347172	9.431074	5.784318	2.074748	0.472829	0.344989	0.579702	0.172658	0.034995	0.027318	0.008534	0.044603	75.280500
123.750000	11.715900	13.463446	14.202311	14.157524	11.942966	2.566767	8.743363	7.321718	2.088297	0.100683	0.275364	0.217853	0.130739	0.044737	0.015719	0.010209	0.290134	75.571900
146.250000	11.715900	13.978152	14.254562	13.549061	12.520214	1.671986	7.517116	9.085414	3.127469	0.097916	0.206491	0.282884	0.148077	0.010731	0.004793	0.049840	0.282276	76.787000
168.750000	11.715900	13.667926	13.332027	13.027230	13.096106	1.691846	6.026143	9.722661	4.230270	0.190146	0.509692	0.387297	0.469294	0.019011	0.021606	0.023555	0.026051	76.440800
191.250000	11.715900	12.926799	13.130827	13.495113	13.724135	1.782810	4.170148	9.561023	5.823280	0.275402	0.506362	0.405261	0.620443	0.008241	0.031553	0.014198	0.018334	76.493900
213.750000	11.715900	12.478708	13.454285	14.118393	14.262705	1.774610	3.183272	8.570742	7.440006	0.113276	0.143442	0.259856	0.226486	0.076749	0.034696	0.006714	0.012786	76.156600
236.250000	11.715900	12.255680	13.997944	14.057999	13.150506	2.535416	2.196475	7.618033	8.925382	0.088498	0.116820	0.257992	0.281447	0.101886	0.014769	0.001964	0.051256	75.651900
258.750000	11.715900	12.765070	13.511626	13.688057	13.282943	3.245407	1.855633	5.850717	9.557098	0.525198	0.170373	0.574134	0.358549	0.008231	0.005221	0.019005	0.046540	75.463900
281.250000	11.715900	12.774457	12.881673	12.634330	14.078583	4.484581	1.909682	4.250515	9.551726	0.456100	0.176381	0.578102	0.358552	0.005591	0.007848	0.039170	0.024623	74.211800
303.750000	11.715900	13.152089	12.629014	13.277966	14.095660	5.817207	2.131670	3.133882	8.639924	0.210609	0.173270	0.153673	0.302515	0.008483	0.013283	0.048126	0.011271	73.798600
326.250000	11.715900	13.275026	12.194607	14.187495	13.972723	6.774847	2.905923	2.061957	7.247945	0.215660	0.160874	0.139691	0.243644	0.053830	0.016847	0.010260	0.027198	73.488600
348.750000	11.715900	13.303866	13.188280	13.722891	13.426011	7.365419	4.240799	1.842876	5.718247	0.231896	0.598567	0.123460	0.621136	0.072673	0.009565	0.010788	0.010666	74.487200
9.000000	14.659300	14.020337	13.347182	13.226281	13.391290	8.342501	5.784589	1.628285	4.222794	0.330708	0.528192	0.133111	0.373458	0.047996	0.002979	0.015464	0.043319	75.438500
27.000000	14.659300	14.451351	14.254449	12.748445	13.396719	7.813488	7.260102	1.796223	2.924754	0.356205	0.163283	0.139352	0.109929	0.018688	0.005151	0.014799	0.092060	75.544800
45.000000	14.659300	14.773905	14.076207	12.932680	12.875227	6.819328	8.881262	1.979203	1.860904	0.194298	0.273197	0.116778	0.079352	0.008881	0.051387	0.039460	0.049450	75.011600
63.000000	14.659300	14.404077	13.711355	12.761451	13.153899	5.536476	10.158233	3.024347	1.832256	0.204464	0.435511	0.118115	0.132910	0.011228	0.076732	0.012371	0.000000	75.573400
81.000000	14.659300	13.822078	13.414136	13.186131	12.460047	4.612675	10.636544	4.260049	1.425999	0.422657	0.435351	0.343533	0.174861	0.035871	0.057646	0.023292	0.029438	75.340200
99.000000	14.659300	13.947050	14.143953	13.225829	12.477464	3.783366	11.018655	5.760070	1.493439	0.355387	0.437792	0.563393	0.115078	0.036158	0.022479	0.006342	0.002804	77.389300
117.000000	14.659300	13.679123	14.475893	14.204686	12.340050	2.629015	9.861511	7.246791	1.757419	0.084513	0.358689	0.213074	0.102682	0.082864	0.016700	0.014056	0.017948	77.085000
135.000000	14.659300	14.159334	14.095773	13.887335	12.746635	1.777709	8.945705	8.433363	1.897332	0.095565	0.249122	0.231610	0.120108	0.035576	0.017231	0.033233	0.013035	76.738800
153.000000	14.659300	14.391184	14.116809	13.708415	13.272651	1.782979	7.512524	10.153822	2.942159	0.094556	0.208032	0.418702	0.126807	0.009205	0.017170	0.119822	0.028321	78.903300
171.000000	14.659300	13.369462	13.956437	13.099160	13.257948	1.602680	5.528447	10.454175	4.261937	0.192769	0.581637	0.364656	0.340217	0.010933	0.025085	0.057805	0.012329	77.115800
189.000000	14.659300	13.126982	13.034355	13.859965	13.278080	1.467257	4.259212	10.704256	5.693354	0.186890	0.409591	0.414766	0.584830	0.009031	0.041182	0.030679	0.002653	77.103100
207.000000	14.659300	12.774910	13.299116	14.238841	14.297539	1.750441	3.038530	9.980059	7.460873	0.102841	0.143134	0.434277	0.189075	0.018333	0.056264	0.010716	0.010885	77.805800
225.000000	14.659300	12.508452	14.166120	14.274241	14.217579	1.880187	2.071672	8.656708	8.623265	0.062368	0.124858	0.311944	0.241794	0.008481	0.052866	0.003967	0.073280	77.277900
243.000000	14.659300	12.375789	14.653909	14.438684	13.250823	2.638459	1.652431	7.372759	10.128353	0.079724	0.119901	0.190173	0.397659	0.012560	0.008071	0.016520	0.085764	77.421500
261.000000	14.659300	12.572239	12.961181	13.878174	13.740761	3.606708	1.584618	5.771979	10.567261	0.281378	0.132474	0.624742	0.445800	0.013625	0.003294	0.026964	0.044554	76.255700
279.000000	14.659300	12.449642	13.158536	13.218930	14.168608	4.761262	1.565855	4.149304	10.600839	0.488974	0.254570	0.393103	0.425972	0.008852	0.007023	0.050899	0.033777	75.736200
297.000000	14.659300	13.367992	12.845708	13.492625	14.726970	5.305860	1.845850	2.879119	10.094356	0.123000	0.109801	0.094696	0.404989	0.018199	0.015675	0.052024	0.004794	75.381600
315.000000	14.659300	13.234311	12.749802	14.027915	14.507787	6.726702	1.880424	1.904808	8.703914	0.226626	0.141024	0.118690	0.242300	0.064320	0.020383	0.072629	0.004509	74.626200
333.000000	14.659300	13.560031	13.098594	14.174715	14.492406	7.781594	3.056150	1.768254	7.059999	0.308999	0.105345	0.110378	0.202044	0.053961	0.013621	0.021664	0.015525	75.823300
351.000000	14.659300	13.592490	13.052563	13.271859	14.014909	8.195225	4.199033	1.516613	5.853364	0.316572	0.350452	0.126692	0.572611	0.058716	0.014126	0.015100	0.029506	75.179900
7.500000	17.612400	14.309640	13.495792	13.314271	13.483917	9.300672	5.520202	1.182048	4.379434	0.362431	0.284711	0.284967	0.309196	0.027175	0.008037	0.018185	0.059663	76.340400
22.500000	17.612400	14.558115	13.951122	12.815738	12.837565	8.769918	7.127281	1.366080	2.900540	0.343179	0.138451	0.238830	0.060111	0.032819	0.017197	0.190626	0.039069	75.386700
37.500000	17.612400	15.335320	14.221424	12.282710	13.115219	7.762639	8.728637	2.368507	1.982302	0.252871	0.185874	0.141169	0.110132	0.014001	0.078863	0.179653	0.162166	76.921500
52.500000	17.612400	14.816995	14.052683	12.596329	12.868893	6.841111	10.053561	1.774723	2.230460	0.215372	0.332213	0.096337	0.144907	0.015863	0.161132	0.122439	0.067091	76.390100
67.500000	17.612400	14.660581	13.934044	12.667467	12.882465	5.872229	11.288098	2.926484	1.372074	0.179147	0.425453	0.080787	0.381748	0.015017	0.043501	0.170533	0.017896	76.917500
82.500000	17.612400	14.021242	13.600520	12.838470	12.096552	5.085591	11.592251	4.357572	1.148345	0.306777	0.415607	0.291431	0.311720	0.038426	0.047560	0.003322	0.010675	76.165900
97.500000	17.612400	13.605383	14.128119	13.004158	11.929846	4.110353	11.529595	5.564694	1.130747	0.316134	0.357569	0.293217	0.251354	0.055092	0.013286	0.005469	0.011578	76.306500
112.500000	17.612400	14.021242	14.535156	14.320611	12.323199	2.805368	11.006859	6.792117	1.424868	0.078391	0.375058	0.194657	0.269879	0.015741	0.015613	0.019239	0.215432	78.413400
127.500000	17.612400	14.207400	15.114102	14.512763	11.927358	1.871003	10.254999	8.783049	2.247357	0.065192	0.364956	0.189476	0.157806	0.114283	0.008177	0.068908	0.138569	80.025300
142.500000	17.612400	13.917645	15.130501	13.945241	12.596329	2.351260	8.337072	9.636945	1.932833	0.087334	0.266853	0.379845	0.091034	0.043761	0.015240	0.146648	0.175771	79.054200
157.500000	17.612400	14.332599	14.670647	13.707397	13.326259	1.355008	6.904344	10.841273	2.832285	0.235007	0.137163	0.456163	0.089831	0.021432	0.023636	0.017463	0.208692	79.159200
172.500000	17.612400	13.153899	14.056642	13.356117	13.462994	1.045861	5.446112	11.931543	4.324118	0.154355	0.287082	0.359544	0.272110	0.005931	0.014110	0.029057	0.021484	77.921000
187.500000	17.612400	12.836434	13.408142	14.149495	12.817434	1.088423	4.321234	11.531857	5.535470	0.187311	0.314979	0.431803	0.297534	0.012903	0.030909	0.048858	0.006824	77.019600
202.500000	17.612400	13.026890	13.189072	14.718374	13.849560	1.364655	2.901795	10.650308	6.810111	0.317564	0.108636	0.410673	0.159576	0.206703	0.034614	0.015874	0.017895	77.782300
217.500000	17.612400	12.485493	14.387225	15.135025	14.242913	2.343128	1.881612	10.104557	8.601539	0.113609	0.098677	0.420969	0.180642	0.174795	0.106716	0.023070	0.063563	80.363500
232.500000	17.612400	12.625847	13.619973	15.217812	14.245062	1.977903	2.324354	8.622778	9.723849	0.059252	0.146954	0.197460	0.366921	0.154258	0.087163	0.012811	0.144562	79.527000
247.500000	17.612400	12.647675	14.072136	14.692022	13.283282	2.719516	1.385329	6.866230	11.155932	0.065297	0.214974	0.186806	0.408511	0.205445	0.008381	0.010594	0.030778	77.952900
262.500000	17.612400	12.060134	12.888912	14.139542	13.537864	3.807015	1.190395	5.543466	11.757147	0.255962	0.282363	0.262483	0.374177	0.015908	0.012912	0.018221	0.044165	76.190700
277.500000	17.612400	12.422272	13.243698	13.539787	14.247324	4.610006	1.096630	4.470636	11.466826	0.302412	0.248482	0.334129	0.391549	0.006437	0.011819	0.056857	0.026734	76.475700
292.500000	17.612400	13.215650	12.488321	13.959039	14.817787	5.825022	1.412608	2.812584	11.010806	0.145367	0.398146	0.063363	0.428171	0.012467	0.217650	0.038576	0.031405	76.876900
307.500000	17.612400	12.994997	12.298544	14.363135	14.932354	6.845454	2.354076	1.938409	10.532721	0.156308	0.152005	0.120232	0.402318	0.053985	0.156766	0.121079	0.011839	77.434200
322.500000	17.612400	13.419451	12.843447	14.299349	15.240318	8.044636	1.888590	2.256405	8.351141	0.299849	0.112572	0.102034	0.305194	0.139076	0.127506	0.070803	0.002607	77.503000
337.500000	17.612400	13.435285	12.990586	14.137167	14.530519	8.705249	3.088247	1.349025	6.767032	0.349828	0.086612	0.228959	0.190112	0.032743	0.190878	0.013046	0.029686	76.124900
352.500000	17.612400	13.504500	12.850006	13.134220	14.213508	9.142653	4.259076	1.122461	5.496485	0.373058	0.279858	0.241647	0.255010	0.036210	0.022294	0.002077	0.027103	74.960200
6.428570	20.577500	14.549972	12.890269	12.443082	13.745624	10.112576	5.481839	0.950782	4.229286	0.094057	0.188876	0.382713	0.260648	0.014443	0.012529	0.002698	0.033141	75.392600
19.285700	20.577500	15.236360	13.519769	12.611484	13.452928	10.120447	6.615323	1.146366	3.107315	0.112384	0.103962	0.284603	0.081750	0.025452	0.010432	0.017833	0.046566	76.493000
32.142900	20.577500	15.572259	14.199710	11.919215	13.226620	9.006710	8.169959	1.982121	1.963777	0.104273	0.166014	0.231268	0.077051	0.011252	0.059177	0.145020	0.057443	76.891900
45.000000	20.577500	15.172234	14.065237	11.345812	12.634103	8.116159	9.627863	2.725069	2.650922	0.307580	0.400194	0.089905	0.132641	0.005455	0.120250	0.128414	0.096293	77.618100
57.857100	20.577500	15.109352	13.897627	12.446362	12.835756	6.741891	11.325228	2.054605	1.788861	0.181585	0.189622	0.076360	0.207273	0.013624	0.051434	0.173710	0.074341	77.167600
70.714300	20.577500	15.076667	14.217127	12.517161	12.449755	6.056396	11.935388	2.959588	1.182591	0.108820	0.133457	0.094396	0.378628	0.040312	0.059552	0.026792	0.024989	77.261700
83.571400	20.577500	14.661373	13.791428	12.620532	11.599037	4.817189	12.587620	4.337475	0.969345	0.176469	0.117997	0.234899	0.378022	0.050029	0.051893	0.009837	0.004791	76.407900
96.428600	20.577500	13.666117	14.580961	12.553126	11.934483	4.436300	12.769255	5.560544	0.930645	0.240995	0.124388	0.194042	0.408173	0.034720	0.062357	0.020488	0.006994	77.523700
109.286000	20.577500	13.744041	14.951581	13.404183	12.031860	2.996876	12.358259	6.800746	1.119406	0.064165	0.115621	0.159350	0.271193	0.067104	0.029078	0.029252	0.043904	78.186600
122.143000	20.577500	14.167364	15.173252	14.104934	11.285938	1.845624	11.234705	8.072877	1.872643	0.075207	0.210637	0.204711	0.244999	0.070661	0.011920	0.066128	0.122949	78.764400
135.000000	20.577500	14.054945	15.536068	14.102446	11.115410	2.691083	9.999399	9.789615	2.558216	0.091010	0.289650	0.316098	0.091707	0.117174	0.018770	0.094007	0.132585	80.998200
147.857000	20.577500	14.289283	15.361898	14.288152	11.721747	1.975912	8.456627	11.166993	2.015451	0.140181	0.198688	0.198648	0.057994	0.086743	0.014406	0.024264	0.108217	80.105200
160.714000	20.577500	13.604026	15.378636	13.827959	12.381783	1.264779	6.713763	11.642692	2.888857	0.363736	0.154715	0.163475	0.077596	0.005830	0.017087	0.061266	0.029562	78.575800
173.571000	20.577500	12.610805	14.195978	13.455982	12.651520	0.928047	5.435435	12.577555	4.259789	0.265710	0.186801	0.097876	0.221321	0.027010	0.030514	0.031356	0.008445	76.984100
186.429000	20.577500	12.251834	14.161370	14.146441	13.030170	1.051394	4.263634	12.130933	5.506460	0.291195	0.188525	0.068938	0.183956	0.012098	0.039526	0.024875	0.027884	77.379200
199.286000	20.577500	12.509018	13.655825	14.732851	13.633771	1.132025	3.023691	11.929846	6.695849	0.322255	0.092484	0.139962	0.190136	0.025433	0.027014	0.012964	0.020572	78.143800
212.143000	20.577500	12.046902	14.290075	15.224485	14.433934	1.808472	1.961255	11.238539	8.155664	0.174040	0.091419	0.165086	0.188875	0.128027	0.045960	0.019445	0.069335	80.041500
225.000000	20.577500	11.236786	13.899889	15.232288	14.231829	2.581356	2.624446	9.718070	9.895678	0.120052	0.079542	0.338570	0.350438	0.105140	0.123061	0.013991	0.147487	80.698600
237.857000	20.577500	11.495326	13.964467	15.367214	13.938342	1.984044	1.876850	8.414430	11.253875	0.079989	0.213783	0.188416	0.200005	0.145487	0.093735	0.030603	0.059798	79.306300
250.714000	20.577500	11.783724	13.601877	15.101774	13.946937	2.799894	1.092173	6.864997	12.386307	0.090422	0.285837	0.142153	0.135970	0.024795	0.013242	0.020860	0.058067	78.349000
263.571000	20.577500	11.766194	12.787011	14.325022	14.037415	4.052029	0.885688	5.522362	12.582983	0.212414	0.425618	0.156656	0.116517	0.009552	0.011408	0.032704	0.050938	76.974600
276.429000	20.577500	11.527672	12.678551	14.041260	14.707064	4.920695	0.902690	4.387317	12.427022	0.184700	0.359998	0.217461	0.107641	0.006116	0.006818	0.061215	0.026523	76.562800
289.286000	20.577500	12.395581	12.705920	13.998736	15.069315	5.834884	1.107811	2.898017	11.755903	0.108244	0.449564	0.082753	0.088005	0.011816	0.024889	0.062834	0.012350	76.606700
302.143000	20.577500	12.730802	12.051426	13.951461	15.476805	7.127236	1.885547	1.947728	11.324662	0.181165	0.224700	0.057421	0.169595	0.095396	0.155890	0.047431	0.022045	77.449400
315.000000	20.577500	12.791987	11.781689	14.177316	15.036856	7.887759	2.605548	2.656430	9.545325	0.275922	0.121633	0.096926	0.325970	0.114194	0.166996	0.117611	0.018410	77.720600
327.857000	20.577500	13.532662	12.006979	14.392541	15.378410	8.919184	1.961017	1.895070	8.436349	0.085985	0.087699	0.231645	0.164864	0.057495	0.172839	0.090354	0.033052	77.446100
340.714000	20.577500	13.800702	12.452582	13.575752	15.193157	9.480418	2.950574	1.166079	6.562235	0.103316	0.075273	0.243352	0.118831	0.039776	0.041751	0.002652	0.034285	75.840700
353.571000	20.577500	13.835876	12.294359	12.365045	14.455536	10.566198	4.628294	0.922770	5.509209	0.109101	0.208498	0.371430	0.138316	0.032251	0.004262	0.014200	0.026188	75.481500
5.625000	23.556500	14.724595	12.211798	11.914804	14.243026	11.474629	5.648635	0.932148	4.709464	0.077800	0.116366	0.144576	0.203004	0.074774	0.032753	0.033437	0.062306	76.604100
16.875000	23.556500	15.453846	13.113975	11.888679	13.958473	11.028585	6.398493	0.789120	2.944274	0.095805	0.123143	0.172113	0.066741	0.052953	0.022712	0.009956	0.053754	76.172600
28.125000	23.556500	15.286123	14.363022	11.224209	13.353968	10.263368	7.867797	1.082390	1.904389	0.085877	0.114315	0.442798	0.050723	0.054196	0.084385	0.009410	0.057272	76.244300
39.375000	23.556500	15.563777	14.333391	10.772352	12.532429	9.329750	9.856048	2.511428	2.967086	0.067575	0.275036	0.138427	0.103248	0.032038	0.073601	0.067414	0.055511	78.679100
50.625000	23.556500	15.741000	14.284420	10.872194	12.683188	8.207802	11.367413	2.866226	2.347855	0.273330	0.113121	0.091198	0.170974	0.058963	0.023421	0.051340	0.074003	79.226400
61.875000	23.556500	15.688071	14.197222	11.727628	12.429397	6.823287	12.375450	2.014999	1.214598	0.114444	0.100164	0.050255	0.533871	0.038815	0.087234	0.017255	0.108984	77.521700
73.125000	23.556500	15.463346	13.933026	11.600394	11.645859	5.902199	13.059010	3.090407	0.906799	0.092841	0.124866	0.050630	0.173883	0.057710	0.092976	0.016972	0.075834	76.286800
84.375000	23.556500	14.815751	14.236579	12.106165	10.805681	5.184506	13.373194	4.578791	0.832520	0.105359	0.108785	0.150796	0.155840	0.062596	0.058066	0.036042	0.085304	76.695900
95.625000	23.556500	14.191567	14.291206	12.610918	10.702751	4.532783	13.334741	5.706631	0.790719	0.170182	0.065502	0.154170	0.096301	0.089165	0.058723	0.045407	0.031249	76.871900
106.875000	23.556500	13.609907	15.556765	13.186923	10.894044	3.163536	13.067266	6.570808	0.972402	0.049436	0.130249	0.111298	0.164631	0.061726	0.042860	0.029748	0.027832	77.639400
118.125000	23.556500	14.238955	16.084590	13.723118	10.691611	1.901166	12.134552	7.820353	1.214326	0.055954	0.111245	0.114153	0.505301	0.098710	0.060778	0.072516	0.029823	78.857000
129.375000	23.556500	14.433143	15.324463	14.107083	10.238317	2.880363	11.288415	9.733711	2.491206	0.067731	0.060698	0.283348	0.127758	0.040305	0.039699	0.071227	0.056513	81.243900
140.625000	23.556500	14.314164	15.619308	14.471370	10.574940	2.494147	9.363702	11.282432	2.838528	0.093866	0.303045	0.156013	0.087319	0.075221	0.045567	0.021839	0.050334	81.791800
151.875000	23.556500	14.331807	15.761358	14.357481	11.295811	1.122682	7.977400	12.260090	2.005035	0.514093	0.101085	0.101507	0.046622	0.091326	0.041186	0.071401	0.020943	80.099900
163.125000	23.556500	13.042837	15.487888	13.899097	11.719711	0.889159	6.391775	12.873530	3.103708	0.157878	0.130532	0.116494	0.066052	0.084901	0.041730	0.073302	0.027764	78.106300
174.375000	23.556500	12.459707	15.006999	13.662158	12.116570	0.957549	5.315156	13.224585	4.392881	0.120574	0.115985	0.092292	0.160580	0.062267	0.083469	0.064237	0.053637	77.888700
185.625000	23.556500	12.297639	14.035945	14.754452	12.615782	0.768637	4.601817	13.899436	5.697979	0.123537	0.147616	0.085767	0.102460	0.052250	0.080228	0.096904	0.053839	79.414400
196.875000	23.556500	11.844458	13.867091	15.367440	13.023724	0.884638	3.057892	13.294592	6.416261	0.144734	0.040802	0.074793	0.138316	0.008735	0.047472	0.052366	0.074175	78.337400
208.125000	23.556500	11.779540	14.219615	15.776174	14.051213	1.243471	2.152129	12.131725	8.087025	0.436864	0.046733	0.089143	0.162055	0.036824	0.061797	0.036426	0.108555	80.419200
219.375000	23.556500	10.761834	14.501227	15.463233	14.055284	2.495956	2.944636	11.313579	9.327047	0.117322	0.064904	0.112750	0.302163	0.049819	0.022697	0.031192	0.063765	81.627500
230.625000	23.556500	10.349311	14.536740	15.446834	14.246080	2.809293	2.562593	9.420533	11.180870	0.084192	0.184145	0.262066	0.126192	0.062035	0.080078	0.053664	0.064061	81.468700
241.875000	23.556500	10.530018	14.035153	15.841318	14.211585	1.952150	1.195337	7.893776	12.321163	0.043577	0.542063	0.119079	0.111454	0.019660	0.107949	0.034918	0.095530	79.054700
253.125000	23.556500	10.762987	13.119743	15.095214	13.977700	3.335263	0.899201	6.335464	13.394004	0.042346	0.170464	0.109458	0.103804	0.022527	0.030655	0.042281	0.095194	77.536400
264.375000	23.556500	10.593703	12.382801	14.954861	13.728207	4.280282	0.918926	5.587800	13.285092	0.146261	0.114013	0.122895	0.072101	0.006427	0.029373	0.089700	0.073961	76.386400
275.625000	23.556500	11.203784	11.773659	13.718933	14.474310	5.158912	0.835829	4.495755	13.474756	0.113187	0.132332	0.115688	0.060684	0.048185	0.043795	0.051107	0.097923	75.798900
286.875000	23.556500	11.733962	11.556851	13.894573	15.413357	5.863350	0.917938	2.932637	13.276044	0.114387	0.210756	0.048909	0.090535	0.092494	0.003513	0.081418	0.046777	76.277600
298.125000	23.556500	12.717456	11.423623	14.010837	15.264521	7.134044	1.178248	2.099788	12.265972	0.093737	0.490712	0.039989	0.100708	0.114224	0.017700	0.118785	0.050392	77.120800
309.375000	23.556500	12.751838	11.132895	13.705814	15.541610	7.990937	2.341782	2.955980	11.184772	0.273280	0.130695	0.099884	0.134266	0.080097	0.058098	0.024240	0.036905	78.443100
320.625000	23.556500	12.999521	10.692233	14.171549	15.683547	9.171753	2.927366	2.413995	9.671745	0.074023	0.121988	0.141190	0.340685	0.049816	0.039079	0.064364	0.046527	78.609300
331.875000	23.556500	13.702760	11.763141	14.682748	15.272890	10.082458	1.944912	1.285849	7.781142	0.104342	0.081288	0.524685	0.082368	0.066089	0.017289	0.086577	0.054841	77.533400
343.125000	23.556500	14.042844	11.963775	12.742677	15.566717	11.060648	3.086438	0.982035	6.433327	0.111042	0.041376	0.172734	0.114803	0.075115	0.007107	0.026933	0.075308	76.502800
354.375000	23.556500	13.710338	12.091123	12.219036	14.914372	11.561828	4.704589	0.979615	5.742517	0.116738	0.171293	0.096264	0.121610	0.059735	0.069763	0.021495	0.094484	76.674900
5.000000	26.551700	14.940950	11.471123	11.261045	13.956890	12.080379	5.514377	0.713501	4.478440	0.086662	0.128203	0.150672	0.055815	0.247154	0.026533	0.140865	0.241886	75.494400
15.000000	26.551700	15.770179	12.319467	11.029738	13.869579	11.590554	6.582446	0.889395	3.225038	0.101651	0.101047	0.135768	0.050496	0.122365	0.014741	0.025582	0.246407	76.074400
25.000000	26.551700	15.627224	13.617824	10.859041	13.399659	11.211237	7.603048	0.941392	2.134452	0.073169	0.062324	0.330472	0.024776	0.080598	0.104721	0.036570	0.112124	76.218600
35.000000	26.551700	15.458144	14.215543	9.841640	12.871155	10.223411	9.139848	1.960769	2.882274	0.069307	0.209791	0.358046	0.063427	0.163876	0.039713	0.049954	0.075505	77.622500
45.000000	26.551700	15.982576	14.522263	9.961873	12.128898	9.918116	10.615576	2.943008	2.978034	0.061772	0.086682	0.085643	0.113434	0.091925	0.049134	0.096127	0.018318	79.653400
55.000000	26.551700	15.813043	14.422285	10.111365	12.418992	7.989829	12.345818	3.070366	2.011187	0.249213	0.109191	0.065014	0.345518	0.143595	0.143424	0.045139	0.039341	79.323300
65.000000	26.551700	15.663076	14.102333	11.216270	11.561262	6.920901	13.514114	2.099381	1.094608	0.060233	0.107633	0.020602	0.356042	0.117319	0.151641	0.020789	0.118491	77.124700
75.000000	26.551700	15.839847	14.385755	10.755749	10.231407	5.925396	13.710790	3.114192	0.868532	0.085574	0.276888	0.024203	0.195237	0.124580	0.283166	0.020696	0.161609	76.003600
85.000000	26.551700	14.931789	14.084916	11.154711	9.700743	5.423673	14.183424	4.635724	0.882079	0.101986	0.387804	0.077444	0.186477	0.208909	0.271337	0.141196	0.036810	76.409100
95.000000	26.551700	13.919228	15.140001	11.271620	9.641073	4.608897	13.908484	5.514784	0.896714	0.074342	0.354450	0.112253	0.200513	0.225319	0.213298	0.013684	0.076445	76.171100
105.000000	26.551700	14.193603	15.462215	12.153666	9.618849	3.318445	14.084690	6.198673	0.853028	0.040350	0.303634	0.097829	0.213936	0.286281	0.128618	0.018773	0.031109	77.003800
115.000000	26.551700	14.389713	16.150639	13.720064	9.738597	2.067804	13.294592	7.717344	1.085150	0.025577	0.177183	0.055592	0.342185	0.143269	0.105429	0.078773	0.063515	79.155400
125.000000	26.551700	14.290527	15.751292	13.985277	9.567899	3.044264	12.528131	9.515376	1.955136	0.044242	0.084544	0.238586	0.377870	0.165832	0.136222	0.045374	0.040497	81.771200
135.000000	26.551700	13.850013	15.770519	14.141691	9.320001	3.009995	10.718382	11.170907	2.843833	0.083992	0.096815	0.086665	0.080876	0.047148	0.118388	0.024440	0.085372	81.449000
145.000000	26.551700	14.204460	15.730369	13.969557	9.818794	1.896665	9.143761	12.310645	2.837985	0.319566	0.230392	0.089670	0.056996	0.034330	0.139915	0.053954	0.053245	80.890300
155.000000	26.551700	13.687605	15.911890	14.425678	11.161361	1.049159	7.546035	13.171655	2.167499	0.298000	0.064436	0.058350	0.031887	0.127678	0.127220	0.115424	0.058086	80.002000
165.000000	26.551700	12.122790	15.949326	13.949991	10.737371	0.768707	6.204339	13.756142	3.208176	0.253906	0.115115	0.093913	0.034847	0.254476	0.124170	0.259803	0.040624	77.873800
175.000000	26.551700	11.327716	14.903062	14.055398	11.230384	0.813035	5.601078	13.922508	4.599522	0.158970	0.088738	0.096618	0.094331	0.045647	0.171445	0.274987	0.221538	77.605000
185.000000	26.551700	11.074186	14.228550	14.914598	11.555042	0.768102	4.770355	13.933931	5.550139	0.179212	0.068867	0.083846	0.077177	0.184932	0.238558	0.179776	0.041443	77.848700
195.000000	26.551700	10.835256	14.020224	15.496597	12.388456	0.753870	3.171849	13.918550	6.450427	0.254297	0.036733	0.082749	0.078253	0.025556	0.235732	0.110471	0.242530	78.101500
205.000000	26.551700	10.780415	14.274806	15.742697	13.560823	1.020094	2.086420	13.144399	7.655694	0.280946	0.041346	0.082413	0.064682	0.033383	0.088094	0.116677	0.122911	79.095700
215.000000	26.551700	10.232323	14.196204	15.396393	14.162161	1.927541	3.003277	12.303294	9.363713	0.348543	0.057426	0.114788	0.250402	0.039318	0.063446	0.149628	0.041912	81.650300
225.000000	26.551700	9.290030	14.459607	15.770632	13.924205	2.975387	2.813172	11.130248	10.714299	0.089877	0.127159	0.095494	0.086831	0.080088	0.014313	0.113060	0.024774	81.709100
235.000000	26.551700	9.187123	14.190775	15.923652	14.129476	3.091199	1.975403	9.318293	12.701057	0.046886	0.353474	0.210711	0.089768	0.019084	0.054582	0.117089	0.176986	81.585600
245.000000	26.551700	9.899964	13.862227	15.660588	14.224591	2.152129	1.079577	7.513870	13.219495	0.036064	0.241687	0.075895	0.170822	0.040145	0.118732	0.139138	0.111340	78.546200
255.000000	26.551700	9.687714	12.149594	15.999428	14.273336	3.357962	0.787996	6.151319	13.956664	0.042580	0.198438	0.107480	0.286740	0.009663	0.026419	0.154136	0.338926	77.528300
265.000000	26.551700	9.786165	11.224786	14.706612	13.858382	4.359574	0.782733	5.534995	14.048272	0.069082	0.196675	0.109727	0.439106	0.084568	0.023359	0.196075	0.289736	75.709800
275.000000	26.551700	10.370460	10.978652	13.846281	14.756827	5.444144	0.905042	4.907350	13.999641	0.094903	0.175025	0.059665	0.362824	0.019549	0.155754	0.254580	0.177131	76.507800
285.000000	26.551700	10.431160	10.955694	13.994212	16.030077	5.747346	0.890847	3.382911	13.723909	0.089547	0.194422	0.038197	0.269292	0.157394	0.016847	0.281071	0.151052	76.353900
295.000000	26.551700	11.671871	11.132793	14.507221	15.787596	6.821002	1.171100	2.224206	13.401582	0.098153	0.344878	0.030191	0.153685	0.140190	0.043175	0.138752	0.132885	77.799400
305.000000	26.551700	11.975990	10.014486	14.204686	16.145663	7.943810	1.835830	2.996310	12.623246	0.198213	0.322257	0.037220	0.079205	0.038570	0.035620	0.138677	0.108606	78.698500
315.000000	26.551700	12.201167	9.713421	13.989688	15.459840	9.287802	2.904023	2.861849	11.298333	0.062083	0.152403	0.109258	0.097002	0.042955	0.088527	0.017800	0.138258	78.424300
325.000000	26.551700	13.408255	9.741164	13.830673	15.746090	10.161841	2.970694	1.860338	9.313204	0.082126	0.052144	0.341098	0.217569	0.061484	0.038225	0.039750	0.170559	78.035300
335.000000	26.551700	13.803304	11.152777	13.667248	15.786013	10.987474	1.984553	1.032208	7.426129	0.097698	0.055625	0.334106	0.059325	0.119527	0.037670	0.121410	0.117282	76.782400
345.000000	26.551700	14.000093	10.843524	12.413564	15.640683	11.289025	3.322336	0.861724	6.252417	0.096103	0.060813	0.150185	0.088924	0.272041	0.022307	0.018864	0.138748	75.471400
355.000000	26.551700	14.063427	11.520434	11.372276	14.707969	12.085694	4.745949	0.829293	5.826797	0.118730	0.058045	0.162491	0.099392	0.270211	0.128852	0.019927	0.223547	76.232900
4.500000	29.565600	14.682409	10.433354	9.822639	14.248229	13.171768	5.970295	0.751369	4.667979	0.068476	0.069062	0.224175	0.031087	0.240276	0.022575	0.055990	0.403901	74.863600
13.500000	29.565600	15.965498	11.280181	10.043688	14.146780	12.497029	6.325206	0.787146	3.415234	0.056550	0.067638	0.239714	0.042970	0.267860	0.025666	0.039669	0.423028	75.623900
22.500000	29.565600	16.293707	12.677646	10.108086	13.662045	11.978478	7.526175	0.855144	2.542213	0.082621	0.085255	0.208358	0.104862	0.257087	0.102350	0.027156	0.516834	77.027900
31.500000	29.565600	16.321190	13.682289	9.164809	12.749236	11.443188	8.712555	1.058747	2.877309	0.068030	0.078211	0.216423	0.034077	0.312409	0.035188	0.044526	0.284004	77.082100
40.500000	29.565600	16.325940	13.996135	8.757613	12.116796	10.800739	10.468753	2.281976	3.172878	0.079039	0.075094	0.282958	0.053405	0.259897	0.175581	0.025263	0.095671	78.967600
49.500000	29.565600	16.322207	14.161822	8.568051	11.539434	9.681087	12.238828	3.294503	2.175382	0.058038	0.256806	0.062268	0.242904	0.379435	0.113808	0.032269	0.039742	79.166700
58.500000	29.565600	15.867669	14.070892	9.389544	11.611364	8.256716	13.322414	3.125467	0.965264	0.084632	0.508838	0.039464	0.365595	0.302177	0.384878	0.052050	0.042698	78.389700
67.500000	29.565600	15.960861	14.256145	9.907983	10.666775	6.946450	14.034361	2.350592	0.785001	0.066871	0.621573	0.188504	0.196876	0.266055	0.495862	0.012633	0.104652	76.861200
76.500000	29.565600	15.245747	14.227306	9.747169	8.871434	5.805942	14.559020	3.472744	0.786487	0.050030	0.752572	0.051598	0.252942	0.293950	0.411865	0.050820	0.053387	74.633000
85.500000	29.565600	15.125638	14.344701	10.029313	8.677031	5.838322	14.340403	4.937445	0.801714	0.051292	0.677458	0.053492	0.192798	0.250050	0.343317	0.062078	0.026992	75.752100
94.500000	29.565600	13.786565	14.804781	10.678888	8.387592	4.715322	14.489126	5.833165	0.769014	0.038426	0.726079	0.059744	0.234244	0.358269	0.244838	0.042006	0.065524	75.233400
103.500000	29.565600	14.439589	16.077917	11.177229	8.546777	3.187716	14.530633	6.256273	0.815359	0.059838	0.733035	0.055332	0.238379	0.547062	0.283027	0.029865	0.071269	77.049200
112.500000	29.565600	14.503037	16.184794	12.858036	8.986590	2.488877	13.865846	7.336093	0.818135	0.127584	0.695036	0.054203	0.246725	0.498289	0.274373	0.100598	0.037144	79.075300
121.500000	29.565600	13.970575	16.292576	13.711242	8.904357	3.069213	13.640557	8.938987	0.973866	0.033178	0.505804	0.086967	0.175469	0.365032	0.326916	0.038837	0.075020	81.108600
130.500000	29.565600	14.097017	15.505192	14.174715	8.852502	3.178488	12.566358	10.509536	2.124805	0.045545	0.276306	0.084860	0.223028	0.095151	0.369279	0.034854	0.071988	82.209600
139.500000	29.565600	14.136601	16.064346	14.170418	8.583952	2.022429	10.561945	12.435844	3.267178	0.222975	0.054897	0.065334	0.061048	0.178979	0.284467	0.056211	0.046122	82.212700
148.500000	29.565600	13.657521	16.083120	14.447619	9.458115	0.983462	8.927055	13.183078	2.992522	0.312767	0.081567	0.122305	0.019752	0.025699	0.300353	0.356708	0.046755	80.998500
157.500000	29.565600	13.039105	15.658439	14.561847	10.056378	0.851325	7.387427	13.896043	2.469152	0.222493	0.076242	0.076687	0.141865	0.088311	0.242320	0.468934	0.047314	79.283800
166.500000	29.565600	11.592025	16.208771	13.999527	9.924472	0.820883	6.101307	14.540924	3.446834	0.272533	0.092131	0.063917	0.058931	0.193652	0.292276	0.468212	0.063267	78.139700
175.500000	29.565600	10.744643	14.920705	13.773559	10.166387	0.775244	5.793909	14.629480	4.915357	0.273995	0.043596	0.092837	0.021585	0.026613	0.264062	0.364608	0.067969	76.874500
184.500000	29.565600	10.265766	14.435178	14.853073	10.502501	0.872969	4.808401	14.227984	5.863780	0.251053	0.018405	0.036279	0.049165	0.074432	0.340537	0.236673	0.038033	76.874200
193.500000	29.565600	9.975637	14.382588	15.752649	11.436968	0.798151	3.567576	13.981206	6.082149	0.271302	0.061343	0.085442	0.065122	0.066071	0.447302	0.219781	0.139368	77.332700
202.500000	29.565600	10.063254	14.673135	15.988005	12.733290	0.760913	2.415906	14.031873	7.820534	0.254938	0.147412	0.074359	0.065634	0.042262	0.469595	0.241282	0.135787	79.918100
211.500000	29.565600	9.184555	14.062297	16.030643	13.995343	1.017947	3.004578	13.227638	8.935888	0.295553	0.027446	0.089759	0.068684	0.040833	0.312601	0.280645	0.039036	80.613400
220.500000	29.565600	8.544470	14.347754	15.654933	13.437999	2.227350	3.176214	12.295942	10.677870	0.243227	0.062255	0.075070	0.107461	0.057380	0.050400	0.372167	0.173814	81.504300
229.500000	29.565600	8.793352	14.140447	15.525097	14.183876	3.365064	2.154708	10.712975	12.341068	0.056770	0.220565	0.071283	0.264031	0.048232	0.030927	0.367308	0.094382	82.370100
238.500000	29.565600	9.132587	13.680141	16.115918	14.543073	3.104409	0.956736	8.583443	13.501108	0.042942	0.264674	0.066138	0.437168	0.052293	0.032332	0.301864	0.367714	81.182500
247.500000	29.565600	8.662181	12.653330	16.114561	14.372409	2.352063	0.797766	7.187392	13.930086	0.181706	0.212315	0.072091	0.689027	0.040147	0.119123	0.318627	0.540786	78.243600
256.500000	29.565600	8.650894	11.250923	15.979975	14.486751	3.695829	0.825877	6.447249	14.348772	0.064614	0.229134	0.094205	0.709570	0.046554	0.016040	0.268783	0.410939	77.526100
265.500000	29.565600	8.689336	10.532178	14.972843	14.089440	4.833554	0.741706	5.660533	14.586390	0.027522	0.237831	0.062969	0.629149	0.079746	0.028377	0.300141	0.379287	75.851000
274.500000	29.565600	8.645624	10.038486	14.346284	14.703898	5.761438	0.808016	4.957248	14.133435	0.041257	0.251402	0.029493	0.766205	0.037040	0.084126	0.334990	0.308251	75.247200
283.500000	29.565600	9.312661	9.747294	14.586163	16.104721	5.868146	0.755103	3.396042	14.498061	0.065128	0.242683	0.062658	0.786494	0.046307	0.069017	0.430387	0.263936	76.234800
292.500000	29.565600	10.704324	9.677852	14.356010	16.250278	7.083693	0.716901	2.636514	14.217127	0.046164	0.199926	0.143168	0.687614	0.086849	0.015122	0.524751	0.260575	77.606800
301.500000	29.565600	11.762801	9.253092	14.754678	16.453400	8.206071	0.961002	3.104488	13.296628	0.055519	0.290062	0.039882	0.459548	0.038887	0.061101	0.373261	0.345529	79.456000
310.500000	29.565600	11.496005	8.719307	14.475554	16.438924	9.220622	2.063495	3.200949	12.290740	0.054092	0.244333	0.053868	0.237359	0.049555	0.068215	0.094053	0.312831	79.019900
319.500000	29.565600	12.533786	9.030234	13.772767	15.904652	10.341496	3.071056	2.048328	10.609865	0.045471	0.072201	0.245436	0.076717	0.080699	0.038784	0.161615	0.340326	78.373400
328.500000	29.565600	13.094070	9.721395	13.571228	15.895604	11.438665	3.075965	0.989469	9.008961	0.095604	0.039481	0.236378	0.065268	0.344585	0.035382	0.047549	0.301866	77.961400
337.500000	29.565600	13.578692	9.842827	12.474071	15.886104	11.851244	2.311438	0.792948	7.633957	0.077649	0.131055	0.200713	0.093579	0.542829	0.015716	0.100970	0.260382	75.794200
346.500000	29.565600	14.144179	9.966906	11.291208	15.965159	12.194607	3.432097	0.836976	6.053953	0.049429	0.064124	0.224424	0.047271	0.490896	0.033313	0.023348	0.284885	75.102800
355.500000	29.565600	13.985956	10.016635	10.595117	15.024076	12.699474	4.656647	0.815119	5.878585	0.057877	0.043588	0.213399	0.065537	0.359244	0.061156	0.013638	0.244433	74.730500
4.090910	32.600500	15.092726	9.635655	9.397653	13.984146	13.490363	5.917264	0.790545	4.957769	0.353871	0.068874	0.103999	0.044578	0.554995	0.063540	0.031286	0.566880	75.054000
12.272700	32.600500	15.666695	10.618935	8.997164	14.306247	13.403844	6.343811	0.782382	3.579180	0.269951	0.078795	0.214163	0.059347	0.513170	0.006041	0.093008	0.577280	75.510100
20.454500	32.600500	16.439037	11.969543	8.662826	13.513661	12.973508	7.476740	0.737094	2.626301	0.108913	0.073208	0.391447	0.210644	0.488955	0.073873	0.031350	0.679078	76.456100
28.636400	32.600500	16.608909	12.692348	8.362202	12.903614	12.383593	8.670177	0.565179	3.169734	0.129874	0.081269	0.330992	0.022611	0.542484	0.057741	0.039378	0.796010	77.356200
36.818200	32.600500	16.127680	13.823096	7.842995	12.488886	12.084563	10.095306	1.152236	3.201718	0.068330	0.264957	0.255194	0.026245	0.610428	0.145063	0.042096	0.821071	79.049800
45.000000	32.600500	15.960522	13.991384	7.515431	11.941156	10.835958	12.426344	2.300264	2.384488	0.074385	0.439377	0.056875	0.083136	0.517520	0.270312	0.064615	0.312874	79.174700
53.181800	32.600500	16.462561	14.208418	7.607843	11.299012	9.529548	13.362563	3.206162	1.165151	0.115654	0.630220	0.015341	0.306495	0.583268	0.755404	0.044187	0.047355	79.339200
61.363600	32.600500	16.440168	14.545675	8.428330	10.687110	8.383510	13.883490	3.168874	0.634369	0.057903	0.884988	0.049353	0.327260	0.486921	0.682832	0.017416	0.032320	78.710500
69.545500	32.600500	16.624177	14.773566	8.879147	8.900557	6.781520	14.555401	2.648627	0.749990	0.075909	1.078850	0.201288	0.378220	0.476518	0.715907	0.033077	0.110848	76.983600
77.727300	32.600500	16.003838	14.592723	8.669374	7.893877	6.019821	14.769720	3.444832	0.786131	0.051930	1.273125	0.056602	0.168468	0.533895	0.675041	0.059561	0.027327	75.026200
85.909100	32.600500	15.187841	14.348320	8.841803	7.325009	6.055695	14.818691	4.841301	0.742930	0.037752	1.319258	0.039387	0.108793	0.478034	0.538524	0.039776	0.055224	74.778400
94.090900	32.600500	14.141465	15.213627	9.581380	6.998983	5.040918	14.341873	6.048807	0.784011	0.046181	1.569486	0.060906	0.082659	0.566442	0.549695	0.057572	0.029031	75.113100
102.273000	32.600500	14.587973	16.063893	10.079630	7.563667	3.686939	14.592044	6.463456	0.780304	0.071814	1.312461	0.078045	0.206051	0.657969	0.509505	0.013723	0.051356	76.718800
110.455000	32.600500	14.360987	16.225962	11.889923	8.405089	2.846943	14.465036	7.209367	0.685751	0.167145	0.986365	0.051656	0.357728	0.815997	0.441708	0.078782	0.029944	79.018500
118.636000	32.600500	14.453953	16.211485	13.100177	8.666773	3.237434	14.261122	8.785503	0.625998	0.027578	0.897112	0.057422	0.338014	0.724344	0.565894	0.019201	0.038576	82.010600
126.818000	32.600500	14.290414	16.313499	13.535376	7.793243	3.498033	13.024628	10.078307	1.239321	0.025814	0.605971	0.116824	0.260238	0.716050	0.597669	0.027047	0.048773	82.171200
135.000000	32.600500	13.766999	16.054393	14.169173	7.638176	2.297889	12.402593	12.275472	2.217138	0.060855	0.418496	0.063085	0.094297	0.252103	0.593721	0.212935	0.035904	82.553000
143.182000	32.600500	13.535715	16.017410	14.253883	7.979730	1.246966	9.999105	13.386992	3.233147	0.337876	0.193948	0.075247	0.038004	0.120753	0.515907	0.674016	0.055219	81.663900
151.364000	32.600500	12.744599	16.387804	14.323664	8.495578	0.601686	8.771456	13.912782	3.097679	0.431127	0.050039	0.097740	0.037930	0.077521	0.556033	0.769194	0.044642	80.399500
159.545000	32.600500	11.712473	16.038333	14.495799	8.873934	0.671308	7.252367	14.164989	2.481378	0.320137	0.073535	0.142119	0.196968	0.124327	0.553896	0.678943	0.054093	77.834500
167.727000	32.600500	10.479271	15.917545	14.520793	9.031286	0.809905	6.234638	14.299462	3.626195	0.253764	0.053683	0.306867	0.057346	0.072055	0.455319	0.599517	0.099869	76.817500
175.909000	32.600500	9.685034	14.806929	14.369695	8.896858	0.803182	6.003274	14.515138	4.994966	0.086288	0.034976	0.411718	0.031621	0.128187	0.605065	0.510804	0.019156	75.902900
184.091000	32.600500	8.798701	14.431559	14.836448	9.451454	0.763806	4.819654	14.563318	5.739927	0.110908	0.039017	0.327553	0.043104	0.026864	0.546214	0.485928	0.111014	75.095500
192.273000	32.600500	8.726794	14.234318	15.749596	10.677723	0.804052	3.744449	14.397065	6.270885	0.211424	0.080941	0.265756	0.039147	0.095042	0.620263	0.558082	0.074821	76.550300
200.455000	32.600500	8.814806	14.460512	16.586064	11.671306	0.712037	2.754463	14.410523	7.143737	0.424742	0.205105	0.123065	0.054210	0.043018	0.671379	0.487329	0.141256	78.703600
208.636000	32.600500	8.586813	14.520793	16.410197	13.141119	0.546580	3.282198	13.427029	8.657759	0.384839	0.028550	0.104509	0.073577	0.026422	0.695292	0.556147	0.067239	80.509000
216.818000	32.600500	7.818600	14.144858	16.359643	13.392421	1.228237	3.378138	13.112957	10.098608	0.304371	0.026314	0.068355	0.215844	0.033925	0.706179	0.550605	0.133120	81.572200
225.000000	32.600500	7.548569	13.737029	16.407370	13.750148	2.214265	2.316946	12.095760	12.483118	0.087138	0.091050	0.058647	0.405777	0.042295	0.217716	0.460397	0.308332	82.224600
233.182000	32.600500	8.053130	13.638634	17.011988	14.059921	3.190555	1.197622	10.191043	13.158649	0.024580	0.214471	0.071929	0.652420	0.023398	0.059641	0.535676	0.773190	82.856900
241.364000	32.600500	8.715925	12.599609	16.717143	14.460625	2.938993	0.575323	8.598870	13.835197	0.056028	0.322169	0.063302	0.880282	0.033285	0.062206	0.516047	0.709430	81.084500
249.545000	32.600500	8.188960	11.544750	16.535283	14.698243	2.581990	0.791849	7.285368	14.682748	0.147153	0.367111	0.063820	1.023060	0.056945	0.098031	0.510960	0.652125	79.228400
257.727000	32.600500	7.645323	10.304762	15.775382	14.388356	3.644596	0.780447	6.371655	14.212603	0.064632	0.172625	0.078338	1.331619	0.061200	0.018501	0.524497	0.600835	75.975400
265.909000	32.600500	6.796087	9.469470	15.041041	14.168608	4.856694	0.731242	6.106103	14.478608	0.052615	0.075446	0.076636	1.481767	0.051012	0.077952	0.509325	0.521609	74.494200
274.091000	32.600500	7.552855	9.188593	14.387678	14.708648	5.973010	0.769990	4.955179	14.354201	0.036331	0.106569	0.025270	1.433780	0.074441	0.032830	0.543541	0.469950	74.612800
282.273000	32.600500	7.925477	8.729610	14.598830	15.972624	6.327253	0.844507	3.672157	14.745631	0.044020	0.207080	0.068187	1.384526	0.028072	0.041093	0.654967	0.513983	75.757900
290.455000	32.600500	9.090617	9.157469	14.503715	16.272671	6.852466	0.718291	2.729288	14.522942	0.076821	0.361374	0.177193	1.131686	0.091302	0.040308	0.672720	0.553401	76.952300
298.636000	32.600500	10.729001	8.463209	14.200841	16.636053	8.071587	0.679846	3.162563	13.881341	0.040384	0.375053	0.027876	0.957114	0.080357	0.030670	0.730020	0.539137	78.605100
306.818000	32.600500	11.260796	8.066181	13.681158	16.485294	9.306633	1.247498	3.462859	13.219721	0.088325	0.343634	0.034887	0.655955	0.036351	0.035555	0.805443	0.577993	79.308300
315.000000	32.600500	11.764837	7.772988	14.002807	16.037428	11.152573	2.179058	2.177814	12.148124	0.064325	0.050577	0.079593	0.378875	0.304926	0.033644	0.314915	0.482266	78.944700
323.182000	32.600500	12.528018	7.991424	13.715879	16.471496	11.859274	3.090860	1.250472	10.390399	0.088218	0.017837	0.273904	0.211839	0.774207	0.047401	0.118691	0.566007	79.396000
331.364000	32.600500	13.099160	8.609840	12.530167	16.782401	12.442743	2.986313	0.708724	8.609942	0.134758	0.026991	0.345037	0.049587	0.744200	0.040153	0.070366	0.545436	77.725800
339.545000	32.600500	13.576770	8.794539	11.808040	16.384750	12.584001	2.645562	0.650142	7.248906	0.142505	0.190463	0.372493	0.070144	0.711709	0.013553	0.102889	0.516176	75.812700
347.727000	32.600500	14.441286	9.010725	10.097409	16.187509	13.156161	3.669952	0.746625	6.459091	0.288335	0.057695	0.222213	0.047142	0.545485	0.055010	0.008855	0.492187	75.485700
355.909000	32.600500	14.329093	9.104958	9.719257	14.757619	13.296514	5.045600	0.780487	6.074605	0.374331	0.072949	0.079496	0.068116	0.521759	0.040778	0.066427	0.547966	74.880000
3.750000	35.659100	15.021136	8.395204	7.723756	14.199257	13.907014	6.328169	0.577528	5.072642	1.170885	0.064468	0.029724	0.047250	0.969790	0.041375	0.052374	0.732279	74.332900
11.250000	35.659100	15.431340	9.245854	7.843334	14.455875	13.429291	6.225714	0.764000	3.762692	1.139105	0.115740	0.052055	0.034729	0.745491	0.023556	0.055624	0.832899	74.157300
18.750000	35.659100	16.948201	10.189742	7.688413	13.920020	13.370254	7.315916	0.692307	2.768973	0.992918	0.128581	0.084386	0.048285	0.793072	0.066414	0.100717	0.970295	76.078500
26.250000	35.659100	16.393006	12.203203	7.325597	12.415712	13.174143	8.429834	0.582217	3.362780	0.752336	0.134369	0.268744	0.080798	0.767350	0.152854	0.044242	1.051197	77.138400
33.750000	35.659100	16.549081	12.839488	6.633125	12.208066	12.806237	9.847690	0.630137	3.289255	0.352774	0.468333	0.489670	0.082343	0.899779	0.248355	0.057924	0.997853	78.400200
41.250000	35.659100	16.966862	13.394117	6.842649	11.703312	12.018175	12.173684	1.218737	2.244077	0.119520	0.541130	0.292905	0.053791	0.913198	0.780684	0.027106	1.013126	80.303200
48.750000	35.659100	16.543426	13.875234	6.829903	11.075045	11.604918	13.144172	2.408442	1.246265	0.112906	0.821670	0.051044	0.217715	0.957027	1.066208	0.035271	0.756931	80.746100
56.250000	35.659100	17.358292	14.307718	7.170360	10.296020	9.386943	14.027236	3.515631	0.551024	0.235647	1.306353	0.063109	0.719998	0.847125	0.902338	0.027409	0.195619	80.910800
63.750000	35.659100	16.561521	14.619866	7.635948	8.913190	8.353686	14.394803	3.288463	0.725713	0.088237	1.556547	0.058902	0.278356	0.806078	0.940563	0.024857	0.048065	78.294900
71.250000	35.659100	16.412685	14.363135	7.775589	7.447222	6.786485	14.539115	2.893233	0.721317	0.100607	2.077575	0.063516	0.066038	0.786386	0.988506	0.094014	0.057578	75.173100
78.750000	35.659100	15.357713	14.267907	7.964122	6.428622	6.197451	14.736244	3.780527	0.806446	0.114450	2.311427	0.034555	0.056692	0.831372	0.874040	0.065734	0.021130	73.848500
86.250000	35.659100	14.439476	13.933592	7.755921	5.963374	6.203604	15.080625	5.044888	0.822181	0.058960	2.375123	0.046458	0.055470	0.872969	0.769630	0.084127	0.045589	73.551900
93.750000	35.659100	14.841311	14.913693	8.788579	6.257212	4.684593	14.882931	6.025781	0.829486	0.031760	2.426515	0.092528	0.074696	0.658179	0.869388	0.032156	0.033778	75.442600
101.250000	35.659100	14.628349	15.838038	9.007128	7.097695	3.879849	14.964587	6.148559	0.769725	0.018117	2.333583	0.045561	0.050863	0.863810	0.827716	0.009961	0.077170	76.560800
108.750000	35.659100	14.736244	16.432251	10.438669	7.930566	2.799747	14.423303	7.277259	0.752855	0.068225	2.113823	0.066239	0.042983	0.840803	0.719798	0.060895	0.061809	78.765400
116.250000	35.659100	14.198353	16.647815	11.860631	7.517455	3.251266	14.335200	8.575447	0.732916	0.062371	1.570108	0.095252	0.269587	0.996553	0.749814	0.034942	0.051443	80.949100
123.750000	35.659100	14.392201	17.336577	13.448404	7.031521	3.408889	14.342778	10.049626	0.505926	0.052855	1.067200	0.234549	0.574963	0.961090	0.862781	0.191124	0.039205	84.499700
131.250000	35.659100	13.734767	16.969237	13.703891	6.651039	2.320814	13.256252	12.078795	1.208875	0.063348	0.741470	0.090198	0.222775	0.993938	0.927493	0.684398	0.030510	83.677800
138.750000	35.659100	13.571680	16.662744	13.953271	6.826759	1.314915	11.660788	13.234763	2.503749	0.302841	0.525456	0.116514	0.046005	0.719341	0.827207	1.095632	0.038056	83.399700
146.250000	35.659100	13.233067	16.374458	14.264401	7.061266	0.516907	9.767504	13.849787	3.452149	0.692861	0.488250	0.295773	0.053859	0.227781	0.876930	0.878488	0.054571	82.088100
153.750000	35.659100	11.922495	16.904206	14.215091	7.452832	0.549699	8.363571	14.476233	3.097171	0.309279	0.068914	0.679194	0.073339	0.140395	0.777807	0.929403	0.051317	80.011000
161.250000	35.659100	10.239369	16.841550	14.039112	7.741682	0.690473	7.045726	14.633099	2.807675	0.065066	0.051961	0.875700	0.059938	0.106034	0.713046	1.037117	0.070915	77.018600
168.750000	35.659100	9.486356	15.935528	14.740881	7.733833	0.716018	6.462359	15.115798	3.709559	0.050004	0.044966	1.108989	0.038925	0.025223	0.730640	0.905798	0.064831	76.869700
176.250000	35.659100	8.508935	14.814507	14.330337	8.030420	0.685097	6.082194	15.047940	4.938146	0.063154	0.035689	1.212596	0.017225	0.086213	0.771020	0.780085	0.103450	75.507000
183.750000	35.659100	7.830147	14.427601	14.845496	8.502680	0.758701	5.247535	14.874335	6.080825	0.048284	0.037315	1.112715	0.029089	0.100372	0.803474	0.771849	0.103228	75.573600
191.250000	35.659100	8.052191	14.487090	15.428286	9.264685	0.759056	3.808225	14.612176	6.383655	0.068841	0.026176	1.081303	0.051656	0.056787	0.862260	0.778465	0.030615	75.751400
198.750000	35.659100	7.612785	14.424321	16.720423	10.432177	0.719818	3.009509	14.745744	7.057590	0.077440	0.024228	0.979312	0.081688	0.085635	0.949425	0.690169	0.070889	77.681100
206.250000	35.659100	7.679728	14.374445	16.950916	12.081397	0.649666	3.300158	14.425452	8.491732	0.252570	0.072319	0.815033	0.059087	0.036439	0.960710	0.697454	0.144466	80.991600
213.750000	35.659100	7.176082	13.394796	16.346976	12.901465	0.546111	3.400486	13.901359	9.933328	0.667916	0.091417	0.284302	0.386217	0.043997	0.909126	0.890095	0.247178	81.120800
221.250000	35.659100	6.667201	13.900680	16.660482	13.487875	1.171553	2.475146	13.335081	11.905870	0.244964	0.067872	0.135684	0.495988	0.042150	0.993554	0.867285	0.726215	83.177600
228.750000	35.659100	6.620594	13.671658	16.745757	13.873424	2.468994	1.235046	11.966716	13.275931	0.076033	0.257661	0.061518	0.695376	0.024041	0.760062	0.845783	1.005029	83.583800
236.250000	35.659100	7.128672	12.957109	16.530080	13.975551	3.623231	0.550038	9.854340	13.809524	0.060323	0.532771	0.240226	1.056632	0.045185	0.195853	0.913115	1.026746	82.499300
243.750000	35.659100	7.653568	11.858482	16.921963	14.357707	3.342445	0.691602	8.559025	14.203216	0.102976	0.233925	0.059694	1.552566	0.016167	0.025400	0.861667	0.962696	81.403000
251.250000	35.659100	7.630451	10.453541	16.368238	14.472953	2.972062	0.653120	7.295604	14.191341	0.054708	0.070455	0.085077	1.940648	0.060728	0.079128	0.740637	0.909586	77.978200
258.750000	35.659100	7.032358	9.374717	15.300260	14.762369	3.783558	0.734202	6.400427	15.106637	0.025343	0.055798	0.100165	2.286715	0.095119	0.006639	0.798377	0.861194	76.723800
266.250000	35.659100	6.114257	8.466003	14.690778	14.615003	4.958198	0.773608	6.003014	14.885306	0.040192	0.067669	0.079076	2.345899	0.064795	0.079879	0.874237	0.798987	74.856800
273.750000	35.659100	6.023564	7.904361	14.145310	15.038553	6.161192	0.712682	4.822312	15.105506	0.065168	0.065215	0.046106	2.404234	0.062375	0.062911	0.735245	0.756634	74.111400
281.250000	35.659100	6.658866	7.866904	14.486298	15.730595	6.155831	0.805208	3.811606	14.336218	0.089591	0.066929	0.026388	2.170146	0.031006	0.086182	0.818499	0.797901	73.938200
288.750000	35.659100	7.580519	7.862595	14.511632	16.362583	6.916354	0.689791	3.029776	14.449655	0.078165	0.054302	0.051999	1.981556	0.087111	0.069359	0.929520	0.748428	75.403400
296.250000	35.659100	9.256463	7.609087	14.237710	16.235349	7.964371	0.651769	3.251141	14.423642	0.085675	0.321569	0.072647	1.629292	0.036029	0.034151	1.042176	0.820893	77.671900
303.750000	35.659100	10.316196	7.281614	13.882246	16.466293	9.479773	0.517695	3.647480	14.086839	0.200052	0.769601	0.079951	1.015593	0.129852	0.047393	1.033958	0.940911	79.895500
311.250000	35.659100	10.876763	6.855768	13.923300	16.805585	11.334163	1.202428	2.463712	13.067492	0.124604	0.180411	0.057830	0.725475	0.743380	0.033497	0.983624	0.870405	80.248500
318.750000	35.659100	11.763141	7.173979	13.648134	16.593189	12.347402	2.340583	1.294761	12.048372	0.106874	0.071098	0.249883	0.516300	0.953228	0.037279	0.773187	0.947788	80.865200
326.250000	35.659100	11.880310	7.100126	13.201626	16.323904	12.700152	3.393033	0.576851	9.358035	0.279425	0.085087	0.579593	0.425914	0.966790	0.058279	0.254893	0.914346	78.098300
333.750000	35.659100	12.840393	7.522963	12.703093	16.832729	12.413903	3.192082	0.646752	8.361365	0.717978	0.046088	0.289357	0.123605	1.034015	0.029968	0.088595	0.824544	77.667400
341.250000	35.659100	13.992742	7.720771	10.593160	16.677107	13.389254	3.030251	0.676882	7.172893	0.955519	0.049360	0.077772	0.089954	0.900342	0.040324	0.070974	0.741387	76.178700
348.750000	35.659100	14.711023	7.698140	9.471540	16.005987	13.530060	3.747616	0.832989	6.485533	1.116506	0.026585	0.037826	0.117763	0.854405	0.040611	0.015735	0.790288	75.482700
356.250000	35.659100	14.729684	8.153492	8.473128	15.144864	13.615449	5.030490	0.614542	6.158387	1.093038	0.026279	0.056446	0.051722	0.794953	0.081302	0.044443	0.843095	74.911300
3.461540	38.744200	14.745291	7.197594	6.764849	14.549746	14.469899	6.152405	0.512081	4.874201	2.350151	0.057607	0.059548	0.035144	1.205878	0.031640	0.087865	1.112738	74.206600
10.384600	38.744200	15.372303	8.151796	6.479901	14.770738	14.272884	6.745397	0.801404	4.078493	2.191532	0.132254	0.066152	0.027379	1.049645	0.022542	0.093268	1.218760	75.474500
17.307700	38.744200	16.665345	9.503399	6.600688	14.299688	14.121560	7.139665	0.739588	3.211116	2.179250	0.116636	0.035740	0.034429	0.980502	0.066837	0.094864	1.218047	77.007300
24.230800	38.744200	17.178354	10.468685	6.028393	12.951115	13.716671	8.501459	0.681325	3.255846	1.817078	0.215359	0.051206	0.067933	1.070607	0.219828	0.043174	1.238540	77.505600
31.153800	38.744200	17.120562	12.256019	5.683560	11.870244	13.264734	10.013525	0.456654	3.435841	1.464237	0.375842	0.163314	0.111780	1.619101	0.540117	0.051985	1.221949	79.649400
38.076900	38.744200	16.803324	13.348426	5.884895	11.268713	12.837000	11.684425	0.714197	2.552754	0.832780	0.652106	0.252924	0.056537	1.638328	0.982125	0.049230	1.066074	80.623900
45.000000	38.744200	16.917213	13.580276	5.318165	10.468844	12.477464	12.735439	1.298923	1.089128	0.380072	1.044712	0.387516	0.393098	1.833692	1.008859	0.055719	1.015907	80.005000
51.923100	38.744200	16.783645	13.656843	5.493658	9.617311	11.624483	13.503596	2.429048	0.726587	0.161890	1.696358	0.045905	0.340650	1.774067	1.114082	0.033654	0.850213	79.852100
58.846200	38.744200	17.026578	13.793351	6.178722	8.914649	9.490111	14.106970	3.808768	0.461971	0.092774	2.229476	0.136928	0.249004	1.578251	1.235136	0.044809	0.608437	79.955900
65.769200	38.744200	17.235808	14.199257	6.550903	7.381569	7.925115	14.567955	3.535423	0.669045	0.147074	2.941334	0.070557	0.059105	1.153039	1.323985	0.054698	0.097462	77.912300
72.692300	38.744200	17.024203	14.610479	6.577323	5.654154	6.747964	14.649159	3.170028	0.782168	0.115314	2.935735	0.024084	0.070082	0.959883	1.151670	0.093840	0.055901	74.622000
79.615400	38.744200	15.415845	14.764857	6.776023	5.165811	6.317606	15.118286	3.908124	0.714210	0.084051	3.056207	0.031092	0.092319	1.126200	1.187092	0.116503	0.056797	73.931000
86.538500	38.744200	14.834864	14.179578	7.182292	5.234156	6.137928	15.450906	5.050350	0.680165	0.069335	3.278488	0.043648	0.078166	1.125018	1.171270	0.059343	0.025895	74.601400
93.461500	38.744200	13.991724	14.521811	7.406383	6.107607	5.217248	15.642945	5.980101	0.780237	0.059230	3.100722	0.069414	0.036497	1.147836	1.135509	0.019524	0.063893	75.280600
100.385000	38.744200	14.876824	15.745637	7.984321	6.800373	4.015871	14.484263	6.289976	0.674105	0.034001	3.221521	0.082902	0.042839	1.219698	1.096940	0.006133	0.105147	76.680600
107.308000	38.744200	14.483358	17.260011	9.318225	6.525886	3.329733	14.856127	6.944018	0.727977	0.036700	3.054816	0.090374	0.049237	1.174007	1.069764	0.057384	0.080418	79.057900
114.231000	38.744200	14.499305	17.105520	10.525223	6.274267	3.343542	14.419006	8.166091	0.783314	0.083738	2.850946	0.114346	0.034784	1.446911	1.085881	0.111712	0.026913	80.871500
121.154000	38.744200	13.767904	16.977833	12.605264	6.265751	3.457216	14.476572	9.892929	0.471620	0.111532	2.214174	0.102935	0.185088	1.319812	1.443190	0.520946	0.025093	83.837800
128.077000	38.744200	13.460392	17.283761	13.174369	5.570213	2.622377	13.703891	11.887209	0.669253	0.065058	1.663221	0.171882	0.269391	1.233417	1.672630	0.869132	0.036065	84.352200
135.000000	38.744200	13.330783	17.154265	13.228317	5.533751	1.241571	13.460166	12.719379	1.139162	0.445583	1.004830	0.372151	0.386532	1.026409	1.681282	0.982521	0.060032	83.766800
141.923000	38.744200	13.202644	17.083239	13.700159	5.883798	0.636774	11.628781	13.517959	2.439713	0.313112	0.542236	0.917863	0.039475	0.945948	1.692061	1.115202	0.053040	83.712100
148.846000	38.744200	12.433921	17.234903	14.192132	6.252066	0.467458	9.761759	14.338593	3.412361	0.332602	0.389556	1.504489	0.099777	0.593806	1.390837	1.242623	0.026476	83.673400
155.769000	38.744200	10.875655	17.174961	14.343909	6.366260	0.700393	8.142624	14.336105	3.519442	0.066063	0.090219	1.949221	0.041366	0.178342	1.110588	1.276428	0.062661	80.234400
162.692000	38.744200	9.057264	16.389048	14.594985	6.772020	0.721949	7.077982	14.591705	3.287796	0.065193	0.058503	2.139655	0.029808	0.071715	1.030939	1.244862	0.117653	77.251000
169.615000	38.744200	8.242183	15.867556	15.041833	6.828749	0.707134	6.348052	15.111387	3.985211	0.028915	0.058117	2.212376	0.040108	0.053311	1.171032	1.212584	0.117345	77.026000
176.538000	38.744200	7.393105	14.590800	14.606860	6.982629	0.672213	6.067457	15.080399	5.137865	0.108553	0.051969	2.200184	0.036362	0.030513	1.103908	1.105878	0.056436	75.225100
183.462000	38.744200	6.566058	14.558341	14.418892	7.393874	0.808615	5.100271	15.201074	6.030045	0.095543	0.030310	2.316516	0.056906	0.044374	1.193742	1.173860	0.019600	75.008000
190.385000	38.744200	6.674914	14.568859	15.797888	8.064021	0.765080	4.125542	15.139436	6.578883	0.079533	0.019287	2.060170	0.042617	0.112708	1.258988	1.195292	0.056638	76.539900
197.308000	38.744200	6.966615	14.680147	16.836348	9.127656	0.779431	3.145056	14.986528	6.790590	0.036960	0.029176	2.048690	0.059717	0.098158	1.119238	1.127473	0.080852	77.912700
204.231000	38.744200	6.526564	14.255467	17.019226	10.299243	0.624959	3.443486	14.769268	8.272211	0.074350	0.051645	1.807239	0.140772	0.049747	1.375965	1.164642	0.161452	80.036300
211.154000	38.744200	6.468715	13.907014	17.317690	12.189518	0.451284	3.306061	14.581300	9.762132	0.290212	0.131040	1.413898	0.258477	0.054846	1.294784	1.385816	0.631549	83.444300
218.077000	38.744200	5.718077	13.359170	16.827979	12.907799	0.616241	2.571268	14.019885	11.656829	0.305993	0.037705	0.814913	0.580126	0.035532	1.031098	1.759297	0.822914	83.064800
225.000000	38.744200	5.419500	13.253990	16.812371	13.732844	1.213783	1.124327	12.993414	13.030736	0.382300	0.360451	0.362694	1.101541	0.043018	1.011593	1.617903	1.113414	83.573800
231.923000	38.744200	5.678832	13.089207	16.881134	13.853293	2.639104	0.686341	11.676848	14.048272	0.059119	0.349665	0.154577	1.521261	0.036865	0.901074	1.611400	1.020130	84.207200
238.846000	38.744200	6.471339	12.223334	17.092853	14.015022	3.669104	0.395212	9.664167	13.968200	0.094509	0.163440	0.083368	2.258475	0.038098	0.573829	1.397453	1.299692	83.408100
245.769000	38.744200	6.394885	10.857944	17.173943	13.779666	3.278398	0.679500	8.395735	13.814387	0.062176	0.041383	0.075184	2.905471	0.026310	0.077903	1.110324	1.204611	79.877800
252.692000	38.744200	6.638904	9.077531	16.883283	14.881800	2.783484	0.742107	6.860043	14.722672	0.049097	0.048304	0.059927	2.891865	0.095665	0.060482	1.045395	1.188585	78.029200
259.615000	38.744200	6.616997	8.407328	15.279450	14.508692	3.794042	0.716973	6.673444	15.491960	0.048576	0.066836	0.074775	3.344141	0.113500	0.018754	1.101653	1.113749	77.370900
266.538000	38.744200	5.703318	7.240684	15.102679	14.215883	5.026012	0.793922	6.302100	15.172234	0.042164	0.059954	0.052950	3.045496	0.053286	0.030311	1.114169	1.150754	75.105900
273.462000	38.744200	4.838100	7.014975	14.537758	14.719505	5.905932	0.677734	5.142378	15.269950	0.058237	0.068517	0.047453	2.997690	0.034382	0.075731	1.167266	1.195936	73.751500
280.385000	38.744200	5.079416	6.800565	14.577907	15.626546	6.551276	0.729759	4.005093	14.985736	0.087104	0.059859	0.029330	3.001558	0.032948	0.083656	1.163557	1.036836	73.851200
287.308000	38.744200	5.837926	6.711999	14.562865	16.795972	6.909716	0.598167	3.305993	14.902949	0.092644	0.068352	0.035951	2.933937	0.081648	0.103295	1.128913	1.080445	75.150800
294.231000	38.744200	7.814110	6.477333	14.480530	17.259445	8.308741	0.740488	3.447433	14.397065	0.079027	0.045169	0.068980	2.925319	0.110696	0.080831	1.335069	1.095745	78.666000
301.154000	38.744200	9.180405	6.470502	13.880210	17.661280	9.258555	0.488558	3.371228	14.242234	0.108192	0.303294	0.104824	2.420272	0.555574	0.037793	1.387229	1.464565	80.934700
308.077000	38.744200	10.098291	5.808283	13.378736	17.188646	11.243651	0.784745	2.390052	13.733070	0.177028	0.313444	0.059259	1.676951	0.739925	0.042337	1.058941	1.857590	80.551000
315.000000	38.744200	10.657015	5.451235	13.129130	17.015720	12.291305	1.144590	1.136368	12.830553	0.426189	0.372052	0.343946	1.060101	1.027093	0.037212	1.026577	1.882844	79.832000
321.923000	38.744200	11.671080	5.572328	12.996920	17.165461	13.009473	2.335200	0.649739	11.638281	0.901088	0.050987	0.351469	0.640299	1.137556	0.038892	0.809536	1.758584	80.726800
328.846000	38.744200	12.576084	5.865239	12.124147	17.170098	12.906668	3.323422	0.484563	9.802700	1.426451	0.091467	0.138248	0.355924	1.189422	0.029311	0.573531	1.640262	79.697700
335.769000	38.744200	13.354194	5.851860	10.677293	16.763061	13.503483	3.470923	0.729460	8.553834	1.915450	0.070926	0.048065	0.154873	1.343845	0.052351	0.185920	1.231822	77.907300
342.692000	38.744200	13.865620	6.124085	9.038140	16.992875	14.051100	3.264973	0.724292	7.010678	2.112353	0.033180	0.029964	0.109892	1.238235	0.088427	0.058686	0.969245	75.711800
349.615000	38.744200	14.723577	6.789561	8.222369	15.414375	14.062523	4.189815	0.618968	6.720707	2.167544	0.020078	0.042719	0.069001	1.241752	0.123549	0.015343	1.062460	75.484300
356.538000	38.744200	14.123935	6.950182	7.276773	14.767119	14.389148	4.950904	0.501353	6.107494	2.490516	0.065733	0.097566	0.063267	1.199533	0.059138	0.025860	1.144353	74.212900
3.214290	41.858800	14.823668	6.272865	5.513563	14.332260	15.296415	6.059846	0.415204	5.331578	4.221505	0.075446	0.076598	0.035588	1.598088	0.044950	0.045543	1.429516	75.572600
9.642860	41.858800	15.051220	6.804988	5.615136	14.570217	14.879425	6.509532	0.660948	4.186637	4.100672	0.116131	0.060625	0.039627	1.566466	0.054489	0.131827	1.491720	75.839700
16.071400	41.858800	16.028720	8.175116	5.138804	13.528590	14.210906	7.108676	0.536602	3.707760	4.149417	0.146935	0.026279	0.034861	1.358729	0.056259	0.156897	1.706209	76.070700
22.500000	41.858800	16.981226	9.063824	4.988022	12.337675	14.111720	8.285680	0.603537	3.844552	3.926287	0.222020	0.080107	0.061423	1.513378	0.382909	0.039085	1.751244	78.192700
28.928600	41.858800	17.708215	10.481952	4.818851	11.768230	13.468422	9.703537	0.559774	3.417790	3.786487	0.425862	0.046297	0.065697	1.480908	0.813073	0.064402	1.917814	80.527400
35.357100	41.858800	17.652458	11.943870	4.920910	11.117072	13.319247	11.474403	0.484098	2.178119	3.069937	0.935620	0.109089	0.100121	1.720301	0.885835	0.043974	1.676589	81.631800
41.785700	41.858800	17.365417	12.617139	4.892127	10.176611	13.036730	12.842655	0.625377	1.125477	2.271424	1.884496	0.129256	0.181495	1.644390	1.038010	0.036199	1.307722	81.174500
48.214300	41.858800	17.486205	13.261002	4.856117	9.627264	12.226501	13.737707	1.160220	0.643244	1.335284	2.800075	0.235011	0.105550	1.719317	1.290927	0.043685	0.955041	81.483200
54.642900	41.858800	16.975571	13.404409	4.808797	8.550611	11.255413	14.262818	2.249992	0.389013	0.598474	3.767612	0.149186	0.158914	1.566217	1.851460	0.066614	0.878456	80.933600
61.071400	41.858800	17.003506	13.601312	5.290863	7.207591	9.607144	14.385868	3.468480	0.540471	0.223346	4.380565	0.065931	0.108997	1.575005	1.971999	0.030801	0.656399	80.118200
67.500000	41.858800	17.246891	14.251735	5.257545	5.835042	8.411908	14.484715	3.585661	0.556611	0.155528	4.677864	0.038152	0.051951	1.454647	1.780005	0.057230	0.368821	78.214200
73.928600	41.858800	15.397976	14.575532	5.442922	4.355299	6.853665	15.085940	3.400724	0.601320	0.124226	4.811704	0.035358	0.075527	1.380149	1.668152	0.131953	0.066969	74.007400
80.357100	41.858800	15.202318	14.218597	5.766109	4.177058	6.563672	15.133215	4.304756	0.644346	0.074265	4.932853	0.011694	0.063589	1.528714	1.538768	0.135525	0.117377	74.412900
86.785700	41.858800	14.803423	14.020337	5.704777	4.935070	6.070420	15.532336	5.063017	0.690421	0.107354	4.886291	0.048505	0.104871	1.537705	1.605733	0.051670	0.046241	75.208200
93.214300	41.858800	14.469447	14.784875	6.090065	5.586793	5.348622	15.537651	6.376021	0.788176	0.084938	4.769473	0.065732	0.072006	1.575276	1.560574	0.054684	0.035459	77.199800
99.642900	41.858800	14.231490	14.887794	6.802205	5.561528	4.187090	15.256717	6.687728	0.647944	0.056541	4.744761	0.060523	0.054013	1.552216	1.553720	0.073101	0.150160	76.507600
106.071000	41.858800	14.467750	16.791109	7.846625	5.586285	3.258108	15.197454	6.901844	0.649792	0.042035	4.850304	0.096833	0.050097	1.546357	1.417483	0.052178	0.158803	78.913000
112.500000	41.858800	14.064445	16.972404	9.518283	5.558327	3.603586	14.588538	8.347839	0.597287	0.067603	4.682037	0.113594	0.059406	1.807533	1.430003	0.300297	0.042371	81.753500
118.929000	41.858800	13.944110	17.122597	10.591746	5.152172	3.505271	14.683653	9.943303	0.587438	0.102546	4.172692	0.161357	0.086546	1.708132	1.512847	0.689459	0.043692	84.007500
125.357000	41.858800	13.750035	17.514253	11.912995	4.979042	2.505276	13.879984	11.365151	0.440651	0.135390	3.416625	0.504768	0.157036	1.744606	1.666772	0.862550	0.051721	84.887000
131.786000	41.858800	13.125059	17.532123	12.542042	4.733282	1.048338	13.676974	13.060933	0.646148	0.242064	2.392981	1.037669	0.080138	1.424868	1.599705	0.964629	0.048794	84.155800
138.214000	41.858800	12.543399	17.430901	13.363920	4.677717	0.661924	12.926912	13.818232	1.192521	0.116021	1.651640	1.938194	0.169345	1.026145	1.677188	1.339140	0.019828	84.553200
144.643000	41.858800	11.920007	17.543319	13.705248	4.879754	0.490473	11.850678	14.250264	2.189768	0.171204	0.829031	2.833529	0.100083	0.863925	1.758403	1.732120	0.044259	85.162100
151.071000	41.858800	10.414896	17.210700	14.023730	5.125187	0.585629	9.948336	14.375124	3.471873	0.176071	0.389616	3.468944	0.069794	0.709515	1.583329	1.932019	0.029884	83.514600
157.500000	41.858800	8.880075	16.949445	14.356123	5.452931	0.610865	8.102135	14.559246	3.705465	0.057270	0.177247	3.796180	0.060667	0.375263	1.422889	1.944516	0.034445	80.484800
163.929000	41.858800	7.647529	16.151091	14.581526	5.516967	0.664152	6.770561	15.368231	3.374463	0.063287	0.110737	4.176515	0.036709	0.074031	1.463287	1.654704	0.181517	77.835300
170.357000	41.858800	6.806435	15.153573	14.751738	5.820792	0.748570	6.384740	15.110822	4.209856	0.067815	0.035407	4.258850	0.020680	0.058303	1.506423	1.466714	0.137435	76.538100
176.786000	41.858800	6.077195	14.608670	14.099392	5.813508	0.719267	6.318205	15.405214	5.299639	0.088253	0.046176	4.210410	0.021426	0.066028	1.554602	1.524043	0.040098	75.892100
183.214000	41.858800	5.681784	14.500322	14.705820	6.131142	0.760945	5.117213	15.570110	6.314518	0.088465	0.031044	4.442169	0.063846	0.034722	1.590522	1.521465	0.038703	76.592800
189.643000	41.858800	5.661811	14.344701	15.466739	6.832289	0.680500	4.408953	15.308064	6.358705	0.077976	0.020752	4.174694	0.056271	0.119314	1.674915	1.579834	0.097024	76.862600
196.071000	41.858800	5.531760	14.521245	15.789632	8.026507	0.710841	3.511978	14.986754	7.062499	0.055162	0.041904	4.041601	0.053785	0.144386	1.523907	1.453244	0.098255	77.553400
202.500000	41.858800	5.481081	13.980980	17.257070	9.248738	0.530501	3.627269	14.752303	8.136675	0.063693	0.033274	3.771016	0.147602	0.064577	1.797931	1.570277	0.400962	80.863900
208.929000	41.858800	5.261910	13.837120	17.532801	10.828233	0.567741	3.474361	14.729684	9.829391	0.080867	0.077521	3.446585	0.365110	0.035397	1.958868	1.533521	0.706379	84.265400
215.357000	41.858800	5.003008	13.840739	17.602922	11.873863	0.407681	2.237778	14.212829	11.537625	0.166371	0.177071	2.881912	0.886172	0.070213	1.668186	1.695340	0.870596	85.132300
221.786000	41.858800	4.818512	13.392421	17.905683	12.983574	0.681778	1.233722	13.637503	12.727296	0.106949	0.189299	1.867689	1.546436	0.040350	1.309192	1.699615	0.996997	85.137100
228.214000	41.858800	4.653254	12.784297	17.371864	13.228543	1.143618	0.635199	13.090225	13.735332	0.244251	0.070993	0.888513	2.496002	0.035200	1.046924	1.768062	1.528997	84.721300
234.643000	41.858800	4.994107	12.104808	17.279803	13.501899	2.331400	0.407379	11.555494	14.558228	0.151972	0.125508	0.413303	3.411932	0.046401	0.823314	1.580569	1.709025	84.995100
241.071000	41.858800	5.201426	10.785539	17.698037	13.687266	3.198449	0.598965	9.739388	14.572592	0.110647	0.089689	0.141680	4.155615	0.032419	0.721265	1.530897	1.928909	84.192800
247.500000	41.858800	5.351936	9.308137	17.080073	14.097244	3.067313	0.554750	8.368671	14.516948	0.046918	0.032882	0.104937	4.641198	0.022407	0.282202	1.386132	1.831001	80.692700
253.929000	41.858800	5.464829	7.817163	16.406578	14.430202	2.975353	0.658293	6.897965	15.069881	0.048068	0.059756	0.066264	4.807847	0.138620	0.052316	1.336641	1.680321	77.910100
260.357000	41.858800	5.768258	6.771884	15.298903	14.907586	4.107673	0.662689	6.466793	15.527246	0.045253	0.072530	0.058730	4.842115	0.138997	0.080430	1.613831	1.464950	77.827900
266.786000	41.858800	5.365654	6.032929	14.772435	14.594985	5.184269	0.711493	6.060151	15.082661	0.049788	0.079612	0.089377	4.840577	0.069577	0.039508	1.539583	1.493371	76.006000
273.214000	41.858800	4.917280	5.636013	14.106744	14.339272	5.717862	0.623938	5.207171	15.127221	0.093301	0.090132	0.032259	4.644874	0.043768	0.055152	1.581960	1.411330	73.628300
279.643000	41.858800	4.155185	5.924547	14.646105	15.439935	6.348029	0.733396	4.437815	15.065809	0.103855	0.057912	0.042302	4.740158	0.078576	0.116889	1.573150	1.591359	75.055000
286.071000	41.858800	4.391185	5.574115	14.386999	15.975451	6.761038	0.637611	3.652049	14.763387	0.147503	0.057978	0.054833	4.826497	0.072233	0.151269	1.585885	1.354227	74.392300
292.500000	41.858800	5.807288	5.560792	14.162388	17.244290	8.116114	0.572342	3.669692	14.985058	0.158142	0.065522	0.054363	4.525952	0.269095	0.034060	1.869069	1.476463	78.570600
298.929000	41.858800	7.319445	5.172518	14.214752	17.526807	9.692295	0.548226	3.367043	14.057546	0.275605	0.171142	0.067005	4.508478	0.689090	0.041491	2.033309	1.512575	81.197400
305.357000	41.858800	9.156688	5.248474	13.642253	17.814866	11.435045	0.419937	2.314854	13.857138	0.715852	0.158085	0.120719	3.708552	0.910211	0.054471	1.775447	1.577776	82.910300
311.786000	41.858800	10.231294	4.638585	13.495453	17.515045	12.381218	0.670173	1.231370	13.577448	1.315039	0.097122	0.182290	2.607222	0.997404	0.035255	1.431405	1.693870	82.100200
318.214000	41.858800	10.286768	4.610447	13.019313	17.509277	13.226168	1.048519	0.656010	13.210787	2.107173	0.244641	0.106950	1.980165	1.523534	0.022102	1.115230	1.549151	82.216300
324.643000	41.858800	11.096918	4.881507	12.273097	16.969237	13.262585	2.452912	0.522975	11.405188	3.037319	0.129273	0.114605	1.048670	1.850329	0.038445	0.883668	1.727641	81.694300
331.071000	41.858800	11.841630	5.093406	10.459366	17.817354	13.539900	3.605034	0.605230	9.635644	3.561299	0.074277	0.071946	0.514347	1.892220	0.035086	0.721814	1.682255	81.150900
337.500000	41.858800	12.928043	4.819994	8.957060	16.927504	13.926693	3.650692	0.590549	8.192545	4.094576	0.029067	0.052260	0.232904	1.827178	0.026850	0.359233	1.516070	78.131300
343.929000	41.858800	13.905883	5.291191	7.773180	16.128811	14.415952	3.675596	0.599016	6.951166	4.234432	0.038582	0.045757	0.143817	1.538520	0.105845	0.069814	1.472041	76.389600
350.357000	41.858800	14.589217	5.432212	6.811841	15.371285	14.876145	4.369742	0.601289	6.714657	4.169548	0.031796	0.053303	0.107801	1.451819	0.165646	0.078533	1.728625	76.553400
356.786000	41.858800	15.134685	5.677848	6.466023	14.503602	14.821293	5.315326	0.431331	6.242600	4.184715	0.064877	0.082631	0.109035	1.534900	0.066640	0.042423	1.557871	76.235900
3.000000	45.006100	14.439024	5.300963	4.558196	14.314051	15.318695	5.850107	0.468335	5.292492	5.617013	0.126953	0.108809	0.039655	2.012160	0.044037	0.041228	1.845624	75.377300
9.000000	45.006100	15.079946	5.741533	4.363363	14.407470	15.126542	6.339083	0.571031	4.653345	5.216852	0.146976	0.024514	0.053274	1.912159	0.060674	0.158335	1.902942	75.758000
15.000000	45.006100	15.520574	6.500993	4.131796	13.499298	14.580056	6.679529	0.412191	3.910691	5.012395	0.166097	0.036841	0.041338	1.794301	0.108424	0.176831	1.863810	74.435200
21.000000	45.006100	16.711488	7.389248	3.800862	11.987752	14.720749	7.989094	0.312806	3.946498	4.683225	0.312162	0.056058	0.056953	1.982268	0.496557	0.066474	2.161878	76.674100
27.000000	45.006100	17.869945	9.157672	3.868087	11.643258	14.586729	9.905347	0.195413	3.183362	4.475522	0.944787	0.027329	0.035288	2.373755	0.765794	0.036255	2.104888	81.173400
33.000000	45.006100	17.526129	10.809798	3.980223	10.958012	13.738838	11.292780	0.290858	1.988918	4.170758	1.908891	0.139360	0.253373	2.450276	0.954454	0.039266	2.181218	82.683200
39.000000	45.006100	17.534837	11.624597	3.716322	9.900609	14.066820	12.547358	0.338470	1.030554	3.783287	2.432724	0.044521	0.070721	2.551453	1.264858	0.043138	2.002298	82.952400
45.000000	45.006100	17.470937	12.680926	3.493317	9.122544	13.248787	13.360980	0.535578	0.515249	2.765592	3.429790	0.071542	0.090618	2.615930	1.598303	0.037947	1.682877	82.720900
51.000000	45.006100	17.716132	12.896263	3.836985	8.443078	12.451451	13.740648	0.959753	0.381771	2.018640	4.203907	0.073714	0.061755	2.503681	1.967735	0.030885	1.205052	82.491400
57.000000	45.006100	17.785461	13.194388	4.029251	7.150489	11.177364	14.231377	1.847117	0.211191	1.247328	4.719065	0.292696	0.180688	2.487949	2.193760	0.028404	0.833668	81.610200
63.000000	45.006100	17.377745	13.952592	4.436548	5.596656	9.829878	14.763613	3.093744	0.240963	0.669341	5.075141	0.048792	0.072564	2.332463	2.057286	0.068438	0.687623	80.303400
69.000000	45.006100	16.752995	13.681950	4.283256	4.027272	8.092374	14.877841	3.759061	0.284471	0.199072	5.247140	0.036529	0.058700	2.018505	2.081817	0.066149	0.422526	75.889700
75.000000	45.006100	15.964028	14.422851	4.583586	3.464635	6.813176	15.297093	3.978040	0.458160	0.144314	5.523934	0.034684	0.038014	1.781634	1.891960	0.219589	0.120513	74.736200
81.000000	45.006100	15.373660	14.539002	4.688925	4.121516	6.241276	15.198020	4.429943	0.598006	0.119562	5.721560	0.015644	0.046379	1.877043	1.964026	0.165214	0.040199	75.140000
87.000000	45.006100	14.329432	14.454631	4.534807	4.539252	5.737224	15.762715	5.488568	0.764533	0.131957	6.125182	0.057476	0.097940	1.985526	1.911594	0.071451	0.053630	76.045900
93.000000	45.006100	14.870716	14.591705	5.046267	4.816770	5.141982	15.568866	6.045324	0.721262	0.145502	6.192181	0.080531	0.093163	1.890060	1.928027	0.056046	0.075500	77.263900
99.000000	45.006100	14.538097	14.911431	5.904145	4.671712	4.410050	15.469454	6.327966	0.612412	0.072562	5.714571	0.097429	0.028499	1.950284	1.847615	0.051844	0.124943	76.733100
105.000000	45.006100	14.407583	15.590015	6.232636	4.574063	3.472835	15.335320	6.515888	0.405238	0.049823	5.602616	0.058877	0.047614	1.819318	1.674440	0.112785	0.160252	76.059300
111.000000	45.006100	13.943318	17.292922	7.382236	4.297020	3.286484	14.748571	8.279980	0.314395	0.062033	5.539440	0.203075	0.067507	2.036001	2.106065	0.453842	0.043661	80.056500
117.000000	45.006100	13.569984	17.520474	9.067375	4.407799	3.012856	14.578586	9.987264	0.250895	0.081166	4.931790	0.364533	0.041179	2.176479	2.332542	0.751796	0.061993	83.136700
123.000000	45.006100	13.241323	17.620791	10.853589	4.144079	1.978808	14.595211	10.829556	0.222369	0.252309	4.591707	0.962548	0.135875	2.236636	2.688312	0.905948	0.018304	85.277500
129.000000	45.006100	12.605150	17.878314	11.550970	3.914220	1.103364	13.752410	12.680360	0.396351	0.120699	4.317593	1.851426	0.055746	2.008756	2.661972	1.295847	0.040544	86.233800
135.000000	45.006100	12.781808	17.856825	12.546566	3.561605	0.503812	13.540465	13.345372	0.529391	0.107092	3.289821	2.954057	0.051074	1.780503	2.630689	1.667745	0.033364	87.180100
141.000000	45.006100	12.289156	18.060174	13.039444	3.743872	0.341778	12.480178	14.125857	0.992584	0.046136	2.201711	3.742266	0.060520	1.278249	2.640925	2.020111	0.035967	87.098900
147.000000	45.006100	10.748511	17.629839	13.312574	4.101701	0.218505	10.956791	14.544430	1.905159	0.328821	1.216351	4.140595	0.188493	0.931340	2.466698	2.142392	0.053889	84.886100
153.000000	45.006100	9.085686	17.661506	13.652997	4.155943	0.225263	9.630521	14.705707	3.243021	0.103623	0.709831	4.498888	0.059566	0.894514	2.351554	2.220451	0.104904	83.304100
159.000000	45.006100	7.353691	16.684006	13.863924	4.375691	0.341390	8.561627	14.828644	3.804753	0.037563	0.262693	4.836076	0.063538	0.490591	2.065440	2.150342	0.067492	79.787600
165.000000	45.006100	6.384277	15.879092	14.179126	4.504622	0.404002	6.778534	15.521026	3.992834	0.046542	0.083953	5.230492	0.029639	0.080569	1.695148	1.884360	0.145453	76.839800
171.000000	45.006100	5.660951	15.271081	14.262026	4.554656	0.591903	6.247463	15.035499	4.707925	0.030538	0.084657	5.353474	0.018749	0.098677	1.820313	1.913087	0.138276	75.789400
177.000000	45.006100	5.228433	14.872752	14.685576	4.710606	0.682193	5.756881	15.776287	5.328886	0.112432	0.099857	5.787055	0.036229	0.066096	1.930402	1.817429	0.072762	76.963900
183.000000	45.006100	4.759973	14.665784	14.466167	4.821973	0.654126	5.223367	15.196776	5.759369	0.101745	0.035486	5.578017	0.070694	0.072582	1.892062	1.852964	0.052332	75.203400
189.000000	45.006100	4.549352	14.914259	15.176871	5.920431	0.556979	4.708593	14.893110	6.427717	0.050663	0.039867	5.299244	0.061207	0.127526	1.826194	1.802251	0.082661	76.436800
195.000000	45.006100	4.568725	14.285211	15.549526	6.603097	0.446342	3.893783	14.646557	6.785569	0.083020	0.033267	5.111966	0.115339	0.156012	1.845975	1.580739	0.078879	75.784000
201.000000	45.006100	4.498435	13.861888	16.764644	7.469446	0.283440	3.914129	14.586163	8.311670	0.059856	0.044119	4.893823	0.268064	0.067301	2.104730	2.047220	0.550735	79.725700
207.000000	45.006100	4.050841	13.659105	17.417329	9.132915	0.214567	3.247963	15.042511	9.580057	0.049102	0.057649	4.516124	0.733873	0.077407	2.131500	2.421844	0.765122	83.098000
213.000000	45.006100	4.390755	13.531418	17.559153	10.544381	0.256958	2.078197	14.415047	11.356782	0.239125	0.257214	4.075937	1.167198	0.033691	2.185957	2.630757	0.950078	85.672700
219.000000	45.006100	3.812556	12.768576	17.795979	11.806231	0.328137	0.944748	14.246871	12.850119	0.073292	0.068916	3.664342	2.294790	0.042653	2.057139	2.563679	1.199612	86.517700
225.000000	45.006100	3.530311	12.617591	17.830813	12.731933	0.482715	0.542329	13.538995	13.830221	0.046087	0.032714	2.967278	3.233227	0.044198	1.662372	2.580983	1.658640	87.330300
231.000000	45.006100	3.878922	12.049277	17.870510	12.832702	0.924961	0.354116	12.619061	13.960509	0.076249	0.025137	1.790614	4.164877	0.031887	1.277830	2.528642	1.982879	86.368300
237.000000	45.006100	4.027046	10.587754	17.415746	13.383599	1.943657	0.249168	11.315728	14.433143	0.208643	0.161850	0.995520	4.722040	0.028058	0.836052	2.719821	2.128684	85.156500
243.000000	45.006100	4.336842	8.989044	17.814979	13.553585	2.797610	0.262116	9.852146	14.622920	0.070105	0.042216	0.359370	4.864644	0.058037	0.735457	2.181342	2.122713	82.663200
249.000000	45.006100	4.408342	7.199980	17.047274	14.230698	3.246493	0.330699	8.202938	15.501121	0.042347	0.030063	0.162426	5.174271	0.048204	0.441203	2.160351	1.929260	80.155600
255.000000	45.006100	4.521462	6.534640	15.776174	14.314956	3.276317	0.459036	6.720300	15.291099	0.080049	0.039754	0.122518	5.551711	0.141970	0.087755	1.604715	1.764183	76.286600
261.000000	45.006100	4.755438	5.794938	15.061398	15.211139	4.292134	0.579468	6.290610	15.718381	0.080169	0.061721	0.064236	5.906463	0.144202	0.053949	1.826986	1.803835	77.645100
267.000000	45.006100	4.776802	5.353372	14.286116	14.092607	5.251630	0.674785	5.805015	15.459727	0.073838	0.094482	0.073012	6.091106	0.071863	0.061953	1.887470	1.777901	75.831700
273.000000	45.006100	4.454587	4.831202	14.503263	14.385868	5.406596	0.708495	5.271783	15.803430	0.135888	0.103947	0.055420	5.988142	0.082753	0.066782	1.925052	2.154448	75.877700
279.000000	45.006100	3.762975	4.616724	14.512989	14.854430	6.273905	0.603685	4.577230	15.777418	0.162158	0.075837	0.030817	5.779907	0.073449	0.179821	1.913302	1.852319	75.047000
285.000000	45.006100	3.173002	4.696944	14.225157	15.462328	6.667631	0.399927	3.904810	15.110935	0.157631	0.035164	0.062572	5.382087	0.087671	0.172594	1.831543	1.840942	73.211000
291.000000	45.006100	3.987043	4.359337	13.962884	16.603707	8.186302	0.291450	3.698283	15.362577	0.287716	0.063097	0.038754	5.520439	0.550809	0.076494	2.116289	1.873039	76.978200
297.000000	45.006100	5.514366	4.401296	13.542162	17.485414	9.725975	0.181105	3.207440	14.565014	0.729316	0.080650	0.042687	4.820412	0.759198	0.053901	2.168551	2.339701	79.617200
303.000000	45.006100	7.199720	4.039712	13.393665	17.578040	11.059947	0.244161	1.931341	14.189192	1.400021	0.370757	0.286767	4.593991	1.013868	0.046343	2.165384	2.573971	82.086900
309.000000	45.006100	8.603710	3.821830	12.764731	17.913035	12.730010	0.337346	1.006035	14.109345	2.054538	0.051097	0.086292	4.067840	1.158185	0.031853	2.123855	2.721156	83.580900
315.000000	45.006100	9.458364	3.519623	12.599269	17.795526	13.231483	0.551938	0.484649	13.304205	3.074506	0.086650	0.071613	3.442219	1.563164	0.059055	1.668027	2.579728	83.490100
321.000000	45.006100	10.247014	3.726003	11.877256	17.800729	13.478488	1.070429	0.321112	12.518631	3.774205	0.087934	0.035424	2.719064	1.987256	0.028110	1.226563	2.810096	83.708200
327.000000	45.006100	10.535209	3.957344	10.834781	17.983494	13.616241	1.998204	0.239117	11.334728	4.195131	0.274224	0.102264	1.765676	2.113801	0.019911	0.873618	2.547981	82.391800
333.000000	45.006100	11.600959	3.794992	9.229466	17.815432	14.586955	3.268151	0.172708	9.688528	4.607755	0.028254	0.026684	0.874863	2.266052	0.034878	0.826570	2.376401	81.198600
339.000000	45.006100	12.383253	3.862070	7.208213	16.648041	14.665671	3.873471	0.320499	8.186404	5.097998	0.056839	0.042881	0.379587	2.103837	0.045036	0.609724	2.049776	77.533300
345.000000	45.006100	13.859061	4.297065	6.536721	15.719172	14.599735	3.928662	0.401286	6.755643	5.121160	0.036670	0.044239	0.161394	1.747365	0.162007	0.125288	1.756944	75.252400
351.000000	45.006100	14.224252	4.597893	5.685188	14.883836	15.207746	4.881779	0.496687	6.463343	5.507082	0.043711	0.048605	0.170693	1.940535	0.173756	0.040122	1.947615	76.312800
357.000000	45.006100	14.460286	4.920175	5.091925	14.365624	15.152329	5.343137	0.382986	5.761959	5.580618	0.089965	0.077574	0.130002	1.981895	0.063174	0.049916	1.854819	75.306400
2.812500	48.189700	14.826269	4.222681	3.717385	14.118053	15.875134	5.748941	0.342850	5.130559	6.650282	0.173937	0.089579	0.073720	2.419299	0.033759	0.066110	2.186601	75.675100
8.437500	48.189700	14.883609	4.762190	3.453088	13.939586	15.667713	6.107109	0.427502	4.812823	6.420389	0.238143	0.061109	0.072120	2.318642	0.102830	0.135744	2.112070	75.514700
14.062500	48.189700	15.165674	5.556359	3.282718	12.685676	14.904759	6.951912	0.255059	4.615785	5.841466	0.198547	0.029674	0.034918	2.573123	0.238488	0.100646	2.291409	74.726200
19.687500	48.189700	15.809198	6.171495	3.063524	12.120415	15.427155	7.924809	0.181464	3.951802	6.271383	0.497073	0.052537	0.034636	2.724323	0.559720	0.088650	2.353375	77.231500
25.312500	48.189700	17.106990	7.433266	3.043687	11.639525	14.821632	9.959363	0.175182	2.708975	5.739712	1.291402	0.055721	0.031518	2.961703	0.825431	0.041421	2.466359	80.301900
30.937500	48.189700	17.964607	8.802807	3.041572	10.507014	14.127893	11.381098	0.193568	1.634494	5.085252	2.059423	0.064266	0.075999	3.172414	0.949638	0.022493	2.434646	81.517100
36.562500	48.189700	17.739430	10.706868	3.150145	9.818229	13.845941	12.525756	0.157256	0.678255	4.405650	3.022945	0.083900	0.042638	3.426747	1.362122	0.032299	2.337677	83.335800
42.187500	48.189700	17.997405	11.957555	2.560117	9.013609	13.296401	13.220513	0.206417	0.397673	4.272342	3.810012	0.066134	0.037965	3.531589	1.754049	0.033246	2.153894	84.308900
47.812500	48.189700	17.921969	12.137154	2.678609	7.918680	13.018747	14.204121	0.404862	0.272813	3.229879	4.187157	0.035797	0.080163	3.538476	2.165735	0.021357	1.903485	83.719000
53.437500	48.189700	18.144997	13.231936	2.967233	6.554669	11.937198	14.006653	0.728507	0.161036	2.680101	5.150611	0.046288	0.100416	3.331282	2.422986	0.040674	1.378962	82.883600
59.062500	48.189700	18.003060	12.987759	3.117132	5.401495	11.213838	14.846853	1.627595	0.184866	1.742445	5.861507	0.090778	0.152461	3.124653	2.586649	0.031826	0.966229	81.939100
64.687500	48.189700	17.158675	13.304544	3.136336	3.766413	9.835962	15.008695	2.808354	0.175834	1.046659	6.032307	0.061610	0.060318	3.001490	2.473755	0.056857	0.781314	78.709200
70.312500	48.189700	15.944349	13.790524	3.430751	2.895382	7.737746	15.128013	3.848883	0.141407	0.409227	6.435860	0.036141	0.126660	2.749453	2.410896	0.051717	0.524603	75.661700
75.937500	48.189700	15.092161	14.204347	3.665191	3.269927	6.641234	15.625189	4.461860	0.227283	0.188816	6.555687	0.021231	0.095905	2.509867	2.170756	0.108401	0.259411	75.097300
81.562500	48.189700	14.818239	14.441286	3.568967	3.875495	6.304328	15.320391	4.833644	0.446569	0.206068	7.076082	0.045425	0.085269	2.499202	2.340900	0.170468	0.111824	76.144200
87.187500	48.189700	14.764179	13.942979	3.726670	3.952107	5.479102	15.775495	5.222937	0.600718	0.123293	6.936542	0.065489	0.063334	2.236681	2.242336	0.077963	0.071639	75.281400
92.812500	48.189700	14.401023	14.620658	4.093309	3.660508	4.925864	15.996374	5.530019	0.557392	0.132379	6.481495	0.085326	0.097946	2.333877	2.325349	0.056415	0.053434	75.351400
98.437500	48.189700	14.347302	14.650176	4.785578	3.689857	4.438539	15.858056	6.194058	0.442338	0.126579	6.715595	0.090325	0.034469	2.217443	2.324444	0.093489	0.143435	76.151600
104.062000	48.189700	14.033230	15.270402	5.236757	3.543045	3.701868	15.376488	6.748473	0.249766	0.041545	6.618139	0.122778	0.056558	2.213009	2.443558	0.234432	0.106032	75.996100
109.688000	48.189700	13.557430	15.972850	6.308490	3.479801	2.965129	15.067506	8.188077	0.191217	0.063093	6.106532	0.349276	0.050729	2.410523	2.880544	0.591997	0.038411	78.221600
115.312000	48.189700	13.663402	16.516961	6.992910	3.222731	2.497506	15.118173	9.957757	0.186909	0.050130	5.973575	0.707739	0.045810	2.495119	2.880080	0.734735	0.015648	81.059100
120.938000	48.189700	13.016146	18.066734	9.079511	3.097883	1.560687	14.465262	11.379402	0.175331	0.055065	5.533412	1.457440	0.064453	2.453975	3.114011	0.955512	0.039070	84.514000
126.562000	48.189700	12.841637	17.931583	10.247546	2.826495	0.794324	14.162161	12.808047	0.194887	0.058296	5.029348	2.701760	0.075872	2.413644	3.413459	1.332241	0.071113	86.902400
132.188000	48.189700	12.147106	18.097496	12.059343	2.522252	0.271707	13.845376	13.347521	0.262246	0.068158	4.600302	3.460111	0.037215	2.130822	3.541066	1.644605	0.041858	88.077100
137.812000	48.189700	11.835975	18.316113	12.288252	2.483154	0.244689	13.351819	13.686361	0.371475	0.081244	3.849969	4.186535	0.053183	1.704897	3.568933	2.060464	0.054396	88.137500
143.437000	48.189700	10.595117	18.071371	12.924198	2.906228	0.148267	12.468755	14.615003	0.769362	0.102509	2.887409	4.612697	0.049350	1.354499	3.434155	2.314752	0.047749	87.301400
149.062000	48.189700	9.173834	17.938595	13.370932	3.126926	0.163717	11.015364	14.266098	1.718412	0.393120	1.699593	5.134065	0.093575	1.031381	3.115345	2.412513	0.066870	84.720300
154.688000	48.189700	7.196395	16.627457	13.009360	3.335885	0.123316	9.822696	15.320052	2.730950	0.060180	0.979294	5.615475	0.026611	0.885761	3.058095	2.446182	0.035676	81.273500
160.312000	48.189700	6.410730	15.731613	13.361545	3.422246	0.199108	8.095654	15.389494	3.809469	0.072871	0.470884	6.086978	0.031910	0.594182	2.873521	2.445877	0.068209	79.064300
165.938000	48.189700	5.430889	15.350701	13.862227	3.451177	0.272983	6.648653	15.170877	4.428134	0.066651	0.086161	6.336538	0.034001	0.246430	2.472885	2.191250	0.121634	76.171300
171.562000	48.189700	4.605832	14.686028	14.486072	3.818980	0.393651	6.227716	15.476466	5.036677	0.030857	0.072210	6.591923	0.028337	0.056373	2.365533	2.202853	0.129224	76.208700
177.188000	48.189700	4.236604	14.211698	14.887794	3.753022	0.673115	5.734035	15.928742	5.592120	0.077701	0.094803	6.705156	0.058467	0.065547	2.391217	2.154470	0.079831	76.644400
182.812000	48.189700	3.510112	14.520793	14.212490	4.232532	0.611889	5.320415	15.811460	5.683673	0.094313	0.038634	6.930944	0.073128	0.096102	2.214333	2.219626	0.053890	75.624400
188.438000	48.189700	3.646416	14.195299	14.462887	4.689027	0.429336	4.992874	16.032113	6.034942	0.080939	0.042738	6.485804	0.073093	0.168429	2.308271	2.238298	0.090809	75.971300
194.062000	48.189700	3.525549	13.948181	15.341654	5.236271	0.279060	4.476121	15.527133	6.793813	0.109634	0.040297	6.388914	0.076706	0.104322	2.202175	2.449111	0.205830	76.704800
199.687000	48.189700	3.407679	13.845376	16.025214	6.104101	0.190421	3.728966	15.123489	8.209430	0.113498	0.035406	6.075996	0.450760	0.070849	2.502754	2.708387	0.643249	79.235600
205.312000	48.189700	3.174495	13.217686	17.199956	7.398183	0.140169	2.802676	15.198925	9.785272	0.071843	0.053937	5.391938	0.996372	0.054695	2.432769	2.874471	0.864774	81.658200
210.938000	48.189700	3.119191	13.086493	17.933618	8.934644	0.142532	1.534799	14.977819	10.916064	0.191935	0.101303	5.237447	1.912499	0.066286	2.410670	3.319520	1.101447	84.986400
216.562000	48.189700	2.718464	12.971699	18.096818	10.424905	0.203321	0.676726	14.627557	12.604359	0.091607	0.026711	4.821373	2.869596	0.025943	2.308701	3.384155	1.371203	87.223100
222.188000	48.189700	2.741174	12.663735	17.981685	11.677074	0.220407	0.376990	14.165215	13.362563	0.082981	0.029928	4.203217	3.738037	0.024111	2.011990	3.504151	1.785830	88.569000
227.812000	48.189700	2.728485	11.269064	18.191367	12.393545	0.346882	0.252469	13.252067	13.724475	0.058786	0.034856	3.413108	4.707914	0.020566	1.790908	3.525809	2.195310	87.905700
233.438000	48.189700	2.706035	10.656766	18.174289	12.874435	0.713741	0.194103	12.283389	14.775828	0.067355	0.084053	2.547585	5.012825	0.047701	1.324947	3.312327	2.238445	87.013800
239.062000	48.189700	3.231587	8.998182	17.777996	12.851590	1.527470	0.164247	11.628555	14.748119	0.100524	0.056644	1.575638	5.541769	0.022746	1.083416	3.286790	2.383187	84.978500
244.687000	48.189700	3.313820	7.735281	16.896063	13.300247	2.350004	0.171435	9.443582	15.163751	0.068345	0.052854	0.702471	5.962299	0.033661	0.708543	3.085929	2.324818	81.313200
250.312000	48.189700	3.526092	6.135598	15.524645	14.066481	2.847780	0.161261	7.916452	15.204466	0.042690	0.061471	0.257932	6.311306	0.051288	0.573804	2.783088	2.457424	77.921800
255.937000	48.189700	3.570449	5.088204	15.346291	14.015927	3.531928	0.275937	6.723173	15.439030	0.046629	0.044068	0.117464	6.517268	0.113658	0.274653	2.483154	2.314718	75.902600
261.562000	48.189700	3.587628	4.625330	14.976802	14.640111	4.492136	0.441190	6.284163	15.316207	0.052339	0.024358	0.095896	6.834642	0.125131	0.089685	2.580078	2.216108	76.381800
267.188000	48.189700	3.607703	4.414370	14.739863	14.335879	5.242322	0.588398	5.539587	15.936998	0.065133	0.086269	0.082240	6.639164	0.097112	0.066716	2.227610	2.325869	75.995400
272.812000	48.189700	3.958282	3.702592	14.674153	14.540133	5.334553	0.638657	5.190444	15.546134	0.146211	0.077103	0.053721	6.979576	0.090556	0.081662	2.180313	2.284804	75.478900
278.438000	48.189700	3.477042	3.748249	14.515591	14.837239	6.001567	0.416872	4.925796	15.788840	0.258695	0.043306	0.037690	6.766862	0.087293	0.171815	2.096870	2.271300	75.445100
284.062000	48.189700	3.117234	3.675369	13.663176	15.433602	6.390508	0.256409	4.410864	15.416637	0.342582	0.067145	0.054533	6.648585	0.200907	0.073500	2.215746	2.414741	74.381600
289.688000	48.189700	2.860673	3.409229	13.670414	15.771650	8.030714	0.156563	3.745829	14.985510	0.536481	0.045695	0.033722	6.355516	0.533590	0.071429	2.310318	2.759586	75.277000
295.312000	48.189700	3.964616	3.071995	13.216328	16.857610	9.629356	0.128830	2.834310	14.799352	1.085605	0.071066	0.076739	5.900718	0.788749	0.058550	2.356835	3.119575	77.960300
300.938000	48.189700	5.306403	3.185398	13.341188	18.066168	11.259575	0.157237	1.529947	14.300479	1.748270	0.386718	0.076452	5.677939	0.974104	0.057744	2.356383	3.126474	81.550500
306.562000	48.189700	6.898327	2.800754	12.735891	18.008941	12.164410	0.209904	0.776722	14.411993	2.596217	0.070856	0.048893	5.096618	1.317833	0.054830	2.564052	3.298280	83.054500
312.187000	48.189700	7.970772	2.784309	12.710670	17.910773	12.965139	0.254069	0.351677	13.485274	3.402974	0.082108	0.057217	4.325238	1.824317	0.020465	2.178266	3.492955	83.816200
317.812000	48.189700	9.049314	2.739726	11.569066	18.032578	13.723344	0.378304	0.261942	13.227186	4.103952	0.052022	0.035981	3.902797	2.207502	0.039858	1.782369	3.507884	84.613800
323.438000	48.189700	9.853345	2.821484	10.474442	18.164111	14.213960	0.829259	0.230429	12.241769	4.796288	0.046912	0.082147	2.870614	2.456157	0.043238	1.400190	3.258436	83.782700
329.062000	48.189700	10.779669	3.065130	8.945750	17.908624	14.373993	1.468987	0.190967	11.142451	5.403372	0.065486	0.054756	2.084587	2.536807	0.047001	0.999797	3.067166	82.134500
334.688000	48.189700	11.515118	2.806918	7.355172	16.706399	14.399327	2.826133	0.114069	10.002939	5.735980	0.049239	0.038065	1.421611	2.541094	0.039818	0.765379	3.179087	79.496300
340.312000	48.189700	12.307026	3.070400	6.046545	15.979296	14.768702	3.738398	0.174139	8.259216	5.938198	0.031937	0.036892	0.624618	2.518723	0.051862	0.513461	2.579162	76.638500
345.938000	48.189700	13.452363	3.199569	5.675745	15.423084	15.045565	4.462832	0.243166	6.953925	6.233529	0.041286	0.041672	0.330846	2.035130	0.092257	0.228016	2.453873	75.912900
351.562000	48.189700	14.014004	3.804266	4.964543	14.525091	15.204127	4.983838	0.335506	6.193810	6.465085	0.091691	0.052640	0.202420	2.168777	0.162533	0.104426	2.386863	75.659600
357.187000	48.189700	14.516382	3.711787	4.063078	14.558794	15.882711	5.130208	0.326219	5.659775	6.248492	0.136997	0.081862	0.136186	2.225869	0.103259	0.069125	2.144416	74.995300
0.000000	51.317800	14.299914	3.108152	3.243066	14.233978	15.774364	5.187402	0.238243	5.207375	7.432350	0.244501	0.143061	0.179638	2.605299	0.081753	0.061763	2.658217	74.699000
5.625000	51.317800	14.338480	3.394356	2.675069	14.057546	15.347195	5.738514	0.237752	5.332856	7.642066	0.156555	0.031955	0.121248	2.797270	0.118754	0.089156	2.564776	74.643500
11.250000	51.317800	14.829888	4.183312	2.287756	13.019539	15.945367	6.403119	0.194815	4.695632	7.445469	0.223966	0.041522	0.110640	2.777535	0.236925	0.131306	2.523858	75.050700
16.875000	51.317800	14.895032	5.220313	2.120485	11.832130	15.841431	7.541771	0.065347	3.596880	7.216956	0.577487	0.074879	0.050885	3.009226	0.502426	0.119570	2.872808	75.537500
22.500000	51.317800	15.874116	5.793468	2.094099	11.222863	15.364386	9.181479	0.122991	2.589363	7.328764	1.556751	0.032088	0.083227	3.328579	0.873506	0.098112	2.740801	78.284500
28.125000	51.317800	16.549646	7.098181	2.142731	10.483931	15.207973	11.324210	0.181422	1.439695	6.805168	2.192584	0.062168	0.042556	3.449978	1.002797	0.035739	2.727772	80.746700
33.750000	51.317800	17.293714	8.374258	2.125608	9.652959	14.534252	12.336884	0.117389	0.567487	6.114008	3.183532	0.085795	0.177341	3.844676	1.464859	0.037693	2.630271	82.540700
39.375000	51.317800	17.987792	9.992093	1.932562	8.839518	14.021242	13.307824	0.183673	0.205588	5.212125	4.179014	0.045393	0.079878	3.704752	1.785072	0.017427	2.580225	84.074200
45.000000	51.317800	18.330590	11.569179	1.693870	7.601453	13.262698	13.748225	0.149039	0.114388	4.771690	4.752757	0.049697	0.056706	3.939452	2.156054	0.017889	2.228594	84.442300
50.625000	51.317800	18.324370	12.149481	1.782086	6.475026	13.012527	14.414255	0.274264	0.178984	3.644471	5.794361	0.038645	0.072642	3.966414	2.236907	0.036031	1.703325	84.103700
56.250000	51.317800	17.230718	12.402028	2.157422	4.823477	12.232834	14.527013	0.528356	0.091079	2.980997	6.167277	0.170483	0.206707	3.549865	2.691445	0.027751	1.380466	81.168000
61.875000	51.317800	16.644648	13.272312	2.300208	3.037659	10.977555	14.845496	1.288495	0.126839	1.749412	6.902907	0.069273	0.090743	3.442321	2.553082	0.030918	1.063136	78.395000
67.500000	51.317800	15.730935	13.565686	2.311246	2.786345	9.177430	15.097703	2.588662	0.091430	1.279776	7.206766	0.116529	0.243721	3.178838	2.694748	0.096803	0.718713	76.885400
73.125000	51.317800	15.165109	13.664194	2.458012	2.808987	7.365249	15.986648	3.656584	0.093154	0.558757	7.706452	0.043733	0.311233	2.897565	2.782296	0.139844	0.552106	76.189900
78.750000	51.317800	14.940384	14.095208	2.738663	3.290103	6.339264	15.794495	4.841912	0.219369	0.249031	7.852405	0.069815	0.098655	2.716451	2.659258	0.086407	0.269901	76.261300
84.375000	51.317800	14.193942	14.018641	2.849295	3.365607	5.635844	15.565360	5.480358	0.398725	0.145269	7.722478	0.061296	0.045449	2.641671	2.587791	0.125172	0.153184	74.990100
90.000000	51.317800	14.616021	14.225948	3.065560	2.915570	4.918716	15.345273	5.051606	0.492489	0.233501	7.983778	0.045471	0.140026	2.487700	2.815355	0.048962	0.070240	74.456300
95.625000	51.317800	14.098261	14.248342	3.675901	2.773543	4.951073	15.755816	5.691601	0.442077	0.176713	7.408452	0.084142	0.031759	2.497144	2.929719	0.123791	0.124397	75.012700
101.250000	51.317800	13.973063	14.966849	4.092031	2.645471	4.225497	15.476013	6.098706	0.229415	0.143613	7.787046	0.121502	0.048639	2.531955	2.664438	0.174379	0.101369	75.280000
106.875000	51.317800	13.810994	15.210461	4.987355	2.340549	3.144999	15.640683	7.248465	0.119942	0.046311	7.672274	0.376362	0.041606	2.876766	2.795008	0.574209	0.129294	77.015300
112.500000	51.317800	13.578127	15.748578	5.850073	2.332429	2.260397	15.491055	9.702892	0.112889	0.053754	7.158948	0.906441	0.061605	2.886674	3.307893	0.740299	0.097545	80.289600
118.125000	51.317800	13.248109	16.716917	7.241419	2.132541	1.386381	15.203901	11.114335	0.125636	0.051054	6.835399	1.872677	0.112393	2.579038	3.513844	1.068355	0.025776	83.227900
123.750000	51.317800	12.577894	17.870284	8.494752	2.065892	0.566430	14.779673	12.241090	0.132387	0.168447	6.201839	2.917708	0.067818	2.628518	3.767589	1.336369	0.041084	85.857800
129.375000	51.317800	12.635008	18.513808	10.153076	1.940965	0.269685	14.233865	13.301265	0.161701	0.093832	5.844384	3.767340	0.045632	2.528268	3.789541	1.795511	0.034651	89.108600
135.000000	51.317800	11.379402	18.242374	11.662710	1.706051	0.157706	13.893216	14.120994	0.185630	0.050667	4.965493	4.484728	0.046377	2.269377	3.873991	2.229940	0.042602	89.311200
140.625000	51.317800	10.196324	18.171801	12.436749	1.987550	0.179773	13.118047	14.244496	0.208858	0.037459	3.901881	5.289155	0.018824	1.746517	3.859232	2.374139	0.019157	87.790000
146.250000	51.317800	8.807037	17.405454	12.734986	2.009118	0.161854	12.301145	14.576437	0.494164	0.433615	3.272517	6.414892	0.209249	1.474597	3.597276	2.569605	0.034963	86.496800
151.875000	51.317800	6.927777	16.452609	13.097350	2.163710	0.103256	11.474856	15.546360	1.369643	0.093019	2.270814	6.713605	0.033485	1.070677	3.628920	2.595708	0.042202	83.584000
157.500000	51.317800	5.893140	15.786918	13.275818	2.309334	0.122514	9.293740	15.003153	2.687419	0.117621	1.213150	6.946065	0.138997	0.883168	3.310302	2.783529	0.089639	79.854500
163.125000	51.317800	5.025706	15.390851	13.365617	2.532362	0.145838	7.287246	15.880336	3.733298	0.188865	0.438191	7.396950	0.060418	0.517329	2.970569	2.863353	0.176004	77.972900
168.750000	51.317800	4.239476	14.755018	13.759761	2.732545	0.227789	6.084557	16.124626	4.998812	0.064763	0.110522	7.734602	0.057413	0.195207	2.840677	2.400672	0.147451	76.473900
174.375000	51.317800	3.466117	14.385529	14.380439	2.655333	0.440667	5.707106	15.305010	5.405996	0.052058	0.067473	7.955923	0.049555	0.119134	2.773429	2.430021	0.134254	75.328100
180.000000	51.317800	3.318875	14.110024	14.222216	3.046797	0.520248	5.372994	15.687279	5.194764	0.148665	0.055698	7.428312	0.063119	0.106984	2.661112	2.570126	0.075849	74.583000
185.625000	51.317800	2.609359	14.287699	14.704463	3.538442	0.450129	5.165234	15.917884	5.698127	0.044248	0.035620	7.860661	0.092437	0.148610	2.515432	2.902428	0.126942	76.097800
191.250000	51.317800	2.799747	13.872858	14.446601	4.269583	0.237826	4.589637	16.131978	6.446899	0.084637	0.039049	7.666608	0.094197	0.110281	2.594656	2.787815	0.168400	76.340700
196.875000	51.317800	2.555808	13.661819	15.007338	4.910290	0.086850	3.721932	15.914039	7.387122	0.274721	0.060076	7.300026	0.445233	0.154259	2.718543	3.036788	0.503786	77.738700
202.500000	51.317800	2.357514	13.203662	15.724601	5.939963	0.112825	2.526764	14.951581	9.287904	0.248961	0.093364	7.140660	1.139162	0.090041	2.698616	3.367360	0.844907	79.727900
208.125000	51.317800	2.280743	12.921031	16.774823	7.026681	0.115679	1.306489	15.108899	11.409485	0.072082	0.030237	6.545746	2.110758	0.050816	2.647982	3.427924	1.034669	82.864300
213.750000	51.317800	2.043431	13.281020	17.989601	8.301740	0.178154	0.597034	14.548276	12.303746	0.299103	0.170313	5.868349	3.231632	0.026697	2.556441	3.793183	1.327276	86.516000
219.375000	51.317800	1.899741	11.981079	18.244184	10.389042	0.183019	0.242838	14.341647	12.914811	0.066655	0.024479	5.514015	4.329649	0.028251	2.648683	3.805952	1.822032	88.436100
225.000000	51.317800	1.745375	11.316859	17.965059	11.432105	0.170584	0.114673	14.043409	13.885412	0.061827	0.038548	4.698278	4.822154	0.034820	2.097910	3.865169	2.214265	88.506600
230.625000	51.317800	1.993963	9.885092	18.297566	12.210554	0.236928	0.177870	13.460732	13.720743	0.066337	0.034794	3.865565	5.589146	0.047394	1.748519	3.943715	2.439917	87.718900
236.250000	51.317800	2.211845	8.710904	17.636625	12.876132	0.488742	0.115331	11.781123	14.341308	0.198643	0.099314	3.124393	6.508684	0.038931	1.335849	3.732336	2.450310	85.650400
241.875000	51.317800	2.199630	6.856322	16.700292	12.813136	1.290418	0.172166	10.819355	14.884853	0.036683	0.076313	1.857963	6.753585	0.022246	1.065280	3.683286	2.593141	81.824700
247.500000	51.317800	2.295186	5.739780	16.002934	13.250936	2.172871	0.118281	9.506555	15.380220	0.101929	0.061526	0.990052	7.240989	0.098060	0.741243	3.277945	2.743526	79.722000
253.125000	51.317800	2.439623	5.144526	15.224032	13.425106	2.964315	0.137274	7.496702	15.577462	0.065453	0.061061	0.332018	7.532712	0.127719	0.517962	2.758908	2.530542	76.335500
258.750000	51.317800	2.500684	4.177013	14.505073	13.680028	3.903803	0.288439	6.373600	16.204247	0.103580	0.041005	0.189052	7.555694	0.105676	0.158793	2.902293	2.503862	75.192800
264.375000	51.317800	2.855934	3.629633	14.566484	14.452482	4.801728	0.422247	5.587642	15.626433	0.089657	0.041556	0.063829	7.711338	0.122397	0.105472	2.914722	2.594600	75.586100
270.000000	51.317800	3.156060	3.132717	14.635248	14.489804	4.874461	0.475389	5.213912	15.486984	0.195510	0.111046	0.072267	7.618531	0.099727	0.060249	2.676041	2.485891	74.783800
275.625000	51.317800	3.033519	2.694227	14.658206	14.685463	5.545208	0.372860	5.234473	15.565247	0.281495	0.045474	0.049206	7.782454	0.200708	0.094764	2.605333	2.937805	75.786500
281.250000	51.317800	3.075094	2.739557	13.978718	14.916408	6.247712	0.224511	4.937943	16.094769	0.483717	0.079508	0.066125	7.551826	0.217701	0.100006	2.663929	2.793335	76.170900
286.875000	51.317800	2.878870	2.389634	13.353402	15.145203	7.475462	0.111753	3.594007	15.768031	0.553070	0.142654	0.043492	7.522059	0.566464	0.174103	2.844511	2.973996	75.536800
292.500000	51.317800	2.615806	2.371753	13.088755	16.067625	9.558093	0.090765	2.711045	15.073274	1.223396	0.088667	0.094178	7.088873	0.778309	0.092598	2.721540	3.286903	76.951600
298.125000	51.317800	3.436734	2.211098	13.262246	16.417096	11.011236	0.101813	1.396209	15.122358	2.097842	0.106355	0.074726	6.538383	0.999583	0.035723	2.648593	3.585672	79.045600
303.750000	51.317800	4.897748	2.081703	12.847292	17.441984	11.754885	0.154572	0.615834	14.598152	2.981777	0.512930	0.174848	6.295789	1.380353	0.050435	2.496895	3.641689	81.926800
309.375000	51.317800	6.279040	1.848395	12.727069	18.169992	12.900787	0.213397	0.229922	14.025540	3.886386	0.051313	0.039364	5.621537	1.789618	0.016375	2.548535	3.859005	84.206300
315.000000	51.317800	7.647687	1.769464	11.679449	18.193177	13.559240	0.173278	0.202500	13.412326	4.706319	0.048934	0.027011	4.842274	2.382780	0.039170	2.353081	3.984227	85.020900
320.625000	51.317800	9.243015	2.035967	10.728617	18.726204	14.170644	0.221277	0.147064	13.303413	5.247298	0.059218	0.047146	4.197200	2.340685	0.033774	1.768503	3.936308	86.206400
326.250000	51.317800	9.998856	2.112477	8.546042	17.486658	14.401475	0.517427	0.143036	12.273775	5.809663	0.228932	0.095554	3.190295	2.474513	0.040725	1.376960	3.668323	82.364600
331.875000	51.317800	10.795774	2.191351	7.059581	16.609475	14.815299	1.469474	0.124042	11.159789	6.583939	0.045023	0.076407	2.275541	2.662605	0.034955	0.996684	3.470584	80.370500
337.500000	51.317800	11.354520	2.075144	5.871539	15.653011	14.950902	2.492711	0.082742	9.141296	7.272046	0.098322	0.068370	1.652058	2.637860	0.059019	0.841390	3.320074	77.571000
343.125000	51.317800	12.467285	2.235980	5.346416	15.094875	15.349683	3.642062	0.148568	7.320632	7.472250	0.054548	0.048255	0.618631	2.601114	0.077082	0.475565	2.999771	75.952800
348.750000	51.317800	13.098368	2.367919	3.773674	15.095554	15.803543	4.678701	0.241283	6.352383	7.554144	0.102210	0.027333	0.413699	2.530576	0.135733	0.233409	2.815185	75.223700
354.375000	51.317800	13.970348	2.841163	3.542831	14.167138	15.775608	5.372338	0.177253	5.686410	7.766937	0.158763	0.037037	0.254619	2.532905	0.117708	0.113920	2.659710	75.174700
2.812500	54.314700	14.064672	2.506248	2.285313	13.813935	15.509716	5.227630	0.119639	4.798154	9.028877	0.144627	0.072478	0.112310	3.248619	0.145380	0.082584	2.830069	73.990300
8.437500	54.314700	14.580508	3.100100	1.810293	13.183869	15.309195	5.658056	0.183623	4.505470	9.231604	0.243622	0.038002	0.114997	3.147883	0.204941	0.186733	2.828983	74.327900
14.062500	54.314700	14.642147	4.037405	1.435895	12.418540	15.693726	6.739131	0.122153	3.608823	9.056201	0.694976	0.038932	0.104890	3.359862	0.425001	0.379952	2.654711	75.412300
19.687500	54.314700	14.911997	4.762246	1.407067	11.206996	15.792007	8.733976	0.098380	1.980481	8.489912	1.613379	0.064166	0.067416	3.805352	0.684260	0.284037	2.721597	76.623300
25.312500	54.314700	15.978392	5.714955	1.196604	10.292310	15.058458	10.539167	0.131684	1.110986	7.829604	2.279420	0.112509	0.069980	3.984001	0.921173	0.032233	2.631424	77.882900
30.937500	54.314700	15.533467	6.967769	1.169438	9.677841	14.700165	11.992163	0.147418	0.349312	7.430065	3.238848	0.055037	0.091650	4.248479	1.295598	0.038933	2.510953	79.447100
36.562500	54.314700	16.883510	8.466568	1.065609	8.621421	14.054267	12.798094	0.113904	0.130264	7.026285	4.461543	0.044378	0.055878	4.617855	1.763538	0.035516	2.627805	82.766400
42.187500	54.314700	17.670215	10.006298	0.947110	7.478279	13.846507	13.705814	0.172147	0.096782	6.035756	5.312612	0.032261	0.054330	4.489874	2.064162	0.024409	2.494373	84.430900
47.812500	54.314700	17.309547	11.516815	0.939446	6.154090	13.388689	13.775934	0.128192	0.160164	5.287504	6.137170	0.039906	0.064451	4.555244	2.559381	0.028488	2.225111	84.270200
53.437500	54.314700	16.951820	12.478368	1.165378	4.551998	12.615442	14.804102	0.151105	0.118757	4.082192	6.645102	0.083595	0.126268	4.528474	2.525950	0.041934	1.839144	82.709700
59.062500	54.314700	16.281492	12.960955	1.259373	2.853943	11.765177	15.057101	0.369082	0.112043	3.127628	7.576074	0.138697	0.151122	4.433189	2.585077	0.052250	1.350835	80.074100
64.687500	54.314700	15.523288	12.959711	1.393404	2.653286	10.560543	15.206163	0.999122	0.066154	2.082473	8.313039	0.036778	0.257004	4.040776	2.742531	0.053790	0.900095	77.788200
70.312500	54.314700	15.285105	13.176066	1.399840	2.947396	8.735695	15.969683	2.114004	0.107894	1.429392	8.730029	0.082351	0.312668	3.544708	2.792079	0.275848	0.628123	77.531000
75.937500	54.314700	14.657754	13.361998	1.687503	2.830023	6.364473	15.818020	3.699041	0.107278	0.664121	8.927553	0.094700	0.113235	3.320560	2.815253	0.424761	0.422146	75.308400
81.562500	54.314700	14.762256	13.786000	1.905826	3.097600	5.853703	15.445590	4.684028	0.315758	0.215056	8.725131	0.108562	0.051939	3.240748	2.763160	0.165604	0.186828	75.307800
87.187500	54.314700	14.018075	13.981771	2.307502	2.763488	5.116682	15.113649	5.067417	0.444046	0.149020	9.053883	0.068009	0.066691	3.187705	2.789998	0.099374	0.069095	74.296400
92.812500	54.314700	14.088987	14.272884	2.710898	2.241487	4.858107	14.960968	5.383411	0.305707	0.177838	9.242970	0.067656	0.083784	2.841865	3.112043	0.112692	0.093627	74.554800
98.437500	54.314700	13.650509	14.418440	3.206717	2.179725	4.217920	15.510055	5.730314	0.270617	0.140443	8.915723	0.117403	0.030316	2.852303	3.211161	0.148990	0.163569	74.764200
104.062000	54.314700	13.240984	14.600640	4.003736	1.809229	3.331949	15.491281	6.663469	0.110888	0.114821	8.893669	0.464991	0.055140	2.866486	3.282311	0.356710	0.376043	75.662400
109.688000	54.314700	13.110017	14.869811	4.829313	1.515640	2.093601	15.690785	8.737697	0.135031	0.093004	8.610304	1.235735	0.078576	2.822095	3.798702	0.682809	0.314595	78.617700
115.312000	54.314700	12.906555	15.447852	5.636658	1.404069	0.882413	15.291325	10.514580	0.100121	0.035011	7.910627	2.109096	0.082278	2.773870	4.113655	1.002957	0.025626	80.236700
120.938000	54.314700	12.970794	16.259325	6.921478	1.183869	0.382631	14.619753	11.857012	0.126755	0.103473	7.503058	3.083101	0.055637	2.619357	4.349520	1.270558	0.027388	83.333800
126.562000	54.314700	12.305442	16.620671	8.405190	1.141966	0.130278	14.541264	12.833607	0.093959	0.067990	6.920901	4.101136	0.080891	2.663454	4.534083	1.668299	0.064356	86.173400
132.188000	54.314700	11.069865	17.002375	9.835781	0.894106	0.130124	14.176751	13.729225	0.153437	0.061562	6.127297	5.354797	0.075539	2.449824	4.602790	2.251824	0.046645	87.962000
137.812000	54.314700	9.851355	17.132776	11.495666	0.868004	0.133336	13.579484	14.276050	0.134769	0.081191	5.583853	5.908680	0.044873	2.265317	4.872041	2.465612	0.023497	88.716600
143.437000	54.314700	8.317653	16.844717	12.162374	1.091335	0.079889	12.692575	14.542168	0.111005	0.226726	4.636278	6.884314	0.103894	1.708946	4.358093	2.625803	0.024798	86.410500
149.062000	54.314700	6.656197	16.027137	12.325461	1.295179	0.125242	11.974520	15.027356	0.367484	0.180477	3.386564	7.457186	0.101879	1.319755	4.438516	2.569673	0.073155	83.325900
154.688000	54.314700	5.843027	15.768935	12.518970	1.463593	0.107335	10.525777	15.757626	0.945623	0.129660	2.235821	7.963805	0.050437	1.069054	4.183719	2.594623	0.037183	81.195200
160.312000	54.314700	4.830399	15.667487	12.743582	1.595057	0.126597	8.700782	15.532336	2.163529	0.182645	1.367901	8.563956	0.096544	0.673061	3.649436	2.675408	0.314554	78.883200
165.938000	54.314700	3.797356	14.911205	13.475548	1.668864	0.128803	6.647013	16.304451	3.477947	0.087479	0.430916	8.812216	0.114511	0.483854	3.434427	2.572094	0.389737	76.736500
171.562000	54.314700	3.114429	14.699826	13.938794	1.955996	0.260836	5.572532	15.598045	4.956785	0.047509	0.122220	9.134646	0.100364	0.194799	3.096978	2.769086	0.157787	75.720700
177.188000	54.314700	2.734728	14.216787	14.035379	2.351000	0.416480	4.908108	15.033463	5.078104	0.115822	0.110495	9.177928	0.081666	0.102592	3.018862	2.763398	0.104263	74.249000
182.812000	54.314700	2.337631	14.293694	13.941056	2.551465	0.430684	4.754522	15.460745	5.334541	0.113320	0.056707	8.973256	0.037262	0.059298	3.082400	3.171555	0.114788	74.712900
188.438000	54.314700	2.072543	14.010272	14.711928	3.247861	0.251643	4.789129	15.397863	6.046670	0.080176	0.064042	9.289872	0.131257	0.185805	2.793086	2.986358	0.181231	76.239800
194.062000	54.314700	1.733669	13.164530	15.114554	3.808202	0.123339	3.841102	15.524532	6.889268	0.085845	0.092392	8.713335	0.391264	0.385070	2.709201	3.425990	0.428646	76.430900
199.687000	54.314700	1.499829	13.129696	15.395940	4.921125	0.123154	2.103260	15.807615	8.711187	0.402659	0.061834	8.121825	1.341606	0.300273	2.592100	3.736532	0.622030	78.870600
205.312000	54.314700	1.396707	12.935621	15.406119	5.596791	0.116404	1.230522	15.408720	10.554390	0.179528	0.046779	7.857822	2.350694	0.022806	2.763251	3.936172	0.959322	80.761700
210.938000	54.314700	1.296288	12.782713	16.094090	6.881622	0.137913	0.297271	15.315754	11.723444	0.120521	0.092907	7.643672	3.194140	0.055011	2.524638	4.496999	1.286652	83.943700
216.562000	54.314700	0.932403	11.729777	16.883736	8.375604	0.122120	0.150155	14.641581	12.876584	0.173542	0.100077	6.776691	4.458444	0.028604	2.752597	4.382115	1.766139	86.150200
222.188000	54.314700	0.837874	11.272966	17.208325	9.958051	0.113782	0.103280	14.036623	13.499637	0.082092	0.030133	5.892530	5.645220	0.038560	2.454110	4.499928	2.168370	87.841500
227.812000	54.314700	1.000097	10.263640	16.815990	11.334276	0.113258	0.174739	13.256026	14.018415	0.034392	0.036807	5.366061	6.022218	0.044688	2.336715	4.750461	2.598457	88.166300
233.438000	54.314700	1.062500	8.465799	17.303327	12.262013	0.114017	0.153592	12.779999	14.665218	0.114657	0.062044	3.975767	6.681915	0.050493	1.735490	4.443775	2.544396	86.415000
239.062000	54.314700	1.285216	6.683532	15.983255	12.755344	0.355829	0.124367	11.775242	14.613646	0.123643	0.053683	3.178589	7.778801	0.034414	1.351547	4.407844	2.673361	83.178300
244.687000	54.314700	1.490250	5.419851	15.860205	12.876245	0.967875	0.100607	10.761302	15.295284	0.022113	0.103204	2.019624	8.309962	0.046468	1.007942	4.129478	2.658296	81.068600
250.312000	54.314700	1.495791	4.930218	15.490377	13.231483	2.132767	0.118005	8.808111	15.851949	0.109901	0.098378	1.183903	8.404286	0.277604	0.707020	3.825540	2.685688	79.351000
255.937000	54.314700	1.775798	3.944202	14.886437	13.493191	3.176655	0.153550	6.473477	15.941069	0.086785	0.033037	0.379581	8.697762	0.426260	0.420945	3.334109	2.612266	75.835100
261.562000	54.314700	2.089055	3.097646	14.776732	14.050534	3.892053	0.278741	5.948728	15.362463	0.122668	0.046409	0.111220	9.207650	0.144734	0.136225	3.328059	2.877038	75.470000
267.188000	54.314700	2.114626	2.742090	14.202424	14.539567	4.740984	0.473734	5.136349	15.380898	0.207682	0.059474	0.080233	9.210704	0.087904	0.091336	3.151944	2.970558	75.190500
272.812000	54.314700	2.720432	2.399021	14.013891	14.234544	5.210734	0.367126	5.146754	15.738851	0.311014	0.074051	0.087600	9.178901	0.119920	0.109476	2.870501	3.156287	75.739100
278.438000	54.314700	2.773769	2.117736	14.094755	14.654022	6.147213	0.214428	4.596457	15.450792	0.493025	0.037551	0.117168	9.173076	0.218734	0.208088	2.617593	2.999839	75.914200
284.062000	54.314700	2.630508	1.689493	13.303979	14.945813	6.469224	0.101300	3.510338	15.795400	0.600244	0.108192	0.079701	8.761798	0.348957	0.447845	2.796761	3.410020	74.999600
289.688000	54.314700	2.462977	1.481779	12.947157	15.255134	8.762725	0.142936	2.155692	15.322314	1.415255	0.153519	0.089919	8.541473	0.608778	0.303447	2.517106	3.869139	76.029400
295.312000	54.314700	2.269321	1.352542	12.342538	15.693952	10.342435	0.101205	1.046386	15.313266	2.159831	0.173390	0.030084	8.278533	0.969130	0.028667	2.678869	3.925699	76.705900
300.938000	54.314700	3.204489	1.264598	12.503363	16.015601	11.667913	0.108849	0.346247	14.924777	3.211444	0.199700	0.093351	7.340831	1.306817	0.081018	2.728711	4.542566	79.540300
306.562000	54.314700	4.637647	1.192419	12.044753	16.241795	12.360295	0.131617	0.150390	14.478155	4.177555	0.244425	0.075216	7.026376	1.833387	0.021152	2.651680	4.694942	81.961800
312.187000	54.314700	6.145619	0.953606	11.648234	16.986654	13.671206	0.160733	0.131843	14.286342	5.303021	0.054077	0.049359	6.165354	2.176208	0.030401	2.620465	4.789423	85.172500
317.812000	54.314700	7.418427	0.936284	10.198100	17.138544	13.903960	0.124803	0.127547	13.675391	6.324810	0.065328	0.045352	5.742483	2.577217	0.038619	2.186556	4.501444	85.004800
323.438000	54.314700	8.665835	1.215943	8.506186	16.907373	14.197900	0.128619	0.110462	12.503815	6.876408	0.078716	0.066744	4.443108	2.656227	0.033151	1.810688	4.515558	82.716700
329.062000	54.314700	9.518407	1.175703	6.748495	16.101781	14.772548	0.348405	0.068860	11.597906	7.419525	0.120942	0.036889	3.294797	2.447935	0.026330	1.272232	4.387181	79.338000
334.688000	54.314700	10.481352	1.228520	5.991309	15.741905	15.857717	1.003889	0.091285	10.623730	8.067663	0.041910	0.100021	2.290097	2.494871	0.039922	1.040885	4.135947	79.231000
340.312000	54.314700	11.651627	1.355121	4.873387	14.809304	15.771650	2.175721	0.112395	8.668571	8.393722	0.102996	0.064450	1.662576	2.622444	0.268608	0.753741	3.912976	77.199300
345.938000	54.314700	12.578912	1.387716	4.145662	14.669742	16.006779	3.513629	0.099792	6.668083	8.423557	0.108636	0.066989	0.772971	2.877072	0.379644	0.456557	3.364125	75.519800
351.562000	54.314700	13.765868	2.041950	3.248653	14.309301	15.337017	4.701976	0.119052	5.785291	9.048194	0.088337	0.026690	0.483234	2.995462	0.151726	0.168943	3.024879	75.296600
357.187000	54.314700	14.034701	2.269049	2.831030	13.892311	15.716345	4.814214	0.094879	5.010201	9.205829	0.203113	0.100540	0.301033	2.933643	0.125271	0.083799	3.203007	74.819000
0.000000	57.202800	13.947163	1.987810	1.921467	14.007784	15.250271	4.675749	0.113489	4.818161	10.293124	0.151872	0.098135	0.349103	3.487345	0.083143	0.123369	3.168705	74.476700
5.625000	57.202800	14.099845	2.451962	1.737152	13.419225	14.946039	5.323130	0.136946	4.162921	9.980806	0.236569	0.047481	0.149665	3.388792	0.166747	0.179331	3.115990	73.542600
11.250000	57.202800	14.154132	2.962743	1.308457	12.436296	14.931789	5.878098	0.145191	3.428184	10.198778	0.787553	0.032661	0.124603	3.888920	0.380474	0.524991	2.858513	74.041300
16.875000	57.202800	14.773905	3.876536	0.899257	11.347056	15.335433	7.947124	0.131373	1.717134	9.699307	1.329708	0.049621	0.082383	4.263159	0.595714	0.097031	2.650888	74.795700
22.500000	57.202800	14.994671	4.829301	0.816084	10.189855	15.929534	9.933780	0.155184	0.685176	9.157197	2.381016	0.099254	0.070878	4.437578	0.948748	0.024076	2.538063	77.190300
28.125000	57.202800	15.331136	5.360667	0.835218	9.488312	14.817108	11.736563	0.186934	0.295010	8.839303	3.503439	0.105049	0.057083	5.042637	1.344365	0.039292	2.292845	79.275000
33.750000	57.202800	15.939373	6.820233	0.680926	8.542638	14.703219	12.485493	0.140975	0.154719	8.079877	4.778690	0.093198	0.107741	5.120165	1.517223	0.037530	2.319751	81.521700
39.375000	57.202800	15.873890	8.539301	0.425868	7.551464	14.607539	13.182625	0.164714	0.132008	7.615929	5.640322	0.058197	0.075000	5.367622	2.058258	0.035424	2.388751	83.716900
45.000000	57.202800	16.622368	9.842103	0.128560	6.035021	14.092720	13.664420	0.155321	0.094135	6.630184	6.610302	0.060761	0.043438	5.395953	2.576697	0.031430	2.423110	84.406400
50.625000	57.202800	16.059822	11.389693	0.384167	4.532591	13.008569	14.479060	0.125217	0.168982	5.616312	7.284226	0.082633	0.069107	5.288069	2.469967	0.041147	2.069319	83.068900
56.250000	57.202800	15.104262	11.931995	0.616978	3.028102	12.259299	14.847984	0.129092	0.115089	4.515807	8.506616	0.090576	0.191034	5.103992	2.468904	0.043664	1.599343	80.552700
61.875000	57.202800	15.121227	12.676967	0.763210	2.244055	11.699580	15.058571	0.235749	0.151163	3.342637	8.888670	0.053310	0.259411	4.917246	2.487757	0.036676	1.298346	79.234600
67.500000	57.202800	14.771078	12.590787	0.962236	2.625928	9.956535	15.924105	0.658340	0.172642	2.161075	9.301713	0.063194	0.436294	4.666249	2.692893	0.055348	0.907821	77.946200
73.125000	57.202800	14.840972	12.756701	1.078022	2.807483	7.622749	15.495014	1.815031	0.152629	1.314078	10.017427	0.105451	0.161308	4.185020	2.817175	0.082849	0.662848	75.914800
78.750000	57.202800	14.542508	13.288145	1.557158	2.765467	6.063827	15.149162	3.402511	0.138355	0.893936	10.130558	0.090412	0.093574	3.448937	2.879413	0.485304	0.359236	75.288400
84.375000	57.202800	14.464584	13.452928	1.841937	2.293365	4.962790	14.773905	4.639060	0.311211	0.206498	9.802135	0.085539	0.055333	3.386326	3.154251	0.180915	0.203365	73.814100
90.000000	57.202800	13.977474	13.704117	2.023741	1.796031	4.571700	15.262712	5.047568	0.353232	0.137765	10.223999	0.122888	0.132721	3.381576	3.155257	0.111087	0.113787	74.115600
95.625000	57.202800	13.539221	14.114095	2.593661	1.742411	4.023426	15.399786	5.229146	0.351790	0.167594	9.910697	0.125139	0.057516	3.096232	3.540625	0.161124	0.202489	74.255000
101.250000	57.202800	13.349896	14.093624	3.060459	1.494864	3.283702	15.610599	5.987350	0.197767	0.126365	9.976011	0.503246	0.079120	2.889727	3.666276	0.369278	0.567919	75.256100
106.875000	57.202800	12.928948	14.538323	3.941363	1.066632	1.698541	15.410304	7.781210	0.180135	0.078731	10.234528	1.403414	0.058431	2.736006	4.156350	0.568617	0.087713	76.869300
112.500000	57.202800	12.975431	14.674719	4.540123	0.849330	0.710075	15.436203	10.030761	0.176036	0.091664	9.704351	2.252119	0.082753	2.723802	4.395924	0.746051	0.050142	79.439400
118.125000	57.202800	12.482892	15.753554	5.752990	0.822431	0.238388	15.718494	11.607971	0.141019	0.025767	9.069502	3.270673	0.076715	2.423257	4.864961	1.308400	0.037394	83.594400
123.750000	57.202800	11.712247	15.916188	6.609216	0.570167	0.115590	14.660355	12.313699	0.121778	0.177561	8.422981	4.462561	0.089684	2.397924	5.203654	1.694673	0.041628	84.509900
129.375000	57.202800	11.015590	16.041839	8.439809	0.413249	0.113380	14.484036	13.103797	0.102953	0.067506	7.728812	5.581184	0.041991	2.414820	5.308201	1.982562	0.047041	86.886700
135.000000	57.202800	9.771440	15.843240	9.890113	0.151929	0.084765	13.872180	13.813369	0.094225	0.036916	6.509577	6.711761	0.041565	2.214604	5.432891	2.479003	0.012860	86.960500
140.625000	57.202800	8.378941	16.200175	11.186277	0.454478	0.265016	13.232388	14.394350	0.127626	0.088958	5.612116	7.334012	0.049612	2.012997	5.353779	2.461088	0.016907	87.168700
146.250000	57.202800	6.723003	16.022613	11.797409	0.626358	0.152498	12.522816	15.281033	0.102896	0.269096	4.581132	8.249308	0.131983	1.667247	5.325573	2.254188	0.053815	85.760900
151.875000	57.202800	5.574002	15.491960	12.207726	0.753939	0.201036	11.580941	15.332945	0.262775	0.208763	3.340262	9.129307	0.035522	1.287161	4.838983	2.587712	0.036341	82.869500
157.500000	57.202800	4.831971	14.668385	12.842316	0.848399	0.216223	9.905404	15.602004	0.692261	0.216128	2.288084	9.470058	0.087930	0.766270	4.550856	2.419412	0.030284	79.435900
163.125000	57.202800	3.624747	14.909622	12.975544	1.049257	0.173940	7.680327	15.859639	1.730231	0.071087	1.470017	9.973749	0.099853	0.530722	4.133843	2.677070	0.061003	77.020600
168.750000	57.202800	3.226260	14.268586	13.341753	1.703563	0.152750	5.906701	15.459727	3.347319	0.066617	0.476426	10.173569	0.038841	0.335320	3.684542	2.869619	0.510787	75.562500
174.375000	57.202800	2.467003	14.372749	13.421035	1.787209	0.295463	5.479215	15.399559	4.321008	0.033305	0.136378	10.267180	0.083072	0.193995	3.440851	3.125320	0.160788	74.984100
180.000000	57.202800	2.119421	13.743362	13.863924	1.987131	0.400340	4.818252	14.964135	4.832185	0.131312	0.103852	10.031078	0.098502	0.103537	3.171453	3.238667	0.095952	73.703100
185.625000	57.202800	1.707973	13.657408	13.858043	2.570940	0.277208	4.353399	15.009374	5.270245	0.078771	0.072668	9.999456	0.121517	0.150373	2.920761	3.388385	0.138597	73.575100
191.250000	57.202800	1.523331	13.193596	14.328754	2.951230	0.210310	3.446528	15.375696	5.879365	0.098895	0.077260	9.902226	0.507144	0.505758	2.800279	3.630334	0.327261	74.757800
196.875000	57.202800	1.136063	12.896602	14.630158	3.917002	0.162274	1.656876	16.006214	7.927230	0.158143	0.084210	9.929539	1.364101	0.098519	2.764472	4.123382	0.522726	77.377400
202.500000	57.202800	0.892730	12.665658	14.822084	4.500539	0.212646	0.730533	15.457805	10.034369	0.380108	0.052339	9.418181	2.348342	0.039691	2.494543	4.738428	0.906679	79.694700
208.125000	57.202800	0.793775	12.431433	15.388250	5.456460	0.185106	0.251057	15.728673	11.646085	0.274454	0.050883	8.843567	3.299841	0.053774	2.572829	4.860935	1.402022	83.239100
213.750000	57.202800	0.616375	12.091915	15.726863	7.088703	0.157711	0.099319	15.257283	11.987752	0.138338	0.091262	7.982693	4.590474	0.066161	2.211845	5.254774	1.654908	85.016300
219.375000	57.202800	0.395069	11.169708	15.504514	8.498236	0.220116	0.124341	14.380213	13.537412	0.060823	0.045915	7.408611	5.833029	0.045937	2.466992	5.452864	2.004040	87.147800
225.000000	57.202800	0.159971	10.155711	15.957808	9.855381	0.074638	0.143260	14.487542	13.663968	0.054096	0.032546	6.554828	6.453933	0.035896	2.309945	5.332517	2.384103	87.656200
230.625000	57.202800	0.439790	8.300089	15.810216	11.049825	0.128301	0.138081	13.535150	14.505751	0.106816	0.060101	5.748455	7.501543	0.032112	1.958586	5.278750	2.528528	87.122100
236.250000	57.202800	0.649476	7.018187	15.843693	12.181940	0.097543	0.119762	12.347402	15.134233	0.081252	0.119805	4.587579	8.571568	0.049253	1.565595	5.291134	2.412129	86.070500
241.875000	57.202800	0.775182	5.332517	15.678571	12.444213	0.206973	0.209834	11.788022	15.287706	0.059262	0.059888	3.316093	9.083379	0.045031	1.278622	4.866024	2.364413	82.795700
247.500000	57.202800	0.853816	4.799432	14.944003	12.737022	0.673889	0.189698	9.856433	15.635254	0.095479	0.130652	2.221820	9.536673	0.055451	0.878674	4.695292	2.435155	79.738700
253.125000	57.202800	1.062816	3.722508	14.642373	12.967062	1.713413	0.144690	8.305088	15.479972	0.100117	0.050817	1.393574	10.134290	0.086918	0.559198	4.182634	2.656781	77.202200
258.750000	57.202800	1.585274	3.110448	14.482792	13.115106	3.174620	0.165431	6.152676	15.495805	0.110207	0.039104	0.551560	9.775082	0.508757	0.376213	3.758756	2.832195	75.234000
264.375000	57.202800	1.787119	2.720579	13.779892	13.886204	3.939938	0.327182	5.365123	15.225503	0.169839	0.052983	0.164762	9.761363	0.208978	0.145839	3.458822	2.886549	73.880800
270.000000	57.202800	1.888567	2.053407	13.720629	13.783285	4.987151	0.288853	4.813445	14.973296	0.323790	0.083134	0.136385	10.276601	0.087177	0.118191	3.221940	3.344164	74.100100
275.625000	57.202800	2.383628	1.712418	13.174935	13.544537	5.022449	0.270374	4.277013	15.421048	0.409037	0.050319	0.086163	10.450171	0.170547	0.176115	3.055064	3.402839	73.606600
281.250000	57.202800	2.768973	1.532209	13.256026	14.471596	6.099249	0.156708	3.414770	15.695196	0.789297	0.057836	0.068697	9.851739	0.381730	0.493705	2.805854	3.823516	75.667100
286.875000	57.202800	2.686073	1.038403	12.954282	14.993992	7.787826	0.182255	1.814602	15.627790	1.515685	0.089539	0.121284	9.792714	0.537777	0.077111	2.840553	4.203681	76.263500
292.500000	57.202800	2.254618	0.836929	12.575971	15.041946	9.900857	0.170326	0.680070	15.797436	2.517909	0.219906	0.054804	9.817934	0.889885	0.034437	2.659936	4.692103	78.145000
298.125000	57.202800	2.117861	0.841362	11.883024	15.290081	11.580375	0.149596	0.251229	15.308855	3.214272	0.227226	0.055628	9.251905	1.420288	0.027272	2.597586	5.168650	79.385200
303.750000	57.202800	2.881132	0.621984	12.190309	15.899789	12.176285	0.147279	0.151522	14.909961	4.410208	0.284434	0.087901	8.206162	1.597217	0.069447	2.375349	5.170120	81.179100
309.375000	57.202800	4.572548	0.464158	10.912389	16.308975	13.131732	0.220414	0.127496	14.498400	5.609684	0.095670	0.056649	7.246825	2.054673	0.035737	2.484929	5.495875	83.316000
315.000000	57.202800	6.090472	0.121766	9.566643	15.378749	13.548269	0.111863	0.132707	14.113982	6.784212	0.044698	0.032544	6.502961	2.478675	0.034153	2.431027	5.203495	82.576300
320.625000	57.202800	7.416177	0.411260	8.283746	15.815418	14.066368	0.138643	0.141095	13.011396	7.461551	0.091862	0.039322	5.678244	2.517422	0.035145	2.184780	5.554210	82.846700
326.250000	57.202800	8.759637	0.604681	6.895002	15.479067	14.782727	0.111055	0.141149	12.580608	8.331835	0.116721	0.075901	4.619902	2.406779	0.062940	1.548834	5.241632	81.758400
331.875000	57.202800	9.899828	0.728718	5.564231	15.454299	15.065922	0.295531	0.197301	11.951448	9.114582	0.052299	0.096030	3.386530	2.466721	0.034289	1.339219	4.809634	80.456500
337.500000	57.202800	10.855795	0.776080	4.753232	14.868567	15.369589	0.746218	0.176965	10.132481	9.688201	0.079034	0.101376	2.452719	2.603116	0.040751	0.824042	4.594986	78.063200
343.125000	57.202800	11.630817	0.848093	3.950117	14.642712	15.211026	1.796042	0.138599	7.854678	10.078511	0.072618	0.048974	1.583838	2.912064	0.080286	0.611569	4.033956	75.493900
348.750000	57.202800	12.583888	1.245801	3.079346	14.672117	14.982230	3.154262	0.200185	5.764017	10.175797	0.101225	0.041403	0.914039	2.758059	0.470649	0.401882	3.702456	74.247300
354.375000	57.202800	13.513548	1.714612	2.627115	14.464923	14.954974	4.347088	0.117428	5.373469	10.262859	0.130036	0.030614	0.463413	3.023001	0.192956	0.180172	3.318672	74.714800
2.812500	60.000000	13.351593	1.953519	1.566930	13.149262	14.670986	4.893903	0.126244	4.220951	10.736534	0.214345	0.103299	0.309751	3.631782	0.187297	0.125980	3.483647	72.726100
8.437500	60.000000	14.180144	2.385064	1.432468	12.067599	15.242580	5.384100	0.187571	2.998052	11.472481	0.821323	0.032544	0.086708	3.778921	0.419394	0.243664	3.068365	73.801100
14.062500	60.000000	14.287926	3.177232	1.137194	11.466147	15.079946	7.063686	0.120962	1.740579	11.115647	1.224573	0.048015	0.077882	4.427026	0.446416	0.041013	3.111002	74.565300
19.687500	60.000000	14.839954	3.857343	0.719972	10.280356	15.409964	9.168903	0.106564	0.529241	10.995097	2.319943	0.046642	0.073714	5.207216	0.685055	0.038887	2.711735	76.990600
25.312500	60.000000	14.815412	4.427252	0.701711	9.765220	15.434733	11.338008	0.083084	0.178651	10.738649	3.148720	0.095737	0.040499	5.357466	1.119644	0.025264	2.354404	79.624500
30.937500	60.000000	15.234211	5.643037	0.442977	8.304930	14.983248	12.143261	0.090624	0.134622	9.743833	4.463827	0.076401	0.076815	5.607931	1.574518	0.019399	2.216945	80.756600
36.562500	60.000000	15.232854	6.780106	0.309915	7.286839	14.736357	12.822637	0.178280	0.076272	9.046961	5.610058	0.109020	0.097804	5.854642	1.925821	0.033782	2.274908	82.376400
42.187500	60.000000	15.434393	8.942233	0.237930	6.146139	14.135470	13.242115	0.150874	0.122458	7.916316	7.110916	0.050758	0.053355	5.969357	2.122215	0.029839	2.346396	84.010700
47.812500	60.000000	15.337130	9.736731	0.249437	4.666656	13.912216	14.518757	0.140211	0.110516	6.892265	8.223307	0.048376	0.067300	5.964606	2.336738	0.051401	2.224036	84.479700
53.437500	60.000000	15.083113	11.248695	0.249906	3.313413	12.887668	14.534817	0.100260	0.161812	5.860534	8.885775	0.088374	0.194780	6.180973	2.096123	0.024266	1.914953	82.825500
59.062500	60.000000	15.057553	11.844345	0.488954	2.125291	11.915709	14.781822	0.131505	0.041716	4.427467	9.882456	0.126487	0.303329	5.825757	2.329828	0.012404	1.587389	80.882000
64.687500	60.000000	15.239640	12.421141	0.707915	2.259662	11.135417	15.292682	0.174405	0.055663	3.163310	10.290071	0.019786	0.254599	5.519093	2.363022	0.031520	1.080172	80.008200
70.312500	60.000000	14.584354	12.669277	0.840190	2.403477	9.095763	15.647921	0.549689	0.122034	2.374558	10.915137	0.062613	0.234702	5.047150	2.659823	0.038222	0.703214	77.948200
75.937500	60.000000	14.045671	12.560251	1.277072	2.500005	6.896359	15.195079	1.868097	0.134815	1.352316	11.001204	0.050126	0.145060	4.406600	2.949759	0.080466	0.388880	74.851800
81.562500	60.000000	14.163858	13.259645	1.618672	2.289079	5.426602	15.158210	2.975353	0.239695	0.772284	11.088685	0.065951	0.081163	3.834260	3.033960	0.228666	0.372094	74.608100
87.187500	60.000000	13.957003	13.300134	1.624417	1.781272	4.632376	14.801161	4.400527	0.293790	0.235574	11.087305	0.174317	0.171283	3.692820	3.523966	0.117134	0.192264	73.985500
92.812500	60.000000	13.706379	13.404183	1.781181	1.775504	4.137971	15.269950	4.818942	0.303526	0.245149	10.824433	0.175549	0.134636	3.426895	3.478874	0.190026	0.092571	73.765800
98.437500	60.000000	13.065570	14.144292	2.483109	1.548427	2.764721	15.055744	5.346914	0.239611	0.097590	10.717986	0.518220	0.065519	3.049195	3.877757	0.388873	0.261113	73.624700
104.062000	60.000000	12.553691	14.103238	3.336993	1.154701	1.637491	15.757626	7.015710	0.158504	0.121531	10.899247	1.254996	0.050540	2.927434	4.729617	0.459544	0.058076	76.219000
109.688000	60.000000	12.215417	14.165328	3.852683	0.747598	0.434347	15.454977	9.123822	0.137377	0.088884	10.683050	2.359844	0.046009	2.719459	4.996086	0.747982	0.028841	77.801800
115.312000	60.000000	12.214173	14.715434	4.670117	0.669175	0.151507	15.341880	11.116145	0.058746	0.045915	10.389913	3.232458	0.101743	2.315951	5.297230	1.083584	0.044905	81.448900
120.938000	60.000000	11.854863	15.037761	5.532020	0.476058	0.130836	14.850698	12.441499	0.090897	0.107259	10.303540	4.378665	0.105308	2.361868	5.779036	1.432502	0.046018	84.928900
126.562000	60.000000	11.121969	15.049862	6.732945	0.303603	0.098947	14.759768	12.715194	0.217847	0.076745	8.817283	5.661370	0.092660	2.116074	5.708351	1.815846	0.041598	85.330000
132.188000	60.000000	10.007700	15.276849	8.494175	0.222656	0.115876	14.278652	13.424314	0.131990	0.067908	8.036075	6.874848	0.055095	2.346510	6.263217	2.179838	0.047937	87.823500
137.812000	60.000000	8.209442	15.649844	9.843596	0.253481	0.139729	13.787922	14.129589	0.154074	0.070788	6.919781	8.060063	0.048157	2.290922	6.179096	2.285878	0.029670	88.052100
143.437000	60.000000	6.792434	15.183657	11.331222	0.257186	0.166289	12.741093	15.119870	0.077782	0.281600	6.186085	8.399027	0.053239	1.987833	5.917253	2.206439	0.056934	86.757900
149.062000	60.000000	5.842077	15.089899	11.810529	0.464686	0.091477	11.847059	15.247557	0.129279	0.272968	4.650381	9.799454	0.061757	1.528578	5.792461	2.391115	0.068478	85.087700
154.688000	60.000000	4.545371	14.755696	12.075855	0.618485	0.075197	11.390485	15.215550	0.181467	0.178818	3.392151	10.524985	0.022988	1.093805	5.328434	2.538820	0.017072	81.955200
160.312000	60.000000	3.917680	14.527805	12.821393	0.794484	0.162607	8.911131	15.532562	0.495512	0.094664	2.356044	10.803985	0.051984	0.723244	4.849670	2.741287	0.056705	78.840800
165.938000	60.000000	2.940734	14.089553	12.505738	1.271429	0.104906	6.866637	15.687279	1.759071	0.088253	1.266340	10.745683	0.048925	0.448426	4.456386	2.987206	0.073455	75.340100
171.562000	60.000000	2.461643	13.920586	13.046796	1.650984	0.233184	5.613903	14.891639	2.911024	0.066131	0.503403	11.063747	0.036246	0.369116	4.021379	3.259782	0.270046	74.319600
177.188000	60.000000	1.968448	13.608098	13.605044	1.720674	0.328048	4.871826	14.811679	4.167920	0.148475	0.178335	10.841861	0.151416	0.169811	3.642696	3.496031	0.098379	73.808700
182.812000	60.000000	1.737684	13.352724	13.798667	2.003632	0.360305	4.279072	15.010731	4.704713	0.143968	0.159099	10.756801	0.148712	0.102699	3.525380	3.480028	0.165785	73.729900
188.438000	60.000000	1.700803	13.207733	13.662384	2.467309	0.207782	2.836707	14.962438	5.357941	0.084448	0.050373	11.136401	0.525575	0.256860	3.007812	3.811448	0.386907	73.662900
194.062000	60.000000	1.408673	12.922388	14.384398	2.971474	0.143606	1.741495	15.264634	7.186476	0.143472	0.070582	11.056101	1.228848	0.063253	2.865366	4.677446	0.379030	76.507300
199.687000	60.000000	0.854156	12.781017	14.403285	3.941793	0.176785	0.505615	15.602004	8.970191	0.257904	0.044960	10.743003	2.329794	0.041825	2.698706	5.096279	0.626974	79.074300
205.312000	60.000000	0.668492	12.036384	14.800370	4.537194	0.115576	0.172852	15.704809	10.773935	0.299905	0.034825	10.473594	3.271736	0.040940	2.580700	5.506370	1.040656	82.058400
210.938000	60.000000	0.506156	11.704896	14.748684	5.425652	0.093221	0.144390	15.564116	12.025187	0.315464	0.053334	10.130581	4.572299	0.060299	2.392766	5.868406	1.595758	85.201200
216.562000	60.000000	0.293232	11.202495	15.297433	6.782515	0.177200	0.103434	14.951355	12.987193	0.224141	0.064553	8.849075	5.833244	0.040507	2.148080	6.147281	1.877665	86.979400
222.188000	60.000000	0.226596	9.660605	15.113197	8.446652	0.143579	0.121377	14.464131	13.703552	0.102771	0.055877	8.028588	6.689866	0.032634	2.316460	6.212131	2.434499	87.752600
227.812000	60.000000	0.264410	8.412677	15.667826	9.686538	0.109385	0.156777	13.681498	14.079261	0.052226	0.062631	6.834212	8.412644	0.041624	2.398862	6.108794	2.252594	88.221900
233.438000	60.000000	0.239136	7.019420	15.498520	10.976605	0.104530	0.136276	13.226507	15.218943	0.101656	0.066279	5.896963	8.979634	0.029992	1.894030	6.013747	2.337620	87.739900
239.062000	60.000000	0.468356	5.317407	14.900461	12.065676	0.095860	0.098516	12.567150	15.186145	0.076004	0.092943	4.421947	9.599057	0.047393	1.608776	5.578458	2.318394	84.442500
244.687000	60.000000	0.623968	4.632523	14.914824	12.150386	0.178856	0.107456	11.380419	16.028607	0.041622	0.072972	3.362689	10.642278	0.043226	1.125965	5.530550	2.469288	83.305700
250.312000	60.000000	0.818025	3.946871	14.181049	12.725599	0.457445	0.178627	9.361383	15.866651	0.041375	0.045772	2.252413	10.560916	0.041396	0.623023	5.119984	2.700787	78.921400
255.937000	60.000000	1.185486	3.110245	14.288830	12.948288	1.866819	0.132665	6.775311	15.318921	0.105317	0.031798	1.208830	11.145335	0.064144	0.443986	4.655742	2.846909	76.128600
261.562000	60.000000	1.563752	2.638176	13.910294	13.024628	2.827920	0.252043	5.498125	15.124167	0.117361	0.047713	0.629664	10.986592	0.294499	0.350087	3.963157	3.155732	74.383900
267.188000	60.000000	1.617631	1.872010	13.416285	13.496471	4.091828	0.269224	4.933170	15.105733	0.322281	0.143670	0.205524	10.714502	0.121220	0.198686	3.631126	3.452692	73.592100
272.812000	60.000000	1.855249	1.686394	13.383939	13.645646	4.601263	0.373706	4.236660	14.983135	0.419252	0.105425	0.159359	10.909199	0.166877	0.097644	3.528829	3.571444	73.724100
278.438000	60.000000	2.321187	1.714567	12.724581	14.036623	5.512240	0.240540	2.962811	15.008130	0.895172	0.044247	0.079093	11.171992	0.366030	0.285205	3.214792	4.168406	74.745500
284.062000	60.000000	2.503715	1.322526	12.795606	14.168721	6.620175	0.122816	1.727607	15.227312	1.300608	0.087839	0.058603	11.191502	0.390843	0.068204	3.045598	4.598594	75.230300
289.688000	60.000000	2.493774	0.871271	12.431320	14.376142	8.851145	0.149721	0.505674	15.675856	2.382712	0.062750	0.060909	10.785912	0.652024	0.030041	2.552743	5.051832	76.933900
295.312000	60.000000	2.041135	0.666445	12.303972	14.730362	11.067242	0.075461	0.160602	15.469001	3.283645	0.172488	0.026567	10.326850	1.026538	0.043006	2.483437	5.547017	79.423700
300.938000	60.000000	2.094359	0.440480	12.017384	14.860990	11.864702	0.072804	0.126349	15.153460	4.616339	0.229579	0.051500	9.759011	1.469259	0.061425	2.371414	5.683107	80.872200
306.562000	60.000000	3.225525	0.272181	11.002765	15.176531	12.524399	0.121441	0.112225	15.008130	5.649777	0.279276	0.072998	9.010227	1.905803	0.040157	2.014037	5.970080	82.385500
312.187000	60.000000	4.762698	0.230764	10.266953	15.436768	13.949425	0.119182	0.153353	13.991045	6.755315	0.084857	0.016083	8.088405	2.240752	0.041161	2.375519	6.005367	84.517600
317.812000	60.000000	6.122999	0.239402	8.216227	15.506097	14.134340	0.145211	0.137412	13.390046	8.158197	0.061755	0.060502	7.009875	2.356406	0.037675	2.284204	6.052743	83.913200
323.438000	60.000000	7.386206	0.305485	6.624450	15.377958	14.535270	0.103745	0.177004	12.846161	9.118541	0.064644	0.095329	5.568291	2.124647	0.035039	1.799548	5.915364	82.077700
329.062000	60.000000	8.936657	0.449681	5.324679	14.756940	15.165448	0.105034	0.104408	11.831452	9.770648	0.059928	0.127294	4.746311	2.342800	0.055741	1.490001	5.836456	81.103500
334.688000	60.000000	10.017710	0.553691	4.443798	14.685350	15.710690	0.188277	0.068326	10.984511	10.404322	0.015284	0.096280	3.323512	2.558703	0.024724	1.172774	5.403157	79.651100
340.312000	60.000000	10.768416	0.749472	3.615066	14.205591	15.699267	0.524454	0.133329	9.089938	10.697572	0.053701	0.043499	2.434805	2.682680	0.043417	0.651191	5.016444	76.408800
345.938000	60.000000	12.015800	1.133258	3.175072	14.391523	15.212383	1.876364	0.111661	7.032245	11.265264	0.133819	0.038773	1.357055	2.785802	0.093106	0.424052	4.516938	75.563100
351.562000	60.000000	12.564548	1.433950	2.404992	14.049064	14.691344	2.906997	0.127474	5.592901	10.730155	0.108206	0.033744	0.902693	3.094388	0.341266	0.381621	4.044010	73.407400
357.187000	60.000000	13.585365	1.648348	2.036216	13.428838	14.708761	4.372354	0.107848	4.558286	10.894485	0.165694	0.147128	0.425795	3.403936	0.105833	0.182635	3.733411	73.504800
0.000000	62.720400	13.313479	1.814059	1.790602	13.125285	15.040815	4.102436	0.073727	4.351861	11.479832	0.219030	0.166486	0.401477	3.667656	0.103822	0.113873	3.625923	73.390400
5.625000	62.720400	13.614431	1.944777	1.580117	12.500309	14.738392	5.033227	0.094395	3.223930	11.610233	0.660581	0.262955	0.256454	4.349452	0.343748	0.115920	3.503032	73.832000
11.250000	62.720400	14.102898	2.573055	1.679054	11.571893	15.344029	6.075725	0.101482	1.877981	12.103790	1.424981	0.051419	0.094052	4.823590	0.325888	0.091516	3.220062	75.461400
16.875000	62.720400	13.880436	3.010312	1.131177	10.673753	15.281146	8.300813	0.088938	0.604641	12.033217	2.294326	0.048817	0.068401	5.452253	0.545133	0.083682	3.047204	76.544200
22.500000	62.720400	14.335200	3.813642	0.521199	9.853153	15.299581	10.263617	0.074311	0.141348	11.659431	3.386066	0.030285	0.040088	6.117310	0.890157	0.037003	2.611519	79.073900
28.125000	62.720400	14.760899	4.422422	0.302071	8.446686	15.269950	11.851809	0.088601	0.121728	11.230283	4.388799	0.092599	0.039765	6.363829	1.265016	0.030662	2.344327	81.019500
33.750000	62.720400	14.954974	5.635030	0.252656	7.550842	14.612967	12.598478	0.127233	0.096869	10.456674	5.919820	0.128946	0.074246	6.419902	1.659398	0.040315	2.015779	82.544100
39.375000	62.720400	15.026112	6.960033	0.228868	6.005842	14.343004	13.655825	0.132646	0.098592	9.441388	7.413349	0.100546	0.050490	6.416611	2.109412	0.057246	1.985220	84.025300
45.000000	62.720400	14.983135	8.412259	0.047135	4.838892	14.147911	14.375124	0.145980	0.155754	8.738658	8.761368	0.044648	0.036292	6.496537	2.168008	0.045229	2.162670	85.559700
50.625000	62.720400	15.111274	9.960584	0.194423	3.480163	13.470345	14.191567	0.123857	0.164978	7.648298	9.395222	0.081516	0.122319	6.423895	2.014931	0.058926	2.221989	84.664300
56.250000	62.720400	14.648593	11.144012	0.248616	2.337541	13.075296	15.385083	0.162019	0.130005	6.014991	10.611131	0.084485	0.216808	6.594683	2.235652	0.075710	1.679179	84.643700
61.875000	62.720400	14.592949	11.946472	0.416119	2.233005	11.629686	15.635028	0.149032	0.140108	4.522073	11.100175	0.039786	0.290189	6.395632	2.363022	0.058758	1.352712	82.864800
67.500000	62.720400	14.043862	12.000193	0.580138	2.360183	10.506528	15.594426	0.147447	0.071528	3.238452	11.405527	0.035632	0.216785	5.592211	2.543514	0.058395	0.880997	79.275900
73.125000	62.720400	13.904186	12.398635	1.360889	2.632714	7.939082	15.606188	0.537167	0.123935	2.201790	12.099266	0.079269	0.215593	5.615271	3.124970	0.053966	0.540864	78.433800
78.750000	62.720400	13.518298	12.462987	1.837730	2.327769	5.806689	15.312022	1.849006	0.087625	1.388326	12.062849	0.057761	0.122265	4.693845	3.171815	0.106488	0.340354	75.145800
84.375000	62.720400	13.301265	13.288711	1.742909	1.788612	4.770864	14.855901	3.238293	0.243029	0.698524	12.163618	0.087431	0.262204	4.148275	3.511288	0.117776	0.352665	74.571400
90.000000	62.720400	13.126303	13.005854	1.792401	1.580705	4.184884	15.072369	4.168440	0.289660	0.307646	11.566691	0.301385	0.183404	3.793477	3.886624	0.073811	0.093440	73.427100
95.625000	62.720400	13.186923	13.257383	2.113699	1.659511	2.929300	14.778316	4.676767	0.291274	0.175981	12.099040	0.482809	0.267430	3.577156	4.488200	0.317641	0.120345	74.421700
101.250000	62.720400	12.395807	13.574395	2.466596	1.452939	2.045173	15.560045	5.988334	0.102164	0.117236	11.865833	1.128596	0.040846	3.297036	4.909216	0.279448	0.078608	75.302300
106.875000	62.720400	12.598025	13.994099	2.942827	0.994929	0.544558	15.631861	7.844759	0.111604	0.093541	11.737920	2.157026	0.042974	3.055483	5.508349	0.551273	0.084303	77.893500
112.500000	62.720400	12.060361	14.645539	3.660011	0.506117	0.188753	15.752875	10.366841	0.048032	0.030605	11.812112	3.054850	0.052803	2.587780	5.939374	0.863398	0.041835	81.611300
118.125000	62.720400	12.108427	14.661034	4.512233	0.410563	0.128386	15.747786	11.783498	0.137929	0.029558	11.322174	4.297393	0.070733	2.490335	6.197304	1.404952	0.056297	85.358500
123.750000	62.720400	11.084907	14.421833	5.598985	0.213077	0.109344	15.254908	12.383253	0.098722	0.102338	10.294414	5.855094	0.137224	2.169603	6.603471	1.836079	0.059387	86.222600
129.375000	62.720400	9.856987	14.986302	6.773388	0.180666	0.116462	14.998064	13.294366	0.149889	0.044323	9.446342	7.053214	0.114813	2.058270	6.637004	1.972983	0.031314	87.714500
135.000000	62.720400	8.392309	14.510275	8.453800	0.065416	0.151581	13.658313	13.925675	0.132826	0.057456	8.314577	8.459794	0.051346	2.110023	6.675491	2.149686	0.056315	87.165000
140.625000	62.720400	6.854569	15.078137	9.832999	0.178402	0.178474	13.082874	14.872639	0.077862	0.219883	6.967655	9.448740	0.052265	2.158802	6.703098	1.843215	0.069564	87.619200
146.250000	62.720400	5.504707	14.949884	11.141920	0.229428	0.164483	12.258281	15.433489	0.094240	0.260766	5.956000	10.392084	0.070718	1.730412	6.601130	2.032076	0.057575	86.877200
151.875000	62.720400	4.448593	14.389487	11.723104	0.384844	0.126537	12.132969	15.411435	0.151088	0.222723	4.325362	11.331448	0.021382	1.411195	6.358491	2.407028	0.055851	84.901500
157.500000	62.720400	3.684214	14.620997	12.333491	0.537618	0.062427	10.384778	15.620212	0.152701	0.088090	3.240996	11.570197	0.007042	0.878435	6.098751	2.746094	0.074578	82.100600
163.125000	62.720400	3.105619	13.875799	12.310193	1.311601	0.118171	8.120751	15.200960	0.540956	0.124899	2.421109	11.962192	0.038917	0.583820	5.509458	2.894251	0.054929	78.173600
168.750000	62.720400	2.594894	13.852162	12.728992	1.696878	0.098231	6.300460	14.982570	2.008382	0.076671	1.236844	11.778861	0.024219	0.309873	4.872448	3.201684	0.062937	75.826000
174.375000	62.720400	2.088908	13.281586	12.950550	1.705802	0.242718	5.139607	15.371172	3.048301	0.227345	0.608847	11.987073	0.091863	0.315414	4.179252	3.574441	0.112045	74.924900
180.000000	62.720400	1.829067	12.868780	13.152202	1.688611	0.274097	4.353818	15.105846	4.250209	0.201193	0.237507	11.763367	0.213884	0.125894	3.915543	3.988694	0.082791	74.051500
185.625000	62.720400	1.769204	13.066361	13.451571	2.147594	0.256967	2.814088	14.925682	4.863468	0.227654	0.083328	12.113743	0.513843	0.100824	3.582177	4.180711	0.321018	74.418100
191.250000	62.720400	1.737526	12.417861	13.836328	2.507119	0.137544	2.087494	14.838823	5.913894	0.085002	0.085700	11.511499	1.255437	0.072583	3.062755	4.916364	0.332161	74.798100
196.875000	62.720400	1.233677	11.972032	14.190323	3.210528	0.096187	0.561103	15.264182	8.473162	0.166505	0.060922	11.657960	2.283447	0.076258	2.910549	5.360723	0.645345	78.162800
202.500000	62.720400	0.482132	12.074158	14.107083	3.652705	0.077918	0.177786	15.792799	10.532834	0.232526	0.037206	11.903947	3.200564	0.076277	2.613578	5.780936	0.889727	81.632100
208.125000	62.720400	0.385846	11.652305	14.145649	4.645281	0.125762	0.131406	15.772668	11.980514	0.248245	0.038953	10.889373	4.290166	0.052833	2.460953	6.266803	1.347510	84.434400
213.750000	62.720400	0.288203	10.727588	14.512989	5.475302	0.124196	0.090017	14.976462	12.468755	0.245428	0.063097	10.524205	5.885178	0.047690	2.189259	6.650689	1.769962	86.039000
219.375000	62.720400	0.205188	10.036269	14.576889	7.033478	0.140546	0.168309	14.851150	13.005628	0.163022	0.068825	9.207876	7.169783	0.040227	2.043386	6.676746	2.080471	87.467900
225.000000	62.720400	0.084552	8.441404	15.030410	8.425141	0.143619	0.144872	14.068517	13.997266	0.048786	0.049342	8.331134	8.602014	0.029637	2.122373	6.325500	2.206552	88.051200
230.625000	62.720400	0.224954	6.844594	14.762708	10.158550	0.111913	0.135252	13.256930	14.400684	0.074019	0.101983	7.240209	9.404281	0.056103	2.069885	6.711592	2.072102	87.625700
236.250000	62.720400	0.218134	5.409988	14.691457	11.048083	0.100913	0.130104	12.487755	15.151537	0.109447	0.149140	5.839713	10.388386	0.053575	1.782844	6.460142	2.278459	86.299700
241.875000	62.720400	0.410373	4.477987	14.589443	11.749117	0.080693	0.120619	11.758391	15.488341	0.028745	0.085059	4.331956	10.947992	0.054950	1.348697	5.959461	2.353261	83.785100
247.500000	62.720400	0.570303	4.011789	14.039564	11.842196	0.131781	0.074278	10.564230	15.530979	0.062596	0.045699	3.242105	11.849886	0.044254	0.900893	6.145721	2.791536	81.847800
253.125000	62.720400	1.250506	3.274586	14.095773	12.188387	0.508236	0.076148	8.149364	15.004058	0.072620	0.053967	2.247549	11.739730	0.054538	0.546960	5.710782	3.067132	78.040300
258.750000	62.720400	1.677957	2.674718	13.571454	12.833946	1.946111	0.099324	5.699902	15.132650	0.096415	0.052418	1.313298	11.907340	0.102371	0.351604	4.936043	3.094875	75.490600
264.375000	62.720400	1.656039	2.001823	13.233519	12.713271	3.039547	0.254821	4.950700	15.035047	0.196978	0.269952	0.598326	12.067825	0.092829	0.303489	4.163939	3.593329	74.171300
270.000000	62.720400	1.590895	1.778784	12.958014	13.593169	4.071538	0.292967	4.288934	15.118626	0.436609	0.150056	0.258590	11.950317	0.123572	0.112795	3.890978	4.010703	74.626500
275.625000	62.720400	1.902003	1.759059	13.160119	12.885971	4.679911	0.293724	2.927004	14.934051	0.736669	0.236363	0.088422	11.987073	0.322661	0.107901	3.590671	4.184579	73.796200
281.250000	62.720400	2.227769	1.916593	12.228989	13.842096	6.083935	0.113002	1.909615	15.738173	1.400609	0.063320	0.059952	12.274115	0.344411	0.109281	3.121894	5.094673	76.528400
286.875000	62.720400	2.417704	1.251886	12.462987	14.179126	8.168896	0.065244	0.609381	15.721548	2.110883	0.143475	0.079271	11.810189	0.600166	0.076976	3.064689	5.458620	78.221000
292.500000	62.720400	2.310330	0.545401	11.963436	14.539002	10.111038	0.077588	0.185405	15.699720	2.997769	0.100404	0.044375	11.961287	0.863980	0.068725	2.813398	5.917626	80.199600
298.125000	62.720400	1.781724	0.437677	11.417289	14.461530	11.807814	0.119925	0.166709	15.743375	4.378518	0.256470	0.035924	11.144340	1.393981	0.063783	2.423665	6.227648	81.860400
303.750000	62.720400	2.200456	0.240011	11.205526	14.756714	12.667693	0.170057	0.115809	14.998969	5.992564	0.249881	0.061304	10.397762	1.631293	0.043516	2.128526	6.438541	83.298600
309.375000	62.720400	3.273501	0.204723	9.902045	14.801048	13.289276	0.125638	0.113957	14.676302	7.035073	0.232433	0.038926	9.411621	1.981058	0.052276	2.151914	6.558718	83.848500
315.000000	62.720400	4.760708	0.048238	8.540138	14.902270	14.295164	0.133977	0.162013	14.333052	8.496969	0.053096	0.050519	8.524915	2.134814	0.027887	1.993804	6.682356	85.139900
320.625000	62.720400	6.342815	0.229154	7.027054	15.026112	14.562074	0.115581	0.162951	13.123136	9.419289	0.062522	0.127939	7.292550	2.134791	0.054762	2.130652	6.376790	84.188100
326.250000	62.720400	7.591319	0.198551	5.352230	14.877841	15.151537	0.095365	0.123106	12.952472	10.396552	0.062540	0.091252	6.002438	2.215079	0.049627	1.795759	6.475942	83.431600
331.875000	62.720400	8.924409	0.372814	4.549725	14.651421	15.205371	0.095287	0.163220	11.965359	11.051227	0.012126	0.107592	4.370511	2.388322	0.058414	1.303107	6.374743	81.593600
337.500000	62.720400	9.977266	0.626206	3.744732	14.569199	15.676535	0.173314	0.071641	10.630697	11.417628	0.033207	0.069839	3.193982	2.449439	0.055265	0.857821	5.801780	79.348500
343.125000	62.720400	10.692041	1.120441	3.269949	14.367546	15.281146	0.588628	0.074967	8.189220	12.099266	0.097205	0.057267	2.214095	2.924686	0.076964	0.637132	5.679669	77.370300
348.750000	62.720400	12.129915	1.615120	2.496703	13.716219	15.308177	1.891429	0.085062	6.159711	11.940477	0.077796	0.030425	1.434244	3.103956	0.067528	0.315684	5.054569	75.427100
354.375000	62.720400	13.052337	1.569056	2.035978	13.311896	15.280355	2.920818	0.084036	4.761375	11.939912	0.139688	0.236605	0.777060	3.382312	0.123971	0.364034	4.160885	74.140400
2.812500	65.375700	12.852381	1.969488	1.909547	12.520893	14.717809	4.316575	0.084272	3.349762	12.509357	0.559386	0.246822	0.312443	4.423373	0.157174	0.108317	4.196544	74.234100
8.437500	65.375700	13.399320	1.952320	2.122057	11.640317	15.244051	5.516549	0.165923	2.290685	12.754891	1.253198	0.141170	0.099593	5.089629	0.285247	0.105968	3.694381	75.755400
14.062500	65.375700	14.108440	2.660151	1.620436	10.768416	15.332153	6.704399	0.074638	0.993675	12.693593	2.204041	0.021574	0.054199	5.895493	0.527489	0.090516	3.144185	76.893400
19.687500	65.375700	13.732165	3.442762	0.964286	9.881235	15.321748	9.362887	0.118200	0.177390	12.614877	3.301436	0.028602	0.062974	6.386833	0.732931	0.067619	2.776845	78.972800
25.312500	65.375700	14.286795	3.591643	0.372528	8.984249	15.705261	11.546446	0.088000	0.145171	12.300692	4.225825	0.083339	0.043649	6.591573	1.041263	0.070784	2.579388	81.656700
30.937500	65.375700	14.581413	4.298174	0.151218	7.597302	15.193609	12.337223	0.119925	0.136131	11.674359	5.937361	0.065466	0.076675	7.009422	1.350574	0.029339	2.380914	82.939100
36.562500	65.375700	14.421267	5.670248	0.190399	6.334910	15.428852	12.999295	0.110704	0.098883	10.955795	7.496680	0.274920	0.055053	7.018583	2.029215	0.080276	2.040016	85.205200
42.187500	65.375700	14.520793	6.966988	0.165930	5.020979	14.474536	13.887448	0.122374	0.149128	10.113198	9.078889	0.178305	0.058840	7.094279	1.963901	0.083858	1.872304	85.751800
47.812500	65.375700	14.470012	8.695070	0.128026	3.515156	13.915383	14.674832	0.137368	0.108670	9.076819	9.874822	0.064247	0.252478	6.915065	1.894708	0.087153	1.908721	85.718500
53.437500	65.375700	14.710797	10.175299	0.202020	2.230189	13.144964	14.776619	0.107120	0.142053	7.495888	10.883051	0.058914	0.382615	7.027767	1.918052	0.075277	1.784687	85.115300
59.062500	65.375700	14.332825	10.853137	0.219834	1.958020	12.214173	14.834864	0.092182	0.162988	6.014641	11.775581	0.055655	0.264661	7.184067	2.240933	0.051720	1.463287	83.718500
64.687500	65.375700	14.311111	11.662597	0.323600	2.165735	11.006757	15.970927	0.120109	0.119367	4.371438	12.213607	0.024422	0.243167	6.390599	2.691999	0.071611	1.000713	82.687900
70.312500	65.375700	13.723457	11.863119	0.986430	2.346069	9.322455	15.743262	0.192781	0.101236	3.097826	12.088861	0.050745	0.204272	6.176313	3.038416	0.061906	0.800450	79.797500
75.937500	65.375700	13.349444	12.279091	1.758008	2.383526	7.294043	15.219169	0.960357	0.076841	2.053158	12.689182	0.064513	0.111638	6.149260	3.321759	0.079655	0.492200	78.281900
81.562500	65.375700	13.223227	12.515351	2.266946	2.140797	5.150204	15.179698	2.215939	0.221690	1.243867	13.014902	0.021764	0.238615	5.281227	3.707003	0.102917	0.236777	76.761000
87.187500	65.375700	12.847405	13.112505	1.923265	1.794527	4.077351	15.254456	3.470471	0.246316	0.601299	12.258507	0.131834	0.289910	4.732682	3.950874	0.081443	0.200855	74.973700
92.812500	65.375700	13.244377	12.894906	1.969262	1.866366	3.479191	14.865401	4.526382	0.346614	0.223031	12.511393	0.594219	0.254226	4.035777	4.496354	0.109702	0.110606	75.527800
98.437500	65.375700	12.377033	12.973735	2.168562	2.090864	2.088150	15.562759	5.197592	0.169304	0.053553	12.807934	1.134434	0.148421	3.660293	5.002646	0.244003	0.105841	75.785100
104.062000	65.375700	11.937763	13.777065	2.587441	1.420389	0.945194	15.512431	7.461348	0.089892	0.112864	12.387551	2.022486	0.037915	3.403336	5.890584	0.504349	0.060231	78.150900
109.688000	65.375700	11.820255	13.936872	3.074404	0.866577	0.162821	15.462555	9.542203	0.072388	0.048614	12.464231	3.097600	0.020635	2.850630	6.325048	0.739341	0.052893	80.537000
115.312000	65.375700	11.653663	14.192924	3.787618	0.326664	0.137043	15.679362	11.157324	0.104811	0.044400	12.612049	4.142597	0.070276	2.642938	6.573183	1.004892	0.064570	84.194300
120.938000	65.375700	10.980292	14.327170	4.170713	0.273981	0.110206	15.158323	12.245275	0.091191	0.086432	12.167690	6.109190	0.075292	2.303849	6.863923	1.504489	0.083897	86.551900
126.562000	65.375700	10.125853	14.521132	5.383614	0.178405	0.107362	14.830001	13.165774	0.120909	0.067172	10.983007	7.704971	0.294475	1.992877	6.873785	1.767824	0.065786	88.183000
132.188000	65.375700	8.466376	14.616134	6.886282	0.185380	0.157988	14.422964	13.829881	0.120780	0.100931	9.740813	8.787448	0.182889	1.829383	7.136306	1.936758	0.085170	88.485500
137.812000	65.375700	6.986972	14.534591	8.435727	0.180045	0.090149	13.951348	14.010385	0.153067	0.159633	9.086036	9.705889	0.064322	2.026297	7.082698	1.818639	0.074897	88.360600
143.437000	65.375700	5.617443	14.581187	9.895972	0.155737	0.152222	12.944103	15.134346	0.090956	0.417929	7.478256	10.789780	0.060655	1.820369	6.823049	2.134814	0.091037	88.187900
149.062000	65.375700	4.353490	14.498061	11.059438	0.228386	0.124268	12.334961	14.977480	0.105494	0.244790	5.823122	11.722539	0.063519	1.522516	6.936588	2.293184	0.067641	86.355400
154.688000	65.375700	3.733728	14.178674	11.438778	0.396129	0.151082	11.105887	16.060613	0.159136	0.119847	4.375962	12.336318	0.031340	0.978549	6.426496	2.509291	0.055463	84.057200
160.312000	65.375700	3.112744	14.105387	12.074272	0.970075	0.095880	9.403523	15.501686	0.166689	0.152536	3.126904	12.673009	0.038129	0.747244	6.332003	2.886459	0.069297	81.455900
165.938000	65.375700	2.755809	13.613187	11.896483	1.655315	0.124000	7.129283	15.305689	0.930163	0.103715	2.050104	12.534125	0.046934	0.510785	5.541340	3.287909	0.070528	77.555300
171.562000	65.375700	2.230076	13.109904	12.569412	2.251463	0.235362	5.127686	15.244390	2.185617	0.251163	1.256896	12.388004	0.036565	0.283256	5.203348	3.502206	0.088665	75.964000
177.188000	65.375700	1.971185	13.096785	12.812910	1.933207	0.251556	4.272874	15.401595	3.446065	0.245240	0.554375	12.340276	0.129300	0.140926	4.597011	4.009662	0.108559	75.311500
182.812000	65.375700	1.923910	13.119291	12.517161	1.962171	0.279583	3.480661	15.318242	4.206791	0.270646	0.123760	12.618157	0.523077	0.092830	4.064696	4.545868	0.130091	75.176900
188.438000	65.375700	2.223166	12.600966	13.153333	2.162229	0.189018	1.981793	15.226860	5.196257	0.214011	0.049246	12.278073	1.157076	0.133086	3.812579	5.304095	0.243025	75.924700
194.062000	65.375700	1.668016	12.483797	13.346390	2.576934	0.105053	0.865576	15.515032	7.070811	0.099291	0.060953	12.957788	1.978412	0.076757	3.329914	5.857288	0.499881	78.491900
199.687000	65.375700	1.082424	11.721747	13.674260	3.128759	0.121817	0.192298	15.831026	9.211676	0.167903	0.019202	12.326818	3.089785	0.088969	2.928214	6.314462	0.691061	80.590500
205.312000	65.375700	0.292374	11.697318	14.449881	3.629746	0.110671	0.158247	15.837698	11.227625	0.230771	0.026459	12.423177	4.277907	0.064617	2.557855	6.527085	1.021267	84.532700
210.938000	65.375700	0.224747	10.921391	14.370261	4.367491	0.129267	0.147266	15.702660	12.279656	0.263020	0.067232	11.979722	5.957097	0.059347	2.235143	6.907420	1.434029	87.045800
216.562000	65.375700	0.167278	10.234970	14.333278	5.415214	0.137637	0.119638	14.827061	13.160798	0.364930	0.071620	10.690017	7.516585	0.068818	2.059344	7.088138	1.909388	88.164700
222.188000	65.375700	0.169392	8.440805	14.757732	6.971580	0.127517	0.162550	14.389148	13.819250	0.200959	0.068090	9.832434	8.910057	0.058916	1.789822	6.701707	2.055635	88.455600
227.812000	65.375700	0.154583	6.834698	14.721541	8.456480	0.152831	0.117120	13.879757	14.373427	0.065875	0.142474	9.021514	9.941855	0.063492	1.814183	7.253113	1.774870	88.767800
233.438000	65.375700	0.184923	5.413223	14.187608	9.883293	0.120822	0.123332	12.921710	14.815185	0.072887	0.306392	7.492913	10.857729	0.068066	1.896710	6.570978	1.952264	86.868000
239.062000	65.375700	0.161798	4.408184	14.486185	10.958951	0.112581	0.166567	12.514899	15.081982	0.045853	0.105026	6.017830	11.430182	0.061745	1.615313	6.670040	2.323675	86.160800
244.687000	65.375700	0.418745	3.837132	13.950330	11.280532	0.162422	0.062646	11.587727	15.660927	0.041215	0.051688	4.244204	12.367872	0.064969	1.025706	6.583532	2.566314	83.905900
250.312000	65.375700	0.979793	3.169621	13.917193	12.000080	0.214324	0.086068	9.649476	15.527472	0.067499	0.016611	3.225807	12.717795	0.049920	0.707769	6.234298	2.922424	81.486200
255.937000	65.375700	1.387885	2.708591	13.448291	12.274115	0.980806	0.073929	7.059309	15.466513	0.059620	0.034527	2.182507	12.574614	0.083740	0.509545	5.910727	3.379043	78.133600
261.562000	65.375700	1.880311	2.294541	13.242341	12.953264	2.096191	0.258441	5.624738	15.133894	0.136497	0.161673	1.142441	12.600966	0.120558	0.313195	5.282007	3.561955	76.803000
267.188000	65.375700	1.909739	1.946620	13.177762	13.049284	3.617181	0.304214	4.183335	15.061964	0.300315	0.233233	0.494048	12.463666	0.123682	0.136021	4.473870	4.275283	75.750200
272.812000	65.375700	1.740986	1.912691	12.822863	12.722772	4.098636	0.304900	3.518707	15.468096	0.614813	0.243278	0.140520	12.758737	0.169648	0.099639	4.096114	4.579232	75.291700
278.438000	65.375700	2.088263	2.159039	12.645865	13.211239	5.265473	0.179537	2.287778	15.611956	1.161193	0.182006	0.055428	12.655818	0.268416	0.092974	3.532833	5.205622	76.603500
284.062000	65.375700	2.258916	1.791303	12.155928	13.655598	7.095365	0.142419	0.929607	15.167823	2.165622	0.099312	0.071001	12.860750	0.518071	0.095504	3.269655	5.791760	78.068600
289.688000	65.375700	2.327079	0.940908	12.053914	13.831691	9.297200	0.105627	0.214892	15.495805	3.148483	0.128014	0.083296	12.556405	0.773148	0.072862	2.888031	5.973292	79.890600
295.312000	65.375700	1.930424	0.363359	11.376122	14.096791	11.191094	0.103209	0.127044	15.699607	4.275645	0.169986	0.023772	12.436635	0.944087	0.066180	2.762810	6.552011	82.118700
300.938000	65.375700	1.859139	0.202154	10.852368	14.072588	11.882232	0.138393	0.138809	15.057779	6.009189	0.267674	0.041651	12.024056	1.430862	0.036824	2.168845	6.639040	82.821500
306.562000	65.375700	2.493389	0.145984	9.859136	14.563883	13.015694	0.112231	0.125690	14.671891	7.433447	0.309956	0.067010	11.374878	1.887787	0.100946	2.005555	6.939098	85.106700
312.187000	65.375700	3.700104	0.117987	8.323489	14.790870	14.078469	0.120493	0.168235	14.091815	8.843284	0.189579	0.055983	9.757269	1.829248	0.038819	1.781996	7.256483	85.144000
317.812000	65.375700	4.903516	0.159209	7.089190	14.497156	14.537305	0.171591	0.116953	13.991724	9.537973	0.081272	0.165317	8.974477	1.739731	0.073454	1.994698	7.117713	85.151300
323.438000	65.375700	6.671601	0.151157	5.492538	14.520001	14.584128	0.073114	0.152070	13.074957	11.219799	0.035340	0.314653	7.646500	2.159922	0.054041	1.960486	6.937764	85.048000
329.062000	65.375700	7.897824	0.146521	4.352246	14.933146	15.273456	0.102942	0.134916	12.021003	11.988431	0.061954	0.098643	6.108161	2.249540	0.083836	1.420932	6.802002	83.675700
334.688000	65.375700	9.038343	0.380919	3.921967	14.336784	15.733875	0.127501	0.100509	11.006712	12.509583	0.025982	0.085531	4.551003	2.553229	0.056876	1.038641	6.495112	81.962500
340.312000	65.375700	9.961930	0.855224	3.255733	13.723004	15.372303	0.232634	0.074666	9.437577	12.621550	0.073978	0.053988	3.185092	3.063377	0.061426	0.701382	6.097123	78.771000
345.938000	65.375700	11.172433	1.511523	2.684410	13.812917	15.506889	0.892057	0.077072	7.192436	12.890721	0.110041	0.030161	2.276593	3.189628	0.080062	0.476652	5.796827	77.700500
351.562000	65.375700	11.770492	2.232609	2.092911	13.205019	15.531318	2.258882	0.086925	5.393442	12.800809	0.057434	0.156407	1.305630	3.355225	0.092936	0.316459	5.391735	76.048200
357.187000	65.375700	13.054599	1.839686	1.889144	12.952359	15.060041	3.383239	0.063316	4.465343	12.854756	0.183937	0.172774	0.701298	4.156655	0.076344	0.198862	4.753413	75.805700
0.000000	67.975700	12.896150	2.396691	2.435947	12.392301	15.518990	3.833547	0.059513	3.778978	13.245847	0.558826	0.046195	0.624656	4.903765	0.108962	0.127425	4.846741	77.774500
5.625000	67.975700	12.622002	2.226547	2.409607	12.075289	15.452376	4.837139	0.058934	2.505785	13.535715	1.045729	0.060811	0.203767	5.573776	0.205192	0.097737	4.012196	76.922600
11.250000	67.975700	12.839488	2.304618	2.216018	11.114946	15.720530	5.923541	0.075327	1.158366	13.391516	1.879361	0.044716	0.079785	6.080848	0.323855	0.039836	3.501256	76.694100
16.875000	67.975700	13.257157	2.662334	1.395056	9.731404	15.451132	8.472076	0.088234	0.220539	12.840958	3.161919	0.014009	0.056105	6.524879	0.598984	0.072737	3.386892	77.934300
22.500000	67.975700	13.460619	3.104341	0.573893	9.077113	16.103477	10.759006	0.143967	0.153260	13.407124	4.250888	0.071353	0.021063	6.781169	0.851525	0.112194	2.852066	81.723100
28.125000	67.975700	14.437440	3.571897	0.156590	7.884106	15.598724	12.061718	0.192575	0.115682	12.805898	6.037430	0.050456	0.018130	6.967169	1.174923	0.085032	2.620386	83.778100
33.750000	67.975700	14.024861	4.438256	0.139097	6.504838	14.864383	12.924085	0.164155	0.143575	12.043622	7.538378	0.152235	0.037857	7.303747	1.642139	0.090599	2.163337	84.175100
39.375000	67.975700	14.318914	5.668314	0.143766	5.231543	14.597021	13.823887	0.092651	0.189128	11.364699	8.933174	0.460068	0.087806	7.435686	1.884993	0.070728	1.794730	86.097100
45.000000	67.975700	13.804887	7.426876	0.024816	3.830663	14.160465	14.174602	0.114277	0.129684	10.264499	10.508088	0.257670	0.284430	7.549688	1.612926	0.090563	1.670391	85.904600
50.625000	67.975700	14.208531	8.672790	0.172911	2.626618	13.572698	14.753887	0.146267	0.080869	9.048579	11.577435	0.058046	0.523584	7.699599	1.782640	0.098723	1.776657	86.799700
56.250000	67.975700	14.821293	9.924823	0.208383	2.007150	12.875001	14.976575	0.137054	0.112108	7.602663	12.102207	0.050191	0.243293	7.351587	2.077281	0.087091	1.615347	86.192000
61.875000	67.975700	14.285211	11.256001	0.215070	2.081839	11.814374	15.766334	0.083071	0.184702	5.767930	12.868667	0.059493	0.195774	7.025256	2.545154	0.091300	1.107753	85.347900
67.500000	67.975700	13.912103	11.646877	0.622100	2.525633	10.431442	16.172580	0.182245	0.162771	4.229886	13.186471	0.015724	0.130753	6.687061	2.972017	0.073407	0.768329	83.719400
73.125000	67.975700	13.789619	11.276641	1.490001	2.316233	8.122096	15.620212	0.254242	0.105636	3.179053	13.255234	0.037674	0.081172	6.568490	3.262711	0.090959	0.551174	80.001100
78.750000	67.975700	12.899090	11.630817	2.194473	2.205489	5.866189	15.436203	1.323295	0.102793	2.033875	12.799225	0.063407	0.065410	6.217775	3.806879	0.096073	0.324886	77.065800
84.375000	67.975700	12.819583	12.166672	2.551114	1.972384	4.927244	15.138983	2.628733	0.251921	1.127936	13.547251	0.085239	0.094902	5.531591	4.112649	0.088996	0.224705	77.269900
90.000000	67.975700	12.767332	12.821619	2.425056	2.198216	3.468944	15.322879	3.672587	0.281577	0.587290	13.498167	0.587760	0.053579	4.643381	4.685442	0.117708	0.094824	77.226300
95.625000	67.975700	12.504381	12.930984	2.164050	2.339984	2.616258	15.550318	4.980354	0.259360	0.131864	13.562406	1.040813	0.076577	4.085460	5.583412	0.225638	0.090584	78.142500
101.250000	67.975700	11.676961	13.066588	2.412626	1.852059	1.301513	16.040482	6.058432	0.118795	0.075804	13.347861	1.980346	0.049425	3.634813	6.182081	0.341847	0.072235	78.211900
106.875000	67.975700	11.561262	13.335646	2.650583	1.088327	0.279776	15.905557	8.579903	0.078936	0.089372	13.422052	3.061884	0.041605	3.263118	6.393686	0.585520	0.117475	80.454700
112.500000	67.975700	11.562845	13.720629	3.086415	0.496124	0.172814	15.867895	10.480753	0.162071	0.035091	12.916734	4.157130	0.037949	3.173466	6.862848	0.787523	0.068854	83.589100
118.125000	67.975700	10.585831	14.216222	3.970158	0.211402	0.102316	15.473751	12.140207	0.120182	0.071757	12.844238	6.033437	0.059242	2.444678	6.800905	1.114557	0.064812	86.253800
123.750000	67.975700	10.143508	13.844584	4.472536	0.163370	0.113583	14.956896	12.889251	0.151921	0.065387	12.101980	7.484250	0.087073	2.246339	7.342664	1.713312	0.081513	87.858200
129.375000	67.975700	8.603235	14.034814	5.496949	0.125259	0.123009	14.687612	13.570662	0.099515	0.078920	11.477344	8.874804	0.449357	1.861740	7.381558	1.781159	0.127080	88.773000
135.000000	67.975700	7.068108	14.317670	6.875979	0.015934	0.138829	13.942300	14.337689	0.147788	0.273834	10.241676	10.267881	0.287620	1.567540	7.270179	1.630309	0.129285	88.512600
140.625000	67.975700	5.533593	14.255127	8.153605	0.110496	0.111402	13.813143	15.076667	0.120973	0.554689	9.085369	11.113329	0.055420	1.818673	7.548716	2.030900	0.092019	89.474100
146.250000	67.975700	4.548469	14.334635	10.069146	0.168979	0.128671	12.646431	15.455316	0.097080	0.182409	7.425032	12.292776	0.040201	1.578172	7.086181	2.073278	0.088979	88.215800
151.875000	67.975700	3.567192	13.936080	10.815951	0.198248	0.161142	11.767099	15.607772	0.093103	0.195416	6.219426	12.878054	0.039632	1.165355	6.821488	2.345051	0.063360	85.874300
157.500000	67.975700	3.073578	13.951122	11.357121	0.627534	0.120898	10.542029	15.996374	0.159712	0.104360	4.296896	13.255460	0.022510	0.825086	6.691110	2.944727	0.094858	84.063500
163.125000	67.975700	2.765920	13.358718	11.977800	1.360086	0.070884	8.049330	15.663189	0.220120	0.096043	3.155359	13.229222	0.034096	0.594267	6.378825	3.446811	0.096431	80.497100
168.750000	67.975700	2.459211	12.791987	12.243804	2.221198	0.118151	6.058986	15.672689	1.295767	0.048373	2.044845	13.552228	0.024681	0.336638	6.013951	3.744574	0.114061	78.741100
174.375000	67.975700	2.210069	12.588186	12.419218	2.481435	0.216667	5.089618	15.693160	2.579298	0.070686	1.109940	12.949871	0.085765	0.224291	5.588038	4.188277	0.060092	77.554600
180.000000	67.975700	2.202842	12.477124	12.677759	2.249020	0.204292	3.756833	15.230253	3.960940	0.056043	0.540275	13.735219	0.545212	0.120863	4.899682	4.761522	0.148567	77.566500
185.625000	67.975700	2.556283	12.324104	12.465475	2.133185	0.267626	2.601476	15.623831	5.052171	0.076741	0.079358	13.444672	1.077354	0.103524	4.166257	5.485831	0.176979	77.634800
191.250000	67.975700	2.066662	11.912316	12.717004	2.434081	0.131045	1.286663	16.061518	5.977217	0.043678	0.044427	13.783625	1.988387	0.071534	3.546325	5.964018	0.400446	78.428800
196.875000	67.975700	1.412721	11.597001	13.325807	2.861102	0.116716	0.269684	15.647808	8.392885	0.104916	0.025967	13.505292	2.958197	0.098721	3.512905	6.377265	0.542237	80.749200
202.500000	67.975700	0.595332	11.320817	13.680480	3.136619	0.185259	0.190453	16.067173	10.460429	0.159218	0.011432	13.463785	4.299022	0.084553	3.102497	6.800136	0.803796	84.361000
208.125000	67.975700	0.235911	10.842687	14.050195	3.612759	0.177278	0.131402	15.173139	11.632853	0.180512	0.023794	12.591692	5.987203	0.068282	2.484624	7.060667	1.084023	85.337100
213.750000	67.975700	0.160128	9.857010	14.257503	4.369991	0.138681	0.109786	14.961647	12.990925	0.223956	0.042289	12.540346	7.581084	0.075182	2.153023	7.331569	1.706571	88.499600
219.375000	67.975700	0.138851	8.714489	14.465602	5.783085	0.110761	0.122032	14.560377	13.614318	0.501898	0.056978	11.596661	9.210443	0.082758	1.868538	7.423042	1.866344	90.116100
225.000000	67.975700	0.038030	6.781429	14.384058	6.914036	0.149474	0.163745	14.196204	14.066255	0.242726	0.287126	9.994898	10.035093	0.071460	1.799876	7.520916	1.567608	88.212900
230.625000	67.975700	0.120299	5.560679	14.453161	8.494130	0.141809	0.098184	13.376927	14.590122	0.072664	0.441422	9.012500	11.167932	0.104170	1.740217	7.543909	1.820584	88.738700
236.250000	67.975700	0.165012	4.429355	14.135697	10.279191	0.122803	0.205815	13.127095	14.869472	0.053164	0.150343	7.591512	11.928150	0.109235	1.679088	7.183468	1.991214	88.020600
241.875000	67.975700	0.214396	3.787913	14.243705	10.910432	0.111246	0.165576	11.692342	15.732970	0.040922	0.051224	6.040054	12.513089	0.069690	1.159847	7.234203	2.534161	86.501800
247.500000	67.975700	0.610706	3.031009	13.560371	11.493064	0.137704	0.119697	10.312475	15.841996	0.021727	0.045402	4.297880	13.220852	0.070106	0.694480	6.795691	3.138440	83.391600
253.125000	67.975700	1.232953	2.943641	13.308616	11.422718	0.274052	0.112151	8.383770	15.635933	0.044721	0.008664	3.102724	13.497715	0.077229	0.689219	6.280940	3.462124	80.477300
258.750000	67.975700	1.842989	2.234204	13.057766	12.055271	1.241074	0.106383	5.850503	15.944462	0.104653	0.020381	1.973990	13.372742	0.074819	0.300798	5.968282	3.971684	78.120000
264.375000	67.975700	2.536818	2.343671	12.895471	12.416165	2.476639	0.258284	5.192977	15.268480	0.169273	0.081886	1.069015	13.530174	0.095875	0.201122	5.457433	4.235914	78.229200
270.000000	67.975700	2.145309	2.291737	12.844125	12.336997	3.498971	0.222625	3.884158	15.777870	0.581714	0.071969	0.586256	13.256930	0.137109	0.130462	4.810030	4.668568	77.244900
275.625000	67.975700	2.071943	2.574514	12.617026	12.772987	4.813015	0.230872	2.618837	15.352172	1.057105	0.100005	0.076876	13.600972	0.224728	0.095201	4.293786	5.451846	77.951900
281.250000	67.975700	2.254629	2.136985	11.403944	12.702527	6.013702	0.084898	1.409804	15.959052	2.053327	0.025149	0.050389	13.223114	0.395596	0.075270	3.739269	5.730291	77.258000
286.875000	67.975700	2.229171	1.377639	11.684086	13.374552	8.042397	0.101423	0.198655	15.536068	3.237456	0.097412	0.042737	13.346730	0.610066	0.086631	3.415076	6.753234	80.133300
292.500000	67.975700	2.061798	0.660518	11.632626	14.106065	10.428230	0.095361	0.130322	15.551223	4.174536	0.151134	0.018344	13.050867	0.828352	0.048086	2.981958	6.838702	82.758100
298.125000	67.975700	1.946552	0.186577	10.595942	14.053475	11.936519	0.135893	0.125182	15.716571	5.838492	0.188455	0.034393	12.819470	1.136538	0.074658	2.640235	7.099595	84.528600
303.750000	67.975700	1.847762	0.105288	10.121035	14.545675	12.955074	0.149025	0.149492	14.896276	7.670080	0.254127	0.054094	12.306913	1.607713	0.072878	2.302639	7.222701	86.260900
309.375000	67.975700	2.557210	0.157810	8.539991	13.998962	13.442297	0.084136	0.172878	14.933146	9.396262	0.572309	0.078938	11.534458	1.674553	0.107409	1.962114	7.296520	86.509100
315.000000	67.975700	3.781692	0.019017	7.039766	14.356236	14.423303	0.126637	0.160159	14.336105	9.853673	0.308608	0.293218	9.972878	1.604987	0.069952	1.753291	7.588458	85.688000
320.625000	67.975700	5.350578	0.158504	5.674308	14.533573	14.367320	0.151213	0.110026	13.397058	11.216948	0.067757	0.549557	9.139961	2.044223	0.119186	1.753846	7.121898	85.756000
326.250000	67.975700	6.867768	0.146202	4.675365	13.756481	14.667028	0.123462	0.151711	12.618157	12.496916	0.035664	0.137155	7.898786	2.228922	0.070610	1.588791	7.082743	84.545800
331.875000	67.975700	8.269485	0.166964	3.815633	14.106178	15.219735	0.120236	0.151351	11.978704	12.948853	0.030988	0.086535	5.998615	2.397290	0.079225	1.168318	6.993656	83.531700
337.500000	67.975700	9.563873	0.556626	3.079346	13.939020	15.370606	0.172438	0.135432	10.485989	13.060028	0.035534	0.042975	4.218519	2.995858	0.056446	0.802372	6.690250	81.205300
343.125000	67.975700	10.240477	1.456106	2.700255	13.089659	15.769048	0.251898	0.106151	8.371125	13.303187	0.097530	0.035127	3.031789	3.351764	0.127008	0.612473	6.443698	78.987400
348.750000	67.975700	11.175747	2.070134	2.498173	12.728653	15.029053	1.246638	0.118458	5.681015	13.571793	0.062730	0.028628	2.017487	3.643385	0.079285	0.363337	6.071676	76.386300
354.375000	67.975700	12.002681	2.583234	2.296328	13.094183	15.217360	2.463260	0.043030	5.071624	13.159440	0.091145	0.055573	1.067940	4.152617	0.092710	0.222467	5.595264	77.209000
2.812500	70.528800	12.265067	2.829752	2.776359	11.707836	15.654028	4.612245	0.048799	2.936844	14.040582	1.014233	0.008126	0.522325	5.834047	0.087094	0.122944	5.049559	79.509800
8.437500	70.528800	12.658645	2.588368	2.543887	11.038877	16.086739	5.357172	0.128422	1.747105	13.915044	1.898101	0.035256	0.117790	6.327943	0.277968	0.088791	4.161360	78.971500
14.062500	70.528800	12.812571	2.468643	1.782504	9.996289	15.726976	7.098407	0.099263	0.413845	14.177995	3.068534	0.010498	0.056650	6.769396	0.454156	0.093961	3.640456	78.670100
19.687500	70.528800	13.274460	2.749408	1.044004	9.171900	15.793704	9.528598	0.121188	0.220678	13.848316	4.209223	0.059092	0.042131	6.963392	0.603768	0.103234	3.422167	81.155200
25.312500	70.528800	13.836667	3.242139	0.272506	8.040542	15.590355	11.185847	1.024050	0.119251	13.887109	5.850672	0.089744	0.055530	7.542540	0.854542	0.109614	2.882512	84.583500
30.937500	70.528800	14.229907	3.584812	0.101489	6.827969	15.523514	12.637722	1.005205	0.125013	13.123362	8.108547	0.050042	0.054059	7.509233	1.303616	0.091876	2.359584	86.636100
36.562500	70.528800	13.989801	4.523543	0.133870	5.467838	14.961194	13.328069	0.254864	0.090234	12.525982	9.066878	0.186785	0.095336	7.825781	1.702409	0.071060	1.921026	86.144700
42.187500	70.528800	13.629247	5.808804	0.092933	4.115770	14.332712	13.934949	0.120524	0.256463	11.355425	10.341530	0.570592	0.283472	7.767921	1.553788	0.058018	1.605937	85.828000
47.812500	70.528800	13.650961	6.841167	0.144895	2.797598	14.677546	14.826156	0.238219	0.098351	10.044050	11.360854	0.279674	0.499783	7.821789	1.571024	0.120303	1.415289	86.387600
53.437500	70.528800	14.184781	8.429088	0.107623	2.235109	13.387445	14.766101	0.135183	0.295357	9.047843	12.634103	0.087206	0.292566	7.657210	1.941836	0.084531	1.677347	86.963300
59.062500	70.528800	13.558900	9.653728	0.157038	1.949380	12.197208	15.275379	0.120731	1.064988	7.641105	13.438791	0.044736	0.189361	7.535280	2.427544	0.088385	1.375071	86.717600
64.687500	70.528800	13.586383	10.705975	0.280329	2.110430	11.175408	16.394024	0.122621	1.074505	5.536194	13.629925	0.022172	0.133036	7.463813	2.908128	0.068524	0.820078	86.031500
70.312500	70.528800	13.460845	11.155163	1.080098	2.193862	9.390393	16.206396	0.258399	0.187185	3.964005	14.174037	0.026616	0.083617	7.180052	3.391190	0.104330	0.556693	83.412900
75.937500	70.528800	12.690539	11.511047	1.816502	2.301011	6.969329	16.215557	0.412152	0.065343	3.151288	14.324795	0.031721	0.047335	6.863255	3.941600	0.042172	0.357278	80.740900
81.562500	70.528800	12.994431	11.757373	2.614482	2.382825	5.542980	15.631748	1.670470	0.207642	1.888816	14.086386	0.068671	0.060204	6.122309	4.308036	0.091375	0.188358	79.616000
87.187500	70.528800	12.104582	12.009580	2.790236	2.293229	4.157843	15.803656	3.428998	0.275290	0.899381	14.453726	0.426169	0.011704	5.864312	4.771927	0.082580	0.120052	79.493300
92.812500	70.528800	12.361991	12.155249	2.545957	2.627330	3.070106	15.682077	4.414166	0.229102	0.475262	14.358498	0.892421	0.040207	4.888180	5.831072	0.116970	0.089947	79.778400
98.437500	70.528800	12.068390	12.617817	2.554405	2.275914	1.718243	15.950457	5.470032	0.173120	0.140810	14.046350	1.738928	0.026243	4.086885	6.340044	0.237719	0.102675	79.548000
104.062000	70.528800	11.832243	13.150053	2.498445	1.552103	0.394565	15.613766	7.043137	0.068818	0.103886	14.591027	3.238112	0.011991	3.740163	6.576384	0.428883	0.081147	80.924700
109.688000	70.528800	11.418533	13.233859	2.720319	0.816297	0.197546	15.960635	9.764937	0.138767	0.045934	13.926580	4.286740	0.027651	3.476273	7.143612	0.591032	0.099775	83.848500
115.312000	70.528800	10.585266	13.575978	3.290657	0.250660	0.151730	15.961766	11.232047	1.079304	0.049077	13.799684	5.561267	0.082950	2.942012	7.453861	0.930729	0.078596	87.025600
120.938000	70.528800	10.023048	13.527685	3.362237	0.151733	0.121698	15.292682	12.324330	1.047190	0.050351	13.159554	7.680553	0.065602	2.612379	7.891242	1.281698	0.089778	88.681700
126.562000	70.528800	8.385760	13.922056	4.341660	0.138873	0.140646	14.791548	13.092034	0.221298	0.079744	12.438558	9.226854	0.223573	2.045388	7.717366	1.680457	0.082611	88.528400
132.188000	70.528800	7.198532	13.713731	5.820803	0.130066	0.208961	14.685689	13.885525	0.097950	0.250241	11.437420	10.509706	0.484023	1.664578	7.676120	1.600599	0.078296	89.442300
137.812000	70.528800	5.572498	13.799232	7.147254	0.113563	0.092916	14.225609	14.061279	0.238650	0.630203	10.461458	11.572572	0.330518	1.424291	7.693118	1.668016	0.087580	89.118700
143.437000	70.528800	4.231842	14.198579	8.355167	0.135720	0.270179	13.196763	14.949771	0.139421	0.219364	8.930075	12.533560	0.103090	1.716071	7.575972	2.050918	0.095171	88.701600
149.062000	70.528800	3.607454	14.039677	10.082299	0.160220	1.060905	12.279317	15.355565	0.097276	0.154679	7.742214	13.299794	0.033379	1.268443	7.725543	2.547812	0.085171	89.539700
154.688000	70.528800	3.245848	13.449196	10.622384	0.381681	1.002074	11.583768	15.822543	0.134054	0.153311	5.957787	13.669736	0.017014	0.842161	7.469084	2.890791	0.104371	87.345900
160.312000	70.528800	2.804135	13.130827	11.097812	0.990419	0.144411	9.532002	16.042744	0.200829	0.070551	4.080179	13.632074	0.038934	0.589554	6.891269	3.378851	0.095145	82.719700
165.938000	70.528800	2.515590	13.246752	11.876012	1.851890	0.091850	7.164026	15.986648	0.365978	0.038681	3.061850	14.017849	0.041744	0.366254	6.672053	3.695263	0.056668	81.049200
171.562000	70.528800	2.620284	12.371152	11.930977	2.602053	0.204963	5.299368	15.675178	1.700260	0.020634	1.935910	13.885978	0.050526	0.226512	6.436743	4.171652	0.102862	79.235000
177.188000	70.528800	2.788912	13.039105	12.176398	2.800980	0.220860	4.373474	15.806144	3.283295	0.020296	0.954815	14.455197	0.422541	0.092053	5.327292	4.831416	0.087680	80.680500
182.812000	70.528800	2.748548	12.449529	12.542268	2.733438	0.229887	3.234889	15.856586	4.236999	0.033964	0.405954	14.398987	0.918008	0.067132	5.016150	5.853952	0.085620	80.811900
188.438000	70.528800	2.463102	11.819803	12.261900	2.654214	0.176051	1.654885	15.995582	5.365191	0.036522	0.040108	13.749130	2.018482	0.088504	4.257730	6.396593	0.208088	79.185800
194.062000	70.528800	2.005702	11.337216	13.200608	2.540155	0.088934	0.483919	15.405893	7.045274	0.039397	0.024899	14.106970	3.085431	0.054596	3.862308	6.866807	0.379813	80.527900
199.687000	70.528800	1.126353	11.515458	13.401808	2.749905	0.173702	0.134411	15.647243	9.202086	0.097074	0.008500	13.985277	4.132090	0.116037	3.389278	7.067780	0.613741	83.360800
205.312000	70.528800	0.299824	10.804369	13.346617	3.147148	1.128615	0.148025	15.629599	11.209405	0.114122	0.016087	13.933252	5.785653	0.096258	2.954091	7.295434	0.873904	86.782200
210.938000	70.528800	0.127940	9.695077	13.988444	3.454683	1.084295	0.113580	15.441858	12.426909	0.199878	0.057905	13.082647	7.456202	0.108108	2.604643	7.579908	1.206590	88.628600
216.562000	70.528800	0.133445	9.000320	13.512304	4.536357	0.246945	0.157003	14.814168	13.307146	0.291634	0.081902	12.306460	9.059945	0.088788	2.101801	7.559596	1.687616	88.885400
222.188000	70.528800	0.154419	7.050793	13.878853	5.533717	0.100459	0.196719	14.839049	14.163406	0.481512	0.304629	11.149237	10.301098	0.077994	1.610845	7.915456	1.531836	89.290000
227.812000	70.528800	0.098901	5.618619	14.057660	7.091712	0.209724	0.081965	14.099053	14.335992	0.300047	0.479077	10.147297	11.577209	0.107379	1.471181	7.862968	1.740432	89.279200
233.438000	70.528800	0.086878	4.720061	14.009706	8.468581	0.144716	0.279750	13.308955	14.593175	0.111969	0.196133	8.944552	12.624151	0.068697	1.685150	7.953412	2.097175	89.293100
239.062000	70.528800	0.152375	3.635016	13.735898	9.820174	0.115286	1.044652	12.245275	15.800263	0.057997	0.045364	7.569876	13.155934	0.059260	1.283790	7.510647	2.441195	88.673000
244.687000	70.528800	0.317958	3.148788	14.173924	10.528604	0.186730	0.904196	11.227942	15.397297	0.034624	0.057153	5.619185	13.315402	0.091073	0.836431	7.168675	2.895450	85.903500
250.312000	70.528800	0.923787	2.753750	13.353063	11.407676	0.184338	0.130903	9.001089	16.160478	0.047723	0.030585	4.219266	14.148024	0.115225	0.592765	6.727222	3.305846	83.101700
255.937000	70.528800	1.508096	2.490822	12.767332	11.881667	0.450529	0.112770	7.000510	15.792460	0.048898	0.017860	3.161840	14.270622	0.108926	0.390548	6.657599	3.620472	80.280900
261.562000	70.528800	2.290232	2.650685	12.423064	12.075516	1.744843	0.188865	5.241620	16.000332	0.145682	0.027025	1.926330	14.271979	0.102242	0.251746	6.460289	4.437872	80.238400
267.188000	70.528800	2.510557	2.623089	12.443308	12.051765	3.225016	0.252544	4.263849	15.431000	0.559396	0.029227	0.875408	14.594759	0.075048	0.105987	5.582337	4.713264	79.336600
272.812000	70.528800	2.565873	2.798266	12.431320	12.418653	4.179817	0.200988	3.254251	15.859413	0.971771	0.035246	0.467156	14.362231	0.152871	0.066366	5.058561	5.669174	80.491900
278.438000	70.528800	2.523156	2.630192	12.019872	13.121779	5.288002	0.179974	1.680400	15.546247	1.995094	0.040189	0.050931	14.052570	0.192081	0.129703	4.310694	6.256511	80.017400
284.062000	70.528800	2.247742	1.722393	11.135247	12.774005	6.888634	0.086591	0.434767	15.891080	3.158492	0.061750	0.036456	14.086839	0.445348	0.057994	3.974263	6.647047	79.648600
289.688000	70.528800	2.265136	1.114374	11.010806	13.103005	9.500685	0.121925	0.172212	15.649957	4.067319	0.077077	0.037948	13.970688	0.600832	0.100389	3.353528	7.095421	82.241200
295.312000	70.528800	2.240798	0.295759	10.912049	13.548043	11.443075	1.040197	0.159709	16.236932	5.931967	0.159011	0.023957	13.721987	0.953148	0.104299	3.059667	7.361121	87.191700
300.938000	70.528800	1.709670	0.129379	9.636244	13.588306	12.257602	1.086051	0.100571	15.352059	7.715342	0.244278	0.054954	13.494095	1.308061	0.115963	2.491704	7.485449	86.769600
306.562000	70.528800	2.074782	0.089810	8.564827	13.574734	13.113071	0.323721	0.116582	14.542621	8.899629	0.272867	0.075862	12.512863	1.623557	0.045111	2.083400	7.814053	85.727400
312.187000	70.528800	2.801410	0.110159	7.197254	14.164876	13.906561	0.104857	0.253688	14.436649	10.347513	0.545485	0.281055	11.409938	1.460810	0.052695	1.646403	7.740382	86.459800
317.812000	70.528800	4.345765	0.114229	5.998751	14.213055	14.663522	0.206329	0.104776	13.996021	11.765177	0.276483	0.493361	10.328105	1.638475	0.090059	1.451751	7.839568	87.525300
323.438000	70.528800	5.417781	0.093765	4.641390	13.957455	14.926021	0.142984	0.275274	13.322640	12.725147	0.087199	0.264002	9.041340	2.121378	0.094324	1.590273	7.627183	86.328200
329.062000	70.528800	6.825899	0.089915	3.594539	13.500316	15.500782	0.130793	1.148221	12.536727	13.254216	0.042758	0.072044	7.645663	2.469548	0.110403	1.221429	7.567840	85.711100
334.688000	70.528800	8.470674	0.327424	3.307566	13.580615	15.943105	0.121094	0.993450	11.449069	13.634675	0.040248	0.066575	5.797460	2.969303	0.082625	0.820019	7.154865	84.758800
340.312000	70.528800	9.389205	0.936262	2.642067	13.407915	15.682981	0.235166	0.144363	9.544929	14.034475	0.054694	0.030166	4.216359	3.305417	0.095891	0.609742	6.852126	81.181700
345.938000	70.528800	10.593171	1.743916	2.526119	12.565453	16.159800	0.358257	0.061710	6.937119	14.688743	0.068799	0.027628	3.141957	3.664783	0.057418	0.353573	6.463264	79.411800
351.562000	70.528800	11.576869	2.514991	2.616168	12.376128	15.374565	1.891994	0.114376	5.493386	14.257842	0.177108	0.022604	1.825481	4.076899	0.067900	0.216084	6.366781	78.969200
357.187000	70.528800	12.487529	2.702099	2.862211	12.599609	15.534711	3.276724	0.050654	4.474176	14.251735	0.487197	0.015937	0.977885	4.939639	0.095737	0.114687	5.697414	80.567900
0.000000	73.042200	12.180131	3.242863	3.198053	11.858143	16.244849	3.523265	0.105299	3.427347	15.527812	0.845467	0.025879	0.875975	5.859437	0.104407	0.089465	5.786026	82.894400
5.625000	73.042200	12.139529	3.137942	2.692146	11.358365	16.023178	5.087186	0.097352	2.118822	15.379315	1.856481	0.035014	0.387851	6.481654	0.113324	0.099006	4.823104	81.830300
11.250000	73.042200	12.517613	2.738256	2.323698	10.037196	15.788049	5.735403	0.074199	1.020958	15.114102	3.005912	0.026537	0.156436	7.134779	0.220517	0.124170	4.033752	80.051700
16.875000	73.042200	12.855322	2.711429	1.430625	9.410908	15.761245	8.477742	0.089080	0.185944	14.308962	4.168836	0.021524	0.044730	7.130991	0.512997	0.056650	3.845038	81.012000
22.500000	73.042200	13.554829	2.799374	0.648859	7.613860	16.091150	10.372767	1.055150	0.165906	14.412220	5.382133	0.047132	0.047471	7.710694	0.641510	0.106553	3.295713	83.945400
28.125000	73.042200	13.279437	3.017754	0.081581	7.083411	15.909855	12.157172	1.768797	0.160554	14.204234	7.659053	0.072859	0.039017	7.681322	0.951089	0.110274	2.868816	87.045300
33.750000	73.042200	13.488667	3.501595	0.128220	5.833956	15.253890	13.098707	1.832120	0.126862	13.935175	9.196544	0.107037	0.074558	8.079538	1.338111	0.098769	2.263937	88.357600
39.375000	73.042200	13.490024	4.619902	0.137986	4.392463	14.826269	13.456208	0.336912	0.260857	12.606960	10.210224	0.276921	0.382562	8.208967	1.310685	0.041544	1.832821	86.391300
45.000000	73.042200	13.637955	5.705093	0.115390	3.039310	14.357820	14.483584	0.175320	0.139385	11.754545	11.319347	0.450967	0.474864	8.037228	1.485907	0.144702	1.482050	86.803400
50.625000	73.042200	13.947050	7.225834	0.147114	2.249110	13.666569	14.579151	0.230081	0.359662	10.514286	13.091243	0.392285	0.325218	7.957845	1.858709	0.102714	1.283236	87.930100
56.250000	73.042200	13.891293	8.344740	0.121901	1.961142	13.339718	14.720636	0.160738	1.834371	8.902887	13.549739	0.049823	0.233094	8.233565	2.286772	0.057296	1.299194	88.986900
61.875000	73.042200	13.214745	9.855652	0.156858	1.930481	11.983115	15.722452	0.126068	1.897321	7.459437	14.134679	0.036833	0.154506	7.657821	2.813986	0.121436	0.961893	88.227200
67.500000	73.042200	12.892983	10.481997	0.552920	2.290945	10.420427	16.205943	0.184195	1.159010	5.439948	14.424773	0.054190	0.097318	7.582622	3.498700	0.094711	0.661913	86.042700
73.125000	73.042200	13.082195	10.937870	1.453108	2.367218	8.328047	16.163419	0.225498	0.136947	4.099925	14.760446	0.026842	0.072304	6.957352	3.779317	0.047244	0.434960	82.872800
78.750000	73.042200	12.022473	11.394104	2.477080	2.671472	5.840064	15.964707	0.760676	0.096924	3.199343	14.738279	0.070516	0.041165	6.782300	4.265986	0.125814	0.243397	80.694400
84.375000	73.042200	11.977460	11.539095	3.009350	2.848379	5.084494	15.637969	2.227282	0.200965	1.773355	15.595218	0.288621	0.027209	6.411872	5.103483	0.082554	0.163657	81.971000
90.000000	73.042200	11.873750	12.152422	3.168444	2.895077	3.461005	15.988797	3.726704	0.238445	0.879984	15.473751	0.872077	0.034196	5.786456	5.961700	0.087925	0.131314	82.732200
95.625000	73.042200	11.970448	12.018741	3.075965	2.608545	2.279036	16.205039	4.983600	0.174494	0.367761	15.203562	1.890128	0.030851	5.087390	6.838849	0.180873	0.084617	83.000000
101.250000	73.042200	11.444319	12.443761	2.753513	1.831543	0.873519	15.996600	5.928246	0.110952	0.116880	15.170650	2.777795	0.029234	4.123461	7.303260	0.281983	0.114339	81.300000
106.875000	73.042200	11.120544	12.800130	2.730441	1.129761	0.206526	16.144418	8.438373	0.117740	0.087125	14.643617	4.048670	0.015093	3.952695	6.972666	0.449729	0.064902	82.922400
112.500000	73.042200	10.179801	12.795833	2.947045	0.452591	0.182952	16.457133	10.295816	1.172277	0.077263	14.344587	5.602582	0.037555	3.423490	7.722637	0.571238	0.094355	86.357200
118.125000	73.042200	9.998031	13.358605	3.217427	0.172527	0.132913	15.837359	12.212250	1.889393	0.049961	14.281027	7.511744	0.077331	2.791729	7.962494	0.948401	0.085171	90.526300
123.750000	73.042200	8.523535	13.642140	3.628638	0.129332	0.140342	15.217925	12.832476	1.754140	0.087291	13.543519	9.093693	0.085030	2.285855	7.937488	1.428996	0.111923	90.442400
129.375000	73.042200	7.399348	13.928163	4.492837	0.212642	0.215622	14.367320	14.142709	0.358316	0.427465	12.826030	10.418979	0.300890	1.880628	7.840801	1.311940	0.111059	90.234800
135.000000	73.042200	5.664435	14.202650	5.543274	0.114889	0.138355	14.694284	14.398535	0.174273	0.447947	11.197937	11.566238	0.411515	1.419677	7.991051	1.416770	0.175067	89.556900
140.625000	73.042200	4.695609	14.054606	7.284712	0.167383	0.427692	13.785887	14.945926	0.238441	0.396363	10.450816	12.757153	0.421955	1.391097	8.043550	1.854378	0.118445	91.033900
146.250000	73.042200	3.392716	13.545668	8.499400	0.140573	1.890682	13.018069	14.865853	0.126136	0.303246	8.896338	13.316080	0.074631	1.371916	7.890564	2.426616	0.109439	89.868000
151.875000	73.042200	3.219123	13.188733	10.128805	0.194257	1.931589	11.838124	15.882146	0.115440	0.133635	7.636807	14.426470	0.026659	0.999614	7.527510	2.813963	0.096509	90.159400
157.500000	73.042200	2.896400	13.093844	10.574623	0.544675	1.105640	10.334280	15.964707	0.145956	0.061148	5.722669	14.109797	0.025618	0.639136	7.289440	3.403246	0.128782	86.040000
163.125000	73.042200	2.725250	12.581174	11.327151	1.455744	0.113477	8.435998	15.852175	0.220491	0.032402	4.228969	14.535043	0.026744	0.421350	7.389011	3.883819	0.078485	83.307300
168.750000	73.042200	2.921530	12.370926	11.256284	2.385528	0.115930	5.913905	16.106418	1.029380	0.017487	3.018817	15.092274	0.069595	0.294165	7.051314	4.231390	0.120229	81.995200
174.375000	73.042200	3.091798	12.292436	11.980175	2.821190	0.246794	4.930150	16.090245	2.220689	0.033906	1.661999	15.202657	0.335994	0.168193	6.645113	5.002928	0.119684	82.844000
180.000000	73.042200	3.226497	12.066920	12.131838	3.372676	0.236353	3.644946	16.149847	3.645421	0.020059	0.737626	15.247330	0.964810	0.097821	5.749326	5.853194	0.112012	83.256600
185.625000	73.042200	2.910119	11.772641	11.879066	3.184855	0.199975	2.363813	16.291671	4.808220	0.029565	0.335822	14.990713	1.824418	0.075159	5.085716	6.289920	0.157831	82.199500
191.250000	73.042200	2.267579	11.347282	12.976110	2.668599	0.100726	0.973991	16.222456	5.762388	0.049986	0.059017	14.537418	3.050925	0.144737	4.120848	6.819747	0.232054	81.333900
196.875000	73.042200	1.458650	10.915454	12.580269	2.668373	0.100830	0.195534	16.041726	8.129685	0.048220	0.038263	14.647575	3.968484	0.040106	3.859220	7.135582	0.402378	82.230400
202.500000	73.042200	0.513852	10.666108	13.329200	2.829537	1.093639	0.143237	16.087191	10.375889	0.088387	0.031540	14.408035	5.640243	0.104857	3.240544	7.477521	0.605019	86.634700
208.125000	73.042200	0.169325	9.595710	13.237138	2.965231	1.914681	0.121868	15.925010	11.749569	0.096124	0.068690	14.033230	7.550401	0.107975	2.643910	7.963975	0.970744	89.113600
213.750000	73.042200	0.103780	8.667214	13.642818	3.619465	1.950918	0.097110	14.996707	12.706825	0.212664	0.070487	13.596562	9.056880	0.088473	2.237303	7.888596	1.329731	90.265400
219.375000	73.042200	0.186211	6.878354	13.635354	4.784334	0.439060	0.222372	14.614212	13.757386	0.333384	0.443295	12.528244	10.422383	0.143583	1.875369	8.257689	1.378781	89.899900
225.000000	73.042200	0.109813	5.784714	13.795387	5.950164	0.137578	0.203253	14.495120	14.665445	0.446023	0.418997	11.355764	11.713604	0.165226	1.596007	8.232332	1.401740	90.471200
230.625000	73.042200	0.172233	4.583564	13.969896	7.168991	0.244236	0.351318	13.704004	14.838144	0.387128	0.311292	10.336870	12.732611	0.093864	1.388473	8.051705	1.819657	90.153900
236.250000	73.042200	0.147765	3.503247	13.542954	8.638465	0.148316	1.918176	12.984027	15.473977	0.067681	0.119919	9.051700	13.333384	0.088731	1.351762	7.884128	2.314288	90.568600
241.875000	73.042200	0.119911	3.209838	13.417755	9.823374	0.160356	1.854774	11.606614	15.376827	0.062779	0.067125	7.313145	13.850918	0.108001	0.951790	7.881618	3.037659	88.842500
247.500000	73.042200	0.549549	2.721552	12.710218	10.215268	0.141969	1.038923	10.254117	15.743941	0.060160	0.041282	5.630155	14.281705	0.115412	0.619054	7.307456	3.519533	84.950300
253.125000	73.042200	1.213139	2.660445	12.440141	10.793761	0.195839	0.085362	8.489290	15.684678	0.040809	0.025326	4.054754	14.657867	0.067762	0.434623	7.107715	3.573763	81.525300
258.750000	73.042200	1.916581	2.594724	12.809065	11.110863	0.937410	0.093916	5.855976	15.757512	0.142989	0.022894	3.141878	15.318469	0.137789	0.229524	7.022462	4.250051	81.342100
264.375000	73.042200	2.716394	3.118184	12.230798	11.958347	2.327328	0.232694	4.980230	16.154823	0.397520	0.034882	1.867938	14.842103	0.086562	0.167461	6.485827	4.925559	82.526700
270.000000	73.042200	2.856771	3.059091	12.040455	11.697657	3.655656	0.222542	3.470799	16.291106	0.821946	0.050005	0.838170	15.192365	0.095991	0.105950	6.132171	5.827385	82.357900
275.625000	73.042200	2.941775	2.745902	11.570875	12.033217	4.784911	0.211868	2.174319	15.900241	1.780548	0.024555	0.371158	15.060946	0.146852	0.104958	5.169804	6.540147	81.562100
281.250000	73.042200	2.656249	2.371289	11.450540	12.489226	5.692834	0.091448	0.903178	15.902390	3.082242	0.034788	0.072071	14.992183	0.273470	0.121934	4.208646	6.942684	81.285000
286.875000	73.042200	2.356768	1.379086	10.953149	12.626639	8.309295	0.131356	0.158673	16.342904	4.046374	0.048804	0.033346	14.535383	0.436279	0.042603	3.716209	7.197119	82.314000
292.500000	73.042200	2.259922	0.485596	10.729861	12.831232	10.277562	1.150143	0.172968	16.385994	5.398158	0.089759	0.021365	14.599170	0.635657	0.098604	3.285353	7.537395	85.958700
298.125000	73.042200	1.760993	0.115415	9.873058	13.271294	11.352371	1.966514	0.116474	15.872985	7.540154	0.126543	0.043142	14.277973	1.033187	0.102063	2.723463	7.701012	87.876600
303.750000	73.042200	1.872926	0.134605	8.653055	13.622009	12.805107	1.841926	0.146619	15.138418	9.086952	0.248219	0.075218	13.220852	1.177603	0.113706	2.336885	8.130556	88.604600
309.375000	73.042200	2.234837	0.191710	7.159242	13.258627	13.454172	0.431487	0.229340	14.680826	10.597130	0.435482	0.430736	12.510714	1.290723	0.096211	1.932392	7.921337	86.854900
315.000000	73.042200	2.907732	0.101716	6.020047	14.050308	14.170870	0.169679	0.166669	14.148477	11.647781	0.457601	0.440286	11.802951	1.494332	0.183326	1.414689	8.250315	87.426800
320.625000	73.042200	4.478575	0.164829	4.709678	13.533001	14.919687	0.221083	0.320770	13.908710	12.848197	0.401496	0.314777	10.325029	1.921467	0.103499	1.349783	8.153990	87.674500
326.250000	73.042200	5.836840	0.113113	3.497060	13.459035	15.166692	0.153409	1.767971	13.398868	13.316759	0.071731	0.127490	9.081241	2.342167	0.128827	1.289140	8.171791	87.922100
331.875000	73.042200	7.201710	0.098841	3.037184	12.929061	15.562985	0.120325	1.965236	11.756129	14.022712	0.030744	0.064557	7.190853	2.882523	0.105296	1.034182	7.819799	85.822100
337.500000	73.042200	8.548519	0.507212	2.749668	13.384504	15.796531	0.151806	0.992730	10.524601	14.323325	0.053480	0.062935	5.556597	3.215018	0.113705	0.693539	7.489928	84.164000
343.125000	73.042200	9.762652	1.575706	2.675928	12.898186	15.785221	0.181656	0.067389	8.635264	14.998742	0.058063	0.020213	4.126933	3.734632	0.093888	0.472980	7.232597	82.320100
348.750000	73.042200	10.853261	2.288276	2.648344	12.500309	15.943784	0.958846	0.082212	5.939171	14.850133	0.151544	0.023376	3.034288	4.252381	0.145914	0.228157	6.925063	80.825000
354.375000	73.042200	11.242588	2.852756	3.064519	12.185333	16.301850	2.242946	0.095851	5.282935	15.532562	0.356491	0.016919	1.806911	5.043519	0.102831	0.148799	6.780208	83.057100
2.812500	75.522500	11.611251	3.335953	3.136596	11.148592	16.391536	4.386050	0.094383	2.749080	17.437686	1.636564	0.031058	0.954739	6.432660	0.060835	0.067955	6.076697	85.551600
8.437500	75.522500	12.011050	3.369079	2.704938	10.719433	16.117954	5.486499	0.087251	1.505801	16.496717	2.745777	0.035862	0.350044	7.238467	0.177667	0.122644	4.785589	83.954700
14.062500	75.522500	12.066694	3.133305	1.931295	9.565818	15.895831	6.889912	0.076291	0.268170	15.860883	3.726252	0.027487	0.149718	7.399484	0.228225	0.062536	4.220148	81.502000
19.687500	75.522500	12.825916	2.702189	0.868482	8.405123	15.751971	9.812133	0.413018	0.181327	15.118399	5.239924	0.033639	0.087094	7.922480	0.426677	0.053711	3.868483	83.710500
25.312500	75.522500	13.277175	2.643718	0.184910	7.137347	15.986648	11.205390	1.308536	0.133557	14.270848	7.284452	0.049736	0.044920	7.893470	0.663517	0.151211	3.363662	85.599100
30.937500	75.522500	12.810874	2.934887	0.181631	6.072999	15.453846	12.250138	1.478431	0.166750	14.533912	9.084815	0.112057	0.065863	8.239661	1.029603	0.076203	2.874052	87.365700
36.562500	75.522500	13.352271	3.583376	0.196585	4.469245	15.017064	13.650396	1.185588	0.154866	13.712373	10.448633	0.199204	0.402775	8.409386	1.249895	0.130099	2.221254	88.383000
42.187500	75.522500	13.680819	4.771034	0.211975	3.344107	14.167590	14.067612	0.289608	0.149516	12.932341	11.441153	0.328055	0.801039	8.178227	1.263014	0.189538	1.656989	87.472600
47.812500	75.522500	13.570775	5.743546	0.194159	2.349054	14.035379	14.228776	0.163861	0.222680	11.474969	12.580948	0.816868	0.327548	8.493599	1.584516	0.141561	1.304024	87.232300
53.437500	75.522500	13.226620	7.166684	0.164846	1.913109	13.381224	14.663409	0.161890	1.275975	10.028646	13.522483	0.334593	0.186072	8.408414	2.249845	0.114222	1.184468	87.982600
59.062500	75.522500	13.225376	8.309431	0.200242	1.733386	12.379974	15.498067	0.177210	1.417223	8.796292	14.502698	0.034349	0.111610	8.387739	2.766700	0.095793	1.089374	88.725400
64.687500	75.522500	12.903614	9.763569	0.201886	2.083943	10.852447	16.365524	0.131966	1.495803	7.206754	14.300932	0.038610	0.090999	8.132615	3.110946	0.140633	0.705439	87.525700
70.312500	75.522500	12.635800	10.485582	0.804753	2.433470	9.378461	16.564575	0.126331	0.445356	5.213120	14.894127	0.091266	0.044311	7.898186	3.751936	0.073506	0.389180	85.230000
75.937500	75.522500	12.389135	10.859584	1.924702	2.883993	7.163495	16.381697	0.256233	0.109422	3.958192	15.717476	0.055423	0.041840	7.384611	4.464766	0.080960	0.276754	83.948300
81.562500	75.522500	12.032765	11.166665	2.561315	3.211727	5.237470	16.338720	1.431993	0.124587	2.825149	16.663535	0.235677	0.048755	6.997332	4.886303	0.148173	0.156560	84.066700
87.187500	75.522500	11.620977	11.381777	3.129494	3.017369	4.367570	16.751525	2.544882	0.153415	1.617462	17.680280	0.783469	0.042407	6.566454	6.158896	0.087411	0.087142	85.990500
92.812500	75.522500	11.615436	11.782820	3.209487	2.613838	2.676075	16.789413	4.141127	0.178728	0.875702	17.453407	1.550598	0.040504	5.925463	6.613016	0.044970	0.110173	85.620800
98.437500	75.522500	11.296083	12.105486	3.200462	2.119037	1.546957	16.147472	5.567329	0.139316	0.339992	16.041839	3.030794	0.041443	4.879958	7.266900	0.214782	0.117008	84.054900
104.062000	75.522500	11.323079	11.890941	3.088654	1.511783	0.235590	16.275272	6.993566	0.086905	0.155207	15.499198	4.094101	0.037253	4.228268	7.468891	0.288667	0.094713	83.272000
109.688000	75.522500	10.590695	12.410623	2.979470	0.781734	0.146307	16.277986	9.279840	0.363154	0.144504	15.362463	5.345896	0.019494	4.131921	7.847949	0.450766	0.102723	86.235600
115.312000	75.522500	9.492791	12.887668	2.966656	0.229174	0.124242	16.538902	11.411408	1.330896	0.033550	14.727309	7.082166	0.081012	3.176848	8.015253	0.660309	0.139774	88.897900
120.938000	75.522500	8.435353	13.645194	2.818906	0.151738	0.148063	15.360880	12.454165	1.329742	0.069149	14.717243	8.900953	0.125133	2.756454	8.352973	1.009797	0.115338	90.391100
126.562000	75.522500	6.829360	13.687153	3.407510	0.210077	0.171141	15.014689	13.409612	1.150777	0.391501	13.709094	10.022313	0.233470	2.203803	8.817193	1.277310	0.115202	90.650200
132.188000	75.522500	6.252043	13.431779	4.643075	0.252066	0.164292	14.287360	14.010611	0.221783	0.840651	12.704789	11.548369	0.312754	1.564984	8.226892	1.281020	0.125252	89.867900
137.812000	75.522500	4.772402	13.220174	5.882102	0.178620	0.273009	13.930312	14.442417	0.169402	0.335569	11.903042	12.800017	0.752235	1.256376	8.680956	1.833387	0.169903	90.600000
143.437000	75.522500	3.547920	13.365051	7.160204	0.264318	1.341357	13.449309	15.033463	0.136622	0.216509	10.344832	13.750148	0.286903	1.170953	8.400135	2.118618	0.099950	90.686300
149.062000	75.522500	2.893595	12.832702	8.449932	0.183015	1.381688	12.249572	15.806144	0.151282	0.143373	8.930867	14.034701	0.080578	1.040086	8.183192	2.700945	0.111330	89.172900
154.688000	75.522500	2.868420	12.747992	9.684333	0.223203	1.417754	11.185994	16.303094	0.150991	0.081378	7.368325	14.583675	0.038053	0.670879	7.900222	3.321318	0.133213	88.678900
160.312000	75.522500	2.826970	12.324104	10.300939	0.873554	0.373743	9.437995	16.282510	0.171368	0.039632	5.542957	14.767571	0.098457	0.482101	7.639578	3.804527	0.055492	85.021500
165.938000	75.522500	3.126067	12.158755	10.998682	1.846393	0.080655	6.970347	16.399114	0.252032	0.043630	4.115114	15.625528	0.076592	0.237955	7.455761	4.250379	0.056040	83.693000
171.562000	75.522500	3.489754	11.653776	11.523488	2.602709	0.148124	5.234122	16.189884	1.345417	0.043568	2.859530	16.246658	0.254839	0.122703	6.926725	5.054659	0.111412	83.807400
177.188000	75.522500	3.464952	11.883476	11.830321	3.227572	0.154154	4.151713	16.646458	2.776065	0.026470	1.643372	17.305476	0.876619	0.086795	6.495270	5.945199	0.073745	86.587600
182.812000	75.522500	2.993935	11.584560	12.002794	3.244367	0.163499	2.817255	16.929201	4.122104	0.046522	0.861124	17.807854	1.579879	0.100983	6.045392	6.555246	0.061162	86.915800
188.438000	75.522500	2.613431	11.091693	12.033330	3.579700	0.110934	1.494887	16.358059	5.207646	0.042669	0.208393	16.655618	2.960097	0.124717	5.129518	6.848654	0.145787	84.605100
194.062000	75.522500	1.886961	10.831897	12.447606	3.025071	0.105503	0.204231	16.015601	6.850396	0.024544	0.087796	15.742697	3.889406	0.080647	4.224853	7.508984	0.274040	83.200200
199.687000	75.522500	0.852808	10.443397	12.353396	2.967821	0.431224	0.165737	16.241343	9.417796	0.047770	0.093919	15.205937	5.166060	0.090404	3.842799	7.897021	0.481960	85.699400
205.312000	75.522500	0.204803	9.715084	12.954169	2.668814	1.334368	0.123603	16.146567	11.092066	0.114017	0.021616	14.999873	7.258564	0.118257	3.282367	8.049013	0.674641	88.757800
210.938000	75.522500	0.191878	8.371182	13.179346	2.995926	1.546470	0.140608	15.185014	12.252852	0.121444	0.047728	14.360647	9.088366	0.109867	2.788494	8.183033	1.048185	89.611000
216.562000	75.522500	0.232318	7.080504	13.223906	3.606934	1.209112	0.133721	15.308516	13.338474	0.222789	0.351651	13.518638	10.263402	0.108947	2.394361	8.306784	1.179956	90.480000
222.188000	75.522500	0.237677	5.769050	13.393213	4.850632	0.287938	0.153634	14.506204	14.235335	0.344441	0.744222	12.832815	11.711681	0.171840	1.663888	8.266002	1.384538	90.553200
227.812000	75.522500	0.179187	4.668658	13.495905	5.795831	0.155473	0.217304	13.883716	14.405886	0.884789	0.353731	11.788135	12.909043	0.183550	1.377695	8.298777	1.762418	90.360200
233.438000	75.522500	0.195716	3.451403	12.998729	7.195252	0.146803	1.234423	13.228204	15.012653	0.362043	0.170690	10.018207	13.291651	0.108646	1.177592	8.442332	2.301542	89.335800
239.062000	75.522500	0.194615	3.051366	13.093844	8.711548	0.193913	1.369371	12.310984	15.403179	0.048969	0.116307	8.835006	13.946032	0.110350	1.000992	8.276915	2.582623	89.246000
244.687000	75.522500	0.215827	2.819336	12.857584	9.737771	0.133116	1.432197	11.227693	16.629945	0.047360	0.054324	7.676448	14.425226	0.145343	0.721248	7.824390	3.400011	89.347800
250.312000	75.522500	0.787161	2.861182	12.291079	10.427948	0.154665	0.373317	9.695393	16.052131	0.135644	0.042825	5.203122	15.360315	0.054239	0.435947	7.871563	3.635095	85.381700
255.937000	75.522500	1.593417	3.184278	12.048938	10.877374	0.212557	0.057896	7.110497	16.393911	0.138757	0.033655	3.975824	15.267122	0.126506	0.317024	7.542891	4.428123	83.308700
261.562000	75.522500	2.139621	3.566536	11.475082	11.294386	1.492342	0.108833	5.152262	15.954076	0.351888	0.029207	2.883711	16.176199	0.133746	0.199192	6.958495	4.907508	82.823100
267.188000	75.522500	2.682363	3.434314	11.822856	11.843779	2.710344	0.155907	4.350097	16.533473	0.918208	0.026274	1.663628	17.653024	0.079770	0.057280	6.537343	6.021325	86.490000
272.812000	75.522500	3.016498	2.880578	11.539095	11.454385	4.307210	0.154207	2.595889	16.227771	1.698032	0.055656	0.811098	17.298124	0.073486	0.075118	6.040065	6.750848	84.978100
278.438000	75.522500	3.085657	2.532249	11.333597	11.826588	5.451902	0.115297	1.453957	16.313160	2.897418	0.030067	0.229662	16.268147	0.151713	0.086684	5.157917	7.001743	83.935800
284.062000	75.522500	2.926348	1.869612	10.677927	12.494315	7.245298	0.099853	0.267930	16.296874	4.018733	0.020348	0.044618	16.085947	0.280606	0.090614	4.288447	7.440368	84.147800
289.688000	75.522500	2.482453	0.796928	10.184189	12.627204	9.748029	0.388408	0.125806	15.964481	5.183896	0.033890	0.111012	15.367327	0.462883	0.062922	3.856280	7.745177	85.140900
295.312000	75.522500	2.083151	0.202763	9.751184	12.766653	11.265784	1.389503	0.137167	15.916075	7.057285	0.080188	0.021631	14.907812	0.701881	0.136922	3.159815	7.853502	87.431300
300.938000	75.522500	1.766445	0.142464	8.522800	13.177762	12.648467	1.426994	0.168164	15.469114	9.042256	0.130342	0.041383	14.333956	0.972191	0.097401	2.912064	8.236008	89.087800
306.562000	75.522500	1.808845	0.172159	7.078389	13.101082	13.286109	1.361330	0.150431	15.336225	10.366185	0.199460	0.290738	13.794595	1.291232	0.104776	2.150851	8.666886	89.159300
312.187000	75.522500	2.510682	0.190374	5.827069	12.859846	14.408374	0.243758	0.163408	14.560943	11.927584	0.297059	0.889699	12.613293	1.548778	0.141574	1.734404	8.528851	88.445700
317.812000	75.522500	3.440839	0.180984	4.688043	13.522031	14.431446	0.184694	0.293550	14.618962	12.809517	0.804336	0.291927	11.449296	1.632436	0.176633	1.398155	8.448789	88.371600
323.438000	75.522500	4.521892	0.182926	3.460507	13.569758	14.837239	0.112150	1.188302	13.431440	13.316193	0.368598	0.185784	10.254513	2.386094	0.124795	1.265491	8.466399	87.672100
329.062000	75.522500	6.026459	0.178164	2.807732	13.111261	15.530074	0.157252	1.452645	12.625508	13.983920	0.057131	0.067440	8.690275	2.724164	0.096737	1.045217	8.236494	86.790600
334.688000	75.522500	7.693605	0.219063	2.780283	12.929400	16.465954	0.126394	1.361929	11.453820	14.168382	0.026272	0.065874	7.203995	3.310223	0.088546	0.666606	8.194298	86.754600
340.312000	75.522500	8.617915	0.840011	2.774594	12.536161	16.287939	0.135450	0.439244	9.445799	15.530187	0.100724	0.035582	5.394618	3.769410	0.089228	0.351035	7.829955	84.177900
345.938000	75.522500	10.006999	1.714103	2.867730	12.153553	16.259891	0.279678	0.046604	7.034926	15.721321	0.163077	0.029642	4.111789	4.241444	0.082279	0.301610	7.608725	82.623300
351.562000	75.522500	10.885144	2.517931	3.107112	12.092367	16.638541	1.472901	0.052877	5.438500	16.431573	0.273122	0.033278	3.058265	4.874133	0.111519	0.212737	7.697416	84.897300
357.187000	75.522500	11.304463	2.829775	3.362124	11.873863	16.560164	2.872050	0.066217	4.308714	17.477157	0.779810	0.051572	1.669916	6.189568	0.097186	0.089123	6.759534	86.291200
0.000000	77.975300	11.488880	3.290533	3.215052	11.125147	16.872652	3.307724	0.083062	3.401380	17.723936	1.377028	0.063760	1.493032	7.135017	0.092585	0.092516	7.067554	87.829700
5.625000	77.975300	11.405414	3.718855	2.752812	10.365043	16.390066	4.894310	0.053748	1.998260	18.210707	2.689500	0.054746	0.753535	7.529727	0.166647	0.088054	6.317357	87.388700
11.250000	77.975300	11.722652	3.431599	2.108632	9.720003	16.726644	5.855581	0.121806	0.756490	17.570010	3.944665	0.067661	0.244061	7.827930	0.229939	0.242227	4.939130	85.509000
16.875000	77.975300	11.828398	3.096763	1.055649	8.382560	16.337023	8.205596	0.109939	0.136594	16.165002	5.195963	0.066393	0.153151	7.842678	0.304615	0.117128	4.505594	83.503000
22.500000	77.975300	12.121886	3.077593	0.367878	7.627047	16.513907	10.007587	0.445240	0.129187	15.281825	6.672517	0.078981	0.148273	8.380049	0.504007	0.085638	3.874387	85.316000
28.125000	77.975300	12.553465	2.732941	0.094031	6.346853	16.109019	11.546333	0.388576	0.114690	15.036630	8.922237	0.053248	0.055815	8.305778	0.733622	0.128670	3.274756	86.396700
33.750000	77.975300	12.722772	2.815332	0.110573	4.587104	15.059702	12.666449	1.868458	0.148839	14.401023	10.535288	0.141487	0.098625	8.799255	1.053980	0.137005	2.778078	87.923900
39.375000	77.975300	12.713950	3.637787	0.092241	3.431622	14.812924	14.023843	0.847270	0.182911	13.812012	11.527220	0.186612	0.880667	8.902298	1.244828	0.150738	2.072509	88.519300
45.000000	77.975300	13.211239	4.864622	0.082832	2.647507	14.767119	14.392315	0.167074	0.105991	12.729897	12.726051	0.951133	0.841362	8.744313	1.429222	0.212905	1.724904	89.598500
50.625000	77.975300	12.746522	5.945357	0.163376	2.159096	13.896609	15.055065	0.131139	0.862241	11.429843	13.871049	0.881605	0.205039	8.847786	2.038331	0.138193	1.134050	89.505300
56.250000	77.975300	12.539215	7.104820	0.142056	1.513129	12.790969	15.316772	0.200195	2.030957	9.940645	14.019093	0.103102	0.135908	8.833569	2.559585	0.113905	1.100616	88.444600
61.875000	77.975300	12.389474	8.513753	0.171804	1.742411	11.560131	16.127001	0.120805	0.358430	8.743838	15.215437	0.031375	0.092067	8.551878	3.404060	0.167881	0.845081	88.035500
67.500000	77.975300	12.576198	9.663376	0.339890	2.390765	10.247964	16.378078	0.121170	0.429150	6.811050	15.394583	0.100384	0.061116	8.348879	3.697027	0.064487	0.444005	87.068200
73.125000	77.975300	12.180018	10.484677	1.090851	3.140645	8.264192	16.429311	0.154187	0.139777	4.975299	15.627337	0.107624	0.040174	8.000845	4.604509	0.080013	0.312203	85.631700
78.750000	77.975300	11.989675	10.482110	2.223584	3.216669	5.773155	16.062875	0.707001	0.117456	3.878458	17.499438	0.155717	0.051617	7.774673	5.196201	0.164949	0.153336	85.447000
84.375000	77.975300	11.343323	11.408015	2.890564	3.415664	5.067337	16.787264	1.895647	0.096367	2.695698	17.749043	0.598913	0.036074	7.184836	6.087328	0.113126	0.116416	87.485600
90.000000	77.975300	11.384943	11.275488	3.105562	2.668000	3.385048	16.921284	3.228974	0.104242	1.281970	18.204826	1.388575	0.039773	6.817530	6.846867	0.095796	0.061610	86.810500
95.625000	77.975300	11.383586	11.409033	3.432776	2.513215	2.052490	16.242021	5.004376	0.152588	0.717115	18.081323	2.645245	0.032973	6.021280	7.165451	0.107255	0.111081	87.071800
101.250000	77.975300	10.548679	12.056402	3.442954	1.994177	0.695675	16.440394	5.821674	0.124116	0.174597	17.035852	4.064209	0.025596	4.911976	7.775374	0.181059	0.243142	85.535800
106.875000	77.975300	10.421478	12.188387	3.166748	0.936698	0.168344	16.152222	8.364735	0.156328	0.128054	15.683434	5.160383	0.030263	4.491129	7.920105	0.292607	0.100249	85.361200
112.500000	77.975300	9.483132	12.335979	3.041063	0.354582	0.138618	16.724947	10.504062	0.392728	0.116904	15.157644	6.626520	0.069260	3.811867	8.223160	0.476157	0.084473	87.541100
118.125000	77.975300	8.723831	12.574953	2.841491	0.161394	0.123026	15.734441	12.016140	0.431910	0.032353	15.284087	9.015690	0.083910	3.449356	8.662883	0.726782	0.152693	90.015000
123.750000	77.975300	7.250772	13.041706	2.781640	0.144778	0.162638	15.236134	12.986628	1.964614	0.102938	14.156393	10.185998	0.100118	2.687984	8.701517	1.117700	0.125552	90.747100
129.375000	77.975300	5.990438	13.092713	3.819546	0.140902	0.149801	14.918217	13.759874	0.846630	0.767964	13.647342	11.246410	0.185519	2.231003	8.877032	1.199103	0.180411	91.052800
135.000000	77.975300	4.724030	13.120196	4.819044	0.079714	0.159382	14.638075	14.417083	0.118257	0.897236	12.791309	12.784070	0.880477	1.572618	8.911199	1.697376	0.179316	91.789500
140.625000	77.975300	3.690751	12.766540	5.887497	0.145227	0.873947	13.613413	15.175966	0.099244	0.236819	11.293538	13.726624	0.773260	1.235498	8.956404	2.037844	0.138810	90.651400
146.250000	77.975300	2.964145	12.889703	6.954378	0.208071	1.982800	12.932115	14.949206	0.249622	0.142794	10.355520	14.395255	0.120371	1.120911	8.437039	2.565443	0.132115	90.399500
151.875000	77.975300	2.780984	12.726504	8.612645	0.130503	0.424699	11.851244	15.577575	0.102218	0.098252	8.514431	14.801840	0.074700	0.781555	8.351514	3.363379	0.115565	88.307600
157.500000	77.975300	2.941628	12.645074	9.380610	0.358088	0.429742	10.213922	16.783984	0.161865	0.064512	6.708730	15.320504	0.101299	0.513240	8.234651	3.866425	0.067205	87.791500
163.125000	77.975300	3.221408	12.009806	10.124587	1.067643	0.133300	8.227865	16.488574	0.152519	0.044266	5.027210	16.099406	0.103342	0.323660	7.699520	4.208035	0.076747	85.007900
168.750000	77.975300	3.562589	11.677187	10.872793	2.163846	0.126474	5.903025	16.782287	0.644150	0.050032	4.073302	16.945261	0.151718	0.204111	7.945766	5.115110	0.218844	86.436400
174.375000	77.975300	3.636520	11.365830	11.219403	2.922492	0.108138	4.821464	16.580974	1.819883	0.050775	2.814111	17.845742	0.639728	0.104639	7.191430	5.970793	0.102349	87.194400
180.000000	77.975300	3.197895	11.157482	11.701390	3.381248	0.074354	3.473819	16.897194	3.315075	0.070770	1.466386	17.762276	1.427277	0.112141	6.938114	6.764702	0.078047	87.818200
185.625000	77.975300	2.919585	11.009076	11.454159	3.490161	0.162698	2.126173	16.722007	4.974247	0.046228	0.594316	17.989601	2.598717	0.108493	6.196117	7.288026	0.115196	87.794800
191.250000	77.975300	2.140333	10.636816	11.814374	3.522292	0.117542	0.708813	16.147924	6.106691	0.075609	0.141502	17.581886	3.813608	0.220189	5.037785	7.719323	0.182945	85.967700
196.875000	77.975300	1.023404	10.458156	12.377599	3.268570	0.154411	0.151582	16.315761	8.163954	0.035822	0.128563	16.152335	5.168605	0.101371	4.281729	7.956364	0.306211	86.044500
202.500000	77.975300	0.377777	9.412141	12.456541	2.843007	0.427117	0.063994	16.431799	10.213323	0.084171	0.098320	15.196097	6.725344	0.087387	4.002153	8.213852	0.502648	87.135600
208.125000	77.975300	0.187328	8.429461	12.549733	2.695585	0.412998	0.122713	15.981332	11.353615	0.121754	0.048017	14.683653	9.189882	0.136756	3.230083	8.661820	0.735185	88.539900
213.750000	77.975300	0.190641	7.105170	12.972377	2.789885	1.981364	0.139839	15.561515	12.806124	0.164268	0.124521	14.397291	10.019677	0.168402	2.573270	8.513753	1.024264	90.532200
219.375000	77.975300	0.135055	5.865986	13.047813	3.712884	0.742588	0.115622	15.155495	13.791315	0.215072	0.810521	13.513548	11.630704	0.214863	2.091396	8.816073	1.122902	90.981800
225.000000	77.975300	0.083331	4.558332	13.278758	4.757756	0.157600	0.137556	14.552913	14.068064	0.862391	0.892790	12.803410	12.672330	0.246622	1.442455	8.886420	1.495543	90.896300
230.625000	77.975300	0.118924	3.628898	13.057653	6.005152	0.141391	0.931245	13.687379	14.659564	0.789626	0.199978	11.463207	13.754332	0.155084	1.107918	9.092087	2.129679	90.922200
236.250000	77.975300	0.136156	2.834061	12.675836	7.158451	0.207691	1.784506	12.658080	15.311117	0.103359	0.136635	10.131983	14.521019	0.137200	1.147644	8.912534	2.610897	90.467100
241.875000	77.975300	0.110160	2.684886	12.491035	8.397387	0.149429	0.453862	11.737241	15.838716	0.043483	0.101222	8.865972	14.501567	0.117228	0.784564	8.661492	3.257475	88.195700
247.500000	77.975300	0.305190	2.966860	12.215417	9.359076	0.128207	0.343012	10.039775	16.635487	0.088801	0.061384	6.644208	14.828757	0.080161	0.503862	8.452612	3.937178	86.590000
253.125000	77.975300	1.029622	3.187716	12.018401	10.314941	0.173102	0.131519	8.011736	16.335214	0.121133	0.036536	4.872821	15.981219	0.072378	0.289855	8.255551	4.329671	85.161500
258.750000	77.975300	1.913437	3.459614	11.720842	10.464772	0.794096	0.130394	5.649449	16.781609	0.252468	0.040996	3.796067	17.127234	0.191336	0.197638	7.747405	5.258709	85.526100
264.375000	77.975300	2.315713	3.594471	11.536154	11.103783	1.981397	0.103014	4.909635	16.649059	0.698465	0.031203	2.565059	17.987453	0.109908	0.119102	7.328198	6.145788	87.178300
270.000000	77.975300	2.967742	3.270820	11.001306	11.587840	3.359647	0.092469	3.181473	16.781496	1.345553	0.049487	1.324426	17.771437	0.096432	0.083819	6.786417	6.683985	86.384400
275.625000	77.975300	3.204127	2.776687	11.322514	11.414349	4.933317	0.122154	2.069693	16.814294	2.648446	0.050765	0.668470	17.807175	0.109868	0.126015	6.078699	7.319807	87.466400
281.250000	77.975300	3.179664	2.133819	10.698544	11.467504	6.015037	0.110571	0.737331	16.096126	3.764388	0.048329	0.158042	17.176205	0.200997	0.261594	4.747668	7.627759	84.423600
286.875000	77.975300	3.100382	1.123084	10.438500	12.193363	8.519747	0.137686	0.111899	16.553944	5.113877	0.044005	0.118700	16.129490	0.311453	0.103606	4.297540	7.848752	86.146100
292.500000	77.975300	2.443841	0.319987	9.165046	12.049956	10.369318	0.387596	0.119680	16.482466	6.662700	0.090733	0.102847	15.325481	0.459289	0.065273	3.716514	8.170887	85.931500
298.125000	77.975300	1.852998	0.179782	8.483228	12.558894	11.465355	0.427698	0.167857	16.200628	8.827699	0.064307	0.033129	15.003606	0.746353	0.111008	3.424124	8.592208	88.138800
303.750000	77.975300	1.592648	0.139688	7.056833	12.252626	13.202191	2.142403	0.228636	15.075762	10.240376	0.159540	0.101306	14.158995	1.113099	0.120889	2.754180	9.037031	89.376200
309.375000	77.975300	2.016582	0.137108	5.940754	13.150166	13.498280	0.898242	0.169159	14.751512	11.332919	0.162064	0.792440	13.688057	1.237613	0.152310	2.204007	8.722361	88.853700
315.000000	77.975300	2.582713	0.057157	4.671678	13.099273	14.193603	0.164594	0.109583	14.682296	12.954282	0.844044	0.888823	12.846953	1.505902	0.222852	1.574032	8.744177	89.141800
320.625000	77.975300	3.623118	0.115607	3.763359	13.322527	14.534930	0.119186	0.762657	13.847185	13.382468	0.844640	0.198378	11.455064	2.011040	0.160507	1.292092	8.944993	88.377800
326.250000	77.975300	4.960427	0.109101	2.760084	12.688051	15.040249	0.190024	1.932325	12.772648	14.591931	0.127637	0.176791	10.409388	2.811430	0.122939	1.069333	8.735842	88.498200
331.875000	77.975300	6.463660	0.117527	2.480688	12.590222	16.044440	0.091484	0.454483	12.015122	14.757619	0.041143	0.084053	9.004278	3.392377	0.130649	0.733876	8.609444	87.011000
337.500000	77.975300	7.627126	0.377984	2.870580	12.267781	16.632999	0.142801	0.385441	10.196969	15.551675	0.113854	0.063865	6.669655	3.986534	0.085623	0.471858	8.336405	85.781100
343.125000	77.975300	9.081942	1.070332	3.247058	12.058551	16.118972	0.168674	0.112534	8.542626	16.043649	0.206314	0.041430	4.983035	4.257357	0.093768	0.237671	7.961283	84.225200
348.750000	77.975300	9.787964	2.088127	3.444244	11.602429	16.767359	0.720178	0.095016	5.610239	17.197920	0.195341	0.043884	4.158408	5.031259	0.183722	0.198731	7.819154	84.943900
354.375000	77.975300	10.701372	2.792079	3.472857	11.514553	16.434852	2.025732	0.091848	5.015754	17.287041	0.605076	0.054872	2.769426	6.060343	0.143357	0.131939	7.458260	86.559300
2.812500	80.405900	11.015239	3.189990	2.976643	10.837371	17.002601	4.042755	0.094494	2.692836	17.802878	2.268778	0.043330	1.207359	7.531208	0.096717	0.074960	7.033670	87.910900
8.437500	80.405900	10.990415	3.443870	2.214287	9.966216	16.593189	5.349662	0.090297	1.278350	17.951035	3.610293	0.061370	0.552035	8.164621	0.142293	0.148015	6.325195	86.881100
14.062500	80.405900	11.675151	3.477031	1.374280	8.962681	16.383167	7.057500	0.109732	0.143050	17.529974	5.057996	0.045965	0.163082	8.202249	0.331685	0.163282	4.953019	85.629800
19.687500	80.405900	11.570423	3.085420	0.441157	8.052474	16.711715	9.374616	0.318640	0.093557	15.965498	6.330601	0.043271	0.169379	8.772666	0.445413	0.076374	4.479706	85.930800
25.312500	80.405900	12.057307	2.391194	0.190140	6.684561	16.396060	10.834329	0.255567	0.089677	15.420596	8.420323	0.073812	0.073705	8.753428	0.580162	0.135504	3.616186	85.972600
30.937500	80.405900	12.340276	2.478675	0.668179	4.999931	15.341654	12.431885	0.561629	0.218011	14.748571	9.803820	0.089821	0.063462	9.249123	0.879548	0.201902	3.087388	87.163800
36.562500	80.405900	12.137832	2.848526	0.513328	3.567746	14.872865	13.453154	0.729163	0.144186	14.128911	11.401682	0.111659	0.339345	9.154641	0.968610	0.173626	2.523326	87.068600
42.187500	80.405900	12.426004	3.491564	0.379005	2.873815	14.978385	14.114208	0.333305	0.176580	13.796518	12.689973	0.839109	1.272673	8.798498	1.306874	0.270124	1.949719	89.696300
47.812500	80.405900	12.760546	4.733078	0.411601	2.020608	14.114095	14.396838	0.173922	0.340123	12.745278	13.875912	1.181279	0.802553	8.899697	1.943182	0.257136	1.301626	89.957300
53.437500	80.405900	12.479499	5.906339	0.458294	1.854072	13.196763	14.935408	0.101827	0.938283	11.399307	14.563544	0.338546	0.179231	9.315273	2.440629	0.188928	0.989587	89.285500
59.062500	80.405900	12.238941	7.093635	0.707501	1.613073	11.922721	15.986308	0.279374	0.395841	10.068106	15.232741	0.047420	0.134127	9.251543	3.241245	0.165490	0.827459	89.205500
64.687500	80.405900	11.625728	8.523117	0.199331	1.898067	10.756835	16.484728	0.094396	0.382031	8.604117	15.680267	0.076097	0.084581	8.554366	3.725313	0.126223	0.541985	87.357200
70.312500	80.405900	11.950317	9.154653	0.439037	2.895846	8.819997	16.619201	0.141339	0.351362	6.239150	15.885086	0.166610	0.057092	8.551063	4.282419	0.077072	0.476428	86.106700
75.937500	80.405900	11.282658	9.936630	1.373047	3.158797	6.700893	16.389613	0.177242	0.090604	4.906400	17.311131	0.087168	0.055468	8.224314	4.945848	0.142088	0.263615	85.045500
81.562500	80.405900	11.093378	10.274441	2.349280	3.168275	5.390479	16.837931	1.279120	0.128242	3.817929	17.763068	0.466139	0.088956	7.697133	6.236459	0.186053	0.132516	86.909400
87.187500	80.405900	11.287250	10.928935	2.921474	2.748333	4.055885	16.849580	2.493502	0.104149	2.363531	17.810229	1.158196	0.054149	7.498987	6.995862	0.091325	0.118368	87.479700
92.812500	80.405900	11.079456	11.077545	3.271657	2.475452	2.382328	16.645553	4.009142	0.092463	1.161747	17.843367	2.245729	0.059477	7.264095	7.683087	0.085939	0.097205	87.474200
98.437500	80.405900	10.427326	11.391051	3.470595	1.730819	1.272616	16.728114	5.152873	0.112481	0.491864	18.043775	3.907049	0.049907	6.335113	7.957404	0.126232	0.131228	87.328400
104.062000	80.405900	9.808830	11.194770	3.396924	1.159417	0.143368	16.722007	6.955339	0.150527	0.168843	17.863837	4.760968	0.052446	5.081916	8.112506	0.285541	0.147867	86.005100
109.688000	80.405900	9.512719	11.819916	3.086845	0.441525	0.115625	16.571474	9.472818	0.329468	0.189539	15.955433	6.523986	0.035767	4.244950	8.524576	0.479679	0.082493	87.386700
115.312000	80.405900	8.380004	12.362670	2.334125	0.225965	0.104301	16.844265	11.161135	0.333440	0.099196	15.153120	8.253074	0.091813	3.850829	8.531464	0.644636	0.096116	88.466200
120.938000	80.405900	6.989675	12.170178	2.411088	0.655566	0.257304	15.965046	12.334848	0.499784	0.088040	14.856466	9.800020	0.125988	3.048233	9.278924	0.857661	0.151205	89.490000
126.562000	80.405900	5.855219	12.746861	2.913308	0.527173	0.099847	15.030862	13.361319	0.771386	0.334908	14.302968	11.533101	0.132612	2.503602	9.052944	0.927578	0.172239	90.265900
132.188000	80.405900	4.963130	12.556745	3.650590	0.441854	0.155657	14.716678	14.143727	0.344644	1.138901	13.478036	12.543399	0.853941	1.951042	9.059164	1.377062	0.275343	91.649900
137.812000	80.405900	3.866131	12.427927	4.821249	0.461135	0.366071	14.378856	14.170078	0.114944	0.861095	12.509018	13.299681	1.114074	1.348075	9.363702	1.817519	0.277379	91.196900
143.437000	80.405900	2.912505	12.161583	5.891772	0.573695	0.886964	13.317211	15.032785	0.133729	0.108852	11.604352	14.470012	0.344316	0.920067	8.782811	2.568599	0.189464	89.898800
149.062000	80.405900	2.402459	12.528470	6.850215	0.705325	0.532935	12.134779	15.343237	0.251453	0.147301	9.924382	15.134459	0.074475	0.822216	9.094066	3.191053	0.160408	89.297200
154.688000	80.405900	2.407175	12.017157	8.440579	0.187319	0.350160	10.845051	16.641821	0.139468	0.071166	8.400712	15.247104	0.067215	0.619967	8.605678	3.775359	0.093434	87.909300
160.312000	80.405900	2.999715	12.074045	9.190075	0.449635	0.369983	9.389759	16.843247	0.127051	0.045846	6.669214	16.012208	0.145971	0.463179	8.246447	4.345878	0.135952	87.508300
165.938000	80.405900	3.278239	11.721973	9.746061	1.313184	0.135831	6.919849	16.569325	0.164065	0.061708	4.708106	17.153020	0.093490	0.275910	8.205608	5.231826	0.163267	85.741500
171.562000	80.405900	3.632438	11.416611	10.512047	2.461360	0.091560	5.294109	16.573397	1.285046	0.057405	3.808915	18.223826	0.479813	0.083585	7.924063	6.138856	0.139264	88.122200
177.188000	80.405900	3.505418	10.799710	11.180407	3.039468	0.090009	4.040459	16.854783	2.479591	0.070474	2.242415	17.780485	1.288450	0.058826	7.710230	7.149810	0.064602	88.355200
182.812000	80.405900	3.118976	11.084059	11.012887	3.321273	0.080904	2.479354	16.951820	4.048896	0.051421	1.193652	18.209915	2.327260	0.150081	7.005803	7.532294	0.080497	88.649100
188.438000	80.405900	2.198160	10.459355	11.669722	3.496449	0.101576	1.361997	16.726757	5.325245	0.043794	0.524962	17.832849	3.805850	0.117148	6.372322	7.852936	0.098940	87.988000
194.062000	80.405900	1.416013	10.240353	11.815505	3.375141	0.107228	0.151701	16.579617	6.729133	0.040928	0.107872	17.744293	4.854590	0.170754	5.042377	7.946332	0.277885	86.599700
199.687000	80.405900	0.458603	9.256169	12.307139	3.095090	0.358368	0.103504	16.865866	9.153736	0.057952	0.110289	15.929986	6.331132	0.107936	4.436933	8.473501	0.438967	87.485200
205.312000	80.405900	0.248088	8.373738	12.269251	2.400864	0.337409	0.142453	16.866319	11.018429	0.108791	0.078998	15.351154	8.513187	0.100327	3.764750	8.786736	0.682492	89.042900
210.938000	80.405900	0.741263	7.044437	12.015122	2.615512	0.564140	0.251497	15.419012	12.748784	0.111765	0.038952	15.154025	10.066387	0.135927	3.120367	9.153861	0.846554	90.027500
216.562000	80.405900	0.456805	5.892597	12.269930	2.961703	0.826388	0.131259	15.407702	13.485839	0.159007	0.332407	14.386094	11.291819	0.196481	2.553206	9.097312	1.085967	90.534400
222.188000	80.405900	0.473887	4.753424	12.463213	3.814174	0.351395	0.096602	14.417648	13.653789	0.786587	1.152971	13.938794	12.393319	0.230768	1.923503	9.234307	1.313784	90.998200
227.812000	80.405900	0.455005	3.548271	12.674705	4.921759	0.145802	0.364317	13.878626	14.800935	1.130877	0.847403	12.547471	14.015248	0.254104	1.340916	9.156519	1.995105	92.077000
233.438000	80.405900	0.529096	2.999590	12.677080	5.787360	0.123149	0.742836	13.615110	15.071012	0.350137	0.136328	11.282240	14.930997	0.228506	0.952619	9.142212	2.514301	91.082500
239.062000	80.405900	0.633309	2.546432	12.026092	7.175178	0.238934	0.549560	12.256358	15.530074	0.086980	0.119809	10.329236	15.144412	0.169207	0.771303	9.089848	3.168297	89.835000
244.687000	80.405900	0.190486	2.528076	11.851017	8.441336	0.104707	0.352817	11.053150	16.839741	0.062683	0.086112	8.462587	15.433036	0.079226	0.633146	8.810644	3.954347	88.883100
250.312000	80.405900	0.433909	3.051366	11.667687	9.347789	0.120557	0.373019	9.077859	16.854670	0.122746	0.032252	6.385589	16.230938	0.091421	0.438314	8.625832	4.274864	87.128900
255.937000	80.405900	1.313456	3.451504	11.719598	10.260925	0.127150	0.110570	6.850170	16.302076	0.172125	0.051432	4.824212	17.272112	0.136273	0.281465	8.240114	4.912281	86.025400
261.562000	80.405900	1.859218	3.677235	11.380759	10.193157	1.218194	0.110554	5.065890	16.742025	0.578497	0.063276	3.581499	17.786705	0.144265	0.143532	7.880475	5.929286	86.354500
267.188000	80.405900	2.527544	3.279755	10.946533	11.171495	2.622388	0.078489	3.865113	16.800722	1.207461	0.055908	2.400174	18.090258	0.122945	0.089914	7.349461	7.225676	87.833800
272.812000	80.405900	2.759111	2.917289	11.453480	11.016189	4.212084	0.106648	2.367229	16.707869	2.477227	0.027213	1.155990	17.825723	0.084025	0.073659	6.828116	7.546646	87.558500
278.438000	80.405900	3.251718	2.291951	10.255406	11.226788	5.178919	0.082167	1.268500	16.866206	3.709841	0.043419	0.488017	17.611969	0.133299	0.109503	6.115908	8.042046	86.675700
284.062000	80.405900	3.248721	1.448585	10.100983	11.682615	6.906187	0.113477	0.145211	17.004071	4.559915	0.063457	0.117507	17.900368	0.315995	0.144276	5.016579	7.893154	86.661100
289.688000	80.405900	3.127537	0.394896	9.654158	11.767665	9.390607	0.350713	0.090103	16.804002	6.460075	0.041583	0.163420	16.212729	0.398201	0.102627	4.531347	8.450486	87.940100
295.312000	80.405900	1.862623	0.209238	8.344129	11.971240	10.840628	0.298497	0.114288	16.158556	8.489753	0.067761	0.063045	15.381464	0.581033	0.116640	3.678152	8.667486	86.844500
300.938000	80.405900	1.492376	0.705890	7.036136	12.370926	11.933352	0.453309	0.213029	15.531770	10.036518	0.108879	0.059632	15.026677	0.780516	0.170507	3.121543	8.961471	88.002400
306.562000	80.405900	1.753642	0.593107	5.991546	12.017949	13.339605	0.936148	0.128437	14.806364	10.996703	0.115168	0.344933	14.203781	1.052694	0.179279	2.595211	9.328087	88.382600
312.187000	80.405900	2.057071	0.451280	4.797691	12.734534	14.391975	0.285238	0.087993	14.666802	12.407230	0.801990	1.217289	13.879644	1.405461	0.246949	1.875041	9.072759	90.379000
317.812000	80.405900	2.926247	0.415083	3.651404	12.260882	14.730589	0.150901	0.383602	14.172680	13.666003	1.276055	0.827996	12.426117	1.883263	0.225765	1.396017	9.080449	89.473100
323.438000	80.405900	3.973562	0.570188	2.913150	12.328741	14.997951	0.118037	0.732989	13.359623	14.489352	0.361659	0.112545	11.308648	2.601612	0.144266	0.972751	9.091917	88.077000
329.062000	80.405900	5.201957	0.716428	2.275846	12.347402	15.555521	0.222641	0.527449	12.380313	14.712380	0.055169	0.093669	9.956648	3.142081	0.130764	0.783145	9.234228	87.335700
334.688000	80.405900	6.597556	0.179683	2.352549	11.788475	16.496264	0.113023	0.317041	10.604787	15.196323	0.057793	0.095134	8.894710	3.873041	0.111344	0.609045	9.214119	86.500900
340.312000	80.405900	8.041594	0.521390	2.938947	11.773885	16.988125	0.130323	0.331505	9.286083	16.083459	0.183024	0.056619	6.639673	4.247698	0.062158	0.488242	8.659343	86.432000
345.938000	80.405900	9.018235	1.296865	3.372088	11.624710	16.477490	0.144406	0.118317	7.179408	17.644655	0.109958	0.041471	4.763377	4.845463	0.192415	0.281825	8.341290	85.451900
351.562000	80.405900	10.057723	2.240865	3.571365	11.256985	16.518884	1.282196	0.063115	5.251516	17.845742	0.503811	0.068496	3.667373	5.946658	0.128111	0.137975	7.976201	86.517000
357.187000	80.405900	10.481759	3.102961	3.381961	10.902651	16.842342	2.523925	0.096673	3.960295	17.592177	1.351411	0.037329	2.299812	6.851934	0.122911	0.083457	7.241521	86.873100
0.000000	82.819200	10.689010	2.829820	3.055438	10.409286	17.016625	2.937782	0.074070	2.937443	17.651667	1.999301	0.058751	2.131342	8.132897	0.101977	0.062775	7.850923	87.939100
5.625000	82.819200	10.715814	3.273014	2.377227	9.927186	16.763287	4.871883	0.124560	1.875957	17.803104	3.250361	0.057922	1.092277	8.279257	0.159552	0.103180	6.968176	87.642700
11.250000	82.819200	11.289523	3.233928	1.377107	9.166878	16.773805	5.804902	0.069411	0.553144	17.701656	4.701920	0.090763	0.270331	8.537232	0.288687	0.286151	6.229537	86.375000
16.875000	82.819200	11.120714	3.068557	0.648312	8.503924	16.642612	7.820093	0.119733	0.131260	17.812830	6.215863	0.059558	0.145918	8.819421	0.448476	0.152267	5.202726	86.912400
22.500000	82.819200	11.531857	2.552041	0.354168	6.665471	17.104615	10.100339	0.311823	0.090848	16.001463	7.766903	0.095787	0.143233	9.137677	0.657404	0.130588	4.351861	86.996100
28.125000	82.819200	11.899310	2.045546	0.231631	5.551971	15.855455	11.367866	0.201798	0.134503	15.493091	9.998721	0.068306	0.045562	9.518973	0.663545	0.136763	3.858621	87.071800
33.750000	82.819200	11.955972	2.275394	1.377593	4.141149	15.535163	12.543625	0.963388	0.383087	14.869472	10.890007	0.101848	0.071748	9.304552	0.796032	0.199371	3.167811	88.576200
39.375000	82.819200	11.898971	2.854430	1.459261	2.940791	15.007903	13.706832	1.134197	0.130610	14.212150	12.463439	0.663656	0.681791	9.586266	1.272356	0.247719	2.412841	90.673100
45.000000	82.819200	12.116231	3.852717	1.277830	2.224851	14.306134	14.146102	0.176009	0.185343	13.439356	13.308390	1.270275	1.305358	9.464030	1.560121	0.350578	1.748960	90.732300
50.625000	82.819200	12.344687	4.883486	1.526147	1.609251	13.719159	14.803310	0.134530	1.325557	12.775588	14.154245	0.705644	0.647615	9.623939	2.453081	0.221528	1.138098	92.065800
56.250000	82.819200	12.001550	6.162210	1.449218	1.287568	12.333604	15.166013	0.420080	1.077479	10.921222	14.594080	0.077112	0.142040	9.353806	3.124223	0.196365	0.778215	89.084700
61.875000	82.819200	12.055158	6.954038	0.247430	1.549739	11.308761	16.113204	0.112308	0.172626	9.715683	15.225955	0.070777	0.087943	9.559202	3.534778	0.169164	0.728057	87.604800
67.500000	82.819200	11.311430	8.213389	0.332323	2.185063	9.981971	17.204140	0.054609	0.293475	8.001094	15.750953	0.154469	0.148653	9.056778	4.314471	0.102231	0.627094	87.732100
73.125000	82.819200	11.619394	9.161472	0.758562	2.894862	7.849204	16.867224	0.122124	0.143375	5.925192	17.355804	0.115149	0.052929	9.116052	4.886189	0.129628	0.498947	87.496200
78.750000	82.819200	11.050582	9.639422	1.418105	3.068557	5.593025	17.120788	0.527987	0.103483	4.556748	18.021043	0.176165	0.076467	8.297646	5.894859	0.297525	0.335716	86.178200
84.375000	82.819200	10.435570	10.151639	2.413486	2.829232	4.761104	16.943451	1.738170	0.080154	3.554909	17.945833	0.870084	0.047262	8.146525	6.911864	0.126424	0.136228	87.091800
90.000000	82.819200	10.826921	10.552151	2.925319	2.199144	3.063083	16.893801	3.112461	0.066495	1.981556	17.831152	1.982698	0.043298	7.731424	7.983405	0.082931	0.114572	87.390400
95.625000	82.819200	10.227008	10.912343	3.392332	1.801041	1.813606	16.716239	4.834470	0.105790	0.898965	17.160485	3.180998	0.056081	7.139326	8.312134	0.138811	0.124130	86.813900
101.250000	82.819200	10.038972	11.127375	3.351911	1.265254	0.594470	17.126330	5.695706	0.097790	0.237897	17.611178	4.590745	0.056101	6.145121	8.737821	0.344697	0.236500	87.257900
106.875000	82.819200	9.298829	11.190902	2.919642	0.594355	0.124755	16.790883	7.780554	0.159946	0.122629	17.840313	5.928291	0.083404	4.859578	8.818109	0.416033	0.133488	87.061600
112.500000	82.819200	8.439086	11.517041	2.453059	0.282182	0.088576	16.527027	9.654452	0.318453	0.103954	16.305356	7.774051	0.077511	4.376573	9.357368	0.650147	0.124698	88.049500
118.125000	82.819200	7.121015	11.679109	1.948486	0.284395	0.159104	16.132656	11.505166	0.150875	0.070557	15.518425	10.142784	0.086919	3.858836	9.377160	0.704196	0.100947	88.840600
123.750000	82.819200	5.674636	12.091010	2.287642	1.485737	0.351960	15.172460	12.737361	0.927576	0.102364	14.872865	11.149056	0.141029	3.020276	9.357459	0.791385	0.202579	90.365500
129.375000	82.819200	4.802260	11.804987	2.698208	1.495848	0.148802	14.775601	13.887561	1.191413	0.703128	14.099392	12.534012	0.577847	2.368824	9.243140	1.179639	0.250201	91.760700
135.000000	82.819200	3.832982	12.220506	3.696835	1.274166	0.193369	14.435405	14.701975	0.182995	1.333056	13.401356	13.615449	1.182761	1.795036	9.360761	1.799593	0.341846	93.368100
140.625000	82.819200	2.962291	11.841743	4.668590	1.532028	1.138200	13.192239	15.212044	0.106729	0.587615	12.314603	14.509710	0.657628	1.155640	9.561362	2.457379	0.259170	92.157100
146.250000	82.819200	2.123482	11.682842	5.677950	1.473783	1.129400	12.663735	15.451358	0.478933	0.181644	11.139194	14.815751	0.085844	0.737079	9.205422	3.059373	0.189771	90.095600
151.875000	82.819200	2.161957	11.419664	6.854060	0.283571	0.184740	11.606162	16.049077	0.168173	0.094297	9.625726	15.349005	0.045982	0.694384	9.291794	3.709163	0.117420	87.655200
157.500000	82.819200	2.460376	11.522696	8.345486	0.310796	0.311696	9.813162	16.959737	0.097934	0.111508	7.959643	16.691470	0.112250	0.697003	9.045287	4.189883	0.154065	88.783000
163.125000	82.819200	2.971757	11.418081	8.833128	0.596660	0.112544	8.096729	16.741120	0.099090	0.051375	6.231516	17.933958	0.097293	0.453964	9.017149	4.926667	0.139846	87.720900
168.750000	82.819200	3.563573	11.153297	9.755312	1.344727	0.079088	5.730325	16.988803	0.513710	0.086509	4.582930	18.121925	0.208879	0.388084	8.576736	6.380477	0.275521	87.750000
174.375000	82.819200	3.250711	10.433817	10.325142	2.264978	0.077558	4.916443	17.079620	1.866705	0.051973	3.409104	17.686727	1.021469	0.144812	8.402205	7.062454	0.171167	88.164900
180.000000	82.819200	2.923238	10.619026	10.787676	3.015729	0.093975	3.013840	16.905111	3.161353	0.063295	1.983739	17.605523	2.041147	0.086475	8.048312	7.688956	0.111058	88.148400
185.625000	82.819200	2.266538	10.294097	10.986841	3.355632	0.110689	1.654331	16.795181	4.755528	0.052537	0.963480	17.312375	3.578083	0.139595	7.329940	8.459251	0.143899	88.198000
191.250000	82.819200	1.443574	9.994932	10.939555	3.146300	0.117725	0.536231	17.408394	5.885823	0.069624	0.212735	17.885552	4.744739	0.276483	6.269053	8.370006	0.358051	87.658800
196.875000	82.819200	0.697945	9.047968	11.250697	3.078656	0.130033	0.111072	16.595903	7.753625	0.093921	0.110902	17.759222	6.154802	0.151388	5.037401	9.028131	0.498672	87.500300
202.500000	82.819200	0.394899	8.353414	11.392182	2.365951	0.294198	0.096720	16.782514	10.012123	0.107966	0.158041	16.252766	7.764754	0.153876	4.367084	8.993636	0.617332	88.107400
208.125000	82.819200	0.320186	6.809952	11.629912	2.012296	0.180328	0.165719	16.098501	11.379175	0.110543	0.062028	15.589337	9.611792	0.133499	3.536836	8.889032	0.653381	87.182600
213.750000	82.819200	1.499354	5.819197	11.963436	2.204753	1.050396	0.318550	15.128578	12.552673	0.133269	0.068066	14.741559	11.373068	0.230684	3.268570	9.436774	0.810247	90.599100
219.375000	82.819200	1.429007	4.934030	12.117022	3.018907	1.214948	0.133081	14.351147	13.795387	0.703126	0.679480	14.355106	12.082980	0.215015	2.478913	9.664190	1.318975	92.491200
225.000000	82.819200	1.351400	3.799799	11.977686	3.702841	0.225023	0.181704	14.431559	14.788494	1.310052	1.407677	13.196536	13.426350	0.390577	1.796359	9.365681	1.763108	93.114800
230.625000	82.819200	1.433316	2.815298	11.664407	4.810278	0.169592	1.105607	13.628908	14.997498	0.638232	0.600286	12.202750	13.882246	0.236168	1.234423	9.295764	2.517049	91.231900
236.250000	82.819200	1.362393	2.225642	12.146880	5.815895	0.367090	0.916815	12.946478	15.541270	0.059117	0.144119	11.190834	14.780012	0.226748	0.823183	9.420601	3.041662	91.008700
241.875000	82.819200	0.216783	2.029305	11.791528	7.124307	0.112739	0.240141	11.609215	15.884521	0.056967	0.087380	10.060415	15.498293	0.160421	0.725784	9.708479	3.880223	89.186600
247.500000	82.819200	0.331320	2.522229	11.538190	8.267121	0.076433	0.305929	9.987162	16.528723	0.166190	0.102613	8.078667	15.764072	0.105523	0.578634	9.189204	4.298536	87.840500
253.125000	82.819200	0.569173	3.176689	11.476100	9.297246	0.107338	0.100445	7.948017	16.772674	0.128498	0.092585	6.092225	17.257409	0.161772	0.502519	8.918449	4.977719	87.578800
258.750000	82.819200	1.334028	3.364691	11.157335	9.760357	0.550168	0.135989	5.761812	17.057114	0.271297	0.087844	4.561204	17.545129	0.215939	0.315883	8.685163	6.113386	86.917300
264.375000	82.819200	1.799220	3.257780	10.559129	10.122867	1.918447	0.102247	4.725580	16.990160	1.051222	0.061778	3.397240	17.646464	0.114763	0.143413	8.416195	7.023152	87.329700
270.000000	82.819200	2.365465	3.024766	10.283194	10.738027	3.391710	0.118868	3.085420	17.206063	1.996541	0.066732	1.841055	17.750627	0.071280	0.093324	7.738493	7.968646	87.740200
275.625000	82.819200	2.934367	2.414719	10.068547	10.514184	4.672684	0.094670	1.894584	16.653017	3.255778	0.061461	0.993295	17.515384	0.115157	0.186742	6.969205	8.401967	86.745800
281.250000	82.819200	3.031597	1.461500	10.037694	10.697040	5.764164	0.108752	0.437018	16.795746	4.610277	0.094740	0.161852	17.801068	0.359817	0.257063	6.223283	8.646099	86.487800
286.875000	82.819200	2.905425	0.698790	9.101395	11.460040	7.781266	0.158888	0.141917	16.770412	6.198673	0.062440	0.103064	17.990846	0.452725	0.165256	5.178195	9.033005	88.202400
292.500000	82.819200	2.211799	0.319422	8.281224	11.231866	9.966850	0.346544	0.073138	16.774710	7.929865	0.087970	0.112920	15.970475	0.651988	0.159035	4.149247	8.844574	87.111600
298.125000	82.819200	1.668468	0.307855	7.152140	11.684425	11.127409	0.232185	0.130055	16.013565	9.604158	0.117420	0.071934	15.447286	0.717764	0.137665	3.879601	9.494431	87.786400
303.750000	82.819200	1.281133	1.525208	5.957289	11.710664	12.850119	1.058055	0.406174	15.119983	11.236164	0.186913	0.073031	14.778316	0.839550	0.209936	3.086788	9.414991	89.734300
309.375000	82.819200	1.717553	1.327344	4.662585	12.183071	13.602443	1.149555	0.127229	15.019892	12.626639	0.585059	0.745872	14.391070	1.215468	0.238881	2.448218	9.480735	91.521500
315.000000	82.819200	2.230551	1.366046	3.686442	12.235322	14.412898	0.214076	0.167527	14.118732	13.633545	1.180408	1.248956	13.337456	1.658403	0.406826	1.708369	9.610604	91.216100
320.625000	82.819200	3.069168	1.385895	2.791242	12.232608	14.775828	0.190320	1.115817	13.528251	14.075416	0.791340	0.623422	12.471130	2.436942	0.275735	1.168239	9.254517	90.185900
326.250000	82.819200	4.279524	1.454398	2.181648	11.819463	15.178454	0.387865	1.000984	12.668711	14.833168	0.099264	0.146830	11.173214	3.039231	0.205734	0.844731	9.261586	88.574800
331.875000	82.819200	5.578175	0.235252	2.195400	11.671306	15.907706	0.095876	0.159063	11.785986	15.255134	0.090910	0.093835	10.024484	3.850218	0.159206	0.637429	9.546761	87.286700
337.500000	82.819200	7.093386	0.295388	2.335222	11.523261	16.819383	0.102362	0.313927	10.087592	16.051452	0.117388	0.106814	7.988868	4.304032	0.156332	0.576212	9.160454	87.032100
343.125000	82.819200	8.102802	0.633887	3.034515	11.271303	16.640803	0.126474	0.111521	7.778699	17.923213	0.149507	0.052658	5.939635	4.858763	0.132859	0.449885	8.455869	85.662400
348.750000	82.819200	9.443458	1.304159	3.347953	10.883594	16.571361	0.554054	0.090144	5.821018	17.702108	0.215363	0.086079	4.487883	6.092180	0.250276	0.319157	8.663799	85.832600
354.375000	82.819200	10.014860	2.257807	3.286812	10.728967	17.105746	1.929678	0.071249	4.639581	18.006340	1.063864	0.045522	3.509309	7.315984	0.158310	0.146152	8.119552	88.399800
2.812500	85.219800	10.647130	2.765219	2.155499	10.036868	17.067971	3.721208	0.056230	2.499949	17.517646	2.822502	0.053476	1.613639	8.449773	0.209992	0.198212	7.964461	87.779700
8.437500	85.219800	10.332437	3.020886	1.145167	9.456260	16.903528	5.135818	0.054226	1.029980	17.587314	4.454678	0.072083	0.759315	8.718063	0.633286	0.186802	7.127394	86.617300
14.062500	85.219800	10.423288	2.752156	0.554914	8.377470	17.136395	6.339354	0.105947	0.167855	17.652006	5.656733	0.095718	0.155914	9.074308	0.769038	0.288451	6.256952	85.806500
19.687500	85.219800	10.831920	2.426322	0.423656	7.191509	16.696107	8.502726	0.244339	0.089831	17.343590	7.547992	0.081837	0.134279	9.057966	0.836306	0.135159	5.189336	86.732900
25.312500	85.219800	11.327151	1.674078	0.233751	5.594925	16.547158	10.644574	0.417517	0.151156	15.744393	9.249326	0.099881	0.158011	9.824245	0.772316	0.215618	4.469324	87.123400
30.937500	85.219800	11.642353	1.695148	0.944279	4.384546	15.356130	11.924418	0.263565	0.325249	15.425459	10.808486	0.141607	0.067456	9.459461	0.666626	0.171094	3.657964	86.933800
36.562500	85.219800	11.506862	2.261992	2.186002	3.357577	15.388476	12.855322	1.142159	0.137344	14.747779	12.049164	0.398848	0.166109	10.013118	1.108784	0.246576	3.151593	90.717800
42.187500	85.219800	11.511838	2.870998	2.506248	2.404314	14.426357	13.943544	1.023624	0.123948	13.959943	13.315176	1.112030	1.108492	9.984448	1.563356	0.642777	2.462525	92.959600
47.812500	85.219800	12.045206	3.860532	2.409754	1.688690	14.073832	14.609235	0.111312	1.132659	13.195971	13.907692	1.029700	1.098585	9.962925	2.365182	0.618801	1.562575	93.672700
53.437500	85.219800	11.652305	4.620773	2.081070	1.232750	13.333158	15.425685	0.185661	1.188042	12.172666	14.718940	0.155309	0.407100	9.588505	3.129132	0.242066	0.899339	91.032400
59.062500	85.219800	11.547803	6.032307	0.916053	1.142905	11.940817	15.640117	0.304149	0.311386	11.005479	15.180264	0.102292	0.135150	9.907790	3.932259	0.203729	0.647632	88.950200
64.687500	85.219800	11.473951	7.072892	0.242374	1.503392	10.530979	16.541956	0.134409	0.351020	9.344860	15.656064	0.113160	0.143769	9.532217	4.434694	0.146451	0.855074	88.077300
70.312500	85.219800	10.807129	7.958298	0.382647	2.515443	8.568560	17.523980	0.074744	0.201073	7.362456	17.909755	0.113899	0.101278	9.228200	4.979065	0.104472	0.753566	88.584600
75.937500	85.219800	10.752322	9.261224	0.815109	2.819788	6.455370	17.079055	0.133225	0.054952	5.595016	17.298577	0.117663	0.086708	9.169129	6.255877	0.322835	0.820441	87.037300
81.562500	85.219800	10.296234	9.667775	1.365300	2.638742	5.363856	16.923433	1.033436	0.082943	4.205886	17.270981	0.601336	0.067847	8.868980	7.354935	0.144000	0.630467	86.516200
87.187500	85.219800	10.361175	10.167055	2.323110	2.225122	3.759254	17.380459	2.385630	0.059570	2.913828	17.683899	1.648948	0.073001	8.411479	8.079866	0.181329	0.271933	87.925700
92.812500	85.219800	10.135523	10.270516	2.844296	1.668796	2.426232	17.099412	3.511887	0.094149	1.624474	17.531897	2.980047	0.074742	8.080352	8.639947	0.216901	0.167105	87.366300
98.437500	85.219800	9.569708	10.602479	3.238667	1.060043	1.082787	17.188307	5.248531	0.061941	0.710282	17.773925	4.427512	0.068090	7.568768	8.857874	0.597967	0.181923	88.238800
104.062000	85.219800	9.015045	10.985959	3.018443	0.677177	0.113448	17.144086	6.660359	0.078405	0.149849	17.647369	5.414230	0.066795	6.140575	8.920564	0.891831	0.368650	87.292900
109.688000	85.219800	8.449061	10.785030	2.612967	0.463784	0.059813	16.892218	8.865994	0.211046	0.197846	17.315315	7.525960	0.067988	5.207646	9.700189	0.827116	0.143137	89.325100
115.312000	85.219800	6.860959	10.907571	1.636926	0.216054	0.174169	16.343130	10.549154	0.381791	0.116737	15.870157	9.248354	0.149344	4.389681	9.634852	0.782413	0.178645	87.440000
120.938000	85.219800	5.993718	11.405301	1.697252	0.918891	0.338567	15.572938	12.226501	0.291714	0.065309	15.368797	10.538907	0.085598	3.674080	9.896130	0.613120	0.254246	88.941100
126.562000	85.219800	4.883272	11.310073	2.081658	2.033976	0.180314	15.203449	13.047022	1.255844	0.187505	14.643051	12.005961	0.412402	3.039989	9.791617	0.912841	0.276352	91.265400
132.188000	85.219800	3.781602	11.420343	2.618916	2.456655	0.114017	14.366981	14.001111	1.089771	1.039267	14.385755	13.069754	0.964172	2.319117	9.882773	1.636043	0.661837	93.808300
137.812000	85.219800	2.729367	12.002229	3.707478	2.489940	1.035239	13.703212	14.793697	0.153369	1.097933	13.567948	14.229341	1.166938	1.675786	9.716102	2.302877	0.696181	95.067700
143.437000	85.219800	2.164649	11.319686	4.636618	2.162070	1.218364	13.399772	15.117947	0.127883	0.328190	12.135344	15.008808	0.191992	1.059615	9.545630	3.160482	0.251130	91.828200
149.062000	85.219800	1.726725	10.977510	5.933211	1.139082	0.250729	11.857916	15.408042	0.336707	0.141591	10.848726	15.424893	0.114556	0.606009	9.783259	3.739801	0.204075	88.492900
154.688000	85.219800	1.876330	11.206498	7.034575	0.243319	0.316674	10.467226	16.907147	0.122195	0.098929	9.413566	16.029285	0.140052	0.835654	9.599193	4.661171	0.156969	89.108800
160.312000	85.219800	2.647371	11.104145	8.291742	0.370605	0.222472	8.700386	17.201200	0.096424	0.148815	7.510036	17.286249	0.145338	0.871717	9.209211	5.003087	0.125724	88.934600
165.938000	85.219800	3.051796	10.626456	9.174354	0.762455	0.129455	6.628454	17.320857	0.097930	0.126482	5.759312	17.893356	0.109129	0.761516	8.838941	6.348719	0.322103	87.951300
171.562000	85.219800	3.158978	10.769626	9.514924	1.333938	0.065800	5.167451	17.231284	1.038934	0.049327	4.398005	17.706066	0.679166	0.563619	8.421623	7.206856	0.218011	87.523700
177.188000	85.219800	2.972865	10.249944	10.242445	2.058055	0.073678	3.662736	17.356256	2.326978	0.050156	2.861170	17.473086	1.674078	0.251669	8.844607	8.208344	0.135011	88.441200
182.812000	85.219800	2.193184	10.298078	10.212746	2.909610	0.056300	2.375610	17.406924	3.829317	0.055920	1.735829	17.357274	2.831324	0.139207	8.240464	8.503268	0.276508	88.421600
188.438000	85.219800	1.561772	9.550731	10.069757	3.146560	0.077112	0.970634	16.932594	5.010868	0.064685	0.612765	17.592404	4.552043	0.182636	7.548263	9.026672	0.578574	87.478100
194.062000	85.219800	0.735255	8.694267	10.458608	2.936391	0.101427	0.137613	16.814633	6.569960	0.113906	0.116063	17.776752	5.611550	0.346384	6.160367	9.332430	0.799841	86.705500
199.687000	85.219800	0.469443	8.174969	11.018757	2.484748	0.229099	0.076028	16.856140	9.037348	0.133252	0.157684	17.258314	7.576899	0.124951	5.102262	9.336864	0.679235	88.715900
205.312000	85.219800	0.260456	6.777686	11.302574	1.830356	0.388774	0.155080	16.553718	10.652548	0.127344	0.154790	16.325827	9.491626	0.164000	4.365636	9.630691	0.790773	88.971900
210.938000	85.219800	0.892539	6.121088	11.324549	1.730197	0.246965	0.305767	15.434959	12.335753	0.102852	0.101248	15.365178	10.887609	0.222279	3.902808	9.780793	0.664602	89.419200
216.562000	85.219800	2.275247	4.817076	11.286763	2.094676	1.117378	0.146142	15.089107	13.467065	0.399133	0.139603	14.848323	12.245727	0.269764	2.778835	9.819812	1.044772	91.839200
222.188000	85.219800	2.416585	3.762556	11.330657	2.853005	1.061896	0.114501	14.671439	13.973741	1.033882	1.148854	14.091928	13.361659	0.564235	2.391997	9.779775	1.518411	94.075200
227.812000	85.219800	2.400932	2.940768	11.345585	3.663483	0.124751	1.077522	13.901020	14.524865	1.073492	1.068447	13.015468	14.542168	0.667597	1.560291	9.982140	2.297369	94.186000
233.438000	85.219800	2.051326	2.269999	11.450540	4.909770	0.164481	1.190768	12.899204	15.062416	0.148993	0.374559	12.145749	14.656510	0.230153	1.069798	9.816770	3.008604	91.449600
239.062000	85.219800	0.957394	1.738249	11.337216	5.481602	0.332074	0.244088	11.936293	15.360428	0.096463	0.099816	10.760329	15.419804	0.186487	0.647914	9.627931	3.632743	87.858800
244.687000	85.219800	0.279200	1.755972	11.380759	6.744299	0.131937	0.378469	10.713213	16.736144	0.181369	0.160703	9.429773	15.529734	0.148720	0.773498	9.458930	4.450674	88.253400
250.312000	85.219800	0.362950	2.603320	11.050028	8.009067	0.081053	0.202734	8.951948	17.059037	0.164255	0.110712	7.476605	17.306154	0.115841	0.778279	9.343887	5.167270	88.783200
255.937000	85.219800	0.659216	3.204692	10.942767	9.068246	0.144799	0.139941	6.806096	16.922981	0.182881	0.087122	5.453339	17.458836	0.310741	0.779612	8.820597	6.171043	87.152900
261.562000	85.219800	1.113491	2.915174	10.569636	9.436638	1.099717	0.072869	5.394008	17.398216	0.829998	0.050715	4.441875	17.345851	0.139071	0.673947	8.660870	7.312455	87.454600
267.188000	85.219800	1.803201	2.842973	10.324950	10.165381	2.489057	0.075866	3.585796	17.537438	1.650441	0.061386	3.014462	17.702447	0.142793	0.218117	8.685152	8.422302	88.721700
272.812000	85.219800	2.263462	2.073979	9.854725	10.397864	3.919038	0.110327	2.228029	17.571594	2.897158	0.081538	1.628850	17.456348	0.229942	0.154120	8.151129	8.467665	87.485700
278.438000	85.219800	2.673485	1.404239	9.533676	10.740221	5.085603	0.088327	1.110852	16.980773	4.459552	0.075122	0.568211	17.627803	0.571581	0.191847	7.292731	9.120644	87.524700
284.062000	85.219800	2.738867	0.730204	8.864049	10.546315	6.381415	0.108135	0.106625	16.540485	5.735358	0.121787	0.076406	18.346537	0.742457	0.368645	6.273939	9.017115	86.698400
289.688000	85.219800	2.394915	0.436708	7.974448	10.753770	8.659422	0.163142	0.105396	16.988690	7.420079	0.104013	0.149909	17.320291	0.766584	0.123459	5.130299	9.334240	87.825400
295.312000	85.219800	1.572166	0.261743	7.044166	11.613061	10.791838	0.310879	0.135137	17.038227	9.304439	0.158482	0.102293	15.825597	0.747573	0.141188	4.558411	9.553784	89.159000
300.938000	85.219800	1.145891	1.057336	5.556235	11.491594	11.677413	0.235175	0.309293	15.912456	11.435498	0.103863	0.096354	15.272551	0.576740	0.278391	3.618176	9.544816	88.311700
306.562000	85.219800	1.421294	2.127621	4.660798	11.321948	13.234763	1.158207	0.125831	15.198133	11.766873	0.462747	0.130029	14.654248	0.943055	0.233118	3.021565	9.725794	90.186000
312.187000	85.219800	1.735603	2.509754	3.785243	11.642918	13.612508	0.984791	0.112640	14.448185	13.204001	1.088437	1.064188	14.329093	1.457983	0.661815	2.311506	10.152069	93.100800
317.812000	85.219800	2.483403	2.403443	2.949047	11.511386	14.431899	0.149716	1.035478	14.044653	14.113077	1.067471	1.100833	13.444785	2.515952	0.556644	1.526746	10.235479	93.570000
323.438000	85.219800	3.401934	2.139519	2.178074	11.475308	15.070559	0.170556	1.185746	13.151071	14.244836	0.140059	0.419622	11.896709	3.194355	0.208545	1.055740	10.022019	89.954600
329.062000	85.219800	4.235020	0.994359	1.705293	11.525297	15.489246	0.367159	0.254843	11.853279	15.416976	0.055370	0.140621	11.081390	3.757716	0.184266	0.630714	9.776247	87.467800
334.688000	85.219800	5.816924	0.254640	1.675198	11.656829	16.136954	0.097372	0.379488	10.409230	16.140234	0.116599	0.137738	9.316789	4.347722	0.169928	0.762469	9.489794	86.908000
340.312000	85.219800	7.532136	0.331292	2.603795	11.166168	17.072495	0.094548	0.185439	8.965995	17.382947	0.138494	0.099473	7.409821	5.025062	0.135526	0.752589	9.562561	88.458300
345.938000	85.219800	8.730854	0.629421	2.944874	11.122071	16.991404	0.154135	0.113334	6.567381	17.674965	0.104458	0.074204	5.554255	6.341910	0.304741	0.900778	9.168439	87.377200
351.562000	85.219800	9.558885	1.294320	3.284313	10.478151	17.143747	1.149024	0.093812	5.060190	17.797223	0.658402	0.064333	4.419629	7.355251	0.186837	0.593032	8.588906	87.726100
357.187000	85.219800	9.958605	2.139824	2.808546	10.362227	17.189438	2.342664	0.049762	3.800557	17.539700	1.740432	0.058647	2.911193	8.169054	0.141721	0.214615	8.621964	88.048900
0.000000	87.612000	9.875603	1.884767	1.797456	9.797950	17.616720	2.872582	0.036088	2.918137	17.363042	2.542926	0.053692	2.612763	8.918155	0.525911	0.502032	8.862895	88.180600
5.625000	87.612000	10.007881	2.434465	1.157585	9.231038	17.242480	4.596321	0.044951	1.688306	17.698037	3.955613	0.072417	1.270479	9.475125	1.156330	0.201215	8.282808	88.515100
11.250000	87.612000	10.684418	2.698763	0.513400	8.588804	17.303892	5.443522	0.090492	0.432412	17.157205	5.044028	0.071302	0.367886	9.421585	1.679281	0.311139	7.621426	87.429600
16.875000	87.612000	10.333557	2.361778	0.365701	7.379205	16.862360	7.407989	0.136274	0.067883	17.421061	6.716964	0.074512	0.082383	9.383550	1.614872	0.140275	6.418342	86.766700
22.500000	87.612000	10.787936	1.680762	0.294446	5.876651	17.263969	9.503309	0.237619	0.090382	16.611284	8.884848	0.243881	0.161182	9.568736	1.125540	0.187587	5.345365	87.863500
28.125000	87.612000	10.538172	1.384357	0.337637	4.539139	15.911099	11.477118	0.155357	0.246085	15.584021	10.165980	0.102747	0.158123	9.883124	0.655111	0.203073	4.774167	86.115300
33.750000	87.612000	10.811585	1.311239	1.682640	3.667543	15.407816	12.272870	0.546815	0.165512	14.928396	11.928263	0.285463	0.077684	10.293203	0.772224	0.628730	3.757738	88.537700
39.375000	87.612000	10.784035	2.132054	2.192471	2.574672	14.870377	13.718707	1.588791	0.126434	15.110709	13.142137	1.105357	0.463468	10.102272	1.519067	1.445056	2.911137	93.786800
45.000000	87.612000	11.204135	2.788189	2.496228	1.855554	14.677998	14.111720	0.847586	0.862712	13.566025	13.929294	1.318229	1.260278	10.178353	2.241906	1.849583	2.211618	95.399400
50.625000	87.612000	11.107843	3.831896	2.343173	1.215367	13.713844	14.622694	0.084822	1.524405	13.190655	14.446941	0.295151	0.957191	10.149050	2.917753	1.437207	1.476520	93.314300
56.250000	87.612000	10.997381	4.710357	1.601583	0.931177	12.190309	15.246878	0.217754	0.509255	11.746176	15.034481	0.085443	0.254537	10.255972	3.804357	0.595191	0.833101	89.013900
61.875000	87.612000	10.712172	5.726356	0.349022	1.103740	11.645406	15.704696	0.226579	0.200087	10.549708	15.886896	0.099745	0.130720	10.158165	4.405311	0.182063	0.796813	87.877500
67.500000	87.612000	10.833944	6.847580	0.283519	1.626611	9.191839	16.781270	0.083552	0.266863	8.613798	16.726983	0.144596	0.191623	9.907157	5.514411	0.130941	1.099473	88.244100
73.125000	87.612000	10.546553	7.938234	0.444979	2.297357	7.362037	17.173265	0.099998	0.141409	6.702940	17.583469	0.055298	0.103248	9.687318	6.410165	0.196768	1.526577	88.269600
78.750000	87.612000	10.458936	8.863008	0.486833	2.545369	5.392085	17.424680	0.406448	0.112999	4.984844	17.677566	0.284175	0.088834	9.251249	7.619447	0.327288	1.542444	87.466200
84.375000	87.612000	9.516677	9.386807	1.083917	2.087290	4.214923	17.171455	1.537965	0.081058	3.912489	17.295636	1.377209	0.081502	9.261122	8.255110	0.180485	1.242035	86.685700
90.000000	87.612000	10.031123	9.863354	1.881080	1.550768	2.994580	17.214885	2.850924	0.084317	2.553466	17.389394	2.555672	0.084433	8.790468	9.099461	0.469719	0.504105	87.917800
95.625000	87.612000	9.344000	9.967099	2.395503	0.924592	1.527391	17.146913	4.456770	0.095248	1.313467	17.055870	3.873923	0.042656	8.382627	8.936047	1.182659	0.165279	86.810000
101.250000	87.612000	9.099518	9.915424	2.550741	0.531344	0.442984	17.211944	5.398916	0.138704	0.278212	17.032911	5.222631	0.077575	7.609924	9.239555	1.583906	0.230970	86.565200
106.875000	87.612000	7.903728	10.543895	2.400276	0.352289	0.088522	16.820741	7.392370	0.105113	0.098323	17.613440	7.404268	0.121445	6.229232	9.451352	1.471340	0.186974	88.183300
112.500000	87.612000	6.714951	10.652276	1.779598	0.292698	0.108658	17.220653	9.644907	0.285622	0.171713	16.701084	8.978345	0.181624	5.190851	9.700732	1.127333	0.115917	88.866900
118.125000	87.612000	5.987486	10.623979	1.541279	0.346298	0.207620	15.882033	11.309598	0.151426	0.092425	15.645885	10.614920	0.152761	4.411723	9.960358	0.787220	0.233432	87.948500
123.750000	87.612000	4.746130	11.121856	1.513819	1.711773	0.228705	15.171894	12.028920	0.461960	0.084569	15.227312	12.137041	0.310977	3.675663	10.384733	0.804444	0.608921	90.218700
129.375000	87.612000	3.851677	11.036287	2.118901	2.115192	0.094615	14.715094	13.295723	1.670176	0.377175	14.973069	13.263603	1.149759	3.050857	10.353869	1.524586	1.512202	95.102800
135.000000	87.612000	2.682465	11.098264	2.897294	2.648841	0.782631	14.092041	14.917991	0.689652	1.417087	14.246984	13.357813	1.286256	2.159209	10.429655	2.082099	1.759173	96.547300
140.625000	87.612000	2.127926	10.963328	3.838207	2.286297	1.502950	13.466839	14.791322	0.109498	1.172469	13.012301	14.924777	0.298349	1.335419	10.209670	2.906602	1.388055	94.334000
146.250000	87.612000	1.428012	11.046884	4.671779	1.697093	0.514291	12.432903	15.669749	0.178845	0.313628	11.924757	15.219395	0.087443	0.786681	10.317135	3.869320	0.602138	90.760000
151.875000	87.612000	1.317380	11.131198	5.680110	0.316541	0.136218	11.162911	15.703113	0.235894	0.108891	10.491169	15.451584	0.146004	0.808660	9.826247	4.702135	0.221552	87.439500
157.500000	87.612000	1.711468	10.651824	6.907522	0.333688	0.135180	9.262943	17.129609	0.079216	0.183136	8.654208	16.480204	0.156121	1.081455	9.765785	5.194911	0.177394	87.904800
163.125000	87.612000	2.405626	10.693681	7.756453	0.451356	0.172736	7.504936	16.847884	0.097463	0.088475	6.718943	17.524319	0.070458	1.504534	9.593233	6.261781	0.213211	87.905100
168.750000	87.612000	2.689579	10.143168	9.110578	0.515533	0.093111	5.312261	16.947636	0.406352	0.086858	5.289246	17.539361	0.307895	1.561648	9.286863	7.800165	0.299508	87.389800
174.375000	87.612000	2.439035	10.085183	9.281548	1.172186	0.093985	4.383449	17.167610	1.650588	0.092358	3.895129	17.513801	1.373714	1.221338	9.326866	8.474938	0.168029	88.339700
180.000000	87.612000	2.060181	9.542565	9.765389	1.822009	0.062453	2.681787	17.087198	2.893199	0.094133	2.419344	17.874129	2.408962	0.376209	8.925517	8.647943	0.496280	87.157400
185.625000	87.612000	1.170942	9.530237	9.757868	2.627342	0.072234	1.620108	17.252320	4.302799	0.089124	1.336132	17.861349	4.344419	0.209911	8.112076	9.111212	1.281099	88.679200
191.250000	87.612000	0.528146	8.923810	10.039628	2.788426	0.067282	0.347775	17.389281	5.583095	0.098901	0.247544	17.798128	5.135354	0.308838	7.627024	9.460275	1.542716	87.886300
196.875000	87.612000	0.355210	8.132524	9.912755	2.439985	0.128071	0.094238	17.280594	7.508928	0.092424	0.046699	17.278445	7.181115	0.150686	6.399500	10.063876	1.507067	88.572100
202.500000	87.612000	0.409692	6.925006	10.649935	1.787085	0.152854	0.106983	16.864396	9.388289	0.194353	0.189098	17.180277	8.563391	0.158039	5.343578	9.876609	1.075999	88.865600
208.125000	87.612000	0.460676	5.703431	10.537143	1.373409	0.179971	0.232130	16.018202	11.331109	0.122318	0.120671	15.950004	10.487493	0.202095	4.537985	9.794229	0.733589	87.784400
213.750000	87.612000	1.663786	4.839017	11.031311	1.430953	0.565806	0.157040	14.719053	12.603002	0.369671	0.063326	15.365517	11.647668	0.672151	3.803475	10.387040	0.826248	90.145100
219.375000	87.612000	2.287100	3.755148	10.849665	2.013302	1.589199	0.097722	15.109012	13.420582	1.054771	0.372566	14.754678	12.742564	1.589549	3.111771	10.495863	1.347012	94.590600
225.000000	87.612000	2.684162	2.903469	11.244872	2.831482	0.640940	0.692287	13.912782	13.868335	1.372481	1.236991	14.077338	13.778422	1.781023	2.255150	10.282425	2.215950	95.778200
230.625000	87.612000	2.280529	2.036419	11.285960	3.977249	0.114167	1.714940	13.422957	14.688403	0.398858	1.153627	13.054260	14.651760	1.513276	1.430613	10.643308	2.909191	95.275600
236.250000	87.612000	1.747897	1.369371	11.119764	4.689830	0.147031	0.481027	12.395355	15.605057	0.059790	0.269537	11.800915	15.267349	0.648640	0.736913	10.098834	3.872170	90.309600
241.875000	87.612000	0.326865	1.271372	10.736466	5.923552	0.238853	0.220203	11.394557	15.878979	0.133954	0.068094	10.688863	15.781941	0.151064	0.751333	9.856772	4.270024	87.692800
247.500000	87.612000	0.274748	1.795081	10.955026	6.641313	0.109600	0.260845	9.613488	17.258314	0.155425	0.152212	9.057151	16.920605	0.142982	1.117489	9.469923	5.382732	89.306900
253.125000	87.612000	0.380310	2.364650	10.603803	8.317585	0.088239	0.104081	7.391623	17.029066	0.090255	0.092598	6.657395	17.300952	0.178787	1.602940	9.746706	6.519281	88.468200
258.750000	87.612000	0.439547	2.680271	10.444516	8.600770	0.460972	0.085506	5.485311	17.148270	0.335865	0.102213	5.057012	17.793378	0.256121	1.531338	9.419187	7.515114	87.355300
264.375000	87.612000	0.927480	2.351757	9.724109	9.477625	1.644628	0.060355	4.331277	17.367001	1.371102	0.055323	3.637584	17.485187	0.217102	1.113490	9.166630	8.393937	87.324700
270.000000	87.612000	1.496708	1.970042	10.187333	10.021589	2.843471	0.088329	2.792950	17.102353	2.577398	0.071319	2.522806	17.263064	0.495136	0.469485	8.977225	9.038411	87.917600
275.625000	87.612000	2.041531	1.152292	9.496014	10.052216	4.375374	0.054568	1.628805	17.134586	3.965204	0.084264	1.327661	17.522736	1.083221	0.189734	8.414329	9.327171	87.849600
281.250000	87.612000	2.355851	0.553816	8.863269	10.399832	5.519874	0.100030	0.398298	16.850824	5.157747	0.095215	0.276118	17.318708	1.465413	0.331845	7.736288	9.656477	87.079700
286.875000	87.612000	2.619628	0.352161	8.003333	11.038741	7.391963	0.117432	0.105648	16.724382	6.812689	0.122195	0.040489	17.397198	1.572257	0.174480	6.167571	9.385722	88.025800
292.500000	87.612000	1.755700	0.297516	6.955690	10.759651	9.595155	0.258310	0.103179	17.377293	8.917951	0.213123	0.158067	16.766454	1.062116	0.162465	5.297434	9.880760	89.560800
298.125000	87.612000	1.164744	0.341272	5.681173	10.923710	11.118882	0.162353	0.238831	15.868235	10.969152	0.129542	0.124534	15.688862	0.759239	0.210066	4.517594	10.241552	88.139700
303.750000	87.612000	0.912118	1.597093	4.661657	11.059472	12.060813	0.545266	0.165622	15.161603	11.884607	0.307919	0.068603	15.414488	0.662137	0.577163	3.515732	10.167880	88.762200
309.375000	87.612000	1.288869	2.240187	3.904278	11.150628	13.104362	1.493484	0.099485	14.598943	12.841298	1.119889	0.367443	14.638414	1.413208	1.438802	3.005041	10.219215	92.923500
315.000000	87.612000	1.870291	2.647971	2.942272	11.269731	14.386207	0.725062	0.764910	14.002468	13.991950	1.270502	1.335860	13.841531	2.286986	1.795726	2.295243	10.356606	95.783300
320.625000	87.612000	2.550300	2.188626	2.015790	11.189771	14.785215	0.108440	1.644379	13.748904	14.650063	0.357083	1.098350	13.136482	2.924833	1.519587	1.309305	9.934074	93.161200
326.250000	87.612000	3.696451	1.677856	1.374664	10.982226	15.744846	0.133271	0.557528	12.259864	15.079833	0.073319	0.245675	11.907905	3.852774	0.601487	0.764979	10.080513	89.033200
331.875000	87.612000	4.659192	0.313059	1.334141	10.909482	16.316213	0.214948	0.139215	11.098061	15.457352	0.144788	0.088326	10.719840	4.300085	0.241972	0.803390	9.935963	86.676000
337.500000	87.612000	6.008070	0.319094	1.734958	10.689429	17.029518	0.125705	0.216494	9.585972	16.626779	0.189728	0.233579	8.834203	5.234190	0.097427	1.244003	9.762607	87.931800
343.125000	87.612000	7.471120	0.370395	2.424343	10.424668	16.710018	0.120359	0.121607	7.426910	16.994910	0.127044	0.099843	7.099527	6.438224	0.175083	1.618954	9.629152	87.252200
348.750000	87.612000	8.892877	0.449882	2.792045	10.216738	16.864962	0.445518	0.088455	5.498883	17.226081	0.325993	0.064478	5.050950	7.765195	0.272442	1.557780	9.486763	86.999100
354.375000	87.612000	9.295233	1.143210	2.414572	9.887342	17.252772	1.576045	0.052215	4.322591	17.132437	1.446651	0.058162	3.900433	8.420300	0.231498	1.275964	9.250898	87.660400
2.812500	90.000000	9.498559	1.577742	0.873196	9.170384	17.013345	3.204319	0.066400	2.190085	17.680167	3.311128	0.075487	2.182168	9.254676	1.646618	0.838039	8.815847	87.398200
8.437500	90.000000	9.635825	2.149268	0.219583	8.508109	17.234903	4.744071	0.079072	0.957055	17.008821	4.863185	0.064297	0.931839	9.616847	2.039948	0.279657	8.542129	86.874600
14.062500	90.000000	10.110834	2.307887	0.396035	7.334079	17.014137	6.301659	0.101437	0.137050	17.315541	6.373012	0.104131	0.211350	10.252907	2.185131	0.438837	7.951930	88.535900
19.687500	90.000000	10.389347	1.755780	0.218674	6.122061	17.382043	8.032987	0.112370	0.097236	17.443681	8.271668	0.130544	0.104649	10.214951	1.965439	0.260761	6.400450	88.902600
25.312500	90.000000	10.193587	1.111645	0.172067	4.739434	15.993660	10.137401	0.259435	0.217047	16.133900	10.177527	0.336676	0.188015	10.406651	1.127966	0.190863	5.696837	87.082700
30.937500	90.000000	10.377642	0.946145	0.719142	3.850557	15.582777	11.509463	0.221403	0.195744	15.239979	11.578905	0.207640	0.155404	10.541588	0.963274	0.735889	4.611397	87.436800
36.562500	90.000000	10.788174	1.437524	1.646471	2.847406	15.432018	12.565793	0.968992	0.100499	14.849567	12.418766	0.972897	0.076426	10.598951	1.360301	1.655349	3.864672	91.583800
42.187500	90.000000	10.500420	2.024951	2.120371	1.961198	14.363588	13.601538	1.611060	0.603596	14.217466	13.689188	1.511082	0.555516	10.525505	1.908721	2.055668	2.996095	94.245900
47.812500	90.000000	10.929885	2.761803	1.964173	1.325569	13.564329	14.433143	0.495521	1.580739	13.350801	14.273789	0.515550	1.566952	10.608394	2.835531	2.153611	2.149460	94.509300
53.437500	90.000000	10.606709	3.769184	1.889144	0.880773	12.494428	15.855907	0.099961	1.015883	12.789047	14.561395	0.122011	0.943305	10.420585	3.777281	1.561603	1.298222	92.085400
59.062500	90.000000	10.420121	4.253772	0.656208	0.769684	11.359383	15.484382	0.158648	0.235154	11.467731	15.131632	0.168440	0.180745	10.455193	4.610006	0.679375	0.920874	86.951200
64.687500	90.000000	10.415665	5.620361	0.235258	1.033827	10.231701	16.116483	0.189061	0.250235	10.440479	16.299023	0.209759	0.283350	10.259308	5.555239	0.223685	1.152790	88.516300
70.312500	90.000000	10.340455	6.253514	0.241699	1.836904	8.536496	17.327756	0.095281	0.137724	8.329246	17.543659	0.073633	0.122357	9.965504	6.824406	0.207087	1.986114	89.821900
75.937500	90.000000	10.273016	7.737973	0.427992	2.091339	6.381709	17.000452	0.113077	0.109460	6.222853	17.456461	0.127852	0.098577	10.094763	7.689918	0.522381	2.285516	88.633400
81.562500	90.000000	9.774709	8.623943	0.316710	1.900114	4.808311	17.215903	0.972707	0.079133	4.775931	17.257749	0.795682	0.076579	9.732014	8.685875	0.258075	2.122577	87.396000
87.187500	90.000000	9.383053	9.095310	0.734389	1.340305	3.460767	17.512896	2.028367	0.075483	3.469657	17.478402	2.124567	0.085162	9.693946	9.260206	0.852862	1.628002	88.223400
92.812500	90.000000	9.086873	9.396602	1.629721	0.620988	2.165610	17.444585	3.281316	0.090178	2.169433	17.877522	3.339516	0.073407	8.996723	9.493662	1.596109	0.871013	88.133200
98.437500	90.000000	8.521511	9.775659	1.968821	0.226024	0.918210	17.184575	4.800054	0.088881	0.859585	17.240784	4.965584	0.079786	8.375955	9.858944	1.995693	0.247006	87.107000
104.062000	90.000000	7.991209	10.382482	2.352877	0.373463	0.152141	17.254582	6.190745	0.120330	0.144330	17.085501	6.163760	0.085215	8.249060	9.783372	2.117046	0.490870	88.936900
109.688000	90.000000	6.439038	10.370438	1.928049	0.236638	0.094230	16.919474	8.203312	0.099888	0.095862	17.617059	8.342568	0.096486	6.523997	9.975750	1.885989	0.244480	89.073200
115.312000	90.000000	5.426625	10.218288	1.154430	0.194336	0.233534	16.103930	10.177821	0.291471	0.191161	16.236819	10.419035	0.258847	5.673358	10.323502	1.025293	0.184021	88.112400
120.938000	90.000000	4.751604	10.456640	0.855365	0.788101	0.180105	15.451245	11.578679	0.186348	0.171202	15.285218	11.652758	0.203408	4.815176	10.909414	0.850344	0.761221	88.896800
126.562000	90.000000	3.816436	10.424849	1.360052	1.578183	0.087710	15.321862	12.819809	1.045164	0.083922	14.943551	12.715307	0.994698	3.822192	10.667273	1.265785	1.770912	92.717700
132.188000	90.000000	2.970784	10.582156	2.126241	2.099347	0.598569	14.174263	13.734201	1.631135	0.591991	14.511067	13.747207	1.510132	2.902858	10.625370	1.911458	2.136137	95.852900
137.812000	90.000000	2.043273	10.371806	2.944025	1.979362	1.450473	13.573829	14.733755	0.570633	1.614725	13.945128	14.458363	0.570741	2.156970	10.606302	3.114599	2.097322	96.231300
143.437000	90.000000	1.432841	10.653181	3.876615	1.689459	0.933772	12.800356	15.300712	0.126943	1.011385	12.924877	14.983814	0.099505	1.459080	10.511651	3.715044	1.712384	93.231600
149.062000	90.000000	0.905866	10.466220	4.518567	0.705994	0.192232	11.481642	15.590807	0.146738	0.182222	11.576191	15.549866	0.176488	0.936776	10.487787	4.791776	0.683669	88.392800
154.688000	90.000000	1.125418	10.280661	5.627712	0.203350	0.233342	10.367893	16.532229	0.182739	0.356559	10.159149	16.098840	0.227184	1.083582	10.647549	5.559729	0.214111	88.900100
160.312000	90.000000	1.877755	10.231780	6.485408	0.216495	0.089043	8.087817	17.296654	0.074441	0.102131	8.192692	17.429430	0.077723	1.899277	10.299639	6.418681	0.276365	89.055300
165.938000	90.000000	2.172600	10.069938	7.692485	0.430289	0.091619	5.946183	16.978964	0.136176	0.112041	6.278927	17.170437	0.134104	2.231625	10.157939	7.800572	0.487466	87.891400
171.562000	90.000000	2.047458	9.483008	8.776184	0.331895	0.094729	4.776621	17.212849	0.842257	0.072185	4.681868	17.587880	0.856433	2.121536	9.785193	8.616999	0.345267	87.632400
177.188000	90.000000	1.680751	9.694330	9.154121	0.856950	0.063759	3.443859	17.159241	2.148861	0.073996	3.291721	17.574874	2.063370	1.568830	9.540789	9.246601	0.774322	88.336300
182.812000	90.000000	0.846124	8.984407	9.346601	1.763142	0.068158	2.138105	17.626785	3.366772	0.053042	2.067318	17.476026	3.428851	0.890068	9.191149	9.660017	1.609929	88.516500
188.438000	90.000000	0.296324	8.656606	9.333143	2.196599	0.080930	0.815331	17.262273	4.868603	0.061084	0.809441	17.386680	4.671836	0.326908	8.979793	9.749556	2.043284	87.538400
194.062000	90.000000	0.426728	7.623597	10.047205	2.287597	0.108992	0.126793	16.964827	6.264009	0.100182	0.118575	17.241915	6.223826	0.448985	8.202463	9.995678	2.084011	88.265400
199.687000	90.000000	0.239000	6.557542	10.044310	1.861955	0.084774	0.074579	17.342572	8.040372	0.133422	0.080566	17.238635	8.091232	0.206002	6.304272	10.168174	1.919058	88.386400
205.312000	90.000000	0.207832	5.692935	10.407556	1.059635	0.286873	0.225040	15.590694	10.079110	0.326707	0.203881	16.421281	10.374125	0.204555	5.691182	10.060596	1.002122	87.834200
210.938000	90.000000	0.735542	4.712970	10.444562	0.854652	0.167493	0.149932	15.581759	11.430408	0.185272	0.204119	15.037082	11.853053	0.793524	4.625319	10.561063	0.877508	88.214200
216.562000	90.000000	1.765890	3.780165	10.373005	1.344377	0.992202	0.082807	14.946944	12.394563	0.954508	0.117061	14.433482	12.791082	1.888250	3.772746	10.418617	1.367991	91.423600
222.188000	90.000000	2.194145	2.844839	10.681749	1.923786	1.447013	0.527252	14.512763	13.400677	1.639776	0.607436	14.831698	13.505405	2.029633	2.940067	10.829115	2.048430	95.963700
227.812000	90.000000	2.062794	1.989360	10.489292	2.916170	0.507076	1.502668	13.670075	14.176525	0.537086	1.515346	13.808280	14.047481	2.041690	2.154629	10.717036	2.927117	95.062700
233.438000	90.000000	1.722721	1.218873	10.943660	3.667701	0.109965	1.058363	13.005515	14.691683	0.125336	1.032544	12.698682	15.294718	1.570752	1.324076	10.577168	3.810543	92.852300
239.062000	90.000000	0.715139	0.883226	10.427495	4.853550	0.183140	0.195040	11.464790	15.085375	0.177028	0.208017	11.164912	15.439483	0.740650	0.947677	10.515734	4.667776	87.669000
244.687000	90.000000	0.212695	1.007401	10.555985	5.564988	0.190397	0.283219	10.143576	16.652339	0.210773	0.252774	10.191970	16.476133	0.214316	1.009009	10.643183	5.540220	89.149000
250.312000	90.000000	0.237078	1.943431	9.875105	6.620673	0.081272	0.103904	8.267981	17.085388	0.064575	0.131895	8.363130	17.595797	0.266524	1.794052	9.918229	6.603810	88.952700
255.937000	90.000000	0.362833	2.325100	10.033113	8.006002	0.139118	0.114989	5.893480	17.286815	0.119736	0.101200	6.186503	16.784436	0.415932	2.165871	9.746174	7.895981	87.577300
261.562000	90.000000	0.281627	2.085809	9.792397	8.683998	0.957976	0.057956	4.810426	17.755038	1.009105	0.104005	4.789876	17.312488	0.257942	2.046406	9.831574	8.591914	88.368600
267.188000	90.000000	0.731669	1.680310	9.275633	8.928605	2.034791	0.106286	3.275208	17.457931	2.132891	0.042067	3.414974	17.294731	0.856107	1.655259	9.207175	9.020508	87.114100
272.812000	90.000000	1.334435	0.775885	9.132090	9.252176	3.415076	0.058744	2.081602	17.328774	3.501980	0.071714	2.055996	17.159015	1.734268	0.855311	9.270328	9.454406	87.481700
278.438000	90.000000	1.739618	0.292880	8.461660	9.606567	4.825739	0.093761	0.830792	17.352750	4.815311	0.085342	0.844960	17.122032	2.051031	0.331928	8.871943	9.731087	87.057300
284.062000	90.000000	2.151134	0.381663	7.750787	9.893427	6.303469	0.088726	0.106756	17.607446	6.108534	0.098332	0.124910	17.236373	1.992673	0.466793	7.884162	10.151210	88.346400
289.688000	90.000000	1.746347	0.214433	6.536517	10.216603	8.251457	0.120332	0.073488	16.983035	8.350429	0.095053	0.082820	16.964940	1.873944	0.248104	6.380974	10.143643	88.282100
295.312000	90.000000	1.044844	0.187253	5.697290	10.424023	10.323762	0.331976	0.170512	16.282736	10.347456	0.348365	0.232441	16.161270	1.106949	0.163350	5.488964	10.136303	88.447500
300.938000	90.000000	0.736754	0.786725	4.420353	10.253212	11.627311	0.249572	0.142102	15.558800	11.628894	0.215949	0.175179	15.707410	0.843937	0.762645	4.756094	10.620937	88.485900
306.562000	90.000000	0.878097	1.859320	3.898567	10.738422	12.354866	1.036350	0.127690	14.680147	13.106624	1.040069	0.102258	15.047148	1.267900	1.729179	3.736713	10.322077	91.925300
312.187000	90.000000	1.409362	2.052739	2.869935	10.800705	13.857703	1.726306	0.541311	14.756149	13.718707	1.565392	0.583715	14.227758	2.211664	2.145762	2.923917	10.622170	96.013300
317.812000	90.000000	2.069161	2.079849	1.978389	10.450160	14.689647	0.453955	1.532017	13.916627	14.541264	0.485382	1.481326	13.822756	2.895552	2.131851	2.080086	11.042032	95.650100
323.438000	90.000000	2.913252	1.638871	1.402215	10.833469	15.026451	0.104845	1.076467	12.842202	15.051446	0.120514	0.966106	12.744599	3.828899	1.648812	1.286742	10.522972	92.007900
329.062000	90.000000	3.855488	0.688865	0.963659	10.416242	15.695083	0.213455	0.221510	11.319573	15.783751	0.205185	0.141755	11.958573	4.701581	0.763495	0.901829	10.676411	88.506500
334.688000	90.000000	5.020922	0.157472	1.075038	10.182470	16.440620	0.211969	0.328244	9.981869	16.065703	0.184754	0.252724	10.301539	5.416514	0.244757	1.137013	10.483648	87.485200
340.312000	90.000000	5.883685	0.212212	1.896348	10.150181	17.339292	0.127184	0.101779	7.927218	17.064013	0.112692	0.150280	8.407362	6.451027	0.245152	1.871422	10.414907	88.354800
345.938000	90.000000	7.806317	0.433067	2.312004	9.791334	17.218504	0.098820	0.129970	6.336787	17.173943	0.122008	0.080073	6.124006	7.704077	0.486447	2.143658	9.979132	87.940100
351.562000	90.000000	8.560360	0.291762	2.148759	9.764688	17.614345	0.778477	0.080775	4.756591	17.331036	0.785259	0.082351	5.246371	8.529428	0.262892	2.235086	9.706545	88.174800
357.187000	90.000000	9.256067	0.788909	1.646539	9.483834	17.317464	2.175031	0.052535	3.364216	17.183896	2.065904	0.073466	3.386598	9.324649	0.847927	1.660823	9.749578	88.377400
0.000000	92.388000	9.067047	0.462073	0.446931	9.019105	17.316220	2.468666	0.073269	2.416947	17.251868	2.835542	0.075629	2.802077	9.664088	1.916095	1.827042	9.989209	87.631800
5.625000	92.388000	8.792447	1.112083	0.161658	8.161828	17.708781	3.897787	0.050565	1.417698	16.950802	4.296692	0.073620	1.783398	10.231758	2.477635	1.157449	9.434998	87.709200
11.250000	92.388000	9.567390	1.555337	0.263073	7.516313	16.882944	5.048903	0.099319	0.339783	16.710923	5.395410	0.120997	0.522164	9.826473	2.835531	0.542356	9.068427	86.295400
16.875000	92.388000	9.356418	1.577493	0.160224	6.141185	17.094323	6.587049	0.114478	0.095794	17.357387	7.552165	0.127940	0.086040	10.582167	2.571087	0.354992	7.696737	87.455500
22.500000	92.388000	10.125638	1.106153	0.111425	4.820401	17.041054	8.924420	0.202486	0.170573	17.023411	9.178708	0.240105	0.095844	10.684407	1.824000	0.343580	6.656004	88.548200
28.125000	92.388000	10.020854	0.721248	0.167185	4.059844	15.849913	10.771718	0.093681	0.081945	15.970362	11.134014	0.169276	0.238764	10.868134	1.352644	0.413677	5.608814	87.522200
33.750000	92.388000	10.082062	0.701408	0.524351	3.151435	15.291099	11.814600	0.288016	0.081979	15.490829	12.163053	0.506311	0.176735	10.825960	1.517529	1.686971	4.907848	89.210200
39.375000	92.388000	10.480085	1.395451	1.358819	2.337100	14.923080	12.824899	1.082923	0.365480	14.918896	13.634789	1.543157	0.129334	11.096545	2.189734	2.253148	3.750534	94.283900
45.000000	92.388000	10.339743	2.174579	1.834801	1.798994	13.922395	13.731261	1.310334	1.345643	13.914591	13.812125	0.722159	0.719058	11.132046	2.916735	2.514437	2.799136	94.988100
50.625000	92.388000	10.201900	3.111319	1.509126	1.041988	13.371950	14.483471	0.364643	1.047833	13.382355	15.139662	0.085421	1.561173	11.128529	3.884950	2.344768	2.051993	94.711000
56.250000	92.388000	10.151866	3.699810	0.581225	0.600500	11.863684	15.309534	0.104230	0.303736	12.433695	15.125525	0.171577	0.611706	10.841929	4.713874	1.715935	1.367437	89.596200
61.875000	92.388000	10.001005	4.510706	0.187618	0.723831	10.734577	15.711934	0.124476	0.131125	10.852142	16.204247	0.205289	0.128928	11.024502	5.587336	0.395496	1.299432	87.822700
67.500000	92.388000	9.598469	5.262996	0.156532	1.106962	8.541405	16.529628	0.198217	0.186794	9.430995	17.191474	0.082366	0.231510	10.650862	6.587162	0.262721	1.707510	87.725600
73.125000	92.388000	9.796921	6.492805	0.156950	1.505450	6.679065	16.991404	0.080218	0.117686	7.543174	16.923885	0.066948	0.111588	10.488466	8.005866	0.388428	2.397426	87.746300
78.750000	92.388000	9.484207	7.562072	0.311035	1.413129	5.217678	17.332506	0.273554	0.098471	5.574115	17.217486	0.438270	0.100570	10.290523	9.013009	0.484321	2.835214	87.646100
84.375000	92.388000	9.185076	8.312043	0.190900	0.996253	3.787404	17.900594	1.349195	0.083123	4.465886	17.250058	1.640205	0.089267	9.633461	9.285574	1.172480	2.549598	87.891100
90.000000	92.388000	8.776794	9.171742	0.528854	0.353930	2.506836	17.058471	2.451848	0.076196	2.954001	17.248927	2.928689	0.049308	9.779662	9.931416	1.970144	1.930051	87.716900
95.625000	92.388000	8.191470	9.065023	1.186549	0.186823	1.395531	17.386453	3.836533	0.060839	1.683657	17.552480	4.048851	0.099501	9.324660	9.910640	2.642576	1.164552	87.736000
101.250000	92.388000	7.637339	9.438911	1.619757	0.301972	0.273553	17.681524	5.220969	0.100382	0.400855	17.256165	5.579600	0.108785	8.909559	10.193893	2.665139	0.503801	87.892200
106.875000	92.388000	6.368138	9.566021	1.482401	0.176036	0.083066	17.551802	6.521034	0.082108	0.108631	17.368132	7.812357	0.110154	7.567603	10.194356	2.746965	0.334376	88.073200
112.500000	92.388000	5.470812	9.703944	1.182795	0.143895	0.207398	16.567289	9.014333	0.159909	0.096164	17.130967	9.415059	0.195591	6.767892	10.731478	1.596222	0.313761	88.697500
118.125000	92.388000	4.582908	10.243882	0.753294	0.163473	0.112700	15.474430	10.781818	0.128337	0.260988	16.230599	11.019729	0.206779	5.812785	11.122965	1.312370	0.396023	88.603100
123.750000	92.388000	3.698520	10.390230	0.761898	0.662704	0.098632	14.878520	12.109332	0.312155	0.165509	15.701869	12.461969	0.529689	4.870367	11.084127	1.414791	1.456965	90.597200
129.375000	92.388000	3.064904	10.569602	1.470005	1.507712	0.342066	14.820162	13.149940	1.166429	0.107271	15.051446	13.099273	1.603200	3.852604	10.832316	2.163970	2.269208	95.070100
135.000000	92.388000	2.248895	10.074417	2.216957	1.759930	1.298968	13.856912	13.619407	1.333700	0.802259	14.062183	13.825810	0.754046	2.788584	11.000344	3.001716	2.469005	95.113100
140.625000	92.388000	1.454884	10.144978	3.027853	1.517110	1.089041	13.107303	14.617378	0.284758	1.640160	13.292104	14.769494	0.102810	2.055295	11.033244	3.788727	2.343671	94.268700
146.250000	92.388000	0.804044	10.132899	3.716299	0.645340	0.286958	11.927019	15.042624	0.085044	0.496265	12.360182	15.477936	0.147022	1.474518	11.113532	4.628803	1.743520	90.082100
151.875000	92.388000	0.753519	10.026294	4.627016	0.183589	0.084201	10.389404	15.578366	0.121385	0.161797	10.874546	15.891194	0.195726	1.370468	10.971482	5.628187	0.328682	87.185900
157.500000	92.388000	1.023332	9.667017	5.331352	0.156316	0.147158	9.081083	16.671678	0.201985	0.245218	9.344509	16.713411	0.085736	1.728421	10.653271	6.376733	0.288437	87.715700
163.125000	92.388000	1.599558	9.979901	6.417426	0.191079	0.070987	6.845307	17.585844	0.067876	0.109845	7.787577	17.012667	0.064798	2.525079	10.356266	7.895562	0.384824	88.894700
168.750000	92.388000	1.560709	9.322907	7.718610	0.290034	0.084292	5.074519	17.819164	0.257662	0.124406	5.545920	16.921058	0.336660	2.773226	10.037027	8.785989	0.497861	87.150000
174.375000	92.388000	1.158716	9.308171	8.411060	0.261370	0.049312	3.886907	17.497402	1.300540	0.082515	4.423271	17.429996	1.644718	2.302741	10.145645	9.500719	1.156217	88.559300
180.000000	92.388000	0.461978	9.077758	8.872305	0.451722	0.072299	2.609054	17.025221	2.470860	0.086062	2.890904	17.214432	2.737781	1.751618	9.488946	9.778373	1.668683	86.658100
185.625000	92.388000	0.206284	8.562192	9.534015	1.185916	0.071765	1.299726	17.508938	4.019106	0.085666	1.592761	17.202331	4.373587	1.147644	9.461090	10.158459	2.487044	88.896500
191.250000	92.388000	0.307831	7.559539	9.408748	1.606457	0.065179	0.318243	17.256957	4.999762	0.099876	0.352719	17.067519	5.670655	0.476779	8.791938	10.015663	2.669391	86.667200
196.875000	92.388000	0.198460	6.360368	9.541208	1.510166	0.080130	0.051496	17.387132	7.243681	0.101137	0.077002	17.123841	7.434657	0.397859	7.922717	10.855874	2.483572	88.769300
202.500000	92.388000	0.133265	5.396869	9.852667	1.115938	0.143297	0.165153	16.700857	9.209934	0.279225	0.117219	17.453294	9.382985	0.274458	6.745939	10.367520	1.614374	88.953100
208.125000	92.388000	0.188686	4.599341	9.839446	0.762512	0.111553	0.129735	15.860657	10.852775	0.172064	0.223201	15.676987	11.340496	0.365800	5.657208	10.464014	1.409668	87.654200
213.750000	92.388000	0.536450	3.768403	10.152589	0.828489	0.335227	0.060689	15.086845	12.028015	0.591310	0.174091	15.194288	12.111594	1.812645	4.950372	10.950050	1.540714	90.121900
219.375000	92.388000	1.540420	2.910402	10.100486	1.539232	1.149295	0.321755	14.808965	13.115672	1.609375	0.084418	15.086054	13.154577	2.268258	4.034239	11.157674	2.119670	95.000400
225.000000	92.388000	1.762588	2.225247	10.458065	2.199890	1.245518	1.342805	13.779101	13.978378	0.639179	0.661337	14.110476	14.306134	2.478913	2.847056	10.839396	2.835531	95.709600
230.625000	92.388000	1.507870	1.403945	10.162881	2.856194	0.324944	1.106500	12.751725	14.113303	0.115398	1.714974	12.846161	14.893675	2.237156	2.139394	10.950310	3.882586	93.007000
236.250000	92.388000	0.636853	0.787075	10.109884	3.661764	0.062250	0.271183	11.742783	15.341993	0.186937	0.525371	12.223673	15.594992	1.719260	1.316747	11.035846	4.594964	89.811500
241.875000	92.388000	0.149750	0.826243	10.142433	4.547225	0.139664	0.122989	10.569116	15.808293	0.271661	0.139826	11.205594	16.124626	0.385890	1.352757	10.767421	5.809821	88.363300
247.500000	92.388000	0.170964	1.343709	9.789886	5.467917	0.158834	0.157144	8.673322	16.945713	0.112414	0.259966	9.723012	17.049197	0.296871	1.798643	10.670575	6.835456	89.453700
253.125000	92.388000	0.139200	1.599151	9.698583	6.622471	0.076413	0.094194	6.567517	17.741692	0.084528	0.136870	7.428143	17.119544	0.443687	2.509551	10.172099	7.918634	88.352300
258.750000	92.388000	0.330196	1.575729	9.507098	7.484442	0.381265	0.084596	5.008448	17.775395	0.490223	0.114587	5.347163	16.896968	0.539572	2.628846	10.317406	8.884158	87.366100
264.375000	92.388000	0.174119	1.210820	9.084611	8.512689	1.381733	0.067785	3.997652	17.751305	1.769860	0.063646	4.277251	17.216468	1.243596	2.450231	9.965560	9.495200	88.662500
270.000000	92.388000	0.406997	0.561183	9.052661	9.032700	2.552222	0.090842	2.458623	17.354899	2.918183	0.091706	2.875160	17.282856	1.842865	1.887187	9.800845	9.924370	88.133200
275.625000	92.388000	1.008996	0.184277	8.317563	8.932100	3.885414	0.051424	1.374709	17.185932	4.436628	0.070404	1.570537	16.964940	2.534455	1.158626	9.055715	10.191981	86.923800
281.250000	92.388000	1.434651	0.242104	7.626312	9.209052	5.105677	0.089768	0.296149	17.375935	5.511697	0.116583	0.437543	17.251415	2.762244	0.565749	8.791644	10.076475	86.893000
286.875000	92.388000	1.461252	0.171943	6.455799	9.524447	7.088443	0.106983	0.066941	17.169420	7.173142	0.101214	0.086059	17.093192	2.414809	0.395784	7.927874	10.581477	87.818700
292.500000	92.388000	1.073239	0.155829	5.527553	9.780058	8.875065	0.215798	0.136581	16.430781	9.381130	0.228388	0.107780	16.813842	1.654840	0.267306	6.570175	10.942948	88.161200
298.125000	92.388000	0.744914	0.172927	4.548944	10.183522	10.800117	0.100469	0.104042	15.917319	11.168520	0.163298	0.215666	15.698589	1.420864	0.365923	5.473696	10.612737	87.691500
303.750000	92.388000	0.638061	0.602284	3.734316	10.175955	11.829303	0.276112	0.090477	15.165787	12.401010	0.467315	0.205899	15.289289	1.378928	1.612055	4.701026	11.257347	89.825100
309.375000	92.388000	1.055610	1.495701	2.994885	10.211072	12.884953	1.112138	0.366969	14.657867	13.533453	1.678082	0.128844	15.215776	2.031737	2.294044	3.826377	10.813383	94.300800
315.000000	92.388000	1.565844	1.817191	2.233876	10.182153	13.980527	1.367562	1.194704	14.053588	14.480417	0.760500	0.707445	14.372636	2.919857	2.545629	2.913421	11.129875	96.225100
320.625000	92.388000	2.442993	1.268036	1.407315	10.374769	14.554948	0.428871	1.187861	13.410969	14.456893	0.104816	1.683160	13.489911	3.665191	2.418473	2.092007	11.002787	93.989000
326.250000	92.388000	2.995541	0.590005	0.809054	10.441587	15.679815	0.104676	0.280050	12.264727	15.582890	0.175909	0.474000	12.252061	4.614903	1.650543	1.320117	10.967060	90.202900
331.875000	92.388000	4.076379	0.164992	0.778072	10.157125	15.667374	0.106149	0.089825	11.107911	16.095221	0.186269	0.187009	11.192859	6.013035	0.373498	1.339344	10.727667	88.262700
337.500000	92.388000	4.885398	0.150117	1.116461	9.981586	16.958606	0.186723	0.211579	8.919874	17.138544	0.119170	0.224350	9.487555	6.677945	0.289460	1.949244	10.872013	89.168700
343.125000	92.388000	6.081843	0.217666	1.623116	9.616361	17.722126	0.082609	0.132350	6.807001	16.937683	0.121614	0.130104	7.260080	8.356423	0.336312	2.468937	10.298576	88.192800
348.750000	92.388000	7.462671	0.287391	1.634946	9.310953	17.636172	0.312496	0.092721	5.055225	17.240105	0.369386	0.107176	5.290456	8.942391	0.467068	2.585371	10.379135	87.173700
354.375000	92.388000	8.747389	0.208555	1.187974	9.084148	17.286475	1.434210	0.079748	3.899845	16.901605	1.654863	0.111789	4.589377	9.577953	1.213444	2.541682	10.306843	88.825900
2.812500	94.780200	8.646427	0.261593	0.193385	8.003028	17.239427	2.845472	0.060062	1.859569	17.171908	3.798623	0.081082	2.477035	10.609277	2.823905	2.331151	9.961037	88.363000
8.437500	94.780200	8.616445	0.561566	0.182418	7.370191	17.686048	4.497383	0.078709	0.758838	16.740555	5.294120	0.112884	1.160152	10.476263	3.144615	1.398980	9.306870	87.386000
14.062500	94.780200	8.733659	0.895873	0.325966	6.323148	17.626333	5.617228	0.093406	0.165797	17.018208	6.599806	0.099878	0.121633	10.862897	2.941707	0.694479	8.968868	87.088900
19.687500	94.780200	9.263633	0.812019	0.143958	4.989346	17.384191	7.434046	0.102099	0.090721	17.061412	8.612758	0.251093	0.082173	11.168690	2.653444	0.368833	7.957325	88.375800
25.312500	94.780200	9.787523	0.741423	0.103204	4.142857	16.022386	9.576325	0.119519	0.117332	16.253218	10.428875	0.370569	0.120639	11.654002	1.813312	0.250772	6.734019	88.236000
30.937500	94.780200	9.748843	0.648430	0.217617	3.620381	15.647695	10.555114	0.113547	0.086422	15.525437	11.841065	0.254899	0.330391	11.271280	1.685433	0.956895	5.831728	88.335200
36.562500	94.780200	9.754815	0.916628	0.231920	2.557278	14.803084	12.401236	0.387432	0.134051	15.099738	13.150053	1.154226	0.131439	11.554476	2.165045	2.003847	4.598153	91.043400
42.187500	94.780200	9.622751	1.578319	0.593234	2.034712	14.158655	12.921823	1.025849	1.106441	14.518079	13.907127	0.995713	0.141187	11.810302	2.837239	2.440652	3.515891	93.207900
47.812500	94.780200	9.612765	2.252842	0.560465	1.213161	13.573829	13.990593	1.125625	0.921027	13.942074	14.552800	0.101054	1.127805	11.355651	3.809571	2.433640	2.974155	93.546900
53.437500	94.780200	9.741616	2.961261	0.237732	0.870065	11.968412	14.584919	0.185791	0.370919	13.598824	14.771869	0.171758	1.094993	11.537285	4.981655	2.116096	2.176468	91.369600
59.062500	94.780200	9.861963	3.757082	0.206093	0.586159	10.635549	15.342106	0.064903	0.108242	11.924078	15.271646	0.329554	0.300051	11.397723	5.846691	0.973840	1.701436	88.307200
64.687500	94.780200	9.604316	4.429661	0.119347	0.781541	9.566711	15.760114	0.105656	0.111850	11.005321	16.493324	0.116658	0.363131	11.476439	6.604817	0.267213	1.783455	88.589500
70.312500	94.780200	9.308895	5.101018	0.128087	0.797286	7.568010	17.432032	0.150957	0.128244	8.686339	17.053947	0.106511	0.176313	10.857435	8.112019	0.425800	2.600933	88.633800
75.937500	94.780200	8.988671	6.099271	0.280049	0.871363	5.571865	17.548296	0.111391	0.108639	6.713661	17.051120	0.102993	0.151602	11.282251	9.098375	0.654391	2.909214	87.543100
81.562500	94.780200	8.985368	7.479692	0.151891	0.543639	4.273349	17.553046	0.673014	0.104001	5.045532	16.926147	1.076628	0.092420	10.367689	9.979777	1.291764	3.107033	87.651000
87.187500	94.780200	8.511389	8.151332	0.182127	0.208644	2.751681	17.880802	1.748519	0.091165	3.804515	17.133568	2.426560	0.099102	10.056887	10.175175	2.311257	2.924765	88.457600
92.812500	94.780200	8.199184	8.601686	0.221827	0.168026	1.733070	17.434180	2.841356	0.056688	2.461416	16.780930	3.805590	0.083619	10.378603	10.581353	2.674492	2.132235	88.154300
98.437500	94.780200	7.052693	9.045073	0.540403	0.156013	0.745739	18.087544	4.162898	0.070982	1.168703	17.031554	5.157928	0.059463	9.709180	10.279406	2.979549	1.219348	87.466400
104.062000	94.780200	6.282274	9.096701	0.788659	0.222590	0.126096	17.637869	5.423402	0.080500	0.131075	17.076340	6.610505	0.094634	9.115057	11.123677	2.876371	0.718273	87.404000
109.688000	94.780200	5.336102	9.279161	0.807600	0.133481	0.158997	17.564355	7.479285	0.085431	0.088586	16.662291	8.777077	0.259623	8.139977	10.966528	2.594521	0.422992	88.755900
115.312000	94.780200	4.285790	9.532488	0.806859	0.171899	0.080205	15.838490	9.345629	0.135085	0.118398	16.613999	10.765781	0.415876	6.797500	11.529482	1.702364	0.220718	88.360600
120.938000	94.780200	3.854957	9.372851	0.537795	0.208838	0.086311	15.319939	11.009245	0.132149	0.283114	15.778775	12.289948	0.234195	5.710160	11.263771	1.711287	1.068979	88.862400
126.562000	94.780200	3.088722	9.554112	1.014690	0.200249	0.156666	15.268140	12.063527	0.342787	0.162736	15.220300	12.988890	1.128563	4.783079	11.454498	2.054617	2.181071	91.662600
132.188000	94.780200	2.191951	9.949851	1.662983	0.635333	1.073829	14.352957	12.964913	1.020343	0.110817	14.516382	14.039225	1.014524	3.809955	11.261373	2.926088	2.484081	94.014600
137.812000	94.780200	1.581316	9.817414	2.193070	0.609358	1.136312	13.246186	14.127101	1.166034	1.115131	14.104029	14.619753	0.111869	2.761532	11.501207	3.622304	2.352040	94.064600
143.437000	94.780200	0.924719	10.027764	2.867741	0.277302	0.394154	12.004830	14.621789	0.108538	1.290927	13.018295	15.251176	0.172372	2.184158	11.481189	5.079507	2.169184	91.873700
149.062000	94.780200	0.689221	9.602394	3.983571	0.220136	0.095623	10.811076	15.506663	0.089360	0.276736	11.931203	15.714762	0.323927	1.853428	11.362211	5.798602	0.950508	89.209400
154.688000	94.780200	0.814686	9.366834	4.325057	0.181408	0.087194	9.274230	15.784430	0.098848	0.371864	10.632066	16.793710	0.137746	1.851731	11.122546	6.641347	0.251349	87.735000
160.312000	94.780200	0.898245	9.443492	5.040861	0.112148	0.078584	7.711056	17.474669	0.156251	0.228086	8.800714	16.835896	0.074102	2.553987	11.036140	8.214146	0.460120	89.118500
165.938000	94.780200	0.884893	9.193320	6.326292	0.339419	0.100418	5.713304	17.622940	0.116880	0.110893	6.438337	16.809996	0.121545	2.823758	10.708282	9.210161	0.733267	87.253700
171.562000	94.780200	0.609278	8.811911	7.297628	0.191591	0.087972	4.306136	17.854450	0.670596	0.069453	5.093972	17.098055	1.091679	3.007269	10.902934	9.558681	1.405415	88.057000
177.188000	94.780200	0.272707	8.413107	7.881538	0.134875	0.080290	2.868963	17.569671	1.585704	0.075730	3.713856	17.357727	2.371165	2.743391	10.516005	9.980320	2.267647	87.832700
182.812000	94.780200	0.169421	8.133078	8.436258	0.320635	0.071292	1.611637	17.611065	3.023940	0.094807	2.325473	17.612083	3.760803	2.167465	10.087242	10.361605	2.660694	88.447500
188.438000	94.780200	0.165208	7.265169	8.984418	0.721499	0.051498	0.646386	17.988357	4.368871	0.091444	1.062512	17.090704	5.115901	1.307213	9.461802	10.432720	3.159498	87.913300
194.062000	94.780200	0.330695	6.244183	9.173076	0.766803	0.087585	0.128560	17.681637	5.616911	0.106527	0.141278	17.195206	6.864183	0.622697	9.361010	10.645603	3.036369	88.002400
199.687000	94.780200	0.132529	5.164771	9.480588	0.761226	0.079396	0.151636	17.143520	7.328198	0.199083	0.077709	16.943790	9.122103	0.393657	8.128724	11.123021	2.576425	88.806400
205.312000	94.780200	0.164812	4.289861	9.829889	0.708422	0.094410	0.136067	15.976695	9.716192	0.445830	0.124446	16.463127	10.608349	0.300461	7.113856	10.951973	1.868289	88.792600
210.938000	94.780200	0.200389	3.773572	9.920559	0.734056	0.118345	0.081276	15.377279	11.103761	0.243436	0.418122	15.176305	11.888000	0.963604	5.606586	11.543166	1.740116	88.888600
216.562000	94.780200	0.269364	2.958773	9.541751	1.088549	0.397622	0.140656	14.844591	12.194155	1.204996	0.128519	14.872413	13.118612	2.061154	5.107962	11.357687	1.980323	91.267200
222.188000	94.780200	0.572796	2.262241	9.574945	1.585557	1.024055	1.128648	13.955306	13.625288	0.977150	0.110045	14.678564	13.726624	2.493547	3.752049	11.505279	3.031721	94.003800
227.812000	94.780200	0.604779	1.681373	9.794885	2.315091	1.084757	1.037337	13.325354	14.697338	0.132158	0.990632	14.112851	14.616700	2.406485	2.770387	11.722313	3.937902	95.230300
233.438000	94.780200	0.259938	0.960221	9.970243	3.111670	0.195439	0.374944	12.231024	14.991504	0.162903	1.070928	13.220626	14.914824	2.176694	2.195672	11.327264	4.851197	92.015000
239.062000	94.780200	0.175864	0.701029	9.636820	4.030665	0.067533	0.122031	11.078382	15.018874	0.311635	0.293622	11.978026	15.678571	0.981009	1.616240	10.967863	5.857662	88.515800
244.687000	94.780200	0.207570	0.833597	9.316008	4.518261	0.095715	0.089776	9.127701	16.000106	0.152541	0.414134	10.462962	16.385768	0.192075	1.784597	11.422152	6.664317	87.667300
250.312000	94.780200	0.125212	0.874012	9.468147	4.904941	0.148551	0.134113	7.455897	17.374917	0.097714	0.232197	9.037732	16.649737	0.378868	2.616416	10.822284	8.206343	88.527100
255.937000	94.780200	0.268674	0.876612	9.283878	6.219460	0.130325	0.084281	5.450556	17.706180	0.110363	0.120768	6.832153	16.919588	0.650465	3.055064	10.763813	9.290347	87.762600
261.562000	94.780200	0.118057	0.601782	8.984170	7.422556	0.710423	0.078664	4.649386	17.501700	1.103723	0.096579	4.911817	17.220313	1.356094	3.041685	10.403688	9.806014	88.006700
267.188000	94.780200	0.130652	0.250533	8.210708	7.891333	1.752443	0.063230	2.899318	17.404210	2.442574	0.090864	3.589280	16.774144	2.291544	2.736922	10.201900	10.262871	86.992500
272.812000	94.780200	0.174066	0.186145	8.419090	8.487978	2.891605	0.071727	1.649084	17.386340	3.705442	0.043021	2.503036	16.924564	2.880465	2.084995	9.924664	10.360417	87.692600
278.438000	94.780200	0.519516	0.156265	7.369852	8.769341	4.497236	0.082694	0.607973	17.279124	4.970108	0.096506	1.043528	16.788847	3.107542	1.281449	9.661973	10.717567	86.949500
284.062000	94.780200	0.741964	0.349799	6.316124	9.311869	5.554459	0.080034	0.103019	17.846194	6.494015	0.127605	0.120752	17.207533	2.975206	0.684384	9.047843	10.858249	87.819000
289.688000	94.780200	0.762069	0.134586	4.935127	9.389296	7.555569	0.085468	0.159650	17.208438	8.704435	0.210767	0.071489	17.077585	2.577545	0.384445	7.937092	10.908068	88.101600
295.312000	94.780200	0.780233	0.157407	4.612777	9.371437	9.387543	0.134767	0.123674	16.262944	10.424837	0.386613	0.096756	16.178574	1.748937	0.233634	6.823581	11.270817	87.994600
300.938000	94.780200	0.625025	0.237934	3.703033	9.758106	10.827803	0.094035	0.072384	15.226520	12.155589	0.278131	0.342367	15.471037	1.575548	1.004321	5.883459	11.220511	88.475700
306.562000	94.780200	0.863042	0.190958	2.864405	9.742408	12.050860	0.428771	0.154334	15.036969	12.900900	1.282637	0.157016	14.706386	2.206043	2.319683	4.849535	11.287906	91.041800
312.187000	94.780200	1.322334	0.593162	2.449372	10.066534	12.821393	1.014390	1.103430	14.051778	13.963676	1.064043	0.107124	14.455536	2.805357	2.594475	3.685345	11.596322	93.694200
317.812000	94.780200	2.127044	0.547476	1.551209	9.609191	13.965146	1.088653	1.099172	13.239513	14.714190	0.132370	1.056684	13.791428	3.721185	2.272612	2.956183	11.782254	93.654300
323.438000	94.780200	2.624887	0.251887	1.050905	10.095419	14.872865	0.132609	0.389706	12.058438	15.076667	0.133318	1.225907	12.881334	4.686267	2.124183	2.067238	11.222128	90.893800
329.062000	94.780200	3.336665	0.194723	0.676363	9.808118	15.358166	0.074059	0.108186	11.295506	15.852401	0.299991	0.266846	11.631156	5.878856	0.942863	1.662486	11.528351	88.914800
334.688000	94.780200	4.382465	0.151461	0.765410	9.563375	15.846859	0.104527	0.136613	9.441388	16.754465	0.140263	0.385021	10.588783	6.853868	0.254651	1.777076	10.979342	88.125500
340.312000	94.780200	4.925841	0.149536	0.857231	9.138706	17.036983	0.136703	0.092438	7.456168	16.876950	0.066708	0.221312	8.562350	8.087647	0.392648	2.696274	10.990652	87.688200
345.938000	94.780200	6.180000	0.308964	0.805659	9.259347	17.861575	0.143982	0.132633	5.589338	17.254582	0.146911	0.087665	6.449749	8.830663	0.761636	2.952938	11.045549	87.811200
351.562000	94.780200	7.420599	0.137983	0.579170	8.762929	17.519230	0.685684	0.061829	4.551568	16.819836	0.989608	0.092170	5.221376	9.336717	1.374698	2.962178	10.291597	86.807100
357.187000	94.780200	7.997011	0.183304	0.284281	8.535920	17.501134	1.705587	0.054620	2.939716	17.276410	2.431242	0.067030	3.946724	10.087355	2.221752	2.670918	10.359535	88.262500
0.000000	97.180800	7.607243	0.128765	0.115908	8.101920	17.794282	2.057308	0.038064	2.080618	16.492645	3.195294	0.091236	3.195237	11.079886	2.940859	2.895676	10.571785	88.386700
5.625000	97.180800	8.457034	0.193375	0.154277	7.274669	17.733549	3.452839	0.067034	1.124420	17.154265	4.863581	0.087497	1.984214	10.826740	3.248913	2.196475	10.267666	89.086600
11.250000	97.180800	8.314599	0.401402	0.260143	6.202009	18.036876	4.706353	0.098260	0.257239	17.076340	5.736071	0.089348	0.549112	11.086355	3.439041	1.501820	10.174259	87.929300
16.875000	97.180800	8.602670	0.566894	0.159541	4.859238	17.668857	6.030904	0.098830	0.150078	16.090697	7.835576	0.129641	0.112845	11.272491	3.184957	0.650174	9.095503	86.508800
22.500000	97.180800	8.968675	0.642056	0.116338	4.042246	16.062084	7.863646	0.100625	0.186419	16.907034	9.921905	0.249383	0.068028	11.696187	2.383187	0.345805	8.066125	87.619600
28.125000	97.180800	9.513963	0.731136	0.107282	3.606425	15.259884	10.233443	0.078195	0.051754	15.963576	11.635001	0.147469	0.118912	11.870923	2.205986	0.195997	7.267035	88.987000
33.750000	97.180800	9.612482	0.787346	0.135506	2.849521	14.901818	10.641554	0.158758	0.081618	15.507115	12.407004	0.949371	0.388719	12.080040	2.139779	1.514068	5.908182	90.062900
39.375000	97.180800	9.588596	1.190327	0.190687	2.294575	14.572479	12.557763	0.520457	0.603502	14.295503	13.436303	1.118708	0.133943	11.988996	2.834479	1.351389	4.713365	91.391100
45.000000	97.180800	9.723227	1.712226	0.316264	1.632028	13.632979	13.327390	1.167606	1.263060	14.442643	14.067951	0.195578	0.223708	12.371152	3.729419	1.210221	3.711413	92.726900
50.625000	97.180800	9.669438	2.443468	0.232907	1.073966	12.249572	14.391749	0.764267	0.551952	13.492286	14.868228	0.102939	1.252474	12.036384	4.662064	1.317414	2.869675	91.978800
56.250000	97.180800	9.437396	2.947871	0.212024	0.707719	10.984975	14.891187	0.084211	0.115136	12.786559	15.441405	0.331583	1.008320	12.075289	6.121122	1.411466	2.417863	90.974100
61.875000	97.180800	9.155376	3.849064	0.136046	0.683981	9.431764	15.196097	0.096224	0.079258	11.646198	16.030643	0.164456	0.237610	11.716997	7.110135	0.270748	2.199619	88.004300
67.500000	97.180800	9.322263	4.292745	0.139676	0.604219	8.128984	15.841431	0.153912	0.113994	10.277076	16.751864	0.104704	0.339601	11.221337	8.132004	0.332524	2.541942	88.298300
73.125000	97.180800	8.818855	4.881880	0.124190	0.374541	6.050843	18.036989	0.100502	0.083226	7.853784	17.033024	0.113658	0.165530	11.442623	9.324299	0.682444	3.276294	88.362800
78.750000	97.180800	8.419837	6.054768	0.241084	0.252984	4.408059	17.602695	0.181563	0.072036	5.597583	16.337476	0.418756	0.118803	11.076312	9.954941	1.416601	3.332040	85.485600
84.375000	97.180800	8.161500	7.167623	0.134776	0.119867	3.280614	17.517533	1.062628	0.049047	4.722323	16.779234	1.782652	0.085389	10.383161	10.519624	2.336478	3.276645	87.379100
90.000000	97.180800	7.617298	7.457684	0.106137	0.091036	2.236409	17.783086	1.881759	0.064118	3.054963	17.071704	3.161037	0.071021	10.688705	10.649698	2.865298	2.876144	87.676100
95.625000	97.180800	6.924068	8.394627	0.159162	0.081030	0.963595	17.323684	3.447840	0.074397	1.847988	16.963922	4.455549	0.069810	10.097828	10.362634	3.375808	2.213620	86.755600
101.250000	97.180800	6.377581	8.695975	0.308732	0.262304	0.201700	17.451824	4.338222	0.065110	0.468653	16.521937	5.641781	0.118758	10.077470	11.029987	3.483726	1.558549	86.602300
106.875000	97.180800	5.119634	8.692050	0.382434	0.192451	0.166408	17.350828	5.880858	0.098868	0.122391	17.209569	8.289413	0.159833	9.606748	10.995821	3.044705	0.717221	88.029200
112.500000	97.180800	4.365399	9.248919	0.608952	0.145698	0.144843	16.170318	8.087907	0.095902	0.106203	16.368238	9.752881	0.358598	8.357158	11.370014	2.342868	0.360387	87.884100
118.125000	97.180800	3.731386	9.192144	0.780411	0.140147	0.053422	15.467983	9.930308	0.071486	0.127043	16.214086	11.699806	0.215793	6.963324	11.706479	2.114219	0.276246	88.684200
123.750000	97.180800	3.018229	9.608376	0.821144	0.228989	0.101660	15.234437	10.846351	0.105079	0.414012	15.270628	12.399539	0.984232	5.939929	11.739390	2.291804	1.466963	90.470800
129.375000	97.180800	2.589974	9.461372	1.253876	0.249087	0.661760	14.371505	12.172779	0.609210	0.131744	14.497947	13.662271	1.109661	4.861636	11.977347	3.063682	1.445746	92.119600
135.000000	97.180800	1.775142	9.917562	1.912827	0.435125	1.338145	13.423410	13.391856	1.264768	0.194081	14.217579	14.467524	0.195170	3.862104	12.209423	3.644663	1.422459	93.671900
140.625000	97.180800	1.228407	9.610593	2.353081	0.268473	0.674344	12.392301	14.415839	0.696822	1.235215	13.577109	14.771982	0.111848	3.016351	12.254775	4.652949	1.364678	92.624900
146.250000	97.180800	0.793886	9.390280	3.005279	0.166321	0.113443	11.321043	14.711928	0.057351	0.962159	12.868328	15.145317	0.392794	2.125698	11.937876	5.847279	1.466612	90.305600
151.875000	97.180800	0.732565	9.346613	3.487424	0.107869	0.095366	9.637442	15.254795	0.069288	0.155871	11.666443	15.974094	0.099770	2.337959	11.448504	6.966038	0.225118	87.605100
157.500000	97.180800	0.683593	9.088423	4.356091	0.111816	0.078827	7.784116	16.015714	0.138405	0.299339	10.221206	16.631981	0.090302	2.411733	11.623352	7.973181	0.258206	87.766200
163.125000	97.180800	0.519770	9.020044	4.928443	0.100044	0.079019	5.945787	17.930112	0.117670	0.181821	7.984762	16.626665	0.118173	3.069043	11.261136	9.278166	0.601437	87.762100
168.750000	97.180800	0.380383	8.807308	6.035711	0.246347	0.089946	4.472966	17.696792	0.206551	0.094910	5.718258	17.157657	0.584582	3.526929	10.940414	9.968433	1.386223	87.313400
174.375000	97.180800	0.164586	8.552398	7.291012	0.150829	0.059159	3.364759	17.388263	1.008410	0.102981	4.553796	16.879099	1.857420	3.331553	10.881830	10.123139	2.380552	88.089800
180.000000	97.180800	0.113914	7.501464	7.941955	0.130778	0.068431	2.133423	17.567975	2.049799	0.065783	3.155223	16.673375	3.003616	3.004419	10.572791	10.745966	2.931562	87.660500
185.625000	97.180800	0.147336	7.184565	8.111047	0.159604	0.044481	0.947917	18.099532	3.286756	0.073000	1.846891	17.524998	4.736155	2.289859	10.158165	10.465179	3.239074	88.314600
191.250000	97.180800	0.233802	6.134264	8.578184	0.321252	0.068601	0.178343	17.865421	4.729742	0.118336	0.453144	16.695542	5.535255	1.478521	9.966714	11.158172	3.156139	86.671500
196.875000	97.180800	0.132888	4.810131	8.694539	0.506394	0.054752	0.114513	17.507128	5.904914	0.149492	0.129399	16.548402	7.885847	0.728285	9.355310	11.060230	3.078193	86.660300
202.500000	97.180800	0.148528	4.323881	8.984045	0.648428	0.058781	0.134521	15.870384	7.809778	0.323449	0.119559	16.561521	9.881427	0.292127	8.431259	11.556512	2.401407	87.545600
208.125000	97.180800	0.142706	3.684768	9.601014	0.783167	0.073858	0.065708	15.610486	9.830839	0.214217	0.165044	15.962671	11.448843	0.241347	6.793384	11.780671	2.150580	88.549400
213.750000	97.180800	0.190004	3.165855	9.443367	0.767814	0.177121	0.053155	15.084583	11.135145	1.112477	0.375721	15.277188	12.586037	1.367516	5.765725	12.180922	2.216945	90.899600
219.375000	97.180800	0.265822	2.316256	9.473564	1.273634	0.584775	0.703930	14.397630	12.541703	1.204419	0.096255	14.653343	13.703099	1.377492	4.796073	11.939686	2.925172	92.252800
225.000000	97.180800	0.365190	1.710054	9.684344	1.580852	1.208309	1.291153	13.793238	13.450779	0.214741	0.209418	14.319367	14.437780	1.293438	3.695569	12.025866	3.760826	93.041000
230.625000	97.180800	0.256916	1.171994	9.595811	2.435314	0.663523	0.581023	12.000193	14.205704	0.108162	1.159598	13.529608	14.566258	1.464068	2.894070	12.271626	4.646943	91.550800
236.250000	97.180800	0.190221	0.751207	9.286637	3.255903	0.091784	0.138708	11.272785	14.973069	0.391500	1.067917	12.966610	15.057327	1.471362	2.294474	12.079700	5.616199	90.905400
241.875000	97.180800	0.141468	0.700115	9.467265	3.733015	0.053822	0.120708	9.758015	15.348666	0.142728	0.152067	11.770266	16.431912	0.216322	2.129001	11.455742	7.004491	88.625700
247.500000	97.180800	0.145544	0.620589	9.331322	4.349486	0.150114	0.108568	7.879548	16.141252	0.092669	0.277300	9.828125	16.428293	0.366433	2.487734	11.341288	8.425209	87.973400
253.125000	97.180800	0.180759	0.479356	8.967442	5.145386	0.132702	0.079489	6.139613	17.736263	0.109212	0.165656	7.735586	16.635600	0.730116	2.926473	11.107538	9.395595	87.666700
258.750000	97.180800	0.271176	0.382896	8.427188	6.124583	0.239212	0.096662	4.511792	17.977839	0.487973	0.133170	5.855309	17.124181	1.536914	3.371024	11.125317	9.541027	87.206300
264.375000	97.180800	0.127008	0.123326	7.946128	7.248318	1.149046	0.056582	3.284573	17.809664	1.896541	0.082817	4.709927	16.860098	2.234588	3.338690	10.963712	10.033362	87.864300
270.000000	97.180800	0.089177	0.112081	8.048549	7.909847	2.086770	0.052960	2.056257	17.836015	3.263322	0.116450	3.348179	16.907260	3.047317	3.079448	10.823189	10.578039	89.354800
275.625000	97.180800	0.097497	0.168394	7.207874	8.233079	3.401617	0.050504	0.933853	17.732984	4.771780	0.071747	1.770324	16.977041	3.230693	2.226038	10.010200	10.918903	87.802500
281.250000	97.180800	0.273727	0.250189	5.961440	8.251288	4.475171	0.076444	0.198977	17.968678	5.780326	0.128825	0.556820	16.156407	3.274835	1.495678	9.656273	10.974796	85.479800
286.875000	97.180800	0.414360	0.139615	5.189788	8.756912	5.985134	0.064293	0.133136	17.752663	7.842034	0.130669	0.101001	16.885545	3.162688	0.729334	9.354790	11.009460	87.651400
292.500000	97.180800	0.574520	0.136128	4.344284	9.053182	7.997678	0.117949	0.105723	16.155502	10.006841	0.335630	0.095998	16.690339	2.572478	0.277946	8.276078	11.540565	88.280900
298.125000	97.180800	0.723959	0.215606	3.715621	9.201056	9.752768	0.095095	0.048426	15.107316	11.448278	0.223530	0.102377	15.979183	2.093149	0.266687	7.343795	11.763819	88.080600
303.750000	97.180800	0.738537	0.200282	3.151774	9.472433	10.953545	0.136356	0.050920	15.302183	12.910966	1.026483	0.362515	15.629260	2.142719	1.339593	5.695163	11.972371	91.085100
309.375000	97.180800	1.062408	0.252810	2.281626	9.517525	12.458237	0.612841	0.701772	14.422172	13.680932	1.205244	0.140311	15.031880	2.980115	1.310832	4.768727	12.145410	92.572700
315.000000	97.180800	1.549139	0.361188	1.840433	9.727966	13.574395	1.207913	1.122334	13.364599	14.243818	0.197087	0.189228	14.360195	3.982293	1.248448	3.678344	12.024848	92.672200
320.625000	97.180800	2.245842	0.181507	1.339581	9.117534	14.553931	0.678923	0.567159	12.405647	14.431333	0.119301	1.138788	13.614883	4.893213	1.444604	2.957620	11.817880	91.507600
326.250000	97.180800	2.976959	0.196382	0.737105	9.702360	14.377159	0.068946	0.108561	11.452349	15.340070	0.360338	1.020957	12.726617	5.849801	1.450055	2.193975	12.091010	90.652600
331.875000	97.180800	3.705170	0.124042	0.716431	9.028459	15.345838	0.045737	0.087068	9.690440	15.966516	0.128560	0.189213	11.532648	6.951505	0.217111	1.999165	11.567709	87.295600
337.500000	97.180800	4.430792	0.138445	0.555317	8.982598	16.244510	0.138930	0.094912	8.221927	16.418340	0.113869	0.328629	9.864949	8.178080	0.312981	2.498049	11.217480	87.739900
343.125000	97.180800	4.756173	0.166191	0.578302	8.740264	17.464830	0.189366	0.087690	6.092961	16.595790	0.101722	0.140198	7.466980	9.419153	0.722035	3.107689	10.778176	86.407500
348.750000	97.180800	5.937022	0.246776	0.343110	8.638374	17.714209	0.233271	0.078740	4.517515	17.029292	0.599051	0.107624	5.837926	9.917562	1.318986	3.349253	10.931344	86.800100
354.375000	97.180800	7.264185	0.142093	0.119132	8.352973	17.822444	1.034784	0.032678	3.569499	16.400245	1.783409	0.076693	4.707756	10.394482	2.381197	3.078939	10.843953	88.004500
2.812500	99.594100	7.555094	0.098391	0.093017	6.975889	17.677566	2.444622	0.034102	1.230906	17.328208	4.166348	0.094648	2.602494	10.730257	3.487549	3.045225	10.765803	88.330200
8.437500	99.594100	8.027898	0.103028	0.148027	6.072456	17.440288	3.746168	0.063872	0.668211	16.793032	5.290094	0.099282	1.456592	10.961677	3.621535	2.351418	10.269611	87.113300
14.062500	99.594100	8.454207	0.253323	0.186062	4.801627	18.156533	4.860754	0.056871	0.185822	16.184455	6.725107	0.145796	0.151177	11.603787	3.497422	1.284503	10.079257	86.626700
19.687500	99.594100	8.479416	0.413310	0.085942	4.124298	16.439376	6.374347	0.058240	0.175226	16.336910	8.996893	0.289865	0.099783	11.851583	3.044942	0.461600	9.314900	86.546700
25.312500	99.594100	8.970462	0.671271	0.076180	3.704040	15.652219	8.384200	0.110199	0.086466	16.886450	11.012977	0.321696	0.129102	11.744932	2.340402	0.269519	8.414476	88.774500
30.937500	99.594100	8.711492	0.862761	0.114389	3.165210	14.886211	10.033758	0.110723	0.075500	15.265765	11.871601	0.524498	0.233936	12.659437	2.445945	0.633922	6.837503	88.432700
36.562500	99.594100	8.735830	0.984501	0.143432	2.611531	14.455649	11.336085	0.209705	0.364730	15.152894	13.050754	0.752886	0.144415	12.731593	2.956489	0.517361	6.054236	90.202100
42.187500	99.594100	9.213067	1.376191	0.272528	1.869872	13.649039	12.494315	0.848525	1.157370	14.772435	13.974081	0.387689	0.124892	12.602097	3.882665	0.390059	4.849523	91.864400
47.812500	99.594100	9.247585	1.883919	0.324973	1.329991	12.448284	13.537977	1.207201	0.863954	14.107988	14.153001	0.093149	0.361691	12.519875	4.852147	0.404989	3.606007	90.942700
53.437500	99.594100	9.354699	2.566439	0.202505	1.019548	11.078438	14.651873	0.405689	0.128090	13.091017	15.300712	0.120723	0.910227	12.445344	5.769989	0.498035	2.774832	90.318200
59.062500	99.594100	9.249892	3.101808	0.132480	0.844834	9.932525	14.892318	0.081224	0.106516	12.198905	15.569319	0.281461	0.544996	11.791641	7.137403	0.698747	2.482747	89.046800
64.687500	99.594100	9.090538	3.771887	0.116100	0.555906	8.191391	15.351154	0.057287	0.100449	11.080553	16.585385	0.092360	0.358425	12.201619	8.753949	0.226534	2.446341	88.979800
70.312500	99.594100	8.624464	4.103239	0.083572	0.399171	6.517336	15.921843	0.169449	0.048194	9.129307	16.436096	0.140749	0.370985	12.092141	9.527795	0.486347	3.019710	87.070400
75.937500	99.594100	8.351209	4.975638	0.134718	0.217170	5.088430	17.236826	0.093227	0.087467	7.061232	16.472853	0.150524	0.127279	11.583090	10.030376	1.465481	3.345939	86.421400
81.562500	99.594100	7.799317	6.322277	0.129994	0.152470	3.618719	17.576909	0.438407	0.061334	5.312589	16.449103	1.254351	0.139154	11.268317	10.653905	2.338480	3.423954	86.939300
87.187500	99.594100	7.870986	6.918990	0.101098	0.081472	2.302650	18.009280	1.113614	0.054686	4.024184	17.236713	2.583686	0.104346	10.598962	10.940742	2.891164	3.503518	88.336000
92.812500	99.594100	7.005407	7.046903	0.044978	0.088952	1.185803	17.706858	2.315657	0.044761	2.400005	16.985750	4.173111	0.133203	10.752571	10.966325	3.407985	2.921938	87.180200
98.437500	99.594100	6.116632	8.196141	0.133016	0.124838	0.489386	17.951714	3.790955	0.044938	1.302859	16.740894	5.259478	0.115597	10.301946	11.365717	3.579440	2.329986	87.843600
104.062000	99.594100	4.806060	8.169643	0.272049	0.182203	0.128802	17.246326	4.657337	0.063403	0.164837	16.940171	6.922077	0.130290	9.657743	11.433123	3.202385	1.414203	85.390600
109.688000	99.594100	4.388471	8.521613	0.436256	0.085586	0.157949	16.113430	6.318545	0.060766	0.114209	16.935647	9.578326	0.396216	9.015283	11.831338	3.113909	0.457694	87.525200
115.312000	99.594100	3.745139	8.731567	0.641840	0.123545	0.069071	15.097250	8.539968	0.127164	0.105229	16.756275	10.774930	0.286505	8.518322	12.265067	2.371086	0.219752	88.372700
120.938000	99.594100	3.277764	8.644301	0.847144	0.152239	0.057622	14.935069	9.862359	0.074950	0.252070	15.379202	12.445909	0.506161	7.330087	12.555388	2.585722	0.791385	89.697300
126.562000	99.594100	2.437926	9.165069	1.010960	0.177821	0.301584	14.422964	11.534458	0.119384	0.133202	15.440274	13.191560	0.803947	5.907639	12.503476	2.801263	0.447516	90.399000
132.188000	99.594100	2.037754	8.944665	1.399727	0.251231	1.145212	13.438678	12.542834	0.771867	0.147263	14.631289	14.283176	0.374352	4.841358	12.490583	3.663381	0.400978	91.364300
137.812000	99.594100	1.362608	9.165397	1.831148	0.243681	0.856054	12.877150	13.373081	1.176303	0.313850	13.780232	14.208531	0.127049	3.972634	12.622567	4.688314	0.443286	91.041800
143.437000	99.594100	1.013652	8.882733	2.374162	0.183672	0.144922	11.443528	14.417648	0.357289	0.973888	13.512870	15.414488	0.140177	2.763352	12.297073	5.833651	0.469783	90.222900
149.062000	99.594100	0.824158	8.890073	3.131258	0.160716	0.083675	10.127335	14.930771	0.069299	0.512251	12.044640	15.612295	0.232274	2.557436	11.906887	7.169082	0.636680	88.888900
154.688000	99.594100	0.591156	8.530536	3.777349	0.105437	0.062335	8.059520	15.346743	0.067161	0.348508	10.863565	16.380000	0.099145	2.408091	11.797749	8.014213	0.231213	86.682800
160.312000	99.594100	0.448733	8.753847	4.371744	0.101149	0.068861	6.309723	16.090132	0.141099	0.379472	9.431108	16.524425	0.112590	2.886549	11.742218	9.473734	0.473075	87.308600
165.938000	99.594100	0.257334	8.287818	4.972879	0.210319	0.042413	4.833158	17.903195	0.084865	0.128325	6.700972	16.536753	0.148646	3.308764	11.286594	10.257680	1.243901	86.203600
171.562000	99.594100	0.087279	7.853343	6.370931	0.143187	0.061020	3.785492	17.894826	0.584725	0.074434	5.305848	16.951820	1.375275	3.517316	11.358705	10.741589	2.373178	88.479100
177.188000	99.594100	0.088390	7.637395	7.301338	0.105286	0.067527	2.199721	18.081323	1.201614	0.123146	3.928425	17.165348	2.590178	3.362972	11.041557	10.826016	2.961510	88.681700
182.812000	99.594100	0.119753	7.322363	7.667728	0.071039	0.062105	1.191967	17.979083	2.209424	0.143939	2.537904	17.192152	4.071934	3.056919	10.888423	10.893060	3.568130	88.976000
188.438000	99.594100	0.169300	6.182455	8.212427	0.136315	0.060099	0.486668	17.663089	3.845705	0.085022	1.312936	16.539581	5.227393	2.282021	10.079608	11.236288	3.593091	87.112000
194.062000	99.594100	0.160861	5.037027	8.409669	0.233793	0.043900	0.113311	17.655399	4.825072	0.099309	0.125118	16.486199	6.952014	1.453312	10.233375	11.363342	3.292071	86.483800
199.687000	99.594100	0.120921	4.324706	8.331406	0.420964	0.028203	0.154045	16.064572	6.550496	0.341134	0.101641	16.450347	9.146295	0.484292	9.218598	11.841404	3.031178	86.610300
205.312000	99.594100	0.147983	3.939802	8.657092	0.602621	0.117481	0.077451	14.860198	8.305077	0.355956	0.095632	16.238176	11.166858	0.210856	8.305981	12.186125	2.315973	87.583300
210.938000	99.594100	0.189214	3.252691	9.177871	0.779277	0.121297	0.064693	14.736583	9.991154	0.521655	0.225432	15.483478	12.195964	0.702026	6.985412	11.863119	2.349869	88.639700
216.562000	99.594100	0.149980	2.620725	9.128063	0.988819	0.163029	0.319605	14.245514	11.174888	0.869483	0.141806	15.120435	13.291425	0.513730	5.733594	12.275811	2.860401	89.597400
222.188000	99.594100	0.246808	2.047593	9.276843	1.463988	0.889698	1.166870	13.928842	12.438219	0.348585	0.130175	14.512650	14.436649	0.389381	4.673261	12.681378	3.667306	92.298400
227.812000	99.594100	0.297030	1.521736	9.494261	2.074205	1.133292	0.921135	12.521458	13.597466	0.134167	0.358483	14.172906	14.630384	0.364742	3.521014	12.529149	4.783486	92.055000
233.438000	99.594100	0.175403	1.041498	9.269899	2.727376	0.369688	0.113809	11.470106	14.269491	0.128812	0.755632	13.420695	15.463346	0.584113	2.863353	12.269591	5.892122	90.814800
239.062000	99.594100	0.149870	0.785337	9.017511	3.121102	0.079097	0.121602	9.873239	14.779447	0.251834	0.492438	11.915370	15.567509	0.750730	2.304946	12.453487	7.042594	88.706200
244.687000	99.594100	0.106043	0.597621	8.844279	3.805160	0.086599	0.102718	8.603145	15.655159	0.115958	0.292014	10.923517	16.251861	0.197315	2.363452	11.908132	8.484992	88.338000
250.312000	99.594100	0.090308	0.404954	8.557612	4.420997	0.149478	0.064291	6.509668	16.002029	0.087217	0.354553	8.773288	16.408161	0.467707	2.969110	11.890828	9.169061	86.319300
255.937000	99.594100	0.139551	0.287444	8.167686	4.777017	0.173594	0.064881	4.719868	17.604731	0.139673	0.138025	6.937097	16.946731	1.441245	3.562826	11.685556	10.027707	86.813600
261.562000	99.594100	0.134374	0.138972	7.835994	6.104067	0.652565	0.040259	3.506447	17.904892	1.337862	0.088722	5.255022	16.829562	2.428743	3.576500	11.201149	10.575166	87.610300
267.188000	99.594100	0.118507	0.081995	7.411223	7.336194	1.335713	0.045101	2.138150	17.887588	2.721653	0.121357	4.007740	17.019453	2.771269	3.381395	11.470897	11.008601	88.856700
272.812000	99.594100	0.083595	0.106351	7.149878	7.596262	2.421165	0.058484	1.199363	18.157777	4.023867	0.145700	2.579762	16.828884	3.376600	2.795121	10.665294	11.225453	88.413600
278.438000	99.594100	0.120208	0.122556	6.212504	7.937838	3.712284	0.041754	0.567781	18.301863	5.422440	0.120107	1.268986	17.004637	3.565846	2.224817	10.291292	11.101250	88.016200
284.062000	99.594100	0.185198	0.147309	5.163029	8.177492	4.881677	0.065272	0.102347	17.617964	6.598200	0.094665	0.153334	16.262040	3.314668	1.397159	10.365586	11.774564	86.300500
289.688000	99.594100	0.441186	0.112489	4.524934	8.870778	6.385464	0.042970	0.139900	15.954076	9.332475	0.357267	0.124382	16.652678	2.998685	0.509439	9.531448	11.918197	87.896400
295.312000	99.594100	0.618421	0.109414	3.908893	9.059526	8.580706	0.113818	0.039792	15.837246	10.863123	0.349317	0.096565	16.810336	2.441466	0.260400	8.309250	11.863684	89.261900
300.938000	99.594100	0.902355	0.155386	3.246832	8.999426	10.054082	0.126367	0.052881	15.069881	12.411867	0.456076	0.236120	15.752084	2.405716	0.667627	7.137607	12.565679	90.240100
306.562000	99.594100	0.953146	0.182597	2.563102	8.967182	11.437194	0.152611	0.280883	14.665897	13.216102	0.888397	0.108354	14.818578	2.953073	0.485278	5.856180	12.537858	90.066400
312.187000	99.594100	1.318817	0.267705	1.893453	9.085245	12.845369	0.958063	1.312189	13.186697	14.657754	0.321239	0.171641	14.368903	3.641327	0.445450	4.770231	12.537405	91.781500
317.812000	99.594100	1.856402	0.299610	1.569316	9.552190	13.989123	1.042812	0.919965	12.363914	15.029957	0.110891	0.381045	14.204686	4.961105	0.400957	3.638873	12.018175	92.338900
323.438000	99.594100	2.358554	0.121422	1.013843	9.103589	14.552573	0.360336	0.125532	11.690080	14.912336	0.143739	0.683060	12.794362	5.843898	0.506100	2.748638	12.605377	89.563400
329.062000	99.594100	3.010436	0.101360	0.843048	9.051180	14.695076	0.062842	0.131968	10.177313	15.154704	0.253220	0.447666	11.729212	7.257286	0.752701	2.578563	12.524286	88.770800
334.688000	99.594100	3.719590	0.071487	0.560388	9.020949	15.200847	0.065345	0.118462	8.472868	16.508705	0.102670	0.400038	10.500024	8.292003	0.191498	2.312094	11.995895	87.532800
340.312000	99.594100	4.310705	0.100541	0.419639	8.351560	16.336118	0.220291	0.051455	6.288789	16.772787	0.143973	0.404614	9.266698	9.419108	0.484801	2.885328	11.686121	87.142400
345.938000	99.594100	5.075729	0.170316	0.295351	8.290645	17.527373	0.164303	0.052648	4.980343	16.823342	0.170775	0.083541	6.714102	9.983430	1.333203	3.544765	11.500076	86.709900
351.562000	99.594100	6.334050	0.137972	0.116075	7.713306	17.707311	0.493534	0.052340	3.952028	16.420376	1.437309	0.111732	5.388477	10.635323	2.180460	3.531905	10.945583	87.157800
357.187000	99.594100	7.358735	0.118460	0.089517	7.628031	17.894826	1.191017	0.046792	2.412366	16.406239	2.667695	0.104910	4.067229	10.956485	2.961917	3.226837	11.237589	88.368600
0.000000	102.025000	6.983263	0.103674	0.116569	6.983195	18.034954	1.365526	0.062341	1.447148	17.007351	3.517146	0.102160	3.504954	11.354294	3.268694	3.235070	11.447486	88.533900
5.625000	102.025000	7.222023	0.107717	0.138608	6.216633	18.210707	2.779752	0.041215	0.611028	16.494002	5.034290	0.109954	2.046259	11.480397	3.716322	2.890474	11.098943	88.198400
11.250000	102.025000	7.673179	0.221362	0.228833	5.297163	17.452615	4.146352	0.031173	0.261858	16.332952	5.896058	0.114285	0.627747	11.472594	3.496992	2.123188	10.612556	85.988900
16.875000	102.025000	7.754881	0.309329	0.072237	4.494737	16.311124	4.951141	0.042660	0.166126	16.220194	8.223692	0.104513	0.119408	11.860404	3.119903	1.046723	10.174621	84.971600
22.500000	102.025000	8.343632	0.438197	0.058464	3.476058	15.539800	6.679449	0.076696	0.088391	16.574641	10.064939	0.347048	0.143264	12.196190	2.990825	0.284346	9.221991	86.524000
28.125000	102.025000	8.798814	0.807339	0.106142	3.394662	15.258075	8.619069	0.071201	0.041985	15.675404	11.549500	0.377290	0.125211	12.946591	2.613691	0.170672	8.672383	89.228100
33.750000	102.025000	8.712657	0.978132	0.113361	2.790258	14.312129	10.341745	0.121451	0.107968	15.073726	12.585245	2.008824	0.189369	12.400331	2.913761	0.148143	7.223719	90.020800
39.375000	102.025000	8.958135	1.116429	0.141644	2.040649	13.461297	11.762688	0.220127	0.800530	14.411880	14.012873	0.855881	0.113854	13.054034	3.605611	0.128791	6.142169	90.826400
45.000000	102.025000	8.988569	1.603675	0.247141	1.543982	12.585811	12.489226	0.856573	0.846454	14.439815	14.045671	0.083491	0.123270	12.848197	4.930546	0.090734	4.874088	90.597200
50.625000	102.025000	8.592366	2.032461	0.143096	1.116340	11.324549	13.664646	0.854231	0.176349	14.001676	15.038327	0.140776	0.887643	12.971133	6.053331	0.111917	3.809254	90.918100
56.250000	102.025000	8.531158	2.716066	0.154298	1.075972	10.167631	14.267342	0.107942	0.163377	12.798321	14.944908	0.178317	1.908269	13.081969	6.860631	0.125384	2.991809	90.073400
61.875000	102.025000	8.528263	3.294763	0.141368	0.757287	8.731465	14.907247	0.031745	0.094221	11.486844	15.774929	0.149319	0.407852	12.428945	8.545488	0.160124	2.759032	88.198900
67.500000	102.025000	8.202192	3.838467	0.067301	0.488872	6.617811	15.567509	0.110853	0.040863	10.158742	16.261022	0.125039	0.438111	12.630484	9.661668	0.379472	2.827298	87.415700
73.125000	102.025000	7.732510	4.459111	0.084961	0.270061	5.152862	16.173371	0.111310	0.052817	8.209792	16.150865	0.160619	0.103317	12.363914	10.100169	1.108388	3.126293	85.360300
78.750000	102.025000	7.720205	5.090930	0.176349	0.190731	3.890017	17.051233	0.152659	0.043259	5.970114	16.172467	0.663581	0.117273	11.284830	10.168955	2.195977	3.510326	84.398900
84.375000	102.025000	7.376265	6.302349	0.153840	0.120118	2.656905	17.387697	0.595840	0.046893	5.135954	16.806943	2.122079	0.158213	11.359383	11.218034	3.049138	3.627789	88.117300
90.000000	102.025000	6.771635	6.881509	0.094257	0.096473	1.406003	18.032352	1.400914	0.048300	3.515337	16.475341	3.356582	0.109816	11.482772	11.213409	3.296629	3.016012	87.197300
95.625000	102.025000	6.133879	7.432395	0.090258	0.129812	0.789758	17.937124	2.588968	0.076432	1.971660	16.881021	4.894389	0.134172	11.173553	11.766307	3.680572	2.954555	88.634800
101.250000	102.025000	4.990443	7.616088	0.199887	0.270195	0.158177	16.967315	4.035211	0.036857	0.694374	16.369821	5.796250	0.134377	10.428174	11.318894	3.431701	2.313587	84.761400
106.875000	102.025000	4.456510	7.958614	0.346865	0.090615	0.178255	16.115805	5.132029	0.023298	0.130480	16.303660	8.162076	0.139147	10.165189	12.476559	3.295181	1.121907	86.096200
112.500000	102.025000	3.533896	8.334301	0.450449	0.105096	0.094502	15.573503	6.694774	0.044961	0.158492	16.150300	10.647142	0.381843	9.637035	12.501101	2.896298	0.342104	87.545800
118.125000	102.025000	3.204884	8.661231	0.753181	0.121537	0.035432	15.173478	8.687470	0.064417	0.110634	15.906575	11.989109	0.438128	8.420391	12.467172	2.769516	0.137960	88.941100
123.750000	102.025000	2.706408	8.485150	1.130481	0.130200	0.126735	14.425565	9.979189	0.123557	0.198544	15.055178	12.980747	1.899605	7.281704	12.760094	2.754881	0.121566	90.159600
129.375000	102.025000	2.040502	8.964875	1.230793	0.127949	0.875759	13.687040	11.427015	0.175095	0.191771	15.217020	13.673581	0.812118	5.827804	13.084344	3.566547	0.125552	91.027800
135.000000	102.025000	1.387591	8.999245	1.539029	0.201702	0.889854	12.483684	12.760320	0.867146	0.166290	14.321855	14.313599	0.119137	4.750597	12.765862	4.792059	0.086126	90.444200
140.625000	102.025000	1.329708	8.851676	1.873582	0.169917	0.198335	11.815166	13.568400	0.871993	0.811230	13.344807	14.747893	0.137749	3.733139	12.847970	5.955660	0.087199	90.344500
146.250000	102.025000	0.992304	8.580955	2.641524	0.158155	0.168979	10.273434	14.142596	0.136627	2.072656	12.752629	15.336677	0.267683	2.740179	12.684997	6.873072	0.138786	89.961300
151.875000	102.025000	0.765312	8.562249	3.405587	0.146192	0.067863	8.603529	14.836674	0.040891	0.458878	11.826928	15.548735	0.131102	2.695324	12.497934	8.574407	0.164053	88.325600
157.500000	102.025000	0.460068	8.447500	3.976412	0.075263	0.061902	7.035344	15.570336	0.103329	0.373632	10.192750	16.455323	0.158233	3.034809	12.295264	9.505537	0.358097	88.103800
163.125000	102.025000	0.279996	7.787905	4.395833	0.094947	0.039339	5.034935	15.767126	0.136821	0.161941	8.265594	16.088661	0.167515	3.328330	12.176964	10.333082	1.067138	85.126200
168.750000	102.025000	0.201606	7.796127	4.887920	0.219105	0.048559	3.910092	17.053156	0.138656	0.129622	5.686534	16.476585	0.686247	3.473966	11.880536	10.763575	2.234792	85.587100
174.375000	102.025000	0.126964	7.121343	6.180091	0.122268	0.049490	2.748299	18.033936	0.572674	0.127785	4.837320	16.723590	1.946699	3.556187	11.278858	10.949473	2.916441	87.291400
180.000000	102.025000	0.087900	7.138738	6.854309	0.096609	0.054367	1.421011	17.720656	1.502396	0.110449	3.471625	16.893010	3.301854	3.343836	10.933662	11.466034	3.202690	87.599100
185.625000	102.025000	0.098368	6.113612	7.411574	0.091096	0.040075	0.587322	18.394603	2.570092	0.138373	2.013574	16.400810	5.045363	3.017776	10.999869	11.319686	3.435151	87.677300
191.250000	102.025000	0.246777	4.820808	7.723304	0.185923	0.024939	0.159120	17.405001	3.969886	0.096235	0.598783	16.720423	5.799507	2.157038	10.630448	11.589084	3.546178	85.673400
196.875000	102.025000	0.107056	4.285349	7.929786	0.313428	0.032310	0.115748	16.012321	5.185185	0.130225	0.177498	17.034721	8.490070	1.056137	10.618754	12.144505	3.164509	86.797500
202.500000	102.025000	0.080277	3.812342	8.269496	0.542234	0.083690	0.121971	15.512996	6.764058	0.370231	0.108482	16.051452	10.408574	0.344195	9.613081	12.510601	2.850912	87.444500
208.125000	102.025000	0.122345	3.230806	8.591269	0.758077	0.071922	0.033397	14.871847	8.689121	0.378193	0.117543	16.108906	11.666895	0.153990	8.661367	12.610353	2.740484	88.806400
213.750000	102.025000	0.139465	2.759157	8.743645	1.046776	0.155462	0.134295	14.399213	10.198982	1.928830	0.211910	15.392434	12.747766	0.148534	7.214479	13.017616	3.005844	91.244400
219.375000	102.025000	0.174930	1.922248	8.804809	1.166147	0.198745	0.950056	13.987426	11.477344	0.761225	0.130125	14.878294	13.402147	0.134313	5.836705	12.695063	3.535875	90.055400
225.000000	102.025000	0.227500	1.639312	9.051112	1.543326	0.903506	0.857199	12.834964	12.555161	0.198780	0.086216	14.479852	14.002694	0.069770	4.582455	12.734421	4.719043	90.485300
230.625000	102.025000	0.166647	1.253435	8.795840	2.119161	0.763063	0.192900	11.202257	13.854084	0.138462	0.910766	14.255806	14.903401	0.096376	3.576601	12.644169	5.945493	90.818400
236.250000	102.025000	0.156839	1.032934	8.630345	2.520159	0.151348	0.136762	10.333975	14.609914	0.188388	1.945433	12.767897	15.349910	0.157670	2.843685	12.783053	7.050567	90.658800
241.875000	102.025000	0.144394	0.721547	8.742515	3.289730	0.046136	0.095963	8.426509	15.114780	0.160328	0.446143	11.894899	15.714196	0.135065	2.793335	12.495220	8.771128	88.991900
247.500000	102.025000	0.098491	0.490918	8.436270	4.017274	0.127575	0.052566	6.536381	15.294379	0.147204	0.358927	10.257205	16.461091	0.329294	2.919280	12.150952	9.474266	87.152200
253.125000	102.025000	0.113594	0.298235	8.094399	4.561521	0.145521	0.035347	5.096403	15.955659	0.171275	0.142928	7.991605	16.361678	1.137850	3.341178	11.908584	10.101469	85.457200
258.750000	102.025000	0.163222	0.192268	7.654021	5.022935	0.279266	0.068444	3.905534	17.172247	0.757953	0.130518	5.839792	16.320963	2.269547	3.391212	11.749230	10.457817	85.375100
264.375000	102.025000	0.116338	0.090241	7.629524	6.110095	0.749480	0.062145	2.792826	17.739543	2.062963	0.162277	4.974123	16.479526	2.804147	3.522100	11.478814	11.067343	87.841500
270.000000	102.025000	0.086673	0.061687	6.987481	6.703177	1.411387	0.067198	1.339321	17.963250	3.484902	0.150891	3.234324	16.789299	3.360563	3.330547	11.501773	11.009245	87.481700
275.625000	102.025000	0.096858	0.131566	5.975645	7.047253	2.522365	0.062874	0.701928	17.812943	4.855540	0.105150	1.962171	16.559599	3.398292	2.738335	11.097077	11.557756	86.625200
281.250000	102.025000	0.177667	0.226683	5.123581	7.555829	3.910736	0.049671	0.177425	17.383287	5.800186	0.136403	0.730441	16.475794	3.493045	2.195830	10.485062	11.971579	85.893200
286.875000	102.025000	0.266575	0.064726	4.468532	7.911283	4.931157	0.051478	0.127971	15.978278	8.080522	0.111036	0.131450	16.295403	3.209318	1.092201	10.335626	11.670853	84.726400
292.500000	102.025000	0.478839	0.063371	3.731319	8.116656	6.819735	0.080598	0.109044	15.116251	10.186417	0.360866	0.120408	16.341999	2.888574	0.336662	9.763512	12.760094	87.274300
298.125000	102.025000	0.793609	0.157746	3.062404	8.723096	8.770755	0.074585	0.028227	14.904759	11.741426	0.457560	0.122752	15.890289	2.688561	0.179266	8.694844	12.610918	88.900900
303.750000	102.025000	1.032851	0.127477	2.676245	8.698735	10.382799	0.157877	0.120526	14.389939	12.749576	1.973492	0.193619	15.405667	2.831019	0.153936	7.113268	12.799225	90.806300
309.375000	102.025000	1.176427	0.137481	1.873559	8.852423	11.328847	0.205612	0.910326	13.939134	14.076434	0.778682	0.124035	14.594646	3.797051	0.114149	6.096173	13.176405	91.181400
315.000000	102.025000	1.593315	0.195756	1.527956	8.957343	12.619175	0.902274	0.848926	12.484249	14.248455	0.120718	0.120790	14.114095	4.756173	0.054218	4.523418	12.867536	89.934500
320.625000	102.025000	2.070021	0.145372	1.193935	8.680334	13.623366	0.828212	0.227455	11.500642	14.725273	0.174608	0.831153	13.937889	5.835065	0.082155	4.007943	13.045438	90.908900
326.250000	102.025000	2.656034	0.086107	1.027164	8.854526	14.325135	0.098729	0.125085	10.331600	15.479519	0.205509	1.763583	12.870929	6.935649	0.144529	2.879221	12.768802	90.552100
331.875000	102.025000	3.244039	0.111758	0.829476	8.559489	14.924098	0.029509	0.068073	8.646947	15.869818	0.092343	0.414222	11.704896	7.909372	0.141753	2.703479	12.499518	87.748800
337.500000	102.025000	3.765417	0.054606	0.532593	8.488849	15.014463	0.135382	0.048757	6.705451	16.072149	0.092486	0.411411	10.131191	9.688868	0.400359	3.005743	12.245162	86.792900
343.125000	102.025000	4.286830	0.119253	0.257983	8.062200	16.151996	0.124797	0.043583	5.059850	16.654940	0.141293	0.115622	8.024957	10.308144	1.098989	3.093698	12.445344	85.989600
348.750000	102.025000	5.165178	0.206918	0.219962	7.864619	17.318595	0.223269	0.075605	4.046182	16.421846	0.711657	0.139959	6.155040	10.595411	2.257004	3.646439	11.451331	86.499000
354.375000	102.025000	6.319370	0.107943	0.110437	7.229804	17.944136	0.656088	0.040912	2.607142	16.715786	1.840874	0.094645	5.040285	11.179660	2.998606	3.624928	11.526541	88.037200
2.812500	104.478000	6.704410	0.058104	0.092443	5.925249	17.875147	1.708923	0.038634	0.884389	16.695202	4.379366	0.154085	2.828972	11.522696	3.255541	3.135669	11.261294	86.520200
8.437500	104.478000	7.136306	0.202311	0.108130	4.844592	16.327184	3.003990	0.023103	0.327084	16.188187	5.397706	0.116366	1.465131	11.764046	3.332798	2.624028	11.370919	84.231700
14.062500	104.478000	7.779084	0.316338	0.076951	4.532828	15.543532	3.971334	0.029157	0.141024	15.974433	7.200681	0.096068	0.184685	12.243918	3.068059	1.762294	10.867862	83.788300
19.687500	104.478000	8.019404	0.382958	0.055738	3.723899	15.186258	5.313720	0.034864	0.107040	16.147811	9.779266	0.406765	0.161236	12.428153	2.751918	0.887950	10.144220	85.531200
25.312500	104.478000	7.979074	0.755833	0.114037	3.292116	14.771078	6.935943	0.069797	0.044823	16.345166	11.187193	1.321565	0.117024	12.624829	2.756397	0.220147	9.741311	88.276300
30.937500	104.478000	8.192466	0.981099	0.069826	2.790134	14.315295	8.971401	0.094157	0.044621	15.482234	12.359051	1.407881	0.178099	12.796737	2.892464	0.235134	8.605022	89.415700
36.562500	104.478000	8.611299	1.358480	0.080204	2.220169	13.933366	10.042331	0.169131	0.339551	14.977706	13.133880	1.081808	0.147097	13.220739	3.576929	0.217375	6.749660	89.859700
42.187500	104.478000	8.549457	1.337274	0.166556	1.681328	12.853399	11.436742	0.332531	0.807958	14.514120	14.419684	0.265614	0.178103	13.392873	4.660210	0.232511	5.866246	90.694600
47.812500	104.478000	8.185861	1.602646	0.170579	1.361364	10.991048	12.879751	0.803866	0.324180	14.046463	14.213395	0.166466	0.309618	13.366069	5.852629	0.220535	4.790600	89.285200
53.437500	104.478000	8.536429	2.212105	0.127515	1.261612	10.263312	13.686135	0.269090	0.195135	13.682063	14.601884	0.138114	1.151421	13.453720	7.189824	0.215110	3.539981	90.523500
59.062500	104.478000	8.190837	2.761283	0.087140	1.059276	8.922735	14.390166	0.039662	0.127374	12.177416	15.401143	0.148651	1.513842	13.178780	8.575866	0.141873	3.025693	89.741700
64.687500	104.478000	8.302136	3.293315	0.143824	0.696210	7.003134	14.458250	0.042324	0.068444	10.875157	16.223021	0.151874	1.443484	12.824672	9.622468	0.247278	2.823396	88.218900
70.312500	104.478000	7.872932	3.705035	0.064796	0.369345	5.121997	15.083452	0.080969	0.037622	9.505775	16.191128	0.130056	0.388791	12.443195	10.484903	0.786512	3.001185	85.267700
75.937500	104.478000	7.524976	4.374922	0.069199	0.211727	3.803554	15.633218	0.040598	0.029137	6.793474	16.037315	0.213302	0.076707	12.457672	10.899439	1.930843	2.887036	82.983100
81.562500	104.478000	6.886372	5.176239	0.107071	0.177599	3.009882	16.140008	0.275297	0.016570	5.367860	16.332612	1.574552	0.174643	11.930751	11.084647	2.782681	3.328839	84.365500
87.187500	104.478000	6.608447	6.209281	0.088696	0.084151	1.632458	17.591273	0.851319	0.040099	4.058701	16.455662	2.872243	0.165007	11.858708	11.427015	3.133961	3.485309	86.562400
92.812500	104.478000	5.963736	6.704512	0.061038	0.108010	0.958874	17.572725	1.638000	0.045215	2.629570	16.300153	4.453264	0.147973	11.558435	11.856107	3.422518	3.059656	86.479800
98.437500	104.478000	4.957362	7.343693	0.149911	0.097015	0.302170	16.123948	2.937149	0.021231	1.530309	16.326392	5.529521	0.165612	11.062220	11.861196	3.192025	2.644250	84.244000
104.062000	104.478000	4.444092	7.455693	0.285998	0.103792	0.182927	15.556878	4.109109	0.035649	0.245344	15.991624	7.152389	0.073387	10.833458	12.253644	2.786831	2.042380	83.553200
109.688000	104.478000	3.974964	7.812187	0.483183	0.089526	0.126920	15.277414	5.015041	0.029331	0.170993	16.620219	9.121040	0.384272	10.441576	12.634556	2.791389	0.811826	85.784400
115.312000	104.478000	3.461774	8.145983	0.680388	0.152712	0.037348	14.648593	6.813820	0.069640	0.154054	16.128924	11.155016	1.307247	9.509903	12.706033	2.913399	0.225965	88.110900
120.938000	104.478000	2.881460	8.566354	1.129556	0.079145	0.045527	14.069761	8.692311	0.101137	0.156477	15.268819	12.388569	1.420717	8.607883	13.138744	3.081427	0.148052	89.776000
126.562000	104.478000	2.242754	8.556322	1.313987	0.078155	0.289652	13.788488	10.345307	0.161634	0.151248	15.220413	13.348992	1.181426	6.995624	13.427368	3.611503	0.200940	90.913800
132.188000	104.478000	1.703449	8.673333	1.328634	0.148787	0.646977	13.026551	11.686800	0.317460	0.177339	14.556758	13.871954	0.281353	5.838005	13.327956	4.780805	0.192000	90.558100
137.812000	104.478000	1.357123	8.224427	1.715359	0.132669	0.327454	11.217797	13.234424	0.877079	0.305342	13.865168	14.596229	0.202499	4.701321	13.362337	5.694541	0.201744	90.015600
143.437000	104.478000	1.408209	8.375378	2.332203	0.128226	0.203818	10.170628	13.862567	0.350583	1.395282	13.287467	15.065922	0.154785	3.526273	13.456095	7.261019	0.153190	91.131700
149.062000	104.478000	1.111082	8.088065	2.684422	0.147984	0.104385	9.088762	14.340516	0.067227	1.433418	11.963436	15.528490	0.104507	2.861249	13.068058	8.453347	0.162683	89.207700
154.688000	104.478000	0.682001	8.000302	3.109419	0.158117	0.075314	7.104379	14.483358	0.025209	1.315175	11.092485	16.578712	0.133943	2.720025	12.746522	9.949399	0.230463	88.404800
160.312000	104.478000	0.453831	7.728665	3.630119	0.056885	0.059022	5.530912	14.750833	0.112535	0.425790	9.483472	15.948081	0.175204	2.942951	12.554483	10.539563	0.811401	85.203900
165.938000	104.478000	0.253521	7.327350	4.225859	0.088380	0.021357	3.998466	15.782846	0.106619	0.079059	7.194879	16.293820	0.205048	3.104816	12.067825	10.800920	1.921671	83.472400
171.562000	104.478000	0.157687	7.223674	4.886201	0.148178	0.050467	2.973623	16.428067	0.267999	0.146388	5.381205	16.168056	1.380251	3.514183	11.894899	11.273904	2.683687	84.578600
177.188000	104.478000	0.056424	6.881340	5.911994	0.101858	0.051068	1.622517	17.353768	0.763518	0.180725	4.308941	16.381131	2.562853	3.361321	11.747307	11.685669	3.005403	85.975800
182.812000	104.478000	0.097300	6.027466	6.540792	0.091760	0.027460	0.843795	17.255713	1.630750	0.174599	2.822751	16.102799	4.450719	3.232616	11.916048	11.966603	3.372201	86.553500
188.438000	104.478000	0.110032	5.161864	7.411099	0.177229	0.029172	0.262168	16.212164	2.732352	0.135612	1.468592	15.983255	5.225855	2.638516	11.282590	11.893203	3.379880	84.103700
194.062000	104.478000	0.069866	4.191998	7.398771	0.280563	0.057261	0.077924	15.274926	4.118903	0.060262	0.235503	15.886783	6.858098	1.938296	11.050186	12.001889	2.946796	82.448100
199.687000	104.478000	0.058257	3.649221	7.838403	0.535391	0.054760	0.098142	15.008582	5.322779	0.447950	0.156703	16.189657	9.338289	0.909180	10.593160	12.133195	3.009000	85.342800
205.312000	104.478000	0.108013	3.198234	7.839421	0.750837	0.095454	0.005044	14.652891	7.134350	1.412224	0.156286	16.736935	10.784623	0.201191	9.677841	12.932907	2.894036	88.580200
210.938000	104.478000	0.119968	2.685157	8.628953	1.006744	0.128349	0.060156	14.471143	9.065521	1.310956	0.140788	15.464364	12.156493	0.166370	8.322324	13.008569	2.953085	89.688900
216.562000	104.478000	0.107332	2.186352	8.759434	1.140440	0.256137	0.315579	13.416850	10.359365	1.284921	0.163805	15.324237	13.499863	0.186583	6.856028	13.337229	3.525380	90.719500
222.188000	104.478000	0.155896	1.843577	8.499152	1.380059	0.323022	0.803213	12.391170	11.274809	0.280360	0.178514	14.560603	14.121560	0.214681	5.991716	13.431666	4.821125	90.271000
227.812000	104.478000	0.181283	1.270943	8.421035	1.760281	0.812788	0.258845	11.618376	13.010944	0.195422	0.311230	14.329998	14.214865	0.251902	4.687851	13.414023	5.836716	90.576500
233.438000	104.478000	0.115548	1.218318	8.386869	2.305308	0.371232	0.200293	10.378750	13.624271	0.169857	1.085420	13.323997	14.971599	0.161718	3.543916	13.454625	6.925640	90.237400
239.062000	104.478000	0.117007	0.993118	8.111330	2.707562	0.029889	0.115326	9.149688	14.325587	0.155850	1.471328	12.442516	15.311117	0.199714	3.029222	13.102439	8.545883	89.807500
244.687000	104.478000	0.150353	0.680304	8.287038	3.069303	0.050790	0.071156	7.192493	14.834751	0.156872	1.376010	11.149147	16.347881	0.208600	2.793764	13.371272	9.710322	89.450000
250.312000	104.478000	0.062698	0.393148	7.829231	3.798193	0.100998	0.035598	5.404718	15.011636	0.160952	0.368265	9.575748	16.374911	0.788299	2.786062	12.983574	10.390105	86.064100
255.937000	104.478000	0.072757	0.300007	7.254855	4.195142	0.175867	0.045805	4.084544	15.844484	0.274098	0.070385	7.059943	15.856360	1.984779	3.243869	12.289496	10.774421	83.526900
261.562000	104.478000	0.139573	0.158310	7.267352	4.884176	0.357056	0.013339	2.925579	16.399114	1.492760	0.121007	5.375007	16.153919	2.786062	3.214780	11.785534	11.210411	84.284100
267.188000	104.478000	0.083376	0.078642	6.587705	5.822183	0.966768	0.021192	1.742513	17.282291	2.740597	0.138151	4.258624	16.401941	2.975433	3.366026	11.771058	12.558328	86.794900
272.812000	104.478000	0.053321	0.091291	5.961089	6.255040	1.642230	0.038065	0.866151	17.251189	4.367887	0.162947	2.733416	16.690452	3.381509	2.946265	11.761105	11.744027	85.946100
278.438000	104.478000	0.187261	0.111185	5.082526	7.134700	3.043823	0.035131	0.301274	16.305582	5.409502	0.138323	1.388225	16.154032	3.356378	2.686944	11.150119	11.869226	84.354200
284.062000	104.478000	0.290325	0.079729	4.460389	7.574954	3.982824	0.044545	0.082393	15.640344	6.831237	0.113555	0.269807	16.004291	3.063253	1.921999	10.882983	12.356449	83.599100
289.688000	104.478000	0.387572	0.083650	3.830878	7.857155	5.236350	0.043642	0.088037	15.336451	9.397472	0.418547	0.205315	16.389727	2.903062	0.825136	10.429112	12.823654	86.255900
295.312000	104.478000	0.713516	0.126398	3.145983	8.130330	7.379714	0.058549	0.041339	14.193376	10.990222	1.419315	0.155248	16.311237	2.902858	0.240775	9.779561	12.925442	88.513800
300.938000	104.478000	1.050030	0.118247	2.730995	8.206218	8.924986	0.127824	0.034366	13.890162	12.657628	1.430715	0.151875	15.362690	2.818781	0.176382	8.154849	12.807708	88.643400
306.562000	104.478000	1.266532	0.093418	2.306745	8.748011	10.376364	0.245986	0.301522	13.520900	13.340622	1.351072	0.183059	15.197794	3.744234	0.193780	6.774383	12.879751	90.524100
312.187000	104.478000	1.465199	0.107537	1.744289	8.283238	11.723557	0.321469	0.819780	12.600740	14.145989	0.236980	0.137911	14.704011	4.568759	0.193403	5.998185	13.531983	90.583100
317.812000	104.478000	1.713572	0.151854	1.390509	8.576714	12.802166	0.934956	0.303751	11.957894	14.649045	0.156037	0.240945	14.163858	5.896974	0.192819	4.549668	13.315062	90.995900
323.438000	104.478000	2.080165	0.102391	1.099728	8.475797	13.621556	0.347036	0.159644	10.414907	14.665218	0.197838	1.156477	13.422279	6.996744	0.189165	3.536780	13.364486	89.830300
329.062000	104.478000	2.893595	0.130825	1.074894	8.214904	14.278539	0.069986	0.092500	9.026525	15.268027	0.174386	1.396288	12.364366	8.278770	0.196556	2.852247	12.945800	89.258200
334.688000	104.478000	3.264950	0.106832	0.657767	7.854101	14.433482	0.032742	0.063628	7.320564	15.995922	0.122274	1.190768	11.517267	9.548333	0.239532	2.744092	13.218251	88.310500
340.312000	104.478000	3.774250	0.070413	0.460735	7.778213	15.294153	0.107951	0.037349	5.315484	16.431346	0.120236	0.335807	9.329422	10.375448	0.854620	2.796456	12.442403	85.524200
345.938000	104.478000	4.220815	0.044083	0.325888	7.168437	15.417881	0.154130	0.022671	4.032225	16.067852	0.226909	0.087809	6.957748	11.004348	1.859750	3.218694	12.383140	83.192500
351.562000	104.478000	4.837931	0.122814	0.169749	7.167023	16.342452	0.309224	0.024639	3.059000	16.064006	1.496934	0.136473	5.409672	11.445790	2.839071	3.385603	11.991145	84.801700
357.187000	104.478000	6.044419	0.095280	0.055530	6.866727	17.227891	0.807702	0.027764	1.622031	16.978285	2.820478	0.165529	4.372445	11.574268	3.057270	3.541575	11.747646	87.004800
0.000000	106.958000	6.088414	0.127437	0.080972	5.844780	15.638308	0.919337	0.031821	0.882860	16.079614	3.780606	0.206562	3.870055	12.008110	3.146470	3.313119	12.396373	84.414800
5.625000	106.958000	6.104587	0.198679	0.110879	5.131690	15.722226	1.962838	0.028447	0.457754	15.678571	5.340648	0.199219	2.198273	12.228989	3.238644	2.833314	11.829416	83.264200
11.250000	106.958000	7.019262	0.274202	0.166836	4.253659	15.020796	2.999997	0.007827	0.141676	15.908497	5.735053	0.105050	0.861078	12.341294	2.885068	2.193602	11.171517	81.085300
16.875000	106.958000	7.225789	0.428821	0.070190	3.612849	14.532103	4.054867	0.010311	0.051046	15.964367	8.190441	0.105034	0.201098	12.784297	2.722366	1.553641	11.115873	82.623100
22.500000	106.958000	7.535981	0.585210	0.108294	3.199094	14.431672	5.360271	0.040883	0.038125	16.295177	10.215008	1.105892	0.195292	12.857810	2.849205	0.567699	10.611120	85.996700
28.125000	106.958000	8.069009	0.873209	0.116342	2.833620	14.349451	7.468518	0.075802	0.043463	15.841204	11.833148	1.902207	0.124082	13.156500	3.249377	0.134304	9.920174	89.990400
33.750000	106.958000	8.057959	1.357349	0.073353	2.229092	13.453607	9.073109	0.116753	0.045007	14.908378	12.943085	1.753450	0.127474	13.727189	3.660983	0.119712	8.478772	90.125200
39.375000	106.958000	8.091764	1.350869	0.113761	1.815585	12.420689	10.016556	0.327733	0.417956	14.684332	13.804208	0.345981	0.198162	14.016944	4.863106	0.161139	7.033376	89.662300
45.000000	106.958000	8.156591	1.429539	0.163304	1.511930	11.556851	11.389354	0.427732	0.385677	14.323891	14.742011	0.138103	0.167188	13.947050	5.971268	0.120011	6.008251	90.438900
50.625000	106.958000	8.200416	1.831962	0.104096	1.245790	10.639078	12.810196	0.404491	0.370670	13.634789	14.569425	0.182987	0.379686	14.199710	7.045862	0.223851	4.577162	90.420100
56.250000	106.958000	8.147351	2.220564	0.111932	1.264530	8.988874	13.676069	0.097953	0.193269	12.460273	15.250045	0.131644	1.774746	13.559466	8.567530	0.112864	3.525640	90.082800
61.875000	106.958000	8.073555	2.723599	0.091059	0.839686	7.708183	14.117262	0.050352	0.138071	11.987526	15.504288	0.182055	1.862566	13.085475	9.553479	0.144886	3.179042	89.241000
67.500000	106.958000	7.507808	3.296516	0.109979	0.622242	5.656665	14.171209	0.049504	0.089166	10.063887	16.025892	0.148168	1.064054	13.050528	10.535661	0.538308	2.722728	85.652400
73.125000	106.958000	7.104990	3.848148	0.067062	0.411750	3.884565	15.062077	0.002614	0.049575	8.079119	16.284433	0.201062	0.123827	13.085475	11.025237	1.548201	2.647631	83.425900
78.750000	106.958000	6.605597	4.130428	0.135603	0.208513	3.052214	15.027130	0.084915	0.044228	5.940935	16.003612	0.840094	0.096902	12.193476	11.219878	2.215532	2.840179	80.639200
84.375000	106.958000	6.572799	5.221399	0.104539	0.111731	1.846144	15.438352	0.283901	0.050333	5.048473	16.362696	2.133626	0.185207	12.417861	11.661692	2.764438	3.108424	83.311600
90.000000	106.958000	6.015365	5.951476	0.111359	0.117947	0.859350	15.765769	0.932787	0.022448	3.650601	15.558348	3.645670	0.211098	12.215869	11.929507	3.060787	3.112620	83.160900
95.625000	106.958000	5.053483	6.513253	0.152810	0.079543	0.447194	15.175627	1.779089	0.019854	2.261664	16.316213	4.929404	0.212562	11.914578	12.483571	3.038156	2.862833	83.239900
101.250000	106.958000	4.202821	7.160068	0.240080	0.140398	0.125702	15.231384	3.026010	0.016473	0.855400	15.984160	5.962887	0.104397	11.297168	12.404290	2.675781	2.291001	81.718000
106.875000	106.958000	3.812749	7.280211	0.489348	0.085275	0.114203	14.553365	3.907931	0.027847	0.196068	16.109245	8.143404	0.062342	10.927759	12.736117	2.663193	1.299805	82.408900
112.500000	106.958000	3.462758	7.437631	0.618821	0.100546	0.059022	14.564788	5.562455	0.045696	0.163764	16.159913	10.529520	1.102831	10.560373	13.117594	2.703807	0.493569	86.683000
118.125000	106.958000	2.752144	7.697292	0.895639	0.103510	0.067259	14.258860	7.609551	0.117704	0.118212	15.976130	12.020663	1.877902	9.860561	13.720969	3.159012	0.136780	90.372000
123.750000	106.958000	2.344530	8.269802	1.368953	0.093289	0.109304	13.469214	8.874918	0.083605	0.112592	15.243824	13.045891	1.808924	8.740072	13.457791	3.411038	0.113302	90.547100
129.375000	106.958000	1.873175	8.046547	1.440238	0.140657	0.397328	12.616913	10.350487	0.259688	0.221243	15.007112	13.551210	0.367380	7.175110	14.169852	4.551761	0.158470	90.327100
135.000000	106.958000	1.400609	8.170615	1.351739	0.143211	0.486281	11.779540	11.691437	0.359578	0.169527	13.933818	14.496816	0.177075	5.820147	13.750940	5.709346	0.106896	89.547500
140.625000	106.958000	1.384232	8.314283	1.808076	0.122078	0.390433	10.318254	12.444326	0.445380	0.387237	13.566478	14.711588	0.220085	4.472830	14.016492	6.843497	0.164819	89.610200
146.250000	106.958000	1.351196	8.030488	2.310601	0.113424	0.214667	8.777586	13.793917	0.061334	1.839641	13.115785	15.382482	0.150145	3.441688	13.594865	8.308074	0.118619	90.604500
151.875000	106.958000	0.965065	7.710038	2.834581	0.106247	0.166181	7.897451	14.201859	0.043808	1.919737	11.407110	15.777531	0.171096	2.990950	13.354420	9.691548	0.129534	89.367100
157.500000	106.958000	0.577952	7.683053	3.401063	0.061479	0.081022	5.512342	14.343343	0.027482	1.000372	10.242638	16.157085	0.165150	2.776811	13.005402	10.844723	0.559865	86.439700
163.125000	106.958000	0.386806	7.309877	3.874918	0.064538	0.033444	4.105184	14.586503	0.014244	0.094836	8.140000	16.100084	0.159104	2.789105	12.702753	10.713643	1.520073	82.595200
168.750000	106.958000	0.276843	6.944380	4.213453	0.120089	0.021911	2.983700	14.746309	0.055348	0.122401	5.720678	15.948760	0.999723	2.662504	12.125731	11.169120	2.242483	80.353300
174.375000	106.958000	0.186176	6.518093	5.052363	0.085251	0.026849	1.822654	15.545229	0.278872	0.169240	4.994650	16.151091	2.225111	3.147623	12.297299	11.709872	2.819324	83.029700
180.000000	106.958000	0.099669	5.747482	6.067480	0.103930	0.037580	0.823195	15.583795	0.922853	0.246084	3.581137	16.167264	3.695252	3.058717	12.461291	12.269591	3.322370	84.187600
185.625000	106.958000	0.091601	4.952238	6.544830	0.166879	0.026011	0.248786	15.510055	1.910746	0.178636	2.384001	16.000446	5.073060	2.840654	11.895012	11.813243	3.257950	82.894200
191.250000	106.958000	0.107567	4.334478	7.029633	0.261562	0.054254	0.069211	15.221092	3.181383	0.150673	0.894487	16.150073	5.855196	2.454676	11.722200	12.380087	2.796332	82.662900
196.875000	106.958000	0.092249	3.901089	7.163076	0.410872	0.039892	0.042202	14.677772	4.036580	0.124714	0.174888	15.907932	8.140000	1.570277	11.178167	12.343104	2.723033	82.525900
202.500000	106.958000	0.099723	3.530661	7.403024	0.611192	0.089005	0.047241	14.517061	5.533389	1.192611	0.152675	16.403638	10.241326	0.518951	10.402557	13.304318	2.862946	86.910300
208.125000	106.958000	0.082451	2.878644	7.777376	0.994872	0.138000	0.053874	13.889258	7.555547	2.012126	0.111277	15.664999	11.822743	0.150344	9.770004	13.183078	3.107621	89.192200
213.750000	106.958000	0.121856	2.326401	8.072515	1.497081	0.175087	0.057839	13.535489	9.132994	1.725650	0.101606	15.106637	13.134898	0.102849	8.553404	14.090797	3.549628	91.284700
219.375000	106.958000	0.102401	1.882245	8.013546	1.394128	0.342283	0.414864	12.802053	10.269713	0.422813	0.198991	14.808173	13.389820	0.181036	7.221683	13.785660	4.673352	89.902800
225.000000	106.958000	0.160218	1.488429	8.300937	1.616478	0.488116	0.465118	11.700485	11.421700	0.159315	0.170558	14.269830	14.416291	0.093851	5.843027	13.311104	5.809177	89.714600
230.625000	106.958000	0.111748	1.380715	7.984989	1.796981	0.373893	0.284450	10.088497	12.934716	0.216428	0.369094	13.846507	14.435292	0.179060	4.958719	13.695635	7.098679	89.755300
236.250000	106.958000	0.068322	1.327865	7.921778	2.388559	0.084647	0.119283	9.103103	13.588645	0.130115	1.707023	13.258401	15.070333	0.093140	3.486972	13.783625	8.913959	91.045800
241.875000	106.958000	0.113037	1.030295	7.899272	2.978803	0.053204	0.072263	7.469174	13.685682	0.133595	1.894799	11.874315	15.727881	0.128143	3.076576	13.312461	9.841221	89.290700
247.500000	106.958000	0.129537	0.662574	7.608295	3.586758	0.060338	0.050136	5.388421	14.229454	0.193677	1.085799	10.303360	16.170544	0.597373	2.777410	12.851476	10.362837	86.058000
253.125000	106.958000	0.065748	0.482136	7.192029	3.877655	0.059217	0.025812	3.809209	14.274467	0.239789	0.117303	8.335432	15.570110	1.387128	2.599554	12.697890	11.202823	81.936300
258.750000	106.958000	0.182039	0.305494	7.021682	4.162016	0.187435	0.021505	3.041131	14.655944	1.051267	0.107189	5.891138	16.078483	2.341002	2.658613	12.341521	11.173327	81.219800
264.375000	106.958000	0.116398	0.134484	6.567585	5.095284	0.434085	0.030677	1.771919	15.375809	2.086702	0.251118	5.046731	16.031887	2.797044	3.038631	12.132743	11.553119	82.464200
270.000000	106.958000	0.111639	0.111075	6.128846	5.946341	0.936161	0.024649	0.886504	15.382595	3.786804	0.209746	3.650183	16.497508	2.986799	3.118467	12.069861	12.051991	83.899200
275.625000	106.958000	0.156747	0.096871	5.017258	6.604206	1.827676	0.052452	0.333441	15.131293	4.999988	0.146510	2.221820	16.066721	3.109917	3.070559	11.839934	12.186803	82.862200
281.250000	106.958000	0.248729	0.118725	4.144531	6.986068	3.033655	0.039196	0.055645	15.089786	5.881469	0.083635	0.871108	16.249260	3.023261	2.315159	11.323645	12.652086	82.115800
286.875000	106.958000	0.303587	0.064531	3.894620	7.197085	4.187056	0.057621	0.039168	14.562865	8.064553	0.111619	0.211059	16.057334	2.793629	1.431631	11.332014	12.534125	82.842400
292.500000	106.958000	0.605163	0.078432	3.396584	7.389113	5.555737	0.101970	0.049420	14.533234	10.185863	1.134016	0.150445	15.446608	2.706759	0.607198	10.148676	13.075635	85.164900
298.125000	106.958000	0.900233	0.096569	2.933112	7.756215	7.633968	0.136128	0.059385	13.871954	11.642805	1.949187	0.145085	15.969683	3.247658	0.175598	9.744602	13.294705	89.556900
303.750000	106.958000	1.384504	0.080698	2.283548	8.113297	8.864286	0.213321	0.033699	13.782154	12.664979	1.764793	0.107320	14.819257	3.586769	0.108419	8.724442	13.532775	90.064300
309.375000	106.958000	1.315220	0.093927	1.813346	7.947813	10.492447	0.325736	0.444277	12.776719	13.829655	0.407594	0.212590	14.901592	4.608298	0.139469	6.965382	14.195525	90.469700
315.000000	106.958000	1.452656	0.153833	1.641766	8.092872	11.439569	0.477213	0.451556	11.298503	13.901020	0.143919	0.183385	14.109006	5.421536	0.098078	5.801656	13.513661	88.180300
320.625000	106.958000	1.830673	0.086408	1.329889	8.194637	12.619966	0.402041	0.339518	10.111241	14.640563	0.190739	0.352556	13.519995	7.211595	0.160328	4.657631	13.653676	89.301300
326.250000	106.958000	2.387688	0.072765	1.438089	7.859665	13.394570	0.075635	0.142014	9.130156	14.800030	0.152170	1.823525	12.798999	8.636395	0.150572	3.640897	13.778875	90.282000
331.875000	106.958000	2.864371	0.097813	0.831733	8.021723	13.897740	0.044857	0.063204	7.597359	15.815305	0.179403	1.936679	11.534571	9.731279	0.164691	2.918579	13.631169	89.330500
337.500000	106.958000	3.379891	0.109011	0.569663	7.635077	14.558341	0.041896	0.044223	5.543602	15.543872	0.161200	1.091934	10.408710	10.468538	0.593306	2.793549	12.851024	85.793900
343.125000	106.958000	3.917737	0.083036	0.423405	6.991089	14.661147	0.089584	0.018511	4.003114	16.355232	0.134959	0.083050	8.307576	10.756020	1.578500	2.734513	12.699247	82.836700
348.750000	106.958000	4.318056	0.118866	0.309943	6.750226	15.140114	0.121999	0.025381	2.955629	16.108340	0.968261	0.137020	6.084478	10.958001	2.187947	2.854113	12.310645	81.349000
354.375000	106.958000	5.023557	0.098098	0.171246	6.362811	15.421726	0.394624	0.035358	1.899244	15.880110	2.169478	0.182155	5.236746	11.972032	2.849352	3.065288	12.044640	82.806600
2.812500	109.471000	5.675937	0.099068	0.101900	4.812676	14.018302	1.005032	0.032919	0.468982	15.570789	4.250628	0.287135	3.058265	12.604698	2.621483	2.779616	12.329193	79.716600
8.437500	109.471000	6.329673	0.277945	0.113679	4.293752	14.220633	2.028412	0.008558	0.203139	15.726185	5.231340	0.148783	1.728546	12.729558	2.655752	2.716530	11.844910	80.257400
14.062500	109.471000	6.700847	0.437267	0.061901	3.854583	14.202763	2.933711	0.019901	0.041290	15.189085	6.794447	0.095027	0.457168	13.016033	2.607674	1.931646	11.202099	79.545400
19.687500	109.471000	7.047061	0.644521	0.061915	3.423241	13.994438	4.163814	0.043149	0.042577	15.862919	9.461520	0.119324	0.186365	13.341753	2.809654	1.093243	11.177150	83.472700
25.312500	109.471000	7.495402	0.870346	0.078088	2.912890	13.453494	5.617454	0.081133	0.042512	16.128132	11.303197	1.109933	0.140950	13.993081	3.316839	0.346924	10.366479	87.256900
30.937500	109.471000	7.484488	1.267391	0.113004	2.488899	13.422844	7.536897	0.070792	0.031937	15.298337	12.344574	1.234469	0.126410	13.937211	3.715553	0.112533	9.990917	89.176200
36.562500	109.471000	8.087590	1.809082	0.066409	1.980696	12.820262	8.841203	0.195168	0.093364	14.453953	13.428160	0.232632	0.112774	13.935854	4.326867	0.129658	8.507125	89.020800
42.187500	109.471000	7.578494	1.518456	0.092735	1.778829	11.272344	10.243972	0.524610	0.363502	14.928735	13.917306	0.086031	0.226610	13.595996	5.422520	0.116716	7.031895	88.698800
47.812500	109.471000	7.842429	1.587140	0.075420	1.467834	10.446168	11.690532	0.336856	0.521167	14.050761	14.304325	0.197684	0.095701	14.042504	7.096552	0.129094	5.810658	89.694900
53.437500	109.471000	7.977863	2.054243	0.083606	1.596222	9.373982	12.874548	0.082350	0.269945	13.207394	15.030523	0.157916	0.245952	13.959039	8.677608	0.077475	4.584231	90.252900
59.062500	109.471000	7.586773	2.416279	0.102723	1.263116	7.581932	13.599728	0.035141	0.205480	12.113064	15.225050	0.155429	1.075513	13.766660	9.633846	0.128861	3.521059	88.410700
64.687500	109.471000	7.526560	2.706136	0.093913	0.766018	5.885144	13.267222	0.029709	0.116115	10.654448	15.890063	0.129924	1.060770	13.301491	10.528853	0.309694	3.172493	85.438600
70.312500	109.471000	6.866671	3.225988	0.095862	0.552864	4.209166	14.071797	0.037988	0.113557	9.630476	15.728220	0.224288	0.177521	13.139535	11.571893	0.967007	2.658127	83.270900
75.937500	109.471000	6.592184	3.866063	0.074401	0.338612	3.169417	14.326266	0.031796	0.040687	7.152875	15.764864	0.379663	0.125463	12.952925	11.406206	1.837639	2.626821	80.685900
81.562500	109.471000	6.194646	4.128788	0.096238	0.246785	1.940739	14.497269	0.074815	0.049851	5.055055	15.392321	1.598393	0.171436	12.723563	12.038759	2.468711	2.580429	79.257800
87.187500	109.471000	5.766958	4.882073	0.082605	0.113286	0.888557	13.971932	0.401641	0.035917	4.247291	15.783864	3.300384	0.262978	12.239620	12.166220	2.708274	2.606328	79.458000
92.812500	109.471000	4.757338	5.639305	0.101585	0.069485	0.490088	14.170418	0.964736	0.018342	3.162088	16.050321	4.403094	0.265983	12.266311	12.222429	2.829232	2.746908	80.157700
98.437500	109.471000	4.136015	6.177546	0.253176	0.098429	0.138114	14.432803	1.935864	0.024755	1.690296	15.787596	5.498329	0.196942	12.054027	12.701622	2.516201	2.641151	80.282800
104.062000	109.471000	3.713246	6.608933	0.441501	0.066230	0.076381	13.468309	2.959859	0.027347	0.421780	15.690898	6.899220	0.094569	11.542375	12.810988	2.529761	1.800623	79.152100
109.688000	109.471000	3.292037	7.224262	0.585342	0.093698	0.075277	13.853971	4.026175	0.046123	0.205361	16.143401	9.403365	0.136780	11.095199	13.278984	2.842622	0.968060	83.270700
115.312000	109.471000	2.824719	7.218777	0.891137	0.091747	0.037753	13.874781	6.046749	0.060123	0.149067	16.223700	11.293210	0.986476	10.985291	13.560484	3.211648	0.320486	87.776300
120.938000	109.471000	2.537848	7.575588	1.238687	0.095147	0.031558	13.200042	7.540233	0.056717	0.168017	15.240092	12.504494	1.011285	9.926203	14.002581	3.640468	0.177803	88.946800
126.562000	109.471000	2.010249	7.594147	1.589538	0.136548	0.115386	12.334056	8.920405	0.243010	0.116503	15.157644	13.253877	0.250027	8.437299	14.049630	4.615796	0.115790	88.939800
132.188000	109.471000	1.780740	7.588933	1.523466	0.072514	0.311207	11.526202	10.477303	0.533448	0.311492	14.626313	14.048159	0.119993	6.889256	14.217579	5.608599	0.120284	89.755500
137.812000	109.471000	1.518886	7.738889	1.640771	0.071296	0.620536	10.197500	11.340722	0.290748	0.101120	14.189531	14.869925	0.230064	5.749948	14.083672	7.139428	0.087418	89.870400
143.437000	109.471000	1.721805	7.810264	2.063008	0.110712	0.290669	8.439368	12.441612	0.088702	0.290155	12.961407	14.583110	0.116763	4.470919	14.007670	8.279132	0.108544	87.783900
149.062000	109.471000	1.354533	7.706452	2.419469	0.087075	0.222366	7.332756	13.187376	0.042403	1.065358	12.621889	15.313832	0.148795	3.570833	13.876251	9.709271	0.141756	88.800300
154.688000	109.471000	0.932260	7.466188	2.969291	0.087193	0.125479	5.694225	13.655938	0.022343	1.007722	11.050164	16.119763	0.131489	3.216624	13.440827	10.603147	0.319638	86.842300
160.312000	109.471000	0.590249	6.921681	3.350972	0.095117	0.049205	4.233233	14.023843	0.046341	0.155995	9.430995	15.807841	0.193217	2.740100	12.905876	11.570310	1.019604	83.134500
165.938000	109.471000	0.409851	6.815822	3.664388	0.076316	0.050063	3.035985	13.879757	0.042026	0.101495	7.224104	15.698476	0.407660	2.495809	12.957562	11.441379	1.849888	80.150500
171.562000	109.471000	0.173965	6.174775	4.160003	0.087499	0.017989	1.894313	14.535270	0.055159	0.205559	5.273819	15.638308	1.765664	2.617004	12.368098	11.892750	2.664799	79.524800
177.188000	109.471000	0.143820	5.736998	4.890544	0.088042	0.049998	0.955555	13.918776	0.395550	0.257808	4.376267	15.794608	3.099794	2.569786	12.570882	12.104695	3.013535	79.966700
182.812000	109.471000	0.058296	4.858458	5.783685	0.098725	0.020152	0.433607	14.416970	0.899517	0.239835	3.043336	15.521931	4.336808	3.008480	12.372396	12.565679	2.769313	80.427100
188.438000	109.471000	0.078178	4.160037	6.267017	0.225042	0.037416	0.042529	14.311224	1.873276	0.185065	1.707374	16.101215	5.316819	2.627602	12.049729	12.775814	2.713963	80.472400
194.062000	109.471000	0.080892	3.790559	6.533022	0.406828	0.038352	0.036829	14.103012	3.240589	0.116824	0.402616	16.079387	7.358361	1.823887	11.562393	13.123362	2.543118	81.240000
199.687000	109.471000	0.075313	3.437548	6.990388	0.568546	0.088695	0.029364	13.806810	4.124366	0.161514	0.190878	15.745637	9.124987	0.926948	11.267707	13.220965	2.693628	82.453400
205.312000	109.471000	0.101203	2.885803	7.557673	0.829663	0.123184	0.022242	13.854424	5.736919	1.032943	0.193087	16.258873	11.201070	0.246329	10.433207	13.628003	3.225943	87.330600
210.938000	109.471000	0.092921	2.681255	7.522884	1.276484	0.175541	0.044674	13.204340	7.463497	1.068866	0.125737	15.526002	12.340842	0.163024	9.846865	13.525537	3.566728	88.625200
216.562000	109.471000	0.114956	1.921422	7.678461	1.678681	0.304706	0.084772	12.533334	9.042483	0.257719	0.167682	15.035951	13.270050	0.130607	8.482436	13.766999	4.931587	89.401900
222.188000	109.471000	0.090301	1.624134	7.879548	1.492104	0.586059	0.287022	11.528238	10.582133	0.091420	0.213411	14.356236	14.023730	0.118932	7.127405	14.037189	5.610012	89.647900
227.812000	109.471000	0.107555	1.552363	7.556214	1.731724	0.332657	0.448545	10.358687	11.300844	0.229130	0.095183	14.215996	14.562865	0.109657	5.579273	13.842209	6.827437	88.850400
233.438000	109.471000	0.100577	1.766739	7.655366	2.044992	0.074383	0.199040	9.016685	12.411528	0.155976	0.210869	13.397171	14.506543	0.104990	4.485282	14.101654	8.610473	88.842200
239.062000	109.471000	0.101858	1.234491	7.593038	2.441704	0.048586	0.091976	7.552323	13.133994	0.100739	1.008151	12.246971	15.885426	0.148775	3.579463	13.621556	9.940781	88.730000
244.687000	109.471000	0.105113	0.887332	7.432836	2.872005	0.027265	0.067019	5.752130	13.284413	0.179245	0.935753	11.026527	15.631070	0.295808	3.103866	13.386088	10.535367	85.521800
250.312000	109.471000	0.090336	0.644582	6.958223	3.186732	0.060672	0.029602	4.179750	14.082767	0.226912	0.156998	9.567820	15.948873	1.046132	2.586751	13.127208	11.467165	83.360600
255.937000	109.471000	0.077338	0.387353	6.689640	3.835391	0.044659	0.027489	3.054499	14.110476	0.439111	0.098445	7.012363	15.870271	1.773581	2.433425	12.583323	11.319460	79.756900
261.562000	109.471000	0.102575	0.236506	6.330239	4.358308	0.175884	0.053713	1.878716	14.098827	1.684200	0.167522	5.168582	15.346177	2.632013	2.632001	12.223786	12.360521	79.449600
267.188000	109.471000	0.127069	0.105531	5.584667	4.876836	0.535152	0.029377	0.898269	14.128911	3.167359	0.260859	4.310332	15.689993	2.725487	2.683268	12.157285	12.180244	79.460600
272.812000	109.471000	0.118384	0.104736	4.962960	5.703793	1.100267	0.028517	0.375205	14.066255	4.356815	0.214240	2.968488	16.037881	2.686955	2.844330	12.000306	12.208744	79.777900
278.438000	109.471000	0.301737	0.091690	4.071979	6.172694	1.949606	0.038163	0.041414	14.047707	5.526309	0.233920	1.680615	15.490150	2.446657	2.671744	11.825344	12.592031	79.181700
284.062000	109.471000	0.400955	0.046066	3.644019	6.726046	2.986618	0.053403	0.039566	14.842103	6.888306	0.082754	0.450023	15.721208	2.359968	2.065293	11.603674	12.643943	80.554000
289.688000	109.471000	0.625592	0.082876	3.422597	7.032438	4.015238	0.083150	0.021311	14.432916	9.677818	0.142300	0.238707	15.735458	2.570295	1.059607	11.475760	13.589776	84.205800
295.312000	109.471000	0.879246	0.067989	2.821134	7.368812	5.708102	0.133002	0.018690	13.333384	11.063555	1.074571	0.123140	16.094543	3.139797	0.343900	10.588738	13.446142	86.204800
300.938000	109.471000	1.193369	0.094984	2.598604	7.552380	7.837566	0.211403	0.036164	13.161476	12.185220	0.963424	0.155250	15.342106	3.535491	0.104980	10.078205	13.793238	88.843800
306.562000	109.471000	1.726114	0.081153	2.056833	7.791072	8.927429	0.289399	0.069057	12.567037	12.990925	0.255450	0.128561	15.078250	4.533654	0.085046	8.602760	14.119184	89.301900
312.187000	109.471000	1.522098	0.068556	1.608221	7.535381	10.554062	0.514122	0.291541	11.657169	13.953158	0.093286	0.236639	14.519888	5.470710	0.104956	6.986803	13.502578	88.619100
317.812000	109.471000	1.648631	0.085567	1.512202	7.553579	11.597227	0.249152	0.504820	10.329643	14.577116	0.200451	0.113439	14.491501	7.186295	0.104366	5.833764	14.084577	90.072400
323.438000	109.471000	2.051654	0.099298	1.668061	7.768995	12.722659	0.054439	0.227993	8.869319	15.408720	0.158955	0.231750	13.185340	8.359510	0.126320	4.583122	13.879192	89.395400
329.062000	109.471000	2.507798	0.105306	1.256172	7.780169	13.254895	0.030847	0.048119	7.318958	14.910187	0.149187	1.073446	12.055384	9.636651	0.147789	3.615756	13.950104	87.840700
334.688000	109.471000	2.900528	0.074618	0.864512	7.272215	13.808167	0.040274	0.087165	5.840573	15.658326	0.170753	1.098830	11.630364	10.740662	0.321701	3.274417	13.380885	87.164000
340.312000	109.471000	3.394990	0.058030	0.626839	7.009705	13.759196	0.053275	0.032496	4.182385	15.964820	0.167998	0.131939	9.510445	11.255752	1.073973	2.728292	13.174822	83.125000
345.938000	109.471000	3.613358	0.061255	0.443941	6.838951	13.803643	0.078634	0.026234	3.027864	15.392547	0.451306	0.065485	7.037561	11.183777	1.832652	2.606961	13.259871	79.724100
351.562000	109.471000	4.105264	0.108170	0.244084	6.252892	14.133435	0.113723	0.017259	2.030108	15.661493	1.558459	0.221808	5.555398	11.656603	2.620511	2.784750	12.730236	79.794200
357.187000	109.471000	5.050135	0.090173	0.120428	5.723178	13.978944	0.387891	0.029458	1.077931	15.921277	3.040045	0.261244	4.076831	12.189631	2.854384	2.714404	12.578799	80.094700
0.000000	112.024000	4.964713	0.109924	0.155833	4.777141	13.015128	0.549905	0.062458	0.526726	14.895598	3.725223	0.266050	3.719421	12.466832	2.388220	2.391206	12.399200	76.413600
5.625000	112.024000	5.542493	0.215072	0.130658	4.341456	13.463899	1.047426	0.085925	0.188946	15.151650	4.934290	0.224404	2.584218	12.845708	2.157863	2.571336	12.455296	77.940600
11.250000	112.024000	5.909076	0.328608	0.078485	3.424655	13.135464	2.129193	0.023497	0.090252	15.704922	5.762569	0.105963	1.291119	13.166905	2.398161	2.157852	12.085129	77.791800
16.875000	112.024000	6.898078	0.571261	0.077189	3.379936	13.310425	3.252600	0.043594	0.046854	15.673255	7.964948	0.110589	0.252262	13.775369	2.610954	1.299341	11.498493	80.765100
22.500000	112.024000	6.731067	0.750931	0.054112	2.821123	13.038087	4.316699	0.076966	0.042662	15.781037	10.283567	0.161321	0.145234	13.818232	3.087195	0.645297	11.682050	83.435600
28.125000	112.024000	7.087493	1.153027	0.106220	2.566088	12.960502	5.858747	0.066011	0.029471	15.218264	12.178547	0.125401	0.123943	13.611604	3.625414	0.226670	10.744269	85.681600
33.750000	112.024000	7.304708	1.630694	0.064780	2.270655	11.964680	7.795143	0.137770	0.052039	14.809078	12.710331	0.159467	0.140974	14.056076	4.329298	0.152368	10.002113	87.580200
39.375000	112.024000	7.490210	1.772428	0.066334	1.979939	11.220749	9.039452	0.474521	0.060273	14.647915	13.738273	0.104311	0.162566	13.955080	5.312804	0.131152	8.421431	88.577400
45.000000	112.024000	7.489600	1.662689	0.088407	1.607860	10.016454	10.306130	0.239705	0.251605	14.199031	14.108553	0.179321	0.166416	14.119184	7.125992	0.012938	7.014534	88.588400
50.625000	112.024000	7.277395	1.858087	0.105642	1.811412	9.226300	11.141727	0.067163	0.534464	12.981312	15.145769	0.141463	0.105757	14.181501	8.386925	0.098807	5.749891	88.813700
56.250000	112.024000	7.222226	2.117340	0.074397	1.507282	7.693605	12.399992	0.050044	0.219470	13.022367	15.084244	0.131278	0.123929	14.235675	9.950971	0.158023	4.585622	88.576400
61.875000	112.024000	6.979463	2.517603	0.061624	1.173374	5.971777	12.718248	0.029846	0.229432	11.461058	15.193270	0.164608	0.182256	14.178674	10.900706	0.192138	3.423388	85.377400
67.500000	112.024000	6.789866	3.012630	0.049342	0.691685	4.161247	13.510155	0.027688	0.142338	10.283703	15.873550	0.144890	0.167947	13.680819	11.151035	0.593361	3.206943	83.487200
73.125000	112.024000	6.400370	3.378217	0.069644	0.533080	3.004114	13.502917	0.028668	0.066142	8.171622	15.809198	0.186914	0.119803	13.575526	11.816975	1.300834	2.746987	80.711000
78.750000	112.024000	6.171982	3.554005	0.066643	0.310457	1.948384	13.521917	0.044245	0.049492	6.001420	15.252872	1.242544	0.111570	13.139648	11.834166	2.268880	2.306926	77.825200
84.375000	112.024000	5.426263	4.249451	0.098019	0.193720	1.068718	13.378623	0.092383	0.094013	5.265065	15.250271	2.711656	0.221218	12.606168	12.312681	2.591569	2.250558	77.810400
90.000000	112.024000	4.700065	4.780737	0.127487	0.126387	0.639501	13.456886	0.568756	0.071013	3.851157	15.641588	3.947199	0.219196	12.953490	12.352265	2.354087	2.216414	78.006200
95.625000	112.024000	4.131830	5.721470	0.200579	0.070267	0.132603	13.321396	1.055176	0.074095	2.433742	15.072482	5.206063	0.222467	12.461064	12.929287	2.185787	2.547913	77.766300
101.250000	112.024000	3.754832	5.999452	0.401802	0.066625	0.065313	13.358605	2.015383	0.016820	1.323601	15.245747	6.044702	0.091522	11.899649	13.238722	2.387530	2.119568	78.029900
106.875000	112.024000	3.263865	6.382558	0.565713	0.095263	0.099799	13.207281	2.881935	0.021010	0.257030	15.823788	7.969257	0.102910	11.667121	13.552114	2.688584	1.430240	80.008500
112.500000	112.024000	2.998403	6.824395	0.797578	0.077527	0.047694	13.158423	4.117693	0.061593	0.133864	15.262712	10.736816	0.141644	11.458343	13.417529	3.220752	0.633368	83.088400
118.125000	112.024000	2.480801	7.184802	1.109088	0.079545	0.029526	13.367879	5.977861	0.090623	0.146533	15.210348	11.401682	0.143260	10.815770	13.973628	3.632008	0.216469	85.859800
123.750000	112.024000	2.200999	7.194619	1.550610	0.106970	0.072970	12.119850	7.825374	0.153275	0.113334	15.296980	12.603906	0.151492	10.016149	14.775262	4.499351	0.142490	88.823800
129.375000	112.024000	1.862939	7.405659	1.842966	0.088164	0.093949	11.357348	9.008678	0.470593	0.134274	14.701183	13.767112	0.079023	8.378138	13.925675	5.438681	0.116429	88.670800
135.000000	112.024000	1.734698	7.508080	1.660371	0.125059	0.269221	10.344798	10.243158	0.257596	0.159589	14.444000	14.465489	0.152640	7.064670	14.075981	7.028310	0.025058	89.558800
140.625000	112.024000	1.892164	7.348070	1.914353	0.133828	0.511798	9.121594	11.534119	0.102277	0.091592	13.845263	14.532103	0.183270	5.934590	14.055511	8.493022	0.130621	89.824200
146.250000	112.024000	1.586971	7.141576	2.229544	0.128572	0.248453	7.513248	12.283049	0.077047	0.130717	12.810874	15.635594	0.105016	4.399238	14.411654	9.714236	0.112985	88.528800
151.875000	112.024000	1.220603	7.146541	2.557221	0.096265	0.192630	5.892043	12.825464	0.046407	0.144637	11.811660	16.033809	0.094362	3.606776	14.238841	11.173101	0.173540	87.253900
157.500000	112.024000	0.718062	6.647748	2.922401	0.095579	0.142472	4.113339	13.175726	0.016214	0.118397	10.499697	15.567735	0.199750	3.201299	13.679010	11.624031	0.522285	83.243800
163.125000	112.024000	0.577273	6.474947	3.391506	0.104865	0.089081	3.114836	12.943198	0.035639	0.073249	8.388147	15.755590	0.265495	2.766926	13.651075	11.549613	1.406637	80.588000
168.750000	112.024000	0.332068	6.151330	3.769025	0.076761	0.038141	2.040276	13.411874	0.043823	0.124586	5.609911	15.613426	1.223544	2.502539	13.047135	11.984133	2.230834	78.199400
174.375000	112.024000	0.189084	5.451653	4.442712	0.099758	0.094201	1.013034	13.562067	0.095756	0.226528	4.947466	15.790084	2.521030	2.331897	12.523947	12.380878	2.565262	78.235400
180.000000	112.024000	0.141869	4.871928	4.709294	0.119209	0.042394	0.566189	13.471476	0.475592	0.275587	3.770100	15.562872	3.769613	2.336557	12.999747	12.446362	2.272058	77.830900
185.625000	112.024000	0.105667	4.273971	5.595819	0.182553	0.109626	0.061972	13.590341	1.200132	0.254298	2.543559	15.038666	4.947194	2.518508	12.274793	12.700831	2.260884	77.658800
191.250000	112.024000	0.062299	3.773674	6.082115	0.379831	0.043260	0.052217	13.342884	2.002501	0.129988	1.459148	15.234550	5.618495	2.038998	12.067825	12.774457	2.418654	77.480900
196.875000	112.024000	0.084049	3.306254	6.852975	0.625990	0.110379	0.053897	13.319134	2.997916	0.149691	0.250198	15.627790	8.246153	1.344920	11.187113	13.423070	2.501928	80.081500
202.500000	112.024000	0.067606	3.032015	6.911819	0.717970	0.152459	0.024748	13.512530	4.196092	0.159292	0.139485	15.918563	10.161988	0.562334	11.809171	13.378284	3.141844	83.886200
208.125000	112.024000	0.076768	2.650900	6.926940	1.019572	0.200986	0.035067	12.665997	5.775485	0.126115	0.115208	15.664207	12.331681	0.222472	10.972398	13.747094	3.410314	85.941100
213.750000	112.024000	0.078081	2.141724	7.216266	1.664114	0.278978	0.041342	12.120076	7.612910	0.143646	0.105103	15.069654	12.334282	0.131614	9.825218	13.960509	4.575070	87.298600
219.375000	112.024000	0.089283	1.797445	7.418665	1.803235	0.530390	0.053716	11.355086	9.405355	0.095776	0.158195	14.667141	13.363355	0.108533	8.483228	14.252752	5.766143	89.348200
225.000000	112.024000	0.059393	1.669113	7.441228	1.733002	0.281777	0.204331	10.103720	10.344821	0.152885	0.130060	14.216109	14.302176	0.002677	6.925391	14.236919	6.829801	88.633400
230.625000	112.024000	0.109025	1.792084	7.512389	1.986939	0.072688	0.444603	9.061675	10.826559	0.111324	0.106250	13.670075	14.385076	0.149336	5.507501	14.379535	8.360607	88.475700
236.250000	112.024000	0.055742	1.642626	7.198555	2.327656	0.059734	0.122016	7.556757	12.325008	0.115479	0.136599	13.046230	15.196210	0.131354	4.542837	14.034927	9.814903	88.306700
241.875000	112.024000	0.102620	1.120359	6.996563	2.571630	0.034903	0.060340	6.030486	12.734873	0.110845	0.132040	11.764724	15.279902	0.190618	3.780188	13.923187	10.938695	85.771900
247.500000	112.024000	0.054381	0.750050	6.632344	2.977785	0.044346	0.053590	4.433981	13.002348	0.158208	0.095374	10.250328	15.950796	0.561265	3.302544	14.014796	11.443528	83.725700
253.125000	112.024000	0.085629	0.528560	6.484142	3.314566	0.057314	0.026116	3.021802	13.322074	0.312884	0.108101	7.892271	15.852854	1.416849	2.633166	13.584800	11.674472	80.315700
258.750000	112.024000	0.047079	0.324541	6.141547	3.727372	0.082126	0.015797	2.005691	13.165435	1.230454	0.089107	5.777645	15.482799	2.198951	2.303544	12.978824	11.830434	77.401300
264.375000	112.024000	0.121072	0.213729	5.494280	4.050853	0.169963	0.092298	1.030714	13.456208	2.417501	0.254770	4.731110	15.280468	2.550006	2.179601	12.516143	12.422498	76.981300
270.000000	112.024000	0.125829	0.151203	4.515298	4.678882	0.602724	0.053732	0.592882	13.115898	3.701178	0.265946	3.545002	15.463912	2.243376	2.304618	12.817773	12.804993	76.983200
275.625000	112.024000	0.229274	0.108981	4.052345	5.450884	1.098349	0.074676	0.112434	13.533793	5.122880	0.227179	2.519187	15.219169	2.182654	2.563159	12.299901	12.780564	77.575400
281.250000	112.024000	0.299423	0.091637	3.632686	6.207800	2.017374	0.053292	0.042331	13.736689	5.682938	0.121055	1.193527	15.585265	2.461880	2.192878	12.024622	12.965139	78.308500
286.875000	112.024000	0.617459	0.093218	3.341811	6.380296	3.248630	0.084841	0.046235	13.241662	8.128781	0.090651	0.266662	15.713518	2.635880	1.436347	11.983681	13.538882	80.848600
292.500000	112.024000	0.737189	0.043568	2.917063	6.744447	4.388131	0.168112	0.011155	12.902936	10.295839	0.136018	0.200014	15.564908	3.082943	0.613009	11.245698	13.482220	82.533200
298.125000	112.024000	1.130959	0.061629	2.621856	6.996540	5.871052	0.201209	0.026963	12.886989	11.656038	0.165916	0.171399	16.235349	3.458403	0.153120	10.800886	13.714635	86.153000
303.750000	112.024000	1.716965	0.085753	2.203238	7.150455	7.772252	0.267641	0.045228	12.355545	12.788821	0.135824	0.108723	15.037987	4.545190	0.183984	9.856851	14.105952	88.360400
309.375000	112.024000	1.754524	0.100079	1.804920	7.214253	8.975438	0.477920	0.077359	11.578227	13.243472	0.085008	0.164310	14.334296	5.853059	0.136528	8.472020	14.306700	88.578100
315.000000	112.024000	1.576803	0.050581	1.745770	7.528426	10.087038	0.305000	0.385293	10.240998	14.147911	0.157394	0.125756	14.465375	6.878456	0.025942	6.964771	14.294825	88.980400
320.625000	112.024000	1.829191	0.078494	1.834507	7.297911	11.517833	0.090950	0.501105	8.973063	14.965831	0.137649	0.117414	13.624271	8.750307	0.157364	5.756044	14.280009	89.912000
326.250000	112.024000	2.223007	0.085520	1.783025	7.122226	12.434260	0.063149	0.136898	7.649553	15.332832	0.118257	0.172143	13.057879	10.130796	0.111935	4.500132	14.483810	89.405500
331.875000	112.024000	2.399077	0.103748	1.209938	6.872654	12.989116	0.015261	0.099879	5.913204	15.728220	0.127786	0.123354	12.276150	10.705534	0.210908	3.608099	13.722326	86.105200
337.500000	112.024000	3.065503	0.054207	0.786984	6.945873	13.274121	0.043075	0.070305	4.241263	16.004291	0.188383	0.157705	10.271330	11.525184	0.568155	3.163084	13.511626	83.871100
343.125000	112.024000	3.280422	0.068623	0.536349	6.386584	13.368557	0.070378	0.045822	3.212711	15.145656	0.239342	0.113956	8.352713	11.445337	1.357564	2.609551	13.711808	79.945400
348.750000	112.024000	3.734847	0.062003	0.361080	6.039432	13.436077	0.064523	0.029580	1.949990	15.838829	1.388304	0.112288	6.029219	11.946924	2.191985	2.470815	12.860864	78.516800
354.375000	112.024000	4.147867	0.104529	0.249259	5.486420	13.615449	0.099797	0.091527	1.176484	15.739756	2.530508	0.218824	4.975593	12.402480	2.582578	2.355105	12.367872	78.144000
2.812500	114.624000	4.509123	0.124871	0.155047	3.846056	12.513542	0.559146	0.241846	0.300475	15.173365	4.382081	0.228265	3.519171	12.975205	1.930820	1.811390	12.884501	75.155000
8.437500	114.624000	5.291146	0.240266	0.111577	3.620913	12.950776	1.253232	0.203715	0.139983	14.909396	5.451348	0.214461	2.195932	13.259079	2.254946	2.236138	12.458124	76.791100
14.062500	114.624000	5.808408	0.463782	0.069339	3.195362	12.686807	2.088908	0.039486	0.038013	15.140567	7.037685	0.090201	0.880449	13.773898	2.590800	1.740704	12.261335	77.905700
19.687500	114.624000	6.164913	0.820067	0.025522	2.848074	12.266537	3.099613	0.032921	0.043509	15.490263	9.645970	0.103332	0.164291	13.893442	3.123104	0.998060	11.587727	80.307400
25.312500	114.624000	6.753709	1.066063	0.062985	2.603082	11.981645	4.368192	0.081155	0.017192	15.942087	11.421248	0.091217	0.150345	14.035040	3.767001	0.400740	11.349544	84.091300
30.937500	114.624000	6.560652	1.550044	0.051538	2.311472	11.679223	5.640583	0.077770	0.047350	15.088089	12.296847	0.153543	0.110944	14.295390	4.402065	0.140430	10.815385	85.221300
36.562500	114.624000	6.802251	1.849243	0.053579	2.070733	10.701915	7.619548	0.329745	0.056793	14.510275	13.057653	0.139587	0.137983	14.433256	5.415055	0.136934	10.135139	87.449800
42.187500	114.624000	7.168358	1.948588	0.030821	1.667869	9.882570	8.849640	0.142084	0.087669	14.623033	13.651640	0.118423	0.165126	14.486412	7.160984	0.134231	8.666298	88.783800
47.812500	114.624000	7.098645	1.890264	0.110894	2.004085	8.596336	10.005687	0.051853	0.171479	13.421713	13.865507	0.180238	0.134949	14.710231	8.472325	0.176084	6.863923	87.754200
53.437500	114.624000	7.074250	2.180426	0.080551	1.878072	7.593943	10.853069	0.057131	0.409499	12.759189	14.879990	0.102977	0.174298	14.101315	10.059951	0.128381	5.757921	88.091000
59.062500	114.624000	6.694356	2.245446	0.098952	1.347645	5.944091	11.836654	0.078114	0.281033	12.185220	15.064452	0.092299	0.127730	14.490370	10.913576	0.196125	4.264957	85.861100
64.687500	114.624000	6.758765	2.601374	0.080474	0.965181	4.320906	12.141338	0.032285	0.205563	11.160162	15.515484	0.164756	0.096334	13.929407	11.812112	0.394332	3.839417	84.017800
70.312500	114.624000	6.418466	2.875873	0.071039	0.661412	2.991063	12.509922	0.046300	0.162311	9.243762	16.037315	0.168570	0.101748	13.980980	12.017836	0.914385	3.341947	81.543000
75.937500	114.624000	5.720079	3.199919	0.074117	0.438572	2.204233	12.840958	0.084515	0.105222	6.818604	15.434846	0.891551	0.075373	13.723457	11.938668	1.691653	2.779141	78.021000
81.562500	114.624000	5.182798	3.713065	0.108806	0.286770	1.396865	12.841637	0.066429	0.221447	5.250012	15.278319	2.232575	0.217918	13.416850	12.165541	2.225575	2.190198	76.794800
87.187500	114.624000	4.370070	4.193898	0.085179	0.131416	0.543615	12.598138	0.136122	0.257290	4.309551	15.435298	3.379846	0.328493	13.160685	12.898186	2.049177	2.034610	75.911600
92.812500	114.624000	4.127849	4.688416	0.102435	0.088352	0.156658	12.555161	0.532518	0.205465	3.490297	14.912675	4.168904	0.277712	13.203888	13.028361	1.864794	1.977507	75.381000
98.437500	114.624000	3.683693	5.454413	0.240431	0.091541	0.082773	12.908025	1.200359	0.158294	1.974713	15.197907	5.633197	0.192148	12.760772	13.253764	2.060848	2.230178	77.123100
104.062000	114.624000	3.226384	6.021257	0.497861	0.059306	0.114027	12.419105	2.021864	0.036524	0.943257	15.411548	7.041576	0.085832	12.160339	13.944562	2.519718	1.861989	78.365100
109.688000	114.624000	2.926507	6.170647	0.726589	0.085529	0.066824	12.507887	3.046774	0.021579	0.202143	15.734441	9.538550	0.081703	11.646651	13.459035	3.227594	0.984809	80.427200
115.312000	114.624000	2.450367	6.393087	0.937918	0.079300	0.014656	12.057194	4.489534	0.062222	0.125957	15.121114	11.497023	0.104673	11.846720	13.944110	4.028199	0.392398	83.544500
120.938000	114.624000	2.307446	6.826125	1.634754	0.071582	0.043284	11.808040	5.934636	0.083106	0.080887	15.228782	12.259186	0.112698	10.958544	14.151078	4.169808	0.200580	85.870400
126.562000	114.624000	2.079747	7.176535	1.813957	0.064340	0.086076	11.228394	7.509980	0.310173	0.093546	15.196437	13.110356	0.120004	10.204105	14.242121	5.705851	0.147586	89.089300
132.188000	114.624000	1.836214	7.030888	2.080889	0.073262	0.081259	10.094978	8.816107	0.176531	0.126753	14.397178	14.005635	0.109451	8.365527	14.643843	7.001947	0.155380	88.995900
137.812000	114.624000	1.923627	7.271955	1.778128	0.073646	0.199254	9.177973	10.102883	0.074877	0.098709	13.583329	14.545675	0.177190	6.794379	14.909622	8.360981	0.150346	89.222700
143.437000	114.624000	1.823027	7.150455	1.936283	0.079121	0.396589	7.715907	10.943954	0.049476	0.130954	12.759302	14.967528	0.090495	5.851181	14.543413	9.768681	0.228852	88.435200
149.062000	114.624000	1.521465	6.722234	2.187393	0.070924	0.228517	6.139851	11.653889	0.061448	0.134973	12.086712	15.039797	0.091974	4.443221	14.339385	11.071358	0.215081	86.008100
154.688000	114.624000	1.013298	6.687830	2.505389	0.036982	0.129337	4.384139	12.236340	0.014888	0.085183	11.179819	15.800489	0.119973	3.831919	14.328641	11.663163	0.417244	84.434700
160.312000	114.624000	0.692106	6.370309	2.928407	0.082465	0.120754	3.025908	12.425439	0.041826	0.092934	9.226232	15.513788	0.186185	3.150394	14.025653	12.158642	0.912021	80.953000
165.938000	114.624000	0.459630	5.897551	3.496743	0.076509	0.116331	2.065101	12.473053	0.058333	0.089968	7.109966	15.809650	0.908194	2.715852	13.826036	12.454618	1.666682	79.224300
171.562000	114.624000	0.256984	5.015720	3.529146	0.072430	0.155997	1.130368	12.287573	0.037828	0.222138	5.677859	15.189085	2.194009	2.195819	13.316872	12.430981	2.227938	75.940800
177.188000	114.624000	0.183180	4.674584	3.988174	0.101669	0.230486	0.503318	12.655139	0.176024	0.235643	4.240438	15.124959	3.444787	1.941915	12.842881	12.740641	1.827981	74.911800
182.812000	114.624000	0.118947	3.998059	4.363962	0.126894	0.196217	0.122182	12.664753	0.485281	0.267881	3.481351	14.923533	4.199677	1.935457	12.896037	13.034242	1.810406	74.624800
188.438000	114.624000	0.094858	3.740819	5.214059	0.264306	0.246804	0.032933	12.704789	1.063557	0.182330	2.264525	14.994558	5.489349	2.333175	12.421141	12.842768	2.199992	76.089900
194.062000	114.624000	0.087038	3.364431	6.004134	0.481774	0.112616	0.059298	12.826369	2.030369	0.129845	0.993470	15.576331	6.797037	1.642999	12.133874	13.714975	2.693865	78.648500
199.687000	114.624000	0.070566	2.887036	6.235237	0.742469	0.157230	0.029126	12.592484	3.179664	0.085536	0.190706	15.803769	9.517876	0.966352	11.791641	13.675617	3.029516	80.954900
205.312000	114.624000	0.058141	2.574220	6.554002	0.951788	0.196585	0.033362	12.025979	4.401319	0.108273	0.124243	16.122478	11.119097	0.342881	11.458230	13.824905	3.849313	83.744800
210.938000	114.624000	0.069883	2.481095	6.478272	1.416420	0.259910	0.075592	12.075629	5.884669	0.139199	0.098135	15.049184	12.526661	0.153912	11.159088	14.498965	4.515140	86.881800
216.562000	114.624000	0.046503	2.072249	6.780163	1.815631	0.344566	0.052943	10.883764	7.721246	0.163491	0.104663	14.856353	13.139648	0.198750	10.099106	14.430655	5.448928	88.158700
222.188000	114.624000	0.062840	1.753201	6.930514	1.771953	0.221347	0.044820	10.017687	8.930697	0.161993	0.155261	14.269038	13.873085	0.135263	8.507871	14.442530	6.844266	88.122300
227.812000	114.624000	0.055914	1.886611	6.840059	1.807273	0.075735	0.178421	8.797717	9.932683	0.124755	0.114557	14.155828	14.404416	0.159881	7.075234	14.697564	8.130907	88.437500
233.438000	114.624000	0.066913	1.823672	6.966242	2.057173	0.060740	0.310649	7.371820	11.377253	0.099292	0.131044	13.109338	15.011749	0.161288	5.657830	14.615116	10.017099	88.837200
239.062000	114.624000	0.081355	1.617699	7.027902	2.453963	0.033509	0.092169	6.213613	11.533553	0.070515	0.172693	12.365271	14.783066	0.174527	4.746537	14.634230	11.022953	87.023500
244.687000	114.624000	0.075876	1.036557	6.605631	2.618497	0.025969	0.057811	4.297834	12.276829	0.145011	0.111106	10.836851	15.804335	0.328673	3.638534	14.010498	11.744593	83.614600
250.312000	114.624000	0.057794	0.705138	6.307212	2.932354	0.053177	0.029221	3.121509	12.543399	0.151882	0.079390	9.159855	15.227086	0.889713	2.988552	13.892877	12.127767	80.266800
255.937000	114.624000	0.078429	0.494290	5.874400	3.262236	0.080987	0.043885	2.101812	12.959032	0.876814	0.079504	7.000714	15.410077	1.697478	2.541218	13.445011	11.818558	77.764500
261.562000	114.624000	0.105380	0.298597	5.434384	3.714501	0.127151	0.165873	1.191526	12.649485	2.013709	0.265645	5.285513	15.598271	2.117533	2.093398	12.986402	12.446588	76.493900
267.188000	114.624000	0.109743	0.158578	4.529017	3.939723	0.270702	0.215869	0.465918	12.677420	3.475639	0.259321	4.267015	15.071916	2.026716	1.998373	12.952359	12.884501	75.302800
272.812000	114.624000	0.178011	0.082466	3.929838	4.309122	0.659070	0.224990	0.143238	12.432564	4.154993	0.264471	3.521489	15.186484	1.900770	1.938262	12.968306	12.964234	74.858300
278.438000	114.624000	0.291399	0.075443	3.631782	5.196823	1.191299	0.209731	0.024448	12.867649	5.470801	0.255961	2.158745	15.070107	2.237416	2.206947	11.882119	13.411421	76.182200
284.062000	114.624000	0.484059	0.097157	3.337932	5.876153	2.282598	0.081852	0.069715	12.873870	7.143250	0.092848	0.928969	15.441632	2.697982	1.718390	12.086825	13.696540	78.909700
289.688000	114.624000	0.661834	0.048245	2.839931	6.455064	3.038801	0.109892	0.036159	12.672896	9.291987	0.089765	0.158128	15.281599	3.307034	0.883606	12.163845	14.411541	81.450300
295.312000	114.624000	1.031613	0.056102	2.535540	6.854128	4.302076	0.170494	0.036331	12.450886	11.100617	0.094664	0.179599	15.593408	3.901485	0.337504	11.714396	14.022599	84.381400
300.938000	114.624000	1.505212	0.066831	2.215961	6.945059	5.886320	0.225836	0.050935	11.769022	11.982776	0.157321	0.106732	15.464817	4.273654	0.175783	10.644258	14.453048	85.923500
306.562000	114.624000	1.986249	0.055705	2.020744	6.992039	7.544418	0.432997	0.046978	11.307619	13.058218	0.140735	0.101377	15.163865	5.648454	0.183990	10.029845	14.388922	89.102100
312.187000	114.624000	2.114117	0.060078	1.684890	6.948033	8.799663	0.249331	0.048157	10.067359	14.315521	0.098523	0.123438	14.473858	7.136487	0.147858	8.316748	14.687612	89.271600
317.812000	114.624000	1.933908	0.080301	1.912080	7.000895	9.933384	0.060269	0.146532	8.708642	14.660695	0.178801	0.142697	13.726397	8.290804	0.147958	7.093216	14.738732	88.755300
323.438000	114.624000	2.008563	0.103741	1.980300	6.976534	10.705873	0.043441	0.332562	7.434985	14.895371	0.089317	0.103427	13.392986	10.229722	0.165563	5.650965	14.462096	88.575500
329.062000	114.624000	2.275812	0.044213	1.601209	6.712033	11.965924	0.052193	0.072686	5.941150	15.364386	0.083746	0.112677	12.287347	10.964210	0.174901	4.765809	14.105839	86.524100
334.688000	114.624000	2.480971	0.038363	0.900301	6.612179	12.254888	0.017075	0.078313	4.293480	15.813948	0.108083	0.125694	10.961439	11.656490	0.331675	3.710373	14.079827	83.463100
340.312000	114.624000	2.967584	0.059290	0.666170	6.102336	12.874096	0.058604	0.033187	2.996322	15.277754	0.185350	0.067022	9.325938	11.818558	0.967457	3.264702	14.045106	80.709600
345.938000	114.624000	3.266624	0.065676	0.506725	5.672951	12.637496	0.070809	0.041293	2.056698	15.478954	0.857229	0.104866	7.077303	12.433808	1.558662	2.728066	13.519769	78.077100
351.562000	114.624000	3.745512	0.077337	0.268542	5.031056	13.043063	0.044216	0.151936	1.257303	15.441971	2.224104	0.201900	5.616900	12.365836	2.310918	2.276231	13.294026	77.350900
357.187000	114.624000	4.142970	0.117480	0.146752	4.304880	12.718135	0.221736	0.260998	0.737727	15.091822	3.511910	0.310292	4.358568	12.940936	1.866264	1.858234	13.228091	75.816800
0.000000	117.280000	3.773968	0.126876	0.134999	3.933865	11.638508	0.309732	0.148388	0.455493	15.003493	4.129591	0.281059	4.462583	13.002461	1.819227	1.702748	13.132976	74.056000
5.625000	117.280000	4.454327	0.261070	0.076190	3.608223	11.699467	0.600942	0.256975	0.220772	15.102679	4.660775	0.290891	3.082604	13.121892	2.082868	1.691586	13.276836	74.488000
11.250000	117.280000	5.184925	0.306347	0.077248	3.200836	11.837785	1.387161	0.062248	0.053134	14.908830	5.946047	0.128692	1.973684	14.135018	2.514448	1.826454	12.630710	76.173600
16.875000	117.280000	5.858182	0.626802	0.079951	2.980556	11.367526	2.306914	0.051879	0.093961	15.225616	7.865535	0.122621	0.540043	13.798440	3.197974	1.287342	12.003699	77.407000
22.500000	117.280000	5.891670	0.795418	0.031392	2.615285	11.284049	3.225242	0.040884	0.070353	16.072262	10.135614	0.070134	0.158910	14.358951	3.851948	0.498557	12.331002	81.431600
28.125000	117.280000	6.241322	1.376383	0.034107	2.473111	11.070080	4.520727	0.086854	0.027475	15.651540	11.349318	0.137440	0.164947	14.651307	4.370149	0.418771	11.718920	84.292500
33.750000	117.280000	6.318895	1.732007	0.034732	2.120756	10.293102	5.818541	0.123965	0.071163	14.660695	12.446362	0.074467	0.087718	14.839614	5.587167	0.202551	10.818473	85.230100
39.375000	117.280000	6.737695	2.120055	0.059349	1.846224	9.246182	7.565895	0.091373	0.043344	14.498174	13.349218	0.126625	0.125377	15.005302	6.732232	0.227024	9.721960	87.496000
45.000000	117.280000	6.780954	2.167081	0.056817	2.057885	8.685683	8.670992	0.051408	0.060683	14.273789	14.111268	0.121236	0.143765	14.782613	8.424451	0.047941	8.339334	88.775900
50.625000	117.280000	6.755394	1.998192	0.069291	2.023357	7.392675	9.452551	0.058008	0.112645	13.146660	14.626426	0.132402	0.172852	14.645653	10.185252	0.187108	6.652340	87.610700
56.250000	117.280000	6.285950	2.092052	0.045859	1.756424	6.002811	10.235298	0.074856	0.281203	12.227632	15.190216	0.088366	0.114068	14.655266	10.982305	0.254747	5.416028	85.703200
61.875000	117.280000	6.011191	2.376888	0.062087	1.302112	4.489274	10.823449	0.024131	0.274803	11.378271	15.270402	0.158262	0.122795	14.328528	12.127767	0.394418	4.285439	83.429800
67.500000	117.280000	5.804958	2.651296	0.074840	0.871387	3.206581	11.665764	0.049918	0.250099	10.142603	15.448078	0.123198	0.088480	14.238841	12.192684	0.545708	3.761029	81.115500
73.125000	117.280000	5.464547	2.912324	0.094140	0.554768	2.171808	11.724801	0.078965	0.160968	7.865230	15.422179	0.506824	0.092076	13.780119	12.053801	1.185192	3.117347	77.185100
78.750000	117.280000	4.797329	3.066815	0.118606	0.298434	1.382140	11.603447	0.056974	0.108941	6.248017	14.720184	1.882053	0.119714	13.623818	12.421367	1.792321	2.771360	75.011500
84.375000	117.280000	4.099394	3.570607	0.100816	0.336312	0.647360	12.229667	0.107313	0.264819	4.815628	14.631968	3.086641	0.296229	13.332706	12.903049	1.654852	2.029317	74.106700
90.000000	117.280000	3.838456	3.932146	0.119708	0.096526	0.282009	11.918084	0.241794	0.167532	4.474176	15.167031	4.226165	0.258113	13.147339	13.276836	1.816897	1.680050	74.642900
95.625000	117.280000	3.337480	4.170804	0.296094	0.134449	0.213878	11.918650	0.479316	0.254740	3.041990	14.808287	4.839209	0.259157	12.998051	13.015807	2.142968	1.831317	73.742200
101.250000	117.280000	3.318332	4.850756	0.333219	0.091872	0.103865	11.904060	1.234763	0.052632	1.977235	15.186597	5.939793	0.082043	12.437879	14.077678	2.512819	1.817949	75.921600
106.875000	117.280000	2.894285	5.639791	0.580923	0.069958	0.086418	11.983228	2.274387	0.055851	0.494564	14.822311	8.127005	0.109166	12.510827	14.260330	3.265539	1.136221	78.310900
112.500000	117.280000	2.625770	5.796125	0.795892	0.045041	0.037858	11.543280	3.199580	0.047080	0.146844	15.347308	10.406165	0.092742	12.112725	14.223460	3.834181	0.557574	80.811700
118.125000	117.280000	2.380846	6.050063	1.352599	0.034312	0.020304	11.098784	4.369391	0.080499	0.147555	15.508133	11.778861	0.102315	11.810755	14.685010	4.536628	0.456264	84.412300
123.750000	117.280000	2.215927	6.376597	1.686327	0.041225	0.070984	10.441598	6.065659	0.134598	0.117676	15.061511	12.387890	0.117795	10.588240	14.914711	5.508587	0.236663	85.965900
129.375000	117.280000	2.091385	6.613582	2.105906	0.053629	0.060892	9.762573	7.270881	0.115460	0.144711	14.579717	13.250145	0.153246	10.049795	14.672004	6.978581	0.164192	88.066700
135.000000	117.280000	2.045874	6.610471	2.000771	0.043547	0.048739	8.346730	8.491133	0.046910	0.195213	14.173697	14.151530	0.158512	8.386936	14.815751	8.327560	0.089147	87.932500
140.625000	117.280000	2.041362	6.792151	1.879112	0.065268	0.272257	7.320870	9.353828	0.047815	0.170033	13.526441	14.909622	0.116405	6.883070	14.947509	10.105417	0.160484	88.591600
146.250000	117.280000	1.770516	6.323713	2.136465	0.080127	0.357610	5.789317	10.484858	0.063785	0.154865	12.530167	14.916408	0.111596	5.716754	14.662278	11.342645	0.182280	86.623400
151.875000	117.280000	1.376542	6.305063	2.381796	0.027822	0.207875	4.376675	11.281244	0.032740	0.116844	11.581280	15.320957	0.083814	4.557823	14.511067	12.039438	0.371389	84.572400
157.500000	117.280000	0.853295	5.766336	2.480032	0.043279	0.107375	3.269983	11.517154	0.041877	0.084181	10.113005	15.660362	0.167671	3.900897	13.891406	11.924644	0.591645	80.413100
163.125000	117.280000	0.534767	5.315021	2.920479	0.040817	0.148495	1.996722	12.175154	0.042623	0.101717	8.117957	15.715101	0.513974	3.123737	14.272658	12.455636	1.251173	78.726000
168.750000	117.280000	0.324546	4.842364	3.263627	0.109733	0.050459	1.148503	11.462528	0.033972	0.125609	6.037339	15.114554	1.910666	2.697258	13.577109	12.791987	1.805226	75.295500
174.375000	117.280000	0.264040	4.287237	3.620506	0.129114	0.232623	0.564858	11.936632	0.082888	0.317532	4.852351	15.302183	3.077740	2.040581	13.401469	13.037522	1.839562	74.986900
180.000000	117.280000	0.104319	3.844506	3.960194	0.100052	0.127527	0.293816	11.826136	0.215450	0.262068	4.197890	14.830227	4.427240	1.850646	13.454851	13.043516	1.676600	74.215100
185.625000	117.280000	0.130237	3.515857	4.242564	0.310178	0.230504	0.105751	11.871714	0.511508	0.244608	3.127368	15.442989	4.899874	1.653788	12.991717	13.088755	2.087551	74.455000
191.250000	117.280000	0.107315	3.003718	4.992501	0.292938	0.107057	0.074312	12.097570	1.258525	0.129645	1.998475	15.140114	6.111938	1.784144	12.292549	14.168608	2.660999	76.220400
196.875000	117.280000	0.087991	2.804927	5.567884	0.503784	0.170998	0.040639	12.021116	2.151100	0.108019	0.559450	15.735006	8.149251	1.242849	12.423742	13.819816	3.043200	78.429800
202.500000	117.280000	0.039443	2.570782	5.995086	0.858016	0.207900	0.028715	11.536154	3.139028	0.074479	0.188214	15.495127	10.327585	0.598209	11.786778	14.614890	3.976491	81.436900
208.125000	117.280000	0.056725	2.343218	6.325263	1.341538	0.266370	0.052445	11.166304	4.315342	0.133092	0.108326	15.425232	11.612948	0.433339	11.576643	14.324004	4.490937	83.971600
213.750000	117.280000	0.053000	2.314571	6.383779	1.712870	0.219495	0.073678	10.439054	5.945346	0.139864	0.092049	15.059250	12.440368	0.253429	11.073767	14.700618	5.808261	86.709400
219.375000	117.280000	0.055339	1.948147	6.608786	2.080007	0.148747	0.046627	9.777615	7.623405	0.163173	0.132085	15.035047	13.104814	0.208296	10.039153	14.568633	6.776340	88.316100
225.000000	117.280000	0.037046	2.211709	6.657215	2.064094	0.050413	0.032366	8.207971	8.131845	0.155021	0.165069	14.193037	13.979962	0.045925	8.283599	14.506317	8.343021	87.064600
230.625000	117.280000	0.057711	2.063144	6.334774	2.082925	0.059942	0.088770	7.378233	9.919779	0.123974	0.170380	13.606740	14.432690	0.173124	6.812983	15.203562	9.951740	88.460400
236.250000	117.280000	0.043178	1.688068	6.298187	2.092504	0.060084	0.106085	5.915251	10.179586	0.085841	0.097308	12.688503	14.932581	0.267915	5.414399	14.757393	11.048920	85.675800
241.875000	117.280000	0.042477	1.428103	6.556286	2.418971	0.024436	0.085022	4.385281	11.600168	0.148117	0.140719	11.534684	15.150067	0.385073	4.590485	14.641807	12.209310	85.341000
247.500000	117.280000	0.049648	0.801740	6.233428	2.586219	0.028780	0.058873	3.055573	11.548708	0.167925	0.076656	10.591882	15.871062	0.533465	3.580447	13.997944	11.923060	81.105400
253.125000	117.280000	0.035020	0.580877	5.360655	3.027152	0.090949	0.046159	2.161132	11.756242	0.530600	0.101850	8.412089	15.458596	1.257699	3.269667	14.212150	12.444326	78.745200
258.750000	117.280000	0.076722	0.371090	5.013729	3.266534	0.073402	0.027583	1.132048	12.327044	1.991101	0.117090	6.017943	15.364839	1.872598	2.467716	13.569192	12.421707	76.110300
264.375000	117.280000	0.098115	0.325662	4.213532	3.625810	0.226121	0.244861	0.611976	11.981419	2.880386	0.245958	5.010811	14.899782	1.640194	2.056720	13.285770	12.720623	74.067800
270.000000	117.280000	0.125812	0.112637	3.934181	4.033458	0.374984	0.129971	0.245862	12.182506	4.250164	0.279232	4.244181	14.853299	1.850024	1.857895	13.138178	12.839941	74.452300
275.625000	117.280000	0.310328	0.122100	3.444866	4.199417	0.758899	0.257405	0.094639	12.374206	4.745949	0.279833	3.061703	14.961194	2.159288	1.745895	13.089659	13.371950	74.977200
281.250000	117.280000	0.385574	0.082691	3.213220	4.932209	1.416669	0.072291	0.051054	12.173232	5.789340	0.126987	2.050115	15.100643	2.604699	1.648032	12.480743	13.666682	75.794100
286.875000	117.280000	0.562403	0.070251	2.996073	5.660420	2.073380	0.129971	0.064308	12.110123	8.094795	0.059190	0.529492	15.232628	3.342219	1.288665	12.576311	13.923413	78.713700
292.500000	117.280000	0.785549	0.051974	2.719392	5.982351	3.238146	0.127041	0.038911	11.260095	10.154173	0.079510	0.164748	15.951474	3.709513	0.542889	12.037967	14.022034	80.865800
298.125000	117.280000	1.368331	0.045861	2.320418	6.439366	4.410185	0.248060	0.037886	10.847821	11.568500	0.123930	0.121115	15.170198	4.494488	0.473304	11.567143	14.855335	84.091900
303.750000	117.280000	1.544197	0.035271	2.175676	6.620153	5.847528	0.235292	0.048464	10.402523	12.250816	0.151682	0.114728	15.109691	5.574341	0.227679	11.239500	14.347980	85.925500
309.375000	117.280000	2.038874	0.065308	2.070993	6.566748	7.140479	0.198090	0.069314	9.474413	13.118047	0.209412	0.099850	14.523960	7.075279	0.235881	9.863264	14.824799	87.574700
315.000000	117.280000	2.176999	0.043306	2.137212	6.829089	8.707002	0.034689	0.031541	8.469916	13.813143	0.184714	0.147347	14.032326	8.630706	0.070569	8.574350	14.638980	88.521900
320.625000	117.280000	2.046191	0.064381	1.973232	6.659363	9.629039	0.048948	0.114499	7.230878	14.384963	0.097463	0.142405	13.039897	10.032231	0.185880	7.163698	14.774923	87.588000
326.250000	117.280000	2.191849	0.065906	1.641020	6.384379	10.811438	0.072976	0.148932	6.052144	14.628801	0.112674	0.143613	12.797755	11.009370	0.249850	5.788978	14.387678	86.487400
331.875000	117.280000	2.210126	0.040547	1.419258	6.168725	10.994011	0.032215	0.100669	4.416112	15.602456	0.139302	0.112395	11.670062	11.923626	0.424436	4.436379	14.685124	84.375500
337.500000	117.280000	2.712493	0.066605	0.857725	5.911903	11.606727	0.027184	0.047665	3.186800	15.703565	0.153167	0.063503	10.004794	11.835862	0.590086	3.853532	14.468429	81.090100
343.125000	117.280000	2.659326	0.068511	0.579872	5.439269	11.792546	0.078880	0.034842	2.366381	15.329778	0.619246	0.108607	8.000438	12.134666	1.255708	3.159736	13.999527	77.627400
348.750000	117.280000	3.146820	0.062839	0.304524	4.984810	11.914352	0.094758	0.033811	1.387467	15.391077	1.926432	0.081546	5.927929	12.729444	1.751595	2.519673	14.152548	76.409500
354.375000	117.280000	3.546676	0.069822	0.246178	4.429084	11.779766	0.183460	0.180124	0.779788	14.667593	3.027299	0.265140	4.893258	12.934377	1.680332	1.958122	13.349783	73.990900
2.812500	120.000000	3.459410	0.203917	0.140491	3.404637	10.924264	0.218847	0.122210	0.342368	14.787703	4.709045	0.356205	4.059946	13.871501	2.009084	1.663594	13.594752	73.867900
8.437500	120.000000	4.027000	0.422213	0.095680	3.134900	10.653984	0.783451	0.036743	0.116723	14.734886	5.394924	0.234974	2.901241	13.884281	2.577296	1.661377	13.417981	74.077700
14.062500	120.000000	4.643222	0.405923	0.060339	2.835825	11.122082	1.351626	0.031744	0.080486	14.932015	6.911864	0.149076	1.789958	14.525430	3.086098	1.260866	12.744034	75.930500
19.687500	120.000000	4.873636	0.730311	0.031191	2.731108	10.732756	2.352515	0.045778	0.041585	15.237604	9.056088	0.170226	0.439667	14.656397	3.936805	0.854371	12.164297	78.054400
25.312500	120.000000	5.541385	1.111141	0.032177	2.634580	10.250543	3.374677	0.096137	0.037349	15.697910	10.691860	0.082832	0.208795	14.859859	4.622413	0.608018	12.063980	81.913700
30.937500	120.000000	5.865782	1.608651	0.014390	2.349812	9.678146	4.607325	0.106250	0.060259	14.996141	12.261108	0.094569	0.116713	14.919801	5.264059	0.452407	11.633871	84.029200
36.562500	120.000000	5.786014	1.894901	0.055520	2.290640	8.826308	5.941614	0.126078	0.081585	14.637736	13.126982	0.175178	0.108648	15.090577	7.086577	0.276080	11.192440	86.696900
42.187500	120.000000	6.360605	2.033377	0.043483	2.310612	8.200620	7.016355	0.064711	0.057700	14.270509	13.635920	0.147678	0.093628	15.532901	8.368445	0.213711	9.936607	88.286900
47.812500	120.000000	6.140541	2.282327	0.025802	2.332169	6.821127	7.998255	0.056380	0.080034	13.438904	14.163292	0.124816	0.129318	15.590128	9.658580	0.259088	8.185578	87.286400
53.437500	120.000000	5.909958	2.352515	0.033721	1.979961	5.606382	8.791045	0.070652	0.187189	12.665658	14.976688	0.112509	0.171426	15.143959	11.326585	0.284055	6.916377	86.528800
59.062500	120.000000	5.615170	2.225982	0.041165	1.618694	4.594794	9.702564	0.082594	0.301775	11.886417	14.951807	0.095845	0.102150	14.708648	11.963889	0.529859	5.552525	83.973900
64.687500	120.000000	5.512251	2.447132	0.049879	1.062666	3.295871	10.752243	0.020425	0.302125	11.097246	15.267575	0.196218	0.110558	14.687838	12.251269	0.658288	4.648866	82.360400
70.312500	120.000000	4.890713	2.748887	0.043453	0.633549	2.541625	11.031537	0.052184	0.190643	9.031851	15.541497	0.521293	0.160050	14.608330	12.634556	0.805313	3.988479	79.423900
75.937500	120.000000	4.359111	3.087535	0.053825	0.431888	1.259192	10.839633	0.068125	0.122280	6.988160	15.565247	1.835604	0.113411	14.452030	12.272418	1.194150	3.177854	75.820500
81.562500	120.000000	3.847560	3.060086	0.312207	0.362949	0.793463	11.291717	0.051340	0.073720	5.318708	14.770060	2.940881	0.221167	13.958134	12.937204	1.604003	2.308452	73.851700
87.187500	120.000000	3.644324	3.561186	0.083281	0.176390	0.237427	10.846430	0.112589	0.167666	4.769066	14.887794	4.348762	0.357619	13.480976	13.376927	1.614713	2.118279	73.783400
92.812500	120.000000	3.401459	3.657070	0.141701	0.122521	0.150946	10.912083	0.123978	0.141312	4.409937	15.569319	4.833135	0.311229	12.905537	13.833274	1.908778	1.776397	74.198700
98.437500	120.000000	3.065752	4.194735	0.377497	0.248095	0.078775	11.066292	0.539471	0.044483	2.796456	14.888473	5.366378	0.268928	13.075975	13.841417	2.506463	1.662734	74.022000
104.062000	120.000000	2.911612	4.491796	0.424345	0.075763	0.119846	11.302484	1.229142	0.026339	1.910327	15.325141	6.784065	0.137359	12.816416	14.475102	3.031710	1.207857	76.269300
109.688000	120.000000	2.616326	4.984663	0.762208	0.061279	0.050446	10.927284	2.115429	0.031278	0.537695	15.551110	9.025484	0.115174	12.505399	14.426018	3.952243	0.789986	78.452100
115.312000	120.000000	2.713985	5.481952	1.137126	0.030734	0.033335	10.487527	3.177979	0.108973	0.160766	15.942087	11.119108	0.091929	12.032086	14.560377	4.925626	0.623964	82.627600
120.938000	120.000000	2.202661	5.787530	1.511919	0.042064	0.074784	9.690858	4.670479	0.103385	0.119806	15.022040	12.213947	0.083845	11.757712	14.739863	5.393657	0.450813	83.865400
126.562000	120.000000	2.254799	5.816935	1.927043	0.036875	0.074414	8.819104	5.694700	0.107945	0.111220	14.619075	13.025307	0.202146	11.146025	15.175174	7.054141	0.256306	86.321300
132.188000	120.000000	2.328595	6.284525	2.321798	0.051935	0.080942	7.924549	6.945341	0.066528	0.133433	14.558907	13.635015	0.137385	10.088644	15.539574	8.367484	0.281883	88.746500
137.812000	120.000000	2.225439	5.967309	2.220033	0.040994	0.053843	6.986803	8.262812	0.066123	0.118941	13.734993	14.300819	0.115521	8.127525	15.179359	9.891041	0.313689	87.605100
143.437000	120.000000	1.826816	6.065376	2.138150	0.045704	0.330945	5.735008	8.866311	0.061889	0.174928	12.713498	14.797768	0.102835	6.873423	15.167031	10.952267	0.269883	86.121900
149.062000	120.000000	1.466963	5.916687	2.458374	0.070826	0.226540	4.383822	9.656013	0.075662	0.117081	12.113290	15.637969	0.088636	5.395229	15.041606	11.750700	0.461194	84.860500
154.688000	120.000000	1.098408	5.602469	2.404314	0.062071	0.201794	3.317303	10.490999	0.028140	0.066154	10.908487	15.248914	0.174957	4.522740	14.705255	12.387325	0.636358	81.855700
160.312000	120.000000	0.647268	5.146969	2.501928	0.064860	0.078997	2.213202	10.545931	0.071801	0.179873	8.930358	15.586170	0.501362	3.655724	14.319480	12.442064	0.888387	77.774400
165.938000	120.000000	0.441852	4.410593	2.825861	0.087006	0.104769	1.233620	10.946725	0.050829	0.173603	7.035830	15.125411	1.793554	2.958920	14.346284	12.683640	1.307541	75.525900
171.562000	120.000000	0.386478	3.928006	3.189300	0.217554	0.043687	0.594929	10.937395	0.055046	0.213792	5.331488	15.090351	2.973827	2.513814	14.011290	13.457678	1.682425	74.627100
177.188000	120.000000	0.146329	3.799313	3.509195	0.109897	0.115455	0.176300	11.286096	0.126501	0.402282	4.686901	15.269158	4.271087	1.991836	13.278532	13.821965	1.698315	74.689200
182.812000	120.000000	0.118362	3.487978	3.531001	0.228068	0.118264	0.132268	10.907299	0.157905	0.292931	4.315082	14.783971	4.876474	1.655700	13.531983	13.787696	1.932483	73.857500
188.438000	120.000000	0.281675	2.987025	3.924636	0.410642	0.079686	0.064626	11.124605	0.597546	0.243909	3.040916	14.946718	5.246088	1.588543	13.116350	13.813822	2.472342	73.939100
194.062000	120.000000	0.070532	2.851659	4.430147	0.448321	0.087570	0.055381	11.256284	1.316080	0.115286	1.870279	15.556425	6.851708	1.313603	12.516595	14.238728	3.203765	76.182300
199.687000	120.000000	0.049264	2.652133	4.832502	0.632648	0.193359	0.073823	10.890369	2.226253	0.145855	0.468355	15.885086	8.962885	0.848107	12.315734	14.613646	3.856608	78.646600
205.312000	120.000000	0.057978	2.469718	5.424996	1.175590	0.255758	0.050806	10.438658	3.233125	0.071279	0.160193	15.136382	11.236989	0.632768	12.182845	14.552687	4.274435	81.354200
210.938000	120.000000	0.057162	2.245197	5.875237	1.538112	0.298565	0.075811	9.654090	4.559824	0.121721	0.135083	14.631515	12.056402	0.444674	11.747420	15.181847	5.420880	84.043500
216.562000	120.000000	0.045949	2.231263	5.993197	1.834303	0.175006	0.055959	9.188966	5.869062	0.227397	0.115842	14.893675	12.502232	0.260490	11.176516	15.087524	6.895714	86.553100
222.188000	120.000000	0.032493	2.188162	5.770011	2.177678	0.077110	0.029353	7.923712	7.004774	0.136846	0.102746	14.291771	13.489345	0.268528	10.119237	15.018421	8.296425	86.926600
227.812000	120.000000	0.044031	2.280664	6.338076	2.236907	0.035860	0.083689	7.098328	7.798604	0.099458	0.120268	13.940264	14.224704	0.202471	8.346957	14.994558	10.198111	88.043000
233.438000	120.000000	0.053805	1.930142	5.895640	2.175665	0.092370	0.093126	5.985507	8.744256	0.099563	0.144993	13.231597	14.825704	0.315039	6.828150	15.199490	11.202483	86.817500
239.062000	120.000000	0.030189	1.510596	5.906113	2.237891	0.062227	0.084007	4.445404	9.758095	0.136274	0.078005	12.004264	15.029053	0.473894	5.550127	14.912110	11.884947	84.103100
244.687000	120.000000	0.018203	1.058812	5.690820	2.409720	0.057976	0.102827	3.161862	10.575212	0.167676	0.091065	11.045583	15.243598	0.630861	4.714734	14.779673	11.952579	81.701200
250.312000	120.000000	0.077695	0.652253	4.989323	2.742079	0.091214	0.057714	2.318439	10.707207	0.531812	0.177427	9.236806	15.592277	0.820350	3.809593	14.683540	12.513542	79.001200
255.937000	120.000000	0.068571	0.452231	4.501444	2.905335	0.099757	0.020186	1.173611	11.415593	1.927891	0.142948	6.951765	15.423988	1.307812	3.227753	14.528710	12.756701	76.904300
261.562000	120.000000	0.264707	0.405389	4.069774	3.212519	0.117512	0.064334	0.478416	11.263477	2.867775	0.248341	5.430142	14.578586	1.792638	2.566111	13.760214	13.371498	74.491400
267.188000	120.000000	0.117154	0.195976	3.737064	3.408527	0.340649	0.166266	0.165299	11.219753	4.272150	0.306355	4.687263	14.919914	1.766626	1.975810	13.782494	13.573377	74.634700
272.812000	120.000000	0.180659	0.115654	3.441722	3.558302	0.463583	0.143433	0.130961	10.985631	4.840781	0.313186	4.246104	14.763161	1.983592	1.646381	13.156274	13.722552	73.691900
278.438000	120.000000	0.334139	0.286754	3.173048	4.049292	0.840156	0.033580	0.066112	10.905512	5.379837	0.260702	2.881030	15.150632	2.648253	1.582605	13.486066	14.132530	75.210200
284.062000	120.000000	0.437418	0.059506	2.894613	4.345437	1.314225	0.122386	0.056323	10.989465	6.877947	0.137075	1.774667	14.967980	3.264521	1.290904	13.013093	14.584467	76.130000
289.688000	120.000000	0.743756	0.055901	2.702563	5.005496	2.441432	0.078676	0.059943	10.878471	9.179636	0.161679	0.482315	15.659118	3.807953	0.822930	12.546001	14.193829	78.819800
295.312000	120.000000	1.090642	0.047667	2.291623	5.417475	3.459715	0.195255	0.038844	10.481872	11.231097	0.106320	0.153334	15.479519	4.608377	0.620608	12.081397	14.924211	82.228000
300.938000	120.000000	1.508526	0.045702	2.299744	5.849123	4.380135	0.238932	0.054409	9.997646	11.722991	0.122021	0.128085	15.470585	5.412397	0.558667	11.994764	15.265426	85.049100
306.562000	120.000000	2.012115	0.039420	2.117160	5.935744	5.787372	0.336834	0.047030	8.844155	12.786898	0.145310	0.099797	14.382475	6.821726	0.325555	11.235282	15.201526	86.118500
312.187000	120.000000	2.274467	0.025316	2.377363	6.120330	6.984371	0.055815	0.043862	8.132490	13.672676	0.147359	0.118574	13.965033	8.328533	0.251438	10.092376	15.136043	87.726100
317.812000	120.000000	2.405671	0.052611	2.220338	6.153830	7.960085	0.040401	0.046552	6.985412	14.456101	0.086385	0.153574	13.734201	9.872877	0.294007	8.510688	15.193948	88.166800
323.438000	120.000000	2.230879	0.046527	1.903485	6.073067	9.053080	0.077066	0.109326	5.931322	14.941968	0.125121	0.172620	12.964461	10.799676	0.316726	6.851900	15.424102	87.021300
329.062000	120.000000	2.331106	0.028894	1.377220	5.730190	10.026022	0.068561	0.071710	4.533054	15.344820	0.102406	0.123510	12.307704	11.799445	0.531018	5.634441	14.813263	84.823300
334.688000	120.000000	2.532509	0.044283	1.089711	5.561709	10.155541	0.053318	0.110184	3.147702	15.402274	0.126081	0.101969	11.029354	12.536048	0.581125	4.283301	15.088089	81.843100
340.312000	120.000000	2.621121	0.035691	0.643058	4.880930	10.818631	0.057161	0.025182	2.380812	15.624736	0.485119	0.161414	8.989881	12.759076	0.810580	3.823391	14.590348	78.707100
345.938000	120.000000	2.864970	0.046881	0.507902	4.365184	11.142519	0.124338	0.028522	1.299556	14.970468	1.990230	0.136635	6.873739	12.667919	1.210255	3.031789	14.215430	75.476300
351.562000	120.000000	3.355202	0.101143	0.347026	4.019626	11.169640	0.060579	0.053637	0.880182	14.997046	2.786424	0.252337	5.385967	13.161929	1.660099	2.554088	14.125970	74.910900
357.187000	120.000000	3.516140	0.132203	0.212185	3.430955	11.106509	0.241136	0.158234	0.449073	14.954521	4.303410	0.283637	4.877357	13.389254	1.698564	1.877744	13.719385	74.350300
0.000000	122.797000	3.168275	0.111343	0.095635	3.089944	10.025332	0.128272	0.100624	0.331892	14.928509	4.742409	0.314310	4.728068	13.682855	1.953734	1.946134	13.928842	73.276100
5.625000	122.797000	3.371138	0.189318	0.168889	2.965661	10.189674	0.207769	0.053958	0.135564	15.406911	5.380549	0.319648	3.977939	13.765642	2.574491	1.740082	13.665325	74.112600
11.250000	122.797000	3.727813	0.295983	0.567666	2.864009	10.163662	0.793785	0.028880	0.088535	15.358957	5.753092	0.150738	3.350316	14.417196	3.023510	1.541019	13.259758	75.385000
16.875000	122.797000	4.312978	0.583719	0.038098	2.737906	9.968128	1.549479	0.044746	0.053575	15.659344	7.563667	0.153481	1.648846	14.189644	3.944077	1.198639	13.286109	76.932400
22.500000	122.797000	4.332227	0.851690	0.026512	2.436060	9.470816	2.407740	0.113399	0.084614	15.542401	10.155066	0.200713	0.698943	14.769833	4.568352	0.888697	12.748784	79.295800
28.125000	122.797000	4.824551	1.336516	0.021157	2.497811	9.270340	3.369848	0.067190	0.052282	14.835995	11.738712	0.194930	0.228600	15.398994	5.500240	0.715622	12.859619	82.912400
33.750000	122.797000	5.143056	1.601571	0.031270	2.331818	8.131585	4.387690	0.076262	0.125573	15.066035	12.425778	0.167951	0.168673	16.075203	7.164105	0.614893	11.827154	85.338600
39.375000	122.797000	5.504809	2.035288	0.035111	2.507391	7.444248	5.747335	0.035442	0.074158	14.199144	13.346617	0.145690	0.134092	15.978505	8.376633	0.459173	11.315388	87.339000
45.000000	122.797000	5.204468	2.351486	0.024757	2.461778	6.394376	6.521860	0.040095	0.053420	14.194960	14.216561	0.114025	0.180674	16.309314	9.774313	0.148809	9.952011	87.942900
50.625000	122.797000	5.250849	2.490335	0.024093	2.121412	5.553373	7.400931	0.045826	0.088988	13.449083	14.571008	0.144985	0.203237	16.093185	11.359044	0.415730	8.270322	87.482500
56.250000	122.797000	5.408235	2.474592	0.041703	1.673965	4.378959	8.227481	0.126078	0.154851	12.275019	15.104262	0.090198	0.142126	15.671106	11.817654	0.525728	7.019160	85.131300
61.875000	122.797000	5.029450	2.464380	0.034612	1.282784	3.083859	9.032360	0.052000	0.210660	11.598810	15.352398	0.223884	0.173226	15.236586	12.485833	0.816461	5.513823	82.591100
67.500000	122.797000	4.538302	2.524378	0.039322	0.793585	2.370509	9.604271	0.090655	0.356319	10.132232	15.738173	0.625628	0.205910	14.953164	12.825464	0.941984	4.774053	80.513900
73.125000	122.797000	4.188074	2.749475	0.102188	0.579091	1.534018	9.791922	0.076866	0.154670	8.137421	15.539122	1.765642	0.110377	14.673361	12.456314	1.101800	3.830222	76.790600
78.750000	122.797000	3.811674	2.922593	0.520302	0.366401	0.739064	10.175786	0.058053	0.113193	6.020363	15.120322	3.358674	0.187280	14.236466	13.588419	1.535387	3.217404	75.971400
84.375000	122.797000	3.427324	3.210505	0.114436	0.196779	0.199280	10.088045	0.094160	0.080351	5.069317	14.949206	4.184556	0.329201	13.905204	13.288824	1.724531	2.378380	73.240100
90.000000	122.797000	3.155902	3.299253	0.134325	0.084136	0.141061	10.125797	0.101626	0.102118	4.815142	15.279902	4.903335	0.330755	13.964354	14.005974	1.989586	1.954910	74.388100
95.625000	122.797000	3.164724	3.303799	0.182984	0.204511	0.200345	10.272077	0.159333	0.046833	4.281843	15.306593	5.224803	0.345853	13.702534	14.093398	2.517275	1.791473	74.798500
101.250000	122.797000	2.758240	3.701178	0.346104	0.579985	0.109630	10.350012	0.528103	0.047851	3.361422	15.521478	5.879342	0.161260	13.660688	14.571348	3.172821	1.517529	76.266900
106.875000	122.797000	2.492903	4.123190	0.568487	0.066714	0.061223	9.749635	1.236154	0.031005	1.802591	15.899223	7.842497	0.155518	12.718474	14.458137	3.888309	1.152484	76.246600
112.500000	122.797000	2.641841	4.439093	0.788186	0.047544	0.072731	9.477828	2.170293	0.073382	0.666027	15.588206	9.805403	0.191502	12.930645	15.166240	4.645756	0.956129	79.660800
118.125000	122.797000	2.413712	4.938859	1.349658	0.045820	0.060094	8.903113	3.181960	0.088155	0.278354	15.131179	11.725366	0.188287	12.176285	14.872865	5.444336	0.851331	81.649400
123.750000	122.797000	2.334917	5.284959	1.422900	0.028387	0.102783	8.146209	4.756161	0.067936	0.107326	14.621337	12.344574	0.132233	12.111028	15.875247	6.759692	0.561264	84.656900
129.375000	122.797000	2.383481	5.088645	2.076083	0.019259	0.096014	7.445152	5.607219	0.048250	0.115455	14.265532	13.244829	0.150182	11.203524	16.031095	8.549978	0.358683	86.683400
135.000000	122.797000	2.367433	5.633197	2.204131	0.021599	0.051765	6.431167	6.509148	0.031349	0.131816	13.953044	14.247776	0.115711	10.176973	16.080745	9.822074	0.109634	87.887500
140.625000	122.797000	2.059502	5.381680	2.530903	0.032990	0.095795	5.779116	7.576232	0.044270	0.282796	13.411874	13.806583	0.105834	8.538996	15.531657	11.308840	0.411039	86.898100
146.250000	122.797000	1.664408	5.274306	2.436456	0.071447	0.313765	4.562618	8.114010	0.106764	0.155182	12.346044	14.989808	0.135704	6.747986	16.281945	11.610120	0.657747	85.468300
151.875000	122.797000	1.260278	4.957056	2.404415	0.043262	0.202371	3.348857	8.974602	0.042488	0.178299	11.421474	15.411774	0.273271	5.503192	15.266557	12.432677	0.790798	82.511300
157.500000	122.797000	0.940498	4.653718	2.748514	0.029763	0.220415	2.239293	9.214108	0.084421	0.195198	9.767651	15.732405	0.735182	4.554034	15.125977	12.488660	0.923461	79.653400
163.125000	122.797000	0.518677	4.240121	2.871417	0.069389	0.059847	1.379245	9.779357	0.100952	0.114764	7.761316	15.682303	1.745680	4.041861	14.765083	12.700718	1.031824	76.862600
168.750000	122.797000	0.336038	3.835199	2.679819	0.528899	0.060948	0.542869	9.994502	0.055478	0.191729	6.016744	15.245860	3.330309	3.193496	14.433708	13.116124	1.459204	75.020900
174.375000	122.797000	0.181660	3.252634	3.072357	0.157339	0.047048	0.127964	10.025559	0.065142	0.319878	5.279655	14.694398	4.068202	2.504077	14.214865	13.548156	1.843125	73.402100
180.000000	122.797000	0.097186	3.514658	3.527913	0.170559	0.133841	0.078937	9.869891	0.072274	0.322353	4.981734	14.975218	4.844773	1.849447	13.728320	13.746868	2.031081	73.945100
185.625000	122.797000	0.200040	3.060753	3.423083	0.162667	0.062646	0.069546	9.976214	0.126115	0.389439	4.237610	15.046356	4.973308	1.862589	13.342319	14.055284	2.628744	73.616700
191.250000	122.797000	0.596326	2.888427	3.661198	0.389800	0.103814	0.035980	10.352071	0.540057	0.126761	3.405474	15.004058	6.158512	1.484516	13.112053	14.161935	3.102690	75.123700
196.875000	122.797000	0.096346	2.721201	4.254122	0.504726	0.146575	0.056655	10.030716	1.373364	0.152411	1.779994	15.495240	8.010334	1.159779	12.990925	14.973748	4.046125	77.792200
202.500000	122.797000	0.058415	2.613962	4.471880	0.888699	0.345985	0.068721	9.776575	2.253385	0.160994	0.681165	16.064911	9.505458	0.914817	13.008003	15.263616	4.594975	80.671600
208.125000	122.797000	0.037540	2.379579	5.047794	1.283892	0.274534	0.059057	9.117771	3.210155	0.167316	0.254897	15.223919	11.566351	0.799016	12.417070	15.613426	5.677950	83.130300
213.750000	122.797000	0.021670	2.468417	5.057079	1.675729	0.173600	0.114128	8.195949	4.673680	0.159491	0.145270	14.897294	12.024056	0.621442	12.051200	15.875812	6.702001	84.856800
219.375000	122.797000	0.024116	2.528472	5.338013	2.107286	0.103827	0.065644	7.404460	5.638241	0.179009	0.130047	14.435970	13.062968	0.365248	11.268238	15.563664	8.413718	86.629000
225.000000	122.797000	0.032138	2.421086	5.316242	2.413610	0.044421	0.061177	6.524483	6.954174	0.093335	0.102592	14.017058	13.901020	0.123162	10.126543	15.704017	10.094525	87.929600
230.625000	122.797000	0.039379	2.185753	5.372180	2.548920	0.070436	0.034503	5.830620	7.765976	0.059235	0.114451	13.179459	14.273449	0.413057	8.446380	15.838377	11.149509	87.321600
236.250000	122.797000	0.041530	1.570481	5.352252	2.362445	0.149745	0.098738	4.452653	8.349841	0.146324	0.155097	12.357015	14.877954	0.659769	6.930141	15.621230	11.892524	85.017700
241.875000	122.797000	0.021355	1.327288	4.943632	2.365962	0.070350	0.082493	3.339097	8.935402	0.255477	0.153557	11.681371	15.208990	0.767951	5.559786	15.294831	12.338015	82.345600
247.500000	122.797000	0.029256	0.871321	4.526924	2.686729	0.065147	0.135004	2.314333	9.343593	0.629242	0.166622	10.071182	15.560158	0.928919	4.783746	15.123715	12.565227	79.801000
253.125000	122.797000	0.054305	0.590322	4.244034	2.669674	0.052574	0.056754	1.319224	10.206311	1.793814	0.142442	8.074788	15.662511	1.010973	3.887155	14.806025	12.692688	77.263600
258.750000	122.797000	0.548340	0.368781	3.805929	2.837590	0.077531	0.050094	0.508104	10.079936	3.393599	0.161506	5.872726	15.685583	1.605202	3.218173	14.806816	13.294818	76.314700
264.375000	122.797000	0.130414	0.167469	3.290680	3.206185	0.162728	0.041565	0.123347	10.252748	4.325724	0.295106	5.227099	15.060720	1.722823	2.411043	14.138524	13.837459	74.393600
270.000000	122.797000	0.114224	0.103523	3.214272	3.279653	0.278987	0.112628	0.080033	10.113085	4.721836	0.287961	4.917619	15.217473	2.143884	2.091102	13.765303	13.728433	74.170000
275.625000	122.797000	0.193062	0.183595	3.165470	3.330140	0.505489	0.040683	0.087153	10.048992	5.191835	0.355602	4.135845	14.782048	2.516608	1.942175	13.716106	14.120202	74.315000
281.250000	122.797000	0.349277	0.576159	2.877309	3.791837	0.878472	0.103893	0.068344	10.049411	6.279243	0.208915	3.367055	15.392095	3.067222	1.482695	13.485500	14.322194	76.299600
286.875000	122.797000	0.529576	0.094072	2.697530	4.197291	1.444423	0.060154	0.085440	10.009815	7.541636	0.160887	1.651968	15.602908	3.938389	1.139478	13.160345	14.551556	76.865500
292.500000	122.797000	0.791050	0.045427	2.557447	4.799455	2.333639	0.186916	0.075546	9.523859	9.669358	0.215231	0.728183	15.640344	4.640757	0.945786	12.862786	14.815412	79.831200
298.125000	122.797000	1.399206	0.031497	2.427521	4.993824	3.194423	0.219607	0.049812	8.832653	11.275431	0.182798	0.233184	14.958932	5.839928	0.772877	12.429058	15.237717	82.078600
303.750000	122.797000	1.776228	0.063951	2.404370	4.907067	4.558411	0.227317	0.117734	8.629745	12.330324	0.156851	0.101495	14.579604	7.013437	0.604577	12.088522	15.379994	84.939600
309.375000	122.797000	2.066763	0.036004	2.393569	5.268164	5.559311	0.074486	0.078329	7.636309	13.223906	0.223699	0.119985	14.360082	8.432571	0.388660	11.399533	15.794608	87.056000
315.000000	122.797000	2.343388	0.034869	2.455965	5.090613	6.637818	0.039885	0.057234	6.695916	14.029611	0.124417	0.101682	14.344361	9.952294	0.145365	9.456849	15.677440	87.187600
320.625000	122.797000	2.595867	0.024630	2.154753	5.317113	7.310239	0.054993	0.066660	5.555613	14.062975	0.113722	0.133845	13.358492	11.173858	0.366033	8.227141	15.797323	86.313300
326.250000	122.797000	2.374535	0.043771	1.648620	5.321252	8.107710	0.088405	0.076511	4.574595	15.394357	0.106547	0.158602	12.408361	11.633644	0.544939	6.725277	15.799698	85.006800
331.875000	122.797000	2.477850	0.012822	1.379697	4.946708	8.894054	0.049160	0.076786	3.364702	15.110256	0.218497	0.163285	11.840612	12.938448	0.785209	5.575676	15.156287	82.990000
337.500000	122.797000	2.629015	0.016914	0.922536	4.513262	9.588867	0.095974	0.100549	2.434262	15.685809	0.615599	0.191408	9.767335	13.012866	0.865014	4.847046	14.921497	80.208000
343.125000	122.797000	2.699328	0.076598	0.543079	4.277794	10.143553	0.096103	0.052720	1.355234	15.429756	1.675220	0.159116	7.726731	12.869911	1.012231	3.841860	15.168841	77.128100
348.750000	122.797000	2.750414	0.498192	0.402426	3.610870	10.156740	0.101951	0.033673	0.849929	15.060946	3.361943	0.186904	5.766799	13.104475	1.637231	3.104284	14.422172	75.048900
354.375000	122.797000	2.988382	0.176777	0.148041	3.469905	10.132209	0.166735	0.026998	0.503213	15.112518	4.101203	0.313209	5.388443	13.767226	1.687333	2.430552	14.082993	74.495700
2.812500	125.685000	3.176180	0.065865	0.085623	2.847452	9.275780	0.146626	0.047129	0.168698	14.787250	5.182493	0.372944	4.706919	14.277295	2.592191	2.261947	13.818459	73.812800
8.437500	125.685000	3.223534	0.153142	0.177287	2.719629	8.961403	0.238262	0.037477	0.090059	15.378410	5.881706	0.235025	4.400086	14.632986	3.004261	2.047401	13.933479	75.114200
14.062500	125.685000	3.311467	0.429279	0.439546	2.564731	8.818900	0.659678	0.042483	0.089038	15.797097	6.747636	0.120375	3.410835	14.360760	3.840016	1.738860	13.370932	75.741600
19.687500	125.685000	3.864649	0.678535	0.270028	2.370079	8.436959	1.625458	0.054984	0.087194	15.686827	8.741892	0.125609	2.015870	14.925116	4.873489	1.541811	13.312348	78.610900
25.312500	125.685000	3.890650	0.980908	0.015578	2.531865	8.169337	2.490663	0.095456	0.043096	15.578253	10.932644	0.104790	1.004891	15.331362	5.626672	1.400100	12.608996	80.805200
30.937500	125.685000	4.216540	1.323533	0.043041	2.390346	7.545244	3.296199	0.066114	0.101023	15.187841	11.845702	0.102067	0.341078	16.245188	7.085231	1.241175	12.497029	83.527200
36.562500	125.685000	4.404010	1.763289	0.058342	2.502098	6.861480	4.469064	0.041380	0.045545	13.996021	12.854530	0.150565	0.160968	16.683780	8.348269	1.063153	12.096665	85.499200
42.187500	125.685000	4.782898	2.345526	0.038428	2.537418	5.846261	5.412895	0.022571	0.033651	14.303872	13.371046	0.155319	0.140893	16.759329	10.340535	0.924991	11.516362	88.532000
47.812500	125.685000	4.579786	2.528947	0.039504	2.217624	5.322926	6.215547	0.028357	0.047636	13.346617	14.096339	0.127487	0.141142	17.143747	11.411295	0.958093	9.714066	87.919200
53.437500	125.685000	4.523023	2.463735	0.032750	1.720030	4.212706	7.002342	0.116542	0.107361	12.366063	14.258973	0.111624	0.126117	16.410876	12.038080	1.128640	8.584800	85.203600
59.062500	125.685000	4.345663	2.520860	0.043706	1.425162	3.016894	7.619752	0.143360	0.118911	11.874315	15.270063	0.334916	0.103411	16.285677	12.702075	1.269732	6.917802	83.992200
64.687500	125.685000	3.889282	2.743900	0.064535	0.977660	2.017555	8.390838	0.049414	0.274099	10.594189	15.668166	0.957131	0.098946	15.390399	13.119856	1.351570	5.739396	81.326900
70.312500	125.685000	3.596054	2.679841	0.252076	0.612156	1.202247	8.630220	0.058277	0.359534	8.269361	15.149501	2.135628	0.106366	15.130275	12.745278	1.525118	4.664813	77.116700
75.937500	125.685000	3.356446	2.775963	0.415027	0.413238	0.649665	8.434924	0.108086	0.086155	6.651922	15.462894	3.359455	0.117426	14.662730	13.402713	1.645566	3.889904	75.432000
81.562500	125.685000	3.107632	2.832319	0.171744	0.201002	0.287076	9.134227	0.088131	0.064072	5.966190	15.386101	4.722357	0.210908	14.554609	13.927711	2.080776	3.425990	76.160900
87.187500	125.685000	3.033915	3.016396	0.096398	0.128732	0.183538	9.279908	0.058856	0.111695	5.314930	15.406798	4.935692	0.461213	14.261461	14.291658	2.387157	2.576256	75.544600
92.812500	125.685000	2.869019	3.105517	0.110564	0.098783	0.189150	8.881749	0.076101	0.075045	4.908243	14.827061	5.089629	0.373003	13.988444	14.200162	2.600051	2.308034	73.700600
98.437500	125.685000	2.725827	3.019303	0.155327	0.152515	0.085491	9.066301	0.148031	0.049029	4.859069	15.206615	5.712207	0.239606	13.690885	14.351486	3.245554	1.981330	74.688600
104.062000	125.685000	2.725849	3.452353	0.416841	0.425442	0.096714	8.776161	0.453283	0.060433	3.448259	15.869366	6.556965	0.080859	13.506310	14.730362	3.961404	1.786350	76.346900
109.688000	125.685000	2.712063	3.612408	0.656630	0.252734	0.079322	8.738692	1.346265	0.074128	2.180946	15.445590	8.653869	0.083836	13.422279	15.061398	4.819598	1.600112	78.739900
115.312000	125.685000	2.562989	4.150435	1.035889	0.038083	0.047392	8.097351	2.113981	0.103111	1.074334	14.900235	10.616040	0.117863	12.762582	15.158662	5.365089	1.402215	79.546300
120.938000	125.685000	2.548354	4.397880	1.350541	0.036970	0.108614	7.731130	2.990169	0.059486	0.366620	14.734547	11.747081	0.102330	12.321276	16.349012	6.917112	1.230838	82.991900
126.562000	125.685000	2.560015	4.600053	1.721986	0.036242	0.079547	6.771443	3.996407	0.046824	0.118973	14.680373	12.837679	0.154164	12.203655	16.624064	8.614104	1.007427	86.053000
132.188000	125.685000	2.559800	4.581856	2.375327	0.033150	0.045059	6.376824	5.418324	0.035455	0.138782	14.026558	13.648926	0.124011	11.479266	17.205837	9.939684	0.868666	88.857600
137.812000	125.685000	2.210205	4.494827	2.410771	0.020328	0.042899	5.264443	6.120613	0.028068	0.155118	13.357587	14.422625	0.113912	9.954104	17.012327	11.397723	0.885675	87.891300
143.437000	125.685000	1.753269	4.551184	2.479444	0.030338	0.228175	4.673815	6.975878	0.083149	0.144060	12.668598	14.790417	0.139593	8.303188	16.571248	12.219489	1.033037	86.644900
149.062000	125.685000	1.418331	4.426098	2.582578	0.089066	0.233128	3.207112	7.636988	0.091950	0.103225	11.733622	14.865514	0.370337	6.820380	16.460299	12.409944	1.304578	83.753200
154.688000	125.685000	1.050418	4.081570	2.650979	0.060906	0.154743	2.325948	8.027219	0.046868	0.121374	10.617793	15.458031	0.902736	5.624953	15.746203	12.528357	1.375128	80.773300
160.312000	125.685000	0.693429	3.802332	2.514256	0.249701	0.171160	1.328871	8.664127	0.063099	0.089518	8.858620	15.881128	2.063382	4.683055	15.081190	12.860072	1.527945	78.531900
165.938000	125.685000	0.463353	3.471681	2.662911	0.431504	0.078120	0.377345	9.098081	0.069405	0.105174	6.486019	15.096006	3.537673	4.001237	14.575193	13.147565	1.734348	75.335600
171.562000	125.685000	0.171873	3.281779	2.684772	0.168785	0.032613	0.152368	8.992380	0.081741	0.290921	5.645559	15.073726	4.612596	3.243236	14.554270	13.881001	2.059966	74.927500
177.188000	125.685000	0.106373	3.195984	2.763850	0.087170	0.108013	0.063855	9.031422	0.040758	0.432771	5.167802	15.024302	5.026645	2.713601	14.229567	13.956324	2.366268	74.314700
182.812000	125.685000	0.101331	2.973261	3.303256	0.161035	0.114957	0.052995	8.921830	0.060418	0.350372	5.113447	15.159567	5.102771	2.252390	14.106178	14.270622	2.661486	74.705900
188.438000	125.685000	0.168103	2.725024	3.155710	0.169839	0.057766	0.087592	8.782879	0.133653	0.307297	4.611193	15.278998	5.902606	1.980312	13.717689	14.796524	3.063762	74.939000
194.062000	125.685000	0.415543	2.683528	3.222358	0.523183	0.124066	0.097145	8.608121	0.505752	0.123554	3.444617	16.062197	7.016909	1.705474	13.853519	14.705142	3.857705	76.948900
199.687000	125.685000	0.245321	2.740032	3.640524	0.705641	0.374120	0.065663	8.185849	1.223996	0.109822	2.005080	16.014130	8.467880	1.548517	12.887894	14.918443	4.909951	78.042800
205.312000	125.685000	0.038893	2.750143	4.128958	0.936276	0.201526	0.046758	8.250869	2.281908	0.133793	0.930747	15.568527	10.379248	1.353549	13.185566	15.473864	5.884567	81.545100
210.938000	125.685000	0.047217	2.588346	4.310128	1.322357	0.169572	0.122325	7.628483	3.288848	0.124646	0.281122	15.133554	11.613174	1.139524	12.602210	15.872872	6.884337	83.128800
216.562000	125.685000	0.018655	2.479184	4.514846	1.700848	0.126208	0.055340	6.809658	4.423259	0.115847	0.148417	14.305682	12.652764	1.097463	11.857012	16.447180	8.367405	85.119700
222.188000	125.685000	0.027411	2.511519	4.776462	2.072859	0.071793	0.028855	5.987452	5.407172	0.160527	0.118918	14.134905	13.648926	0.954945	11.136853	16.300719	10.110359	87.449700
227.812000	125.685000	0.031470	2.092199	4.652949	2.529931	0.066192	0.043530	5.399957	6.164777	0.132100	0.113778	13.478149	13.948634	0.839168	9.964916	16.702328	11.219629	87.379700
233.438000	125.685000	0.037870	1.782256	4.449724	2.560863	0.083198	0.060834	4.553480	6.510312	0.106998	0.152068	12.573144	14.452595	1.090371	8.339175	16.486312	11.970109	85.209400
239.062000	125.685000	0.019031	1.419666	4.371416	2.555977	0.088706	0.042810	3.030138	7.289395	0.385234	0.116218	11.796844	14.888133	1.175274	7.087595	16.592623	12.431659	83.290700
244.687000	125.685000	0.028197	0.986685	4.069638	2.697304	0.042159	0.126055	2.159752	8.196028	1.044759	0.080654	10.592900	14.898764	1.456581	5.727012	15.125751	12.769142	80.001200
250.312000	125.685000	0.279508	0.637305	3.748860	2.873521	0.068289	0.108161	1.122355	8.455892	2.182439	0.128254	8.793046	15.723470	1.592772	4.876056	15.088542	12.943425	78.621900
255.937000	125.685000	0.417552	0.392398	3.475526	2.655763	0.089797	0.042610	0.372644	9.006280	3.453461	0.098703	6.608436	15.732179	1.755723	4.044180	14.958367	13.220965	76.324600
261.562000	125.685000	0.153729	0.175654	3.236586	2.802970	0.106667	0.039164	0.158936	9.135200	4.719032	0.235331	5.723076	15.387345	1.870426	3.202385	14.241443	14.021921	75.209800
267.188000	125.685000	0.085901	0.112219	3.135986	2.839806	0.163414	0.074449	0.094965	9.157910	4.995679	0.392150	5.184744	15.508359	2.361110	2.754587	13.975325	14.058790	74.895500
272.812000	125.685000	0.111454	0.081562	3.046865	3.218501	0.306150	0.081018	0.060619	9.248071	5.104739	0.391414	5.003969	14.912449	2.586807	2.275598	14.145310	14.277521	74.852100
278.438000	125.685000	0.176689	0.153800	2.713035	3.077130	0.478506	0.065870	0.104675	8.977372	5.545717	0.229458	4.649646	15.567283	3.318762	2.100715	13.778761	14.451691	75.389200
284.062000	125.685000	0.410228	0.449105	2.809971	3.478286	0.725640	0.069789	0.091714	8.749821	6.552803	0.110261	3.326747	16.030303	3.984510	1.703596	13.350462	14.655605	76.498800
289.688000	125.685000	0.647913	0.279400	2.555152	3.788150	1.413773	0.182360	0.050894	8.441042	8.341528	0.133271	2.055601	15.584587	4.949445	1.491437	13.082647	14.935973	77.933000
295.312000	125.685000	0.933435	0.053378	2.539736	3.907490	2.233175	0.155555	0.055484	7.905164	10.490162	0.108118	0.974285	15.130388	5.785381	1.413208	12.518744	15.506776	79.710500
300.938000	125.685000	1.306998	0.051077	2.703479	4.261508	2.938913	0.187570	0.074744	7.388886	11.851357	0.110289	0.347355	14.989695	7.088828	1.211533	12.531411	16.049982	83.093500
306.562000	125.685000	1.803699	0.026370	2.404110	4.371506	4.328077	0.206387	0.097749	6.840376	12.653330	0.128857	0.153633	14.286795	8.300191	0.988608	12.327270	16.418906	85.335800
312.187000	125.685000	2.194224	0.034106	2.375610	4.457336	5.481127	0.033493	0.034607	5.993299	13.701629	0.157940	0.125408	14.197561	9.766147	0.965564	11.435724	17.197128	88.151000
317.812000	125.685000	2.518768	0.024997	2.348138	4.488075	5.901702	0.049792	0.059496	5.406675	14.152096	0.107298	0.123382	13.273443	11.386414	0.932379	10.156367	17.119544	88.048500
323.438000	125.685000	2.502595	0.051616	1.751799	4.524199	6.776679	0.098284	0.048586	4.358274	14.137732	0.118845	0.148480	12.273775	12.163053	0.990817	8.516501	16.356589	84.817800
329.062000	125.685000	2.384567	0.027435	1.415085	4.583303	7.486670	0.087509	0.031939	3.405372	15.337808	0.360093	0.133938	11.718467	12.911757	1.238913	6.814409	16.027363	83.964600
334.688000	125.685000	2.626516	0.031057	1.029183	4.047674	7.790393	0.043710	0.077877	2.394780	15.411095	0.936590	0.120876	10.737201	12.641907	1.393370	5.648612	15.504401	80.435100
340.312000	125.685000	2.610388	0.240327	0.674814	3.571365	8.788579	0.089884	0.091382	1.645080	15.851723	2.066040	0.126270	8.581520	13.241210	1.848157	4.786019	14.659564	78.872300
345.938000	125.685000	2.639613	0.410321	0.417959	3.274722	8.964332	0.078105	0.066711	0.683676	15.824579	3.481554	0.154994	6.899130	13.033337	1.805429	3.902797	15.084470	76.721700
351.562000	125.685000	2.752246	0.160684	0.198096	3.243767	8.998035	0.106754	0.064724	0.532336	15.425459	4.680782	0.219365	5.931627	13.840286	2.052999	3.170039	14.441738	75.819000
357.187000	125.685000	3.167472	0.119268	0.100502	3.270311	9.053204	0.186607	0.058625	0.316362	15.218717	4.808876	0.398677	5.172473	14.021016	2.398150	2.847248	14.265080	75.402600
0.000000	128.682000	2.831776	0.052683	0.076313	2.612028	7.604846	0.187082	0.116874	0.169779	15.492186	5.287086	0.513210	5.233319	14.363362	3.217144	3.273410	14.503942	75.535000
5.625000	128.682000	2.922774	0.118010	0.115841	2.512469	7.974584	0.134549	0.028739	0.114475	16.021595	5.656122	0.386987	5.297355	15.079946	3.497015	2.909033	14.329546	77.099000
11.250000	128.682000	2.739003	0.146954	0.149492	2.585586	7.348239	0.225693	0.051934	0.097749	15.885312	6.081300	0.220380	4.708072	14.642373	4.199349	2.526787	13.717915	75.326100
16.875000	128.682000	2.968963	0.515965	0.112307	2.384556	7.455908	0.580971	0.058278	0.063391	14.876032	7.559641	0.126955	3.629169	15.505079	4.997941	2.480044	13.709885	77.025100
22.500000	128.682000	3.368423	0.894282	0.067464	2.172826	7.092617	1.498099	0.060171	0.070574	15.612182	9.118348	0.136559	2.444633	15.581420	6.017864	2.338446	13.671093	80.145100
28.125000	128.682000	3.514115	1.105200	0.015559	2.177350	6.574393	2.397686	0.075818	0.047544	15.201074	11.101012	0.138915	1.429675	16.649850	6.938929	2.230325	13.170072	82.767500
33.750000	128.682000	3.879827	1.294908	0.033763	2.099007	5.960343	3.220356	0.075774	0.183004	14.816995	11.734980	0.161099	0.554477	17.308756	8.610236	1.994652	13.156726	85.084800
39.375000	128.682000	3.825336	1.907398	0.046800	2.515635	5.024055	4.099066	0.050271	0.042670	14.315861	12.956205	0.160826	0.239109	18.007018	10.368820	2.046858	12.235209	87.841100
45.000000	128.682000	3.940379	2.308317	0.034266	2.143059	4.466870	4.812167	0.043596	0.065794	13.451005	13.378849	0.137887	0.133582	18.099758	11.999401	1.558741	11.718920	88.292600
50.625000	128.682000	3.766334	2.483063	0.017450	1.712124	3.777790	5.624003	0.041910	0.073375	12.847970	14.089779	0.228021	0.136297	18.193968	12.266876	1.922949	10.446428	87.628300
56.250000	128.682000	3.686340	2.684060	0.023123	1.325614	2.918465	6.351309	0.153795	0.267555	11.766307	14.731154	0.513052	0.183839	17.298464	13.010491	2.076931	8.672123	85.662500
61.875000	128.682000	3.591949	2.693255	0.033804	0.971739	1.990932	6.844786	0.041595	0.100677	10.878120	14.962325	1.412880	0.147172	17.109478	13.099386	2.159356	6.619734	82.657200
67.500000	128.682000	3.249253	2.665184	0.084745	0.743261	1.420435	7.120755	0.078774	0.228046	9.254144	15.328308	2.507685	0.139690	15.616480	13.605949	2.406915	5.943480	80.393100
73.125000	128.682000	2.899872	2.847904	0.155821	0.516104	0.562718	7.469423	0.038937	0.305770	7.316685	14.691457	3.722633	0.120310	15.705261	13.443767	2.469503	5.248700	77.514900
78.750000	128.682000	3.099625	2.688980	0.106891	0.217181	0.175476	7.735168	0.076970	0.099141	6.305640	15.860770	4.754205	0.216551	14.791548	13.825697	2.772151	4.017998	76.744100
84.375000	128.682000	3.023793	2.477047	0.100206	0.154168	0.134133	7.638775	0.059970	0.046708	5.738570	15.792912	5.007905	0.426905	14.703445	14.185460	2.815671	3.608891	75.914500
90.000000	128.682000	2.609766	2.807246	0.058030	0.053475	0.211070	7.936967	0.076402	0.117826	5.012825	15.588093	5.093225	0.530501	14.683879	14.269265	3.205970	3.039536	75.294000
95.625000	128.682000	2.600967	2.787352	0.118265	0.123113	0.170924	7.650073	0.084287	0.044729	5.292989	15.998636	5.741364	0.362339	14.267568	14.315182	3.574373	2.844545	75.976800
101.250000	128.682000	2.609653	2.662888	0.187937	0.095791	0.108083	7.898333	0.138832	0.047554	4.998371	16.211485	6.093730	0.223829	14.162275	14.765083	4.033153	2.620533	76.857400
106.875000	128.682000	2.790632	2.957767	0.432882	0.124971	0.076489	7.585698	0.386689	0.076046	3.529315	15.635594	7.612887	0.114052	13.198346	15.393000	4.997986	2.506101	77.418400
112.500000	128.682000	2.850743	3.277708	0.724486	0.070976	0.099088	7.253090	1.066628	0.052683	2.501804	15.153912	9.454824	0.090659	13.195066	16.094203	6.027850	2.281524	80.195300
118.125000	128.682000	2.627534	3.602399	1.005483	0.027251	0.076671	6.912871	1.871139	0.071524	1.348878	14.722672	11.031175	0.120898	12.830101	16.437341	7.074046	2.211528	81.971400
123.750000	128.682000	2.577567	3.771921	1.390600	0.040398	0.152270	6.443585	2.880940	0.083685	0.606687	14.469560	12.075968	0.163686	12.922049	17.499777	8.885718	2.078955	86.043300
129.375000	128.682000	2.755639	3.863970	1.858664	0.041198	0.066609	5.839136	3.991386	0.056757	0.225559	14.592723	13.109451	0.164373	12.092141	17.991750	10.276126	1.952886	88.878400
135.000000	128.682000	2.226592	3.969219	2.235482	0.029457	0.045348	4.875287	4.550245	0.010150	0.151222	14.035606	14.004843	0.170226	11.287996	18.291911	11.611477	1.689561	89.184700
140.625000	128.682000	1.803213	3.939746	2.407492	0.034672	0.035848	4.091952	5.312940	0.029678	0.180294	13.138631	14.127554	0.227658	10.057056	17.934749	12.229215	2.064015	87.614700
146.250000	128.682000	1.448980	3.898092	2.539194	0.053254	0.460773	3.213457	6.034568	0.157539	0.111686	12.062623	14.392428	0.532305	8.472020	17.674738	12.418087	2.135402	85.605200
151.875000	128.682000	0.993767	3.500182	2.368337	0.050084	0.111609	1.963517	6.591697	0.033264	0.115547	10.920645	15.393113	1.233360	6.963901	16.755936	12.944216	2.110034	82.049100
157.500000	128.682000	0.828144	3.312621	2.718487	0.106322	0.090212	1.327876	7.130708	0.067025	0.070797	9.334466	15.115798	2.479897	5.849767	16.053488	13.147000	2.082823	79.715500
163.125000	128.682000	0.479688	2.994625	2.866328	0.138010	0.129900	0.442742	7.412162	0.053013	0.136653	7.441997	15.519103	3.847605	5.016885	14.545561	13.393552	2.454823	76.872500
168.750000	128.682000	0.230688	2.861035	2.528449	0.118733	0.092714	0.124630	8.279698	0.038730	0.230184	6.234106	15.845389	4.603570	4.075123	14.556193	13.637616	2.625328	76.082200
174.375000	128.682000	0.147882	2.763782	2.454608	0.110162	0.047979	0.053948	7.684082	0.028392	0.391757	5.643500	15.471376	5.196958	3.512600	14.365624	14.331921	2.783280	74.987800
180.000000	128.682000	0.103844	2.797825	2.682691	0.065590	0.148292	0.052831	7.738482	0.080648	0.438447	5.029529	15.702321	5.142083	3.076248	14.395594	14.197109	3.091312	74.742800
185.625000	128.682000	0.136916	2.704089	2.866531	0.110997	0.020006	0.060371	7.755254	0.086230	0.364276	5.338862	15.655046	5.705772	2.899239	14.240877	14.465149	3.448960	75.858600
191.250000	128.682000	0.099555	2.597258	2.717231	0.186574	0.109475	0.056122	7.703580	0.125964	0.208730	4.804047	15.724601	6.009483	2.666801	13.643723	14.809191	4.410660	75.873000
196.875000	128.682000	0.131853	2.789896	2.822310	0.547936	0.278623	0.028220	7.721087	0.454939	0.136049	3.456322	15.808067	7.268517	2.384363	13.374552	14.755583	5.032096	76.990500
202.500000	128.682000	0.107080	2.888970	3.241336	0.763698	0.241155	0.068239	7.041406	1.235769	0.130091	2.532837	15.213740	9.247517	2.483244	13.458696	16.132996	5.946873	80.733700
208.125000	128.682000	0.021916	2.933044	3.446076	1.075661	0.082081	0.040534	6.435385	1.961379	0.094501	1.402656	15.165561	11.010331	2.372861	12.826595	16.508479	6.947852	82.324900
213.750000	128.682000	0.024969	2.648649	3.786589	1.366917	0.228745	0.167956	6.089319	3.174133	0.166604	0.555078	14.846966	11.755676	2.132179	12.536840	17.172813	8.793001	85.446500
219.375000	128.682000	0.027726	2.516416	3.964706	1.803473	0.068534	0.053793	5.521073	3.986364	0.174418	0.195251	13.723570	13.340849	1.805271	12.231251	18.078948	10.459954	87.951700
225.000000	128.682000	0.032009	2.218042	3.830709	2.254494	0.041578	0.056149	4.321562	4.943892	0.164595	0.113015	13.788827	13.605044	1.836655	11.785195	17.792247	11.182623	87.966600
230.625000	128.682000	0.023295	1.793645	3.761595	2.633901	0.077242	0.048513	3.788772	5.454096	0.224239	0.178046	13.361772	14.127214	1.866061	10.317440	18.229481	12.286216	88.171600
236.250000	128.682000	0.040840	1.448460	3.762714	2.618362	0.188524	0.113592	2.917334	6.116236	0.493194	0.106393	11.647103	14.642486	1.786169	8.611604	17.419252	12.726504	84.638700
241.875000	128.682000	0.034989	0.983379	3.569148	2.465940	0.081815	0.093340	1.795714	6.757702	1.287127	0.154103	10.951848	15.043077	2.304336	6.825300	16.276403	13.199025	81.823200
247.500000	128.682000	0.076212	0.703619	3.223342	2.761599	0.081211	0.059740	0.968730	7.153565	2.490064	0.112922	9.173133	15.428965	2.208474	5.976233	15.653915	13.395248	79.466900
253.125000	128.682000	0.129230	0.571131	2.980307	2.888438	0.068361	0.058967	0.349577	7.624728	3.578083	0.106603	7.502086	15.687392	2.577194	5.001390	15.094083	13.158196	77.375700
258.750000	128.682000	0.124772	0.213227	2.892566	2.535439	0.123278	0.060004	0.132031	7.793040	4.785827	0.196132	6.261136	15.647582	2.687724	4.241761	14.806364	13.924544	76.425400
264.375000	128.682000	0.151657	0.138154	3.047871	2.544645	0.079874	0.046440	0.060197	7.774017	5.287527	0.419959	5.596158	15.615010	2.596229	3.718493	14.200501	14.303420	75.580200
270.000000	128.682000	0.077813	0.102398	2.585315	2.666699	0.233581	0.151958	0.084071	7.624321	5.194108	0.446544	5.174158	15.758191	3.224665	2.945745	14.304325	14.645313	75.219300
275.625000	128.682000	0.175670	0.110470	2.529252	2.947418	0.311074	0.040624	0.069480	7.619130	5.966269	0.390828	5.287470	15.902616	3.331135	2.713160	13.986974	14.362344	75.743900
281.250000	128.682000	0.205430	0.142802	2.520069	3.002610	0.504047	0.065103	0.068387	7.741151	5.865069	0.208522	4.584751	15.665677	4.135495	2.699973	13.760100	14.748119	75.917400
286.875000	128.682000	0.510513	0.118020	2.891582	2.884672	0.506994	0.151244	0.046193	7.683437	7.229046	0.130234	3.698588	15.739078	4.983555	2.426153	13.244150	15.241110	77.484600
292.500000	128.682000	0.753551	0.063988	2.732183	3.406107	1.368727	0.056947	0.089987	7.447369	9.039271	0.121657	2.612175	15.135251	5.985100	2.477160	13.339831	16.240551	80.869700
298.125000	128.682000	0.984578	0.042920	2.504529	3.584360	2.139564	0.098962	0.049581	6.856469	11.073552	0.092751	1.333666	14.828757	6.749400	2.269490	13.131958	16.372196	82.112800
303.750000	128.682000	1.362993	0.036741	2.403567	3.931196	2.928090	0.527261	0.181930	6.228191	11.984925	0.155124	0.567219	14.452482	8.612317	2.172340	12.356449	17.457139	85.357900
309.375000	128.682000	1.847140	0.029491	2.555480	3.975812	4.080846	0.030335	0.047861	5.462975	12.676402	0.147594	0.226805	14.310658	10.001039	1.925754	12.429510	18.028620	87.776300
315.000000	128.682000	2.269445	0.037025	2.206325	3.744483	4.540134	0.039466	0.039649	4.878623	13.228091	0.115244	0.171462	13.440148	11.423509	1.761242	11.917519	18.257303	88.069700
320.625000	128.682000	2.663035	0.048684	1.707679	4.000671	5.339495	0.052534	0.052593	3.981366	14.316652	0.211862	0.126759	12.938335	12.502006	1.909705	10.081553	17.818485	87.751300
326.250000	128.682000	2.313044	0.036313	1.360007	3.704752	6.012752	0.146451	0.092078	3.155687	14.348659	0.540906	0.156032	12.155023	12.631163	2.178537	8.599469	18.052597	85.483500
331.875000	128.682000	2.228594	0.019712	1.082556	3.577393	6.488586	0.053317	0.087929	2.139157	14.834186	1.384017	0.144318	10.716900	12.498273	2.115768	6.984134	16.774031	81.128800
337.500000	128.682000	2.249110	0.091023	0.859419	3.329167	7.248182	0.091064	0.063972	1.663537	15.514919	2.353895	0.135657	9.628858	13.347861	2.372160	6.058975	15.821412	80.829200
343.125000	128.682000	2.585269	0.110610	0.487789	2.867956	7.069262	0.047769	0.080206	0.608165	15.295962	3.549594	0.090791	7.660761	13.363807	2.505909	4.761511	15.102453	76.187900
348.750000	128.682000	2.530960	0.128857	0.238709	2.710796	7.746387	0.111737	0.048839	0.449069	15.439596	4.927764	0.224721	6.239987	13.973741	2.744047	4.210863	14.726291	76.452300
354.375000	128.682000	2.552494	0.096309	0.099220	2.868974	7.752483	0.137380	0.036672	0.226769	15.450114	5.207940	0.398278	5.514841	14.048725	2.723576	3.608755	14.453613	75.176300
2.812500	131.810000	2.281784	0.057495	0.038643	2.192064	6.875832	0.166933	0.081584	0.110838	15.316885	5.779070	0.554252	5.263787	14.568520	4.257741	3.869467	14.327849	75.742800
8.437500	131.810000	2.331038	0.093764	0.146691	2.155522	6.367765	0.158952	0.045715	0.072260	15.826615	6.294624	0.455484	4.850010	14.985510	4.877424	3.764705	14.564788	76.990900
14.062500	131.810000	2.505898	0.218485	0.085747	2.197809	6.621849	0.188390	0.051902	0.026077	15.229461	6.443721	0.272602	4.499114	15.481103	5.355159	3.312372	14.043296	76.532900
19.687500	131.810000	2.768532	0.652047	0.047410	2.144473	6.182839	0.531632	0.042382	0.069890	15.123263	8.063908	0.213987	3.718278	15.886330	6.375116	3.175807	13.756142	78.752000
25.312500	131.810000	3.091301	0.724671	0.034113	1.848146	5.614729	1.454522	0.052466	0.053431	14.741107	10.166975	0.196418	2.913342	16.809544	7.487767	3.152079	13.447160	81.787900
30.937500	131.810000	3.098335	0.955972	0.044164	2.027225	5.003743	2.088150	0.064187	0.050026	14.746988	11.264857	0.150334	1.693056	18.079853	8.976061	3.054669	13.401921	84.699500
36.562500	131.810000	3.353268	1.376112	0.024934	2.211223	4.786675	2.955222	0.078428	0.058244	14.019659	12.346723	0.185154	0.787352	17.658000	10.695773	3.056750	12.785428	86.379000
42.187500	131.810000	3.420708	1.679529	0.050787	2.020212	4.059584	3.675675	0.068451	0.049250	13.634110	13.205019	0.206118	0.306627	18.067412	12.065111	2.756148	12.671086	87.935700
47.812500	131.810000	3.479145	2.206902	0.036643	1.903507	3.516207	4.557054	0.026792	0.088699	13.122458	13.971366	0.399133	0.270556	17.654946	12.508792	2.748378	11.891959	88.382500
53.437500	131.810000	3.172980	2.553410	0.049384	1.453493	2.628043	4.874484	0.066598	0.076198	12.405873	14.363701	0.696407	0.216814	17.835337	12.933246	2.784230	10.916324	87.026500
59.062500	131.810000	3.051807	2.557255	0.057318	1.096803	1.732154	5.439428	0.061873	0.155227	11.351580	14.800257	1.513435	0.174826	17.709799	13.293461	3.167110	9.383957	85.546200
64.687500	131.810000	2.907246	2.661599	0.046419	0.615488	1.164789	5.841613	0.028856	0.086743	9.663138	14.858276	2.680554	0.131479	16.761817	13.350349	3.353370	7.160554	81.312300
70.312500	131.810000	2.803061	2.465816	0.075409	0.546577	0.467086	6.433022	0.050868	0.120771	7.653636	15.457918	3.709400	0.133930	15.701642	13.648134	3.327674	6.332885	78.927800
75.937500	131.810000	2.550469	2.167725	0.153065	0.224004	0.168255	6.547487	0.041602	0.120504	6.394976	15.174496	4.422965	0.334975	15.241110	14.064672	3.696858	5.448770	76.751900
81.562500	131.810000	2.353985	2.273392	0.166385	0.114018	0.156332	6.794164	0.036866	0.058451	6.152212	15.421613	4.878420	0.422345	15.068750	14.125518	3.835866	4.726847	76.585300
87.187500	131.810000	2.222838	2.215995	0.086061	0.046143	0.123861	6.780140	0.035248	0.106888	5.492063	15.730143	5.238171	0.629400	14.533234	14.289509	3.880562	4.385394	75.795600
92.812500	131.810000	2.107286	2.275258	0.045274	0.068583	0.150894	6.828353	0.066744	0.096094	4.924020	15.788840	5.407534	0.636690	14.665897	14.395821	4.237757	3.842064	75.537100
98.437500	131.810000	2.113812	2.462604	0.073048	0.133795	0.078750	6.561331	0.083112	0.040621	4.838915	15.558122	6.172151	0.510616	14.564675	14.692927	4.815108	3.847356	76.547000
104.062000	131.810000	2.279929	2.624084	0.214884	0.066960	0.034946	6.675819	0.115578	0.049294	4.550822	15.297772	6.285384	0.260448	14.097583	15.504061	5.320019	3.548191	76.925800
109.688000	131.810000	2.493118	2.906104	0.587555	0.048065	0.058265	6.273091	0.346784	0.051307	3.824217	15.160585	7.938969	0.206347	13.784643	15.399559	6.262923	3.380457	78.722000
115.312000	131.810000	2.377001	3.029731	0.788595	0.023966	0.058476	5.957888	0.730003	0.034831	2.968986	14.907021	9.697147	0.167754	13.462428	16.779912	7.294903	3.215131	81.493900
120.938000	131.810000	2.438978	3.128985	1.033701	0.026169	0.054453	5.530618	1.599434	0.041157	1.649966	14.640902	11.239783	0.177950	13.464577	18.061418	8.707658	3.225468	85.021100
126.562000	131.810000	2.424569	3.389821	1.434266	0.050011	0.050536	4.961365	2.565138	0.072482	0.768223	14.106518	12.210554	0.193451	12.991943	17.266005	10.318616	2.990203	85.793800
132.188000	131.810000	2.106189	3.699753	1.633906	0.026590	0.082018	4.364958	3.390918	0.041857	0.354254	13.973289	13.418433	0.205626	12.689860	18.125431	11.449069	2.825409	88.387500
137.812000	131.810000	1.748406	3.294503	2.193579	0.043479	0.078026	3.766277	4.094836	0.035353	0.219479	13.400903	13.853858	0.385855	11.808719	18.087657	12.526095	2.863003	88.400000
143.437000	131.810000	1.428306	3.319961	2.455128	0.037625	0.102294	2.875251	4.692420	0.043707	0.198646	12.470791	14.057886	0.674300	10.429124	17.982250	13.332479	2.948301	87.048600
149.062000	131.810000	0.979139	2.970728	2.477375	0.045450	0.354057	1.744866	4.988203	0.072323	0.138870	11.083618	14.549746	1.669792	8.987947	17.582790	13.587062	3.132423	84.364300
154.688000	131.810000	0.825117	2.900325	2.472534	0.044181	0.048182	0.936242	5.687936	0.055083	0.193317	9.745303	14.973974	2.817877	7.093714	16.875367	13.506310	3.347964	81.523500
160.312000	131.810000	0.626673	2.819607	2.497438	0.051131	0.046893	0.375099	6.229786	0.026817	0.194215	7.865309	15.128804	3.908474	6.339026	15.580402	13.851483	3.456911	78.998100
165.938000	131.810000	0.227705	2.560275	2.311585	0.095203	0.098445	0.099990	6.443709	0.019683	0.266840	6.490328	15.434167	4.257628	5.308404	15.499990	13.730695	3.609682	76.454300
171.562000	131.810000	0.077773	2.338106	2.128119	0.150011	0.046109	0.076524	6.582457	0.037250	0.431110	6.292159	15.144073	4.804397	4.532489	14.812245	14.543186	3.819071	75.815100
177.188000	131.810000	0.059281	2.338084	2.174172	0.076224	0.101852	0.066778	6.499104	0.028101	0.583391	5.764435	15.383500	5.323277	4.352958	14.523621	14.495912	3.837585	75.608300
182.812000	131.810000	0.073153	2.263225	2.341646	0.082580	0.126879	0.028242	6.610652	0.067015	0.662342	5.193113	15.693612	5.411504	3.815587	14.726065	14.137732	4.354858	75.588200
188.438000	131.810000	0.178395	2.127791	2.345401	0.055309	0.103079	0.056101	6.421757	0.085444	0.395503	4.955167	15.648600	6.148989	3.909051	14.197787	14.583675	4.708072	75.920100
194.062000	131.810000	0.112818	2.197843	2.532849	0.257533	0.136784	0.034591	6.531801	0.101446	0.328396	4.479243	15.842109	6.453967	3.457284	13.480750	14.993653	5.366242	76.307300
199.687000	131.810000	0.064854	2.608782	2.648479	0.617984	0.115113	0.026434	6.094940	0.415839	0.218679	3.783852	15.194401	8.192036	3.401629	13.987878	16.236253	6.496729	80.103800
205.312000	131.810000	0.057847	2.419469	2.944908	0.764167	0.112771	0.040733	5.761755	1.009476	0.107148	2.656295	15.022154	9.827921	3.352001	13.382921	16.898099	7.109118	81.466800
210.938000	131.810000	0.030220	2.516133	3.132853	0.943760	0.165951	0.064912	5.231249	1.892808	0.168939	1.561037	15.176984	11.269539	2.971361	12.921144	18.064585	9.030720	85.142200
216.562000	131.810000	0.036724	2.483708	3.349898	1.333010	0.067933	0.044581	4.732354	2.683427	0.145989	0.632476	14.287699	12.011842	2.822344	12.746070	18.012221	10.142886	85.533200
222.188000	131.810000	0.036938	2.280020	3.600454	1.838680	0.077988	0.039530	4.063090	3.897357	0.293666	0.375865	13.873763	13.175840	2.735463	12.554257	18.059835	12.244370	89.147300
227.812000	131.810000	0.044106	1.661140	3.684564	2.133378	0.041576	0.043231	3.509207	4.393571	0.349401	0.208805	13.393778	13.611943	2.839874	11.472820	18.244523	12.446475	88.078500
233.438000	131.810000	0.040375	1.486936	3.432493	2.438808	0.081734	0.072308	2.545957	4.976724	0.764374	0.203421	12.553013	14.451578	2.867945	10.500545	17.665238	12.728992	86.810400
239.062000	131.810000	0.042313	0.945828	3.072685	2.375870	0.073283	0.050273	1.487298	5.487053	1.611637	0.156894	11.064482	14.580735	3.169598	9.161133	18.231743	13.157405	84.668200
244.687000	131.810000	0.044177	0.757377	3.049206	2.452618	0.059865	0.042188	0.700022	5.852142	2.777105	0.199716	9.523191	14.832829	3.353257	7.357027	16.385316	13.239740	80.625700
250.312000	131.810000	0.051853	0.578203	2.636864	2.589409	0.048426	0.053111	0.342730	6.215762	3.839983	0.169827	8.183101	15.304897	3.301402	6.228576	15.848443	13.702647	79.095300
255.937000	131.810000	0.076515	0.197124	2.628801	2.272318	0.047010	0.020659	0.099238	6.585748	4.178042	0.300836	6.504544	15.361672	3.450238	5.493997	15.180603	13.871614	76.269000
261.562000	131.810000	0.120004	0.087919	2.293546	2.225348	0.079899	0.061828	0.076466	6.954242	4.862292	0.399884	6.101658	15.467531	3.808213	4.685905	14.945361	14.545788	76.715900
267.188000	131.810000	0.073043	0.051056	2.309617	2.179499	0.095137	0.090385	0.087337	6.657158	5.182832	0.651317	5.520055	15.635820	3.953464	4.207696	14.282271	14.686028	75.662800
272.812000	131.810000	0.038814	0.056340	2.223561	2.135176	0.145005	0.100470	0.062224	6.887379	5.539191	0.560527	5.394652	15.525550	4.304609	3.798996	14.185120	14.384624	75.342200
278.438000	131.810000	0.065909	0.117897	2.264129	2.376582	0.254398	0.053094	0.056606	6.569394	6.134207	0.462212	4.787455	15.696440	4.594070	3.721999	14.396612	15.254116	76.805100
284.062000	131.810000	0.209998	0.080795	2.236534	2.402086	0.330758	0.081931	0.064911	6.423261	6.302304	0.210561	4.413624	14.915390	5.162543	3.537673	14.426244	15.245182	76.043800
289.688000	131.810000	0.660939	0.066791	2.463746	2.741660	0.510474	0.065139	0.063210	6.050606	7.989173	0.197521	3.762861	14.917312	6.111248	3.163593	13.704343	15.883164	78.351800
295.312000	131.810000	0.705929	0.034075	2.353239	2.863240	1.126698	0.076273	0.045565	6.061802	9.711103	0.154417	2.895552	15.204693	6.998260	3.389606	13.267675	16.909522	81.797800
300.938000	131.810000	0.949511	0.048785	2.444327	3.224032	1.641924	0.388752	0.073559	5.598940	11.301862	0.175929	1.705055	14.594872	8.986239	3.230772	13.146887	17.938029	85.449400
306.562000	131.810000	1.359713	0.044850	2.345198	3.321001	2.628258	0.093333	0.052969	5.119351	12.291079	0.151477	0.697507	14.126310	10.181746	2.835011	12.685223	18.110729	86.043800
312.187000	131.810000	1.696313	0.026396	2.169162	3.615609	3.407826	0.070233	0.040686	4.356962	12.871834	0.261397	0.376063	13.879079	11.664068	2.587373	12.378616	18.183224	87.585000
317.812000	131.810000	2.309843	0.030245	1.736496	3.345453	4.215070	0.054295	0.035430	3.788987	13.621895	0.321664	0.192764	12.931549	12.597121	2.707754	11.755563	17.857956	87.502000
323.438000	131.810000	2.144348	0.035728	1.390000	3.337819	4.747656	0.025732	0.052112	2.911272	14.039338	0.736197	0.220109	12.172214	12.636931	2.942974	10.226917	18.214100	85.833500
329.062000	131.810000	2.013890	0.040261	1.050050	3.171238	5.457444	0.088078	0.024073	2.062013	14.112512	1.499297	0.148828	11.276981	12.884840	3.147521	9.124806	17.889058	83.990900
334.688000	131.810000	2.135594	0.025405	0.757717	2.806782	5.660737	0.049069	0.045402	1.456592	15.301956	2.915683	0.129632	10.087762	13.431100	3.208990	7.026681	16.895159	81.934300
340.312000	131.810000	2.149686	0.062187	0.637849	2.718475	5.751825	0.036279	0.048719	0.586962	14.836787	3.796938	0.138506	8.036097	13.913347	3.403110	6.288393	15.947855	78.353100
345.938000	131.810000	2.014218	0.110004	0.223618	2.577454	6.640420	0.043297	0.030599	0.339001	15.395149	4.377613	0.241610	6.513626	14.275598	3.485151	5.517035	15.107429	76.891900
351.562000	131.810000	2.208791	0.140548	0.084422	2.362388	6.517630	0.083591	0.030793	0.233456	15.594313	4.964204	0.420153	6.026324	14.607426	3.772769	4.576043	14.984831	76.607600
357.187000	131.810000	2.282824	0.076950	0.082325	2.194835	6.396661	0.119490	0.094830	0.133647	15.632427	5.406675	0.549330	5.585866	14.557550	3.778933	3.969038	14.874448	75.735800
3.000000	134.994000	2.034655	0.048509	0.074433	1.979373	5.766811	0.104673	0.069996	0.039370	15.527133	5.887519	0.649819	5.197512	14.806929	4.954059	4.737093	14.425904	76.303800
9.000000	134.994000	1.775085	0.021308	0.103934	1.836554	5.454176	0.135318	0.014928	0.059919	15.933831	6.268239	0.539195	4.599284	14.783631	5.954134	4.663546	14.623372	76.766500
15.000000	134.994000	1.717338	0.096355	0.159833	1.871546	5.219917	0.170973	0.043073	0.054790	15.346969	6.659341	0.422546	3.727021	15.482234	6.311182	4.532579	14.416970	76.232600
21.000000	134.994000	1.979950	0.498564	0.036967	1.958857	4.724415	0.338039	0.039409	0.048275	15.033011	8.364792	0.374617	3.805024	16.726870	7.396215	4.484762	13.829542	79.639300
27.000000	134.994000	2.271978	0.748197	0.039756	1.933422	4.526268	0.871451	0.049594	0.049599	14.695981	9.617707	0.202738	3.398428	17.870397	9.129500	4.261100	13.796292	83.462400
33.000000	134.994000	2.663250	0.903099	0.030668	1.757770	4.037722	1.763889	0.120874	0.261803	13.959491	11.279661	0.198793	1.967215	17.491521	10.788536	4.248660	13.246525	84.719500
39.000000	134.994000	2.719131	1.219382	0.019482	1.823683	3.641022	2.389260	0.033028	0.061350	13.546007	12.568620	0.382502	1.102966	17.975917	11.949751	4.038299	13.170976	86.641400
45.000000	134.994000	2.590619	1.666591	0.035269	1.568875	2.895982	3.337344	0.054225	0.041793	13.197894	13.336099	0.529337	0.494903	17.671006	12.722319	3.388159	12.256811	85.787100
51.000000	134.994000	2.425576	2.185674	0.041675	1.218658	2.047672	4.242598	0.057939	0.073520	12.812232	13.644289	0.978180	0.327220	17.902743	13.053808	3.807919	11.949864	86.769500
57.000000	134.994000	2.555287	2.164706	0.044677	0.916577	1.455337	4.674109	0.251876	0.199771	10.785652	14.364493	2.122905	0.214408	17.629047	13.655259	4.115386	10.907910	86.057300
63.000000	134.994000	2.357299	2.351486	0.058164	0.679776	0.666078	4.952329	0.040708	0.084666	9.831913	14.605164	3.234177	0.249564	17.778675	13.591359	4.162615	9.119581	83.763500
69.000000	134.994000	2.011459	2.022226	0.045554	0.489664	0.180233	5.356674	0.049028	0.057626	8.081936	15.025999	3.768426	0.319976	16.669869	13.741666	4.433314	7.220722	79.474400
75.000000	134.994000	1.753812	1.832663	0.159131	0.111381	0.129596	5.443827	0.029324	0.044125	6.446718	15.094083	4.023460	0.417227	15.755024	14.703219	4.529107	6.405652	76.878500
81.000000	134.994000	1.831012	1.994811	0.133087	0.055401	0.103648	5.733684	0.049003	0.061305	6.396469	15.116477	4.768297	0.583263	14.868115	14.691796	4.829731	5.840946	77.057000
87.000000	134.994000	1.869657	1.914376	0.039798	0.067350	0.091664	6.075057	0.048902	0.073285	5.758950	15.363481	5.371320	0.625437	14.093964	14.658206	4.625579	5.040477	75.717600
93.000000	134.994000	1.951212	1.918866	0.079550	0.069491	0.098556	6.123101	0.078032	0.091437	5.204479	15.669297	5.689780	0.653911	14.448411	14.312468	5.267983	4.736562	76.393100
99.000000	134.994000	1.789935	1.773389	0.074193	0.134302	0.062273	5.949915	0.085575	0.037796	4.413205	15.199830	6.429674	0.572172	14.263610	15.572259	5.624048	4.811217	76.793300
105.000000	134.994000	1.948746	1.836260	0.100819	0.138301	0.060322	5.176657	0.079400	0.052782	4.029896	15.509716	7.191577	0.416007	14.660129	15.790989	6.574642	4.418113	77.984400
111.000000	134.994000	2.054243	2.046824	0.482849	0.063311	0.041074	5.154038	0.210148	0.059590	3.880856	14.475328	8.290860	0.337519	13.815405	16.870051	7.428222	4.424492	79.634900
117.000000	134.994000	2.099087	2.146859	0.683378	0.047941	0.043050	4.976961	0.390055	0.055558	3.210087	14.829210	9.997103	0.251636	13.219382	17.770419	9.095638	4.203534	83.019800
123.000000	134.994000	2.255907	2.640314	0.927044	0.042138	0.279891	4.488234	0.875542	0.109143	2.121559	14.335087	11.351806	0.226818	13.499637	17.679262	10.782327	4.171358	85.786000
129.000000	134.994000	2.060554	2.457752	1.321452	0.025964	0.069632	4.148953	1.740432	0.044761	1.037794	13.693825	12.604698	0.286421	13.252180	17.861462	12.004377	3.883638	86.493900
135.000000	134.994000	1.715596	2.681934	1.596448	0.032970	0.089893	3.099851	2.880476	0.062637	0.402479	13.910067	13.229674	0.444673	12.983461	17.540153	12.622907	3.331644	86.625000
141.000000	134.994000	1.162279	2.689828	1.975957	0.048284	0.047734	2.227746	3.593261	0.051602	0.332303	12.647223	13.777404	0.961100	12.073480	17.578832	13.398981	3.723707	86.289700
147.000000	134.994000	0.969239	2.637735	2.229341	0.043534	0.387069	1.389944	4.042517	0.282147	0.267612	10.931106	14.687612	1.907307	10.498599	17.667500	13.331009	4.095345	85.367600
153.000000	134.994000	0.831712	2.358351	2.219965	0.046983	0.083299	0.594056	4.595959	0.053182	0.222111	9.798052	14.689082	3.057281	8.974285	17.465961	13.952366	4.237780	83.180300
159.000000	134.994000	0.539470	2.045546	2.173663	0.061673	0.044301	0.263513	4.906717	0.046385	0.327797	8.046016	14.741672	3.829872	7.503070	17.132889	13.842096	4.362424	79.867000
165.000000	134.994000	0.111440	1.859648	1.817802	0.213460	0.054568	0.061956	5.224599	0.033938	0.400620	6.778681	15.493204	3.877553	6.179152	15.436090	14.539228	4.506069	76.588000
171.000000	134.994000	0.070191	1.916129	1.834846	0.188425	0.048961	0.100033	5.375539	0.022415	0.581617	6.356738	15.549526	4.271698	5.885359	15.300373	14.486185	4.867788	76.855900
177.000000	134.994000	0.078262	1.808856	1.967667	0.072810	0.077235	0.045407	5.871007	0.036318	0.715135	5.780959	15.705035	5.201788	5.145386	14.656736	14.496251	4.860087	76.518900
183.000000	134.994000	0.084178	1.944901	1.915281	0.068025	0.107629	0.027049	5.649890	0.061529	0.682599	5.211073	15.056874	5.782452	4.727876	14.523055	14.342439	5.061841	75.246700
189.000000	134.994000	0.144717	1.907929	1.764986	0.053118	0.061627	0.020165	5.458089	0.056513	0.625618	4.464551	15.496597	6.260198	4.758910	15.106185	14.871282	5.809833	76.860400
195.000000	134.994000	0.154291	1.867610	1.802896	0.108672	0.071481	0.046204	4.931768	0.095111	0.449112	4.089159	15.126542	6.755858	4.495042	14.469334	15.154364	6.504024	76.121500
201.000000	134.994000	0.023535	2.202039	2.008699	0.531275	0.084520	0.032025	4.832231	0.262732	0.269181	3.850682	14.987320	8.181710	4.308217	14.016492	16.479865	7.624389	79.694900
207.000000	134.994000	0.052859	2.235538	2.451249	0.695993	0.065311	0.018679	4.746786	0.688354	0.256439	3.366817	14.485281	9.601568	4.263917	13.739404	17.497967	8.850726	83.016900
213.000000	134.994000	0.043700	2.111731	2.566371	0.885855	0.213356	0.259736	4.103646	1.274121	0.204672	1.978219	14.560490	11.085269	4.115488	13.372742	17.578945	10.824512	85.178800
219.000000	134.994000	0.050518	2.166515	2.546850	1.291345	0.065017	0.032362	3.536101	2.198567	0.292591	1.059468	13.773785	12.570430	3.837947	13.171881	17.487789	11.885286	85.966500
225.000000	134.994000	0.048462	1.603901	2.773147	1.573942	0.100594	0.049071	2.889456	3.287378	0.486673	0.474921	13.308390	13.604365	3.352816	12.620532	17.743275	12.737135	86.654000
231.000000	134.994000	0.039452	1.210775	2.336353	2.054413	0.067435	0.046066	1.782267	3.933333	0.984080	0.318853	12.825125	13.930312	3.736691	11.820707	17.973768	13.066588	86.126300
237.000000	134.994000	0.046177	0.910274	2.579807	2.227814	0.250013	0.125722	0.894358	4.677005	2.078559	0.223397	11.204836	14.468429	4.219141	10.703215	18.036424	13.020783	85.665900
243.000000	134.994000	0.036231	0.690575	2.394927	2.255534	0.053535	0.059489	0.481066	4.829969	3.256118	0.232279	9.913468	14.631402	4.236932	8.893737	17.351280	14.055737	83.372300
249.000000	134.994000	0.039727	0.518423	1.969613	2.339475	0.041622	0.050698	0.133850	5.288194	3.880879	0.246350	8.623208	14.922062	4.413601	7.169138	16.824812	13.912556	80.374300
255.000000	134.994000	0.139871	0.086385	1.605733	1.757657	0.044091	0.044839	0.102896	5.287922	3.829216	0.475626	6.787005	15.321070	4.771938	6.558017	15.373321	14.046010	76.231600
261.000000	134.994000	0.130129	0.068003	1.806176	1.838318	0.050670	0.051697	0.079569	5.757412	4.729912	0.604176	6.214676	15.533354	4.593380	5.750479	14.684445	14.507335	76.399700
267.000000	134.994000	0.041238	0.051486	1.768955	1.950940	0.039749	0.108904	0.045861	5.796035	5.633390	0.627349	5.831095	15.465382	4.838021	5.416311	14.064219	14.453500	76.132500
273.000000	134.994000	0.076035	0.064630	1.857171	2.010475	0.113877	0.087607	0.057106	5.792653	5.724535	0.634594	5.307862	15.348439	5.387957	4.841731	14.527466	14.432803	76.265000
279.000000	134.994000	0.049731	0.197418	1.880017	1.893634	0.163142	0.056002	0.048009	5.658248	6.236990	0.575082	4.583405	15.521591	5.929897	4.979732	14.203216	14.826269	76.802300
285.000000	134.994000	0.081243	0.167328	1.852025	1.734167	0.194520	0.055678	0.026233	5.354243	6.720764	0.445878	3.977170	15.050993	6.564950	4.578802	14.291319	15.444685	76.540000
291.000000	134.994000	0.528247	0.039533	2.176841	1.910678	0.289931	0.062265	0.055774	5.122823	8.034604	0.298993	3.996249	14.598830	7.531095	4.301951	14.023504	16.648493	79.619900
297.000000	134.994000	0.740199	0.065816	2.232926	2.340199	0.622294	0.085997	0.071557	4.735770	9.693098	0.238531	3.501301	14.699600	9.274864	4.179998	13.837572	17.798580	84.118400
303.000000	134.994000	0.881296	0.023191	2.113167	2.387440	1.333678	0.309710	0.296188	4.682309	11.179785	0.251351	2.241510	14.398648	10.883639	4.227126	13.179685	17.636059	86.024800
309.000000	134.994000	1.113904	0.043103	1.984790	2.486196	2.159560	0.070442	0.082295	4.060477	12.490130	0.313490	1.071778	14.024861	12.119850	3.790107	13.016485	17.574082	86.401600
315.000000	134.994000	1.669622	0.050772	1.622438	2.406621	2.814235	0.068348	0.072379	3.305677	13.018069	0.426935	0.468697	13.585139	12.539780	3.292976	12.884275	18.125544	86.351500
321.000000	134.994000	1.780695	0.036130	1.221485	2.624107	3.604627	0.033029	0.039550	2.353963	13.736689	1.097041	0.342624	12.877715	13.063195	3.650171	11.791641	17.381477	85.634200
327.000000	134.994000	1.811978	0.044682	0.886046	2.562639	4.005817	0.301522	0.164791	1.702522	14.774131	1.890241	0.246631	11.373860	13.067945	3.864174	10.700738	17.729025	85.126700
333.000000	134.994000	1.899538	0.037140	0.626842	2.261845	4.248648	0.041245	0.065438	0.921795	14.417648	3.345860	0.191622	9.765197	13.619634	4.054992	8.807806	17.401382	81.706700
339.000000	134.994000	1.938681	0.032525	0.465699	2.037946	4.942195	0.039289	0.029144	0.408750	15.469680	3.785436	0.287340	8.312688	14.317783	4.421258	7.282564	16.821193	80.592200
345.000000	134.994000	1.826646	0.142757	0.084461	1.796246	5.060144	0.048676	0.037218	0.224598	15.420143	3.903521	0.416315	6.575705	14.525091	4.687907	6.361261	15.523627	76.634300
351.000000	134.994000	1.877529	0.127567	0.055232	1.790998	5.399855	0.039391	0.049713	0.160239	15.400464	4.697328	0.600789	6.613943	14.971373	4.585792	5.795877	15.118852	77.284800
357.000000	134.994000	2.032891	0.061833	0.070247	2.095682	5.596893	0.084970	0.082610	0.129504	15.119870	5.040986	0.660620	5.798127	14.593854	4.920989	5.135377	14.805572	76.230100
3.214290	138.141000	1.714013	0.035326	0.048222	1.423873	4.179365	0.128471	0.080711	0.044986	15.184222	6.224617	0.791512	5.053144	14.367433	6.202744	5.676604	14.410749	75.566000
9.642860	138.141000	1.544005	0.050805	0.142747	1.512021	4.099100	0.096609	0.033928	0.014581	15.223467	6.493812	0.749583	4.270420	15.115233	6.826329	5.746770	14.414934	76.334400
16.071400	138.141000	1.482638	0.064239	0.139946	1.588961	4.096600	0.142957	0.064603	0.032585	14.369808	7.054763	0.622660	3.639269	15.924444	7.604608	5.578639	14.158655	76.565400
22.500000	138.141000	1.478906	0.292663	0.042730	1.709839	3.910024	0.228621	0.043795	0.047289	14.811227	8.045711	0.582198	3.556176	17.126443	9.040187	5.770792	14.237032	80.923700
28.928600	138.141000	1.467811	0.708885	0.021817	1.760756	3.660520	0.331211	0.059676	0.050843	14.648480	9.751422	0.565881	3.547886	17.616720	10.883119	5.310904	13.724588	84.110500
35.357100	138.141000	1.639787	1.009928	0.045731	1.573523	3.140928	0.825082	0.135891	0.173459	14.465036	11.521565	0.426722	2.108044	17.543432	11.999062	5.085919	13.600181	85.294400
41.785700	138.141000	1.663673	1.116936	0.034429	1.250020	2.131116	1.767372	0.052652	0.217103	13.200834	13.114654	0.676639	1.088892	17.693173	12.664640	4.617131	12.960389	84.249700
48.214300	138.141000	1.837933	1.287240	0.024629	0.978738	1.287704	2.607041	0.229079	0.077297	12.786219	13.785660	1.282252	0.604509	17.350149	13.112392	4.615118	12.824107	84.690100
54.642900	138.141000	1.708222	1.723592	0.030097	0.881765	0.604271	3.586882	0.146955	0.159525	11.485487	13.849447	2.446669	0.421705	17.408281	13.590907	5.118537	12.337110	85.499400
61.071400	138.141000	1.487829	1.952897	0.076021	0.673293	0.189584	3.950185	0.067212	0.109967	9.857903	14.633438	3.326000	0.606661	17.186045	14.104934	5.294799	10.803827	84.320700
67.500000	138.141000	1.394060	1.688634	0.037389	0.344381	0.158159	4.700653	0.041941	0.066376	8.031483	14.152322	3.676998	0.657028	17.137526	14.604372	5.176363	9.319356	81.187000
73.928600	138.141000	1.493948	1.592919	0.205359	0.063549	0.078466	4.526834	0.033460	0.072010	6.895726	14.910527	3.400283	0.605076	16.166359	14.364153	5.526795	7.773564	77.709000
80.357100	138.141000	1.534878	1.543224	0.154666	0.104536	0.071479	4.617267	0.041403	0.059023	6.389016	15.416976	4.367864	0.702902	15.170877	14.610253	5.690142	6.608424	77.082900
86.785700	138.141000	1.589051	1.486472	0.068422	0.025521	0.111606	4.465094	0.040864	0.110682	6.136718	15.659796	5.117349	0.778930	14.940384	14.429297	5.762875	6.484436	77.207500
93.214300	138.141000	1.449682	1.501672	0.017949	0.055855	0.067357	4.611261	0.070156	0.085270	5.158697	15.631409	6.183529	0.778647	14.256485	14.930545	6.311510	5.739769	76.849800
99.642900	138.141000	1.506129	1.524846	0.092379	0.108942	0.040408	4.583055	0.071282	0.068190	4.145741	15.224937	6.454284	0.726564	14.630045	15.147239	6.760800	5.579442	76.664300
106.071000	138.141000	1.592139	1.428318	0.044774	0.169990	0.051473	4.656907	0.082514	0.049192	3.391755	14.989808	6.832187	0.626626	14.160352	16.139216	8.062177	5.478254	77.755700
112.500000	138.141000	1.735467	1.429607	0.331897	0.035641	0.038186	4.606556	0.092450	0.059051	3.523966	14.722559	8.446086	0.579926	13.962658	16.802871	9.053883	5.304774	80.725600
118.929000	138.141000	1.921580	1.536122	0.734459	0.037588	0.088251	3.979375	0.142906	0.051614	3.537549	14.781935	10.176385	0.551938	13.963449	17.050102	10.702243	5.218187	84.473600
125.357000	138.141000	1.708064	1.701821	0.810558	0.041026	0.151573	3.226735	0.397271	0.172669	2.275270	13.975212	11.488880	0.367195	13.364147	17.446847	12.186690	4.941076	84.255100
131.786000	138.141000	1.336166	1.700079	0.988328	0.048082	0.305900	2.208565	1.016985	0.051533	1.231392	13.613979	12.586489	0.628514	13.239400	17.434746	12.788368	4.679945	83.858400
138.214000	138.141000	0.940636	1.654241	1.404103	0.059903	0.090705	1.458334	1.915824	0.183523	0.593777	12.937544	14.023730	1.181313	12.456993	17.140467	13.226620	4.716091	83.983800
144.643000	138.141000	0.842100	1.647783	1.851969	0.060935	0.175101	0.864059	2.562921	0.110704	0.337962	11.302925	14.496251	2.242946	11.485939	17.478515	13.300699	5.061705	83.822500
151.071000	138.141000	0.707686	1.671285	1.980108	0.065790	0.145937	0.339949	3.614896	0.063801	0.564321	9.582579	14.538436	3.424644	10.512431	17.562320	13.876591	5.389676	84.040400
157.500000	138.141000	0.312820	1.482005	1.875663	0.053236	0.064610	0.152008	3.836262	0.020030	0.543342	8.062166	14.819370	3.572982	9.027531	17.305136	14.529615	5.435232	81.092000
163.929000	138.141000	0.082858	1.449501	1.609963	0.127006	0.051643	0.051242	3.830437	0.042633	0.622096	7.002467	15.163638	3.673164	7.839828	15.916640	14.359629	5.739837	77.562700
170.357000	138.141000	0.072884	1.452283	1.538621	0.136263	0.081292	0.057877	4.150152	0.024248	0.688328	6.464169	15.372642	4.432771	6.747681	14.968432	14.734886	5.655342	76.577900
176.786000	138.141000	0.026610	1.579122	1.500394	0.065327	0.105782	0.076664	3.905828	0.028969	0.683637	6.081707	15.226747	5.174079	6.283801	14.319706	14.116244	5.594620	74.769200
183.214000	138.141000	0.056311	1.494072	1.509521	0.031021	0.095239	0.026567	4.175633	0.062120	0.735246	5.402456	15.328760	5.979614	5.857300	14.645200	14.315974	6.185633	75.900700
189.643000	138.141000	0.110977	1.480806	1.517642	0.091773	0.077205	0.016193	4.137293	0.034815	0.681250	4.280191	15.350814	6.474212	5.769400	14.556645	15.363594	6.622528	76.565300
196.071000	138.141000	0.167434	1.549173	1.413615	0.060096	0.069272	0.032030	4.028471	0.066248	0.698006	3.454683	14.799013	6.997604	5.721753	14.240199	16.169978	7.490900	76.958400
202.500000	138.141000	0.055652	1.776895	1.455144	0.379468	0.048670	0.030708	3.961698	0.130171	0.626278	3.701529	14.765762	7.994749	5.415372	13.616241	16.863152	8.941498	79.762900
208.929000	138.141000	0.035111	2.014309	1.503245	0.662588	0.124079	0.048942	3.465020	0.364581	0.692500	3.360065	14.638075	9.689920	5.266095	13.980866	17.230266	10.684837	83.760500
215.357000	138.141000	0.043083	1.838228	1.639380	0.826761	0.172240	0.125161	2.782353	0.860649	0.379909	2.292754	14.009819	11.249554	4.839639	13.818346	17.160146	12.327044	84.365000
221.786000	138.141000	0.046550	1.362812	1.566161	1.014285	0.091089	0.213850	1.908755	1.409385	0.638718	1.199069	13.433588	12.780677	4.591345	13.431326	17.598285	12.628901	83.914700
228.214000	138.141000	0.041314	1.022366	1.599253	1.429245	0.207906	0.048564	0.820186	2.225733	1.191469	0.610809	13.080951	13.495113	4.741097	12.745278	16.974892	13.338926	83.573100
234.643000	138.141000	0.052447	0.872781	1.732007	1.667100	0.159593	0.111810	0.494320	3.098562	2.506022	0.430911	11.814713	14.066029	5.126329	11.961061	17.210813	13.632414	84.937100
241.071000	138.141000	0.033138	0.750889	1.516432	1.936882	0.073919	0.062749	0.155684	4.129851	3.368910	0.558368	9.337316	14.247889	5.194753	10.964334	17.260350	13.837007	83.428400
247.500000	138.141000	0.041396	0.332144	1.491980	1.830673	0.066123	0.048337	0.127802	4.419233	3.691022	0.603512	8.235284	14.738279	5.476931	9.082236	17.427508	14.176412	81.788900
253.929000	138.141000	0.164145	0.043924	1.435952	1.668344	0.042577	0.052260	0.062037	4.886427	3.459874	0.608797	6.774395	15.188407	5.587777	7.727228	16.305808	14.441851	78.449800
260.357000	138.141000	0.104711	0.083256	1.501401	1.563130	0.049259	0.066889	0.085750	4.701547	4.478428	0.734494	6.368240	15.022493	5.634193	6.947207	14.863478	14.842103	77.046500
266.786000	138.141000	0.041388	0.042392	1.463513	1.422222	0.030085	0.094847	0.079656	4.716589	5.117451	0.716736	6.168216	15.299016	5.664333	6.089783	14.633890	14.381457	75.961400
273.214000	138.141000	0.030930	0.060857	1.519372	1.481790	0.090296	0.060627	0.044706	4.741651	5.835970	0.648327	5.069622	15.663302	6.341266	5.627056	14.365850	14.516269	76.097900
279.643000	138.141000	0.066410	0.158408	1.535986	1.591766	0.129676	0.065575	0.045705	4.755901	6.445587	0.633440	3.996554	15.281599	6.773501	5.668224	14.554496	14.841990	76.544800
286.071000	138.141000	0.059636	0.162697	1.580626	1.415108	0.125241	0.047310	0.043536	4.556760	6.877596	0.607931	3.684519	15.219282	7.682001	5.595592	14.461982	16.452609	78.572300
292.500000	138.141000	0.348417	0.056839	1.765958	1.470435	0.125953	0.093529	0.042117	4.514359	8.200303	0.595513	3.577325	14.473292	9.238130	5.332924	13.978944	17.444133	81.258200
298.929000	138.141000	0.613595	0.049878	1.908450	1.653743	0.230928	0.140718	0.093659	4.316258	9.617797	0.642195	3.569375	14.245514	10.693104	5.202568	13.832370	17.791116	84.601200
305.357000	138.141000	0.908099	0.045753	1.924362	1.742072	0.611332	0.130546	0.126105	3.545081	11.501660	0.380159	2.462853	14.270848	12.286668	5.248033	13.450214	17.702560	86.336200
311.786000	138.141000	1.043424	0.040912	1.302881	1.740613	1.356003	0.077614	0.220766	2.663137	12.589995	0.597609	1.071294	13.726171	13.104023	4.734017	13.556751	17.612874	85.438000
318.214000	138.141000	1.333553	0.032939	1.080307	1.746053	2.089315	0.265260	0.065566	1.831193	13.518864	1.203876	0.584900	12.955074	13.364825	4.600653	12.779886	17.666822	85.119000
324.643000	138.141000	1.731916	0.025717	0.868513	1.648348	3.173545	0.108370	0.137592	0.961071	13.927937	2.272612	0.419113	11.405640	13.443089	5.069351	12.237471	16.881021	84.311400
331.071000	138.141000	1.764873	0.015638	0.609330	1.620572	3.676806	0.075825	0.065637	0.530878	14.691005	3.501516	0.556891	9.498774	13.076314	5.023965	10.540502	17.537551	82.786100
337.500000	138.141000	1.751177	0.031370	0.336415	1.398596	3.681262	0.036170	0.054487	0.221411	14.685237	3.444006	0.604055	8.376916	14.300140	5.367860	9.437679	17.488128	81.214900
343.929000	138.141000	1.625344	0.164735	0.047476	1.484572	4.151272	0.042716	0.057964	0.150718	14.772095	3.731058	0.688666	7.042933	14.537532	5.436397	7.870070	16.514360	78.317800
350.357000	138.141000	1.616421	0.109041	0.074581	1.646618	4.192563	0.055045	0.056749	0.108214	14.853525	4.326290	0.643120	6.604432	14.627783	5.779500	6.804377	15.260902	76.759200
356.786000	138.141000	1.465934	0.074484	0.039795	1.431077	4.126877	0.053779	0.079549	0.085708	15.246199	5.142819	0.770088	6.187589	14.200275	5.789520	6.170613	14.868228	75.732500
3.461540	141.256000	1.066914	0.029410	0.072369	1.146241	2.326186	0.072123	0.061613	0.047498	14.960063	6.117582	0.731380	5.195002	14.664653	7.395163	6.776600	14.170870	74.833600
10.384600	141.256000	1.105056	0.024393	0.091029	1.143437	2.356281	0.120336	0.047055	0.026036	15.397750	6.182341	0.695612	4.066935	15.323106	8.353935	6.675910	14.226061	75.835400
17.307700	141.256000	1.017782	0.125002	0.074064	1.211340	2.130324	0.140112	0.053640	0.016851	14.767345	6.786417	0.687177	3.168976	16.984166	9.241692	6.683928	14.691457	77.780200
24.230800	141.256000	1.067298	0.138532	0.026681	1.346005	1.822043	0.176926	0.050047	0.069133	14.578925	8.406740	0.651883	3.418763	16.350029	10.675031	6.689775	14.140107	79.607900
31.153800	141.256000	1.571917	0.493629	0.044119	1.321961	1.531621	0.324611	0.140373	0.069148	14.038320	9.761657	0.423458	3.545997	17.041733	12.255340	6.324256	13.451797	82.340000
38.076900	141.256000	1.772970	0.833588	0.024893	1.112001	0.970707	0.485961	0.298888	0.058419	13.768809	11.586483	0.640730	2.476832	17.138092	12.930305	5.761110	13.830560	83.690300
45.000000	141.256000	1.776872	1.091338	0.034774	1.104299	0.440784	0.864759	0.357599	0.367787	12.877715	13.351593	1.291809	1.196423	17.012554	13.323658	5.495829	13.553358	84.141100
51.923100	141.256000	1.637853	1.217391	0.022750	0.887150	0.206354	1.388575	0.029862	0.285744	11.540565	13.733749	2.363621	0.635765	17.207081	13.713504	5.863452	12.977806	83.711200
58.846200	141.256000	1.476124	1.366453	0.045625	0.507835	0.129315	2.029192	0.116669	0.256271	9.840746	14.254675	3.671162	0.475510	17.551689	13.901246	6.295869	12.127540	84.045800
65.769200	141.256000	1.203480	1.253684	0.044478	0.129595	0.151757	2.470034	0.044903	0.065888	8.201231	14.582770	3.420278	0.613182	17.204254	14.175959	6.648348	10.739633	80.949500
72.692300	141.256000	1.032286	1.188144	0.106797	0.098941	0.120238	2.749453	0.021336	0.031479	6.698687	14.531877	3.211207	0.720696	16.899909	14.636492	6.558695	8.975031	77.581200
79.615400	141.256000	1.050244	1.148673	0.112091	0.067597	0.112013	3.080636	0.074237	0.065710	6.573149	15.144186	4.103465	0.674028	15.094875	14.584580	6.797523	8.250338	76.933400
86.538500	141.256000	1.144149	1.126650	0.042307	0.042456	0.099802	2.997430	0.030350	0.107668	6.135666	15.276849	5.058459	0.649577	14.367546	14.530067	7.049900	7.352345	76.011200
93.461500	141.256000	1.107986	1.175975	0.047942	0.073614	0.045498	2.956998	0.038538	0.126905	5.093033	15.233646	6.154339	0.799890	13.955759	15.049862	7.455716	6.774248	76.089900
100.385000	141.256000	1.268975	1.290384	0.022650	0.135165	0.038111	2.831618	0.064672	0.063990	4.111179	14.671099	6.479810	0.669370	14.587068	15.414941	7.856861	6.976534	76.482600
107.308000	141.256000	1.266498	1.077524	0.088010	0.084877	0.028485	2.749046	0.089684	0.041101	3.148313	14.842894	7.023820	0.705263	14.377499	17.251528	9.110861	6.443302	78.328700
114.231000	141.256000	1.469462	0.995326	0.097952	0.050928	0.079505	2.490867	0.099393	0.043826	3.218886	14.321063	8.111692	0.638037	14.119750	16.986541	10.760103	6.463264	79.946600
121.154000	141.256000	1.309147	1.436234	0.475564	0.042629	0.112077	2.112805	0.091833	0.206485	3.412588	14.130381	9.603197	0.420489	13.892198	17.187968	12.156493	6.418885	83.008900
128.077000	141.256000	1.098149	1.562055	0.837001	0.054991	0.052656	1.359419	0.137123	0.288002	2.388310	13.758178	11.877143	0.658515	13.830786	17.121806	13.103005	5.978167	84.105300
135.000000	141.256000	1.016709	1.749661	1.120931	0.045347	0.382252	0.886743	0.405169	0.412152	1.129091	13.244829	13.191334	1.188743	13.135577	16.766115	13.416285	5.549437	83.640400
141.923000	141.256000	0.863188	1.612960	1.077347	0.053506	0.306470	0.467540	0.923069	0.031916	0.707536	11.617924	13.781023	2.424004	12.989003	17.072721	13.390385	5.794406	83.113000
148.846000	141.256000	0.510982	1.447216	1.427277	0.044518	0.333475	0.257169	1.546289	0.127065	0.426959	9.592464	13.880888	3.540727	12.085242	17.096585	14.083785	6.377887	82.778600
155.769000	141.256000	0.133442	1.080714	1.343302	0.070092	0.065577	0.115140	1.931929	0.048931	0.684508	8.075059	14.516495	3.696790	10.687370	17.004297	14.306926	6.910586	80.671100
162.692000	141.256000	0.090433	1.042690	1.281981	0.092986	0.042071	0.049425	2.057161	0.029865	0.775852	6.748247	14.685237	3.082796	9.021650	17.042072	14.177316	6.627493	76.847400
169.615000	141.256000	0.041171	0.996763	1.181856	0.123299	0.069654	0.056104	2.135176	0.021836	0.788400	6.404578	15.001457	3.943353	8.142658	15.568188	14.650968	6.875786	76.001300
176.538000	141.256000	0.031014	1.062378	1.202179	0.068999	0.073225	0.051154	2.230132	0.034034	0.885609	6.052325	15.077458	5.433106	7.425553	14.606747	14.604033	6.717959	75.555900
183.462000	141.256000	0.071526	1.172367	1.137601	0.012903	0.130297	0.043039	2.257547	0.054842	0.692746	5.095453	15.612748	5.939476	6.880503	14.644182	14.645539	7.178853	75.569600
190.385000	141.256000	0.111720	1.190644	1.036815	0.053730	0.051624	0.008507	2.161788	0.044185	0.672148	3.990549	15.258640	6.403345	6.807815	14.670195	15.380220	7.948537	75.790400
197.308000	141.256000	0.092366	1.233632	1.097210	0.075517	0.057781	0.014253	1.896156	0.037984	0.691078	3.084108	14.966849	6.799514	6.646606	14.565693	17.316446	8.860633	77.435800
204.231000	141.256000	0.053410	1.377842	1.073174	0.161054	0.082621	0.068099	1.934281	0.139636	0.688971	3.400124	14.411202	7.938958	6.455551	14.641581	16.991970	11.040845	80.459300
211.154000	141.256000	0.046284	1.336313	1.548551	0.501815	0.266878	0.133722	1.521578	0.257947	0.514975	3.467870	14.354992	9.639761	6.061384	14.225609	17.477044	12.512184	83.867000
218.077000	141.256000	0.044074	1.159236	1.702556	0.926605	0.318401	0.053077	0.800147	0.522571	0.635891	2.389826	13.890162	11.928376	5.842461	13.412892	17.451258	13.067832	84.145400
225.000000	141.256000	0.024052	1.074180	1.657690	1.064611	0.362918	0.407593	0.366538	0.794386	1.240836	1.144500	13.051093	12.963330	5.527678	13.346617	17.353768	13.531191	83.911100
231.923000	141.256000	0.060910	0.798774	1.760778	1.141650	0.043230	0.297391	0.203596	1.452916	2.374286	0.610826	11.815618	13.626193	5.833674	12.991265	17.319387	13.808619	84.139000
238.846000	141.256000	0.025103	0.538868	1.423929	1.305720	0.093136	0.176953	0.089555	2.072497	3.394277	0.499775	9.607732	14.202537	6.199804	12.444213	16.954648	13.924657	82.953500
245.769000	141.256000	0.047350	0.121988	1.139376	1.420231	0.099687	0.047180	0.095683	2.568542	3.514047	0.694385	8.276825	14.259878	6.314688	10.951780	17.109478	14.503715	81.164900
252.692000	141.256000	0.073657	0.104424	0.925263	1.309079	0.044156	0.045727	0.039313	2.693911	3.188994	0.677950	7.021637	14.482340	6.830242	9.106722	17.038792	14.474536	78.056700
259.615000	141.256000	0.102263	0.014047	1.176235	1.278475	0.033674	0.060533	0.076537	2.921587	3.864265	0.635733	6.805904	15.060041	6.745306	8.006285	15.272777	14.595098	76.648900
266.538000	141.256000	0.062026	0.027511	1.070761	1.161713	0.036718	0.102597	0.066886	3.065311	5.271942	0.711001	6.157200	14.778203	7.003948	7.254154	14.890621	14.175281	75.835800
273.462000	141.256000	0.048905	0.051796	1.183303	1.123008	0.072397	0.065898	0.037162	2.927004	6.158342	0.736801	5.041981	15.741679	7.271582	6.957906	14.758298	14.401249	76.577400
280.385000	141.256000	0.050559	0.110612	1.163602	1.037850	0.070012	0.087899	0.059561	3.068116	6.363523	0.725967	3.957943	15.204693	8.070015	6.924656	14.781143	15.340862	77.017100
287.308000	141.256000	0.103322	0.101697	1.231585	1.084899	0.103247	0.062179	0.010451	2.850675	6.963912	0.715939	3.225321	14.698017	9.247008	6.749853	14.239520	16.980999	78.368700
294.231000	141.256000	0.147499	0.045777	1.314824	1.164959	0.089178	0.072636	0.058182	2.529908	8.302543	0.661743	3.505588	14.399892	10.448701	6.316430	14.259878	16.787038	80.104800
301.154000	141.256000	0.590092	0.054327	1.248154	1.565584	0.129577	0.357461	0.124521	2.084633	9.870479	0.460978	3.470539	14.527127	12.259977	6.501841	14.038546	16.719292	84.003100
308.077000	141.256000	0.758449	0.059393	1.143154	1.774011	0.205368	0.341340	0.039266	1.460471	11.486618	0.653830	2.430620	14.211924	12.963104	5.482371	14.008575	17.030988	84.049500
315.000000	141.256000	0.975074	0.024608	1.039112	1.613548	0.414091	0.434221	0.390056	0.951388	12.864030	1.274302	1.142272	12.997937	13.201513	5.246156	13.475208	17.154151	83.197600
321.923000	141.256000	1.082672	0.032313	0.799467	1.849108	0.997722	0.057567	0.274943	0.486861	13.272877	2.524683	0.684235	11.322061	13.749017	5.467612	13.018521	17.299029	82.918800
328.846000	141.256000	1.328136	0.056400	0.548505	1.668751	1.359125	0.110634	0.137413	0.294119	14.240990	3.524430	0.486251	9.501816	14.283402	6.026324	11.976782	17.109365	82.652400
335.769000	141.256000	1.338292	0.035829	0.195652	1.093585	1.899097	0.059187	0.082768	0.173074	14.054380	3.309782	0.618257	8.291912	14.165102	6.460617	10.702571	16.674166	79.154300
342.692000	141.256000	1.286720	0.060617	0.059297	1.040226	2.100353	0.029742	0.031033	0.133583	15.017404	3.060131	0.756220	6.923672	14.358498	6.859139	9.097968	17.160259	77.974800
349.615000	141.256000	1.126647	0.088963	0.027019	1.186346	2.029034	0.034932	0.066244	0.059557	15.050089	3.935380	0.736950	6.617551	14.392201	6.684731	8.244490	15.695309	75.975500
356.538000	141.256000	1.107981	0.050705	0.018971	1.149533	2.320045	0.051845	0.100854	0.040020	14.601997	5.316140	0.675667	6.059800	15.079381	6.790240	7.306540	14.905550	75.575200
3.750000	144.341000	0.866063	0.060490	0.086582	0.834688	1.215027	0.088098	0.030270	0.072057	14.648480	6.120296	0.772341	5.096087	14.364832	8.496811	7.870172	13.934723	74.557000
11.250000	144.341000	0.788274	0.021235	0.084661	0.852841	1.099398	0.146097	0.064494	0.021334	14.680260	6.589153	0.703529	4.009289	15.525437	9.143094	7.964224	14.826382	76.519600
18.750000	144.341000	0.821380	0.107270	0.070873	0.945377	0.900169	0.117852	0.078338	0.038361	14.645879	6.896053	0.580755	2.982976	16.454192	10.305508	7.901839	14.612741	77.459600
26.250000	144.341000	0.739955	0.122754	0.035489	1.032975	0.744648	0.123672	0.265904	0.060503	14.213621	8.307870	0.633808	3.455734	16.855348	11.679901	7.268426	14.165894	79.706500
33.750000	144.341000	0.973889	0.193891	0.043088	1.074376	0.300008	0.385055	0.615212	0.088267	13.865055	9.873680	0.545017	3.694573	16.567063	12.878167	7.163336	14.029724	82.290400
41.250000	144.341000	0.945978	0.742458	0.029393	1.031217	0.164700	0.419817	0.232427	0.075330	13.613300	11.996008	1.233654	2.325903	16.685250	13.609681	6.612688	13.765190	83.483100
48.750000	144.341000	0.862697	1.078608	0.032295	0.696085	0.118184	0.527464	0.047883	0.235950	11.761218	13.768357	2.426379	1.246977	17.185819	13.618842	6.892502	13.791881	84.291200
56.250000	144.341000	0.899849	1.060747	0.017356	0.174398	0.243337	0.875682	0.079123	0.662576	9.718567	14.287926	3.665044	0.613819	16.426257	14.105839	7.066367	13.231144	83.128100
63.750000	144.341000	0.825037	0.990166	0.029830	0.086808	0.163911	1.466827	0.041546	0.279737	8.528874	14.334522	3.161840	0.579355	17.032119	14.478721	7.436817	12.274001	81.710100
71.250000	144.341000	0.805042	0.905319	0.054967	0.143645	0.113243	1.710597	0.039937	0.059689	7.164807	14.318801	2.744363	0.734514	16.798008	14.632307	8.037420	10.641260	78.904000
78.750000	144.341000	0.814598	0.882312	0.089689	0.028284	0.115814	2.188999	0.027217	0.077711	6.573692	14.858389	3.780640	0.783815	15.700625	15.089899	7.936617	8.962726	77.911100
86.250000	144.341000	0.846124	0.816790	0.084434	0.065355	0.054253	1.956833	0.044020	0.083658	5.847732	15.123602	4.995328	0.829489	14.643504	14.076886	7.977060	8.518220	75.963200
93.750000	144.341000	0.756095	0.698650	0.045237	0.063295	0.041304	1.915462	0.048369	0.069638	5.093158	15.138418	5.743037	0.856782	14.650855	14.423190	8.151717	7.890405	75.585700
101.250000	144.341000	0.900847	0.802501	0.024257	0.081478	0.028430	2.045015	0.107250	0.057943	3.750330	14.756940	6.551254	0.710287	14.610932	15.821526	9.404688	7.935316	77.588900
108.750000	144.341000	0.851683	0.750930	0.084099	0.079047	0.048543	1.652646	0.057328	0.090921	2.815287	14.372975	7.280313	0.688848	14.792001	16.717596	10.279994	7.754734	78.316900
116.250000	144.341000	1.018453	0.793989	0.079627	0.045344	0.055470	1.329312	0.097850	0.238838	3.237389	14.260443	8.725120	0.568898	14.402380	16.515604	11.704783	7.531864	80.605400
123.750000	144.341000	0.996397	0.859864	0.140183	0.046138	0.105737	0.770560	0.225145	0.572021	3.514986	14.470125	10.236327	0.541519	14.120542	16.936326	13.533340	7.256879	84.326200
131.250000	144.341000	0.974205	0.863408	0.737561	0.046246	0.054316	0.542117	0.091280	0.206509	2.594600	13.260097	11.811207	1.219540	14.059130	16.844378	13.349557	6.867451	83.521600
138.750000	144.341000	0.744911	0.803617	1.101802	0.027025	0.231082	0.386338	0.125471	0.040888	1.291458	11.832243	13.700498	2.548863	13.363242	16.950463	13.611830	6.850453	83.610100
146.250000	144.341000	0.163094	0.800995	0.988822	0.042119	0.686008	0.357841	0.292699	0.078901	0.592524	9.677818	13.821625	3.392773	13.262811	17.119883	13.936645	6.934484	82.149100
153.750000	144.341000	0.099703	0.809771	0.992045	0.055650	0.299328	0.050501	0.678755	0.045134	0.643120	8.277718	14.025087	3.375175	12.349777	16.817461	14.278086	7.536354	80.333700
161.250000	144.341000	0.112215	0.818130	0.888850	0.087991	0.071501	0.053270	0.977078	0.059507	0.710697	7.029825	14.694058	3.028724	10.717567	16.310785	14.035719	8.224291	77.820200
168.750000	144.341000	0.027183	0.769219	0.836655	0.074834	0.056055	0.054384	1.128619	0.030748	0.717134	6.398256	14.748232	3.736815	9.025891	15.883503	14.734095	7.763917	75.985500
176.250000	144.341000	0.078198	0.734494	0.797751	0.099523	0.043043	0.032766	1.258807	0.022664	0.743933	5.802052	15.133102	5.315496	8.401096	14.470917	14.180370	7.967651	75.081900
183.750000	144.341000	0.059723	0.765547	0.826522	0.089117	0.063127	0.029381	1.053781	0.036694	0.720471	5.097059	14.816430	5.827747	8.268750	14.401475	14.280009	8.624667	74.960500
191.250000	144.341000	0.081620	0.813429	0.880894	0.028194	0.068573	0.028439	1.195258	0.043157	0.700620	3.908192	15.293926	6.126652	7.811135	14.747214	15.717702	9.331537	76.776500
198.750000	144.341000	0.071834	0.930581	0.756386	0.121312	0.082791	0.050494	0.905823	0.063556	0.688282	3.033904	14.604033	7.200896	7.891683	14.385642	16.817687	10.498238	78.103100
206.250000	144.341000	0.011716	0.956105	0.743322	0.111333	0.314426	0.050257	0.716075	0.065510	0.732137	3.259103	14.304890	8.437468	7.466663	14.695528	16.676202	12.048146	80.588900
213.750000	144.341000	0.056218	0.976660	0.918603	0.159883	0.737715	0.080697	0.289229	0.351983	0.535568	3.439980	14.057546	9.554870	7.404686	14.304099	16.809544	13.034581	82.711800
221.250000	144.341000	0.035128	1.061559	0.832540	0.771982	0.316354	0.049529	0.117247	0.359143	1.263060	2.479263	13.418094	12.039324	6.785670	13.662950	16.677559	13.365051	83.234400
228.750000	144.341000	0.039838	0.743037	0.935097	0.953461	0.064935	0.214653	0.086367	0.436818	2.556068	1.242985	11.988318	13.059462	6.806831	13.783172	16.836009	13.820947	83.567900
236.250000	144.341000	0.027870	0.208843	0.853207	1.005327	0.053546	0.585034	0.208926	0.917132	3.469408	0.588686	9.835679	13.882811	7.070970	13.317211	16.725626	14.261235	83.011500
243.750000	144.341000	0.031555	0.073229	0.830689	1.049005	0.068155	0.261559	0.098955	1.459046	3.092771	0.648153	8.283588	14.441851	7.716676	12.034801	16.637636	14.213621	80.941400
251.250000	144.341000	0.098964	0.095712	0.715356	0.927146	0.061727	0.071171	0.058103	1.805237	2.952259	0.639069	7.256178	14.341308	7.712311	10.426127	16.460073	14.810096	78.430900
258.750000	144.341000	0.080808	0.021592	0.804458	0.825840	0.029612	0.050005	0.063934	2.039914	3.799448	0.737913	6.555065	15.102227	7.376627	9.179647	15.711482	14.654135	77.032700
266.250000	144.341000	0.089818	0.047190	0.800893	0.914385	0.042926	0.056913	0.067912	1.983252	5.081678	0.819474	5.836264	14.862573	7.979583	8.326226	14.941628	14.416517	76.267300
273.750000	144.341000	0.103291	0.095320	0.872250	0.819998	0.049977	0.068583	0.029681	2.049324	5.885133	0.811617	5.105915	15.161376	8.518423	7.833246	14.628349	14.590461	76.622900
281.250000	144.341000	0.042441	0.054722	0.809148	0.817402	0.097486	0.074796	0.016888	1.942401	6.646459	0.642715	3.700273	14.706725	9.217241	7.474151	14.385076	16.015148	76.643000
288.750000	144.341000	0.110126	0.075946	0.844764	0.732129	0.085971	0.051831	0.082173	1.791021	7.001947	0.735439	3.019099	14.341760	10.540502	8.203685	14.821971	16.534265	78.972600
296.250000	144.341000	0.089727	0.026995	1.081460	0.725310	0.121813	0.352139	0.067314	1.389910	8.428059	0.630498	3.209160	14.547936	11.665764	7.547607	14.525882	16.929540	81.339100
303.750000	144.341000	0.172341	0.023346	0.918271	0.898477	0.257848	0.619115	0.100490	0.845794	9.502664	0.552609	3.475040	13.401921	13.493417	7.087742	13.943770	17.109704	82.402500
311.250000	144.341000	0.735022	0.045652	1.052655	0.810325	0.077177	0.251310	0.065349	0.549909	11.745045	1.274901	2.471878	13.349105	13.845602	6.574597	13.998283	16.613772	83.460600
318.750000	144.341000	0.979293	0.041078	0.761325	0.865952	0.114374	0.059482	0.262448	0.425826	12.922162	2.428381	1.235102	12.229780	14.026784	6.618897	13.616806	16.264189	82.851900
326.250000	144.341000	0.902039	0.027050	0.185377	0.863010	0.320775	0.049719	0.511897	0.356931	13.439922	3.509467	0.548615	10.000745	14.189757	7.341747	13.000991	16.641821	81.889900
333.750000	144.341000	0.940118	0.021837	0.093171	0.860376	0.799151	0.068418	0.259276	0.130094	14.113530	3.383725	0.605484	8.487288	14.512989	7.554167	12.360634	16.623273	80.813500
341.250000	144.341000	1.107203	0.075110	0.116569	0.720708	0.894936	0.046912	0.040125	0.119270	14.460625	2.796490	0.684099	7.005916	14.814507	7.658205	10.523198	16.658220	77.722100
348.750000	144.341000	0.781745	0.050799	0.038279	0.781074	1.078232	0.030781	0.078927	0.108829	14.966849	3.752965	0.770002	6.455313	14.078243	7.892192	9.383019	15.611165	75.858500
356.250000	144.341000	0.748804	0.055775	0.062989	0.828259	1.136097	0.019607	0.058420	0.054336	14.630271	5.117496	0.812590	6.029434	14.225383	7.844929	8.514997	15.053255	75.192600
4.090910	147.400000	0.462103	0.071959	0.031881	0.492287	0.364201	0.060836	0.113333	0.039117	14.274241	6.086729	0.745440	4.969395	14.321968	9.862834	8.640275	14.188513	74.725200
12.272700	147.400000	0.595886	0.017890	0.052834	0.633077	0.334998	0.095180	0.193257	0.051615	14.711249	6.349081	0.696725	3.515076	15.902843	10.481748	8.950059	14.449881	77.031400
20.454500	147.400000	0.537353	0.116858	0.056691	0.737667	0.147693	0.084387	0.352170	0.153526	14.382701	7.476526	0.691444	2.711079	16.381357	11.958799	8.759072	14.770625	79.317900
28.636400	147.400000	0.469055	0.125057	0.041574	0.819891	0.124935	0.067204	0.362472	0.033700	14.221085	8.490794	0.605571	2.951343	16.621011	12.784523	8.673503	14.400797	80.792400
36.818200	147.400000	0.564862	0.055062	0.052287	0.804518	0.103350	0.238812	0.223409	0.022035	13.010604	10.391247	1.200426	3.422427	16.237271	13.524292	8.255416	13.987992	82.094000
45.000000	147.400000	0.633558	0.259348	0.053272	0.279561	0.123781	0.328743	0.060560	0.079656	11.932787	12.170065	2.291295	2.253962	16.342678	13.647908	7.574977	13.846167	81.878400
53.181800	147.400000	0.566074	0.745025	0.055202	0.022992	0.170975	0.408586	0.031398	0.319065	10.108391	13.280342	3.347783	1.180374	16.345053	14.249812	7.850640	13.860531	82.542200
61.363600	147.400000	0.515204	0.696629	0.049665	0.085518	0.060014	0.557366	0.030646	0.362146	8.440488	14.022260	3.205948	0.615754	16.197348	13.955420	8.364147	13.314723	80.473300
69.545500	147.400000	0.546607	0.577135	0.035867	0.172927	0.104543	0.665252	0.168522	0.357773	7.279827	14.503715	2.623892	0.747010	16.330350	14.457006	8.946011	11.693020	79.209300
77.727300	147.400000	0.539582	0.598358	0.083636	0.071373	0.076778	0.885518	0.064027	0.205531	6.254328	14.646784	3.705193	0.782188	15.892890	14.338933	8.874646	10.328795	77.348500
85.909100	147.400000	0.522026	0.554111	0.031659	0.111475	0.032243	1.033341	0.036066	0.080325	5.873620	14.568746	4.794897	0.697415	14.748571	14.141917	9.048873	9.929471	76.204600
94.090900	147.400000	0.551836	0.529245	0.099442	0.029777	0.035526	1.163251	0.067796	0.124992	5.039651	14.649950	6.068158	0.713359	14.042165	14.850924	9.423790	8.670890	76.060700
102.273000	147.400000	0.610799	0.442272	0.004648	0.068083	0.050506	0.911502	0.093582	0.216576	3.558348	14.379648	6.099893	0.798379	14.564901	16.112977	10.780427	9.095073	77.787600
110.455000	147.400000	0.737933	0.529119	0.099072	0.055950	0.196843	0.707220	0.068055	0.355906	2.652743	14.357820	7.309108	0.806542	14.924664	16.288844	11.647668	8.844856	79.582300
118.636000	147.400000	0.724744	0.467345	0.099024	0.060700	0.044019	0.564428	0.074453	0.339497	3.151582	13.963336	8.638872	0.638776	14.784762	16.353535	12.992848	8.810011	81.707900
126.818000	147.400000	0.782666	0.472292	0.056548	0.042278	0.037146	0.372863	0.082984	0.269228	3.369690	13.075070	9.824890	1.235260	14.293015	16.452496	13.726511	8.125274	82.218200
135.000000	147.400000	0.275830	0.511285	0.228957	0.051099	0.078256	0.310193	0.087072	0.071990	2.303069	11.905870	11.683520	2.287575	13.610925	16.296308	13.729903	7.557096	80.989000
143.182000	147.400000	0.025843	0.525776	0.756216	0.039853	0.311161	0.188918	0.071331	0.016864	1.151353	10.162135	13.579823	3.422902	13.739517	15.469454	14.365624	8.211579	82.038400
151.364000	147.400000	0.133929	0.471787	0.736754	0.044699	0.398929	0.068853	0.114920	0.043120	0.568719	8.337954	13.916514	3.036743	12.968419	16.627231	14.626087	9.083017	81.177700
159.545000	147.400000	0.152890	0.456425	0.697320	0.035092	0.392793	0.055577	0.095565	0.136410	0.730401	7.256020	13.806810	2.753355	11.604013	16.176538	14.590348	8.870733	77.810400
167.727000	147.400000	0.088507	0.519219	0.637092	0.075857	0.240555	0.049472	0.265350	0.040700	0.843810	6.153343	14.311337	3.612363	10.335524	16.156633	14.434613	8.631091	76.395400
175.909000	147.400000	0.127583	0.534256	0.525149	0.050124	0.094451	0.055376	0.421832	0.025597	0.740440	5.924966	14.621676	4.936190	9.646569	14.761238	14.182293	9.206395	75.854100
184.091000	147.400000	0.046184	0.522515	0.523209	0.160071	0.131056	0.020298	0.330872	0.030307	0.703170	4.910347	14.300027	5.740448	9.022736	14.371165	15.068863	9.589489	75.470700
192.273000	147.400000	0.051996	0.638939	0.459580	0.091295	0.216542	0.050892	0.274761	0.075500	0.759156	3.763642	14.724142	6.328723	8.830583	14.437327	15.651427	10.430786	76.785300
200.455000	147.400000	0.046178	0.641615	0.492457	0.134278	0.334333	0.196841	0.156806	0.084716	0.771360	2.725182	14.724481	7.276547	8.925517	14.866871	16.380453	11.551536	79.309300
208.636000	147.400000	0.036053	0.790599	0.518466	0.128660	0.391459	0.030952	0.123044	0.059749	0.616541	3.115323	14.026332	8.453132	8.337909	14.508465	15.852401	13.034242	80.023300
216.818000	147.400000	0.034774	0.718493	0.650648	0.069168	0.313798	0.028311	0.112391	0.166908	1.179311	3.402782	13.413005	10.397637	7.854248	14.071344	15.977147	13.272538	81.662500
225.000000	147.400000	0.052453	0.229572	0.516841	0.283789	0.059888	0.083310	0.125123	0.266282	2.304008	2.396306	12.162261	12.202863	7.646058	13.989009	16.413364	14.180936	82.912100
233.182000	147.400000	0.070987	0.061744	0.630725	0.725185	0.015117	0.213442	0.073326	0.388462	3.426747	1.165174	10.162780	13.456886	8.084356	13.414249	16.611850	14.125179	82.626200
241.364000	147.400000	0.012705	0.090001	0.549926	0.718904	0.031472	0.363919	0.066141	0.574074	2.951252	0.667295	8.327854	13.832709	8.303572	13.119065	16.135936	14.296182	80.041000
249.545000	147.400000	0.046180	0.134503	0.424641	0.700155	0.187950	0.388200	0.067424	0.690562	2.543276	0.725289	7.511314	14.645426	8.760463	11.547012	16.850372	14.201632	79.424400
257.727000	147.400000	0.088732	0.021513	0.486146	0.649851	0.046808	0.218324	0.073938	1.035439	3.697751	0.746894	6.359531	14.818918	9.042811	10.486125	15.807841	14.344361	77.924900
265.909000	147.400000	0.048722	0.067781	0.572988	0.502564	0.041431	0.067844	0.063115	1.071216	4.613534	0.844579	6.172197	14.526335	9.092426	9.884153	14.569425	14.258068	76.396400
274.091000	147.400000	0.123862	0.041462	0.628333	0.583499	0.063073	0.083040	0.051203	1.095497	5.852470	0.792456	5.085365	15.022832	9.770377	8.996022	14.172566	14.643504	77.005600
282.273000	147.400000	0.088693	0.057724	0.644399	0.482779	0.083625	0.217261	0.057660	0.940759	6.479674	0.810313	3.527856	14.404077	10.398655	8.829464	14.583788	15.340183	76.947000
290.455000	147.400000	0.127220	0.031864	0.730716	0.475928	0.076166	0.312478	0.192275	0.778247	7.578347	0.733971	2.614856	14.415160	11.876464	9.098036	14.121107	16.566950	79.729800
298.636000	147.400000	0.107315	0.028237	0.736425	0.548291	0.088221	0.384461	0.023252	0.557424	8.705475	0.568886	3.159736	13.781476	13.200721	8.704514	14.411654	16.633338	81.639500
306.818000	147.400000	0.036557	0.063312	0.777802	0.578372	0.166897	0.344869	0.017568	0.356460	10.116274	1.122850	3.396822	13.362676	13.622122	7.991967	13.752636	16.288278	81.995500
315.000000	147.400000	0.254040	0.047262	0.267995	0.633486	0.088919	0.087520	0.071950	0.251216	12.285311	2.192313	2.259436	12.231929	14.239633	7.534578	14.028593	16.401263	82.875500
323.182000	147.400000	0.812662	0.030299	0.048362	0.646899	0.094083	0.035523	0.259858	0.264544	13.531983	3.318536	1.314259	10.181927	14.358725	7.787113	13.757725	16.630511	83.073100
331.364000	147.400000	0.691799	0.042977	0.143640	0.523401	0.076093	0.016001	0.333861	0.101344	13.533793	3.000981	0.636791	8.612373	14.381910	8.454806	12.746635	15.930778	79.227200
339.545000	147.400000	0.710631	0.026857	0.145425	0.524315	0.201344	0.171584	0.369742	0.085391	14.206948	2.645403	0.833844	7.449450	14.387338	8.877372	11.853166	16.295856	78.784600
347.727000	147.400000	0.594565	0.061385	0.014473	0.508558	0.258923	0.059160	0.237423	0.071110	14.394463	3.552082	0.804529	6.285249	14.329659	9.307368	10.213877	15.927385	76.620100
355.909000	147.400000	0.544047	0.055856	0.078328	0.472064	0.357256	0.023608	0.072821	0.068941	14.865853	5.085354	0.898090	5.831095	14.263610	8.691010	9.225304	14.637283	75.170400
4.500000	150.434000	0.299461	0.014494	0.047272	0.327698	0.064866	0.058165	0.196962	0.032210	14.173245	5.831943	0.925790	4.720230	15.097929	10.787710	10.268695	14.240199	77.086900
13.500000	150.434000	0.279384	0.021511	0.041894	0.496016	0.095517	0.049961	0.295184	0.060974	14.037076	6.161588	0.816907	3.551358	15.757060	11.266802	10.174248	14.438345	77.543800
22.500000	150.434000	0.261204	0.131453	0.031010	0.456145	0.079393	0.071894	0.224365	0.121670	14.008349	7.270021	0.849416	2.301633	15.825936	12.868102	10.003346	14.249925	78.753900
31.500000	150.434000	0.296599	0.099889	0.057093	0.349147	0.097115	0.088618	0.203987	0.030046	13.269597	9.035957	0.968060	2.897203	16.328993	13.684778	9.293332	14.526335	81.226700
40.500000	150.434000	0.295324	0.057949	0.036882	0.087582	0.095451	0.104747	0.205678	0.032398	11.931543	10.691238	2.269049	3.323625	15.855568	14.250943	8.617237	13.894234	81.749500
49.500000	150.434000	0.340612	0.071396	0.049140	0.038882	0.149520	0.230689	0.041083	0.252991	10.470676	12.108766	3.349264	2.074533	16.252087	13.967973	8.852796	14.266890	82.517300
58.500000	150.434000	0.251221	0.354915	0.045443	0.124743	0.099510	0.224871	0.010051	0.309861	9.045717	13.156161	3.202215	1.065422	16.065137	14.167251	9.310105	13.598032	81.030700
67.500000	150.434000	0.260286	0.493678	0.028503	0.132999	0.091449	0.311907	0.134602	0.216563	7.599564	13.991950	2.497947	0.821376	16.433948	14.207287	10.051989	12.955526	80.229600
76.500000	150.434000	0.270885	0.443063	0.055029	0.167468	0.060229	0.365480	0.073159	0.246465	6.158942	14.060713	3.398926	0.773029	16.185360	14.538436	9.949829	11.455855	78.202800
85.500000	150.434000	0.313243	0.351828	0.067191	0.026009	0.033614	0.368330	0.035216	0.189145	5.761031	14.058790	4.778623	0.853602	14.883949	13.930425	9.920186	10.547819	76.119000
94.500000	150.434000	0.367209	0.306576	0.032618	0.078834	0.029957	0.369393	0.067017	0.217609	4.889718	14.463792	5.887542	0.763003	14.225722	14.410184	10.933832	9.906693	76.949700
103.500000	150.434000	0.465078	0.305398	0.007299	0.083046	0.058066	0.404567	0.062487	0.254616	3.500136	14.241443	6.255821	0.834610	14.127554	16.279570	11.379175	9.978227	78.237100
112.500000	150.434000	0.507124	0.237137	0.108501	0.046747	0.162745	0.311922	0.076891	0.223478	2.351610	13.914139	7.300693	0.761830	14.740881	16.207414	12.891400	9.618148	79.460700
121.500000	150.434000	0.387353	0.301544	0.133075	0.063837	0.034456	0.225953	0.124759	0.161517	3.000472	13.337343	8.839179	0.988606	14.369582	15.651201	13.842548	8.994461	80.455900
130.500000	150.434000	0.071885	0.331622	0.037780	0.045520	0.076885	0.274076	0.110164	0.227695	3.318084	12.399426	10.872692	2.302809	14.197109	15.894586	13.859852	8.648802	82.669100
139.500000	150.434000	0.051462	0.335026	0.064075	0.056451	0.273939	0.146098	0.110464	0.047880	2.281897	10.283771	12.393206	3.254410	13.948181	16.087078	14.617378	8.605938	82.557300
148.500000	150.434000	0.117484	0.262101	0.362622	0.060391	0.315280	0.089534	0.087396	0.036354	0.973467	8.955929	13.021462	3.000212	13.790071	16.041613	14.444792	8.982202	80.540900
157.500000	150.434000	0.130561	0.256967	0.481696	0.033526	0.225821	0.069681	0.062287	0.186168	0.892994	7.635642	13.832822	2.437926	12.765862	16.365976	14.577907	9.911014	79.866900
166.500000	150.434000	0.121214	0.271146	0.483585	0.077608	0.246177	0.062637	0.086685	0.078231	0.787360	5.969051	14.180031	3.474972	11.354633	15.875134	14.570104	10.219645	77.858200
175.500000	150.434000	0.019422	0.252590	0.381501	0.087759	0.255028	0.026963	0.067913	0.025153	0.780434	5.846997	14.393898	4.857712	10.575449	15.150971	14.250604	9.659429	76.631900
184.500000	150.434000	0.058307	0.356369	0.324978	0.031076	0.292411	0.031461	0.060832	0.007146	0.723609	4.783293	14.562639	5.661494	10.312464	13.981997	14.970468	10.374057	76.532600
193.500000	150.434000	0.093336	0.488637	0.245567	0.112603	0.276478	0.071859	0.051547	0.042362	0.765663	3.340239	13.822756	6.392182	9.655674	14.180596	15.962332	11.475421	76.977100
202.500000	150.434000	0.047724	0.468673	0.383640	0.138442	0.269448	0.133489	0.065324	0.113596	0.826978	2.198601	13.878174	7.192007	10.248270	14.149155	16.101894	13.057540	79.273100
211.500000	150.434000	0.049411	0.401157	0.286222	0.116780	0.304553	0.040296	0.096964	0.090565	0.912196	3.050857	13.392308	8.568051	9.505582	14.530519	15.988231	13.631169	80.964900
220.500000	150.434000	0.049205	0.057887	0.282393	0.041272	0.254649	0.059770	0.089713	0.143976	2.142923	3.132547	12.293115	10.433478	8.825449	14.029611	15.557217	14.091476	81.484600
229.500000	150.434000	0.029968	0.043314	0.353849	0.048711	0.037097	0.237096	0.120220	0.210118	3.273535	2.213711	10.548883	12.586489	8.683647	14.053475	16.389727	14.108327	82.938200
238.500000	150.434000	0.040072	0.130917	0.293192	0.368290	0.055391	0.166735	0.138954	0.259552	3.010719	0.988255	8.718990	13.387105	9.441592	13.709094	16.226753	14.159900	81.095400
247.500000	150.434000	0.046138	0.140614	0.223895	0.533611	0.189130	0.200723	0.059085	0.354035	2.233559	0.764581	7.549021	14.032326	9.720264	13.072016	16.099858	14.679469	79.898200
256.500000	150.434000	0.057247	0.016120	0.285497	0.429655	0.078961	0.255936	0.085088	0.375481	3.252385	0.762605	6.105775	13.905770	10.050191	11.768569	15.651314	14.266890	77.347600
265.500000	150.434000	0.068667	0.009649	0.271152	0.344907	0.030311	0.260262	0.075000	0.368140	4.850270	0.783411	5.872568	14.363927	9.908446	10.865080	14.921610	14.087630	77.080900
274.500000	150.434000	0.044041	0.050131	0.425108	0.372589	0.046283	0.233354	0.035681	0.316101	5.947495	0.650413	4.824020	13.880097	10.671175	9.853775	14.215770	14.992861	76.558800
283.500000	150.434000	0.161353	0.043929	0.444183	0.257192	0.098602	0.250479	0.061149	0.432595	6.223271	0.806988	3.365946	14.238163	11.634436	9.766045	14.516495	15.851723	78.152500
292.500000	150.434000	0.135813	0.015593	0.509435	0.300256	0.065835	0.236142	0.150781	0.298976	7.619073	0.788091	2.426266	14.103238	13.242793	9.740904	14.279556	16.225509	80.138300
301.500000	150.434000	0.076995	0.061268	0.394985	0.271257	0.094195	0.276515	0.055160	0.299426	9.017726	1.024079	3.035623	13.240079	13.544650	9.405333	14.188287	15.410191	80.395800
310.500000	150.434000	0.031343	0.042290	0.082727	0.328354	0.119745	0.311440	0.046727	0.212611	10.331023	2.184532	3.308832	12.139981	13.797309	9.197494	14.111041	15.504966	81.750300
319.500000	150.434000	0.066388	0.043628	0.074701	0.390332	0.112927	0.053716	0.206655	0.121445	12.087730	3.241426	2.150942	10.786704	14.043522	8.826738	13.636711	16.076899	81.920500
328.500000	150.434000	0.350983	0.052777	0.097430	0.384963	0.087491	0.027378	0.219180	0.122979	12.888799	3.187479	1.008825	8.735344	14.328641	9.766045	13.347408	16.018315	80.624000
337.500000	150.434000	0.522070	0.035721	0.134971	0.306661	0.077763	0.162735	0.209032	0.099765	13.511399	2.408238	0.702814	7.536162	14.331694	9.729617	12.593501	16.184794	78.546900
346.500000	150.434000	0.468500	0.036517	0.018013	0.233802	0.053685	0.073480	0.270471	0.095693	14.494102	3.264950	0.761878	6.134603	14.251395	9.637454	11.239444	15.906349	76.940300
355.500000	150.434000	0.338943	0.061778	0.026885	0.288792	0.063315	0.016138	0.222902	0.067765	14.248794	4.891120	0.803698	5.869899	14.070326	10.290229	10.714276	14.674719	76.649500
5.000000	153.448000	0.182751	0.021987	0.156520	0.282851	0.076813	0.115688	0.169109	0.058569	13.922734	5.703974	0.810425	4.724494	14.763161	11.332805	11.045380	14.258973	77.626300
15.000000	153.448000	0.137195	0.023846	0.028598	0.255135	0.086386	0.121096	0.183351	0.045218	13.468083	6.295247	0.778250	3.194038	16.361905	12.213042	10.709130	14.209549	78.110200
25.000000	153.448000	0.135975	0.108483	0.034240	0.106591	0.089807	0.085583	0.299654	0.028973	13.216442	7.539362	1.005455	2.017521	15.736589	13.455190	11.008329	14.241669	79.109800
35.000000	153.448000	0.157515	0.143026	0.032042	0.099680	0.165323	0.308920	0.315490	0.057236	12.652991	9.231389	1.897547	2.898651	16.004856	14.136149	10.161705	14.139768	82.402400
45.000000	153.448000	0.107121	0.025676	0.090543	0.043345	0.148466	0.178080	0.098876	0.106655	10.830925	10.977691	2.960900	2.961725	15.609242	14.328415	9.466711	14.483810	82.418100
55.000000	153.448000	0.119088	0.038257	0.018581	0.122735	0.309974	0.198774	0.056094	0.349284	9.086251	12.141904	2.998844	1.839811	15.765769	14.411202	10.075434	13.933366	81.465400
65.000000	153.448000	0.110978	0.106659	0.047483	0.136329	0.095013	0.121781	0.027999	0.364914	7.392415	13.255686	2.126829	1.101819	16.034940	14.405886	10.905535	13.862906	80.097100
75.000000	153.448000	0.124694	0.305846	0.030422	0.226905	0.115679	0.103658	0.030037	0.190044	6.323589	13.806131	3.173342	0.825841	15.777870	14.068856	10.937655	12.444439	78.485000
85.000000	153.448000	0.175595	0.261555	0.152610	0.058260	0.118560	0.137833	0.057420	0.162553	5.657140	13.765529	4.620399	0.771736	15.256491	13.799684	11.274900	11.480624	77.751000
95.000000	153.448000	0.252115	0.191287	0.016869	0.193689	0.061832	0.164376	0.114753	0.157271	4.556918	13.784529	5.785200	0.773577	13.988444	14.829662	11.489219	10.969887	77.329600
105.000000	153.448000	0.241465	0.128681	0.023425	0.044673	0.047156	0.128488	0.063621	0.164534	3.254127	14.068064	6.528137	0.859644	14.066594	15.882033	12.085242	10.766855	78.352700
115.000000	153.448000	0.107625	0.139413	0.131142	0.044275	0.046652	0.107737	0.064938	0.311625	2.217420	13.505179	7.670080	0.944061	14.061957	15.608111	13.061724	10.701598	78.723600
125.000000	153.448000	0.058307	0.188486	0.151544	0.040529	0.049804	0.161762	0.272981	0.341210	2.976744	12.475654	9.187066	1.860734	14.604938	15.875586	14.070100	9.903006	82.218400
135.000000	153.448000	0.054060	0.124484	0.031945	0.095689	0.093647	0.188372	0.178059	0.117115	2.835961	11.096636	10.888695	2.940519	14.021921	15.163299	14.373427	9.517152	81.721000
145.000000	153.448000	0.161295	0.168585	0.030951	0.041121	0.349032	0.234920	0.192330	0.084358	1.826759	8.902265	12.327723	2.940915	13.960057	15.589224	13.913460	10.032978	80.756000
155.000000	153.448000	0.108215	0.103485	0.119111	0.050040	0.415966	0.078918	0.093000	0.032262	0.992043	7.106516	13.398076	2.093714	13.606967	15.571354	14.393785	10.739293	78.902700
165.000000	153.448000	0.258567	0.124835	0.292833	0.041166	0.218082	0.090459	0.049359	0.040934	0.762511	6.128179	13.565121	3.185635	12.426230	15.940956	14.093511	10.804075	78.022400
175.000000	153.448000	0.063902	0.195861	0.254306	0.178675	0.251714	0.104740	0.119937	0.053105	0.759997	5.641928	14.315069	4.570919	11.750587	14.653004	13.978265	11.378723	78.270600
185.000000	153.448000	0.154257	0.227407	0.183103	0.079769	0.181174	0.047660	0.066013	0.084877	0.862095	4.606341	14.061618	5.565588	11.322061	13.764059	14.932354	11.347395	77.485800
195.000000	153.448000	0.037737	0.280918	0.132156	0.215531	0.204995	0.015554	0.121335	0.103797	0.899809	3.115764	13.749582	6.252292	10.870803	14.212037	15.860883	12.541364	78.614600
205.000000	153.448000	0.048522	0.086555	0.135130	0.168895	0.351633	0.058522	0.074217	0.072462	0.962842	2.215667	12.981312	7.307683	10.831829	13.986295	15.812591	13.465595	78.559800
215.000000	153.448000	0.020442	0.055619	0.196811	0.123739	0.389559	0.057169	0.187212	0.256719	1.952377	3.102373	12.419445	9.459699	10.350171	14.638301	15.728560	14.007784	82.946000
225.000000	153.448000	0.098701	0.033319	0.152964	0.027451	0.104349	0.118500	0.182589	0.182425	2.800222	2.988642	10.840436	10.960704	9.276142	14.379874	15.840639	14.314277	82.301300
235.000000	153.448000	0.031473	0.117478	0.144698	0.099010	0.051463	0.270960	0.276282	0.179087	3.064734	1.971807	8.915542	12.561834	9.855211	14.033570	15.736589	14.479626	81.789500
245.000000	153.448000	0.023301	0.105863	0.130721	0.100604	0.034769	0.303062	0.067139	0.109269	2.131512	1.115655	7.662333	13.493869	10.788027	13.414475	16.002029	13.999980	79.482500
255.000000	153.448000	0.046463	0.008445	0.121298	0.280900	0.041955	0.158572	0.102766	0.116021	3.412011	0.892801	6.246649	13.951461	10.666425	12.420349	15.882937	13.934157	78.283300
265.000000	153.448000	0.139257	0.011361	0.204978	0.257136	0.072889	0.183232	0.099007	0.171489	4.886122	0.759194	5.731094	13.800024	11.142621	11.746629	15.163638	14.157411	78.526000
275.000000	153.448000	0.049954	0.154753	0.311107	0.208444	0.103102	0.120060	0.071510	0.136359	5.670169	0.892076	4.859453	13.346390	11.617019	10.964380	13.964467	14.618622	77.087800
285.000000	153.448000	0.196010	0.022749	0.280710	0.225238	0.116053	0.206011	0.030119	0.081994	6.180611	0.793777	3.211150	13.933705	11.944549	11.232330	14.520567	15.896396	78.871800
295.000000	153.448000	0.148433	0.042387	0.112504	0.126883	0.070601	0.358172	0.033563	0.093055	7.474682	1.146377	2.166391	13.201173	13.762136	10.805534	14.481661	15.921277	79.944800
305.000000	153.448000	0.144647	0.032992	0.066319	0.129529	0.275367	0.314714	0.059350	0.174023	9.363068	1.993589	3.041436	12.927817	14.022147	10.141235	14.198918	15.525324	82.410400
315.000000	153.448000	0.040729	0.072372	0.019209	0.116882	0.117147	0.114190	0.104269	0.179238	10.760420	2.889705	2.984526	10.763360	14.344474	9.633224	14.035266	15.186823	81.361900
325.000000	153.448000	0.054936	0.021903	0.138363	0.145677	0.177365	0.104474	0.342308	0.278730	12.481083	3.022176	1.904265	9.230824	14.605729	9.999942	13.858721	16.021482	82.387900
335.000000	153.448000	0.099037	0.048810	0.125614	0.139274	0.094964	0.042036	0.316583	0.081677	13.450327	2.211935	1.040309	7.795030	14.276277	10.719558	13.714183	16.163984	80.319600
345.000000	153.448000	0.284537	0.047588	0.015293	0.118986	0.080661	0.016945	0.173878	0.121389	13.715540	3.163423	0.729342	6.271971	14.449089	10.593296	12.251947	15.737268	77.771200
355.000000	153.448000	0.275538	0.144135	0.012289	0.223808	0.073631	0.067442	0.162736	0.099649	13.825697	4.496603	0.865152	5.499969	13.933252	10.925372	11.892185	14.702427	77.199900
5.625000	156.444000	0.073228	0.033968	0.039161	0.085213	0.109186	0.130850	0.098632	0.144655	13.272312	5.751237	0.902280	4.407403	14.515930	12.408700	11.658186	14.426244	78.057100
16.875000	156.444000	0.048008	0.025969	0.023451	0.052883	0.150476	0.111707	0.166881	0.061853	13.332706	6.349126	0.896783	3.160878	15.272212	12.837905	11.977234	14.097583	78.565600
28.125000	156.444000	0.049524	0.092810	0.027708	0.096017	0.269104	0.111555	0.532613	0.060604	12.481648	8.021168	1.137081	1.872451	15.219848	14.206269	11.594965	14.559246	80.332700
39.375000	156.444000	0.044502	0.182221	0.061518	0.054022	0.213757	0.369494	0.155539	0.059682	11.339026	9.412989	2.506361	2.850324	15.428739	14.013325	10.775677	14.408601	81.875800
50.625000	156.444000	0.040126	0.043664	0.041718	0.232439	0.382103	0.273892	0.063534	0.163166	9.399938	11.158522	2.701183	2.426379	15.780358	14.517174	10.704278	13.988670	81.917100
61.875000	156.444000	0.028055	0.071755	0.008340	0.106874	0.099113	0.229115	0.070717	0.509031	7.692903	12.295942	1.879248	1.246627	15.239074	14.527579	11.862214	13.975438	79.842100
73.125000	156.444000	0.042298	0.031468	0.009119	0.101781	0.121015	0.164275	0.056703	0.183204	6.396446	12.786559	3.152453	0.836623	15.910646	14.157751	12.127201	13.168149	79.245700
84.375000	156.444000	0.080988	0.047474	0.067948	0.056583	0.100666	0.097634	0.170448	0.133755	5.337957	13.513888	4.630703	0.890568	14.343230	14.188287	11.967847	12.326818	77.954900
95.625000	156.444000	0.068911	0.062544	0.028613	0.044773	0.141029	0.084732	0.105020	0.127721	4.486119	13.502804	5.341870	0.876569	14.386660	14.883044	12.173119	12.026997	78.340500
106.875000	156.444000	0.059787	0.053165	0.036597	0.015665	0.062201	0.125972	0.081316	0.194654	3.233487	13.460845	6.485386	1.008256	14.143613	15.459162	13.252293	11.917519	79.590100
118.125000	156.444000	0.097291	0.040148	0.074165	0.034917	0.083757	0.192638	0.090003	0.477783	1.946337	12.709652	8.157405	1.180374	14.340968	15.212044	13.963676	11.594852	80.196000
129.375000	156.444000	0.060476	0.058078	0.220784	0.061537	0.118849	0.237789	0.267418	0.187496	2.882410	11.040732	9.423971	2.367150	14.198353	15.480198	13.710338	10.673097	80.988600
140.625000	156.444000	0.192598	0.043205	0.044590	0.059416	0.160692	0.327999	0.216549	0.056599	2.506836	9.252798	10.974027	2.931178	14.255241	15.783638	14.413916	10.806711	82.025900
151.875000	156.444000	0.106966	0.026733	0.075595	0.021554	0.498703	0.113793	0.282755	0.067662	1.238382	7.846671	11.983794	1.915337	14.158203	15.663981	14.060374	11.389693	79.450100
163.125000	156.444000	0.095399	0.027485	0.052174	0.015753	0.213582	0.134175	0.179677	0.054807	1.013538	6.406025	12.837113	2.966306	13.135803	15.451810	13.717123	11.867077	78.167800
174.375000	156.444000	0.069480	0.047128	0.031143	0.077042	0.139661	0.114119	0.086380	0.142040	0.913313	5.304242	13.484935	4.563002	12.477237	14.493197	13.910972	11.715979	77.569800
185.625000	156.444000	0.035840	0.088905	0.064338	0.059675	0.125506	0.115112	0.095475	0.115541	0.862565	4.457912	13.420130	5.609232	12.041247	14.017058	14.596455	12.050747	77.755800
196.875000	156.444000	0.012394	0.052152	0.044374	0.086999	0.209280	0.058479	0.128632	0.133424	0.994813	2.967075	12.953264	6.199736	11.692455	13.854650	15.137739	13.168714	77.694100
208.125000	156.444000	0.014646	0.053649	0.035332	0.145015	0.498222	0.063178	0.245340	0.102789	1.217629	1.965620	12.088069	8.206241	11.735432	14.163519	15.520234	14.368112	80.423000
219.375000	156.444000	0.063511	0.028235	0.052390	0.207493	0.180791	0.063831	0.200618	0.316192	2.493095	2.875194	11.294827	9.660209	10.445274	14.259991	15.888140	14.573496	82.603300
230.625000	156.444000	0.055267	0.214140	0.042056	0.050054	0.116669	0.132592	0.399767	0.230965	2.902507	2.329828	9.406871	11.120205	10.941760	14.151191	15.507002	14.389035	81.990000
241.875000	156.444000	0.005842	0.096248	0.046333	0.071169	0.066528	0.501876	0.124974	0.263966	1.971909	1.274584	7.679988	12.587733	11.516702	14.360534	15.590468	14.458929	80.617700
253.125000	156.444000	0.007661	0.029544	0.034166	0.066449	0.085716	0.181924	0.121429	0.131665	3.081246	0.823346	6.570616	13.153559	11.932221	12.960502	15.216681	13.808280	78.205000
264.375000	156.444000	0.045461	0.035024	0.057684	0.047847	0.161387	0.147815	0.120683	0.112706	4.527807	0.884768	5.544077	13.608324	12.034461	12.374206	14.284759	13.702081	77.689100
275.625000	156.444000	0.056204	0.057018	0.080402	0.053541	0.131378	0.110213	0.151686	0.095489	5.809199	0.902061	4.546377	13.433362	12.486738	12.221637	13.694956	14.488108	78.318400
286.875000	156.444000	0.084376	0.023230	0.051696	0.058276	0.098311	0.190311	0.075422	0.159794	6.291639	0.997248	2.954758	13.238835	13.132523	11.754206	14.100184	15.233080	78.443900
298.125000	156.444000	0.102151	0.011170	0.051836	0.034995	0.093884	0.585042	0.043026	0.212484	7.924120	1.101470	2.045512	12.400444	14.098827	11.592590	14.501340	15.389154	80.188000
309.375000	156.444000	0.242024	0.042900	0.034017	0.054117	0.395766	0.137224	0.084820	0.226864	9.641638	2.616100	2.853344	11.497928	14.695755	10.399368	14.293354	15.620552	82.835800
320.625000	156.444000	0.044672	0.066640	0.261375	0.045377	0.316592	0.084817	0.126644	0.315347	11.102924	2.837940	2.460071	9.291738	14.186251	11.116009	14.193263	15.602004	82.051500
331.875000	156.444000	0.065919	0.020760	0.087845	0.056560	0.237763	0.074582	0.474282	0.102828	12.198679	2.096983	1.215830	7.993663	13.828637	11.651514	14.055284	15.526002	79.687000
343.125000	156.444000	0.048737	0.005873	0.028815	0.057262	0.164529	0.051034	0.176432	0.115026	13.421487	2.964078	0.975869	6.525897	14.269604	11.694943	13.202757	15.279563	78.981800
354.375000	156.444000	0.075502	0.045108	0.042194	0.051995	0.087413	0.145067	0.124923	0.129558	13.291651	4.331617	0.889057	5.773020	13.709320	11.516475	12.005735	14.331807	76.550300
6.428570	159.423000	0.034035	0.014689	0.000742	0.056331	0.304486	0.179749	0.333099	0.226126	12.644169	5.610691	1.027113	4.307776	14.488787	13.123476	12.655366	13.827846	78.834400
19.285700	159.423000	0.027650	0.013234	0.034616	0.044306	0.335667	0.138845	0.322994	0.077390	12.236792	6.620571	1.223091	2.830283	14.838144	13.662950	12.648467	13.854763	78.909800
32.142900	159.423000	0.018424	0.070464	0.159410	0.120973	0.336862	0.180291	0.166506	0.076303	11.343097	8.115401	1.907941	1.782256	14.876258	14.209662	12.068730	14.150739	79.583400
45.000000	159.423000	0.008965	0.227446	0.111476	0.232297	0.360709	0.407984	0.102056	0.082362	9.744987	9.831133	2.668848	2.509619	14.931110	14.246645	11.442397	14.316313	81.224400
57.857100	159.423000	0.038057	0.081179	0.153547	0.102839	0.168941	0.348636	0.075146	0.236592	7.991492	11.525297	1.766433	1.853552	14.906794	13.932461	12.428040	14.097130	79.706100
70.714300	159.423000	0.050812	0.072992	0.019314	0.014291	0.144849	0.410794	0.076087	0.372694	6.476881	12.193363	2.886029	1.177977	14.894806	13.825471	12.835982	13.333950	78.786200
83.571400	159.423000	0.046110	0.027661	0.005573	0.015800	0.182184	0.316471	0.224357	0.351933	5.611415	12.866066	4.265918	0.920876	14.500096	13.411082	12.404968	12.755570	77.906100
96.428600	159.423000	0.063502	0.042227	0.009473	0.013958	0.243876	0.352408	0.153501	0.350092	4.438720	12.717682	5.551496	0.864429	13.955759	14.169513	12.995110	12.486398	78.408100
109.286000	159.423000	0.051199	0.031462	0.019123	0.039558	0.089827	0.385965	0.136364	0.277412	2.863003	12.042152	6.627707	1.190564	14.185007	14.731493	13.637503	12.420236	78.728500
122.143000	159.423000	0.132983	0.023662	0.098513	0.122847	0.116377	0.309576	0.165960	0.209423	1.980165	11.360740	8.064338	1.892752	13.974646	15.101096	14.167816	12.505512	80.226400
135.000000	159.423000	0.228959	0.024260	0.215478	0.118966	0.083216	0.421930	0.427489	0.084763	2.632420	9.465749	9.725398	2.614618	14.172114	14.823102	14.011063	12.046676	81.096200
147.857000	159.423000	0.103457	0.024552	0.066139	0.122712	0.221077	0.179370	0.330103	0.048324	1.871557	8.067176	10.954981	1.836712	14.442304	15.323784	14.411767	12.160565	80.164600
160.714000	159.423000	0.035778	0.019399	0.049316	0.053695	0.403078	0.165455	0.286117	0.077189	1.139241	6.754840	11.951222	3.029731	13.643271	15.246539	14.166685	12.924537	79.946100
173.571000	159.423000	0.035980	0.057839	0.025324	0.018497	0.345228	0.171183	0.325539	0.213497	0.903543	5.602491	12.233965	4.531765	12.913793	14.599170	13.699933	12.349211	78.027100
186.429000	159.423000	0.004452	0.014611	0.015879	0.019581	0.406222	0.225603	0.286683	0.173901	0.991515	4.406725	12.690426	5.314647	12.581513	13.710903	14.673814	12.701849	78.218200
199.286000	159.423000	0.036663	0.038988	0.023233	0.009812	0.439025	0.061724	0.396136	0.167562	1.207902	2.878124	12.218471	6.847388	12.590108	13.797649	15.202996	13.623026	79.538700
212.143000	159.423000	0.156068	0.078901	0.021444	0.088961	0.219983	0.081668	0.349689	0.165234	1.929282	1.815642	11.262504	8.500147	12.246632	14.633325	15.341993	14.537984	81.429300
225.000000	159.423000	0.118528	0.200475	0.011048	0.158616	0.090990	0.074087	0.422374	0.405757	2.784592	2.644057	9.734966	10.005733	11.515231	14.255919	15.193835	13.926467	81.542600
237.857000	159.423000	0.131325	0.075563	0.030090	0.079352	0.089254	0.243091	0.193175	0.337097	1.849831	1.781091	8.142556	11.424414	12.558781	14.103803	15.190895	14.143387	80.373700
250.714000	159.423000	0.023086	0.012451	0.020866	0.082424	0.120929	0.235696	0.131219	0.331901	2.695042	1.187398	6.610664	12.222316	12.481535	13.760214	15.229461	14.008236	79.153500
263.571000	159.423000	0.014526	0.016327	0.038012	0.027532	0.235495	0.360316	0.171558	0.358287	4.409326	0.911814	5.480946	12.595763	12.870251	12.885858	14.106857	14.052570	78.535400
276.429000	159.423000	0.029484	0.016550	0.043521	0.042514	0.197778	0.414221	0.233635	0.398659	5.392685	0.971180	4.584333	12.577555	12.643830	12.740415	13.638408	14.175507	78.100200
289.286000	159.423000	0.020511	0.015636	0.062354	0.038493	0.177751	0.389634	0.075676	0.334723	6.607893	1.248063	2.807132	12.205464	13.232275	12.833946	13.712826	15.125411	78.887800
302.143000	159.423000	0.103794	0.135255	0.101526	0.013753	0.204917	0.208183	0.099196	0.323221	8.288372	1.884925	1.968029	11.282217	13.844132	12.304538	14.426357	15.660927	80.849300
315.000000	159.423000	0.241893	0.120149	0.226261	0.017941	0.383416	0.075619	0.106598	0.410475	9.667255	2.552754	2.728858	9.866736	14.236579	11.957329	14.221424	15.432245	82.245500
327.857000	159.423000	0.113053	0.147798	0.068600	0.021733	0.364075	0.059214	0.215319	0.151144	11.283755	1.917588	1.935921	8.186177	13.870257	12.406325	14.351260	15.174156	80.266400
340.714000	159.423000	0.062188	0.042113	0.009662	0.021867	0.318744	0.123810	0.244433	0.128260	12.231477	3.018319	1.240859	6.917813	14.030742	12.531750	13.620199	15.246652	79.788700
353.571000	159.423000	0.028834	0.015097	0.028901	0.028647	0.332106	0.238309	0.390652	0.147470	12.300806	4.276403	0.905211	5.453938	13.709998	12.533560	12.760659	14.531311	77.682000
7.500000	162.388000	0.033963	0.002629	0.021160	0.056827	0.475537	0.294708	0.214088	0.330173	11.791189	5.456867	1.073928	4.293672	14.199823	13.283508	13.119065	13.457113	78.104200
22.500000	162.388000	0.012939	0.014488	0.203328	0.080750	0.523840	0.165736	0.237925	0.087708	11.298537	6.891892	1.401864	3.000110	14.463340	13.994664	13.092487	13.894912	79.364400
37.500000	162.388000	0.010062	0.064499	0.109520	0.190863	0.388497	0.153349	0.102663	0.086987	9.802169	8.520346	2.385664	1.901607	15.500668	14.022147	13.140666	13.867317	80.247200
52.500000	162.388000	0.000000	0.200379	0.162580	0.067855	0.191372	0.397275	0.087977	0.124605	8.389029	9.943631	1.856685	2.197526	15.049071	14.312581	12.685676	14.042278	79.708500
67.500000	162.388000	0.030993	0.078416	0.223785	0.019886	0.161526	0.520195	0.075064	0.376947	6.787831	10.765656	2.963874	1.303051	15.016386	13.977474	13.237817	14.087404	79.626200
82.500000	162.388000	0.045684	0.042538	0.006320	0.011271	0.273081	0.631048	0.310911	0.260015	5.669784	11.824666	4.290585	1.084063	14.004051	13.453946	12.937544	13.098594	77.944200
97.500000	162.388000	0.037591	0.040195	0.023620	0.006527	0.304192	0.588932	0.327893	0.249428	4.296862	11.365491	5.782486	1.175387	13.472381	14.182519	13.490137	12.953151	78.296800
112.500000	162.388000	0.081911	0.014773	0.011985	0.205364	0.088145	0.478161	0.186643	0.256271	2.854746	11.001215	6.855327	1.418116	13.764964	14.594759	13.968200	13.156613	78.937200
127.500000	162.388000	0.149993	0.010945	0.080201	0.135437	0.122544	0.439432	0.254711	0.123186	1.933693	9.565433	8.718504	2.189417	13.920925	15.414601	14.161822	12.276942	79.497700
142.500000	162.388000	0.045978	0.014755	0.190825	0.121489	0.117322	0.232510	0.428945	0.103146	2.330054	8.472314	10.085658	1.876443	14.152774	14.990713	14.052005	12.363688	79.578600
157.500000	162.388000	0.029748	0.019796	0.083843	0.188105	0.395461	0.151329	0.463725	0.108824	1.456954	7.073458	11.119165	2.943697	14.346962	14.850698	13.545442	12.889138	79.666300
172.500000	162.388000	0.006843	0.021021	0.039619	0.009490	0.207370	0.321159	0.503831	0.296179	1.243290	5.391927	11.756468	4.197879	13.212144	14.152661	13.348539	13.088868	77.797200
187.500000	162.388000	0.008531	0.039660	0.043742	0.009719	0.215818	0.302767	0.531451	0.317845	1.135328	4.267332	11.376348	5.397853	12.743129	13.489798	14.163971	13.166905	77.210100
202.500000	162.388000	0.215937	0.084752	0.021512	0.023364	0.360776	0.080735	0.519932	0.163656	1.430444	2.819166	11.078020	7.147899	12.936186	13.630038	14.695076	13.749469	78.956900
217.500000	162.388000	0.166206	0.161475	0.019861	0.060366	0.141896	0.081142	0.454508	0.187391	2.244914	1.784303	9.764926	8.636271	12.685676	14.094982	15.104036	14.049856	79.637900
232.500000	162.388000	0.123881	0.070019	0.016109	0.192587	0.097847	0.112913	0.202007	0.447498	1.728840	2.191781	8.436473	10.029223	12.470791	14.309640	15.100643	14.127441	79.657600
247.500000	162.388000	0.219171	0.026652	0.023116	0.090145	0.081744	0.251506	0.173462	0.446662	2.963003	1.513887	6.911186	10.953941	12.902823	14.127667	14.437440	13.695069	78.817400
262.500000	162.388000	0.013245	0.003013	0.034894	0.054601	0.247527	0.242984	0.265634	0.551969	4.408500	1.075457	5.545061	11.584899	13.152315	12.807708	14.407809	13.437321	77.832800
277.500000	162.388000	0.012571	0.009813	0.047787	0.030983	0.309296	0.252803	0.335996	0.628697	5.477937	1.071462	4.325294	11.547012	12.933020	12.864370	13.451797	14.014456	77.313200
292.500000	162.388000	0.017098	0.219324	0.073802	0.022884	0.152908	0.328811	0.080002	0.440356	6.889302	1.407813	2.827286	10.637811	13.760553	13.225602	13.489798	14.821519	78.395000
307.500000	162.388000	0.059997	0.147158	0.168218	0.015133	0.212958	0.161770	0.131183	0.408346	8.652885	2.243738	1.775764	9.987083	14.141691	12.365045	14.522037	15.023285	80.016300
322.500000	162.388000	0.157645	0.138671	0.081538	0.013733	0.428484	0.090139	0.126049	0.204615	9.981168	1.997831	2.324682	8.439052	13.924883	12.387099	14.351486	15.229348	79.876400
337.500000	162.388000	0.110848	0.227370	0.013307	0.018210	0.508781	0.090966	0.245111	0.137399	11.152325	2.850290	1.533147	6.864759	13.546912	12.897959	13.856799	14.775601	78.829800
352.500000	162.388000	0.055104	0.022420	0.000000	0.047484	0.598763	0.308983	0.246930	0.287565	11.604465	4.430905	1.174448	5.609300	13.779892	12.930645	13.079028	14.499078	78.675000
9.000000	165.341000	0.024683	0.018889	0.008362	0.043110	0.467688	0.523987	0.116699	0.375535	10.450872	5.576015	1.594446	4.308941	13.981884	13.114993	13.228769	13.624271	77.459200
27.000000	165.341000	0.005027	0.003457	0.011357	0.089483	0.435572	0.213935	0.159097	0.140036	10.314884	7.053474	1.777845	2.837963	14.478155	14.468655	12.845143	13.211013	78.045200
45.000000	165.341000	0.014826	0.060005	0.020947	0.060210	0.278730	0.257062	0.105943	0.124639	8.699255	8.773130	1.965914	1.866966	14.210906	13.935741	13.056635	14.428732	77.859800
63.000000	165.341000	0.019420	0.105472	0.006798	0.012547	0.175417	0.392599	0.116139	0.152174	7.151325	9.885499	3.135612	1.701267	14.559925	13.382129	12.702414	14.505638	78.004300
81.000000	165.341000	0.035366	0.067918	0.012800	0.004738	0.655972	0.349277	0.368776	0.180065	5.577316	10.498532	4.295731	1.487795	13.710790	13.502238	13.017956	13.334854	77.100200
99.000000	165.341000	0.068695	0.042286	0.007087	0.008462	0.369843	0.420049	0.561796	0.150968	4.366711	10.421116	5.566334	1.555292	13.840173	13.968539	13.527912	13.319812	78.195200
117.000000	165.341000	0.072635	0.023226	0.003533	0.029493	0.074863	0.366750	0.184870	0.140225	3.115605	9.834831	7.212964	1.665098	13.372177	14.220067	14.207740	12.745504	77.269600
135.000000	165.341000	0.041951	0.017764	0.045163	0.010478	0.110353	0.302483	0.293247	0.101090	2.073413	8.865892	8.752354	1.836938	14.116583	14.533912	13.828411	13.316420	78.246400
153.000000	165.341000	0.011264	0.017298	0.090077	0.016210	0.132397	0.222648	0.393399	0.081833	1.700509	7.004604	10.175345	3.015729	14.270735	14.121446	13.658200	13.027230	77.939000
171.000000	165.341000	0.029442	0.046764	0.035626	0.024507	0.219094	0.519614	0.376524	0.387158	1.602476	5.692257	10.337979	4.216529	13.272312	14.273789	13.375230	13.344015	77.753300
189.000000	165.341000	0.014950	0.051796	0.039855	0.016437	0.191306	0.344841	0.465140	0.523146	1.506355	4.085449	10.196290	5.792778	13.053921	13.418886	13.817441	13.503369	77.022100
207.000000	165.341000	0.017841	0.099849	0.008028	0.009704	0.141101	0.120061	0.447942	0.183169	1.734246	3.009260	10.019926	7.326434	12.741998	13.509477	14.896389	14.460852	78.726300
225.000000	165.341000	0.011274	0.060686	0.007915	0.071442	0.136934	0.132310	0.273849	0.266087	2.098894	1.937482	8.563877	8.626194	13.020670	14.017171	14.436083	13.987087	77.647900
243.000000	165.341000	0.018957	0.006076	0.021509	0.110361	0.129397	0.106176	0.184492	0.347020	2.940305	1.770969	7.380709	10.064249	13.020896	14.313712	14.093059	13.705361	78.213300
261.000000	165.341000	0.012743	0.005932	0.043062	0.051408	0.336629	0.118316	0.530657	0.520752	4.204789	1.505563	5.608531	10.725258	13.429404	13.294139	13.661140	13.414475	77.462700
279.000000	165.341000	0.013732	0.005269	0.046678	0.017974	0.588312	0.250188	0.365978	0.519561	5.772183	1.488180	4.153262	10.491293	13.318003	13.054939	13.294592	13.889710	77.269900
297.000000	165.341000	0.007790	0.006125	0.099068	0.005928	0.211714	0.134000	0.088801	0.394378	7.102241	1.788340	2.994976	10.099151	14.171435	13.099499	13.645985	14.289622	78.139000
315.000000	165.341000	0.066643	0.012091	0.068659	0.015203	0.274819	0.117064	0.112713	0.244293	8.609942	1.913777	1.821240	8.716728	13.875460	13.308277	14.039451	14.435631	77.632000
333.000000	165.341000	0.115056	0.024969	0.000000	0.013926	0.417976	0.113592	0.128629	0.196770	10.118660	2.981517	1.671205	7.555547	13.798554	12.908251	14.352391	14.112286	78.509300
351.000000	165.341000	0.055812	0.015752	0.009882	0.041423	0.474601	0.306706	0.117328	0.595382	10.406764	4.202369	1.503980	5.631196	13.611491	12.921936	13.441166	13.914026	77.249800
11.250000	168.284000	0.037183	0.011865	0.003370	0.050031	0.376432	0.559096	0.130085	0.479261	9.230643	5.883584	1.850024	4.481753	13.805566	13.593734	13.124606	12.896376	76.513600
33.750000	168.284000	0.014658	0.006846	0.016218	0.051719	0.271526	0.223017	0.132688	0.186734	8.765304	7.363700	2.075585	3.091674	13.974194	14.067160	12.492619	13.432684	76.166400
56.250000	168.284000	0.021435	0.032836	0.024047	0.002576	0.200282	0.302527	0.148284	0.105366	7.142549	8.572869	3.124110	2.026930	13.738273	13.333950	12.521572	14.177769	75.475400
78.750000	168.284000	0.021834	0.033417	0.004763	0.011751	0.561834	0.335917	0.472344	0.181942	6.049215	9.420895	4.065725	1.902128	13.622122	12.934603	12.760999	13.698915	76.078400
101.250000	168.284000	0.032617	0.016369	0.007180	0.031452	0.522122	0.385731	0.570939	0.118321	4.169017	9.449407	5.788570	1.795624	13.640443	13.510495	13.184322	12.958467	76.181000
123.750000	168.284000	0.045143	0.011926	0.007142	0.207675	0.134787	0.237394	0.280704	0.158013	2.931223	8.968223	7.614742	2.092730	13.645872	14.026558	13.996474	13.040801	77.399400
146.250000	168.284000	0.013466	0.012779	0.036640	0.230117	0.148407	0.243772	0.288749	0.120591	1.882053	7.744759	8.656685	3.069971	13.690998	13.837685	13.424088	12.723903	76.124600
168.750000	168.284000	0.013243	0.021096	0.041561	0.062119	0.229015	0.622517	0.345356	0.513120	1.859603	5.910874	9.637567	4.417424	13.675956	13.584800	13.124606	13.150393	77.209200
191.250000	168.284000	0.011960	0.048977	0.019340	0.011232	0.271128	0.493828	0.399592	0.525987	1.922248	4.300277	9.319673	6.001567	13.133541	13.069076	13.518185	13.604818	76.651300
213.750000	168.284000	0.086656	0.044536	0.021477	0.014579	0.133522	0.164971	0.337130	0.216106	1.969364	2.991911	8.693012	7.316301	12.517161	13.469893	13.846394	14.156280	75.979300
236.250000	168.284000	0.055415	0.016051	0.025104	0.049633	0.179484	0.135543	0.265479	0.319635	3.151016	2.194586	7.627330	8.422110	12.198792	14.150739	13.695183	13.723118	76.209200
258.750000	168.284000	0.015413	0.006252	0.018169	0.044521	0.479399	0.139745	0.653870	0.437818	4.096340	2.052592	5.743693	9.495392	12.992396	13.756821	13.633431	13.291991	76.857800
281.250000	168.284000	0.005984	0.012669	0.031903	0.013141	0.540450	0.159453	0.475340	0.426247	5.738220	1.990626	4.227511	9.503139	13.648021	13.089207	13.629021	13.533114	77.024100
303.750000	168.284000	0.005073	0.009687	0.029223	0.022939	0.244632	0.152612	0.100570	0.294923	7.459357	2.142663	3.258979	8.876795	13.841870	12.720962	13.614092	13.728433	76.502800
326.250000	168.284000	0.022159	0.010746	0.006735	0.014188	0.279710	0.151263	0.145417	0.304100	8.821784	3.100959	2.063992	7.231478	13.234537	12.339711	14.186251	14.092380	76.005400
348.750000	168.284000	0.042462	0.010960	0.017115	0.024161	0.368791	0.514193	0.098645	0.541706	9.650788	4.286502	1.918764	5.930519	13.141232	13.160232	13.546233	13.327390	76.579700
15.000000	171.220000	0.014754	0.006608	0.007006	0.024448	0.287083	0.492935	0.095072	0.706058	8.569883	6.120296	1.286923	4.386265	13.428838	14.174602	12.130707	13.009021	74.740500
45.000000	171.220000	0.007252	0.005311	0.006431	0.003317	0.245800	0.247140	0.194143	0.201843	7.367839	7.961521	3.101932	2.882376	13.739404	13.671998	10.365054	13.489798	73.491100
75.000000	171.220000	0.013823	0.013457	0.001784	0.002941	0.534035	0.291989	0.799151	0.176154	6.042531	8.370583	4.180213	1.947649	13.660122	12.994545	11.884268	13.684551	74.597800
105.000000	171.220000	0.016315	0.007368	0.002496	0.011384	0.764474	0.340938	0.561282	0.100009	3.990934	8.264972	5.771504	1.956539	13.317098	13.330783	13.500768	11.548821	73.485700
135.000000	171.220000	0.008470	0.002609	0.007736	0.002717	0.247909	0.227289	0.233180	0.219447	3.018647	7.698434	7.319716	3.067415	13.205132	13.410743	13.506875	9.746593	71.923000
165.000000	171.220000	0.004286	0.004485	0.016648	0.012140	0.160168	0.546619	0.321618	0.812842	1.235905	5.713214	8.284572	4.452846	13.558448	13.470797	13.281359	12.272757	74.148700
195.000000	171.220000	0.005284	0.030123	0.005626	0.004608	0.301126	0.851375	0.305963	0.559937	1.573557	4.127024	8.426645	6.217492	12.071896	12.876697	13.043742	13.822756	74.223900
225.000000	171.220000	0.004361	0.010749	0.006423	0.002783	0.278636	0.232349	0.307022	0.207266	3.085736	3.268988	7.799362	7.535020	10.191699	13.119856	13.063986	13.421487	72.535700
255.000000	171.220000	0.004677	0.000000	0.008848	0.016093	0.812081	0.249938	0.512351	0.270956	4.123325	1.827234	5.975373	8.609184	12.222090	14.048159	12.996693	13.247996	74.925100
285.000000	171.220000	0.003779	0.001096	0.013479	0.016999	0.601525	0.163610	0.820150	0.304525	6.120025	1.857952	4.485022	8.196322	14.196091	11.964341	13.398189	13.159893	75.303000
315.000000	171.220000	0.006122	0.002864	0.008914	0.003578	0.206890	0.227301	0.228022	0.273131	7.395491	3.284200	2.961612	7.596556	13.313818	10.463596	13.497941	13.343563	72.813500
345.000000	171.220000	0.019720	0.005808	0.004566	0.013792	0.319535	0.748890	0.091964	0.484049	8.633093	4.200503	1.510958	5.884862	13.163399	12.286668	13.815857	13.314497	74.498200
22.500000	174.150000	0.002489	0.010419	0.010053	0.017061	0.263823	0.476926	0.315875	0.998682	7.455851	6.229107	2.177078	4.416530	13.136482	13.054147	10.166037	13.155030	71.885600
67.500000	174.150000	0.003433	0.028360	0.007678	0.005216	0.487404	0.260180	1.103883	0.345067	6.285780	7.240853	4.344340	2.925014	13.145190	13.445124	10.005721	13.214180	72.847400
112.500000	174.150000	0.013313	0.010949	0.012395	0.009218	1.048148	0.182697	0.446376	0.353947	4.289556	7.326083	6.169358	2.970400	12.985723	12.988437	13.402260	9.468701	71.677600
157.500000	174.150000	0.014189	0.010092	0.019134	0.006690	0.360129	0.541527	0.193372	1.211318	2.418587	6.148740	7.520000	4.031988	13.117594	12.987080	13.032206	10.250125	71.862800
202.500000	174.150000	0.013746	0.017011	0.007503	0.008422	0.379442	1.049976	0.220654	0.530618	2.644849	4.301827	7.504517	6.008036	9.732750	12.843220	13.306580	13.244716	71.813900
247.500000	174.150000	0.003779	0.000000	0.002955	0.018839	1.189332	0.322263	0.508475	0.199204	4.317004	2.904419	6.014358	7.634443	10.275300	13.238609	12.893209	12.943085	72.465200
292.500000	174.150000	0.005984	0.003205	0.014932	0.016098	0.494725	0.271551	1.084520	0.208261	6.285611	3.006591	4.241659	7.439746	13.059123	9.932536	13.272538	13.351254	72.688200
337.500000	174.150000	0.016694	0.005915	0.005554	0.009734	0.323414	1.017458	0.319550	0.552486	7.484420	4.149111	2.626833	6.087000	13.134333	9.548480	13.428499	13.243246	71.952800
45.000000	177.076000	0.000000	0.004045	0.004481	0.000000	0.486933	0.447424	1.229809	1.127881	6.202608	6.040031	4.413657	4.659011	13.147678	12.812797	11.364812	12.942407	74.883600
135.000000	177.076000	0.006938	0.000000	0.012648	0.004487	1.126973	0.428407	0.466074	1.172050	4.545699	6.131866	6.131097	4.160908	13.105154	12.994431	13.251502	11.340157	74.878400
225.000000	177.076000	0.012254	0.010325	0.000000	0.011383	1.152892	1.099546	0.406170	0.477723	4.486831	4.378846	6.058104	6.087249	11.398402	12.960276	12.442743	13.116916	74.099600
315.000000	177.076000	0.021865	0.005698	0.017018	0.000762	0.541632	1.206794	1.171722	0.497608	6.098287	4.450697	4.390676	6.422696	12.875340	11.576756	13.234537	12.970568	75.482700
