# phi	theta	PMT0	PMT1	PMT2	PMT3	PMT4	PMT5	PMT6	PMT7	PMT8	PMT9	PMT10	PMT11	PMT12	PMT13	PMT14	PMT15 	total
45.000000	2.924180	15.677440	15.487549	14.180370	15.242467	3.950705	6.120828	4.475216	4.409156	0.132969	0.227294	0.779351	0.873878	0.008832	0.004702	0.000000	0.001142	81.571800
135.000000	2.924180	15.754685	15.858508	15.542062	13.764398	2.574322	6.096173	5.892111	4.219424	0.716569	0.223917	0.289107	0.762837	0.008939	0.000000	0.003500	0.000000	81.706700
225.000000	2.924180	13.467178	15.881467	15.993660	15.977147	2.570318	4.395132	6.249171	6.308671	0.756475	0.796592	0.249820	0.243454	0.003278	0.004786	0.003892	0.002939	82.904100
315.000000	2.924180	16.238402	13.563537	15.330570	15.611730	4.007717	3.978504	4.348570	6.287511	0.111051	0.814349	0.810177	0.217581	0.005403	0.000000	0.006029	0.003044	81.334100
22.500000	5.850270	16.290993	15.541044	11.301760	15.733083	4.994480	6.246818	2.552335	3.968506	0.214335	0.203831	0.392423	0.896501	0.008252	0.000793	0.000000	0.013676	78.358900
67.500000	5.850270	15.777078	15.802751	11.644049	15.580628	3.997753	7.281964	3.857105	2.838732	0.119719	0.232682	0.850945	0.411626	0.009099	0.023005	0.003361	0.002977	78.433400
112.500000	5.850270	15.879884	16.134805	16.567855	11.389920	2.635632	7.238003	5.885472	2.902473	0.713021	0.266811	0.192543	0.496258	0.023626	0.001763	0.000839	0.002555	80.331400
157.500000	5.850270	15.773233	16.283076	16.059709	11.784742	1.513027	5.796091	7.546397	4.158171	0.519940	0.254178	0.270616	0.888539	0.000851	0.002925	0.007300	0.000000	80.858800
202.500000	5.850270	10.982373	15.434393	15.939712	16.112525	1.695080	3.825529	7.542054	6.170772	0.452662	0.829808	0.186643	0.219582	0.005997	0.027947	0.003468	0.003854	79.432400
247.500000	5.850270	11.746515	15.999880	16.385090	15.900015	2.512129	2.885023	6.020952	7.717615	0.848136	0.468344	0.232603	0.235187	0.000798	0.000000	0.000000	0.017383	80.969600
292.500000	5.850270	15.495805	11.812225	15.915962	16.380226	3.806822	2.799148	4.051158	7.158699	0.178132	0.426876	0.867409	0.226663	0.004790	0.000000	0.016585	0.012449	79.153000
337.500000	5.850270	15.694291	11.259643	16.018089	16.261248	5.007554	3.909470	2.634297	5.932736	0.182894	0.930577	0.392967	0.218289	0.013541	0.000000	0.002107	0.003043	78.460700
15.000000	8.780180	16.491627	16.002934	14.478947	15.732970	6.488439	5.806055	1.204204	3.871865	0.209552	0.216121	0.059820	0.754623	0.011749	0.000000	0.000000	0.021231	81.350200
45.000000	8.780180	17.021262	16.438245	11.562619	15.908045	5.502536	7.791321	3.066397	3.035555	0.161511	0.211882	0.199781	0.252264	0.000802	0.002277	0.004148	0.003971	81.162700
75.000000	8.780180	17.002262	16.457359	13.154351	15.132763	4.256678	8.751223	4.199338	1.593247	0.172410	0.237223	0.762912	0.158241	0.007342	0.006213	0.010073	0.002242	81.903800
105.000000	8.780180	15.933153	16.796990	15.552580	12.743921	2.881166	8.639879	5.589677	1.594197	0.629665	0.208617	0.264800	0.095535	0.017675	0.022873	0.003855	0.000901	80.975400
135.000000	8.780180	16.574415	16.899569	16.151770	10.709888	2.219694	7.478867	7.514040	2.890983	0.220699	0.183906	0.255693	0.243330	0.014090	0.006585	0.019337	0.000000	81.382900
165.000000	8.780180	16.407709	16.846866	15.949212	14.257955	1.226032	5.596135	8.599548	3.914208	0.128994	0.309817	0.218345	0.700795	0.003772	0.002380	0.008605	0.007294	84.177600
195.000000	8.780180	14.476346	16.260004	16.900022	16.747340	1.074729	4.014888	8.588634	5.959868	0.180335	0.780262	0.199915	0.303744	0.004376	0.015059	0.003516	0.000000	85.509100
225.000000	8.780180	12.089540	16.204247	16.863718	16.488008	2.173278	2.937534	7.820590	7.453363	0.245935	0.279950	0.171760	0.192246	0.000000	0.004077	0.000000	0.005429	82.929600
255.000000	8.780180	13.853066	16.495699	16.530533	15.736024	2.925206	1.805791	5.775395	8.847322	0.592253	0.148032	0.260684	0.201477	0.004504	0.000859	0.007717	0.020296	83.204800
285.000000	8.780180	15.309534	14.162953	16.097935	16.344148	4.098421	1.586756	4.117128	8.642367	0.197545	0.137310	0.776740	0.301450	0.000000	0.000000	0.010263	0.010316	81.792900
315.000000	8.780180	16.010964	11.772641	16.075881	16.470139	5.447955	3.173330	2.946276	7.633064	0.135004	0.214633	0.210069	0.218167	0.003179	0.000000	0.012007	0.009639	80.332900
345.000000	8.780180	16.164324	14.093964	16.207187	16.130507	6.298945	3.954765	1.420503	5.891093	0.159501	0.761225	0.109283	0.262524	0.009167	0.003989	0.000000	0.014830	81.481800
11.250000	11.715900	17.036756	15.423536	15.078928	15.958713	7.563791	5.576264	1.730061	4.143038	0.201991	0.254514	0.041546	0.499195	0.006339	0.008163	0.004022	0.032966	83.559900
33.750000	11.715900	17.204932	16.953064	14.384737	15.442649	6.904366	7.621878	2.055668	3.203991	0.233790	0.215596	0.046520	0.137995	0.004864	0.013063	0.002377	0.052236	84.477900
56.250000	11.715900	17.777205	16.223021	13.940604	15.358618	5.357059	9.178222	2.821869	1.964535	0.170326	0.271719	0.130003	0.096803	0.014493	0.036170	0.002186	0.006361	83.349300
78.750000	11.715900	16.921397	16.642838	14.849454	14.913919	4.256497	9.848041	4.155026	1.817994	0.211065	0.291218	0.483567	0.099071	0.013832	0.026174	0.002927	0.007671	84.540700
101.250000	11.715900	16.339851	16.584028	15.334302	13.847185	3.292693	10.201029	5.809946	1.893419	0.399945	0.210551	0.348034	0.067931	0.022266	0.019754	0.003463	0.000000	84.374400
123.750000	11.715900	16.111394	17.924797	16.810449	13.636937	2.591049	9.086376	7.795471	1.910271	0.109347	0.239469	0.211855	0.118760	0.044262	0.006872	0.005219	0.011119	86.613600
146.250000	11.715900	16.815312	17.557796	16.082102	13.883829	1.680694	7.450954	8.995310	2.790043	0.051592	0.233072	0.264354	0.142714	0.006332	0.009618	0.036510	0.015380	86.015700
168.750000	11.715900	15.775721	16.703006	16.185699	14.762030	1.463434	5.625665	9.892386	4.064175	0.061310	0.280670	0.235622	0.533127	0.007031	0.015230	0.033429	0.012844	85.651400
191.250000	11.715900	14.617378	16.265206	16.495133	15.705035	1.525853	4.384818	10.044536	5.879275	0.177521	0.474671	0.284692	0.318143	0.014043	0.021326	0.010321	0.003439	86.221400
213.750000	11.715900	13.370706	16.291106	17.416763	16.454531	1.715664	2.870501	9.216890	7.560693	0.046157	0.137962	0.315825	0.262883	0.037710	0.037489	0.008406	0.010408	85.753800
236.250000	11.715900	13.684438	16.566045	17.366322	16.066381	2.444870	1.913347	7.748129	9.301125	0.153281	0.070528	0.188310	0.256647	0.013639	0.000000	0.015480	0.067671	85.856100
258.750000	11.715900	14.352504	15.719512	16.241343	16.694976	3.041708	1.633114	5.646011	10.345782	0.433003	0.193006	0.308351	0.292013	0.003512	0.004187	0.012684	0.014605	84.936300
281.250000	11.715900	14.693153	14.158429	16.002707	16.642047	4.410796	1.754004	4.228653	9.931439	0.286150	0.099215	0.453771	0.298515	0.000000	0.000000	0.018422	0.008623	82.985900
303.750000	11.715900	15.709107	14.372070	16.457019	17.544111	5.479487	1.980255	3.025670	9.047708	0.161892	0.085857	0.155591	0.271869	0.000000	0.000802	0.028041	0.008307	84.327700
326.250000	11.715900	16.226301	14.368112	16.550664	17.394144	6.512065	3.032253	1.945331	7.160961	0.189780	0.142796	0.053968	0.220754	0.020677	0.003580	0.001934	0.011465	83.834700
348.750000	11.715900	16.447859	15.085601	15.646451	16.903980	7.560715	4.114854	1.698236	5.513506	0.143487	0.395463	0.063439	0.319184	0.025640	0.005948	0.009443	0.026958	83.960800
9.000000	14.659300	17.817354	14.673927	14.498852	16.824925	8.780278	5.422633	1.451830	4.008283	0.242582	0.385951	0.085694	0.267335	0.024559	0.003535	0.006633	0.034941	84.529300
27.000000	14.659300	17.905457	16.291671	14.094529	16.575998	8.048278	7.125585	1.516963	3.095338	0.207521	0.130244	0.104119	0.102612	0.011858	0.015223	0.004029	0.051720	85.281100
45.000000	14.659300	18.066168	16.874009	14.222329	15.527246	7.121298	9.208804	1.890773	1.835140	0.171062	0.236629	0.071789	0.052763	0.014972	0.071794	0.008697	0.046259	85.419800
63.000000	14.659300	18.366894	16.631529	14.665671	15.222901	5.942880	10.498520	3.069179	1.594469	0.138119	0.380914	0.113736	0.107508	0.011282	0.055476	0.010876	0.014631	86.824600
81.000000	14.659300	17.447752	16.899343	14.510954	14.077452	4.546626	11.105208	4.280712	1.481100	0.296786	0.333816	0.248183	0.124750	0.031588	0.034462	0.008994	0.004862	85.432500
99.000000	14.659300	16.226640	17.514932	15.291099	13.824340	3.498519	11.336198	5.430663	1.422912	0.246575	0.374705	0.347559	0.087878	0.052055	0.033298	0.005944	0.141499	85.834900
117.000000	14.659300	16.365184	18.508944	16.036863	13.696087	2.532249	10.360711	7.275846	1.619486	0.097262	0.304677	0.161100	0.080776	0.049629	0.014286	0.007260	0.008507	87.118800
135.000000	14.659300	16.201646	18.509849	16.528045	13.697784	1.758584	9.125541	9.258408	1.834337	0.079422	0.234434	0.268864	0.056914	0.043971	0.012180	0.039287	0.014122	87.663500
153.000000	14.659300	16.177895	18.311250	16.375250	14.159108	1.590069	7.306574	10.359094	3.102294	0.040930	0.170199	0.303579	0.097684	0.021867	0.016545	0.081816	0.010802	88.124900
171.000000	14.659300	14.836787	17.274600	16.917891	14.724595	1.290226	5.446926	11.370919	4.210161	0.128669	0.320387	0.342467	0.238613	0.011943	0.016508	0.019890	0.183844	87.334400
189.000000	14.659300	14.312807	17.059715	17.372542	15.208199	1.497047	3.952130	11.332353	5.626864	0.160820	0.270695	0.348879	0.338094	0.129145	0.028311	0.041841	0.020791	87.700400
207.000000	14.659300	14.394463	16.619880	18.135610	16.496377	1.469847	2.995767	10.353462	7.533481	0.065923	0.126933	0.256463	0.169109	0.026685	0.065018	0.010849	0.017697	88.737600
225.000000	14.659300	13.672450	17.020810	18.694650	16.735578	1.649117	1.550768	9.374378	9.111755	0.031175	0.063371	0.218189	0.266644	0.004650	0.050984	0.003976	0.048124	88.496600
243.000000	14.659300	13.486405	16.442430	18.208332	16.620784	2.653897	1.449308	7.225913	10.401766	0.147476	0.086254	0.118128	0.382770	0.005216	0.008980	0.017267	0.060712	87.315700
261.000000	14.659300	13.939812	15.213062	17.532010	16.567742	3.453348	1.495825	5.268492	11.623805	0.232516	0.133994	0.303568	0.405664	0.154571	0.000000	0.051082	0.024391	86.399900
279.000000	14.659300	13.787018	14.794036	16.655279	17.362364	4.209438	1.435929	3.769240	11.353842	0.241772	0.126622	0.258503	0.355756	0.014036	0.003511	0.027840	0.045438	84.440600
297.000000	14.659300	15.716911	14.090571	16.907939	17.674173	5.767557	1.676023	2.916441	10.406527	0.134513	0.065827	0.081411	0.272307	0.014393	0.000000	0.051054	0.015328	85.791000
315.000000	14.659300	15.980993	14.213508	16.300719	18.256737	7.008223	1.898350	1.882833	9.122047	0.162227	0.059396	0.054911	0.235160	0.054684	0.000000	0.045427	0.016850	85.292100
333.000000	14.659300	16.672018	14.336331	16.324130	18.308084	8.064304	2.764167	1.442138	7.542993	0.182678	0.102657	0.084871	0.136679	0.064339	0.004726	0.005724	0.015066	86.050900
351.000000	14.659300	16.662065	14.453500	15.016273	17.295523	8.837810	4.158860	1.398630	5.603792	0.246479	0.239126	0.063174	0.407375	0.045136	0.004005	0.012048	0.027830	84.471600
7.500000	17.612400	17.500795	14.719618	14.008575	17.034947	10.507082	5.438760	1.022980	4.082554	0.266193	0.297798	0.104624	0.164407	0.051824	0.013031	0.018426	0.031674	85.263200
22.500000	17.612400	18.851742	15.575200	14.022939	16.509949	9.838416	7.148973	1.319778	3.051773	0.237483	0.142292	0.127342	0.051058	0.014353	0.003117	0.024760	0.033173	86.952500
37.500000	17.612400	18.552826	16.328202	13.339491	15.714422	8.380185	8.656583	1.974770	1.862849	0.200226	0.111747	0.057889	0.054376	0.006514	0.059058	0.108299	0.098647	85.506000
52.500000	17.612400	18.229255	16.694072	13.238269	14.727309	7.370214	10.885110	1.918176	1.903417	0.151858	0.242513	0.054732	0.074115	0.014556	0.079069	0.100876	0.055993	85.739600
67.500000	17.612400	18.591619	16.797216	13.784190	14.990147	5.954496	12.137719	2.910797	1.264202	0.113438	0.298809	0.060078	0.114740	0.031858	0.017487	0.025619	0.019719	87.112200
82.500000	17.612400	17.766913	16.894141	14.225609	13.353516	4.668647	13.004610	4.247585	1.073543	0.271141	0.332385	0.159354	0.241039	0.033230	0.047341	0.015570	0.000000	86.334700
97.500000	17.612400	17.179938	17.353655	14.924437	13.279324	3.901406	12.428266	5.420767	1.092891	0.197555	0.336676	0.343143	0.145733	0.031787	0.023214	0.003501	0.021722	86.683800
112.500000	17.612400	16.770978	18.469700	16.320737	13.268014	2.791525	12.121886	7.270496	1.307654	0.073331	0.324914	0.128984	0.105714	0.017807	0.036078	0.018346	0.072006	89.098100
127.500000	17.612400	16.854557	18.898452	17.006107	13.169732	1.734370	10.415462	8.683285	1.900997	0.053573	0.304227	0.182529	0.075919	0.077242	0.038688	0.044476	0.125570	89.565200
142.500000	17.612400	16.425692	18.642286	16.604951	12.557763	1.896066	8.894981	10.427755	1.955860	0.060628	0.160232	0.262328	0.056951	0.060286	0.024112	0.073107	0.153298	88.256400
157.500000	17.612400	15.959617	18.777211	16.674166	14.005069	1.290373	7.196236	12.223447	3.153968	0.073544	0.100947	0.356361	0.051077	0.013837	0.012327	0.012706	0.056290	89.957100
172.500000	17.612400	14.651873	17.763181	16.958606	13.887109	1.139750	5.594518	12.474975	4.209234	0.238509	0.334418	0.273251	0.181124	0.005689	0.040827	0.034037	0.021010	87.808100
187.500000	17.612400	14.484602	16.923659	17.937916	14.535496	1.021825	4.174920	12.275924	5.365801	0.211256	0.188844	0.376792	0.315010	0.015652	0.031343	0.027373	0.003192	87.889700
202.500000	17.612400	13.826941	16.728792	18.426496	15.786352	1.373511	3.099184	11.553345	7.207173	0.053157	0.064533	0.333853	0.142694	0.058651	0.011713	0.016855	0.020277	88.703500
217.500000	17.612400	13.357248	16.761817	19.263077	16.448537	1.841881	1.983953	10.428377	8.746733	0.072473	0.068041	0.250214	0.199818	0.113203	0.098678	0.014450	0.046674	89.695100
232.500000	17.612400	13.241662	16.577129	18.357281	16.944695	1.832018	2.033976	8.751788	10.630256	0.044678	0.074266	0.190067	0.295120	0.157260	0.089552	0.003956	0.095657	89.319400
247.500000	17.612400	13.282717	15.847312	18.456580	16.505764	2.621551	1.255177	7.118097	12.130368	0.060200	0.094978	0.142766	0.326859	0.060530	0.000792	0.016793	0.038859	87.959300
262.500000	17.612400	13.364825	14.329885	17.884195	16.925016	3.783434	1.161521	5.431533	12.869685	0.186863	0.167270	0.318133	0.320966	0.029619	0.005935	0.025302	0.051114	86.855400
277.500000	17.612400	13.132750	13.894573	16.573849	17.740900	4.750224	1.222989	4.139249	12.643038	0.256660	0.318925	0.157306	0.316426	0.003106	0.011110	0.040825	0.027624	85.229600
292.500000	17.612400	14.844251	13.990367	17.060846	18.323239	5.835619	1.189241	2.996774	11.896709	0.130753	0.114721	0.075859	0.279173	0.011355	0.045847	0.028170	0.022020	86.844900
307.500000	17.612400	15.551449	13.725719	16.858967	18.776985	7.118075	2.086114	1.890060	10.673742	0.137195	0.070820	0.083226	0.320950	0.056669	0.059617	0.047602	0.024780	87.482000
322.500000	17.612400	15.986874	13.305675	16.804794	18.858981	8.378771	1.806628	2.094778	8.999517	0.241490	0.033077	0.048506	0.176456	0.068325	0.106642	0.056320	0.012988	86.979800
337.500000	17.612400	16.503502	14.085481	15.966177	19.089473	9.311100	2.747643	1.238518	6.789742	0.262360	0.072183	0.084137	0.080169	0.026714	0.062432	0.007332	0.016978	86.344100
352.500000	17.612400	17.320970	14.351826	14.216674	17.988018	9.901027	3.908542	1.166656	5.419918	0.266838	0.191927	0.110962	0.294462	0.038166	0.002318	0.009369	0.025978	85.213700
6.428570	20.577500	18.142057	13.716445	13.378510	17.109704	11.088764	5.629081	0.894376	4.177295	0.103474	0.141715	0.156152	0.133440	0.029429	0.005872	0.008039	0.044358	84.758800
19.285700	20.577500	19.335799	15.001457	13.107303	16.637297	10.908464	6.828783	1.109783	3.035849	0.088628	0.079257	0.176829	0.058311	0.019054	0.019523	0.024049	0.040497	86.470800
32.142900	20.577500	19.145117	16.180497	12.981538	15.768935	10.002905	8.807274	1.590081	2.155545	0.087751	0.109454	0.148635	0.054754	0.020518	0.081790	0.006280	0.044392	87.185400
45.000000	20.577500	19.265113	16.851051	12.029711	15.225955	8.678603	10.437154	2.300117	2.280076	0.201327	0.277992	0.059698	0.053011	0.004140	0.057112	0.013508	0.056554	87.791100
57.857100	20.577500	19.017996	16.845848	12.708408	14.143048	7.478821	12.121207	1.914908	1.626328	0.087816	0.174704	0.046390	0.120507	0.023221	0.021168	0.009778	0.051913	86.392200
70.714300	20.577500	18.995037	17.116151	13.288485	13.386766	6.075668	13.271520	2.971927	1.134954	0.088184	0.106595	0.080144	0.439427	0.010238	0.050024	0.016963	0.009102	87.041000
83.571400	20.577500	18.161057	17.403418	13.232275	12.209536	4.772764	13.637277	4.314562	0.890562	0.125207	0.078600	0.115332	0.194248	0.019620	0.068915	0.006738	0.006138	85.236200
96.428600	20.577500	17.158223	18.110842	14.090458	12.222655	3.918042	14.056076	5.283455	0.962986	0.108072	0.104995	0.129043	0.182356	0.059279	0.016826	0.014708	0.004166	86.422100
109.286000	20.577500	16.997851	18.934190	15.232854	12.857471	2.986618	13.169054	6.904773	1.086260	0.053130	0.083046	0.080877	0.195244	0.083120	0.046909	0.016576	0.009020	88.737000
122.143000	20.577500	16.948088	19.220440	15.981219	12.258281	1.921139	12.198339	8.579903	1.648778	0.039862	0.182855	0.120826	0.123221	0.065534	0.021560	0.079427	0.016385	89.405800
135.000000	20.577500	16.801401	19.401282	16.894819	11.777843	2.363621	10.491701	10.506482	2.187427	0.037361	0.208209	0.250538	0.067949	0.072168	0.006188	0.047450	0.004665	91.119100
147.857000	20.577500	15.833175	19.139010	17.033250	12.943877	1.550010	8.705272	11.870696	2.021920	0.074564	0.149275	0.194395	0.048682	0.072825	0.051500	0.014948	0.013951	89.717500
160.714000	20.577500	15.233872	19.472647	16.701875	13.810089	1.167323	6.799830	12.933359	3.113909	0.476986	0.120799	0.119993	0.046880	0.019285	0.029425	0.047126	0.025057	90.118500
173.571000	20.577500	13.946032	18.078383	17.316672	13.815405	0.953142	5.342899	13.725719	4.221109	0.162413	0.114318	0.095884	0.084819	0.002035	0.017685	0.025188	0.022270	87.924000
186.429000	20.577500	13.650509	17.241010	18.064472	13.810542	0.794911	4.152176	13.933592	5.390954	0.181566	0.134589	0.111186	0.134573	0.020047	0.061522	0.025354	0.015981	87.723000
199.286000	20.577500	13.645194	16.454984	19.303340	15.287254	0.963326	2.882546	13.180590	6.714600	0.404230	0.073753	0.091215	0.113290	0.006410	0.033246	0.027157	0.017982	89.199000
212.143000	20.577500	12.639193	17.012327	19.161403	16.161044	1.676555	1.962182	12.589430	8.631543	0.099866	0.045572	0.161168	0.118265	0.003040	0.047508	0.020625	0.069551	90.399300
225.000000	20.577500	11.598923	17.372429	19.673847	16.881700	2.184079	2.350558	10.518425	10.380831	0.065391	0.063833	0.185097	0.249486	0.007683	0.073033	0.014855	0.064805	91.685000
237.857000	20.577500	12.260317	16.623838	19.259685	17.283535	1.936995	1.589854	8.504332	11.805892	0.038587	0.101650	0.140761	0.190411	0.022444	0.065951	0.020989	0.047812	89.893000
250.714000	20.577500	12.667806	15.063321	19.474796	17.084710	2.896592	1.263761	6.655812	13.351254	0.032419	0.171992	0.107223	0.108241	0.011036	0.017654	0.022724	0.061921	88.991200
263.571000	20.577500	12.206369	13.615562	18.694763	17.425924	3.924161	0.871628	5.254853	13.981771	0.131159	0.193731	0.147559	0.092611	0.008986	0.000000	0.026307	0.037279	86.612700
276.429000	20.577500	12.452469	13.037861	17.079847	18.377752	4.956061	0.954335	4.236196	13.781363	0.174427	0.138312	0.142924	0.110305	0.007744	0.005465	0.058045	0.060756	85.573700
289.286000	20.577500	13.795726	13.139988	16.657541	18.403990	6.026471	1.167809	3.231655	13.249014	0.076145	0.444459	0.068195	0.130459	0.013005	0.009983	0.046679	0.040956	86.502000
302.143000	20.577500	14.882026	12.915490	17.276636	19.142176	7.299992	1.635229	1.986114	12.349664	0.143509	0.146735	0.041096	0.164256	0.063912	0.006148	0.040018	0.012187	88.105200
315.000000	20.577500	14.912110	12.152083	16.689321	19.301870	8.817012	2.266052	2.267138	10.391021	0.176402	0.060871	0.055870	0.292391	0.054527	0.017163	0.048707	0.008409	87.511000
327.857000	20.577500	16.407370	13.296967	16.193390	18.741699	9.641989	1.836803	1.651187	8.648293	0.110055	0.052129	0.139492	0.113569	0.031683	0.010406	0.056586	0.018343	86.949900
340.714000	20.577500	16.956570	12.999182	15.087750	19.091283	10.864187	2.962494	1.215468	7.006832	0.101674	0.054933	0.166215	0.073933	0.042049	0.006571	0.025216	0.006362	86.660700
353.571000	20.577500	17.430448	13.463220	13.643045	18.371305	11.399985	4.225656	0.923700	5.431511	0.074491	0.126862	0.188269	0.115063	0.026170	0.004071	0.010106	0.034328	85.468300
5.625000	23.556500	18.674406	13.098933	12.691557	17.405680	12.576537	5.548634	0.781819	4.360400	0.103625	0.082552	0.199780	0.083272	0.063731	0.011438	0.007051	0.065294	85.754700
16.875000	23.556500	19.326864	14.300932	12.562287	16.792127	12.236792	6.629653	0.822459	3.250067	0.099413	0.064296	0.209638	0.047303	0.037275	0.016850	0.031216	0.055120	86.482300
28.125000	23.556500	19.933292	15.918789	11.793112	15.469001	11.633531	8.246764	1.195484	1.952049	0.069856	0.073076	0.300854	0.049465	0.054218	0.080231	0.007658	0.068273	86.845800
39.375000	23.556500	20.095021	16.525443	11.243594	14.863365	10.126690	10.296958	2.306790	2.484081	0.064559	0.212112	0.076748	0.068302	0.029817	0.034463	0.028273	0.056397	88.512600
50.625000	23.556500	19.820534	15.927611	11.345020	14.435178	8.638940	12.409040	2.634840	2.106189	0.205310	0.121318	0.087070	0.093217	0.047053	0.033107	0.023081	0.036487	87.964100
61.875000	23.556500	19.571720	17.140580	12.121094	13.770279	7.405489	13.629134	1.897513	1.151534	0.050641	0.104737	0.065984	0.312953	0.050286	0.098615	0.033158	0.092913	87.496600
73.125000	23.556500	19.528404	17.774830	12.602775	12.362217	6.078609	14.613872	3.156049	0.992675	0.101201	0.088400	0.040670	0.185732	0.069242	0.066695	0.010918	0.033122	87.705300
84.375000	23.556500	18.118419	17.500682	12.640211	11.254384	5.381126	15.629260	4.411769	0.773071	0.046427	0.086836	0.069279	0.164157	0.081422	0.067381	0.003086	0.013109	86.240600
95.625000	23.556500	17.121353	18.592184	13.283961	11.271495	4.268859	15.308742	5.561754	0.795779	0.071016	0.110413	0.080818	0.172039	0.076157	0.067976	0.013762	0.012285	86.808600
106.875000	23.556500	16.994345	19.886018	14.358159	11.527220	2.987172	14.638641	6.448912	0.892397	0.036255	0.102975	0.083353	0.239596	0.072112	0.028551	0.024194	0.080498	88.400400
118.125000	23.556500	16.818365	19.478528	15.476805	11.087181	1.995252	13.800363	8.383125	1.093951	0.036111	0.111177	0.087191	0.275973	0.117315	0.053427	0.125565	0.062103	89.002400
129.375000	23.556500	16.351273	19.490629	16.342904	10.828685	2.494486	11.892298	10.123976	2.006618	0.057025	0.108029	0.168901	0.052267	0.072980	0.041682	0.024015	0.068821	90.124700
140.625000	23.556500	16.397191	19.965073	16.481449	11.268306	2.191419	9.923104	11.909602	2.450537	0.060135	0.223095	0.111580	0.043668	0.023609	0.040533	0.039534	0.040497	91.169300
151.875000	23.556500	15.762602	20.095021	16.880117	12.206595	1.163455	8.407204	13.783738	2.088093	0.300989	0.102300	0.099145	0.046040	0.114946	0.066059	0.065132	0.040005	91.221400
163.125000	23.556500	14.450786	19.534624	17.413710	12.482101	0.837628	6.728963	14.960402	3.283872	0.145043	0.123049	0.097645	0.058298	0.024830	0.043351	0.024504	0.078591	90.287400
174.375000	23.556500	13.068058	18.364632	17.988018	12.603454	0.691650	5.569105	15.056083	4.520263	0.148850	0.085122	0.108523	0.080242	0.032775	0.065219	0.067558	0.013600	88.463200
185.625000	23.556500	12.407909	17.338613	18.709014	12.929853	0.730576	4.305661	14.726517	5.288307	0.159018	0.094174	0.113926	0.075437	0.025162	0.046322	0.060845	0.034033	87.045400
196.875000	23.556500	12.380539	17.071251	19.629060	13.998283	0.905249	3.126169	14.623259	6.367029	0.116780	0.047607	0.113089	0.102766	0.059085	0.056611	0.054500	0.011115	88.662400
208.125000	23.556500	11.901120	17.338161	19.854237	16.122591	1.230556	1.925064	13.853745	8.138643	0.278012	0.036850	0.094865	0.074886	0.017454	0.067342	0.033917	0.102862	91.070400
219.375000	23.556500	11.273124	16.472966	20.022413	16.460073	2.068822	2.371764	12.027789	10.263945	0.094124	0.047983	0.126180	0.192459	0.020066	0.032576	0.047339	0.056900	91.578600
230.625000	23.556500	10.652830	16.406352	19.006120	16.982357	2.544588	2.157467	10.262215	12.235548	0.061203	0.093198	0.204738	0.108854	0.041481	0.028262	0.048874	0.034171	90.868300
241.875000	23.556500	11.204236	15.556312	19.865208	17.377971	2.053757	1.225568	8.354500	13.581294	0.038280	0.292898	0.101718	0.096432	0.033512	0.113773	0.040288	0.076420	90.012100
253.125000	23.556500	11.402134	13.933818	19.978644	17.494122	3.277629	0.822384	6.562937	15.033803	0.034234	0.164539	0.067289	0.086116	0.060055	0.025698	0.042410	0.090693	89.076500
264.375000	23.556500	10.909358	12.862108	17.897766	17.773925	4.264380	0.770776	5.541408	14.811453	0.066162	0.122333	0.123462	0.079814	0.015653	0.014116	0.070736	0.091827	85.415300
275.625000	23.556500	11.287861	12.566810	17.545468	18.220433	5.127121	0.835116	4.404451	15.305349	0.055546	0.206223	0.101286	0.079883	0.019811	0.024195	0.031892	0.055850	85.867300
286.875000	23.556500	12.700265	12.226274	16.871634	19.556452	6.196965	0.880818	3.323162	14.814959	0.078347	0.232956	0.030214	0.109740	0.027456	0.003168	0.084790	0.035053	87.172200
298.125000	23.556500	14.113303	12.034687	16.944921	19.757426	7.175562	1.179775	2.065881	13.722326	0.063992	0.313108	0.047818	0.082168	0.082471	0.017202	0.083378	0.029647	87.713600
309.375000	23.556500	14.581413	11.196127	17.077811	19.680972	8.427855	2.235143	2.389068	12.021681	0.212503	0.073753	0.081558	0.125797	0.038137	0.016953	0.027494	0.043663	88.229900
320.625000	23.556500	15.563551	11.249849	16.366768	19.932161	10.022098	2.526244	2.083151	9.518475	0.056239	0.055993	0.106338	0.210570	0.042164	0.032974	0.051790	0.026415	87.844800
331.875000	23.556500	16.360887	11.950091	15.924444	19.488141	11.329412	2.004944	1.151161	8.374484	0.094984	0.054669	0.326877	0.055495	0.050768	0.002475	0.101094	0.039828	87.309800
343.125000	23.556500	17.115585	12.190083	14.126988	19.591965	11.997365	3.065492	0.846575	6.810495	0.115855	0.039756	0.187933	0.086091	0.072813	0.019509	0.016338	0.064371	86.347100
354.375000	23.556500	17.807628	12.247537	13.148696	18.110616	12.474862	4.479175	0.793218	5.369319	0.090504	0.132181	0.149941	0.068766	0.061501	0.019600	0.032220	0.056494	85.042200
5.000000	26.551700	19.003519	12.102885	11.460153	17.774264	14.102785	5.599732	0.790101	4.720875	0.106903	0.060044	0.100348	0.025510	0.181487	0.022769	0.166159	0.220557	86.438100
15.000000	26.551700	20.224518	13.188167	11.437647	16.796990	13.620538	6.528329	0.796465	3.442016	0.076721	0.086500	0.152487	0.028276	0.121646	0.021494	0.030141	0.220696	86.772600
25.000000	26.551700	19.585066	15.187841	11.122942	16.180044	12.586829	7.972808	1.047241	2.254844	0.075789	0.037257	0.297326	0.019284	0.115342	0.062119	0.004411	0.166029	86.715100
35.000000	26.551700	20.008163	15.914492	10.320381	14.574854	11.862440	9.554915	1.908076	2.790371	0.061705	0.123322	0.231995	0.029002	0.141714	0.023928	0.035785	0.076166	87.657400
45.000000	26.551700	20.014270	16.667041	9.968490	14.049290	10.594958	11.829868	2.529094	2.647269	0.069166	0.108823	0.063066	0.056154	0.164352	0.056846	0.025344	0.026914	88.870900
55.000000	26.551700	19.630191	16.817574	9.965606	13.252859	9.052446	13.219156	2.762674	1.755553	0.126273	0.100300	0.044738	0.236730	0.135898	0.082077	0.022685	0.039808	87.244700
65.000000	26.551700	20.217280	17.655964	11.032996	12.437427	7.241125	14.805233	2.235120	1.118306	0.088631	0.171337	0.040705	0.341398	0.140082	0.158007	0.017403	0.081210	87.782100
75.000000	26.551700	19.760480	17.470711	11.285768	10.449074	6.032883	15.603474	3.280004	0.887227	0.053142	0.323043	0.016232	0.157339	0.088019	0.209032	0.003317	0.198434	85.818200
85.000000	26.551700	18.798134	17.471389	11.414009	9.995678	5.428514	16.761591	4.594975	0.690105	0.038782	0.309953	0.059621	0.087310	0.120933	0.195571	0.130995	0.056150	86.153700
95.000000	26.551700	17.693739	18.862261	12.226274	9.712143	4.507607	15.988231	5.517363	0.737431	0.057325	0.353954	0.066154	0.106002	0.221192	0.174033	0.025129	0.093758	86.342600
105.000000	26.551700	17.621696	19.925375	13.004045	10.290613	3.197635	15.963237	6.384107	0.798429	0.015165	0.261871	0.086156	0.144697	0.252680	0.161109	0.022325	0.023770	88.153000
115.000000	26.551700	16.716012	20.453540	14.929753	10.680935	2.232202	15.583682	7.918849	1.088905	0.009767	0.116916	0.043581	0.290002	0.144455	0.121944	0.084729	0.028616	90.444000
125.000000	26.551700	16.941415	20.258900	15.455656	10.295929	2.503511	13.923300	9.816724	1.747207	0.030735	0.058440	0.120375	0.250943	0.113914	0.121533	0.029640	0.008440	91.676700
135.000000	26.551700	16.316553	20.508958	16.954987	9.536277	2.587475	11.863119	11.777843	2.496217	0.074731	0.073389	0.065219	0.060905	0.051459	0.103181	0.015448	0.045728	92.531400
145.000000	26.551700	16.238742	19.677805	16.648041	10.361967	1.756345	9.918263	14.025879	2.671608	0.200475	0.133579	0.088697	0.059740	0.044912	0.150626	0.059643	0.028462	92.064800
155.000000	26.551700	14.924890	19.735598	16.643065	11.364473	1.056399	8.138349	14.980873	2.162274	0.387326	0.067034	0.063487	0.032721	0.114255	0.106763	0.138906	0.010379	89.926800
165.000000	26.551700	12.937996	20.101920	17.139562	11.434480	0.631778	6.448007	15.653350	3.337943	0.158543	0.093476	0.067575	0.041813	0.154174	0.094300	0.193640	0.035937	88.524400
175.000000	26.551700	12.255906	18.555993	18.174629	11.442849	0.689139	5.421615	15.994678	4.569212	0.117906	0.064038	0.043425	0.026207	0.064212	0.133673	0.208420	0.194408	87.956200
185.000000	26.551700	11.537285	17.237730	18.351287	11.853506	0.699306	4.651818	16.400132	5.588332	0.131639	0.025369	0.076556	0.031752	0.244699	0.193296	0.180198	0.060189	87.263200
195.000000	26.551700	11.766760	17.613892	19.506350	13.045551	0.685214	3.349208	16.289409	6.682571	0.142442	0.014746	0.087197	0.064311	0.023030	0.216541	0.107842	0.111772	89.706800
205.000000	26.551700	11.031390	17.620452	20.584167	15.104941	1.034156	1.939879	15.185919	8.225433	0.373683	0.019578	0.068550	0.040915	0.020084	0.125590	0.143146	0.100239	91.618100
215.000000	26.551700	10.230163	16.439602	19.934876	15.889045	1.737311	2.676731	13.675051	9.780284	0.197154	0.037866	0.056362	0.144966	0.015115	0.052601	0.132350	0.034098	91.033500
225.000000	26.551700	9.558727	16.634582	19.790337	16.486199	2.535688	2.439170	11.244895	12.332586	0.031367	0.056253	0.092251	0.077203	0.074435	0.020713	0.115386	0.068137	91.557900
235.000000	26.551700	9.543560	15.921617	19.837499	16.966975	2.637905	1.912951	10.002521	13.670867	0.019830	0.289373	0.143591	0.097374	0.032313	0.011386	0.142584	0.105285	91.335700
245.000000	26.551700	10.310372	15.275379	19.794183	17.272564	2.144914	0.978291	8.275705	15.129257	0.034464	0.323322	0.087058	0.159386	0.012212	0.091457	0.112024	0.102080	90.102700
255.000000	26.551700	9.591649	13.274574	19.845642	17.300839	3.495092	0.780798	6.494106	16.106983	0.036803	0.126740	0.045383	0.266748	0.023414	0.036660	0.135968	0.218804	87.780200
265.000000	26.551700	9.959566	12.369116	18.831385	17.718055	4.665638	0.736839	5.461979	16.766454	0.022390	0.140401	0.057224	0.349936	0.100270	0.032218	0.155323	0.233074	87.599900
275.000000	26.551700	10.429531	11.435045	17.579511	18.574428	5.302094	0.814956	4.644568	16.774710	0.053054	0.104985	0.048290	0.288785	0.042595	0.159488	0.233012	0.151347	86.636300
285.000000	26.551700	10.764118	11.335859	17.308077	19.644894	6.026606	0.816564	3.274541	15.906349	0.076638	0.123585	0.038975	0.299181	0.111547	0.023028	0.172711	0.071722	85.994400
295.000000	26.551700	12.602323	11.159597	17.457592	20.235149	7.591953	0.976936	2.057274	14.921384	0.048622	0.314471	0.027126	0.147239	0.074450	0.008987	0.140002	0.096154	87.859300
305.000000	26.551700	13.587966	10.244289	17.382608	20.086878	8.858903	1.734619	2.708104	13.583103	0.107535	0.218734	0.041762	0.091385	0.046832	0.015442	0.100640	0.107261	88.916100
315.000000	26.551700	13.770958	9.818817	16.833973	20.063580	10.317361	2.643017	2.500288	11.763028	0.059574	0.039750	0.057717	0.083536	0.038006	0.031753	0.030542	0.162139	88.214000
325.000000	26.551700	15.419917	10.408506	15.806257	19.967335	11.514666	2.648163	1.718672	9.707529	0.095017	0.048313	0.274129	0.131679	0.055814	0.018758	0.026470	0.160807	88.002100
335.000000	26.551700	16.389500	11.352597	14.558115	20.201785	12.335979	2.063054	0.940763	8.161624	0.072603	0.030896	0.264832	0.060869	0.133479	0.008062	0.103696	0.114037	86.791900
345.000000	26.551700	17.464377	10.990120	13.505405	20.018228	13.475095	3.279608	0.747285	6.622935	0.065711	0.037131	0.128558	0.075052	0.228280	0.027836	0.007208	0.125802	86.798700
355.000000	26.551700	17.541510	11.330204	12.299561	18.612202	13.949199	4.560627	0.706362	5.362578	0.102565	0.041524	0.073411	0.061775	0.195387	0.146075	0.032402	0.153289	85.168700
4.500000	29.565600	18.723038	11.239240	10.552615	17.993673	14.926360	5.780608	0.669033	4.873081	0.075628	0.034148	0.129630	0.020012	0.232949	0.007996	0.130420	0.248832	85.637300
13.500000	29.565600	20.083712	11.556173	9.919417	17.240332	14.876710	6.387217	0.703539	3.393429	0.071950	0.048835	0.146363	0.047114	0.286010	0.032921	0.064785	0.253726	85.112200
22.500000	29.565600	20.319633	13.830447	9.892375	16.534717	14.066481	8.016000	0.688669	2.432554	0.057868	0.052223	0.091472	0.118954	0.292483	0.079715	0.051176	0.346240	86.871100
31.500000	29.565600	20.684146	15.441519	9.629842	15.133781	13.402713	9.502076	0.960393	2.750267	0.080104	0.050121	0.105504	0.058294	0.259710	0.016084	0.041161	0.281927	88.397700
40.500000	29.565600	20.199297	15.981558	8.622903	14.179918	12.157850	11.492386	2.001212	2.603840	0.067658	0.119883	0.141233	0.035415	0.279580	0.112092	0.061688	0.093075	88.149800
49.500000	29.565600	20.453879	16.395381	8.537333	13.326598	10.468493	13.318455	2.745777	1.888635	0.078791	0.232645	0.017292	0.138542	0.222414	0.072537	0.045671	0.031975	87.974400
58.500000	29.565600	20.125671	16.489365	9.401567	12.533560	8.538510	14.885193	2.686808	1.067378	0.040109	0.408318	0.038695	0.231364	0.232561	0.298269	0.041307	0.012616	87.031300
67.500000	29.565600	20.586882	16.897760	10.368967	11.276166	7.469547	15.704017	2.178967	0.780674	0.042681	0.529872	0.111141	0.106911	0.218445	0.400385	0.035609	0.058652	86.766600
76.500000	29.565600	20.122052	17.876278	9.807541	9.294848	5.989952	16.733882	3.511706	0.649320	0.045817	0.646280	0.050700	0.111510	0.245244	0.402422	0.056331	0.086969	85.630800
85.500000	29.565600	19.299947	17.652006	10.117903	9.051553	5.870543	17.250284	4.880580	0.665989	0.029905	0.545992	0.024821	0.167238	0.286857	0.304758	0.064295	0.025691	86.238300
94.500000	29.565600	17.836807	18.722472	11.072523	8.644832	5.053121	17.042298	5.701282	0.760921	0.039953	0.648111	0.045920	0.146454	0.332609	0.323259	0.020495	0.068211	86.459300
103.500000	29.565600	17.565147	20.340782	12.473166	8.577325	3.890661	16.897534	6.212131	0.700196	0.060877	0.609314	0.044219	0.163015	0.382596	0.206529	0.027416	0.041699	88.192700
112.500000	29.565600	17.053382	20.043449	13.947729	9.132101	2.540189	16.561635	7.909801	0.643161	0.103872	0.615542	0.076553	0.089492	0.369763	0.227257	0.047908	0.042870	89.404700
121.500000	29.565600	16.444466	20.534065	15.425685	9.082813	2.738313	15.209669	9.387633	0.879020	0.040553	0.388653	0.084099	0.149650	0.320419	0.264541	0.016205	0.040648	91.006400
130.500000	29.565600	16.372762	20.015062	16.211938	8.604728	2.951501	13.726624	11.717676	2.097492	0.054636	0.201988	0.054787	0.087573	0.080130	0.332601	0.033466	0.042961	92.585900
139.500000	29.565600	16.379661	20.222482	16.626892	8.632018	1.914772	11.481302	13.780232	2.717853	0.134823	0.088694	0.058284	0.046905	0.098080	0.261435	0.094405	0.043586	92.581400
148.500000	29.565600	15.236473	20.492446	17.163765	9.513205	0.851873	9.624538	15.501234	2.927683	0.169177	0.063273	0.122202	0.049172	0.023399	0.229861	0.358659	0.058548	92.385400
157.500000	29.565600	14.294372	20.548768	17.362137	9.684265	0.714383	7.772128	16.014243	2.459822	0.126590	0.063593	0.082629	0.104629	0.045295	0.223372	0.362394	0.039202	89.897900
166.500000	29.565600	11.649591	20.184368	17.629273	10.140330	0.700462	6.167480	16.936326	3.644347	0.110368	0.062734	0.087497	0.032248	0.111830	0.270775	0.362599	0.074507	88.164700
175.500000	29.565600	11.406319	18.853439	18.220999	10.332256	0.705908	5.555352	16.832729	4.871080	0.135747	0.022526	0.060515	0.027905	0.043199	0.238634	0.261530	0.076069	87.644200
184.500000	29.565600	10.299786	17.820295	18.773479	11.018474	0.720328	4.979913	17.664786	5.224633	0.204268	0.032180	0.036636	0.033661	0.082145	0.324121	0.242055	0.040308	87.497000
193.500000	29.565600	9.940656	17.289755	19.940078	11.840047	0.656622	3.333318	17.027143	6.124175	0.123990	0.039528	0.092551	0.057438	0.088701	0.390021	0.230393	0.106022	87.280500
202.500000	29.565600	9.984131	17.396632	20.116849	13.885525	0.635226	2.420464	16.181175	7.807663	0.117461	0.085748	0.100277	0.053211	0.062200	0.420896	0.273403	0.038328	89.579300
211.500000	29.565600	9.239068	16.640237	20.496065	15.523627	0.924834	2.900347	15.185919	9.608365	0.252331	0.035542	0.094258	0.056545	0.055503	0.291476	0.241254	0.025995	91.571300
220.500000	29.565600	9.223427	15.998862	20.470731	15.787257	1.951653	2.794952	13.213953	11.701390	0.116621	0.033040	0.078243	0.061960	0.049330	0.065139	0.240132	0.108633	91.895400
229.500000	29.565600	8.490534	15.850365	20.327889	16.224718	2.939716	1.920506	11.738486	13.244942	0.033652	0.107293	0.096923	0.234016	0.035963	0.022965	0.287428	0.141910	91.697300
238.500000	29.565600	9.025405	14.834073	20.531916	16.708887	2.809654	0.940731	9.539896	15.134572	0.037205	0.113489	0.039912	0.439543	0.039014	0.019624	0.250877	0.294585	90.759300
247.500000	29.565600	9.169084	13.623931	20.336824	17.411674	2.385053	0.663260	7.976257	15.890741	0.085118	0.072935	0.046200	0.602532	0.026080	0.066910	0.224914	0.404407	88.986000
256.500000	29.565600	9.010272	12.119058	20.264441	17.624071	3.641078	0.652980	6.232206	16.675297	0.040150	0.105971	0.082107	0.622315	0.022686	0.035018	0.226536	0.339377	87.693600
265.500000	29.565600	8.630435	10.986784	19.020823	18.023983	5.102590	0.713205	5.795040	16.922981	0.032958	0.182801	0.046820	0.670657	0.082330	0.021440	0.241355	0.326140	86.800300
274.500000	29.565600	9.004663	10.137220	17.848795	18.883523	5.398011	0.588164	4.655188	17.327077	0.030084	0.152381	0.016811	0.701546	0.033405	0.102584	0.363550	0.254643	85.497600
283.500000	29.565600	9.566033	10.033815	17.410996	20.715360	6.102540	0.766535	3.367326	16.932141	0.049138	0.145493	0.053471	0.703369	0.072427	0.076011	0.312526	0.306972	86.614200
292.500000	29.565600	10.890685	9.901898	16.648154	20.559173	7.390334	0.702973	2.331683	16.294386	0.059784	0.105638	0.115036	0.612013	0.075006	0.020888	0.396430	0.295226	86.399300
301.500000	29.565600	12.874661	9.549079	16.728114	20.294864	9.007988	0.957661	2.646873	15.127560	0.040117	0.173749	0.026118	0.385449	0.013521	0.041318	0.337782	0.292435	88.497300
310.500000	29.565600	13.204679	8.994846	15.856473	20.644561	10.405260	1.984304	2.793131	13.452476	0.045313	0.082433	0.022650	0.179444	0.030067	0.047166	0.078546	0.303988	88.125400
319.500000	29.565600	13.909728	9.066663	16.237045	20.120808	11.884607	2.868703	2.051201	11.868321	0.085545	0.043820	0.095463	0.104729	0.094836	0.050869	0.133920	0.269207	88.885400
328.500000	29.565600	15.269611	9.149982	15.262372	20.220673	12.853060	2.756487	0.828723	9.681550	0.095933	0.030332	0.129014	0.060161	0.378394	0.035548	0.021784	0.221422	86.995000
337.500000	29.565600	15.974433	10.116681	13.753201	20.663222	13.955306	2.355523	0.601742	7.743605	0.068808	0.138560	0.086305	0.077147	0.397107	0.035666	0.047950	0.262528	86.277800
346.500000	29.565600	17.481455	9.828860	12.217679	20.519928	14.794149	3.382572	0.667990	6.187544	0.090478	0.045816	0.152637	0.038824	0.373635	0.048281	0.033461	0.201448	86.064800
355.500000	29.565600	18.112991	10.114385	10.866166	18.561082	15.211931	4.759656	0.776520	5.423877	0.064952	0.046709	0.116075	0.052204	0.337358	0.089314	0.014282	0.229004	84.776500
4.090910	32.600500	18.826409	9.708954	9.071956	18.172027	15.974772	5.934002	0.704095	5.040703	0.329433	0.088051	0.112276	0.014358	0.466555	0.012719	0.026143	0.440955	84.923400
12.272700	32.600500	20.514499	10.638150	8.757409	17.549200	15.607319	6.204260	0.723328	3.557895	0.275028	0.040003	0.212582	0.029125	0.394935	0.039690	0.040402	0.437830	85.021600
20.454500	32.600500	21.034295	12.371378	8.690490	16.066834	14.881800	7.891740	0.608797	2.595493	0.141918	0.044111	0.240766	0.171685	0.334398	0.033626	0.031577	0.597481	85.736400
28.636400	32.600500	21.284692	14.163179	8.413254	15.003832	14.280801	9.539206	0.569124	2.933168	0.091963	0.048002	0.170052	0.024247	0.492678	0.097624	0.020647	0.661773	87.794300
36.818200	32.600500	21.096611	15.377392	7.652923	14.020337	13.593056	11.102822	1.068104	2.805051	0.076291	0.241368	0.130382	0.019452	0.447307	0.111931	0.022605	0.645347	88.410800
45.000000	32.600500	20.563923	15.765203	7.580372	13.038653	12.119850	13.345825	1.918809	1.983874	0.072274	0.305692	0.042183	0.076115	0.445898	0.336686	0.024685	0.338549	87.958500
53.181800	32.600500	21.352211	16.336458	8.007506	12.081397	10.288329	15.150180	2.958570	1.092848	0.130808	0.605628	0.029095	0.195522	0.408337	0.641930	0.039687	0.070505	89.389100
61.363600	32.600500	21.038479	17.274939	8.401797	10.839169	9.055002	15.831591	2.836809	0.573780	0.034659	0.737284	0.014216	0.141607	0.481934	0.563742	0.026016	0.049151	87.900100
69.545500	32.600500	20.719319	17.102805	8.601607	9.338424	7.480642	17.159128	2.658387	0.634431	0.044635	0.880717	0.145976	0.239797	0.431308	0.571433	0.013229	0.057077	86.078900
77.727300	32.600500	20.271680	17.513801	9.112626	8.266657	6.131764	17.718620	3.694460	0.655311	0.043984	1.177400	0.035392	0.193608	0.379651	0.462541	0.065780	0.051062	85.774300
85.909100	32.600500	18.431699	18.152009	8.872972	7.398884	5.775474	17.468675	5.140127	0.719324	0.049611	1.217708	0.045603	0.100589	0.396030	0.429868	0.022136	0.057190	84.278000
94.090900	32.600500	17.711382	18.755949	10.173365	7.463384	5.093893	18.047847	5.734250	0.838363	0.028772	1.314508	0.053236	0.084445	0.423582	0.495572	0.010358	0.019503	86.248300
102.273000	32.600500	17.790211	20.492559	10.532472	7.821574	3.505237	17.415972	5.942304	0.705396	0.033749	1.090228	0.047622	0.169522	0.436151	0.467464	0.023125	0.065581	86.539100
110.455000	32.600500	17.614005	21.096611	12.187708	8.545533	2.730724	16.779234	7.598196	0.668919	0.188911	0.922478	0.048354	0.242418	0.562598	0.397296	0.051336	0.038414	89.672700
118.636000	32.600500	17.024994	20.650556	14.076094	8.331462	2.941888	16.438585	9.368802	0.600973	0.036756	0.731109	0.036402	0.181447	0.589673	0.394607	0.015789	0.009527	91.428800
126.818000	32.600500	16.415060	20.941103	14.683427	7.971326	3.256185	14.879651	11.316406	1.148843	0.035903	0.544436	0.092362	0.161640	0.669563	0.441040	0.049671	0.042215	92.648900
135.000000	32.600500	15.799358	20.856053	16.017976	7.154639	2.119863	13.324676	12.701622	2.124601	0.044640	0.232306	0.068596	0.041848	0.339213	0.449041	0.316838	0.034804	91.626000
143.182000	32.600500	15.013784	20.293847	16.492193	7.506994	1.155040	11.104439	15.288837	2.912924	0.161219	0.232028	0.113173	0.016122	0.096643	0.471815	0.654795	0.038129	91.551900
151.364000	32.600500	14.237258	21.153499	16.636731	8.436111	0.592260	9.518758	16.038107	2.965242	0.237501	0.042600	0.113017	0.041277	0.120000	0.467582	0.727667	0.025205	91.352900
159.545000	32.600500	12.119397	20.699979	17.150872	8.782121	0.761853	7.463746	17.344381	2.664720	0.171350	0.058430	0.143258	0.166286	0.048842	0.395015	0.599098	0.031144	88.600600
167.727000	32.600500	10.591396	20.499910	17.499098	8.960397	0.654910	6.223464	17.420156	3.679995	0.202755	0.047356	0.284207	0.047756	0.068427	0.400619	0.461917	0.059818	87.102200
175.909000	32.600500	9.819993	18.663322	17.992542	8.941973	0.724716	5.716878	17.421400	5.152387	0.148715	0.031787	0.323361	0.036570	0.047314	0.449969	0.439160	0.052921	85.963000
184.091000	32.600500	9.118507	17.851170	18.946518	9.590631	0.627155	5.120493	17.810681	5.916721	0.122635	0.038167	0.332227	0.019827	0.037815	0.400189	0.392473	0.039258	86.364500
192.273000	32.600500	9.210500	18.114913	20.220786	10.654821	0.717695	3.701597	17.581772	6.301162	0.193954	0.036505	0.246350	0.045963	0.056138	0.453471	0.354711	0.094920	87.985200
200.455000	32.600500	8.691157	17.461098	21.240358	12.652425	0.631892	2.578359	16.785680	7.576470	0.170059	0.158619	0.195948	0.036939	0.046306	0.486847	0.374587	0.042477	89.129100
208.636000	32.600500	8.597558	17.174735	20.513821	13.801268	0.685152	3.114882	15.999880	9.282113	0.212136	0.017556	0.115753	0.061789	0.030070	0.689105	0.430480	0.082963	90.809300
216.818000	32.600500	7.745957	16.352744	20.673175	14.903514	1.099019	2.698559	15.117268	11.353389	0.188036	0.025230	0.104028	0.163607	0.061635	0.681949	0.468449	0.123524	91.760000
225.000000	32.600500	7.239677	15.770971	21.218304	15.747786	1.949086	2.073617	13.599502	13.469666	0.058008	0.055099	0.080207	0.390385	0.007152	0.274736	0.416643	0.353748	92.704700
233.182000	32.600500	7.757787	14.715094	20.811719	16.451930	2.810333	1.119791	10.674681	14.705933	0.012797	0.153262	0.136320	0.550416	0.025940	0.038656	0.523167	0.644036	91.131900
241.364000	32.600500	8.258503	14.305230	20.832190	17.157431	2.844330	0.605283	9.148206	16.080858	0.023612	0.121534	0.048293	0.666673	0.017230	0.030075	0.429959	0.693693	91.263100
249.545000	32.600500	8.680967	12.480291	20.832190	16.983827	2.517117	0.636668	7.753965	17.032685	0.104757	0.210583	0.036263	0.833017	0.031874	0.047755	0.419697	0.587996	89.189600
257.727000	32.600500	7.619322	11.075995	20.509410	17.407942	3.771479	0.717551	5.912593	17.218843	0.066920	0.172805	0.077954	1.026726	0.069956	0.043880	0.398973	0.424114	86.514400
265.909000	32.600500	7.334012	9.902124	19.198047	17.762389	5.069011	0.681164	5.924536	17.824819	0.026938	0.116730	0.046312	1.226597	0.028140	0.029961	0.382805	0.433848	85.987400
274.091000	32.600500	7.451305	9.044892	17.622488	18.687864	5.718722	0.650943	4.926339	17.685143	0.045251	0.108847	0.035071	1.269291	0.031003	0.026635	0.454304	0.389906	84.148000
282.273000	32.600500	8.003322	9.238243	17.400817	20.405587	5.976629	0.741909	3.876830	17.163425	0.057853	0.230535	0.068927	0.981199	0.052210	0.074701	0.461942	0.369971	85.104100
290.455000	32.600500	9.526517	8.949370	17.886683	20.698848	7.029180	0.705804	2.765117	16.856027	0.056655	0.243513	0.195623	0.967778	0.074236	0.039173	0.458420	0.386716	86.839600
298.636000	32.600500	11.495326	8.323003	17.096585	21.078968	8.712510	0.547389	2.945925	16.183437	0.032629	0.185782	0.013115	0.834272	0.025675	0.018817	0.531067	0.419820	88.444100
306.818000	32.600500	12.063640	7.938777	16.172353	20.862839	9.830477	1.164100	2.821213	15.290081	0.114573	0.146544	0.032316	0.668531	0.054363	0.024117	0.635828	0.495813	88.315600
315.000000	32.600500	13.258514	6.982743	15.397750	20.986228	11.934936	2.009547	1.993657	12.999860	0.045800	0.054908	0.059340	0.360240	0.342563	0.016427	0.324056	0.532997	87.299700
323.182000	32.600500	14.026558	8.130206	15.586849	21.116630	13.612961	2.692033	1.159157	11.144917	0.090725	0.026990	0.163159	0.257063	0.625945	0.035531	0.073933	0.431946	89.174600
331.364000	32.600500	14.879990	8.370809	14.308623	20.853565	14.121333	2.881460	0.631031	9.281977	0.113027	0.015784	0.126997	0.051339	0.617721	0.026281	0.106862	0.423450	86.810100
339.545000	32.600500	16.306600	8.761786	12.081397	20.809231	15.180716	2.580508	0.683629	7.596691	0.166657	0.144398	0.239594	0.045482	0.505629	0.028557	0.067417	0.375403	85.573700
347.727000	32.600500	17.606541	8.615337	11.000887	20.286495	16.022726	3.524554	0.624339	6.300720	0.253957	0.027684	0.188429	0.059594	0.500527	0.056999	0.021770	0.402793	85.493200
355.909000	32.600500	18.346197	9.016685	9.657110	18.707883	16.195652	5.083329	0.664320	6.014731	0.328212	0.037771	0.106737	0.041367	0.398381	0.010792	0.020513	0.357970	84.987600
3.750000	35.659100	18.866106	8.668911	7.692587	18.034388	16.964035	6.022150	0.516711	5.067089	1.083113	0.054710	0.042167	0.043186	0.646874	0.062759	0.030957	0.674197	84.470000
11.250000	35.659100	19.944150	9.626540	7.812436	17.358518	16.653809	6.549308	0.610046	3.909560	1.001262	0.144060	0.018364	0.020258	0.581116	0.021929	0.092666	0.752959	85.097000
18.750000	35.659100	21.312288	10.899032	7.357626	16.336005	16.047833	7.780825	0.540370	2.973827	0.911868	0.083020	0.103531	0.056437	0.598699	0.021660	0.063440	0.778092	85.864600
26.250000	35.659100	21.428326	12.583096	7.109491	15.171668	15.646790	9.176989	0.619506	2.932116	0.687830	0.112002	0.319908	0.065378	0.643083	0.098920	0.025013	0.755167	87.375300
33.750000	35.659100	21.358093	13.803643	6.213398	14.332599	14.883270	11.002595	0.520554	3.128657	0.307771	0.259873	0.330804	0.056421	0.709798	0.281295	0.040391	0.830427	88.059700
41.250000	35.659100	21.621949	14.688064	6.248322	12.734647	13.975212	12.832702	1.149182	1.985051	0.096040	0.388454	0.060996	0.052696	0.760704	0.642379	0.036663	0.795705	88.068800
48.750000	35.659100	21.698629	15.583456	6.647352	11.558774	12.221072	14.980081	2.070733	1.118247	0.101056	0.694440	0.045255	0.047385	0.742991	0.813950	0.041181	0.524007	88.888700
56.250000	35.659100	21.371664	16.446388	6.720707	10.651484	10.351935	15.805579	3.048369	0.535240	0.139929	1.071250	0.043664	0.410652	0.772354	0.734342	0.022078	0.205220	88.331000
63.750000	35.659100	20.973788	17.004750	7.252966	8.918177	8.821581	16.665684	2.916758	0.538896	0.090144	1.476723	0.047880	0.354505	0.612672	0.856487	0.033626	0.060195	86.624800
71.250000	35.659100	21.251102	17.402061	7.615714	7.488763	7.136747	18.004417	2.856398	0.652851	0.084113	1.882641	0.056560	0.109225	0.607129	0.714241	0.063798	0.055972	85.981700
78.750000	35.659100	20.129629	17.821313	7.511450	6.714159	5.761925	18.119437	4.034996	0.582117	0.089675	2.116515	0.042940	0.031201	0.615127	0.687510	0.081268	0.039289	84.378500
86.250000	35.659100	18.695894	17.860671	7.963896	6.235882	6.046964	17.842575	5.147670	0.675125	0.034165	2.228255	0.045822	0.056072	0.704139	0.702760	0.036247	0.062069	84.338300
93.750000	35.659100	18.231290	18.300167	8.292896	6.148118	5.331997	18.294964	5.971811	0.701337	0.019028	2.022486	0.050946	0.026604	0.590576	0.683831	0.058860	0.023848	84.748800
101.250000	35.659100	17.930904	19.923679	9.369560	7.039336	3.860532	17.823009	6.477401	0.718577	0.017687	1.980391	0.045274	0.029512	0.697726	0.638545	0.023143	0.082669	86.658000
108.750000	35.659100	17.495705	21.168541	10.684679	7.434487	2.968240	17.419817	7.659212	0.645145	0.054884	1.847207	0.067538	0.135633	0.741460	0.534171	0.043336	0.048904	88.949000
116.250000	35.659100	16.379435	21.284692	12.343217	7.356710	2.974313	16.881248	9.043082	0.511901	0.057513	1.554172	0.065899	0.280358	0.716411	0.588298	0.062197	0.016924	90.116400
123.750000	35.659100	16.312029	21.642985	14.050987	6.906967	3.026145	16.074864	10.873845	0.460550	0.044356	1.014093	0.065316	0.298652	0.742240	0.730053	0.254982	0.031153	92.529300
131.250000	35.659100	15.987666	21.401296	15.058005	6.400393	2.064366	15.178002	12.821958	1.223272	0.051438	0.609755	0.079084	0.041819	0.741196	0.795324	0.587827	0.034901	93.076200
138.750000	35.659100	15.001231	21.239567	16.022047	6.242023	1.181143	12.909608	15.062869	2.050670	0.047013	0.415891	0.102367	0.075923	0.541858	0.759878	0.672085	0.023905	92.348200
146.250000	35.659100	14.087970	21.896097	16.431233	6.876454	0.558899	10.591712	15.999541	2.962754	0.438582	0.210559	0.271828	0.032434	0.291028	0.746467	0.750822	0.027152	92.173600
153.750000	35.659100	12.336657	21.570376	16.455889	7.304346	0.503092	9.314572	16.987785	2.946140	0.419514	0.046418	0.573779	0.043518	0.105796	0.581992	0.771271	0.011455	89.972600
161.250000	35.659100	10.917252	21.318735	17.339857	7.737339	0.564427	7.461653	17.498533	2.733461	0.145418	0.050197	0.888623	0.037948	0.066848	0.511643	0.734163	0.068694	88.074800
168.750000	35.659100	9.351691	20.317484	17.771437	7.791400	0.699033	6.455652	18.036537	3.820145	0.025267	0.031360	0.753562	0.029355	0.032497	0.628095	0.694095	0.062997	86.500700
176.250000	35.659100	8.488475	18.775515	18.069335	8.156749	0.711548	5.931616	18.578386	5.169543	0.029695	0.048456	1.103427	0.031880	0.113528	0.556604	0.691338	0.045648	86.501700
183.750000	35.659100	8.123816	17.723370	18.648280	8.620471	0.706124	5.257307	17.961893	5.801475	0.024727	0.019984	0.900015	0.032276	0.033741	0.598829	0.673240	0.095662	85.221200
191.250000	35.659100	7.324534	18.147259	19.876065	9.701161	0.637898	3.827757	17.659244	6.324867	0.021392	0.040204	1.061374	0.035231	0.088795	0.694878	0.568255	0.067068	86.076000
198.750000	35.659100	7.493581	16.757406	20.704390	10.498973	0.629505	2.889965	17.814866	7.399190	0.106671	0.041754	0.817843	0.046071	0.039653	0.696227	0.623075	0.056589	86.615800
206.250000	35.659100	7.011141	16.775728	21.099665	12.287347	0.513198	2.944025	17.084710	9.017330	0.353322	0.046304	0.688747	0.058214	0.050242	0.841545	0.686733	0.104244	89.562400
213.750000	35.659100	6.605054	16.185247	21.359110	14.147459	0.513238	3.148302	15.875586	10.689711	0.436789	0.020421	0.246903	0.271160	0.012076	0.807648	0.653495	0.243753	91.216000
221.250000	35.659100	6.562303	15.671785	21.021402	14.770625	1.340226	1.978819	14.474536	12.890721	0.050126	0.039242	0.112089	0.363645	0.036503	0.811736	0.704274	0.583155	91.411200
228.750000	35.659100	6.369529	14.791548	21.171482	15.719172	2.071728	1.055376	13.318568	14.948188	0.049629	0.046034	0.070193	0.599930	0.034254	0.568192	0.676020	0.826355	92.316200
236.250000	35.659100	6.696267	14.574062	21.776213	15.935415	3.064384	0.539740	10.808045	15.732405	0.045204	0.299742	0.100037	0.952295	0.038480	0.236876	0.643204	0.750655	92.193200
243.750000	35.659100	6.959976	12.677080	21.411248	17.109817	3.096390	0.510137	8.691485	17.582338	0.068916	0.268046	0.066283	1.430704	0.038670	0.038775	0.623353	0.803808	91.377000
251.250000	35.659100	7.371413	10.784306	20.768290	16.950011	2.797734	0.695603	7.497562	17.382382	0.070959	0.100815	0.047724	1.883602	0.058512	0.030071	0.661043	0.672258	87.772300
258.750000	35.659100	6.761863	9.276390	20.443587	17.836581	3.835594	0.682433	6.367889	17.931809	0.009504	0.029702	0.067868	2.101744	0.062547	0.022146	0.626028	0.777105	86.832800
266.250000	35.659100	6.518829	8.408843	19.034055	17.472181	5.386928	0.668141	5.923382	18.398448	0.046040	0.043496	0.059311	2.115689	0.044888	0.062337	0.598366	0.661310	85.442300
273.750000	35.659100	6.115015	7.735711	17.675304	18.649185	6.005525	0.705905	5.246371	18.755270	0.038282	0.047984	0.019858	2.232892	0.046956	0.028706	0.785207	0.638223	84.726400
281.250000	35.659100	6.600983	7.758138	17.831265	20.357294	6.004869	0.631005	3.766854	18.121134	0.065777	0.018406	0.023609	2.016740	0.017604	0.076328	0.689243	0.654396	84.633600
288.750000	35.659100	7.432485	7.518383	17.496836	21.348592	7.148453	0.586379	2.845156	17.705953	0.087409	0.123161	0.043984	1.823434	0.063650	0.053324	0.793462	0.653067	85.723600
296.250000	35.659100	9.050162	7.350603	16.687964	21.533846	8.751981	0.567761	3.081721	16.535622	0.082812	0.391388	0.073199	1.425479	0.063462	0.016110	0.812259	0.649244	87.073600
303.750000	35.659100	10.827577	6.627821	16.079727	21.831970	10.572565	0.472077	3.236348	16.165002	0.123424	0.417933	0.037570	0.926741	0.225731	0.029649	0.835355	0.633726	89.043200
311.250000	35.659100	11.690532	6.408785	15.708994	21.409552	12.464457	1.133586	2.110328	14.660129	0.098487	0.053818	0.033499	0.635608	0.545198	0.029480	0.716329	0.716078	88.415000
318.750000	35.659100	13.072695	6.037645	15.210461	21.775422	13.641914	2.082574	1.078639	12.776945	0.099144	0.048186	0.061200	0.424769	0.769376	0.019692	0.582705	0.727931	88.409300
326.250000	35.659100	14.430881	6.827189	14.612402	21.287633	14.632420	2.984379	0.489637	10.511538	0.320041	0.052453	0.357837	0.277053	0.805647	0.016578	0.263047	0.644047	88.512800
333.750000	35.659100	15.297433	7.028196	12.152761	20.971639	15.063434	2.945100	0.556435	9.294475	0.644788	0.044053	0.310850	0.082721	0.886379	0.017712	0.135668	0.690765	86.122500
341.250000	35.659100	16.638428	7.343059	10.602853	20.895524	15.993207	2.704463	0.622903	7.654009	0.827814	0.041790	0.092560	0.090514	0.782803	0.066754	0.037546	0.610506	85.004700
348.750000	35.659100	17.509956	7.647597	9.694715	20.040395	16.414269	3.729226	0.585271	6.419574	1.011448	0.022054	0.044756	0.087262	0.730141	0.081968	0.027285	0.576989	84.622900
356.250000	35.659100	18.016292	7.752551	8.460766	19.271560	17.144991	5.461821	0.447695	5.664729	1.007445	0.048526	0.042304	0.048611	0.617275	0.042852	0.060800	0.646207	84.734400
3.461540	38.744200	18.387478	7.201360	6.692229	18.085056	17.652911	6.310605	0.402182	5.387358	2.186058	0.051316	0.056260	0.032344	0.905086	0.034148	0.053338	0.899653	84.337400
10.384600	38.744200	19.616620	8.080612	6.167786	17.394936	17.239314	6.651345	0.620971	4.333268	1.876206	0.087020	0.035487	0.035567	0.819347	0.019642	0.101794	1.030014	84.109900
17.307700	38.744200	21.301657	9.024794	5.995878	15.863032	17.370846	7.288863	0.574525	3.172358	1.830446	0.112159	0.028723	0.011631	0.739686	0.033619	0.084486	0.947722	84.380400
24.230800	38.744200	21.757439	11.271642	5.398362	14.742238	16.126323	8.752671	0.535508	3.268909	1.578307	0.170291	0.066486	0.041895	0.925370	0.199702	0.028931	1.201139	86.065200
31.153800	38.744200	21.927538	12.769933	5.688027	13.659444	15.633445	10.507274	0.399825	3.111523	1.323386	0.272498	0.230135	0.092922	1.073342	0.402363	0.043213	1.172209	88.307100
38.076900	38.744200	21.745677	14.228663	5.364388	12.898412	15.181395	12.531976	0.590444	2.116832	0.783929	0.507939	0.341106	0.044177	0.971292	0.725673	0.025258	0.842542	88.899800
45.000000	38.744200	22.064498	14.828757	5.039436	11.347847	14.023617	14.682748	1.026836	1.098760	0.375752	0.889891	0.129935	0.136208	1.109357	0.852926	0.008688	0.800773	88.416000
51.923100	38.744200	21.599216	15.213062	5.311469	10.241699	12.391849	15.673255	2.080573	0.589496	0.160588	1.565640	0.050564	0.356615	1.090295	0.948814	0.029488	0.630573	87.933300
58.846200	38.744200	21.971306	15.866878	5.750536	8.858665	10.429373	16.980547	3.098709	0.418359	0.110296	2.007772	0.114762	0.418733	1.037943	1.126453	0.022545	0.402244	88.615100
65.769200	38.744200	21.328122	16.838044	5.815375	7.185447	8.793103	17.606202	3.135205	0.634846	0.075291	2.775465	0.028774	0.034377	0.901866	1.034035	0.028399	0.114805	86.329400
72.692300	38.744200	21.371551	17.388602	6.260695	5.750230	7.127496	18.497635	3.245848	0.669311	0.089366	2.929244	0.015895	0.053462	0.843311	1.014579	0.086325	0.081793	85.425400
79.615400	38.744200	20.086878	17.531218	6.456569	5.210055	6.013487	18.819849	4.109618	0.617255	0.094904	2.768035	0.019722	0.028655	0.868477	1.086151	0.099021	0.015650	83.825500
86.538500	38.744200	18.972191	18.052936	6.518806	5.538693	5.874445	18.865653	5.441339	0.596904	0.041070	2.796151	0.046721	0.064236	0.898372	0.968767	0.087432	0.042816	84.806500
93.461500	38.744200	17.751305	19.070133	7.513158	5.707491	5.160643	18.737401	6.147202	0.605210	0.031692	2.834084	0.051753	0.061846	0.865162	0.895880	0.027447	0.042017	85.502400
100.385000	38.744200	17.851510	19.054074	8.056557	6.443483	3.956088	18.725526	6.639232	0.615736	0.020174	2.725578	0.046491	0.025616	1.003102	0.757417	0.025890	0.089559	86.036000
107.308000	38.744200	17.243272	21.248614	9.459687	6.457677	3.304829	18.110163	7.472793	0.721873	0.036811	2.644023	0.060516	0.029774	1.072925	0.791309	0.050561	0.076595	88.781400
114.231000	38.744200	16.687173	21.508851	11.114460	5.989601	3.102950	17.684352	9.163678	0.566995	0.056860	2.759824	0.056780	0.039651	1.121228	0.857455	0.121761	0.034673	90.866200
121.154000	38.744200	16.099971	21.646604	12.227179	5.818903	3.120910	17.122145	10.237469	0.379852	0.096394	2.263632	0.072755	0.245327	1.128344	0.913457	0.372617	0.035573	91.781200
128.077000	38.744200	15.570449	21.807089	13.996135	5.476490	2.112726	15.629599	12.667919	0.735607	0.059899	1.643383	0.133008	0.300493	0.941985	1.099003	0.586953	0.036189	92.796900
135.000000	38.744200	14.535496	21.912609	15.014350	5.125096	1.272390	14.147798	14.772548	1.130055	0.157581	1.050074	0.326096	0.157227	0.706639	1.105386	0.814832	0.030321	92.258500
141.923000	38.744200	13.909163	22.190037	15.561175	5.241586	0.581153	13.082195	15.851949	2.044868	0.372402	0.538779	0.796006	0.028922	0.646666	1.013377	0.918797	0.017545	92.794600
148.846000	38.744200	12.430528	22.004670	16.145889	5.795424	0.305060	10.611358	17.151890	2.941153	0.369875	0.268461	1.193708	0.106590	0.479081	0.988683	1.170026	0.039087	92.001500
155.769000	38.744200	11.114720	21.690825	16.798913	6.111158	0.595823	9.078176	18.061305	3.138270	0.059664	0.081252	1.535828	0.050956	0.123246	0.912269	1.206918	0.034374	90.593700
162.692000	38.744200	9.330892	21.614371	17.235242	6.349002	0.640090	7.350513	17.754585	3.228284	0.017410	0.052922	1.882946	0.028464	0.057718	0.779506	0.951145	0.086375	87.359400
169.615000	38.744200	8.121339	20.091742	17.524319	6.443811	0.577053	6.066824	18.390305	4.167795	0.045781	0.045465	1.894731	0.029142	0.042164	0.854222	0.995047	0.113117	85.402800
176.538000	38.744200	7.115406	18.413264	17.730495	6.548336	0.568655	6.218216	18.594220	5.255531	0.067303	0.040459	2.119195	0.020188	0.049231	0.942809	0.725301	0.080730	84.489300
183.462000	38.744200	6.596934	18.285577	18.828671	7.342370	0.664356	5.239653	18.353888	6.059065	0.040410	0.041762	2.104018	0.033275	0.071231	0.953356	0.890471	0.037778	85.542900
190.385000	38.744200	6.480455	17.709120	19.466879	8.217867	0.677114	4.129240	18.458616	6.303095	0.037038	0.017268	1.940490	0.029265	0.126177	1.074780	0.732467	0.041484	85.441300
197.308000	38.744200	6.523726	17.181182	21.152255	9.368746	0.737077	3.169553	17.970714	7.628698	0.026582	0.032009	1.762418	0.040433	0.103525	1.017115	0.717160	0.074502	87.505700
204.231000	38.744200	6.006351	17.011083	21.548435	10.870701	0.497955	3.415460	17.220427	8.727190	0.070681	0.059318	1.552725	0.130268	0.019684	1.119604	0.936187	0.158345	89.344300
211.154000	38.744200	6.010547	16.209902	21.900168	12.699700	0.388134	2.931008	16.848110	10.511040	0.346197	0.099708	1.381382	0.266745	0.037313	1.095196	0.904167	0.382989	92.012400
218.077000	38.744200	5.291146	15.464364	22.316479	14.237145	0.505318	1.790172	16.207187	13.089999	0.409373	0.046973	0.878380	0.476272	0.032011	0.874905	0.984525	0.583328	93.187500
225.000000	38.744200	4.807440	15.201526	22.175560	15.191234	1.177615	1.005478	15.010278	14.493084	0.112676	0.144986	0.354085	0.915620	0.012234	0.821434	1.082481	0.742447	93.248000
231.923000	38.744200	5.565486	14.106518	21.792726	15.213514	2.183604	0.706306	12.909948	15.959391	0.030855	0.310182	0.131012	1.445214	0.028974	0.584328	0.972564	1.012991	92.953600
238.846000	38.744200	5.767512	12.379634	21.942353	16.132204	3.105789	0.348567	10.501653	16.694976	0.065570	0.202836	0.062721	2.168483	0.014671	0.431154	0.873168	1.053834	91.745200
245.769000	38.744200	6.003659	10.899790	22.032153	16.545349	3.216183	0.530817	8.841452	17.901725	0.069258	0.035412	0.056837	2.574344	0.040194	0.142107	0.864850	1.197531	90.951600
252.692000	38.744200	6.567777	9.116912	20.799165	17.343250	3.099150	0.674770	7.308429	17.913035	0.020561	0.037819	0.053611	2.763771	0.065058	0.041346	0.755464	1.005715	87.565900
259.615000	38.744200	6.130271	8.051490	19.836142	17.685370	3.943342	0.648972	6.306160	18.149634	0.034429	0.040152	0.062024	2.914518	0.076783	0.019153	0.890934	1.011124	85.800600
266.538000	38.744200	5.489281	7.396758	18.228237	18.001024	5.220075	0.571449	6.002596	19.058597	0.018745	0.057607	0.041361	2.769448	0.056608	0.030247	0.960044	0.928693	84.830800
273.462000	38.744200	5.239653	6.566352	18.291006	18.616387	5.812423	0.664183	5.169430	18.882844	0.048883	0.060012	0.023642	2.776393	0.024965	0.080316	0.954518	0.881997	84.093000
280.385000	38.744200	5.331669	6.177162	17.863385	19.665365	6.295891	0.742137	4.217298	18.334548	0.038820	0.037754	0.010792	2.913410	0.013348	0.120978	0.959047	0.836442	83.558100
287.308000	38.744200	5.589146	6.403956	17.346643	21.678271	7.070416	0.551038	3.211976	18.616613	0.088068	0.030501	0.034993	2.703479	0.074680	0.077288	1.043180	0.798359	85.318600
294.231000	38.744200	7.652460	6.074548	16.595111	20.933186	8.915995	0.552241	3.225717	17.520361	0.072817	0.086197	0.040179	2.625837	0.118773	0.025981	1.121695	0.911662	86.472800
301.154000	38.744200	9.163847	5.849021	15.627337	21.876305	10.375380	0.391111	3.144445	16.851390	0.080126	0.422750	0.084925	2.050715	0.356427	0.033535	1.032424	1.055481	88.395200
308.077000	38.744200	10.705228	5.349741	14.782274	21.782208	12.797868	0.636477	2.139677	15.865747	0.159197	0.333755	0.022450	1.444366	0.610729	0.030791	0.857338	1.058734	88.576400
315.000000	38.744200	11.184704	5.075299	14.499644	21.696706	13.760666	1.045574	1.114209	14.759994	0.283840	0.118182	0.116013	1.021857	0.754176	0.025211	0.766514	1.073066	87.295700
321.923000	38.744200	13.119404	5.286871	14.155941	22.135411	14.904532	2.167929	0.689090	12.796511	0.828376	0.036253	0.307885	0.591568	0.914847	0.042212	0.691246	1.073876	89.742000
328.846000	38.744200	13.815857	5.640978	12.395807	22.072981	15.904765	3.034322	0.412731	10.608553	1.333361	0.099176	0.224305	0.256782	1.208886	0.041888	0.467490	0.900413	88.418300
335.769000	38.744200	15.455090	5.631772	11.048524	22.059070	16.333065	3.035476	0.548732	9.039734	1.726747	0.058337	0.023801	0.150025	1.064862	0.011965	0.201292	0.769424	87.158000
342.692000	38.744200	16.954987	5.984410	9.417016	21.236060	16.965053	3.098935	0.599791	7.445774	1.724384	0.040207	0.034139	0.082119	1.061361	0.088807	0.046169	0.777083	85.556300
349.615000	38.744200	17.570123	6.345349	7.964066	19.885339	17.312940	4.082350	0.601081	6.608074	1.924532	0.019891	0.028817	0.079482	1.019333	0.122971	0.047411	0.882790	84.494500
356.538000	38.744200	18.464836	6.813323	7.489159	18.085508	17.755038	5.285841	0.349464	5.987215	2.032868	0.029776	0.039272	0.025473	0.965496	0.064575	0.025123	0.790236	84.203200
3.214290	41.858800	18.318828	5.922489	5.431160	18.000346	18.845409	6.305742	0.450147	5.226499	3.475741	0.091864	0.076521	0.008767	1.059876	0.030473	0.040790	1.253311	84.537900
9.642860	41.858800	19.619673	6.565413	5.131068	16.909748	18.146581	6.464904	0.519342	4.096046	3.643035	0.069146	0.041182	0.019617	1.380613	0.037563	0.128775	1.175104	83.947900
16.071400	41.858800	20.759355	7.686219	5.062395	15.754572	17.615136	7.196191	0.470072	3.453619	3.625686	0.142653	0.046101	0.046538	1.135158	0.083481	0.100607	1.278792	84.456600
22.500000	41.858800	21.752689	9.461565	4.503072	14.601884	17.030875	8.684009	0.563013	3.287683	3.531091	0.199676	0.036243	0.053785	1.262551	0.411462	0.027576	1.438734	86.846000
28.928600	41.858800	21.727355	11.221246	4.310490	13.072242	17.197920	10.526026	0.426843	3.069349	3.111839	0.373076	0.047535	0.075324	1.253333	0.482885	0.007314	1.614826	88.517500
35.357100	41.858800	22.375064	12.747766	4.275758	12.182958	15.892098	12.294246	0.283198	2.020495	2.419107	0.856978	0.065303	0.044945	1.209519	0.681237	0.033118	1.454522	88.836300
41.785700	41.858800	22.452875	13.978039	4.197585	11.194691	15.109917	14.491840	0.573148	1.032345	1.636677	1.619825	0.105370	0.216152	1.445033	0.894787	0.036632	1.186957	90.171800
48.214300	41.858800	22.119803	14.749702	4.312842	9.999987	14.232395	15.543306	0.973364	0.493581	1.044683	2.570499	0.301523	0.116050	1.420039	1.126827	0.032585	0.874899	89.912100
54.642900	41.858800	22.525709	15.075422	4.420274	8.887370	12.036158	16.878986	1.933704	0.324144	0.457178	3.179030	0.039059	0.103855	1.358084	1.431507	0.027282	0.584997	89.262800
61.071400	41.858800	22.212882	16.016958	4.732400	6.801787	10.529317	17.212283	3.064372	0.474461	0.171366	3.730018	0.073585	0.159618	1.287986	1.471328	0.028376	0.510294	88.477100
67.500000	41.858800	22.016093	16.193842	4.813389	5.680596	8.749312	18.054180	3.430446	0.436095	0.138717	4.110229	0.036525	0.050866	1.206884	1.485726	0.055461	0.295635	86.754000
73.928600	41.858800	20.542435	16.602350	5.170154	4.469313	7.183954	18.665132	3.502285	0.487426	0.074270	4.098840	0.036128	0.019331	1.115446	1.281529	0.119279	0.086024	83.453900
80.357100	41.858800	19.204041	17.401722	5.609809	4.363691	6.378497	18.994245	4.626145	0.595309	0.057144	4.041273	0.030556	0.058704	1.256477	1.343981	0.145035	0.091899	84.198500
86.785700	41.858800	18.483837	18.034727	5.356312	4.800518	5.954925	18.295982	5.300080	0.538244	0.097888	3.978301	0.024206	0.071757	1.200494	1.286166	0.082790	0.034203	83.540400
93.214300	41.858800	18.296887	17.913826	5.940607	5.273073	5.073965	19.531910	6.135576	0.621948	0.058695	4.277104	0.039865	0.063409	1.206387	1.283349	0.060326	0.044172	85.821100
99.642900	41.858800	17.492991	18.924351	6.601853	5.399663	4.239431	18.679608	6.493913	0.688249	0.035846	4.265692	0.059024	0.051014	1.345745	1.395429	0.040112	0.117212	85.830200
106.071000	41.858800	16.952612	21.116404	8.038438	5.141303	3.202453	18.320637	7.049108	0.564695	0.016444	4.090290	0.059566	0.044056	1.312800	1.110730	0.065870	0.072923	87.158300
112.500000	41.858800	16.518771	21.462029	9.487306	4.934652	3.260517	18.047847	8.851359	0.555206	0.038905	4.025168	0.077555	0.043956	1.525694	1.151240	0.340448	0.030745	90.351400
118.929000	41.858800	15.955207	22.224192	10.810477	4.771169	3.042013	17.800616	10.344154	0.409689	0.057388	3.596586	0.140743	0.071579	1.581813	1.364859	0.571313	0.026901	92.768700
125.357000	41.858800	15.481555	21.925502	12.703658	4.493515	1.875719	16.494115	12.484023	0.308309	0.050355	3.001829	0.397812	0.092952	1.526113	1.346514	0.677871	0.041884	92.901800
131.786000	41.858800	14.639206	22.298044	14.003147	4.306803	1.144522	15.443667	14.311789	0.619134	0.252564	2.053226	0.797275	0.098712	1.161035	1.346933	0.756690	0.037121	93.269900
138.214000	41.858800	13.725493	22.224531	14.690100	4.248694	0.511210	14.384624	15.718607	0.962111	0.161724	1.436766	1.651379	0.272570	0.872505	1.333757	1.150155	0.032916	93.377200
144.643000	41.858800	12.930871	21.847691	15.327516	4.369323	0.281612	12.192684	17.251528	1.791598	0.055387	0.843387	2.307581	0.081392	0.633830	1.278792	1.422154	0.015912	92.631100
151.071000	41.858800	11.144996	22.048326	16.022047	4.695960	0.436532	10.520902	17.799032	3.147374	0.179720	0.353625	2.888585	0.041584	0.548078	1.307417	1.538429	0.024837	92.697400
157.500000	41.858800	9.433098	22.401755	16.385542	4.776496	0.549615	8.698474	18.318149	3.311875	0.044938	0.143957	3.358787	0.042041	0.341271	1.158920	1.491618	0.035384	90.492000
163.929000	41.858800	8.042272	20.769647	16.640463	5.124542	0.499735	7.340526	18.404895	3.249105	0.039895	0.019086	3.470019	0.030389	0.075654	1.134864	1.227061	0.157357	86.225400
170.357000	41.858800	7.095557	18.962691	17.608237	5.514072	0.540122	6.476689	18.958506	4.380452	0.045018	0.058574	3.560632	0.012644	0.055712	1.255946	1.199635	0.126282	85.850800
176.786000	41.858800	5.818835	18.755384	17.540379	5.454730	0.666662	6.119652	19.434985	5.375890	0.074595	0.037258	3.603066	0.015280	0.049122	1.213331	1.255708	0.030617	85.445400
183.214000	41.858800	5.558022	18.335679	18.209689	6.163262	0.618163	5.421298	19.250863	5.942575	0.070179	0.017563	3.362248	0.057964	0.060961	1.264960	1.057765	0.014101	85.405300
189.643000	41.858800	5.360293	17.379781	18.882618	6.714758	0.557782	4.345188	18.690353	6.570605	0.044014	0.019561	3.500453	0.033715	0.138945	1.280013	1.211600	0.100711	84.830400
196.071000	41.858800	5.428853	17.378423	20.721128	7.719278	0.491561	3.425831	18.754366	7.097016	0.055808	0.018127	3.558167	0.055084	0.140616	1.395847	1.043425	0.070540	87.354000
202.500000	41.858800	5.115800	16.691696	21.495732	9.426324	0.507995	3.358652	17.754020	8.446833	0.064135	0.054666	3.342275	0.159114	0.028899	1.522709	1.020856	0.292329	89.282000
208.929000	41.858800	4.802531	15.546134	21.933192	10.936433	0.422668	3.019518	17.373108	10.338137	0.160597	0.067814	2.845721	0.283758	0.040537	1.499128	1.300744	0.544988	91.115000
215.357000	41.858800	4.335722	15.982915	22.353915	12.641002	0.318277	2.092165	16.892557	12.258620	0.048052	0.082520	2.151383	0.793153	0.014077	1.454500	1.416567	0.621895	93.457200
221.786000	41.858800	4.214448	14.460965	22.011569	13.801720	0.608926	0.999230	15.542288	14.391862	0.118441	0.282910	1.423149	1.429777	0.042519	1.305991	1.350382	0.707681	92.691900
228.214000	41.858800	4.277285	13.845037	22.646610	15.031654	1.043628	0.487835	14.343230	15.777418	0.270914	0.110464	0.784051	2.115463	0.026099	0.873493	1.425660	1.135271	94.194200
234.643000	41.858800	4.617968	12.908025	21.907859	15.591938	2.175891	0.320876	12.354527	17.053947	0.063654	0.035641	0.362170	3.055460	0.047137	0.697026	1.369236	1.497635	94.059100
241.071000	41.858800	4.859962	10.708587	22.389993	15.693612	2.965672	0.491859	10.476263	17.512670	0.077139	0.056427	0.119209	3.617136	0.036127	0.474439	1.184265	1.603494	92.266800
247.500000	41.858800	4.585792	9.431345	22.119238	16.736822	2.835565	0.541994	8.750918	17.793604	0.056216	0.055384	0.067076	3.866685	0.019894	0.274495	1.175308	1.485918	89.796400
253.929000	41.858800	5.136881	7.582419	21.331741	16.837931	3.046118	0.616946	7.329262	18.653935	0.029049	0.046394	0.064725	4.364426	0.093851	0.038482	1.142000	1.276835	87.591100
260.357000	41.858800	5.253032	6.566375	19.442902	17.778449	3.897481	0.620430	6.435306	18.907386	0.031685	0.025126	0.047544	4.068688	0.108721	0.044459	1.191413	1.241447	85.660400
266.786000	41.858800	5.076317	6.260605	18.609375	17.709912	5.285480	0.545370	6.176573	19.458170	0.025726	0.065804	0.060413	4.102764	0.027980	0.018053	1.226020	1.241277	85.889800
273.214000	41.858800	4.533710	5.439575	18.134140	18.658798	6.102619	0.650546	5.126408	19.222136	0.081012	0.057634	0.026847	4.390235	0.050283	0.050237	1.139501	1.075748	84.739400
279.643000	41.858800	4.154540	5.475630	17.906701	19.609495	6.399194	0.591940	4.245651	18.594107	0.069665	0.053694	0.027164	4.309811	0.064842	0.126282	1.233609	1.202847	84.065200
286.071000	41.858800	4.441683	5.191213	17.026465	20.265346	6.896110	0.508232	3.531566	18.794515	0.108806	0.030244	0.023987	4.156474	0.058393	0.136069	1.225975	1.033732	83.428800
292.500000	41.858800	5.795424	4.815877	16.543426	21.627038	8.572246	0.536279	3.447060	18.285917	0.112104	0.057565	0.014352	4.232136	0.286718	0.043231	1.512847	1.215197	87.097400
298.929000	41.858800	7.112420	4.667900	15.937563	22.393046	9.890679	0.492653	2.921021	17.608916	0.217795	0.271998	0.093562	3.846158	0.472969	0.023899	1.476169	1.310040	88.736800
305.357000	41.858800	9.133797	4.765582	15.641362	22.098428	12.651520	0.339804	1.936373	16.602236	0.397458	0.052798	0.035097	3.279506	0.654687	0.004024	1.377763	1.399930	90.370500
311.786000	41.858800	10.199728	4.303150	15.246086	22.348825	13.879192	0.524527	1.097038	15.628242	1.023490	0.095346	0.277692	2.442608	0.876797	0.040274	1.219676	1.444276	90.646900
318.214000	41.858800	11.353502	4.187044	14.046802	22.070266	15.258979	1.030083	0.534058	14.316426	1.800204	0.262282	0.117581	1.589741	1.025291	0.027853	0.878657	1.446696	89.945500
324.643000	41.858800	12.951794	4.197302	12.887102	22.171715	16.024309	2.056958	0.363231	12.656497	2.391036	0.076298	0.087647	0.960070	1.478182	0.030917	0.633054	1.293064	90.259200
331.071000	41.858800	12.888572	4.651705	10.845650	21.891799	16.778216	2.942001	0.463995	10.622124	3.004114	0.079971	0.073260	0.430843	1.599117	0.019704	0.560826	1.363298	88.215200
337.500000	41.858800	15.056648	4.473882	9.513329	21.870197	17.229700	3.431599	0.439128	8.914479	3.406865	0.032461	0.036918	0.172518	1.463468	0.009964	0.371776	1.217889	87.640800
343.929000	41.858800	16.792466	4.877289	8.147498	21.154970	16.980999	3.754798	0.524374	7.326366	3.551075	0.041650	0.033657	0.169601	1.280341	0.130187	0.060820	1.104419	85.930500
350.357000	41.858800	17.432258	5.080943	6.869261	19.336591	18.088449	4.157074	0.487834	6.700350	3.631861	0.038165	0.033510	0.067575	1.118197	0.115048	0.028324	1.370672	84.556100
356.786000	41.858800	17.483943	5.471864	6.184965	18.773818	18.665245	5.250646	0.390569	5.780088	3.276622	0.049560	0.045719	0.085450	1.247328	0.058782	0.040481	1.101590	83.906700
3.000000	45.006100	18.193290	4.768749	4.512233	17.465056	19.357966	6.005276	0.335020	5.172247	5.393578	0.098230	0.093852	0.028482	1.601605	0.052557	0.098767	1.644944	84.821900
9.000000	45.006100	18.867576	5.709470	4.380791	17.201313	19.160498	6.491798	0.382913	4.796300	5.114906	0.076254	0.013349	0.046995	1.439231	0.035315	0.135681	1.550304	85.402700
15.000000	45.006100	19.978984	6.355369	3.988898	16.217932	18.385668	6.933523	0.330633	3.699832	4.679233	0.126536	0.039211	0.021145	1.456716	0.098895	0.088959	1.489334	83.890900
21.000000	45.006100	21.742058	7.381603	3.757546	14.529275	18.126562	8.274778	0.247259	3.413470	4.533552	0.225950	0.034286	0.028820	1.449806	0.423595	0.044653	1.740919	85.954200
27.000000	45.006100	22.594586	9.068325	3.592311	12.692009	17.815205	10.894259	0.217025	2.743436	4.151283	0.655582	0.038070	0.025564	1.779711	0.547911	0.038620	1.903066	88.757000
33.000000	45.006100	22.445863	10.959460	3.544278	11.865268	16.879099	12.230911	0.218000	1.817440	3.697457	1.421973	0.066389	0.163634	1.782742	0.665262	0.020871	1.718050	89.496700
39.000000	45.006100	22.685064	12.668372	3.377324	10.967026	15.991398	14.102333	0.304771	0.916088	3.333951	2.096564	0.038773	0.063965	1.859818	0.956111	0.017869	1.674949	91.054400
45.000000	45.006100	23.234717	13.577674	3.098381	9.839355	15.570676	15.382708	0.405460	0.367414	2.537180	2.923623	0.046972	0.061875	1.872383	1.474314	0.038600	1.378396	91.809800
51.000000	45.006100	22.913068	14.262366	3.393169	8.198516	14.079261	16.038672	0.826939	0.303847	1.708211	3.634677	0.080209	0.042275	1.830005	1.706537	0.047215	0.953015	90.017900
57.000000	45.006100	22.466107	15.320052	3.766028	6.929768	12.197208	17.184801	1.824961	0.199691	1.054258	4.350945	0.157655	0.124357	1.827065	1.793294	0.033151	0.591561	89.820900
63.000000	45.006100	22.235389	15.676195	3.817759	5.214873	10.471332	17.687066	2.904159	0.170111	0.495624	4.720276	0.031361	0.046056	1.898802	1.825402	0.035658	0.587599	87.817600
69.000000	45.006100	22.036111	16.041952	4.047641	4.291750	8.598168	18.271214	3.361479	0.214109	0.136007	5.126318	0.053733	0.048188	1.513355	1.674361	0.039153	0.395388	85.848900
75.000000	45.006100	19.930465	17.074531	4.236479	3.793375	6.826566	18.774271	3.862274	0.314991	0.142651	5.153981	0.021294	0.045142	1.177275	1.589108	0.180571	0.086489	83.209500
81.000000	45.006100	19.190356	17.205611	4.325532	3.826569	6.350845	18.913607	4.532478	0.460875	0.064562	5.508688	0.020024	0.021485	1.489775	1.458548	0.112980	0.089670	83.571500
87.000000	45.006100	18.062210	17.941083	4.478338	4.181831	5.752221	19.513249	5.357511	0.548756	0.117807	5.766426	0.025416	0.094548	1.399885	1.621058	0.066470	0.049803	84.976600
93.000000	45.006100	17.887361	18.007584	4.950791	4.342146	5.236452	19.849940	6.117084	0.627859	0.059112	5.844893	0.063055	0.062868	1.535274	1.614487	0.039987	0.082305	86.321200
99.000000	45.006100	17.154943	18.715121	5.413347	4.420274	4.525251	19.529761	6.351456	0.496752	0.035668	5.571763	0.061078	0.013894	1.480150	1.373646	0.051274	0.147438	85.341800
105.000000	45.006100	16.755596	19.911578	6.609137	4.066041	3.363413	18.766919	6.907465	0.259572	0.023150	5.290501	0.117202	0.039373	1.614668	1.362970	0.095390	0.132439	85.315500
111.000000	45.006100	15.836002	21.459541	7.637723	3.767408	3.116669	18.321995	8.537390	0.230507	0.031617	5.111389	0.157582	0.048876	1.808698	1.446413	0.397700	0.032543	87.942100
117.000000	45.006100	15.463120	22.043236	9.371234	3.751620	2.643413	18.206748	10.499516	0.197137	0.055931	4.437792	0.355785	0.063437	1.693972	1.810711	0.548433	0.021179	91.163200
123.000000	45.006100	15.178228	22.507048	10.787902	3.514749	1.969522	17.288737	12.499178	0.291024	0.130711	4.364890	0.702224	0.089567	1.790229	1.885898	0.716379	0.025253	93.741600
129.000000	45.006100	14.471143	22.131226	12.481196	3.361400	0.828237	16.657654	14.217918	0.306256	0.100954	3.664037	1.472086	0.038308	1.674383	1.788928	1.047185	0.037211	94.278100
135.000000	45.006100	13.523388	22.525709	13.766434	3.147985	0.354653	15.045112	15.570902	0.411013	0.066926	2.910571	2.532125	0.061929	1.352452	1.770889	1.268070	0.031862	94.340100
141.000000	45.006100	12.343556	23.080339	14.655266	3.206230	0.267499	14.145649	16.015374	0.880922	0.023665	1.866604	3.171883	0.092643	0.988838	1.972123	1.687638	0.038163	94.436300
147.000000	45.006100	11.060105	22.592324	15.258640	3.648984	0.266844	11.950091	17.553159	1.758415	0.093403	1.097406	3.572451	0.126850	0.635537	1.797196	1.701459	0.050203	93.163000
153.000000	45.006100	9.041080	22.119690	15.923992	3.704763	0.207037	10.333014	18.180284	3.016736	0.173170	0.590940	4.250616	0.025714	0.499416	1.767440	1.841756	0.052799	91.728500
159.000000	45.006100	7.728190	21.491434	16.282510	4.077600	0.254507	8.577404	18.248481	3.512181	0.036256	0.204784	4.477037	0.022208	0.499237	1.480241	1.806142	0.031338	88.729600
165.000000	45.006100	6.142237	19.614245	16.773918	3.922905	0.377903	6.716161	19.390991	3.685141	0.048479	0.080102	4.865583	0.012556	0.127783	1.319156	1.620108	0.107656	84.804900
171.000000	45.006100	5.560679	18.737288	17.624976	4.677581	0.475027	6.386493	19.068324	4.496388	0.036710	0.056357	4.964204	0.013592	0.098247	1.508300	1.474676	0.147439	85.326200
177.000000	45.006100	5.109489	18.557689	17.608690	4.402450	0.590820	5.870702	19.608477	5.213244	0.081562	0.044678	5.050192	0.028768	0.038362	1.481089	1.592026	0.070697	85.348900
183.000000	45.006100	4.379197	17.634137	17.957143	4.836483	0.571611	5.231249	19.691603	5.963996	0.084391	0.033252	5.411289	0.046559	0.060974	1.401321	1.616161	0.055027	84.974400
189.000000	45.006100	4.528372	17.705840	18.825051	5.621661	0.463471	4.617153	19.425711	6.320886	0.011768	0.023071	5.081384	0.059793	0.133380	1.485047	1.511410	0.091643	85.905700
195.000000	45.006100	4.139577	16.698935	19.687079	6.420592	0.314644	3.720778	18.968007	6.845816	0.058278	0.023045	4.765990	0.045964	0.162858	1.542557	1.242465	0.113809	84.750400
201.000000	45.006100	3.848159	16.437793	21.542780	7.816259	0.256716	3.347116	18.187974	8.758450	0.059367	0.028775	4.459880	0.202673	0.032048	1.839686	1.466058	0.412562	88.696200
207.000000	45.006100	3.756980	16.076899	22.216841	9.106168	0.176305	2.842283	18.391323	10.276816	0.067076	0.047149	4.045413	0.582537	0.022088	1.807872	1.834507	0.532504	91.782800
213.000000	45.006100	3.441620	15.326272	22.208132	11.193311	0.238683	1.698880	17.361572	12.046789	0.122470	0.113003	3.831387	1.136006	0.038233	1.805712	1.674157	0.700417	92.936700
219.000000	45.006100	3.283555	14.329093	23.094137	12.074045	0.334418	0.802117	16.158895	14.000206	0.047299	0.084959	3.266195	1.856199	0.029879	1.659715	1.828693	1.079884	93.929300
225.000000	45.006100	2.955482	13.777404	22.745231	13.818459	0.469451	0.415815	15.268706	15.544550	0.065965	0.063385	2.437836	2.902779	0.038514	1.466658	1.851867	1.356546	95.178500
231.000000	45.006100	3.172301	12.358824	22.930145	14.711701	0.869372	0.354488	14.115000	16.051905	0.114986	0.032752	1.478861	3.575595	0.027494	1.036617	1.885140	1.658290	94.373400
237.000000	45.006100	3.536983	11.153546	22.358891	15.031654	1.559499	0.264888	12.075855	17.293487	0.173128	0.097165	0.708318	4.341614	0.034576	0.736749	1.858653	1.693565	92.918600
243.000000	45.006100	3.792029	9.126163	22.087344	15.530526	2.594521	0.177001	10.386961	18.154045	0.038703	0.025855	0.347486	4.710922	0.031658	0.537354	1.913403	1.924792	91.378800
249.000000	45.006100	3.767691	7.765455	22.048665	15.945820	2.664313	0.247223	8.737414	18.821885	0.033384	0.047546	0.117003	4.993598	0.028992	0.456489	1.569587	1.838499	89.083500
255.000000	45.006100	4.093762	6.509600	19.866678	17.063560	3.056026	0.322505	6.953360	18.442443	0.032000	0.036088	0.033187	5.137096	0.113593	0.087703	1.442296	1.589368	84.779300
261.000000	45.006100	4.543131	5.345025	18.831950	17.166818	4.303761	0.533153	6.343369	19.114241	0.066944	0.043966	0.069577	5.708147	0.135759	0.070464	1.479788	1.628274	85.384400
267.000000	45.006100	4.359269	5.119351	18.247237	17.792925	5.195861	0.561863	5.860263	19.385788	0.043222	0.069944	0.040098	5.736365	0.075861	0.042355	1.412755	1.614804	85.557900
273.000000	45.006100	4.052956	4.540428	17.991637	18.309554	5.601406	0.611790	5.159546	19.580542	0.119468	0.055781	0.045725	5.712433	0.037089	0.057867	1.497782	1.531428	84.905400
279.000000	45.006100	3.556911	4.295278	17.156300	18.789878	6.265570	0.469357	4.525454	19.076693	0.118519	0.017182	0.049737	5.506370	0.083175	0.142521	1.558097	1.577787	83.188900
285.000000	45.006100	3.616683	4.270736	16.427275	19.275292	6.814556	0.270222	3.824386	18.952060	0.134096	0.051180	0.019950	5.310926	0.125355	0.145477	1.490091	1.443009	82.171300
291.000000	45.006100	3.994044	3.963621	16.059369	21.467684	8.461830	0.217918	3.436316	18.502837	0.253482	0.073111	0.038783	4.813027	0.376024	0.022598	1.864319	1.550146	85.095100
297.000000	45.006100	5.201595	3.761934	15.696214	22.069135	10.522723	0.203635	2.868114	18.016179	0.400605	0.148626	0.033668	4.980422	0.513354	0.048305	1.733420	1.681452	87.879400
303.000000	45.006100	6.678466	3.640615	15.257170	22.549347	12.342878	0.220705	1.742886	17.106764	1.178146	0.150982	0.150044	4.355209	0.721683	0.031746	1.854751	1.722201	89.703600
309.000000	45.006100	8.366500	3.313175	14.125631	22.921776	14.064785	0.364940	0.881340	16.320850	1.688622	0.043564	0.103831	3.619318	1.105737	0.023613	1.637412	1.909535	90.490700
315.000000	45.006100	9.948064	3.065549	13.989914	22.867716	15.571920	0.400172	0.385638	15.278885	2.490867	0.050683	0.054462	2.912211	1.303854	0.026183	1.369292	1.983207	91.698600
321.000000	45.006100	10.919197	3.258481	12.369003	22.514400	16.132317	0.829550	0.295044	13.986634	3.319316	0.130711	0.028042	2.081206	1.763900	0.049464	0.912251	1.821636	90.411200
327.000000	45.006100	12.274454	3.572078	11.232850	23.181335	16.622707	1.740851	0.211113	11.952126	3.704277	0.169048	0.073494	1.385940	1.865778	0.026896	0.744307	1.825120	90.582400
333.000000	45.006100	13.041593	3.636747	8.972464	22.204061	17.137639	2.872243	0.171546	10.728391	4.058091	0.026368	0.043210	0.644482	1.942526	0.034793	0.558057	1.722167	87.794300
339.000000	45.006100	14.890621	3.291166	7.560975	21.565965	18.438485	3.347285	0.177364	8.576035	4.429887	0.041872	0.063426	0.305526	1.823446	0.038431	0.477007	1.540657	86.568200
345.000000	45.006100	15.828651	3.831093	6.526338	19.907619	18.553731	3.911336	0.352541	6.898270	4.917529	0.037683	0.039112	0.118701	1.604455	0.172978	0.110203	1.433588	84.243700
351.000000	45.006100	16.998530	4.345256	5.576230	19.083253	19.341115	4.687681	0.411326	6.264936	5.049366	0.043892	0.016533	0.109261	1.539617	0.084283	0.068773	1.447578	85.067600
357.000000	45.006100	17.626333	4.217004	4.864441	18.006792	19.204041	5.093949	0.322167	5.991693	5.547232	0.065798	0.085200	0.134999	1.541732	0.049253	0.046052	1.689154	84.486000
2.812500	48.189700	17.622261	3.937371	3.686487	17.310565	19.851862	5.777611	0.235816	5.310768	6.373499	0.104425	0.072704	0.072133	1.918674	0.092255	0.090316	1.848157	84.304900
8.437500	48.189700	18.655971	4.635554	3.147736	16.724042	19.818498	6.098401	0.341416	4.802769	6.363252	0.189706	0.035075	0.045673	1.675243	0.059470	0.087129	1.886577	84.566600
14.062500	48.189700	19.373687	5.139392	2.768329	15.450566	19.418813	6.651831	0.245496	4.055580	6.285056	0.123714	0.025951	0.036526	2.140842	0.192829	0.088646	2.041113	84.038500
19.687500	48.189700	20.317371	6.266893	2.725940	14.343909	18.855814	8.505304	0.133308	3.322426	5.965783	0.485629	0.051687	0.028270	2.186601	0.546457	0.036453	1.990638	85.762500
25.312500	48.189700	21.872233	7.362241	2.770206	12.739849	17.989715	10.655703	0.144656	2.568214	5.493386	1.102265	0.027233	0.033653	2.667830	0.582844	0.032239	1.977744	88.020000
30.937500	48.189700	22.173411	9.237779	2.762086	11.541131	17.807854	12.114987	0.160685	1.408933	4.617131	1.791812	0.089422	0.073731	2.665896	0.751939	0.017231	2.082506	89.296400
36.562500	48.189700	22.825417	10.809561	2.533663	10.599776	16.911331	13.948747	0.194584	0.645998	4.427354	2.444927	0.035750	0.058898	2.762188	1.067753	0.025908	2.115780	91.407800
42.187500	48.189700	22.650003	12.689973	2.436524	9.674776	16.030416	15.291551	0.225185	0.382823	3.447309	3.593080	0.042811	0.027373	3.029256	1.584912	0.025366	1.776058	92.907500
47.812500	48.189700	22.958307	13.671319	2.389656	7.784603	14.917652	16.415287	0.360191	0.234279	2.980002	4.367729	0.014700	0.066769	2.999126	1.770380	0.020395	1.477786	92.428000
53.437500	48.189700	22.929241	14.022260	2.439905	6.353740	13.538995	16.930671	0.642460	0.134780	2.297980	4.841901	0.050232	0.046768	2.804904	1.895240	0.031000	1.102535	90.062600
59.062500	48.189700	22.315009	15.059815	2.721620	4.822945	11.976329	17.813735	1.348652	0.146734	1.460415	5.368425	0.062923	0.221206	2.758274	2.112556	0.014706	0.793497	88.996900
64.687500	48.189700	22.538150	15.624397	2.777852	3.916595	10.318616	18.460652	2.228775	0.111059	0.912361	5.778301	0.041506	0.058113	2.504088	2.322137	0.040159	0.506355	88.139200
70.312500	48.189700	20.267269	15.661040	2.852812	3.133135	8.330116	18.712520	3.313786	0.134305	0.335184	6.124470	0.047901	0.105352	2.289633	2.056177	0.051874	0.399554	83.815100
75.937500	48.189700	19.177802	16.029512	3.210811	3.493973	6.709997	19.719765	4.103431	0.184787	0.144498	6.359260	0.037470	0.075483	2.139440	1.909174	0.096896	0.216302	83.608600
81.562500	48.189700	18.654048	16.849580	3.258741	3.534009	6.268556	19.526029	4.767777	0.344007	0.125676	6.702431	0.021226	0.049448	1.937425	1.846563	0.093730	0.081538	84.060800
87.187500	48.189700	17.915975	17.105859	3.548248	3.568210	5.352241	19.857517	5.159512	0.490735	0.108713	6.594887	0.029284	0.080067	1.942153	1.875222	0.113348	0.039019	83.780900
92.812500	48.189700	17.697584	18.042644	3.746428	3.569669	4.983464	20.021056	5.920408	0.485697	0.092309	6.561862	0.079833	0.076410	1.803280	1.826409	0.084014	0.076948	85.068000
98.437500	48.189700	17.300047	18.634596	4.550019	3.699787	4.155004	19.811147	6.114008	0.365604	0.066296	6.871263	0.045325	0.025348	1.976715	1.911492	0.066614	0.065355	85.658600
104.062000	48.189700	16.449781	19.064026	5.259151	3.130523	3.095078	19.336930	6.444976	0.243459	0.032871	6.432829	0.096136	0.019465	1.945093	2.007308	0.191217	0.069815	83.818600
109.688000	48.189700	16.081084	20.559965	6.179129	2.742791	2.707923	19.260137	8.265266	0.152359	0.042452	6.195449	0.198237	0.021696	2.031534	2.295695	0.419364	0.047302	87.200400
115.312000	48.189700	14.909169	22.140952	7.249743	2.843007	2.229329	18.331721	10.238657	0.131599	0.039188	5.691001	0.594686	0.031212	2.043013	2.473020	0.616322	0.024582	89.587300
120.938000	48.189700	14.767458	22.782214	8.872475	2.794737	1.401683	18.052936	12.382688	0.122434	0.041031	5.342209	1.218239	0.098193	2.109887	2.828451	0.753253	0.015364	93.583300
126.562000	48.189700	14.296182	22.961021	10.260292	2.663420	0.619400	17.187854	13.449196	0.128667	0.060826	4.590463	2.112613	0.041127	2.056879	2.887477	1.063049	0.052475	94.430900
132.188000	48.189700	13.399772	23.219562	12.217340	2.236330	0.288948	16.229581	15.464703	0.235474	0.031635	4.134884	3.025603	0.049694	1.831657	2.751579	1.584742	0.030680	96.732100
137.812000	48.189700	12.329193	22.491893	13.097916	2.328482	0.236355	15.480989	16.361113	0.386258	0.055478	3.361513	3.811697	0.021331	1.454386	2.839704	1.836599	0.040509	96.133400
143.437000	48.189700	10.792720	22.778143	14.325587	2.587746	0.206311	13.535715	17.256391	0.559067	0.043592	2.478562	4.372230	0.048589	1.050760	2.801738	1.984270	0.023162	94.844600
149.062000	48.189700	8.947277	22.666516	14.627331	2.737453	0.191797	11.764837	18.121586	1.459985	0.308640	1.445938	4.816917	0.056642	0.715652	2.682499	2.101812	0.026081	92.671000
154.688000	48.189700	7.324410	21.926407	15.223128	2.949341	0.146540	10.114860	18.426610	2.514889	0.070979	0.702867	5.612173	0.050187	0.657417	2.536004	2.153882	0.051170	90.460900
160.312000	48.189700	6.496368	20.200428	15.579158	2.885475	0.176185	8.594685	19.127134	3.384494	0.026841	0.402551	5.962582	0.039474	0.491326	2.296758	1.954989	0.047147	87.665600
165.938000	48.189700	5.317181	18.995037	16.248581	3.183577	0.190252	6.845341	19.697484	4.035471	0.069870	0.089441	6.231132	0.019619	0.227387	2.001133	2.058926	0.087267	85.297700
171.562000	48.189700	4.603265	18.267255	16.878081	3.380570	0.381549	6.148672	19.888619	4.815628	0.052603	0.057651	6.391142	0.024565	0.068602	1.884089	1.850306	0.119490	84.812000
177.188000	48.189700	3.730233	18.215683	17.578380	3.554762	0.477956	5.733390	20.392807	5.175425	0.100619	0.085120	6.324346	0.026554	0.063102	1.822722	1.863041	0.070083	85.214100
182.812000	48.189700	3.582856	17.403757	18.142170	3.803984	0.440809	5.187153	19.811939	5.587879	0.111221	0.036611	6.340825	0.057884	0.057543	1.849221	1.632470	0.039071	84.085500
188.438000	48.189700	3.492762	17.248022	17.993673	4.520195	0.310824	4.774019	19.750301	5.849032	0.068269	0.032557	6.307269	0.075492	0.090597	1.877190	1.786225	0.062020	84.238500
194.062000	48.189700	3.286077	16.089114	19.102592	5.325459	0.214997	4.201792	20.004883	6.729167	0.066245	0.023413	6.132669	0.092045	0.082503	1.922745	2.269072	0.244778	85.787600
199.687000	48.189700	2.846841	15.866764	20.473898	6.350483	0.116424	3.351266	19.441658	8.247533	0.112018	0.038946	5.805105	0.379738	0.044627	2.225292	2.300275	0.509360	88.110200
205.312000	48.189700	2.828316	15.373321	22.499018	7.291148	0.162745	2.362321	18.224731	10.575313	0.065829	0.027203	5.517035	0.970360	0.044699	1.843238	2.554009	0.569928	90.909100
210.938000	48.189700	2.765445	15.190103	22.641295	9.148828	0.148940	1.482932	17.734002	11.981758	0.216793	0.063956	4.795949	1.445486	0.032398	1.997423	2.696568	0.744105	93.086000
216.562000	48.189700	2.567637	14.060148	22.663914	10.713654	0.164249	0.613150	17.051911	13.568287	0.045034	0.066219	4.363510	2.510636	0.034920	2.023866	2.973091	1.032169	94.452400
222.188000	48.189700	2.407537	13.196423	23.229853	11.917179	0.193754	0.362159	16.787603	15.823222	0.039137	0.025073	3.601992	3.359850	0.041793	1.885525	3.163457	1.607860	97.642400
227.812000	48.189700	2.395051	12.444100	22.572192	13.390838	0.391967	0.222726	15.105280	16.088548	0.050207	0.035403	3.016351	4.127159	0.013325	1.418275	2.883903	1.698337	95.853700
233.438000	48.189700	2.496511	10.612194	22.770452	14.274467	0.696950	0.195533	13.450553	17.379215	0.098770	0.052169	2.116605	4.754714	0.047357	1.034436	2.632250	2.037358	94.649600
239.062000	48.189700	2.683393	9.051259	23.082940	15.257057	1.374483	0.169076	12.454731	17.624297	0.034305	0.056476	1.336471	4.990567	0.013400	0.845941	2.755040	2.011708	93.741200
244.687000	48.189700	2.774006	7.378414	22.568799	15.625075	1.978570	0.148867	10.742607	18.914172	0.037730	0.043028	0.637487	5.793728	0.011002	0.548184	2.618441	2.026704	91.846800
250.312000	48.189700	2.986550	6.129197	20.459308	15.580628	2.812154	0.152642	8.529202	18.457938	0.058038	0.030087	0.338158	6.236447	0.030545	0.430988	2.318439	2.133321	86.683700
255.937000	48.189700	3.288056	5.094221	19.735485	16.467877	3.416591	0.238900	6.751131	18.962465	0.040116	0.043682	0.104543	6.347373	0.097310	0.206861	1.961210	1.972666	84.728500
261.562000	48.189700	3.304059	4.412244	18.666602	17.267701	4.212389	0.290356	6.410708	19.488254	0.060154	0.037460	0.077110	6.686880	0.100341	0.075850	1.661162	1.922677	84.673800
267.188000	48.189700	3.336937	3.779193	18.249612	17.285910	5.322259	0.418323	5.745967	19.723949	0.082685	0.088930	0.080968	6.508503	0.044497	0.074765	1.970766	1.870064	84.583400
272.812000	48.189700	3.602161	3.532313	17.299368	18.299714	5.233398	0.438009	5.254208	20.388509	0.120159	0.121815	0.051499	6.673455	0.070588	0.076169	1.891870	2.000681	85.053900
278.438000	48.189700	3.307023	3.247545	16.613433	18.389174	6.091445	0.368134	4.615468	19.752337	0.121037	0.046239	0.032049	6.883884	0.068945	0.078342	1.678003	1.820121	83.113200
284.062000	48.189700	3.260709	3.099512	16.381697	18.951721	6.525060	0.175507	4.103251	19.654055	0.189693	0.049111	0.022626	6.340146	0.204108	0.065845	2.028367	1.995648	83.047000
289.688000	48.189700	3.127435	2.950268	15.922295	19.975591	8.720494	0.119340	3.406729	18.827427	0.445117	0.066375	0.032191	6.474461	0.521544	0.060201	2.189689	2.222623	85.061800
295.312000	48.189700	3.714116	2.803547	15.202996	22.168548	9.955008	0.125170	2.490019	18.899470	0.885621	0.056546	0.038967	5.573663	0.646217	0.055815	2.065892	2.453601	87.135200
300.938000	48.189700	4.942648	2.703072	14.940724	23.487376	12.125618	0.134944	1.539311	17.871415	1.490612	0.361430	0.064717	5.418957	0.847343	0.013192	1.914308	2.708670	90.564400
306.562000	48.189700	6.575988	2.453149	14.199597	22.533626	14.035832	0.175487	0.607446	17.128252	2.297109	0.035615	0.059969	4.648289	1.128636	0.021705	2.002287	2.850822	90.753800
312.187000	48.189700	7.919675	2.275394	13.029379	22.955932	14.845496	0.245142	0.392707	16.350595	3.160200	0.031001	0.025253	4.099032	1.478397	0.031354	1.688068	2.914179	91.441900
317.812000	48.189700	9.472411	2.348545	12.084450	22.840346	15.599289	0.341877	0.250331	15.290307	3.763370	0.050366	0.035367	3.507092	1.746110	0.014238	1.462518	3.105483	91.912100
323.438000	48.189700	10.849631	2.799985	10.890945	23.195585	16.532455	0.662257	0.168336	13.395135	4.172229	0.046803	0.037716	2.595403	1.932867	0.042846	1.075189	2.747926	91.145300
329.062000	48.189700	11.854297	2.616473	8.671648	22.580335	17.739430	1.485104	0.153161	12.424082	4.907995	0.068301	0.056631	1.713210	2.012058	0.012227	0.793740	2.695969	89.784600
334.688000	48.189700	12.702188	2.679672	7.583855	21.772142	17.852867	2.606532	0.093134	10.509038	5.443691	0.023381	0.032887	1.156703	2.078050	0.033304	0.661844	2.531854	87.761200
340.312000	48.189700	14.200954	2.639658	6.306997	20.276430	18.662304	3.399480	0.101049	8.655599	5.810410	0.033725	0.059727	0.531080	2.262082	0.042190	0.510940	2.105556	85.598100
345.938000	48.189700	15.832044	2.687894	5.356335	19.083140	19.133694	3.890503	0.183571	6.513106	6.305052	0.015319	0.034846	0.188582	1.900544	0.083528	0.220782	1.901709	83.330600
351.562000	48.189700	17.136734	3.140860	4.466723	18.248368	19.474683	5.157883	0.270473	6.039680	6.321632	0.050304	0.030983	0.144940	2.034101	0.053938	0.040331	1.892695	84.504400
357.187000	48.189700	16.865414	3.514816	3.798261	17.731626	19.773033	5.162136	0.292507	5.691160	6.482954	0.115329	0.064134	0.142036	1.920393	0.084529	0.076673	1.703382	83.418400
0.000000	51.317800	17.306720	2.905629	2.765592	17.572725	19.506802	4.925751	0.183340	5.012745	7.847711	0.195949	0.112023	0.176090	2.152389	0.096994	0.076447	2.176004	83.013000
5.625000	51.317800	18.030090	3.065288	2.347086	16.528497	19.525576	5.659221	0.152473	4.849003	7.740585	0.122448	0.019304	0.063361	2.520171	0.100473	0.054100	2.169648	82.947300
11.250000	51.317800	17.830021	3.904403	2.009694	15.177776	19.894161	6.158206	0.181865	4.594704	7.577782	0.141523	0.019760	0.076553	2.334906	0.250689	0.127897	2.293851	82.573800
16.875000	51.317800	19.487915	4.715910	1.781012	14.138976	19.956703	7.292166	0.077173	3.503586	7.312229	0.498352	0.058296	0.032148	2.469198	0.408283	0.109614	2.305037	84.146500
22.500000	51.317800	20.168309	5.744021	1.884315	12.985271	18.635953	9.928691	0.100229	2.281377	6.950329	1.172514	0.030283	0.042513	2.920083	0.656850	0.092623	2.301078	85.894400
28.125000	51.317800	21.230745	7.071954	1.974770	11.734075	18.543778	11.852035	0.120294	1.136798	6.310187	1.944697	0.083306	0.048690	3.044614	0.744694	0.022295	2.266663	88.129500
33.750000	51.317800	22.779047	8.705928	1.849843	10.470280	17.774943	13.423070	0.142783	0.496572	5.672770	2.804848	0.064730	0.142701	3.385139	1.129728	0.025560	2.277057	91.145000
39.375000	51.317800	23.185067	10.145001	1.668536	9.170712	16.370839	14.705029	0.155611	0.229627	4.988927	3.794246	0.050255	0.053118	3.452488	1.590352	0.011505	2.255964	91.827300
45.000000	51.317800	23.149102	12.240977	1.377141	7.641048	15.446495	15.624397	0.131711	0.127384	4.130835	4.448582	0.013427	0.033546	3.175705	1.851369	0.022326	1.827664	91.241800
50.625000	51.317800	23.279616	13.038992	1.571759	5.998513	14.353748	17.200295	0.231623	0.144353	3.422427	5.501552	0.044732	0.027229	3.341676	2.136296	0.031889	1.447601	91.772300
56.250000	51.317800	23.286515	14.689082	1.807329	4.196318	13.257496	17.561415	0.531567	0.100490	2.655017	5.817376	0.133804	0.085564	3.181191	2.259888	0.017287	1.136063	90.716500
61.875000	51.317800	21.210274	14.526787	1.988082	3.216420	11.988657	18.843713	1.200313	0.101812	1.619147	6.388020	0.055986	0.096751	3.113072	2.231512	0.052629	0.742675	87.375700
67.500000	51.317800	20.161297	15.560949	2.031228	2.753434	9.859894	18.978185	2.127191	0.055786	1.015306	7.016333	0.042024	0.110209	2.739919	2.363655	0.064889	0.543610	85.424000
73.125000	51.317800	19.144438	15.775608	2.305749	3.181824	7.537903	19.668645	3.157565	0.107176	0.444024	7.749972	0.038200	0.156448	2.647054	2.215995	0.120552	0.394962	84.646100
78.750000	51.317800	18.070127	16.416757	2.390437	3.024200	6.028506	19.927072	4.387498	0.193027	0.140690	7.988042	0.062770	0.115472	2.300298	2.062714	0.105990	0.168274	83.381900
84.375000	51.317800	17.451824	16.591945	2.394327	3.006150	5.582032	19.514267	5.215665	0.355989	0.131558	7.796681	0.034873	0.020728	2.402074	2.204821	0.132045	0.098276	82.933300
90.000000	51.317800	17.609142	17.499777	2.784694	2.724243	4.626133	19.974460	5.127166	0.420376	0.154420	7.571799	0.057974	0.120695	2.161494	2.257287	0.062628	0.089811	83.242200
95.625000	51.317800	17.050554	18.005096	3.349445	2.406474	4.615095	19.062556	5.312940	0.271065	0.064875	7.509199	0.056362	0.021325	2.239995	2.220010	0.102760	0.048410	82.336200
101.250000	51.317800	16.212955	18.637875	3.922804	2.550639	3.840062	20.182220	5.897596	0.168037	0.064263	8.245022	0.103003	0.041846	2.211980	2.301011	0.191847	0.108165	84.679300
106.875000	51.317800	15.495466	18.857510	4.747215	2.146915	2.792961	20.136981	7.777059	0.125359	0.033416	7.633652	0.309701	0.041512	2.286082	2.349755	0.432767	0.117682	85.284200
112.500000	51.317800	15.149501	20.325966	5.936785	1.995354	1.907138	19.311936	9.691774	0.086934	0.054622	7.311584	0.854131	0.045403	2.194122	2.790552	0.593836	0.083568	88.333100
118.125000	51.317800	14.634456	21.280621	6.999899	2.025833	1.048387	18.688995	11.881101	0.092847	0.035527	6.871274	1.586925	0.081558	2.215430	3.150315	0.753898	0.010368	91.357400
123.750000	51.317800	14.153114	22.352331	8.690852	1.742129	0.573554	18.095234	13.342432	0.120328	0.135251	6.010807	2.514075	0.069703	2.257559	3.128408	1.134649	0.025815	94.346300
129.375000	51.317800	13.293461	23.027635	10.149208	1.512880	0.242917	16.709453	14.764292	0.159744	0.048546	5.081361	3.501957	0.024947	2.128413	3.258300	1.550508	0.018399	95.472000
135.000000	51.317800	12.464344	22.729172	12.253983	1.414701	0.138005	16.041613	15.754459	0.125998	0.033544	4.592170	4.485847	0.024938	1.961029	3.251899	1.831713	0.018219	97.121700
140.625000	51.317800	10.146460	23.070386	13.243019	1.567529	0.174021	14.297652	16.744400	0.239006	0.035339	3.928843	4.926599	0.023008	1.543496	3.200892	2.035481	0.031774	95.207800
146.250000	51.317800	8.785831	22.745231	14.231716	1.880447	0.189258	13.235216	17.804687	0.587847	0.162318	2.846321	5.728357	0.108359	1.092067	3.207271	2.272193	0.034682	94.911800
151.875000	51.317800	7.003564	21.856286	14.262479	1.898836	0.123442	12.176625	18.510302	1.235453	0.105535	1.848565	6.536868	0.070430	0.779480	2.960481	2.355139	0.040305	91.763800
157.500000	51.317800	6.008975	20.170344	15.255700	2.212410	0.092998	9.664246	19.360680	2.282293	0.061240	0.981075	6.967757	0.019677	0.594291	2.712289	2.357163	0.111048	88.852200
163.125000	51.317800	4.743200	19.273935	15.812591	1.927179	0.107195	7.671415	19.617977	3.441835	0.117014	0.327579	7.144687	0.016354	0.473716	2.527375	2.323596	0.098618	85.624200
168.750000	51.317800	3.828119	18.444140	16.157312	2.273743	0.205008	6.179537	19.549214	4.396557	0.067868	0.126865	7.539566	0.035750	0.190894	2.205059	2.123380	0.097684	83.420600
174.375000	51.317800	3.230150	17.807515	16.798121	2.494000	0.302178	5.460407	19.580881	5.090115	0.030381	0.072276	7.758081	0.031080	0.081505	2.210193	2.107512	0.098868	83.153200
180.000000	51.317800	2.946434	17.508033	17.312827	2.829096	0.373979	5.010970	20.060753	5.163357	0.128687	0.061472	7.927829	0.062714	0.080582	2.224240	2.059706	0.093679	83.844400
185.625000	51.317800	2.575747	16.856932	17.626785	3.251922	0.356897	4.993655	19.651793	5.463698	0.033625	0.029094	7.830385	0.055130	0.134267	2.227723	2.268733	0.098253	83.454700
191.250000	51.317800	2.379534	15.996940	18.511433	3.973494	0.172364	4.611951	20.150892	6.072479	0.122803	0.040408	7.770646	0.067466	0.093086	2.042391	2.313191	0.229649	84.548800
196.875000	51.317800	2.110419	16.063780	19.235482	4.785578	0.100539	3.346856	19.881607	7.986470	0.216094	0.037300	7.688753	0.364652	0.138651	2.228753	2.591252	0.410166	87.186300
202.500000	51.317800	2.133310	15.323106	20.383985	5.806270	0.087590	2.116345	18.606774	9.610797	0.112349	0.029250	7.093578	0.883748	0.052242	2.231365	2.913195	0.575584	87.959400
208.125000	51.317800	1.929757	14.807608	21.084397	6.880989	0.084962	1.172661	18.577821	11.517154	0.116335	0.050817	6.463264	1.812091	0.045418	2.422669	2.913240	0.751707	90.630800
213.750000	51.317800	1.887968	14.395029	22.641973	8.806923	0.097317	0.506761	17.804348	12.952359	0.158702	0.133131	5.674410	2.898820	0.049628	2.230562	3.219157	1.070409	94.527500
219.375000	51.317800	1.764126	13.109565	23.137566	10.353903	0.180278	0.216169	17.327077	14.148364	0.036298	0.032781	4.801525	4.123235	0.020855	2.062262	3.349434	1.575355	96.238900
225.000000	51.317800	1.594311	12.080944	23.025826	11.954841	0.124692	0.132529	16.182645	16.057560	0.036977	0.020135	4.099869	4.385711	0.025540	1.664171	3.361547	1.834665	96.582000
230.625000	51.317800	1.654931	10.390772	23.338201	13.187941	0.261002	0.151572	14.449881	17.057453	0.052265	0.037345	3.534586	5.356527	0.028543	1.613277	3.235681	2.042221	96.392200
236.250000	51.317800	1.756187	8.376701	23.007165	13.812125	0.553147	0.157659	13.341640	16.778555	0.122311	0.073522	2.575566	6.261498	0.019553	1.188054	3.381056	2.144789	93.549700
241.875000	51.317800	1.954028	6.796053	21.547531	14.631289	1.098820	0.147443	11.322740	18.238076	0.044542	0.069300	1.535703	6.411002	0.015969	0.762010	2.963919	2.440991	89.979300
247.500000	51.317800	2.036928	5.933346	20.321103	14.974540	1.815405	0.131822	9.594465	19.278006	0.060881	0.049719	0.780635	7.290039	0.038938	0.460036	2.817334	2.339565	87.922700
253.125000	51.317800	2.243478	4.763060	18.878433	16.072941	2.603048	0.105826	7.839342	20.062223	0.031801	0.056905	0.268067	7.531129	0.141244	0.364480	2.490765	2.258373	85.711100
258.750000	51.317800	2.346476	3.858689	18.296548	16.328993	3.407272	0.185980	6.053885	19.771789	0.061405	0.032232	0.078499	7.734014	0.160990	0.212660	2.191578	2.129725	82.850700
264.375000	51.317800	2.493581	3.303109	17.967434	17.099186	4.782649	0.400259	5.581568	19.656091	0.092888	0.025361	0.094651	7.758692	0.084597	0.098627	2.341895	2.104244	83.884800
270.000000	51.317800	2.724255	2.983858	17.248588	17.328548	4.685758	0.365471	5.079054	20.072289	0.082686	0.120083	0.065829	7.771721	0.078202	0.046397	2.096089	2.195717	82.944600
275.625000	51.317800	3.068274	2.582397	16.554736	17.982589	5.376399	0.329929	5.178931	19.339871	0.200415	0.029568	0.035546	7.857731	0.156618	0.097776	2.161562	2.268088	83.220500
281.250000	51.317800	2.948651	2.484635	16.433835	18.663662	5.842699	0.174413	4.438019	20.011895	0.268176	0.057445	0.046117	7.680632	0.184178	0.113786	2.280992	2.318326	83.947500
286.875000	51.317800	2.898379	2.318394	15.766673	19.280721	7.649576	0.102603	3.412825	19.680520	0.510824	0.076493	0.037142	7.475157	0.396828	0.142826	2.264344	2.467071	84.480400
292.500000	51.317800	2.687012	2.265057	14.880895	20.289888	9.929415	0.078439	2.101835	19.123176	0.969481	0.048384	0.036732	7.039664	0.510854	0.087687	2.278301	2.820297	85.147100
298.125000	51.317800	3.385048	1.997774	14.881008	21.199417	11.922947	0.083034	1.073897	18.477843	1.743961	0.086431	0.035505	6.369212	0.885467	0.036286	2.409573	2.909146	87.496700
303.750000	51.317800	4.505843	1.914274	14.312920	22.755523	13.287354	0.184344	0.622206	17.878653	2.598637	0.141832	0.122234	5.760443	1.104857	0.023781	2.185889	2.967640	90.366400
309.375000	51.317800	6.202936	1.736463	12.960615	23.026731	14.782500	0.156788	0.248692	16.823568	3.523491	0.024113	0.033437	5.282279	1.563390	0.018695	2.056652	3.260721	91.701100
315.000000	51.317800	8.170615	1.523681	12.248668	23.464757	15.528151	0.106019	0.151650	15.787483	4.442656	0.039498	0.015810	4.510028	1.837843	0.016190	1.889823	3.207791	92.940600
320.625000	51.317800	9.272138	1.791462	10.564931	23.348040	16.782514	0.232876	0.167577	14.495120	4.982209	0.048090	0.018453	3.678457	2.233435	0.026740	1.447216	3.247172	92.336400
326.250000	51.317800	11.030722	1.805542	8.624690	23.167650	17.673721	0.536820	0.184586	13.239061	5.682202	0.129349	0.047424	2.710875	2.293501	0.031469	1.027314	3.202227	91.387100
331.875000	51.317800	12.056855	1.949300	7.135707	21.537465	17.858522	1.192182	0.182696	12.073254	6.559781	0.038886	0.033673	1.914670	2.376413	0.024297	0.814631	2.988054	88.736300
337.500000	51.317800	12.899090	1.838001	5.781819	19.993460	18.567076	2.337077	0.081354	9.577976	7.042684	0.026628	0.048401	1.296118	2.219920	0.064744	0.616193	2.601940	84.992500
343.125000	51.317800	14.422851	1.885027	4.513353	18.825051	19.382169	3.283645	0.124763	7.621822	7.484194	0.025292	0.029338	0.460226	2.404449	0.123494	0.338725	2.591049	83.515500
348.750000	51.317800	15.666356	2.059378	3.846983	18.305935	19.695675	4.350470	0.156961	6.246230	7.693910	0.052936	0.038979	0.305215	2.268597	0.097933	0.167416	2.209266	83.162200
354.375000	51.317800	16.766341	2.300241	3.174574	17.852414	20.043562	5.189415	0.164484	5.509401	7.312885	0.084182	0.031111	0.200527	2.068731	0.074758	0.134230	2.314005	83.220900
2.812500	54.314700	16.865866	2.250207	1.883704	16.590022	19.458736	4.811330	0.099290	4.615502	9.399440	0.123826	0.056027	0.107437	2.544000	0.084587	0.104473	2.465160	81.459600
8.437500	54.314700	17.840765	2.987885	1.649332	15.492752	19.870636	5.639655	0.124123	4.342203	9.414901	0.136740	0.012935	0.149170	2.730079	0.231655	0.197459	2.378584	83.198800
14.062500	54.314700	18.463366	3.559015	1.215581	14.381344	19.746342	7.023944	0.095729	3.333205	8.952186	0.473995	0.025811	0.086162	2.650956	0.294742	0.398881	2.372183	83.073400
19.687500	54.314700	19.513814	4.555074	1.289683	12.643490	19.595018	8.565845	0.070932	1.922542	8.496109	1.324381	0.064104	0.094140	3.204432	0.577631	0.141865	2.279070	84.338200
25.312500	54.314700	19.773599	5.507852	1.211487	11.488654	18.891440	10.938254	0.113191	0.891449	8.204771	2.064942	0.070839	0.036334	3.399525	0.834277	0.031571	2.364390	85.822600
30.937500	54.314700	20.750307	7.173707	0.949052	10.467826	17.707763	12.755796	0.137593	0.406955	7.404008	2.949793	0.023208	0.069839	3.860657	1.033246	0.033280	2.224772	87.947700
36.562500	54.314700	21.914758	8.634201	0.877814	8.916978	16.999661	14.321403	0.107066	0.154448	6.915925	4.329015	0.031216	0.053721	3.885843	1.479415	0.030650	2.156777	90.808900
42.187500	54.314700	21.986009	10.141676	0.663482	7.153995	16.710584	15.794495	0.152735	0.108142	5.516232	5.030162	0.030896	0.033984	3.999755	1.769951	0.051571	2.043725	91.187400
47.812500	54.314700	21.868048	11.384491	0.768793	6.092734	15.181395	16.990273	0.117825	0.117421	4.948597	6.068430	0.036011	0.046774	3.935550	2.141849	0.022863	1.819872	91.540900
53.437500	54.314700	22.017111	13.167357	0.898262	4.302155	13.807149	17.550784	0.169641	0.140180	3.859119	6.665572	0.051740	0.049906	3.934566	2.055680	0.018485	1.369733	90.057400
59.062500	54.314700	20.577155	13.698236	1.102704	2.918850	12.905198	18.853665	0.406880	0.051684	2.738075	7.520091	0.083773	0.146034	3.777655	2.169750	0.025062	1.165592	88.140400
64.687500	54.314700	19.935667	14.342891	1.393529	2.648151	11.297168	19.164344	0.929498	0.079713	1.972203	8.064372	0.029558	0.162448	3.546936	2.285923	0.019383	0.836141	86.708000
70.312500	54.314700	18.979656	14.650742	1.417573	2.801919	9.091680	19.448557	1.662983	0.103778	1.204600	9.056258	0.067952	0.223839	3.326860	2.353363	0.138724	0.535517	85.064100
75.937500	54.314700	18.653257	15.615236	1.631474	2.701104	6.631349	20.024223	3.363877	0.100527	0.537656	8.819636	0.084641	0.113975	2.756691	2.497664	0.412238	0.328809	84.272400
81.562500	54.314700	17.281951	15.883390	1.763957	2.695833	5.636816	19.527386	4.619065	0.246769	0.119517	9.561373	0.084437	0.034859	2.670545	2.443276	0.200513	0.178773	82.948500
87.187500	54.314700	17.291904	16.505086	2.057207	2.342721	4.724358	19.228470	4.409744	0.318717	0.100194	9.772933	0.044486	0.082960	2.694601	2.514278	0.080835	0.081551	82.249900
92.812500	54.314700	16.674619	16.919361	2.463735	1.948667	4.374718	18.956810	4.848618	0.298354	0.152766	9.572366	0.043943	0.054065	2.469955	2.763545	0.139866	0.091853	81.773300
98.437500	54.314700	16.058012	17.372656	3.006546	1.741654	3.846248	19.862267	5.599144	0.187194	0.132924	9.320928	0.109271	0.028462	2.340583	2.653162	0.183580	0.140272	82.582900
104.062000	54.314700	15.985517	18.035293	3.714739	1.706175	2.907212	20.078849	6.910157	0.127739	0.083090	8.650261	0.373407	0.048187	2.461711	2.962630	0.292972	0.368390	84.706300
109.688000	54.314700	15.245295	19.060181	4.832400	1.419756	1.714488	20.008276	8.900217	0.112584	0.073135	8.509455	0.819063	0.068957	2.510750	3.385376	0.515535	0.144553	87.320100
115.312000	54.314700	14.680487	19.439283	5.426761	1.275139	0.901872	19.490742	11.370806	0.094528	0.032610	8.322007	1.783455	0.049021	2.312671	3.610157	0.816099	0.033006	89.638600
120.938000	54.314700	13.910067	20.314770	6.848756	1.095111	0.286885	18.353096	12.524286	0.077569	0.098730	7.472465	2.724436	0.057388	2.309900	3.734474	1.078949	0.024447	90.911300
126.562000	54.314700	13.203888	21.926972	8.362202	0.900809	0.157752	17.771211	14.365850	0.081017	0.093812	6.600304	3.692662	0.068275	2.173889	4.086444	1.549275	0.028831	95.063000
132.188000	54.314700	11.892072	22.003765	10.403473	0.841681	0.111662	16.058238	15.252646	0.104814	0.048251	6.093028	4.676439	0.016579	2.074160	4.039045	1.764680	0.012316	95.392800
137.812000	54.314700	10.347603	21.644003	11.708402	0.693595	0.174954	15.674951	16.809996	0.137366	0.061143	4.951548	5.823789	0.033285	1.809817	4.219096	2.217352	0.029627	96.336500
143.437000	54.314700	8.238055	21.737308	12.918317	0.860707	0.134040	14.057433	17.529635	0.156467	0.085623	3.906224	6.751198	0.073970	1.302384	3.973946	2.373382	0.014733	94.113400
149.062000	54.314700	6.877811	20.756189	14.061618	1.097100	0.086716	12.972830	18.459182	0.426884	0.281392	2.816542	7.334826	0.065900	1.039141	3.637923	2.271673	0.035146	92.220800
154.688000	54.314700	5.662682	20.138903	14.689761	1.161962	0.104061	11.673228	19.133016	0.831031	0.114848	1.856606	8.197838	0.034681	0.880481	3.260766	2.219727	0.036891	89.996500
160.312000	54.314700	4.418317	18.895850	15.060720	1.396549	0.131824	8.532990	19.653603	1.878977	0.141488	1.009047	8.753044	0.078907	0.557691	3.124608	2.410161	0.175775	86.219600
165.938000	54.314700	3.662669	17.676096	15.559253	1.655146	0.082641	6.710438	19.743402	3.253448	0.095465	0.298404	8.966085	0.055187	0.372220	2.859666	2.405083	0.366544	83.761600
171.562000	54.314700	2.847044	17.624636	15.985969	1.771104	0.222138	5.637382	20.158017	4.484683	0.049868	0.103097	9.409042	0.058555	0.154762	2.543661	2.451667	0.185931	83.687600
177.188000	54.314700	2.312264	17.391995	16.699161	2.166153	0.251072	5.028986	19.149980	4.662732	0.061500	0.096997	9.418079	0.042703	0.133263	2.482283	2.268291	0.092071	82.257600
182.812000	54.314700	1.991983	17.056209	17.166705	2.438446	0.314233	4.476076	19.268280	4.953030	0.091098	0.062622	9.299428	0.043720	0.066326	2.491297	2.426741	0.103912	82.250100
188.438000	54.314700	1.808347	15.773798	17.164330	2.824561	0.202828	4.271030	19.323471	5.501167	0.040692	0.044112	9.765831	0.106420	0.143565	2.250286	2.629140	0.171441	82.021100
194.062000	54.314700	1.461478	15.718041	18.523195	3.905500	0.116778	3.207237	19.957269	6.592907	0.131726	0.126637	9.313554	0.420934	0.345623	2.257954	2.829209	0.334932	85.242900
199.687000	54.314700	1.482593	14.967414	18.690805	4.493968	0.113260	1.874984	19.568780	8.529711	0.278117	0.062289	8.708484	1.067546	0.119556	2.352391	3.486666	0.444469	86.241000
205.312000	54.314700	1.206104	14.538549	20.223726	5.746261	0.146795	0.949566	19.353216	11.235293	0.177533	0.036848	8.290136	1.946439	0.030405	2.207502	3.589189	0.894391	90.572000
210.938000	54.314700	1.046766	13.653337	20.487809	6.862158	0.142616	0.340441	18.428758	12.816642	0.123819	0.040675	7.303125	2.891684	0.056474	2.299099	3.907434	1.059574	91.460300
216.562000	54.314700	0.922976	13.292217	21.829369	8.356084	0.114534	0.158336	17.421514	14.485281	0.100276	0.062519	6.339468	3.963281	0.037096	2.177192	4.155060	1.389751	94.805000
222.188000	54.314700	0.758024	11.732944	22.059861	10.050915	0.140905	0.124731	16.608683	15.878527	0.038320	0.029488	6.089228	5.178682	0.021906	2.030244	3.941499	1.985017	96.668900
227.812000	54.314700	0.759558	10.232843	22.033623	12.025527	0.134276	0.129211	15.712387	16.613094	0.054147	0.041464	4.778204	5.795662	0.027166	1.803722	3.934826	2.084542	96.160300
233.438000	54.314700	0.879864	8.236223	21.709034	12.862447	0.158742	0.130028	14.210228	18.112425	0.086350	0.051126	3.720292	6.745102	0.033000	1.386935	3.928425	2.170722	94.420900
239.062000	54.314700	1.082896	6.556083	20.818053	14.209775	0.383480	0.097143	13.062516	18.092181	0.097161	0.032057	2.643786	7.490357	0.016951	1.033374	3.749821	2.117962	91.483500
244.687000	54.314700	1.317607	5.747731	19.934084	14.928735	0.775667	0.102882	11.538869	18.907047	0.041412	0.063223	1.656299	8.371374	0.016152	0.869132	3.719964	2.268631	90.258800
250.312000	54.314700	1.486653	4.653322	18.399806	15.052237	1.710620	0.104351	8.728027	20.276882	0.073619	0.062782	0.885467	8.614715	0.124511	0.563717	3.282051	2.266572	86.285200
255.937000	54.314700	1.460121	3.597977	17.909529	16.007344	2.870648	0.114806	6.745227	19.466087	0.054925	0.036171	0.317301	8.759027	0.322868	0.331059	2.981042	2.286986	83.261100
261.562000	54.314700	1.768333	3.053153	17.398555	16.517527	4.063124	0.214279	5.718869	19.812844	0.106519	0.038181	0.095456	9.277408	0.211934	0.169412	2.458883	2.373506	83.278000
267.188000	54.314700	1.966197	2.352153	16.797103	16.656862	4.510876	0.343923	5.118062	18.963822	0.114946	0.072516	0.049729	9.541796	0.092533	0.136407	2.692542	2.276932	81.686400
272.812000	54.314700	2.268235	1.911435	16.757745	17.446395	4.786833	0.297769	4.575115	19.548988	0.198407	0.036442	0.065590	9.317637	0.123886	0.093693	2.443016	2.624661	82.495800
278.438000	54.314700	2.740428	1.886599	15.857377	18.140134	5.571469	0.160321	4.400640	19.199969	0.321195	0.022327	0.071578	9.177600	0.201811	0.186702	2.427566	2.511032	82.876800
284.062000	54.314700	2.693741	1.511851	15.483704	18.198718	6.872902	0.146553	3.324666	19.548422	0.616589	0.077141	0.062460	9.232701	0.345567	0.333610	2.526266	2.808139	83.783100
289.688000	54.314700	2.600651	1.386822	14.690439	19.115599	8.890559	0.111758	1.829214	19.432384	1.107946	0.134352	0.052325	8.410054	0.504628	0.148082	2.188886	3.279834	83.883500
295.312000	54.314700	2.228843	1.216848	13.959265	19.807867	10.791454	0.065606	0.936074	19.087437	1.863776	0.059701	0.041041	8.403664	0.786722	0.043084	2.232044	3.556459	85.079900
300.938000	54.314700	3.062676	1.150992	13.606401	20.430921	12.367533	0.073454	0.354655	18.307066	2.803898	0.150570	0.072385	7.530202	1.091373	0.062962	2.313644	3.820518	87.199300
306.562000	54.314700	4.255480	1.009632	12.978259	21.292157	14.211246	0.114853	0.139974	17.837372	3.702467	0.109148	0.072888	6.625457	1.454217	0.018578	2.440505	3.904618	90.166800
312.187000	54.314700	5.716007	0.736640	12.271513	22.473119	15.225276	0.134343	0.114588	16.514134	5.183647	0.050127	0.038979	6.244217	1.853643	0.021100	2.164389	3.881286	92.623100
317.812000	54.314700	7.540844	0.631659	10.055190	22.082594	16.557337	0.092131	0.136760	15.566152	5.734227	0.043904	0.031181	5.123592	2.081025	0.020289	1.801041	3.970225	91.468200
323.438000	54.314700	9.117738	0.937782	8.113739	21.615615	17.601225	0.185877	0.121954	14.030629	6.529833	0.057679	0.073377	3.860645	2.096406	0.007111	1.457587	4.044440	89.851600
329.062000	54.314700	10.569432	1.051793	6.871048	20.677247	17.958613	0.379374	0.079649	13.187489	7.240265	0.092153	0.034688	2.740959	2.390787	0.012263	1.196502	3.900953	88.383100
334.688000	54.314700	11.788361	1.243584	5.435277	19.453307	18.945387	0.868953	0.131494	11.071471	8.122040	0.046551	0.061187	2.109672	2.313632	0.023084	0.787164	3.421093	85.822200
340.312000	54.314700	12.980860	1.179040	4.620207	19.226547	19.631662	1.909547	0.087639	8.943839	8.581487	0.049002	0.060386	1.290316	2.222758	0.147197	0.532500	3.354501	84.817500
345.938000	54.314700	14.718487	1.266758	3.825416	18.114122	20.230060	3.062800	0.106984	7.163336	8.784327	0.061171	0.031031	0.610335	2.384431	0.333660	0.372642	2.786526	83.852100
351.562000	54.314700	15.570789	1.588995	3.017086	17.474669	19.329353	4.372467	0.080251	5.524929	9.047538	0.080164	0.036679	0.359521	2.255297	0.168687	0.206775	2.517298	81.630500
357.187000	54.314700	16.394590	1.939936	2.431989	17.113210	19.135617	4.505481	0.081768	5.049683	9.703672	0.157025	0.059207	0.271267	2.455388	0.102819	0.161132	2.697541	82.260200
0.000000	57.202800	16.093298	1.751832	1.879983	16.028720	19.145796	4.547587	0.074259	4.481538	11.188527	0.101900	0.115293	0.251545	2.806001	0.081109	0.072627	2.818250	81.438200
5.625000	57.202800	16.947636	2.256032	1.450100	15.533127	18.665584	4.918139	0.087773	4.014707	10.665463	0.146271	0.047799	0.095669	3.026767	0.144521	0.238676	2.532442	80.770700
11.250000	57.202800	17.558022	2.591603	1.197124	14.496930	19.392800	6.006792	0.126520	3.185556	11.039001	0.688401	0.034234	0.093941	3.404682	0.297330	0.363275	2.533437	83.009600
16.875000	57.202800	17.768383	3.693963	0.747176	12.977580	20.096379	7.709223	0.085608	1.696618	10.302737	1.240395	0.034075	0.100767	3.588861	0.466632	0.041737	2.435314	82.985500
22.500000	57.202800	18.888951	4.373101	0.787101	11.272830	19.763646	10.419680	0.193694	0.643030	9.518928	1.946778	0.069059	0.082841	4.052764	0.674295	0.027809	2.384951	85.099500
28.125000	57.202800	19.284792	5.391678	0.665576	10.486803	18.500123	12.276037	0.150337	0.302629	8.905940	3.141912	0.012818	0.028970	4.523927	0.973283	0.038215	2.179340	86.862400
33.750000	57.202800	19.498320	6.556524	0.468408	9.322873	18.142622	13.685343	0.116326	0.141233	8.348755	4.442599	0.037705	0.063803	4.584208	1.207868	0.036924	2.058032	88.711600
39.375000	57.202800	19.826642	8.587639	0.308579	7.240163	17.243838	15.395149	0.112520	0.147712	7.118697	5.346982	0.035979	0.046440	4.951006	1.704388	0.035195	2.198216	90.299100
45.000000	57.202800	20.613686	10.151583	0.127037	5.730721	16.218723	16.313838	0.058499	0.088446	6.239851	6.446141	0.038661	0.030131	4.727751	2.050228	0.021532	1.920585	90.777400
50.625000	57.202800	20.408075	11.373407	0.318685	4.275588	15.186484	17.319500	0.121517	0.130635	5.384564	7.487779	0.045280	0.039384	4.911625	2.072905	0.024158	1.685976	90.785600
56.250000	57.202800	19.748491	12.703771	0.556051	2.807246	13.685456	18.036198	0.124220	0.103424	4.164877	8.580265	0.106933	0.096393	4.542962	2.083456	0.032872	1.296537	88.669200
61.875000	57.202800	19.303793	13.696766	0.685819	2.372149	12.272305	18.763413	0.274297	0.104114	2.959803	9.377432	0.050593	0.144727	4.293650	2.234916	0.038260	1.129251	87.701200
67.500000	57.202800	18.644096	14.581753	0.877440	2.490403	10.291552	19.831392	0.718297	0.175628	1.910293	10.084030	0.093436	0.207479	4.046804	2.470272	0.052808	0.640933	87.116500
73.125000	57.202800	17.565713	15.109578	0.838730	2.823090	8.053921	19.396419	1.639923	0.151515	1.092331	10.639801	0.052767	0.073531	3.785798	2.453692	0.040234	0.469830	84.186800
78.750000	57.202800	17.645899	15.713631	1.413683	2.513962	5.930949	19.179725	3.135058	0.149897	0.727970	10.675054	0.064421	0.075801	3.226938	2.447743	0.355315	0.260447	83.516600
84.375000	57.202800	16.432138	15.573277	1.693847	2.063325	4.877798	19.177350	3.751235	0.278957	0.166368	10.630177	0.041313	0.062367	2.876144	2.480700	0.176501	0.137025	80.418500
90.000000	57.202800	16.120781	16.083685	1.747761	1.726804	4.283935	19.413949	4.542283	0.305299	0.114787	10.742189	0.071123	0.079167	2.818273	2.827976	0.090284	0.072503	81.040900
95.625000	57.202800	15.842109	17.351846	2.203283	1.587762	3.798849	18.793724	4.954851	0.287182	0.125730	11.319121	0.127116	0.058549	2.722898	2.803525	0.146785	0.240266	82.363600
101.250000	57.202800	15.672803	17.481681	2.661327	1.252282	3.005516	19.003406	5.880960	0.137831	0.086002	10.955829	0.365043	0.015782	2.561734	3.135420	0.248704	0.335751	82.800000
106.875000	57.202800	14.197222	17.651214	3.581352	0.913471	1.748157	19.921643	8.125297	0.133627	0.095813	10.526625	1.039508	0.035583	2.353454	3.838648	0.401578	0.059236	84.622500
112.500000	57.202800	14.553252	18.579630	4.378292	0.774459	0.701960	20.115944	10.385581	0.157088	0.053880	9.861285	1.800917	0.121698	2.343558	4.196827	0.707583	0.033940	88.765900
118.125000	57.202800	13.771636	19.217273	5.399414	0.680447	0.287130	18.928875	12.230911	0.137142	0.071248	9.204630	2.890768	0.034769	2.212715	4.231989	1.021217	0.022020	90.342200
123.750000	57.202800	12.634556	20.104522	6.664849	0.493346	0.090917	18.330477	13.676748	0.107104	0.145728	8.154567	4.236694	0.065122	2.096417	4.448005	1.227479	0.025615	92.502200
129.375000	57.202800	11.785195	19.919042	8.181540	0.334066	0.110439	17.322440	15.011070	0.150494	0.066654	7.425168	5.303779	0.044347	2.228877	4.882751	1.683703	0.022544	94.472200
135.000000	57.202800	10.225763	20.500475	10.210529	0.120441	0.097280	15.894134	16.772674	0.095394	0.019788	6.289954	6.206601	0.030321	1.898893	4.768274	2.069297	0.028168	95.227900
140.625000	57.202800	8.501674	19.933066	11.698449	0.359803	0.152299	15.001344	17.108347	0.102270	0.071513	5.237945	7.455207	0.045012	1.826680	4.738790	2.077768	0.039485	94.349700
146.250000	57.202800	6.861785	19.686740	12.553465	0.553706	0.139200	14.271074	18.135836	0.082974	0.297322	4.241195	8.615834	0.093438	1.404364	4.726881	2.157761	0.026679	93.848300
151.875000	57.202800	5.762264	19.355026	13.582990	0.673249	0.144229	12.218923	18.452283	0.246571	0.137734	2.947023	9.187824	0.027133	0.953564	4.389997	2.286387	0.049220	90.414500
157.500000	57.202800	4.546038	18.794968	14.471596	0.833782	0.145944	10.291043	19.876291	0.676271	0.118627	2.020631	10.023659	0.039737	0.776850	4.182848	2.197821	0.034571	89.030800
163.125000	57.202800	3.790141	18.300506	14.757393	0.841019	0.137032	8.084627	19.447539	1.583589	0.068417	1.050612	10.243870	0.059800	0.460227	3.634767	2.500175	0.036678	84.996400
168.750000	57.202800	2.870840	17.039358	15.737042	1.286663	0.155141	5.817535	19.231523	3.006964	0.049917	0.420901	10.669162	0.042594	0.370119	3.377064	2.603919	0.357613	83.036400
174.375000	57.202800	2.068098	16.750281	15.653350	1.639074	0.254593	4.836834	19.054752	3.968122	0.050618	0.129681	10.684351	0.070947	0.186755	2.870422	2.585677	0.197246	81.000900
180.000000	57.202800	1.788193	16.686494	16.709340	1.835875	0.301703	4.401986	18.989834	4.353015	0.170398	0.031554	10.521547	0.063454	0.088326	2.774866	3.104318	0.122989	81.943900
185.625000	57.202800	1.604580	15.819264	16.749715	2.208565	0.255702	3.742368	19.113563	5.151165	0.066464	0.047569	10.695174	0.120887	0.174475	2.598004	3.002225	0.181337	81.531100
191.250000	57.202800	1.308887	15.329665	17.501473	2.944218	0.133432	3.127831	19.411235	5.899338	0.056450	0.040894	10.930043	0.445332	0.301430	2.562582	3.373411	0.321031	83.687200
196.875000	57.202800	1.036328	14.808287	17.668631	3.857727	0.087635	1.697173	19.538469	8.086561	0.154335	0.081852	10.519432	1.122630	0.034319	2.331739	3.637323	0.477002	85.139400
202.500000	57.202800	0.740702	14.490031	17.970714	4.689038	0.127575	0.647118	19.543446	10.369092	0.282361	0.054719	10.044242	1.946349	0.020859	2.401045	3.902480	0.677622	87.907300
208.125000	57.202800	0.654827	14.076434	19.523541	5.421321	0.163069	0.281140	18.781622	12.315734	0.076255	0.030315	9.162897	3.207655	0.055177	2.208203	4.427829	1.105602	91.491600
213.750000	57.202800	0.538274	12.980860	20.216375	6.589865	0.134253	0.134447	18.031900	13.732731	0.108719	0.083973	8.097057	4.258330	0.049983	2.054628	4.550935	1.266373	92.828800
219.375000	57.202800	0.299807	11.808493	19.991877	8.643758	0.181958	0.134555	17.878088	15.214758	0.043231	0.040215	7.405693	5.294018	0.018475	2.121751	4.855178	1.646166	95.578100
225.000000	57.202800	0.096126	10.077007	20.757546	10.006603	0.085857	0.071550	16.520467	16.653696	0.044816	0.031483	6.294398	6.358276	0.024130	2.051145	4.954489	2.048487	96.076100
230.625000	57.202800	0.375782	8.362394	19.557244	11.783838	0.116953	0.123295	15.202091	17.663203	0.021618	0.020424	5.422565	7.290175	0.042492	1.751776	4.869892	2.102423	94.706200
236.250000	57.202800	0.564083	6.679189	19.069681	13.081856	0.101571	0.106712	13.798440	18.380466	0.086363	0.057154	4.233640	8.366726	0.034898	1.294501	4.610334	2.284204	92.749800
241.875000	57.202800	0.706228	5.427338	18.996733	13.869013	0.246890	0.179264	12.602323	18.887142	0.033894	0.065640	2.824900	9.338119	0.023072	1.005404	4.551105	2.092697	90.849800
247.500000	57.202800	0.789609	4.590123	18.667959	14.505525	0.600962	0.202790	10.545049	19.896649	0.058379	0.139366	1.903157	10.082571	0.052889	0.693602	4.143027	2.239983	89.111700
253.125000	57.202800	1.018662	3.647310	18.514712	14.879764	1.624745	0.105836	7.638458	19.887827	0.061712	0.047512	0.996936	10.509344	0.032203	0.399469	3.640388	2.520532	85.525400
258.750000	57.202800	1.244478	2.886029	17.861349	15.666243	2.891254	0.142283	6.122660	19.303340	0.059819	0.031568	0.412210	10.751519	0.364215	0.267287	3.181304	2.596285	83.781800
264.375000	57.202800	1.584053	2.090197	16.544670	15.735345	3.460213	0.251210	5.068966	19.000805	0.091765	0.047435	0.127592	10.669467	0.204022	0.118549	2.811012	2.614494	80.419800
270.000000	57.202800	1.747433	1.814127	16.343244	16.524652	4.287622	0.226403	4.433698	19.759009	0.206098	0.138355	0.084799	11.011790	0.092756	0.073489	2.904509	2.859248	82.507200
275.625000	57.202800	2.064185	1.472561	16.005761	17.132663	4.973184	0.231647	3.670585	19.512005	0.375203	0.030055	0.028007	10.742618	0.194984	0.177920	2.784671	2.862392	82.258400
281.250000	57.202800	2.404087	1.348493	15.526455	17.379328	5.786128	0.147610	3.027220	18.850611	0.813730	0.045427	0.081046	10.463879	0.281759	0.382270	2.551295	3.473502	82.562800
286.875000	57.202800	2.361981	0.955352	14.704124	18.318941	8.021327	0.140564	1.672427	19.453646	1.067776	0.072553	0.092723	10.346291	0.410060	0.026887	2.524265	3.593532	83.762400
292.500000	57.202800	2.311596	0.778132	14.157977	19.011210	9.965334	0.126671	0.558250	19.609382	1.917588	0.144258	0.056769	9.819540	0.621664	0.025910	2.372895	3.985166	85.462400
298.125000	57.202800	2.262919	0.724109	13.674486	19.205285	12.417635	0.122384	0.287480	18.721341	2.799691	0.097042	0.030586	9.249858	1.091285	0.032920	2.244767	4.434309	87.396100
303.750000	57.202800	2.850042	0.574244	13.327277	20.083712	13.741552	0.105860	0.118722	18.068770	4.447643	0.329742	0.074787	8.423953	1.385793	0.020169	2.188275	4.580465	90.321000
309.375000	57.202800	4.096985	0.347519	11.626632	20.271906	14.843573	0.120311	0.106712	17.357953	5.140975	0.039606	0.037537	7.744317	1.622664	0.029964	1.968866	4.824812	90.180400
315.000000	57.202800	5.884387	0.126755	10.079008	20.465302	15.803204	0.116431	0.123171	16.443561	6.359192	0.016315	0.030915	6.286934	2.000025	0.028216	2.068776	4.975355	90.807500
320.625000	57.202800	7.435697	0.277342	8.910328	20.812963	17.108573	0.118001	0.133910	15.052351	7.278831	0.067192	0.039629	5.288069	2.099641	0.023453	1.676611	5.006661	91.329300
326.250000	57.202800	9.255513	0.455222	6.537648	19.866904	17.898106	0.137754	0.098654	13.503369	8.156014	0.074337	0.069661	4.339330	2.214910	0.036549	1.376553	4.628090	88.648700
331.875000	57.202800	10.763179	0.642167	5.319997	18.940750	18.823242	0.268887	0.140373	12.295829	9.097414	0.033109	0.032276	2.924064	2.484681	0.013902	0.962544	4.336525	87.078900
337.500000	57.202800	11.983567	0.714509	4.283539	18.734687	19.170790	0.639093	0.123166	10.269702	10.011772	0.032218	0.110018	2.007998	2.354223	0.064366	0.747222	4.196906	85.443700
343.125000	57.202800	13.451119	0.862381	3.628988	17.834997	19.462016	1.646935	0.078904	8.031585	10.452818	0.100719	0.052562	1.384775	2.294643	0.032651	0.408107	3.677722	83.401000
348.750000	57.202800	14.541038	1.120375	2.978509	17.365417	19.416324	3.308312	0.154545	5.983584	10.639123	0.082614	0.053790	0.768176	2.593763	0.319223	0.299689	3.234561	82.859100
354.375000	57.202800	15.693160	1.452735	2.091520	16.866432	18.744526	3.675969	0.099064	4.755166	10.808226	0.135817	0.064727	0.400190	2.776279	0.199708	0.157339	2.799476	80.720200
2.812500	60.000000	16.236932	1.846529	1.503414	15.630730	19.152016	4.308398	0.118581	3.739100	11.829755	0.153201	0.147393	0.259995	3.220469	0.157084	0.122158	3.035216	81.460900
8.437500	60.000000	16.408614	2.315555	1.244003	14.644295	18.910327	5.350839	0.136900	2.784049	11.629460	0.665613	0.017307	0.087783	3.462769	0.305325	0.080822	2.876348	80.920000
14.062500	60.000000	16.827753	2.810231	0.927124	13.070772	18.740228	6.667925	0.082232	1.789302	11.664520	1.030113	0.047292	0.078652	3.889146	0.292351	0.047876	2.582713	80.548300
19.687500	60.000000	17.959404	3.524283	0.543032	12.012633	19.415646	9.365002	0.082210	0.429408	11.604578	1.988839	0.041110	0.053226	4.580386	0.547637	0.044801	2.573134	84.765300
25.312500	60.000000	18.295869	4.334478	0.595024	10.570823	19.745777	11.409599	0.069688	0.194737	10.943547	3.317982	0.114355	0.014472	5.333161	0.969349	0.032343	2.494475	88.435600
30.937500	60.000000	18.810123	5.224249	0.355947	8.881692	17.708102	13.316646	0.087370	0.148579	10.270165	4.345053	0.080498	0.045558	5.311628	1.283971	0.031902	2.180211	88.081700
36.562500	60.000000	19.353442	6.619892	0.240322	7.525203	17.487336	14.415952	0.141093	0.080661	9.301611	5.678154	0.068586	0.046141	5.410056	1.640024	0.044847	2.010950	90.064200
42.187500	60.000000	19.246113	8.345215	0.233682	5.861812	17.313845	15.796644	0.099999	0.139325	7.823440	6.679766	0.053937	0.038452	5.348045	2.116651	0.049357	1.858234	91.004400
47.812500	60.000000	19.358984	10.077990	0.230077	4.283528	16.242813	17.219409	0.134054	0.095677	6.706344	7.931754	0.040178	0.033606	5.389914	2.062963	0.045226	1.904333	91.756900
53.437500	60.000000	18.830028	11.679562	0.275348	3.047283	14.260669	17.798241	0.110035	0.136821	5.482484	9.236184	0.066820	0.108383	5.448928	2.040966	0.040118	1.581316	90.143300
59.062500	60.000000	18.824825	12.756362	0.395697	2.184520	13.119404	18.738532	0.098252	0.056019	4.080552	10.221771	0.040445	0.143368	5.234077	2.255183	0.029833	1.234865	89.413700
64.687500	60.000000	18.427175	13.664420	0.545696	2.278742	11.675830	19.614132	0.163068	0.067681	2.890610	11.124050	0.023222	0.243295	5.117835	2.287371	0.032283	0.899003	89.054500
70.312500	60.000000	17.726989	14.117940	0.636867	2.479557	9.308013	20.050914	0.528126	0.085391	1.912374	11.483225	0.082141	0.152140	4.710979	2.448942	0.045431	0.604071	86.373100
75.937500	60.000000	17.043768	14.567955	1.032054	2.551849	7.074555	19.578845	1.690511	0.091472	1.057967	11.522243	0.043701	0.084915	3.949732	2.491297	0.065443	0.322048	83.168400
81.562500	60.000000	16.684911	15.098155	1.448980	2.026670	5.291937	18.897547	2.617909	0.175746	0.553641	12.168029	0.054269	0.045179	3.517734	2.753671	0.070061	0.342145	81.746700
87.187500	60.000000	16.245980	15.962219	1.575129	1.702952	4.371302	19.123968	3.902277	0.244524	0.159378	12.407456	0.100171	0.139948	3.101457	3.120706	0.072913	0.149689	82.380200
92.812500	60.000000	15.514127	15.943784	1.774520	1.576769	3.548746	18.925256	4.471857	0.245697	0.146787	12.338467	0.161537	0.135627	2.805459	3.222075	0.109384	0.099858	81.019800
98.437500	60.000000	14.978950	16.715786	2.408555	1.405393	2.588549	18.811141	5.118593	0.186190	0.068292	11.906548	0.440140	0.034964	2.842260	3.591361	0.267090	0.102044	81.465700
104.062000	60.000000	14.810435	17.492539	2.960798	0.986320	1.574111	19.769867	6.753098	0.084741	0.081309	11.663276	0.898269	0.031930	2.642994	3.804108	0.298431	0.042529	83.894700
109.688000	60.000000	14.199484	17.701656	3.645602	0.556937	0.455542	19.464391	9.305434	0.128860	0.041213	11.576078	1.997525	0.032036	2.430982	4.601829	0.507853	0.028015	86.673400
115.312000	60.000000	13.476452	18.135836	4.262311	0.521440	0.203998	19.079407	11.555833	0.055541	0.037090	11.133686	2.816576	0.069357	2.321572	4.987332	0.918284	0.055923	89.630700
120.938000	60.000000	13.017051	18.977394	5.397593	0.449993	0.082815	18.759342	13.544537	0.082349	0.060088	9.968128	4.178551	0.034398	2.331162	5.233986	1.248120	0.033282	93.398700
126.562000	60.000000	11.933126	19.219196	6.744910	0.235568	0.111424	17.989262	14.316087	0.115956	0.066376	9.493854	5.395602	0.069786	2.102966	5.319793	1.677867	0.046010	94.837800
132.188000	60.000000	10.080241	19.207999	8.429947	0.202051	0.062717	16.995702	15.824918	0.097647	0.037608	8.187625	6.603946	0.065254	1.964501	5.760454	1.926862	0.034951	95.482400
137.812000	60.000000	8.310551	19.438378	9.961987	0.277182	0.127889	16.001463	17.209117	0.139865	0.059266	6.597262	7.657368	0.054027	2.005363	5.687156	1.944143	0.035938	95.507100
143.437000	60.000000	6.536019	19.224511	11.324210	0.194892	0.143644	14.575080	18.027941	0.113975	0.262096	5.310146	9.009877	0.024190	1.546798	5.515904	2.094845	0.023570	93.927800
149.062000	60.000000	5.215065	18.675311	12.926460	0.451319	0.092562	13.085814	18.762509	0.118352	0.155159	4.089136	9.992455	0.051427	1.219268	5.354695	2.284985	0.044955	92.519400
154.688000	60.000000	4.312062	18.311024	13.508006	0.600275	0.087699	11.365038	19.544351	0.192500	0.155156	3.149874	10.990856	0.011812	0.934107	4.789073	2.297380	0.039402	90.288500
160.312000	60.000000	3.414590	17.825837	14.220407	0.645807	0.130660	9.389804	19.482599	0.525367	0.116367	2.071072	11.705687	0.050558	0.521788	4.463432	2.480767	0.068314	87.113000
165.938000	60.000000	2.920614	17.436216	14.928848	1.058312	0.060933	6.776804	19.194201	1.618242	0.086101	0.978744	11.895917	0.071811	0.335682	4.141602	2.721303	0.033229	84.258600
171.562000	60.000000	2.491059	16.557337	15.305123	1.566364	0.156493	5.369828	18.791462	2.646704	0.054125	0.469853	12.320598	0.032972	0.250142	3.556334	2.777071	0.088733	82.434200
177.188000	60.000000	1.811401	16.015601	15.978392	1.472833	0.265142	4.152335	18.651786	3.597061	0.160168	0.095160	11.875107	0.120228	0.178440	3.263797	3.013920	0.114029	80.765400
182.812000	60.000000	1.470537	15.775947	16.270861	1.807544	0.267487	3.710950	19.119783	4.437125	0.159475	0.093568	11.726610	0.097733	0.111172	2.980895	3.122561	0.146624	81.298900
188.438000	60.000000	1.525231	14.961873	16.825830	2.272861	0.186580	2.620669	19.245095	5.200283	0.078907	0.067461	12.073367	0.472765	0.076718	2.734196	3.586136	0.263449	82.191400
194.062000	60.000000	1.038545	14.169965	17.293374	2.887963	0.105986	1.801516	19.263869	6.928512	0.093685	0.073412	12.478368	1.079981	0.047718	2.464662	4.109392	0.328854	84.165900
199.687000	60.000000	0.635452	13.883150	17.625767	3.545997	0.143220	0.462595	20.124087	8.991170	0.171894	0.060771	11.844232	1.941565	0.035584	2.540110	4.522321	0.561975	87.089900
205.312000	60.000000	0.542536	13.936306	18.392567	4.430147	0.085192	0.182203	18.796212	11.779087	0.263580	0.015211	11.192633	2.934152	0.031286	2.429919	4.878273	0.907813	90.797100
210.938000	60.000000	0.343610	12.689295	18.414621	5.212091	0.096757	0.132176	18.351739	12.969889	0.149785	0.036366	10.134324	4.136377	0.052379	2.260216	5.283908	1.309724	91.573400
216.562000	60.000000	0.288527	11.640204	19.380925	6.747704	0.188832	0.098162	18.034049	14.611836	0.124571	0.048825	9.141737	5.389744	0.037147	1.960474	5.809720	1.473771	94.976200
222.188000	60.000000	0.208022	9.999218	19.300060	8.455835	0.081626	0.085002	17.019113	15.872080	0.078906	0.033580	7.843888	6.734290	0.033039	1.847027	5.487121	1.892458	94.971200
227.812000	60.000000	0.246530	8.613414	19.513927	10.072822	0.119305	0.092450	15.811347	16.983714	0.049465	0.023179	6.773886	7.977897	0.034507	1.923412	5.752549	1.958744	95.947200
233.438000	60.000000	0.233553	6.826058	19.177010	11.440587	0.139420	0.144872	14.426018	17.857278	0.054351	0.103745	5.450093	9.067997	0.047673	1.632899	5.661392	1.977043	94.240000
239.062000	60.000000	0.432013	5.252941	19.019013	12.593388	0.096286	0.095621	13.324223	18.338959	0.080325	0.091441	4.053386	10.442571	0.041528	1.139908	5.339766	2.241024	92.582400
244.687000	60.000000	0.488674	4.315919	18.474789	14.075416	0.181885	0.086521	11.769587	19.189451	0.023697	0.097425	2.847158	10.945707	0.036610	0.979987	5.156809	2.399824	91.069500
250.312000	60.000000	0.629067	3.514635	17.474896	14.095095	0.484875	0.108103	9.213576	19.662311	0.039239	0.017095	1.930933	11.297259	0.041482	0.536326	4.424537	2.489137	85.958500
255.937000	60.000000	0.990724	2.871960	16.859872	14.718940	1.760394	0.065225	7.038839	19.168980	0.072029	0.037515	1.005225	11.937876	0.065413	0.401067	4.108623	2.577002	83.679700
261.562000	60.000000	1.413310	2.340402	16.329672	15.047035	2.759598	0.180756	5.401913	18.713198	0.107491	0.042366	0.516441	12.274341	0.100524	0.194749	3.643238	2.865287	81.930400
267.188000	60.000000	1.534097	1.821105	16.349012	15.833288	3.596914	0.300046	4.241987	18.803676	0.240826	0.185981	0.194031	12.139868	0.101150	0.240210	2.976925	3.051728	81.610800
272.812000	60.000000	1.803710	1.638271	15.560610	15.734441	3.992641	0.252532	3.791215	19.035186	0.334922	0.150767	0.134121	11.981645	0.136027	0.122134	2.927457	3.154895	80.750500
278.438000	60.000000	2.047412	1.468478	14.834412	16.330124	5.107170	0.202505	2.481231	18.806843	0.721120	0.052801	0.042846	11.944549	0.226113	0.052993	2.826189	3.539132	80.683900
284.062000	60.000000	2.258181	1.058741	14.006087	17.283648	6.982188	0.126585	1.695284	18.988477	1.043694	0.089114	0.055515	12.079361	0.321880	0.036359	2.533165	4.093219	82.651400
289.688000	60.000000	2.397664	0.647917	14.205025	17.612761	9.258634	0.102452	0.521186	19.392913	1.832041	0.034426	0.080655	11.541696	0.503402	0.049526	2.425090	4.539840	85.145300
295.312000	60.000000	2.019500	0.487076	13.559805	18.267482	11.628668	0.076477	0.179651	19.596149	2.980409	0.183495	0.033014	11.093899	0.997843	0.035947	2.305625	4.873647	88.318700
300.938000	60.000000	1.893272	0.453400	12.712706	18.809218	12.926686	0.067128	0.134556	18.712180	4.080213	0.184669	0.071986	10.084991	1.248776	0.043821	2.169671	5.429520	89.022700
306.562000	60.000000	3.110573	0.257158	11.536041	18.727109	14.466846	0.121097	0.085990	17.852188	5.592765	0.213535	0.037253	9.269774	1.690975	0.014225	2.071072	5.476512	90.523200
312.187000	60.000000	4.261361	0.250058	10.104297	19.351067	15.355338	0.125448	0.126874	17.228004	6.640612	0.024052	0.032550	8.309940	1.812973	0.030581	1.895704	5.496259	91.045100
317.812000	60.000000	6.047360	0.262553	8.468118	18.917904	16.462787	0.133311	0.133483	15.613426	7.943685	0.039216	0.047514	6.548030	2.048430	0.026316	1.801505	5.416288	89.909800
323.438000	60.000000	7.757810	0.193130	6.684595	19.484522	17.839634	0.130651	0.142751	14.873317	9.029341	0.048121	0.099971	5.794237	2.021649	0.025978	1.631531	5.275550	91.032800
329.062000	60.000000	9.648549	0.351372	5.352625	19.005668	18.853778	0.119101	0.093014	13.189524	10.064611	0.036320	0.052184	4.261836	2.267093	0.039345	1.328645	5.463280	90.126900
334.688000	60.000000	10.583072	0.506892	4.256701	18.345066	19.236839	0.186711	0.069162	11.429617	10.665056	0.012597	0.092657	3.155992	2.257434	0.044124	0.894745	4.978104	86.714800
340.312000	60.000000	11.810981	0.501272	3.609852	17.899463	19.481808	0.509888	0.101937	9.386253	11.542262	0.031269	0.068671	2.171831	2.525068	0.050043	0.641631	4.774970	85.107200
345.938000	60.000000	13.492060	0.927999	2.693198	17.341667	19.556113	1.846201	0.084119	6.685127	11.788022	0.076283	0.027106	1.001595	2.478732	0.077182	0.398748	4.170600	82.644700
351.562000	60.000000	14.272997	1.412416	2.239734	16.583575	19.377645	2.579377	0.088079	5.389371	12.213268	0.082425	0.018044	0.652206	2.702947	0.078745	0.261868	3.431373	81.384000
357.187000	60.000000	15.238509	1.552804	1.748293	16.447519	18.303220	3.650635	0.049115	4.281232	11.924191	0.135539	0.153818	0.346140	2.974697	0.094146	0.150763	3.132265	80.182700
0.000000	62.720400	15.392208	1.613051	1.639549	15.211592	18.510302	3.590761	0.048799	3.696417	13.528364	0.197564	0.178048	0.339291	3.385953	0.126395	0.135573	3.443045	81.036900
5.625000	62.720400	16.112299	1.910983	1.650633	14.544883	18.943578	4.632817	0.095058	2.746354	13.396379	0.483008	0.247348	0.214392	3.609264	0.206977	0.096596	3.327968	82.218600
11.250000	62.720400	16.661160	2.417286	1.298256	13.455982	18.780491	5.931141	0.057576	1.830684	13.491268	1.214055	0.031913	0.043985	4.305378	0.244473	0.061257	2.935362	82.760400
16.875000	62.720400	17.097603	3.039547	0.862183	11.871488	18.763413	7.879209	0.062012	0.510818	13.268240	1.977744	0.017192	0.073095	4.987785	0.463389	0.062246	2.635439	83.571400
22.500000	62.720400	17.460419	3.434449	0.493772	10.882825	19.551136	10.726581	0.056051	0.175529	12.440368	2.925772	0.027820	0.024961	5.586884	0.692392	0.042933	2.447279	86.969100
28.125000	62.720400	18.212064	4.253082	0.279815	9.380406	18.811932	12.678324	0.070965	0.114959	11.687366	4.135280	0.089232	0.030442	5.824716	1.138868	0.040857	2.180867	88.929200
33.750000	62.720400	18.464158	5.298576	0.180507	7.510885	18.222808	13.783851	0.107743	0.134112	10.728300	5.585221	0.121320	0.068737	6.054779	1.390747	0.026465	2.017577	89.695800
39.375000	62.720400	18.155176	6.671895	0.199955	6.105605	17.038227	15.584247	0.109267	0.105881	9.380870	7.156053	0.032872	0.058794	6.738859	1.717813	0.044542	1.776759	90.876800
45.000000	62.720400	18.394942	8.317687	0.090514	4.470885	16.755257	16.448763	0.141104	0.088754	8.478172	8.371680	0.040540	0.055171	6.289999	1.728534	0.039545	1.841971	91.553600
50.625000	62.720400	18.708109	9.883395	0.182680	3.234674	14.712380	17.376501	0.126909	0.100155	7.069805	9.791820	0.032803	0.067760	5.986151	1.929588	0.055642	1.775639	91.034000
56.250000	62.720400	18.066734	11.917632	0.296736	2.181184	14.051892	17.838051	0.130639	0.098346	5.534814	11.034217	0.029501	0.131387	5.919537	2.072565	0.062957	1.375535	90.741700
61.875000	62.720400	17.409638	12.674253	0.364240	2.061323	12.278978	19.422884	0.111375	0.063508	3.974252	11.924304	0.014162	0.236205	5.781106	2.122057	0.015736	1.172141	89.626200
67.500000	62.720400	17.324250	13.482560	0.505774	2.071977	10.701349	19.411914	0.137855	0.070769	2.944693	12.794249	0.021927	0.188209	5.398204	2.433606	0.070545	0.702090	88.260000
73.125000	62.720400	16.749376	13.880097	0.987849	2.302899	8.071044	19.355139	0.513900	0.072647	2.020687	13.158310	0.043454	0.147968	4.937196	2.781618	0.078441	0.454499	85.555100
78.750000	62.720400	16.612755	14.366302	1.368975	2.210827	5.769887	19.087437	1.789777	0.072183	1.256082	13.217120	0.051493	0.076575	4.506182	2.905934	0.080336	0.238772	83.610700
84.375000	62.720400	15.864616	14.792792	1.696618	1.981669	4.555301	18.688769	2.623553	0.228008	0.520141	13.638747	0.077492	0.250516	3.762398	3.005901	0.077781	0.191464	81.955600
90.000000	62.720400	15.882146	15.224937	1.650158	1.437942	3.651540	18.874362	3.808055	0.272483	0.282679	13.322866	0.202802	0.224495	3.354852	3.295023	0.129859	0.100645	81.714900
95.625000	62.720400	14.818691	15.792912	1.910700	1.496821	2.624525	19.619900	4.536809	0.222911	0.095993	13.127095	0.476141	0.217819	3.323535	3.637109	0.196694	0.085931	82.183500
101.250000	62.720400	14.358385	15.984046	2.491625	1.321271	1.692637	19.102932	5.608734	0.051166	0.069950	13.666682	0.933030	0.029364	2.831573	4.279875	0.218990	0.094717	82.734900
106.875000	62.720400	13.685456	16.872200	2.971327	0.912270	0.428836	19.264887	8.103435	0.094783	0.094966	13.113636	1.790670	0.014621	2.507311	5.280865	0.481373	0.079238	85.695800
112.500000	62.720400	13.814953	17.866665	3.435332	0.498351	0.154403	18.956358	10.566888	0.069235	0.041027	12.444552	2.754712	0.058713	2.447336	5.416130	0.618500	0.039779	89.182900
118.125000	62.720400	12.417522	18.012221	4.444623	0.347086	0.056611	19.095920	12.799112	0.056820	0.029393	11.936632	4.099722	0.061913	2.226830	5.570892	1.116168	0.021632	92.293200
123.750000	62.720400	11.554589	18.365085	5.369398	0.224428	0.075331	18.579517	14.014796	0.134237	0.075461	11.066631	5.245681	0.171997	2.021818	6.066485	1.471509	0.036524	94.473300
129.375000	62.720400	9.869767	18.453074	6.723490	0.192159	0.128941	17.483604	15.159228	0.123564	0.067917	10.085229	7.070189	0.044611	1.769091	6.154576	1.804276	0.049038	95.178700
135.000000	62.720400	8.409465	18.558707	8.242523	0.097347	0.086796	16.735578	16.132996	0.127135	0.023402	8.263932	8.449943	0.043251	1.952852	6.289060	1.918368	0.041811	95.373200
140.625000	62.720400	6.674960	18.552826	10.293260	0.149631	0.132754	15.382595	17.831491	0.122913	0.098227	7.039891	9.726631	0.035246	1.766784	5.971754	1.887199	0.024064	95.690200
146.250000	62.720400	5.191303	17.735811	11.903947	0.203987	0.090551	14.110702	18.507927	0.087918	0.227959	5.274487	10.857457	0.059494	1.332649	5.946217	2.081296	0.052190	93.663900
151.875000	62.720400	4.278891	17.849021	12.638401	0.326708	0.054202	12.713045	18.640929	0.112834	0.248198	4.018473	11.865268	0.032606	1.054168	5.738955	2.316132	0.082558	91.970400
157.500000	62.720400	3.459139	17.494574	13.302396	0.522774	0.072443	10.930156	19.181082	0.156541	0.089344	2.851240	12.761677	0.025087	0.622075	5.509220	2.350298	0.064940	89.392900
163.125000	62.720400	2.847384	16.680726	13.646438	1.112510	0.091012	8.435206	18.950363	0.442597	0.094044	1.913064	13.105832	0.040521	0.443703	5.060224	2.804045	0.064779	85.732300
168.750000	62.720400	2.520781	16.144079	14.607086	1.397499	0.084030	5.892100	18.836814	1.808257	0.073935	1.082498	13.312461	0.026559	0.197361	4.442362	2.937884	0.094077	83.457700
174.375000	62.720400	1.939382	15.927045	15.319826	1.717711	0.183946	4.578712	19.047514	2.851421	0.230262	0.477944	13.783172	0.075512	0.155966	3.879306	3.187920	0.100298	83.456000
180.000000	62.720400	1.746404	15.313266	15.517068	1.727777	0.292193	3.895276	19.040050	3.741859	0.240183	0.261124	13.750600	0.203671	0.109093	3.422099	3.453031	0.150367	82.863900
185.625000	62.720400	1.560506	14.959385	15.578140	1.951868	0.263794	2.759564	19.125099	4.500086	0.250269	0.034989	13.531418	0.399485	0.078686	3.129822	3.738783	0.185387	82.047300
191.250000	62.720400	1.580750	14.112625	16.547837	2.369299	0.114761	1.751041	19.362377	5.868643	0.086190	0.047909	13.011622	0.965039	0.093800	2.821959	4.550008	0.215249	83.499100
196.875000	62.720400	1.053637	13.761571	17.399573	2.929402	0.103277	0.556827	19.325507	8.036052	0.131926	0.027062	12.936978	1.816434	0.111741	2.618905	4.982458	0.516542	86.307800
202.500000	62.720400	0.443083	13.505179	17.590933	3.560338	0.076931	0.182118	18.837040	10.572362	0.192376	0.020436	12.458124	2.900506	0.052699	2.415352	5.415677	0.644259	88.867400
208.125000	62.720400	0.354246	12.162487	17.965738	3.909696	0.088198	0.111985	19.323471	12.767332	0.217595	0.017563	11.738259	4.001655	0.040081	2.225914	5.902980	1.031816	91.859000
213.750000	62.720400	0.205692	11.813130	18.233213	5.217825	0.147973	0.095489	18.848123	13.609681	0.144162	0.029860	10.602219	5.472226	0.055406	1.947208	5.983392	1.416465	93.822000
219.375000	62.720400	0.234027	10.183906	18.745092	6.885863	0.089165	0.158108	17.619660	15.516163	0.056887	0.032181	10.148066	7.287642	0.030306	1.899470	6.182522	1.870483	96.939600
225.000000	62.720400	0.060022	8.100529	18.877302	8.532821	0.107940	0.133546	16.708322	16.355232	0.037664	0.029467	8.416636	8.585739	0.043501	1.900250	6.255052	1.994505	96.138500
230.625000	62.720400	0.174773	6.814657	18.936565	10.181712	0.087016	0.146086	15.559818	17.674399	0.049912	0.060060	6.847037	9.796186	0.035876	1.621782	6.203468	1.969567	96.158900
236.250000	62.720400	0.234823	5.086700	18.626113	11.409712	0.118261	0.097442	13.876251	18.407270	0.059945	0.130350	5.706880	11.173135	0.015945	1.431156	5.872986	2.174828	94.421900
241.875000	62.720400	0.318136	4.227929	18.127467	12.930645	0.095356	0.082122	12.972717	19.415646	0.024909	0.078413	4.004290	11.624370	0.037158	1.043862	5.908103	2.198013	93.089100
247.500000	62.720400	0.468568	3.386089	16.947523	13.552228	0.196113	0.079359	10.734826	19.281739	0.054092	0.026983	2.709790	12.739284	0.028165	0.678620	5.384587	2.380133	88.648000
253.125000	62.720400	1.005276	3.027367	17.028387	13.658313	0.464076	0.060892	7.994624	19.476040	0.103264	0.020291	1.871026	12.989568	0.054723	0.497186	4.851616	2.703264	85.806000
258.750000	62.720400	1.364893	2.535179	16.221664	14.524186	1.811310	0.074936	5.861541	19.436003	0.036555	0.059953	1.163353	13.361206	0.115610	0.276639	4.374164	2.841322	84.058600
264.375000	62.720400	1.762407	1.860757	16.058125	14.763839	2.697021	0.192790	4.746582	19.085854	0.212737	0.214481	0.405400	13.385522	0.097446	0.187636	3.802197	3.140170	82.613000
270.000000	62.720400	1.559284	1.721466	15.143168	15.231723	3.554491	0.262537	3.791532	18.811819	0.332180	0.221180	0.269347	13.085588	0.161059	0.106337	3.573005	3.343157	81.167800
275.625000	62.720400	1.794481	1.740557	15.591033	16.062649	4.294034	0.217117	2.801930	18.972191	0.671221	0.206763	0.050655	13.592829	0.212553	0.084429	3.001660	3.817838	83.112000
281.250000	62.720400	2.099075	1.432400	14.591479	16.492871	6.103682	0.090151	1.804185	19.084723	1.145506	0.085718	0.076734	13.025873	0.235331	0.081201	2.712085	4.331605	83.392600
286.875000	62.720400	2.282395	0.973475	13.741779	16.965618	8.162122	0.067406	0.539625	19.223041	1.948678	0.066348	0.047015	13.331688	0.434350	0.077849	2.763454	4.773126	85.398000
292.500000	62.720400	2.063811	0.467185	13.177536	16.895159	10.820022	0.079807	0.226975	20.010198	2.907846	0.079111	0.022988	12.290966	0.642350	0.045403	2.329160	5.371954	87.430400
298.125000	62.720400	1.731237	0.358450	12.796737	18.098062	12.492619	0.093741	0.155399	19.266131	4.047414	0.256724	0.015562	11.811773	1.032437	0.031589	2.174952	6.035428	90.398300
303.750000	62.720400	2.056754	0.207530	11.841178	18.251422	13.851596	0.128779	0.113206	18.249612	5.575823	0.211566	0.061629	11.047597	1.362574	0.073025	1.926907	6.087611	91.046800
309.375000	62.720400	3.326962	0.167667	10.214194	18.618988	15.208425	0.096575	0.110391	17.810003	7.153045	0.074566	0.034724	9.610616	1.767813	0.047757	1.845590	6.027206	92.114500
315.000000	62.720400	4.245583	0.029772	8.537107	18.120681	16.631076	0.134893	0.113322	16.550099	8.472676	0.043157	0.031840	8.460178	1.761661	0.032929	1.827789	6.370072	91.362900
320.625000	62.720400	6.060456	0.162316	6.698484	18.612881	17.964155	0.126393	0.137617	15.080286	9.713704	0.045206	0.077208	6.683046	1.748473	0.034646	1.714443	6.151002	91.010300
326.250000	62.720400	7.925646	0.171029	5.310033	18.262618	18.327197	0.114085	0.110044	13.917984	11.186457	0.040433	0.148041	5.612173	1.986939	0.053812	1.445520	6.134343	90.746300
331.875000	62.720400	9.874969	0.293724	4.144305	17.985078	19.089473	0.127185	0.074055	12.506530	11.693134	0.020114	0.102499	4.069570	2.200648	0.043366	1.203740	5.725010	89.153300
337.500000	62.720400	10.901893	0.456181	3.530164	17.674286	19.170564	0.176811	0.053229	10.744269	12.481761	0.021020	0.035661	2.963569	2.531740	0.043297	0.656964	5.236655	86.678200
343.125000	62.720400	12.394337	0.850233	2.875296	16.863491	19.198499	0.461663	0.066309	8.143936	13.529834	0.056192	0.021741	1.781374	2.650877	0.084935	0.452899	4.918954	84.350700
348.750000	62.720400	13.505518	1.254905	2.300219	16.038446	18.935434	1.760767	0.043233	5.888956	13.403844	0.066192	0.024306	1.242408	3.000597	0.070449	0.257067	4.437713	82.230100
354.375000	62.720400	14.736470	1.502227	1.928694	16.285451	18.721002	2.755051	0.063475	4.515762	13.354760	0.100847	0.206337	0.562936	3.325107	0.095783	0.200293	3.944224	82.298400
2.812500	65.375700	15.416750	2.003406	1.800114	14.059921	19.097729	3.898522	0.083081	3.135273	14.422851	0.455237	0.119677	0.268345	4.069186	0.098672	0.084326	3.649040	82.662300
8.437500	65.375700	15.697345	2.172181	1.740783	13.234650	19.128379	5.330843	0.148638	2.020009	14.658433	1.031233	0.083905	0.112535	4.755358	0.237050	0.074256	3.271024	83.696600
14.062500	65.375700	16.268034	2.384533	1.508865	12.091236	19.219761	6.673229	0.050422	0.840492	14.386207	1.671579	0.018774	0.046836	5.381194	0.448869	0.067757	3.062393	84.120100
19.687500	65.375700	16.805699	2.936471	0.749744	10.766391	19.635168	9.531255	0.067623	0.149648	13.719272	2.771710	0.018254	0.046369	5.901690	0.470017	0.044456	2.672241	86.286000
25.312500	65.375700	17.046030	3.428591	0.282665	9.723193	19.273369	11.759182	0.058224	0.160373	13.323205	3.851632	0.063686	0.014378	6.284593	0.889593	0.059510	2.377272	88.595500
30.937500	65.375700	17.613440	4.222806	0.121583	7.886311	18.429776	13.535376	0.128600	0.095938	12.649371	5.341960	0.069223	0.050795	6.458740	1.315345	0.073448	2.026150	90.018800
36.562500	65.375700	17.677000	5.299696	0.168408	6.374415	17.693965	14.905437	0.098104	0.118515	11.504713	7.321876	0.269522	0.028380	6.808855	1.565131	0.041743	1.977213	91.852800
42.187500	65.375700	17.760919	6.760800	0.214105	4.943960	16.623612	15.759322	0.121493	0.104034	10.449674	8.723378	0.058843	0.021139	6.908358	1.662169	0.039602	1.716456	91.867900
47.812500	65.375700	17.948886	8.869376	0.130445	3.172278	15.693499	17.264761	0.127082	0.082475	9.134182	10.121612	0.036824	0.066572	6.821511	1.586394	0.066071	1.629246	92.751200
53.437500	65.375700	17.721561	9.877164	0.232303	2.162760	14.524752	17.912695	0.119341	0.097317	7.419185	11.684425	0.049393	0.266179	6.722811	2.018459	0.052673	1.708437	92.569400
59.062500	65.375700	17.459062	11.451671	0.207424	2.003406	13.419904	18.397544	0.106662	0.109832	5.294290	12.683979	0.027137	0.185363	6.217481	2.200456	0.063375	1.156839	90.984400
64.687500	65.375700	17.117056	12.202411	0.361338	1.858087	11.496797	19.330936	0.145007	0.086826	4.070339	13.620538	0.006220	0.196268	6.270162	2.464063	0.036541	0.766021	90.028700
70.312500	65.375700	16.568760	13.113749	0.820126	2.105861	9.717956	19.010305	0.162504	0.050460	2.961680	13.699028	0.016098	0.127431	5.846827	2.628235	0.068932	0.543918	87.441900
75.937500	65.375700	15.927611	14.011063	1.406965	2.107716	6.895409	19.056449	0.920335	0.074138	1.821806	14.551782	0.059425	0.072330	5.354378	3.015910	0.079881	0.428895	85.784000
81.562500	65.375700	15.930664	14.161144	1.874068	1.929791	5.299560	19.305376	2.167533	0.137557	1.169234	14.674379	0.047398	0.163253	4.764802	3.220503	0.073211	0.189236	85.107600
87.187500	65.375700	15.446721	14.997498	1.841044	1.813946	3.659490	19.223380	3.070355	0.207551	0.460707	14.541038	0.081050	0.113792	3.931444	3.534936	0.094309	0.155369	83.172700
92.812500	65.375700	14.672683	15.147692	2.006901	1.599423	2.919676	18.954661	4.039735	0.235900	0.147780	15.104375	0.400031	0.074619	3.805985	4.056666	0.147105	0.110644	83.423900
98.437500	65.375700	14.364719	15.500216	2.178888	1.675650	1.872383	19.104741	5.113221	0.207460	0.047098	14.366868	1.033797	0.132348	3.377607	4.687975	0.160283	0.073834	83.897100
104.062000	65.375700	13.390272	15.950909	2.475124	1.245903	0.837227	19.342924	6.712361	0.063759	0.100213	14.358725	1.569067	0.010911	2.892600	5.213572	0.366390	0.051165	84.581100
109.688000	65.375700	13.148131	16.684345	3.118388	0.736482	0.144217	19.601917	9.489669	0.071470	0.040158	13.883603	2.735881	0.007633	2.742362	5.737925	0.528980	0.065760	88.736900
115.312000	65.375700	12.646996	16.877855	3.234392	0.323548	0.136024	19.566065	11.955519	0.087260	0.024358	13.462089	4.080699	0.015689	2.299178	6.010343	0.853561	0.048280	91.621800
120.938000	65.375700	11.447825	17.502491	4.281492	0.202007	0.102263	18.526135	13.518977	0.141551	0.021651	12.312341	5.684792	0.072515	2.055996	6.628499	1.159632	0.082914	93.741100
126.562000	65.375700	10.033328	17.511200	5.299764	0.221616	0.101770	17.810455	15.022380	0.101097	0.041225	11.776034	7.494802	0.315216	1.928807	6.652849	1.553313	0.048459	95.912300
132.188000	65.375700	8.721354	17.859200	6.657588	0.176830	0.150920	17.343250	15.775156	0.138181	0.076362	10.130208	8.510235	0.052218	1.717451	6.867621	1.685818	0.049088	95.911500
137.812000	65.375700	6.705733	18.018667	8.244445	0.140859	0.113272	16.337815	17.405793	0.136538	0.066772	8.571930	10.370619	0.053915	1.567642	6.778941	1.655451	0.075891	96.244300
143.437000	65.375700	5.231589	18.082681	10.271319	0.238268	0.114441	14.389035	17.818825	0.108426	0.282783	7.373618	11.191185	0.072202	1.567348	6.757656	1.872541	0.061543	95.433400
149.062000	65.375700	4.144316	17.701429	11.522130	0.200873	0.110450	13.334968	19.021049	0.099492	0.204905	5.421932	12.454731	0.056284	1.244071	6.399341	2.162104	0.051008	94.129100
154.688000	65.375700	3.429993	17.007464	12.233286	0.348211	0.086874	12.122677	19.236387	0.118337	0.102675	4.034917	13.353176	0.003257	0.901851	6.083981	2.654892	0.023076	91.741000
160.312000	65.375700	2.912290	16.182306	13.361772	0.721651	0.043253	9.458217	19.285471	0.185046	0.060195	2.711373	14.196769	0.010063	0.535268	5.761291	2.667774	0.088273	88.181100
165.938000	65.375700	2.532804	16.077352	13.355891	1.409001	0.078404	7.182710	19.677127	0.892894	0.060159	1.847524	14.717017	0.069491	0.371423	5.234066	2.806838	0.095749	86.408300
171.562000	65.375700	2.212806	15.444685	14.229002	1.890999	0.149273	5.094549	19.405806	2.103950	0.140949	0.892669	14.347415	0.049298	0.175774	4.736516	3.203414	0.089059	84.166200
177.188000	65.375700	1.881566	15.308403	14.706838	1.734902	0.206064	3.681906	19.104289	3.098573	0.109215	0.390305	14.253996	0.125825	0.128990	4.188141	3.535626	0.075022	82.529600
182.812000	65.375700	1.786791	14.526448	14.982796	1.827348	0.226208	2.917968	19.554642	3.948375	0.136325	0.114631	14.566371	0.486224	0.120445	3.645127	4.113045	0.114145	83.067000
188.438000	65.375700	1.939303	14.079148	15.142489	2.272714	0.165813	2.072995	19.693526	5.149661	0.141943	0.040791	14.591592	0.978216	0.067579	3.229223	4.829019	0.248933	84.642900
194.062000	65.375700	1.578771	13.745172	15.794382	2.540630	0.105330	0.947491	19.785587	6.769848	0.068432	0.040137	14.328641	1.765382	0.096198	2.934514	5.373752	0.392659	86.266900
199.687000	65.375700	0.758210	13.111035	16.665232	3.016442	0.100407	0.175732	19.541976	9.631403	0.121640	0.006783	14.095773	2.815321	0.071251	2.868612	5.852165	0.614040	89.446100
205.312000	65.375700	0.276456	12.529941	17.008934	3.382832	0.109485	0.130500	19.562220	12.119963	0.149333	0.023273	13.601538	3.793828	0.040156	2.275643	6.033076	0.819743	91.856900
210.938000	65.375700	0.178715	11.304158	17.464264	4.204020	0.112941	0.106187	19.112658	13.366861	0.204522	0.040450	13.114880	5.524556	0.066678	2.149279	6.729586	1.179933	94.859700
216.562000	65.375700	0.221023	10.046402	18.242826	5.535730	0.081433	0.112511	18.177117	14.651986	0.308316	0.050297	11.742896	7.467274	0.050758	1.783873	6.587026	1.518049	96.577500
222.188000	65.375700	0.127583	8.523377	18.026924	6.817213	0.092546	0.114061	17.034947	16.161949	0.060464	0.038455	10.209014	8.849301	0.084466	1.517574	6.936995	1.558911	96.153800
227.812000	65.375700	0.135715	6.532762	17.668631	8.274416	0.151468	0.114435	16.249712	17.222575	0.048296	0.053035	8.526589	10.400273	0.073381	1.543089	6.849853	1.510177	95.354400
233.438000	65.375700	0.134105	5.349334	17.356935	9.884673	0.090282	0.099639	15.012993	18.156194	0.051934	0.268728	7.445492	11.549500	0.037282	1.687356	6.522301	2.015926	95.662700
239.062000	65.375700	0.237346	4.157899	17.344155	11.584560	0.100022	0.090355	13.557091	18.437693	0.025725	0.089538	5.778833	12.644848	0.070193	1.230793	6.429900	2.231139	94.010200
244.687000	65.375700	0.310302	3.393667	17.184575	12.739171	0.106425	0.083171	12.129689	19.656656	0.030306	0.051601	4.098433	13.718028	0.052207	0.855251	5.968689	2.219999	92.598100
250.312000	65.375700	0.702941	3.105574	16.608344	13.144285	0.171434	0.052836	9.374842	20.109724	0.023612	0.016012	2.941526	14.129816	0.051851	0.551925	5.760262	2.651793	89.396800
255.937000	65.375700	1.225127	2.485404	15.900015	13.440940	0.857145	0.073047	7.263507	19.264322	0.036831	0.022587	1.584765	14.114208	0.070805	0.424927	5.272326	3.030929	85.066800
261.562000	65.375700	1.888680	2.124760	15.483251	14.133774	1.784246	0.122335	5.269250	19.410783	0.107315	0.076279	1.035190	15.106072	0.070200	0.245017	4.644195	3.291890	84.793300
267.188000	65.375700	1.663854	1.807691	15.251176	14.213168	2.912030	0.210514	3.768697	19.326186	0.249362	0.113302	0.427917	14.415952	0.083520	0.149595	4.269447	3.597932	82.460300
272.812000	65.375700	1.876692	1.750996	14.652099	15.192365	3.447614	0.247628	2.986652	18.816908	0.583478	0.101771	0.126097	14.780804	0.153188	0.123344	3.716706	4.267332	82.823700
278.438000	65.375700	2.011866	1.837594	14.464584	15.732970	5.237187	0.192695	2.029814	19.557583	0.998490	0.139551	0.056935	14.761351	0.220660	0.060792	3.347138	4.846605	85.495700
284.062000	65.375700	2.225733	1.532254	13.851031	16.343357	6.872360	0.067585	0.907850	19.197594	1.759874	0.075436	0.031363	14.585824	0.377244	0.065844	2.912403	5.337787	86.143500
289.688000	65.375700	2.383278	0.753319	13.257043	16.458037	9.355672	0.058019	0.134015	19.152242	2.793436	0.120195	0.033979	13.901359	0.454370	0.064512	2.707403	5.853884	87.480800
295.312000	65.375700	1.870834	0.295647	12.776493	17.157431	11.746063	0.062839	0.120506	19.414402	4.237067	0.123446	0.011890	13.511739	0.872375	0.036757	2.395198	6.355833	90.988500
300.938000	65.375700	1.533000	0.204590	11.192904	17.445943	13.428725	0.089285	0.099478	18.438146	5.477304	0.191019	0.036124	12.824107	1.257145	0.042450	2.007014	6.724643	90.991900
306.562000	65.375700	2.267477	0.167916	9.899353	17.413257	14.569312	0.101964	0.140575	18.210481	7.169749	0.352107	0.038120	11.643258	1.468399	0.074716	1.922598	6.687208	92.126600
312.187000	65.375700	3.380683	0.154886	8.289797	17.827985	15.962897	0.109320	0.136662	17.080412	8.927383	0.073839	0.039945	10.483705	1.638441	0.067112	1.706831	7.105137	92.984900
317.812000	65.375700	4.863491	0.149034	6.379029	18.154724	17.479646	0.113403	0.101496	16.167830	10.270312	0.050961	0.047733	8.679169	1.581293	0.063160	1.780197	7.005916	92.887500
323.438000	65.375700	6.525547	0.188974	5.302591	18.017650	17.952166	0.103197	0.132292	14.629932	11.861875	0.023165	0.256086	7.391793	1.836067	0.049316	1.499094	6.486946	92.256700
329.062000	65.375700	8.508776	0.114065	4.337622	17.543093	18.654048	0.096360	0.124040	13.345938	12.568394	0.023491	0.057220	5.456958	1.957206	0.034237	1.231144	6.533475	90.586000
334.688000	65.375700	9.638958	0.242098	3.332277	17.256957	19.316573	0.103609	0.110052	11.751605	13.598032	0.011102	0.042356	3.956665	2.283741	0.074779	0.873291	5.987328	88.579500
340.312000	65.375700	11.077092	0.723351	2.842340	16.277873	19.305489	0.182684	0.067413	9.721847	14.257616	0.041465	0.022547	2.696195	2.626482	0.070519	0.513185	5.787801	86.213900
345.938000	65.375700	12.193815	1.336358	2.465126	16.045798	18.955679	0.819848	0.044852	6.871330	14.058451	0.061773	0.028364	1.620063	2.981404	0.057543	0.421333	5.435797	83.397600
351.562000	65.375700	13.829429	1.805181	2.153430	15.750840	19.624763	2.163846	0.098929	5.255068	14.669855	0.051720	0.152603	1.079542	3.179019	0.070128	0.247827	4.576518	84.708800
357.187000	65.375700	14.362909	1.756153	1.928242	14.959158	18.586416	2.986867	0.048953	3.823007	14.243818	0.115977	0.071004	0.598550	3.590693	0.093170	0.166781	4.273247	81.605000
0.000000	67.975700	13.971932	2.148295	2.044144	14.285664	19.486332	3.326215	0.023165	3.315358	16.034262	0.432078	0.112185	0.502678	4.370364	0.129037	0.106931	4.479819	84.768500
5.625000	67.975700	14.944682	2.397302	2.135266	13.247204	19.199630	4.523192	0.047561	2.365566	15.977374	0.950961	0.027532	0.145295	5.071680	0.198484	0.085271	3.840186	85.157100
11.250000	67.975700	15.705261	2.381276	1.617394	12.037628	19.623519	5.806519	0.067140	1.203819	15.946724	1.655112	0.028335	0.072803	5.932204	0.258439	0.100240	3.376114	85.812500
16.875000	67.975700	15.091822	2.719923	1.148933	10.920113	19.532928	8.287988	0.071065	0.207691	15.569432	2.610863	0.011718	0.033624	6.167152	0.432477	0.064923	2.891480	85.762100
22.500000	67.975700	16.295630	2.943030	0.539779	9.811895	18.763753	10.825598	0.100041	0.164584	14.923193	3.820405	0.054155	0.036025	6.679042	0.629777	0.048718	2.554213	88.189900
28.125000	67.975700	16.588891	3.296030	0.154930	8.105245	19.517207	12.986515	0.074254	0.092981	14.540698	5.500896	0.066019	0.021162	7.037482	0.948832	0.057811	2.419876	91.408800
33.750000	67.975700	17.247004	4.090335	0.161329	6.882584	18.204486	13.656390	0.095754	0.102640	13.463333	7.168245	0.134129	0.036896	7.023220	1.321429	0.067247	2.171605	91.826700
39.375000	67.975700	17.814301	5.163798	0.138559	5.008233	17.469919	15.395036	0.105822	0.120807	11.873071	9.019886	0.478414	0.077846	7.437484	1.427334	0.087575	1.838691	93.456800
45.000000	67.975700	17.735359	6.909964	0.029067	3.360246	16.453627	17.132550	0.113061	0.116230	10.574443	10.598611	0.130296	0.137992	7.472352	1.606604	0.100096	1.533871	94.004400
50.625000	67.975700	17.498194	8.487073	0.125480	2.393038	15.330683	17.456913	0.127897	0.101715	8.702953	12.366628	0.100843	0.455917	7.436794	1.794221	0.057962	1.512281	93.948500
56.250000	67.975700	16.908165	9.874494	0.107839	1.914172	13.877495	18.498200	0.106118	0.133280	7.050352	13.224698	0.034340	0.203470	7.186623	2.016231	0.078940	1.332558	92.547000
61.875000	67.975700	16.473419	11.090178	0.156104	1.826929	12.892305	19.223493	0.094086	0.100879	5.613937	14.518418	0.023552	0.183624	7.023605	2.298669	0.065039	1.009587	92.593800
67.500000	67.975700	16.219176	12.423403	0.487724	2.107139	11.021890	19.102819	0.134895	0.152131	3.666548	14.772435	0.027126	0.146234	6.552758	2.717480	0.059389	0.653187	90.244400
73.125000	67.975700	15.856699	12.972491	1.237330	2.186692	8.260991	19.809225	0.228633	0.144424	2.666100	16.044667	0.034828	0.074614	6.075023	2.914111	0.071724	0.490244	89.067900
78.750000	67.975700	15.657421	13.775821	1.859512	2.003497	5.592776	19.481921	1.229900	0.065494	1.777008	15.679023	0.024613	0.075756	5.780902	3.351153	0.040703	0.263463	86.659100
84.375000	67.975700	14.775941	14.113077	2.167397	2.217171	4.425114	19.361359	2.424106	0.184367	0.762208	15.764411	0.071351	0.024259	5.160733	3.690242	0.103826	0.201375	85.447100
90.000000	67.975700	14.360082	13.949991	2.248907	2.013427	3.137196	19.511665	3.424870	0.220331	0.380783	16.101215	0.441535	0.073517	4.275068	4.324458	0.115010	0.117217	84.695300
95.625000	67.975700	14.130833	14.455423	2.264752	1.999979	2.210239	19.651228	4.632795	0.207631	0.080702	15.990041	0.882310	0.018098	3.605905	5.261593	0.130667	0.106953	85.629100
101.250000	67.975700	13.426916	15.042964	2.269151	1.487253	1.103741	19.229714	5.736399	0.103844	0.047061	15.241110	1.625186	0.009647	3.088428	5.840222	0.308628	0.094248	84.654500
106.875000	67.975700	13.254895	15.603022	2.565455	0.925707	0.224071	19.627251	8.348020	0.069170	0.065095	15.506323	2.728157	0.015343	3.069778	5.808227	0.475960	0.069244	88.355800
112.500000	67.975700	12.219828	16.094882	2.839919	0.439157	0.139702	19.915762	11.195166	0.110607	0.024658	14.950902	4.037982	0.040029	2.594442	6.634448	0.648690	0.088343	91.974500
118.125000	67.975700	11.603787	16.597260	3.295939	0.173478	0.125230	19.526029	12.947044	0.094595	0.041441	14.208531	5.426433	0.056526	2.273630	6.561331	0.960490	0.066551	93.958400
123.750000	67.975700	10.034471	17.112645	4.138944	0.173068	0.093408	18.498879	13.996361	0.109506	0.061460	13.372403	7.271944	0.102868	2.101609	7.225823	1.254838	0.057972	95.606200
129.375000	67.975700	8.541495	16.865527	5.411210	0.145526	0.076010	17.600434	15.469227	0.068788	0.049893	11.966603	8.620482	0.410753	1.804174	7.245841	1.494027	0.071232	95.841200
135.000000	67.975700	6.560460	17.086406	6.905497	0.031869	0.110699	16.588212	16.951029	0.135142	0.160063	10.507229	10.461594	0.105297	1.532819	7.495243	1.494446	0.062638	96.188600
140.625000	67.975700	5.142909	17.468562	8.563787	0.134776	0.109164	15.382821	16.938588	0.091996	0.484134	9.050399	11.682615	0.057051	1.393947	7.280098	1.822925	0.061407	95.665100
146.250000	67.975700	4.235235	17.227891	9.885126	0.189254	0.142012	14.375463	18.828218	0.086010	0.209495	7.545719	13.088981	0.052893	1.328181	7.264626	2.029498	0.083892	96.572500
151.875000	67.975700	3.146911	16.381244	11.628668	0.218401	0.075802	12.596555	19.475474	0.102044	0.162341	5.321026	14.383493	0.025182	0.947906	7.096428	2.365747	0.065733	93.993000
157.500000	67.975700	2.962483	16.441864	12.141338	0.527471	0.109012	10.781795	19.065157	0.203764	0.082731	3.916832	14.933485	0.009423	0.647869	6.567144	2.703185	0.098048	91.191600
163.125000	67.975700	2.566269	15.737720	12.961520	1.129327	0.047003	8.481531	19.600786	0.275996	0.087871	2.956070	15.243937	0.032663	0.489483	6.279322	2.970909	0.113494	88.973800
168.750000	67.975700	2.440901	15.114893	13.159214	1.852806	0.066831	5.808543	19.109944	1.190123	0.031441	1.681090	15.684565	0.030596	0.260882	5.629431	3.343033	0.083999	85.488300
174.375000	67.975700	2.244055	14.736922	14.114887	2.113122	0.185385	4.447496	19.048419	2.483459	0.025080	0.975253	16.254688	0.058383	0.179196	5.042173	3.714015	0.106412	85.728900
180.000000	67.975700	2.161618	15.019100	14.275259	2.164626	0.156392	3.378003	19.514380	3.341144	0.106064	0.397777	15.683660	0.444192	0.126513	4.458998	4.271913	0.090066	85.589700
185.625000	67.975700	2.176524	14.781369	14.582318	2.327046	0.188902	2.352244	19.859892	4.473441	0.028956	0.068623	15.900467	0.906455	0.114267	3.760588	5.253597	0.167753	86.942400
191.250000	67.975700	1.911956	13.499524	15.493656	2.314017	0.071967	1.187183	19.650323	5.567115	0.041496	0.021741	15.673142	1.741382	0.069791	3.147284	5.729409	0.244376	86.364300
196.875000	67.975700	1.107083	12.851363	15.686600	2.609902	0.095928	0.265288	19.636864	8.077717	0.050508	0.026842	15.386779	2.883462	0.092430	3.052588	6.271485	0.483125	88.578000
202.500000	67.975700	0.559599	12.622228	16.255819	2.995225	0.133845	0.138084	19.715354	10.721492	0.150737	0.013886	15.284313	3.975507	0.086938	2.705469	6.437930	0.604834	92.401300
208.125000	67.975700	0.190922	11.209880	16.605516	3.255891	0.070808	0.120537	19.253012	12.668598	0.199673	0.009862	14.537871	5.382449	0.055759	2.351859	7.120563	0.904724	93.937900
213.750000	67.975700	0.142727	10.342944	16.962904	4.248320	0.097960	0.149400	18.524778	13.998397	0.171381	0.049383	13.267562	7.492789	0.067008	1.992832	7.170541	1.245417	95.924400
219.375000	67.975700	0.213080	8.326690	17.436782	5.374238	0.063946	0.150417	17.947755	15.342219	0.464902	0.033045	11.903268	8.722180	0.113892	1.872869	7.429160	1.673015	97.067500
225.000000	67.975700	0.030623	6.618580	17.618529	6.900679	0.128853	0.110409	16.906808	16.784210	0.154559	0.151699	10.645377	10.756292	0.084780	1.438134	7.470724	1.587672	97.387900
230.625000	67.975700	0.131084	5.166750	17.110383	8.425616	0.114408	0.073913	15.476126	17.123389	0.072513	0.513937	8.992822	12.119397	0.072402	1.329832	7.109231	1.817542	95.649400
236.250000	67.975700	0.137254	4.057469	16.909183	10.218582	0.127220	0.086793	14.155602	18.853552	0.042292	0.110005	7.518677	13.064778	0.068969	1.425241	7.121264	2.061425	95.958300
241.875000	67.975700	0.174300	3.278567	16.821193	11.021833	0.124166	0.100921	12.866858	19.336025	0.020501	0.043781	5.533434	14.269717	0.093019	0.962642	6.987561	2.262569	93.897000
247.500000	67.975700	0.504790	2.850256	16.106531	12.178321	0.135950	0.106557	10.798341	19.450480	0.035866	0.047361	3.869060	15.169633	0.115842	0.613015	6.425750	2.550843	90.958600
253.125000	67.975700	0.957257	2.617016	15.869592	12.940484	0.213894	0.106449	8.454060	19.606554	0.036972	0.019145	2.695641	15.502930	0.067859	0.459672	6.156725	3.025331	88.729600
258.750000	67.975700	1.615245	2.389996	15.316094	13.260663	1.153401	0.060085	5.752775	19.439057	0.053572	0.040534	1.611467	15.780584	0.101965	0.246466	5.841240	3.488702	86.151700
264.375000	67.975700	2.026919	2.242189	15.013897	13.723457	2.154210	0.179880	4.533586	19.629400	0.178333	0.025108	0.893608	15.648487	0.075608	0.206967	5.281091	3.941680	85.754400
270.000000	67.975700	1.890920	2.125393	14.884062	14.758184	3.333137	0.200108	3.490795	19.409878	0.479801	0.097259	0.467969	15.856586	0.106333	0.105200	4.269809	4.219266	85.694700
275.625000	67.975700	2.185120	2.119840	13.952253	15.103357	4.456092	0.164169	2.269117	19.305941	0.894075	0.031367	0.088488	15.525211	0.192388	0.058010	3.788659	5.005722	85.139700
281.250000	67.975700	2.250908	1.800917	12.961973	15.699380	5.925056	0.075494	1.102657	19.548988	1.829135	0.024493	0.029283	15.446495	0.205133	0.065145	3.003492	5.619162	85.587800
286.875000	67.975700	2.086838	1.145246	13.395135	16.284094	8.145191	0.098647	0.229514	19.319513	2.815603	0.060965	0.006347	15.118965	0.449042	0.056925	3.101480	6.412167	88.725600
292.500000	67.975700	2.151948	0.462734	12.750481	16.281945	10.800897	0.128624	0.195902	18.845296	3.851518	0.151628	0.016447	15.183204	0.578214	0.070808	2.764744	6.862339	91.096800
298.125000	67.975700	1.703246	0.159999	11.426676	16.931237	12.690313	0.114957	0.113609	19.064479	5.396620	0.168970	0.027580	14.073154	0.971301	0.049000	2.209684	6.944222	92.044900
303.750000	67.975700	1.841383	0.159410	10.228025	16.972291	14.046915	0.146938	0.100772	18.531112	7.338230	0.229615	0.038300	13.191447	1.378498	0.091458	2.023311	7.632295	93.950000
309.375000	67.975700	2.538379	0.138435	8.511830	17.386793	15.463233	0.085582	0.090674	17.572612	8.996893	0.430680	0.072302	11.936858	1.387829	0.077531	1.843509	7.117159	93.650400
315.000000	67.975700	3.595138	0.007079	6.438937	17.262499	16.724834	0.113960	0.107276	16.426596	10.008424	0.131135	0.139568	10.628220	1.545452	0.049585	1.674214	7.669832	92.522800
320.625000	67.975700	5.124011	0.167255	5.286068	17.560058	17.756055	0.116027	0.135258	15.316659	11.808945	0.068627	0.493582	9.004256	1.591359	0.091485	1.442941	7.191113	93.153700
326.250000	67.975700	6.627809	0.137845	4.035426	17.083353	18.645905	0.091678	0.145123	14.531877	13.303640	0.037893	0.160852	7.517489	1.998769	0.050967	1.443190	7.175992	92.987800
331.875000	67.975700	8.086640	0.205237	3.238780	16.957136	19.886809	0.121390	0.065399	12.877828	14.211585	0.023913	0.056699	5.609797	2.246588	0.055393	0.971476	7.112522	91.727300
337.500000	67.975700	10.154207	0.485891	2.947124	16.266677	19.453307	0.195010	0.118335	10.762546	15.213288	0.026512	0.096754	3.913530	2.621178	0.078413	0.644875	6.555845	89.533500
343.125000	67.975700	11.304418	1.162290	2.456010	16.370726	19.771902	0.268724	0.075039	8.090407	15.399446	0.056944	0.029698	2.815581	3.034843	0.054257	0.470002	6.094578	87.454900
348.750000	67.975700	12.828405	1.763900	2.490381	15.584021	19.227113	1.072999	0.084883	5.502208	15.545229	0.052931	0.011954	1.612644	3.081518	0.075223	0.251731	5.751610	84.936800
354.375000	67.975700	13.910407	2.123832	2.404110	15.059702	19.720443	2.385709	0.053835	4.489817	16.074411	0.105970	0.027995	0.891379	3.625324	0.068586	0.163877	4.792375	85.897800
2.812500	70.528800	14.486412	2.385913	2.377860	13.488893	19.634489	3.659660	0.029481	2.721439	17.417668	0.795800	0.020047	0.376742	5.150701	0.117488	0.100422	4.661522	87.424500
8.437500	70.528800	14.640450	2.574073	2.297753	12.628788	19.727455	4.941211	0.094283	1.538576	17.109139	1.737763	0.018448	0.075296	6.144612	0.200738	0.096680	3.758552	87.583800
14.062500	70.528800	15.030749	2.499711	1.391425	11.591798	19.478415	6.643869	0.066513	0.366142	17.076793	2.641558	0.039285	0.044958	6.105198	0.277731	0.067016	3.348167	86.669300
19.687500	70.528800	15.241562	2.675544	0.890628	10.169339	19.889637	9.225859	0.101918	0.144463	16.027023	3.838196	0.015112	0.037231	7.159740	0.461607	0.089531	3.120638	89.087900
25.312500	70.528800	15.848895	2.747530	0.267126	8.451108	19.365091	11.347508	0.658424	0.151092	15.375470	5.399866	0.068885	0.027241	7.444779	0.717518	0.056058	2.548332	90.474900
30.937500	70.528800	16.195086	3.075739	0.126204	6.823219	18.694198	13.487083	0.504406	0.130803	14.476572	7.466810	0.050580	0.034315	7.517105	1.167119	0.058035	2.402945	92.210200
36.562500	70.528800	16.405221	4.161055	0.168584	5.048054	18.133801	14.837239	0.131887	0.092499	13.373308	9.016968	0.197415	0.065216	7.675113	1.329934	0.088706	2.039134	92.764100
42.187500	70.528800	16.787942	5.216694	0.109521	3.825302	17.253564	16.233539	0.076551	0.204594	12.223334	10.913667	0.439519	0.170644	7.909869	1.422459	0.064890	1.584833	94.437000
47.812500	70.528800	17.021828	6.565481	0.087148	2.652415	15.753554	16.921510	0.221475	0.069662	10.778753	12.123016	0.127954	0.528144	8.064213	1.544717	0.082816	1.264564	93.807300
53.437500	70.528800	17.088555	8.712001	0.142785	2.130686	14.809531	18.065490	0.108554	0.126670	9.011471	13.630152	0.065688	0.237243	7.944941	1.872688	0.077500	1.333203	95.357100
59.062500	70.528800	16.408275	10.167439	0.124133	1.775639	13.580728	18.696007	0.103201	0.471727	7.211686	14.473292	0.028218	0.155406	8.087104	2.223313	0.113663	1.048623	94.668400
64.687500	70.528800	16.137633	11.023156	0.292895	1.974589	11.628894	18.917113	0.177669	0.780615	5.279203	15.796757	0.020650	0.108058	7.321503	2.591999	0.068324	0.665820	92.784700
70.312500	70.528800	15.338034	12.319806	0.832197	2.092289	9.610819	19.950709	0.196214	0.099803	3.798397	16.362357	0.022434	0.097672	7.105600	2.910288	0.064505	0.454107	91.255300
75.937500	70.528800	15.075988	12.488434	1.601029	2.372692	6.837243	20.100676	0.391433	0.049081	2.664754	17.286249	0.019902	0.047150	6.668208	3.225163	0.056053	0.322005	89.206100
81.562500	70.528800	14.396273	12.944216	2.311619	2.359154	5.080344	19.618882	1.511569	0.132239	1.738951	17.244629	0.038017	0.039975	5.708396	3.688545	0.090855	0.224811	87.128400
87.187500	70.528800	14.508352	13.851935	2.444802	2.213835	3.506029	19.797236	2.790711	0.215702	0.845351	16.999661	0.367971	0.021317	5.255611	4.396218	0.074663	0.110865	87.400200
92.812500	70.528800	14.049177	14.453613	2.439238	2.268337	2.731029	19.660954	4.006801	0.162430	0.346544	17.336125	0.898405	0.036010	4.511860	5.075345	0.062342	0.071046	88.109300
98.437500	70.528800	13.330331	14.843460	2.362207	1.846699	1.576419	20.111986	5.166569	0.149779	0.101083	17.278672	1.671352	0.020206	3.722554	5.914436	0.159992	0.076205	88.331800
104.062000	70.528800	12.650502	15.380898	2.384623	1.364282	0.475532	19.728473	7.078027	0.058417	0.069106	16.683214	2.628676	0.023657	3.376770	6.325330	0.373724	0.060047	88.661200
109.688000	70.528800	12.030050	15.621004	2.533312	0.656902	0.203701	19.637656	9.452223	0.112107	0.036430	16.211711	3.585118	0.014164	2.950551	6.966321	0.464823	0.111408	90.587500
115.312000	70.528800	11.099734	15.902277	2.941594	0.298387	0.105955	19.631209	11.582637	0.604099	0.019329	15.592164	5.347593	0.073304	2.713624	7.014727	0.724062	0.098240	93.748900
120.938000	70.528800	10.243554	16.104156	3.118908	0.161088	0.095989	18.821093	13.218703	0.515319	0.026450	14.904306	7.189089	0.058268	2.313813	7.637429	1.080784	0.066987	95.555900
126.562000	70.528800	8.317370	16.432251	4.253048	0.157158	0.112769	18.208897	14.798560	0.125057	0.069768	13.685909	9.229941	0.191216	2.077983	7.802404	1.325840	0.087042	96.875000
132.188000	70.528800	6.653991	16.798460	5.463291	0.126809	0.181165	17.223141	16.551343	0.062001	0.174509	12.241882	10.508563	0.390656	1.600339	8.214497	1.322900	0.133546	97.647100
137.812000	70.528800	5.250770	16.633678	6.839098	0.149292	0.064479	16.249712	16.665797	0.197419	0.458890	11.182499	12.585471	0.176487	1.455857	7.879740	1.490860	0.073235	97.353300
143.437000	70.528800	4.203670	16.014696	8.341856	0.158367	0.136694	15.003153	17.646917	0.111734	0.211474	8.978458	13.407576	0.026492	1.324573	7.947565	1.939235	0.084329	95.536800
149.062000	70.528800	3.154828	15.997053	10.034821	0.162519	0.523802	13.413118	18.974114	0.096459	0.145402	7.244925	14.470012	0.029388	0.934723	7.456360	2.130595	0.094358	94.862500
154.688000	70.528800	2.946808	15.759322	11.151884	0.323866	0.707132	11.869905	19.731187	0.101954	0.105387	5.417611	16.049982	0.028495	0.698912	7.162703	2.651183	0.102131	94.808500
160.312000	70.528800	2.633528	15.607319	12.239167	0.855890	0.089105	9.720309	19.445617	0.195800	0.054826	3.854776	16.344148	0.036887	0.428609	6.933070	3.104533	0.064626	91.608200
165.938000	70.528800	2.622931	15.158436	12.651633	1.600553	0.089745	6.773807	19.851523	0.368237	0.018280	2.600571	16.732751	0.017568	0.313449	6.457507	3.382651	0.072127	88.711800
171.562000	70.528800	2.598626	14.588086	13.345486	2.302888	0.146436	5.196438	20.067086	1.429019	0.016579	1.482095	17.306607	0.047897	0.194043	6.088686	3.887461	0.085021	88.782400
177.188000	70.528800	2.438899	14.232508	13.849787	2.399360	0.234393	4.017613	19.907280	2.828316	0.023887	0.781427	16.965392	0.281860	0.076977	5.306154	4.508919	0.083685	87.936500
182.812000	70.528800	2.684671	13.988218	14.153227	2.588119	0.213757	2.844443	19.796445	3.833208	0.023143	0.307583	17.369602	0.872363	0.082649	4.633259	5.226533	0.065109	88.682300
188.438000	70.528800	2.568158	13.021462	14.505864	2.621483	0.138510	1.611863	19.729265	5.281182	0.018742	0.023169	17.141145	1.769035	0.091965	3.875405	5.948852	0.160951	88.507000
194.062000	70.528800	1.734992	12.951228	14.979177	2.495515	0.059544	0.448414	19.832183	6.816150	0.021057	0.020957	16.553378	2.678744	0.073856	3.518311	6.338540	0.290865	88.812900
199.687000	70.528800	0.820065	12.096212	15.074518	2.576176	0.107105	0.199869	19.584726	9.836991	0.062777	0.023817	16.491853	3.803407	0.068976	3.105936	6.694650	0.409584	90.956700
205.312000	70.528800	0.288103	11.467391	15.878640	2.898210	0.694042	0.123534	19.081556	11.728646	0.123218	0.016774	16.001803	5.306301	0.080764	2.721880	7.602131	0.826881	94.839900
210.938000	70.528800	0.164069	10.203709	16.274028	3.056840	0.579896	0.110855	18.562666	13.417076	0.138792	0.046167	14.595777	7.360838	0.085490	2.184418	7.837872	1.103547	95.721900
216.562000	70.528800	0.147386	8.671546	16.741346	4.308262	0.103387	0.144126	17.928303	14.522490	0.194922	0.054103	13.410856	9.249948	0.079759	1.749853	7.746116	1.290045	96.342400
222.188000	70.528800	0.141691	6.588745	16.292802	5.532529	0.087198	0.199370	17.030988	16.196330	0.468596	0.189026	12.211798	10.608756	0.084681	1.725017	7.766756	1.362665	96.486900
227.812000	70.528800	0.159702	5.181453	16.137067	6.792388	0.208624	0.112435	16.651547	16.835669	0.185592	0.506356	10.681116	11.986282	0.077742	1.425366	7.674830	1.604376	96.220700
233.438000	70.528800	0.145205	4.310388	16.666815	8.619736	0.129751	0.159326	15.085601	18.347215	0.081533	0.187615	9.163644	13.668492	0.101952	1.301479	7.977660	1.959491	97.905900
239.062000	70.528800	0.166832	3.219316	16.775388	10.034131	0.090834	0.571704	13.963789	18.991191	0.016002	0.071274	7.165033	14.785554	0.066188	1.082587	7.636977	2.253408	96.890300
244.687000	70.528800	0.251189	2.821541	16.100084	11.349205	0.116329	0.796411	11.999740	19.947995	0.025464	0.053692	5.048303	15.229235	0.095973	0.741230	7.153045	2.430993	94.160400
250.312000	70.528800	0.688255	2.556384	15.236473	12.218358	0.183522	0.112068	9.844467	19.669889	0.044580	0.038730	3.990029	16.084590	0.062142	0.438697	6.972914	3.065797	91.206800
255.937000	70.528800	1.353504	2.458623	15.497275	12.696194	0.395078	0.074432	6.786666	19.719086	0.028028	0.014235	2.523281	16.789526	0.046348	0.315319	6.406263	3.237796	88.341600
261.562000	70.528800	1.876534	2.411394	14.550198	12.959711	1.465741	0.171868	4.863513	19.594905	0.082145	0.025514	1.795793	17.497063	0.118291	0.206362	6.133619	3.777315	87.529900
267.188000	70.528800	2.194631	2.400344	14.160804	13.703212	2.791638	0.185334	3.999167	19.622162	0.410459	0.046977	0.743981	17.464264	0.085606	0.104019	5.187763	4.579311	87.679700
272.812000	70.528800	2.396046	2.407695	13.893216	14.397969	3.808010	0.251487	2.857155	20.089367	0.770286	0.022861	0.398241	17.406019	0.084848	0.098324	4.547994	5.232279	88.661800
278.438000	70.528800	2.357378	2.234430	13.485839	14.581526	5.057871	0.126909	1.549366	19.665252	1.600576	0.030578	0.061045	17.062203	0.173929	0.061653	3.742809	6.047315	87.838800
284.062000	70.528800	2.230732	1.595769	12.853512	15.368118	6.690499	0.073373	0.414821	19.926280	2.659857	0.052467	0.011290	16.648154	0.287809	0.071820	3.390726	6.251433	88.526600
289.688000	70.528800	2.015870	0.871139	12.396825	15.425685	9.901807	0.123716	0.181730	19.081104	4.005150	0.069457	0.028186	16.110263	0.494303	0.116589	3.013535	6.798677	90.634000
295.312000	70.528800	1.790534	0.215815	11.504940	16.295743	11.346151	0.651831	0.116810	19.272804	5.383094	0.142854	0.011754	15.559592	0.690756	0.084003	2.573914	7.553206	93.193900
300.938000	70.528800	1.614487	0.125538	10.155847	16.595451	13.639426	0.505396	0.119363	18.915642	7.040988	0.199447	0.041410	14.596795	1.040381	0.088028	2.346419	7.733223	94.757800
306.562000	70.528800	1.852308	0.122415	8.249467	16.840872	14.465149	0.180318	0.132271	17.722579	9.163972	0.258831	0.074205	13.511739	1.420028	0.093686	2.033671	7.778292	93.899900
312.187000	70.528800	2.598264	0.120606	6.630162	16.850711	16.123835	0.096443	0.199686	17.140693	10.341858	0.499950	0.163503	12.021907	1.284413	0.086888	1.603562	7.907359	93.669900
317.812000	70.528800	3.762047	0.090805	5.223276	16.815990	16.944356	0.197079	0.073670	15.893569	12.133535	0.210859	0.451790	11.248390	1.691077	0.080896	1.308163	7.917368	94.042900
323.438000	70.528800	5.338681	0.132831	4.099134	16.596469	18.001477	0.117302	0.144975	15.178002	13.860078	0.054430	0.244061	9.017759	1.907839	0.054275	1.307077	7.819052	93.873500
329.062000	70.528800	7.162172	0.094119	3.304806	16.057673	18.966989	0.119136	0.544298	13.411987	14.549520	0.031893	0.074752	7.533979	2.194145	0.062648	1.094817	7.446204	92.649100
334.688000	70.528800	8.593825	0.259804	2.984560	15.916301	19.341793	0.104095	0.618965	11.991937	15.784430	0.038978	0.066436	5.109285	2.891616	0.085894	0.725420	7.215836	91.729200
340.312000	70.528800	10.467498	0.784484	2.655039	15.456560	19.979323	0.177974	0.106900	9.393299	16.297326	0.065152	0.035906	4.038887	3.144355	0.086417	0.464610	6.951912	90.105600
345.938000	70.528800	11.674359	1.494004	2.478686	15.050428	19.482486	0.412832	0.058888	6.753291	16.845170	0.050881	0.023876	2.746184	3.157463	0.054614	0.340504	6.499806	87.123600
351.562000	70.528800	12.753534	2.257649	2.518418	14.640676	19.711848	1.652680	0.097816	5.175628	17.220766	0.105165	0.017605	1.475626	3.921243	0.091613	0.175130	6.108839	87.924200
357.187000	70.528800	13.639199	2.585269	2.467071	14.232734	19.831844	2.864484	0.043217	3.840096	16.975458	0.358802	0.020180	0.740711	4.496513	0.088771	0.103292	5.331612	87.619300
0.000000	73.042200	13.512643	2.693447	2.903921	13.241436	19.951727	3.343169	0.045459	3.385840	19.344281	0.776421	0.005632	0.823709	5.777860	0.093907	0.081660	5.447412	91.428600
5.625000	73.042200	13.663741	2.670228	2.340776	12.778189	20.308889	4.539105	0.082068	1.998068	18.575672	1.551153	0.018369	0.373512	6.254871	0.109484	0.123908	4.584016	89.972100
11.250000	73.042200	14.763839	2.602019	1.866332	11.413105	20.097510	5.520993	0.080295	0.750076	17.945720	2.650029	0.018694	0.094078	6.821059	0.204414	0.109475	4.018122	88.955800
16.875000	73.042200	14.929188	2.512966	1.215106	10.287368	20.359217	8.005708	0.055770	0.139412	18.017084	3.848623	0.026711	0.034509	7.204945	0.399938	0.050742	3.640863	90.728100
22.500000	73.042200	15.094875	2.565308	0.469124	8.931919	20.308889	10.803035	0.658354	0.119436	16.330124	5.066783	0.037823	0.059068	7.751352	0.485528	0.093585	3.052022	91.827300
28.125000	73.042200	15.576783	2.652347	0.098373	7.082053	19.986448	12.810309	1.456716	0.104817	15.728107	7.268031	0.061227	0.011590	8.336846	0.814285	0.095279	2.544656	94.627800
33.750000	73.042200	16.327297	2.953107	0.106612	5.604810	18.977959	14.373653	1.326326	0.139209	15.233985	9.168654	0.126421	0.073686	8.474451	1.266962	0.052969	2.245163	96.451200
39.375000	73.042200	16.287373	4.254382	0.156985	4.146397	17.149175	15.375017	0.233875	0.192886	14.311224	11.218475	0.261215	0.225063	8.636508	1.312336	0.114922	1.796868	95.672800
45.000000	73.042200	16.346976	5.194097	0.066850	2.802269	16.677220	16.601897	0.134572	0.113059	12.275472	12.557536	0.490853	0.448366	8.617768	1.427537	0.172903	1.237477	95.164900
50.625000	73.042200	16.242926	6.953462	0.174931	2.146022	15.308629	17.245308	0.215264	0.238572	10.728662	13.774238	0.257212	0.277012	8.784541	1.673818	0.079964	1.161849	95.262400
56.250000	73.042200	16.210693	8.250632	0.123895	1.725549	14.290979	18.750860	0.108934	1.361862	9.131897	14.912788	0.049909	0.221838	8.390001	2.240006	0.071446	1.080342	96.921700
61.875000	73.042200	15.424102	10.135286	0.177731	1.656661	12.710670	19.622501	0.106180	1.480636	7.207557	16.403977	0.044885	0.119683	7.974572	2.666643	0.140224	0.818041	96.689200
67.500000	73.042200	15.405893	11.006938	0.500228	1.933365	10.647809	19.737295	0.112798	0.662722	5.121590	16.646231	0.018721	0.064336	7.445684	2.988427	0.094141	0.530972	92.917300
73.125000	73.042200	15.083000	12.125505	1.199974	2.187438	8.238802	20.397557	0.154483	0.105514	3.493837	16.910427	0.035144	0.053514	7.108869	3.509444	0.061363	0.345726	91.010600
78.750000	73.042200	14.503829	12.358259	2.006969	2.572207	5.746679	19.917346	0.817935	0.083522	2.604055	18.214778	0.045401	0.032763	6.670560	4.112321	0.132268	0.159907	89.978700
84.375000	73.042200	13.906561	13.262246	2.497314	2.634602	4.792941	20.241030	2.110012	0.146570	1.629472	18.489379	0.250247	0.041573	5.990359	4.595473	0.122676	0.140879	90.851400
90.000000	73.042200	13.676861	13.730582	2.717458	2.503670	3.365290	19.777331	3.206784	0.159774	0.631865	19.176106	0.652612	0.012167	5.324068	5.628764	0.093604	0.085629	90.742500
95.625000	73.042200	13.051319	14.037754	2.806918	2.227712	2.122339	20.279483	4.622073	0.187072	0.310478	19.075449	1.441165	0.021445	4.768907	5.953478	0.145766	0.078679	91.130000
101.250000	73.042200	12.816869	14.301497	2.710423	1.590985	0.721737	20.294525	5.867818	0.070095	0.092059	18.492319	2.609981	0.008889	3.713008	6.859885	0.239026	0.140475	90.529500
106.875000	73.042200	11.678996	14.682183	2.613623	1.041308	0.182000	19.926280	8.524429	0.092377	0.078928	16.807169	3.465449	0.005904	3.564330	7.493999	0.375419	0.080388	90.612700
112.500000	73.042200	11.095425	14.944569	2.631617	0.413538	0.114300	19.515171	10.813530	0.683276	0.050232	16.662970	5.091721	0.036335	3.137399	7.606112	0.549028	0.070227	93.415500
118.125000	73.042200	10.163571	15.456560	2.799894	0.190615	0.137125	19.949918	12.596555	1.664612	0.044455	15.757060	6.984043	0.060714	2.675940	8.100223	0.707215	0.119186	97.407600
123.750000	73.042200	8.526001	16.226527	3.080941	0.117655	0.193495	18.384311	14.179465	1.164348	0.039650	15.096798	9.013824	0.101941	2.097650	8.322923	1.133801	0.104478	97.783700
129.375000	73.042200	7.220937	15.734214	4.066991	0.215729	0.199293	17.632779	15.726411	0.209263	0.230805	14.106970	11.089250	0.253829	1.806617	8.621602	1.181517	0.083265	98.379500
135.000000	73.042200	5.619773	16.454418	5.308845	0.093766	0.086759	16.316100	16.590022	0.104376	0.387046	12.216774	12.367872	0.454614	1.396254	8.471726	1.317833	0.145011	97.331200
140.625000	73.042200	4.262209	15.967421	6.523432	0.219448	0.260586	15.632314	17.728686	0.187262	0.242426	10.730381	13.951914	0.230146	1.332219	8.443361	1.672891	0.110926	97.495500
146.250000	73.042200	3.241392	16.199836	8.691315	0.181410	1.310923	14.005748	18.144206	0.133161	0.174138	8.919331	15.343463	0.042896	1.132828	7.998232	2.162455	0.107678	97.789000
151.875000	73.042200	2.643379	15.482007	10.371512	0.190645	1.461285	12.528697	19.625441	0.163011	0.138727	7.120970	15.983933	0.022609	0.810953	7.958761	2.381638	0.093359	96.976900
157.500000	73.042200	2.640416	15.032332	11.029591	0.509185	0.682091	11.010614	20.086765	0.151080	0.070129	4.844581	17.058245	0.021805	0.511223	7.881301	2.931483	0.111879	94.572600
163.125000	73.042200	2.628156	14.661034	11.788022	1.197452	0.110470	8.098878	19.812391	0.121689	0.025858	3.631555	18.150087	0.028888	0.393305	7.428685	3.349853	0.123509	91.549800
168.750000	73.042200	2.835565	14.158429	12.784975	1.951823	0.090907	5.711755	20.168648	0.742878	0.015626	2.691276	18.388948	0.043328	0.234676	6.804807	3.818732	0.141277	90.583600
174.375000	73.042200	2.888268	13.900680	13.252293	2.438085	0.161954	4.523486	20.320424	1.849741	0.015204	1.553675	18.688995	0.245831	0.141093	6.306409	4.487227	0.113106	90.886500
180.000000	73.042200	2.837295	13.558787	13.755690	2.790552	0.184708	3.247058	20.112552	3.294933	0.026933	0.703584	19.826755	0.720473	0.122171	5.433920	5.415338	0.063940	92.094700
185.625000	73.042200	2.478811	13.202870	14.219728	2.760276	0.177607	1.780593	20.356276	4.542362	0.027059	0.212976	18.992096	1.506140	0.086900	4.545325	6.171337	0.124888	91.185300
191.250000	73.042200	1.997525	12.877263	14.670534	2.449496	0.076433	0.756283	19.993912	5.727905	0.038508	0.032307	18.181754	2.637645	0.089972	3.789145	6.958574	0.231304	90.508500
196.875000	73.042200	1.229775	11.858143	14.636605	2.634365	0.096665	0.148871	19.670567	8.190011	0.020240	0.010767	17.463925	3.619906	0.050401	3.240024	7.536976	0.350186	90.757500
202.500000	73.042200	0.473229	11.068259	15.015481	2.472217	0.666945	0.139031	19.608137	10.493974	0.077293	0.017670	16.686042	5.032436	0.090238	3.084311	7.896988	0.571211	93.393400
208.125000	73.042200	0.137365	10.120538	15.300034	2.808433	1.561478	0.098127	19.552833	13.086380	0.103985	0.032089	15.965046	6.862215	0.080644	2.563951	8.038936	0.786919	97.099000
213.750000	73.042200	0.126823	8.296244	15.990719	3.247466	1.406546	0.139795	18.718514	14.199823	0.132130	0.036417	15.396393	9.171809	0.065370	2.048385	8.198098	1.167334	98.342000
219.375000	73.042200	0.157657	6.919589	15.945367	4.496422	0.245192	0.223084	18.036084	15.435411	0.314662	0.262172	14.040469	10.593816	0.078635	1.812430	8.533873	1.141559	98.236500
225.000000	73.042200	0.074512	5.195070	16.109358	5.665735	0.114287	0.088898	17.275618	16.729810	0.388692	0.426026	12.387664	12.130255	0.123146	1.340317	8.360404	1.439141	97.848900
230.625000	73.042200	0.156841	4.315206	16.431346	6.785037	0.202505	0.268449	15.743036	17.330470	0.280762	0.266919	10.731218	13.843792	0.114345	1.223102	8.873006	1.785988	98.352000
236.250000	73.042200	0.141347	3.314069	15.840865	8.541755	0.123803	1.277955	14.338480	18.478634	0.051033	0.109881	9.175440	15.150067	0.116809	1.127779	8.148392	2.112195	98.048500
241.875000	73.042200	0.185664	2.589771	15.369928	9.968603	0.138023	1.404465	12.819470	19.718181	0.046832	0.058634	7.044731	16.024535	0.086440	0.739254	7.888358	2.534737	96.617600
247.500000	73.042200	0.384857	2.557447	15.480537	11.178857	0.187798	0.624303	10.706676	20.447546	0.047885	0.046975	4.957882	16.810788	0.082560	0.530321	7.700356	2.916452	94.661200
253.125000	73.042200	1.075453	2.586027	14.096339	11.966829	0.129496	0.079770	7.954418	19.547291	0.037929	0.017514	3.522733	17.396067	0.074694	0.326683	7.516800	3.289628	89.617700
258.750000	73.042200	1.489752	2.866633	14.529841	12.842202	0.707047	0.053285	5.638660	19.854690	0.103534	0.013518	2.507832	18.288631	0.119602	0.222934	6.753494	3.764479	89.756100
264.375000	73.042200	2.458193	2.733585	13.985503	12.977354	2.001269	0.133674	4.631223	20.116171	0.271101	0.028725	1.520322	19.009853	0.109862	0.122054	6.049938	4.639140	90.788000
270.000000	73.042200	2.427419	2.663849	13.737820	13.612621	3.170401	0.181560	3.303030	20.107010	0.760846	0.039569	0.743285	19.261155	0.103766	0.095025	5.279926	5.717896	91.205300
275.625000	73.042200	2.554179	2.558511	12.879864	13.636937	4.562460	0.155798	1.983173	20.357747	1.588656	0.028757	0.222785	18.284899	0.109852	0.122716	4.618658	6.320727	89.985700
281.250000	73.042200	2.579705	1.981149	12.259751	14.465489	5.621062	0.071368	0.669399	19.899815	2.624005	0.044159	0.035307	18.925482	0.188628	0.120047	3.814242	6.881713	90.181200
286.875000	73.042200	2.244541	1.227558	12.220054	14.693945	8.010503	0.096470	0.197199	20.231869	3.692730	0.043561	0.019489	17.580528	0.322327	0.056191	3.462452	7.153350	91.252700
292.500000	73.042200	2.027632	0.456140	11.298707	15.132084	10.509219	0.681066	0.172970	19.974234	5.011954	0.074261	0.042414	16.894141	0.575273	0.114183	3.107745	7.559200	93.631200
298.125000	73.042200	1.644085	0.141524	9.814270	15.166353	12.926799	1.536145	0.145586	20.187422	7.013516	0.088410	0.037931	16.720084	0.773951	0.103116	2.558544	7.904791	96.762500
303.750000	73.042200	1.514950	0.150578	8.470764	16.535170	14.721428	1.413762	0.126153	18.700192	9.019049	0.159629	0.065721	14.893336	1.306659	0.077014	2.219773	8.106840	97.481000
309.375000	73.042200	2.138501	0.187685	6.833239	15.913361	15.430774	0.244372	0.222528	17.882159	11.236141	0.246294	0.250831	14.070779	1.090634	0.107360	1.678602	8.439278	95.972600
315.000000	73.042200	2.963162	0.071403	5.561335	15.850252	16.843021	0.107901	0.123630	16.775502	12.215304	0.396497	0.433509	12.369116	1.364847	0.115444	1.580173	8.302453	95.073600
320.625000	73.042200	4.218689	0.168152	4.149485	15.844937	18.134592	0.199691	0.236844	15.498746	13.720064	0.239994	0.225081	10.477416	1.652929	0.090864	1.194421	8.123680	94.175800
326.250000	73.042200	5.642890	0.205541	3.015887	16.266564	18.373567	0.149810	1.205934	14.237032	15.290194	0.052474	0.094854	8.867148	2.075596	0.082206	1.044351	8.570561	95.174700
331.875000	73.042200	7.626640	0.100227	2.636593	15.301165	19.802326	0.117452	1.570843	12.403837	15.720303	0.033225	0.041431	7.094980	2.686887	0.132982	0.861635	8.239593	94.370000
337.500000	73.042200	9.128900	0.450080	2.665704	15.160924	19.618769	0.147759	0.670252	10.817432	16.868128	0.077734	0.051093	4.949185	3.034074	0.081999	0.579618	7.905210	92.207000
343.125000	73.042200	10.713009	1.193041	2.548875	15.022380	20.253358	0.125409	0.078320	8.126982	17.587654	0.063399	0.020666	3.675562	3.242942	0.061795	0.291330	7.346577	90.351300
348.750000	73.042200	11.760087	1.955464	2.612107	14.209889	19.800855	0.720552	0.077268	5.497741	18.359204	0.113132	0.024842	2.601917	3.996781	0.114291	0.193825	7.115722	89.153700
354.375000	73.042200	12.726730	2.380869	2.805877	14.175394	20.223387	2.060452	0.047369	4.608581	18.990852	0.234967	0.026768	1.509510	4.621847	0.101211	0.169042	5.854506	90.537200
2.812500	75.522500	13.255799	3.155438	2.827965	12.906555	20.320198	3.810193	0.102682	2.623474	21.339205	1.386279	0.041309	0.731998	6.312980	0.070725	0.130685	5.794259	94.809700
8.437500	75.522500	13.306354	3.071034	2.108779	11.795147	20.799618	4.912485	0.059803	1.198436	20.592537	2.346057	0.020140	0.274442	7.232360	0.172018	0.113776	4.749104	92.752100
14.062500	75.522500	14.132756	2.808693	1.632006	10.403405	20.789439	6.599987	0.058139	0.186847	19.118087	3.636860	0.025446	0.073356	7.574174	0.236510	0.041609	3.882315	91.199700
19.687500	75.522500	14.262253	2.438141	0.650434	9.209279	20.618210	9.283131	0.264802	0.110794	17.815884	4.654634	0.016183	0.048707	7.913647	0.361560	0.080779	3.377765	91.106200
25.312500	75.522500	14.734660	2.496533	0.223331	7.670001	19.915084	11.880988	1.157483	0.092586	17.176771	6.797693	0.068478	0.016354	8.315606	0.553501	0.126681	2.896604	94.122400
30.937500	75.522500	15.589337	2.552087	0.137841	5.714955	18.718061	13.983920	1.323431	0.105979	16.165794	8.619815	0.071412	0.034856	8.534890	0.827817	0.093932	2.462627	94.936700
36.562500	75.522500	15.496936	3.279653	0.161315	4.421981	18.056442	15.162281	0.984007	0.147965	15.418786	10.720813	0.175374	0.202685	8.801698	0.990642	0.116206	2.257513	96.394300
42.187500	75.522500	15.574295	4.193038	0.176772	2.883462	17.397424	16.122704	0.202847	0.138299	14.194055	12.303746	0.336341	0.683809	9.346567	1.261985	0.138539	1.568140	96.522100
47.812500	75.522500	15.471263	5.761959	0.194993	2.283051	16.251069	17.039810	0.097723	0.253812	12.551655	13.820834	0.684706	0.287876	9.192088	1.576894	0.139461	1.274347	96.881400
53.437500	75.522500	15.328874	6.866535	0.179375	1.669000	14.992748	17.730722	0.140665	1.072917	10.483196	15.111274	0.170594	0.161284	8.992313	1.943962	0.084000	1.019123	95.946600
59.062500	75.522500	15.157870	8.584993	0.130859	1.460584	13.124493	19.142063	0.138215	1.233406	9.035550	16.172353	0.032402	0.117051	8.368897	2.530372	0.077763	0.899090	96.205800
64.687500	75.522500	14.819031	9.932977	0.192700	1.842220	11.416837	20.253810	0.165288	1.265163	6.345484	17.319387	0.017255	0.069506	8.184979	3.083407	0.092353	0.628783	95.629200
70.312500	75.522500	14.336331	10.933764	0.705997	2.330280	9.260376	20.415652	0.178111	0.297224	4.921284	18.154610	0.044476	0.035976	8.082399	3.517972	0.082753	0.335656	93.632800
75.937500	75.522500	13.959604	12.003133	1.858811	2.731866	6.811276	20.199071	0.225085	0.075924	3.722101	19.535416	0.018443	0.024298	7.486037	3.951055	0.087465	0.195474	92.885100
81.562500	75.522500	13.590341	12.208179	2.070665	2.896321	5.037706	20.092760	1.280590	0.089625	2.508454	21.130767	0.163382	0.036853	6.879168	4.557223	0.087815	0.164102	92.793800
87.187500	75.522500	13.427481	13.239287	2.655424	2.671789	3.954098	20.824273	2.334578	0.161109	1.467155	21.725659	0.635484	0.033216	6.490611	5.721006	0.090239	0.086962	95.518400
92.812500	75.522500	12.765522	13.122345	3.111602	2.208418	2.360692	20.474802	3.732235	0.113714	0.760344	21.481142	1.326111	0.040448	5.749054	6.597827	0.061816	0.101967	94.008100
98.437500	75.522500	12.208744	13.698689	2.786639	1.885514	1.248018	20.593441	5.025672	0.125020	0.170539	20.260030	2.542145	0.030649	4.788281	7.167069	0.140356	0.078179	92.748900
104.062000	75.522500	11.944097	13.717463	2.964202	1.266159	0.238079	19.883756	6.544558	0.048049	0.116575	19.263982	3.818223	0.020877	3.957785	7.729705	0.221266	0.078104	91.812800
109.688000	75.522500	10.997008	14.406904	2.653739	0.590139	0.148976	19.768736	9.342880	0.257541	0.052835	18.155855	4.737534	0.042660	3.450181	8.140769	0.352690	0.085920	93.184300
115.312000	75.522500	9.507290	14.702201	2.499643	0.202246	0.123928	20.287174	12.052331	1.093321	0.032782	16.890974	6.636789	0.067859	2.899352	8.344457	0.586152	0.119747	96.046300
120.938000	75.522500	8.630356	15.039684	2.424535	0.161270	0.174629	18.910440	13.396492	1.330896	0.018355	16.342452	9.111268	0.080488	2.320893	8.595024	0.911457	0.130928	97.579200
126.562000	75.522500	6.840817	15.458483	3.143801	0.143488	0.166868	18.232874	15.235116	1.054420	0.180831	15.063208	10.733197	0.198042	1.972067	8.930528	1.107641	0.129649	98.590900
132.188000	75.522500	5.532382	15.387910	4.304145	0.204992	0.141693	17.467431	16.281153	0.254580	0.607690	13.759083	12.740754	0.355639	1.642569	9.066527	1.264700	0.139927	99.151200
137.812000	75.522500	4.327432	15.486192	5.392752	0.132600	0.235635	16.665119	16.965392	0.182303	0.306011	12.525417	13.592829	0.621914	1.245224	8.994314	1.478114	0.113106	98.264300
143.437000	75.522500	3.288169	15.233985	6.772280	0.256181	1.120157	14.731607	17.539587	0.155011	0.154872	10.916913	15.486531	0.196241	0.974347	8.858473	1.881035	0.090649	97.656000
149.062000	75.522500	2.686774	14.924211	8.475458	0.163169	1.262472	13.613187	18.638554	0.094497	0.112898	8.874352	16.095787	0.032278	0.897840	8.650713	2.403454	0.087444	97.013000
154.688000	75.522500	2.492462	14.722785	9.951174	0.171117	1.189818	11.789040	20.177809	0.172561	0.084464	6.912871	17.082448	0.018228	0.629141	8.460574	2.872672	0.114467	96.841700
160.312000	75.522500	2.649000	14.594646	10.935596	0.766569	0.236979	9.616112	20.386360	0.111628	0.037757	4.670739	17.896862	0.024431	0.379770	8.402261	3.484190	0.070228	94.263100
165.938000	75.522500	2.922480	14.156959	11.707836	1.576905	0.052035	6.642433	19.924697	0.226618	0.018369	3.512634	18.637875	0.023845	0.200670	7.481796	4.039056	0.089415	91.213500
171.562000	75.522500	3.117788	13.360528	12.523833	2.395752	0.101280	4.829471	20.487243	1.210492	0.023175	2.417444	21.069921	0.172495	0.180514	6.999899	4.612347	0.131947	93.634100
177.188000	75.522500	2.986957	13.685909	12.964800	2.633709	0.094269	3.825755	20.341347	2.348036	0.050238	1.260345	21.546626	0.574924	0.064057	6.217854	5.827340	0.064447	94.486700
182.812000	75.522500	2.812290	13.064099	13.802625	3.288260	0.097897	2.463656	20.382063	3.821378	0.037676	0.617135	21.505345	1.339208	0.072215	5.897675	6.713899	0.086384	96.001800
188.438000	75.522500	2.293806	12.349777	13.418546	3.214927	0.111456	1.178610	20.216262	4.921080	0.010792	0.178861	20.429676	2.478856	0.135791	4.583903	7.226886	0.118986	92.868200
194.062000	75.522500	1.575435	11.986282	13.967182	2.925624	0.059812	0.249241	19.511439	6.880684	0.051440	0.035011	19.030889	3.679090	0.131462	4.033854	7.623382	0.276658	92.017400
199.687000	75.522500	0.701043	11.009076	14.039338	2.581379	0.286445	0.123969	20.034175	9.441094	0.048007	0.011576	18.423217	4.902577	0.077744	3.628287	8.091244	0.337083	93.736300
205.312000	75.522500	0.154351	9.634004	14.690439	2.430722	1.307993	0.083585	20.186065	11.729777	0.093149	0.018475	17.329565	6.456953	0.086694	2.942453	8.597784	0.560461	96.302500
210.938000	75.522500	0.193299	8.586960	15.064565	2.521743	1.309565	0.150434	19.070360	13.194388	0.081138	0.032131	16.111507	8.696473	0.096986	2.478291	8.977056	0.900273	97.465200
216.562000	75.522500	0.207120	6.572912	15.245182	3.426103	1.110117	0.186789	18.101115	14.895145	0.253323	0.199946	14.775601	10.579532	0.118061	1.919081	9.086647	1.050316	97.727000
222.188000	75.522500	0.205142	5.485843	14.739410	4.367208	0.325426	0.157831	17.536420	15.964254	0.340008	0.618147	13.671885	12.453487	0.167439	1.516895	8.975925	1.346661	97.871900
227.812000	75.522500	0.178908	4.312175	15.803317	5.468663	0.116728	0.197660	16.213973	17.531897	0.635589	0.301903	12.526661	13.928163	0.162836	1.282592	9.135641	1.532571	99.329300
233.438000	75.522500	0.202077	3.344763	15.711256	6.863617	0.197842	1.014537	14.464018	18.383067	0.219473	0.155147	10.443996	15.076327	0.121394	0.943537	8.894359	2.048623	98.084100
239.062000	75.522500	0.182744	2.554032	15.021701	8.418174	0.088782	1.169834	13.525650	19.122384	0.042432	0.084719	9.063428	16.108680	0.104945	0.777665	8.784881	2.372058	97.422200
244.687000	75.522500	0.158842	2.642451	14.788042	10.003312	0.137732	1.323488	11.723783	20.245441	0.041917	0.054148	6.630524	16.811580	0.095070	0.577590	8.336914	2.680384	96.251300
250.312000	75.522500	0.651133	2.787239	14.274580	10.853431	0.142885	0.284280	9.484082	20.529089	0.025062	0.033313	4.803006	18.357055	0.088308	0.308124	8.502024	3.465054	94.588700
255.937000	75.522500	1.375682	2.888404	14.425339	11.775355	0.188063	0.040736	6.946065	19.975591	0.084772	0.016360	3.789688	19.254256	0.091931	0.260370	7.772547	3.962761	92.847900
261.562000	75.522500	1.911515	3.112020	13.683873	12.344574	1.145009	0.086308	5.179654	20.171588	0.292999	0.018348	2.440607	20.581001	0.106334	0.135310	7.207591	4.645405	93.062100
267.188000	75.522500	2.308294	2.886063	13.295836	12.939466	2.180562	0.111348	3.912614	21.033503	0.764164	0.058624	1.399410	21.203828	0.095953	0.034841	6.106114	5.628164	93.958800
272.812000	75.522500	2.834264	2.652200	13.123815	13.404070	3.814049	0.112040	2.466958	20.332073	1.465266	0.028686	0.608817	21.371777	0.062327	0.098155	5.557241	6.567913	94.499700
278.438000	75.522500	2.842690	2.195751	12.395129	13.344581	5.152104	0.110946	1.256975	20.086313	2.396295	0.034027	0.169804	21.129975	0.149927	0.098146	4.721056	6.957499	93.041200
284.062000	75.522500	2.919981	1.598710	11.413557	13.623366	6.747059	0.069978	0.238083	19.955233	3.721332	0.027945	0.059635	18.731972	0.200392	0.085492	4.126424	7.542574	91.061800
289.688000	75.522500	2.279160	0.680474	10.920294	14.172227	9.637103	0.338924	0.128241	20.087670	4.639649	0.017819	0.009287	17.688310	0.336841	0.066579	3.467033	8.418853	92.888400
295.312000	75.522500	1.857002	0.187141	10.144582	14.815412	11.839142	1.267629	0.139812	19.311822	6.762158	0.123686	0.021341	17.187515	0.516254	0.087222	3.133000	8.492162	95.885900
300.938000	75.522500	1.403312	0.160082	8.646551	15.479180	13.475095	1.319269	0.126554	18.648507	8.754797	0.067765	0.021953	16.287373	0.836340	0.075565	2.386082	8.938060	96.626400
306.562000	75.522500	1.653031	0.172557	6.713300	15.114102	14.887681	1.258864	0.165727	17.900141	10.761381	0.186568	0.181949	15.248235	0.982304	0.108951	2.142177	8.829339	96.306400
312.187000	75.522500	2.127270	0.199944	5.114420	15.370720	16.249825	0.246005	0.147934	17.380233	12.251382	0.343549	0.689064	13.907353	1.155436	0.108351	1.537400	8.730798	95.559700
317.812000	75.522500	3.242173	0.145778	4.423497	15.261694	17.112758	0.145235	0.247463	15.921617	13.380885	0.676441	0.324856	12.542042	1.439808	0.182796	1.189162	9.079782	95.316100
323.438000	75.522500	4.375691	0.264124	3.159668	15.391982	18.160831	0.175271	1.031943	14.644295	14.898991	0.160317	0.167788	11.073224	1.990004	0.163301	1.108785	9.234431	96.000700
329.062000	75.522500	5.950662	0.118139	2.538526	14.959045	18.717496	0.134757	1.363841	13.380093	16.096352	0.036927	0.069103	8.630582	2.538108	0.121775	0.958834	8.960498	94.574800
334.688000	75.522500	8.131529	0.157952	2.556384	15.128804	19.837725	0.115272	1.243019	12.022021	16.653470	0.029381	0.057670	7.029836	2.983010	0.129875	0.585350	8.743465	95.404700
340.312000	75.522500	9.460660	0.800968	2.531492	14.389600	20.576703	0.120485	0.267341	9.637171	18.289762	0.063165	0.049514	4.897533	3.440907	0.056087	0.348582	7.813906	92.743800
345.938000	75.522500	10.588783	1.544367	2.844127	14.305003	20.601132	0.207231	0.054594	6.736258	18.933625	0.094777	0.014998	3.387356	3.765531	0.090086	0.212915	7.647845	91.028700
351.562000	75.522500	12.032878	2.471878	2.765207	13.822869	20.288192	1.241006	0.050996	5.437120	20.693646	0.174722	0.019531	2.382689	4.874631	0.078926	0.111748	6.999899	93.446000
357.187000	75.522500	12.823654	2.671212	3.041719	13.361885	20.588804	2.444723	0.067742	3.918110	21.691503	0.653035	0.024835	1.210424	5.302908	0.090013	0.056347	6.436697	94.383700
0.000000	77.975300	12.498839	2.839648	2.748899	12.616799	20.747819	2.905708	0.044761	3.029674	21.344408	1.140179	0.038288	1.089282	6.422526	0.108282	0.079774	6.381551	94.036500
5.625000	77.975300	12.866745	3.261705	2.389034	11.889697	20.433861	4.388414	0.068749	1.677053	21.222376	2.296758	0.028078	0.569381	7.618745	0.093277	0.125548	5.767105	94.696500
11.250000	77.975300	13.537186	3.271702	1.713628	11.014504	20.482267	5.597945	0.107781	0.563745	21.524685	3.378251	0.038272	0.148633	8.292602	0.144065	0.176672	4.642205	94.634200
16.875000	77.975300	13.804208	3.065571	0.956112	9.155433	20.313526	7.589702	0.122004	0.114171	19.557131	4.663037	0.028323	0.111139	8.422585	0.227933	0.078783	3.885855	92.095500
22.500000	77.975300	13.764059	2.741265	0.341643	8.111454	20.304591	10.356289	0.386939	0.118571	18.679721	6.739832	0.050804	0.101244	8.938784	0.468454	0.078419	3.436847	94.619000
28.125000	77.975300	14.371165	2.279262	0.108303	5.996477	19.678823	12.783731	0.386920	0.110004	17.100317	8.892482	0.075977	0.040837	8.817600	0.578417	0.163266	2.854532	94.238000
33.750000	77.975300	14.660808	2.482351	0.127989	4.636029	18.334096	14.351826	1.932980	0.065607	16.566611	10.924388	0.090171	0.083468	9.393786	0.906155	0.167433	2.367795	97.091500
39.375000	77.975300	14.484602	3.271996	0.127534	3.296855	17.249040	15.034481	0.408382	0.102052	15.296528	12.326366	0.150786	0.527044	9.345877	1.042564	0.115606	1.733918	94.513600
45.000000	77.975300	14.822989	4.253037	0.088898	2.342653	16.689435	16.704929	0.107888	0.119844	14.148816	13.763493	0.757785	0.736027	9.243411	1.406603	0.292729	1.328905	96.807500
50.625000	77.975300	15.253551	5.503656	0.091863	1.759342	15.244051	17.528164	0.143981	0.438354	12.320824	15.132423	0.625513	0.183014	9.099812	1.936600	0.204197	1.003999	96.469200
56.250000	77.975300	14.403059	6.615041	0.153074	1.330330	14.585372	18.181075	0.063739	2.074149	10.757264	16.372310	0.044735	0.126998	9.575804	2.354132	0.143151	0.933806	97.714000
61.875000	77.975300	14.645539	8.444786	0.131280	1.506174	12.305895	20.543226	0.115071	0.454028	8.548609	17.361006	0.029982	0.102975	9.130450	3.069315	0.131597	0.595736	97.115700
67.500000	77.975300	13.794595	9.623905	0.349263	2.074024	10.600534	20.682223	0.110750	0.388533	6.442239	18.141830	0.089444	0.053802	8.801382	3.438566	0.069929	0.413356	95.074400
73.125000	77.975300	13.553019	10.880077	0.994685	2.846208	8.042284	20.835017	0.139193	0.081254	4.763230	19.760706	0.085595	0.050767	8.214045	3.795196	0.080034	0.273917	94.395200
78.750000	77.975300	13.810994	11.341966	1.854299	3.099037	5.548046	20.552048	0.511847	0.139618	3.594844	21.202810	0.127362	0.041755	8.205709	4.665763	0.133756	0.195537	95.025300
84.375000	77.975300	12.856453	12.188613	2.338514	3.004397	4.594952	20.989848	1.628771	0.099300	2.118019	21.082587	0.441052	0.026896	7.378776	6.115614	0.115915	0.098748	95.078400
90.000000	77.975300	12.688616	12.805898	2.804147	2.395741	2.869766	20.888852	2.848673	0.140128	1.196095	21.568454	1.173012	0.054941	6.792060	6.697319	0.089902	0.083239	95.096900
95.625000	77.975300	12.483684	12.662265	3.285478	2.054413	1.640341	21.358658	4.685487	0.139613	0.498558	22.117315	2.089507	0.034933	5.677814	6.935129	0.079352	0.105012	95.847500
101.250000	77.975300	11.522243	13.158196	3.148110	1.477899	0.566432	20.389527	5.677859	0.094310	0.119878	21.245561	3.554638	0.072543	4.685905	7.897587	0.157743	0.169453	93.937900
106.875000	77.975300	10.913440	13.631961	2.927095	0.836294	0.119935	20.513821	7.785179	0.125091	0.116074	19.527612	4.771509	0.002358	3.930641	8.206026	0.249807	0.086698	93.743500
112.500000	77.975300	9.950575	14.330450	2.525181	0.272457	0.091560	20.254941	10.435333	0.391300	0.114203	18.193064	6.510833	0.066721	3.480582	8.561615	0.448292	0.078444	95.705600
118.125000	77.975300	8.066351	14.171549	2.361020	0.156951	0.124951	19.810695	12.403385	0.452834	0.034554	17.043655	8.457781	0.061879	3.073511	9.289612	0.656886	0.123195	96.288700
123.750000	77.975300	7.011696	14.565693	2.348149	0.139940	0.086500	18.331042	13.981319	2.025539	0.065352	15.983933	10.630822	0.098151	2.402481	9.273065	0.891624	0.182071	98.017300
129.375000	77.975300	5.631082	14.796411	3.395928	0.172041	0.094482	18.214100	15.915170	0.442929	0.616825	15.467418	12.132064	0.206999	1.918730	9.809554	1.107093	0.156683	100.078000
135.000000	77.975300	4.219141	14.494781	4.497383	0.087482	0.131385	16.937683	16.584028	0.141074	0.754748	14.019546	13.853745	0.720656	1.444490	9.207243	1.469462	0.258460	98.821300
140.625000	77.975300	3.181586	14.718713	5.685109	0.143000	0.462249	15.467870	17.259897	0.110190	0.203847	12.383140	15.418673	0.598073	1.033494	9.506419	1.855984	0.211271	98.239600
146.250000	77.975300	2.546748	14.970016	6.760529	0.183375	1.978242	14.408487	18.695781	0.069594	0.119542	10.696723	16.305017	0.040291	0.849198	9.219423	2.463712	0.129258	99.436000
151.875000	77.975300	2.301599	14.695302	8.233316	0.159722	0.476392	12.448171	20.409093	0.148843	0.057467	8.055867	17.679602	0.027216	0.621069	9.270351	2.837273	0.104692	97.526000
157.500000	77.975300	2.545674	14.051100	9.534151	0.360175	0.296700	10.416932	20.068670	0.100686	0.038189	6.392702	18.437693	0.095750	0.454001	8.878491	3.286303	0.083898	95.041200
163.125000	77.975300	2.868058	13.759648	10.860760	0.946556	0.098700	7.925533	20.165368	0.136530	0.052231	4.827876	19.299382	0.083697	0.277364	8.473592	3.940560	0.099045	93.814800
168.750000	77.975300	3.239481	13.247883	11.723557	1.987154	0.118395	5.492402	20.155189	0.506839	0.033658	3.658710	21.199078	0.121546	0.137358	8.061669	4.670140	0.173305	94.526500
174.375000	77.975300	3.125807	12.825238	12.267894	2.430055	0.112773	4.587771	20.364532	1.593451	0.028367	2.185357	21.119683	0.565236	0.085193	7.486105	5.746068	0.111041	94.634600
180.000000	77.975300	2.834694	12.907347	12.605490	2.972277	0.132786	2.776370	19.905244	2.865197	0.050592	1.191130	21.739909	1.057278	0.079349	6.672698	6.582288	0.074414	94.447000
185.625000	77.975300	2.587079	12.539102	13.300699	3.344797	0.058449	1.677720	21.258567	4.374571	0.033976	0.497013	21.240245	2.401588	0.090699	5.856813	7.661417	0.129392	97.052200
191.250000	77.975300	1.802477	11.607293	13.192917	3.340296	0.110113	0.483960	20.429903	5.612274	0.039858	0.101905	22.114488	3.517180	0.126937	4.683101	7.895099	0.161500	95.219300
196.875000	77.975300	0.864268	10.318311	13.957229	3.161172	0.097162	0.119725	20.173398	7.747292	0.034816	0.108887	19.155409	4.684277	0.088151	4.221709	8.300315	0.236407	93.268500
202.500000	77.975300	0.379721	9.640688	14.333391	2.496952	0.393735	0.070337	20.470278	10.908487	0.034665	0.105510	18.608809	6.525626	0.092712	3.354173	8.824601	0.378679	96.618400
208.125000	77.975300	0.095576	8.522721	14.504959	2.397788	0.403918	0.110307	19.730961	12.573822	0.063102	0.023477	17.370054	8.509919	0.100796	2.909146	9.100977	0.659124	97.076700
213.750000	77.975300	0.139516	7.096892	14.492971	2.541252	2.057297	0.113648	18.536766	14.158542	0.118616	0.053180	16.091715	10.554334	0.139637	2.291103	9.257254	0.897070	98.539800
219.375000	77.975300	0.182461	5.475381	15.194740	3.277108	0.489468	0.092138	17.265213	15.545568	0.158717	0.593891	14.805572	12.698682	0.152297	1.801414	9.604011	0.958089	98.294900
225.000000	77.975300	0.112635	4.242473	14.929640	4.127046	0.166849	0.123009	17.050894	16.437341	0.795078	0.768724	13.930425	13.837685	0.200614	1.391414	9.345086	1.400145	98.859000
230.625000	77.975300	0.153428	3.301017	14.673022	5.730619	0.089783	0.429771	15.768144	17.472407	0.626505	0.196888	12.155702	15.037874	0.196175	1.069388	9.368192	1.816027	98.085000
236.250000	77.975300	0.145637	2.336862	14.741785	6.890365	0.048203	2.036612	14.034475	18.215344	0.058746	0.090494	10.621898	16.067738	0.141574	0.824000	9.337542	2.308452	97.899800
241.875000	77.975300	0.128147	2.381966	14.794036	8.254228	0.120115	0.466723	12.881560	19.862606	0.007401	0.047027	8.726692	17.093871	0.108974	0.717211	9.165578	2.950234	97.706500
247.500000	77.975300	0.364620	2.849046	14.107196	9.413204	0.101133	0.433481	10.663054	20.230738	0.148510	0.059027	6.670323	17.884195	0.082584	0.361381	8.613482	3.505803	95.487900
253.125000	77.975300	0.968149	3.041380	13.818911	10.842608	0.124055	0.116794	7.854633	20.504095	0.098512	0.024312	4.627672	19.508838	0.095260	0.281438	8.622824	4.016799	94.546200
258.750000	77.975300	1.454794	3.196900	13.600633	11.624144	0.523623	0.127878	5.633401	20.909548	0.214935	0.048801	3.503948	21.117082	0.129260	0.184761	7.953005	4.555583	94.778400
264.375000	77.975300	2.061798	3.034990	13.106059	12.053914	1.709410	0.109889	4.504350	20.776546	0.571793	0.051738	2.303476	21.956038	0.112538	0.113134	7.512343	5.840030	95.818000
270.000000	77.975300	2.152582	2.942148	12.646657	12.497369	3.151763	0.101363	2.976699	20.236506	1.274935	0.065190	1.131290	21.608942	0.079525	0.066634	6.932787	6.615945	94.480400
275.625000	77.975300	2.848786	2.515420	12.206369	12.812005	4.661499	0.096610	1.607452	20.816243	2.266143	0.050260	0.486351	21.286163	0.084317	0.081179	5.671843	7.405806	94.896400
281.250000	77.975300	2.823860	1.791439	11.443075	13.520108	5.511075	0.114695	0.496457	20.026711	3.456006	0.031537	0.087519	21.149428	0.157685	0.177348	4.625557	7.982681	93.395200
286.875000	77.975300	2.817990	0.896533	10.982577	13.699254	7.974629	0.117886	0.111139	20.376634	4.860358	0.030283	0.099025	19.867922	0.225123	0.090217	4.091228	8.239865	94.480600
292.500000	77.975300	2.228662	0.284007	10.049026	14.092720	10.548962	0.451267	0.106932	20.428319	6.413071	0.068046	0.102412	18.488361	0.379111	0.057846	3.426476	8.811945	95.937100
298.125000	77.975300	1.684359	0.141459	8.203221	14.126536	12.718474	0.498572	0.138324	20.093438	8.716004	0.095194	0.024051	16.923659	0.633905	0.147703	2.709937	8.685717	95.540500
303.750000	77.975300	1.328848	0.122704	6.921953	14.503942	14.096904	2.295050	0.138394	18.709918	10.712704	0.128308	0.077080	16.254123	0.938284	0.112296	2.369989	9.349146	98.059600
309.375000	77.975300	1.787334	0.135130	5.465282	14.898991	15.392774	0.497936	0.107894	17.542188	12.569638	0.180235	0.597135	15.064791	1.078053	0.172670	1.867033	9.495517	96.852600
315.000000	77.975300	2.580734	0.104515	4.299735	14.834299	16.463918	0.163721	0.133973	16.481109	13.666343	0.688696	0.776663	13.799798	1.423432	0.231037	1.492161	9.223925	96.364000
320.625000	77.975300	3.446924	0.128621	3.180139	15.283295	17.567183	0.125949	0.467374	15.274926	15.505305	0.646082	0.196375	12.007997	1.920743	0.187872	1.044218	9.636210	96.619300
326.250000	77.975300	4.811805	0.135737	2.591150	14.907699	18.889856	0.072749	1.961583	14.101541	16.172014	0.049696	0.129309	10.323140	2.458227	0.149010	0.870065	9.563873	97.187500
331.875000	77.975300	6.555065	0.135051	2.525509	14.676981	19.972876	0.086350	0.409820	12.500875	17.467431	0.023321	0.055545	8.553755	2.939615	0.140881	0.640504	9.088095	95.771600
337.500000	77.975300	8.129742	0.312093	2.402583	14.243931	20.598078	0.088120	0.456628	10.674070	17.817128	0.100514	0.040111	6.157528	3.461242	0.103305	0.426409	9.227453	94.239000
343.125000	77.975300	10.005902	0.847398	3.085895	13.860418	20.685050	0.090588	0.107199	7.707991	19.688663	0.130167	0.032622	4.631042	4.112366	0.073479	0.255848	8.643113	93.957700
348.750000	77.975300	10.896442	1.680264	3.290420	12.919900	20.801880	0.522656	0.099209	5.708068	21.576257	0.108948	0.048616	3.346629	4.694195	0.153607	0.199138	8.069563	94.115700
354.375000	77.975300	12.233399	2.458284	3.077537	12.791082	20.367925	1.771161	0.057751	4.064956	21.293853	0.571023	0.051191	2.053610	5.801124	0.113042	0.105239	7.402775	94.214000
2.812500	80.405900	12.274454	2.956387	2.569877	12.123356	21.062682	3.705928	0.086183	2.247368	21.185280	1.643960	0.048932	0.935264	7.600220	0.067210	0.112419	7.062849	95.682400
8.437500	80.405900	12.234191	3.157621	1.884405	10.688739	21.254043	5.057984	0.072500	1.076052	21.480916	3.269825	0.045099	0.474886	8.082094	0.096384	0.171588	5.736828	94.783200
14.062500	80.405900	12.981425	3.016713	1.232727	9.653457	20.432052	6.251467	0.081624	0.090553	21.342372	4.048817	0.049121	0.161695	8.588216	0.188101	0.222753	4.614428	92.955600
19.687500	80.405900	13.180024	2.676335	0.384072	8.118884	20.861030	8.968675	0.247750	0.049030	19.749396	6.111961	0.033256	0.126092	9.103476	0.345293	0.122237	4.215873	94.293200
25.312500	80.405900	13.544537	2.092041	0.149509	6.709081	20.271453	11.505844	0.182954	0.067451	18.523873	7.973543	0.062589	0.056743	9.741492	0.562353	0.116840	3.583896	95.144300
30.937500	80.405900	14.090232	1.967939	0.399947	4.691583	19.039145	13.247996	0.465550	0.224849	16.945600	10.428355	0.084277	0.074101	9.681844	0.704939	0.117117	2.906500	95.069800
36.562500	80.405900	14.184215	2.744872	0.293290	3.555339	18.214891	14.685237	0.712487	0.055481	16.192711	12.104808	0.127337	0.226873	10.002249	0.824926	0.222466	2.094416	96.241600
42.187500	80.405900	14.046237	3.288656	0.251830	2.573722	17.146574	16.152675	0.173947	0.124776	15.152102	13.370028	0.753197	0.910389	10.069440	1.287342	0.273726	1.674892	97.249600
47.812500	80.405900	14.146328	4.599307	0.255122	1.975562	15.696440	17.000113	0.114104	0.184331	13.860531	15.560836	0.926062	0.721054	9.938643	1.643101	0.278162	1.253967	98.153600
53.437500	80.405900	13.729677	5.578956	0.280781	1.530852	14.813376	18.325953	0.098006	0.739480	11.857012	16.592058	0.190147	0.122398	9.765005	2.311676	0.203714	0.807392	96.946600
59.062500	80.405900	14.359742	7.231048	0.312692	1.251524	13.248448	18.642965	0.197864	0.448162	10.371354	16.729810	0.044214	0.086351	9.856297	2.722219	0.147343	0.727659	96.377800
64.687500	80.405900	13.735784	8.512757	0.137494	1.648733	11.378384	20.330377	0.104849	0.202940	8.258017	18.779586	0.091286	0.049126	9.550561	3.313684	0.096336	0.508385	96.698400
70.312500	80.405900	13.688057	9.327160	0.448553	2.495640	8.903463	20.893602	0.125201	0.304010	5.925339	20.088688	0.081477	0.044750	9.631618	4.276934	0.112696	0.369915	96.717100
75.937500	80.405900	13.250484	10.645558	1.112575	2.875070	6.410086	20.735152	0.183402	0.097838	4.529854	21.428100	0.083938	0.042907	8.492196	4.638540	0.237758	0.172386	94.935800
81.562500	80.405900	12.511167	11.483564	1.957851	2.900200	4.879528	20.701336	1.017132	0.075083	3.034119	21.471642	0.433899	0.052548	8.217404	5.750807	0.139990	0.092377	94.718500
87.187500	80.405900	12.819017	12.032878	2.476538	2.481898	3.472620	20.488939	2.079374	0.111871	1.982709	21.713444	0.898925	0.035622	7.716032	7.138964	0.094219	0.085677	95.628800
92.812500	80.405900	12.254322	12.686467	2.954871	1.936645	2.109458	20.165255	3.441394	0.119642	1.046208	21.585305	1.864183	0.012136	6.547035	7.677726	0.103899	0.097796	94.602400
98.437500	80.405900	11.294364	12.774570	3.122911	1.525163	1.010742	20.273941	5.174214	0.084056	0.372741	21.061099	3.172188	0.045106	5.944125	8.497139	0.126957	0.163560	94.642800
104.062000	80.405900	10.687868	13.198572	3.090566	1.133009	0.115687	20.479666	6.962973	0.128142	0.103966	21.342937	4.331062	0.028278	4.985975	8.761730	0.235004	0.234286	95.819700
109.688000	80.405900	9.875739	13.084570	2.948821	0.429980	0.086535	20.722259	9.260579	0.217729	0.129731	20.160166	5.973813	0.038321	3.982723	9.061766	0.328715	0.113314	96.414700
115.312000	80.405900	8.345441	13.862114	2.037053	0.179169	0.070859	20.197488	11.393426	0.204496	0.061435	18.340656	8.069009	0.055968	3.212439	9.726710	0.507348	0.078148	96.341800
120.938000	80.405900	6.883771	13.925901	2.047786	0.408866	0.240023	19.486445	13.148809	0.449788	0.047522	17.688084	10.082537	0.078483	2.766440	9.833745	0.680294	0.175494	97.944000
126.562000	80.405900	5.659572	14.411880	2.446137	0.329816	0.055260	17.481908	14.749928	0.692012	0.171045	16.336797	12.246971	0.106012	2.150286	9.914011	0.830545	0.173789	97.756000
132.188000	80.405900	4.374899	14.275598	3.330355	0.336551	0.115479	17.247570	16.498300	0.217807	0.909901	14.694171	13.697218	0.737527	1.744888	10.054206	1.251388	0.245460	99.731400
137.812000	80.405900	3.375888	14.052570	4.369855	0.215722	0.148573	16.258307	16.673488	0.086487	0.738659	13.671432	15.077119	0.869193	1.303481	10.140024	1.636880	0.227658	98.845300
143.437000	80.405900	2.401102	14.105160	5.591250	0.335121	0.744484	14.703445	18.014822	0.099292	0.120638	12.095308	16.696899	0.210376	0.855377	9.999727	2.274896	0.186723	98.434700
149.062000	80.405900	2.033694	14.258068	6.745159	0.444854	0.410914	13.397058	18.727901	0.199143	0.067054	10.326409	17.317125	0.040353	0.692341	9.556250	2.917154	0.188720	97.322200
154.688000	80.405900	2.231976	13.965938	8.574135	0.202486	0.166035	11.322627	20.378330	0.094764	0.061486	8.325762	18.148729	0.043803	0.483457	9.389329	3.393406	0.100117	96.882400
160.312000	80.405900	2.795777	13.278871	9.698504	0.465899	0.218497	9.118574	20.570935	0.122267	0.034719	5.920747	19.695449	0.124859	0.372251	9.279636	3.977486	0.093846	95.768300
165.938000	80.405900	2.747451	12.902710	10.447660	1.224222	0.102537	6.837446	20.746010	0.140037	0.047824	4.434660	21.848030	0.065199	0.241775	8.480547	4.787422	0.237861	95.291400
171.562000	80.405900	3.147748	12.560816	11.311091	2.080799	0.097850	5.076725	20.879125	1.031660	0.041443	3.276238	21.481934	0.417966	0.119466	8.354082	5.840279	0.114885	95.832200
177.188000	80.405900	2.874855	12.217340	11.974407	2.493955	0.090336	3.346856	20.985437	2.204753	0.020690	1.880175	21.238096	1.109290	0.134050	7.501746	6.913765	0.116478	95.102200
182.812000	80.405900	2.600662	12.112612	12.241882	2.872537	0.109553	2.158711	20.298936	3.420086	0.031516	0.972767	21.511905	1.842480	0.089425	6.898417	7.867503	0.074993	95.104000
188.438000	80.405900	1.980176	11.507767	12.547358	3.406922	0.105343	1.017677	20.469600	5.278773	0.056062	0.369313	21.483065	3.016724	0.069814	5.792789	8.060809	0.107412	95.269500
194.062000	80.405900	1.264304	10.437380	12.966044	2.943098	0.123088	0.102954	20.629746	6.712508	0.066480	0.053421	21.229162	4.317536	0.223276	4.727220	8.430558	0.175245	94.402100
199.687000	80.405900	0.488823	9.204822	13.288598	2.686378	0.263619	0.114215	20.453088	9.493650	0.027571	0.135103	19.686627	6.107709	0.095853	4.044135	8.996723	0.332655	95.419500
205.312000	80.405900	0.211408	8.123510	14.017171	2.147402	0.262146	0.099870	20.574328	11.394443	0.068582	0.042176	18.804807	8.276022	0.154899	3.538578	9.473757	0.588827	97.777900
210.938000	80.405900	0.372554	6.663740	13.860644	2.071536	0.504095	0.193079	19.290334	13.396492	0.148269	0.069653	17.299142	10.369239	0.168670	2.756442	9.465772	0.730769	97.360400
216.562000	80.405900	0.280748	5.674568	14.062862	2.530293	0.707841	0.088855	17.773020	14.452482	0.112314	0.218695	16.408388	12.043735	0.170597	2.383526	9.928250	0.939026	97.775200
222.188000	80.405900	0.333344	4.441502	14.219389	3.195509	0.174921	0.106776	16.618749	16.031321	0.815702	0.771005	14.737148	13.753880	0.289354	1.695397	9.806093	1.203876	98.194000
227.812000	80.405900	0.279098	3.411321	14.561169	4.614462	0.099043	0.160874	16.313725	16.951820	0.907753	0.777584	13.896383	15.099060	0.238338	1.117619	10.213108	1.653087	100.294000
233.438000	80.405900	0.308000	2.319649	14.356915	5.629363	0.071001	0.762991	14.946039	17.730043	0.188109	0.109346	12.147785	16.515378	0.225636	1.005465	9.721542	2.186997	98.224300
239.062000	80.405900	0.373443	1.962646	13.840739	6.475422	0.218494	0.380886	12.966723	19.129396	0.049953	0.092600	10.410146	17.549314	0.119416	0.689346	9.456408	2.775691	96.490600
244.687000	80.405900	0.166646	1.898474	13.524406	8.107835	0.119457	0.221442	11.315502	20.276882	0.063729	0.065614	8.133157	18.443687	0.081848	0.533080	9.509484	3.249897	95.711100
250.312000	80.405900	0.412312	2.492292	13.505971	9.439386	0.099231	0.252597	9.161993	20.871095	0.109076	0.043369	5.921279	19.725532	0.130830	0.296153	9.140889	4.054551	95.656600
255.937000	80.405900	1.015245	2.973849	12.928948	10.354898	0.136005	0.125793	6.572154	20.668425	0.131885	0.057572	4.270397	21.169446	0.206906	0.232397	8.938467	4.581822	94.364100
261.562000	80.405900	1.500813	3.215527	12.717795	10.848964	1.060773	0.071879	5.134257	20.905477	0.442953	0.080810	3.266183	21.606454	0.097507	0.122869	8.368072	5.964459	95.404900
267.188000	80.405900	2.158451	2.767085	12.605037	11.614644	2.189892	0.128171	3.362361	20.651913	0.919151	0.047292	2.073244	21.431040	0.109443	0.098067	7.807731	6.850136	94.813500
272.812000	80.405900	2.356372	2.491127	11.870809	12.166220	3.595726	0.137249	2.087743	20.743409	1.886882	0.061291	0.852204	21.430249	0.068005	0.118492	6.939121	7.590505	94.395300
278.438000	80.405900	2.881030	1.995195	11.238335	12.629806	4.994322	0.070413	0.921042	20.705973	3.316975	0.061911	0.383674	21.305955	0.113679	0.132950	5.706665	8.060617	94.518600
284.062000	80.405900	2.995937	1.139908	10.639326	13.327503	6.452972	0.083860	0.157270	20.710723	4.476438	0.045254	0.057570	21.551828	0.249032	0.214262	4.636188	8.315120	95.053200
289.688000	80.405900	2.626742	0.452627	9.510864	13.425219	8.724046	0.253200	0.121737	20.181428	6.239263	0.065053	0.111149	19.729830	0.315647	0.091108	4.072986	8.880686	94.801400
295.312000	80.405900	1.649547	0.185708	8.067482	13.521239	11.435045	0.294761	0.102316	20.507714	8.173194	0.065311	0.058998	18.558933	0.562698	0.127223	3.217529	9.406645	95.934200
300.938000	80.405900	1.346978	0.399391	6.662881	14.227079	13.290746	0.495056	0.163162	18.896416	9.940939	0.094126	0.050931	17.472181	0.654810	0.193005	2.952926	9.900416	96.741100
306.562000	80.405900	1.350552	0.281004	5.483196	14.128119	14.692022	0.711824	0.061302	17.960309	11.743236	0.113492	0.164956	16.599409	0.907103	0.239960	2.358554	10.013751	96.808800
312.187000	80.405900	1.973492	0.256289	4.310999	14.478721	15.718041	0.182824	0.112665	16.863491	13.773446	0.800900	0.927990	14.558568	1.315887	0.282795	1.746800	10.334699	97.637500
317.812000	80.405900	2.710751	0.201718	3.570257	14.498965	16.907712	0.086663	0.201227	16.264867	14.801501	0.980374	0.748978	13.494548	1.535851	0.276732	1.192001	9.954499	97.426700
323.438000	80.405900	3.684383	0.290953	2.648231	14.094982	18.099645	0.063006	0.668512	14.862234	16.531551	0.200729	0.132722	12.117362	2.215792	0.191287	0.863716	10.077402	96.742500
329.062000	80.405900	5.339551	0.365168	1.966514	13.757273	18.799265	0.179619	0.367239	13.398528	17.428865	0.031739	0.084831	10.431069	2.880657	0.195425	0.745544	9.745507	95.716700
334.688000	80.405900	6.617382	0.227147	2.071038	13.892085	20.703485	0.094646	0.228472	11.484695	18.508379	0.067079	0.064103	7.985893	3.269655	0.107938	0.506958	9.831178	95.660000
340.312000	80.405900	8.546528	0.395863	2.776019	13.759648	20.806178	0.099617	0.253257	9.476607	19.192618	0.146093	0.031004	6.049192	4.042902	0.097624	0.333257	9.201701	95.208200
345.938000	80.405900	9.978578	1.131075	3.083848	12.959597	21.000592	0.137678	0.093160	6.568354	21.146714	0.117544	0.037155	4.259053	4.784108	0.178799	0.252085	8.699979	94.428400
351.562000	80.405900	11.247519	1.815970	3.235002	12.992622	21.010205	0.996032	0.056273	5.269940	21.293175	0.426881	0.051383	3.144773	5.791748	0.129330	0.134144	8.356163	95.951200
357.187000	80.405900	12.038307	2.488537	2.821462	12.413224	20.650442	2.207581	0.066718	3.755533	21.606680	1.001799	0.045173	1.778456	6.743813	0.129534	0.089213	7.693344	95.529900
0.000000	82.819200	11.953370	2.464493	2.280902	11.722086	20.425040	2.603998	0.059073	2.701092	21.658027	1.878615	0.052210	1.615381	8.041684	0.069323	0.088629	7.959768	95.573700
5.625000	82.819200	12.359616	2.889343	1.923854	10.987813	21.010318	4.489998	0.070121	1.431575	21.512357	3.077978	0.045455	0.804674	8.509161	0.149731	0.146461	7.254436	96.663000
11.250000	82.819200	12.483684	2.928463	1.123883	9.503467	20.718866	5.425585	0.062545	0.391425	21.064266	4.308941	0.055468	0.217155	9.365590	0.290178	0.241738	5.935755	94.117100
16.875000	82.819200	12.825690	2.794545	0.640036	8.462836	20.102825	7.617976	0.104581	0.092102	20.871887	5.481737	0.055939	0.125234	9.676393	0.389115	0.179783	4.673227	94.094000
22.500000	82.819200	13.053242	2.295740	0.277272	6.582695	20.180749	10.354265	0.282420	0.071142	19.076467	7.333412	0.052367	0.128474	9.652450	0.477710	0.102011	4.071979	93.992500
28.125000	82.819200	12.775927	1.785004	0.160217	5.153099	20.157112	12.277168	0.146959	0.105411	18.560291	10.025412	0.072995	0.028509	10.044695	0.601941	0.155229	3.239164	95.289100
33.750000	82.819200	13.641801	1.987098	1.105807	4.037914	18.478747	13.469214	0.918547	0.232411	17.272677	11.825005	0.147414	0.042932	10.152454	0.633598	0.228004	2.860311	97.034000
39.375000	82.819200	13.729564	2.549248	0.923250	2.853254	17.063787	14.997385	0.747604	0.075590	15.838151	13.686813	0.596085	0.442156	10.453869	1.033619	0.198856	2.097492	97.286800
45.000000	82.819200	13.569305	3.325944	0.854315	2.087890	16.750620	16.769847	0.086487	0.078090	15.206502	15.258301	1.103048	1.171021	10.819423	1.615211	0.318171	1.510008	100.524000
50.625000	82.819200	13.571793	4.461746	0.968597	1.526531	15.393565	17.426716	0.092100	0.732486	13.599502	16.039351	0.447567	0.534369	10.155349	2.234136	0.196199	1.129224	98.509400
56.250000	82.819200	13.536168	5.486080	1.111854	1.073047	13.769374	18.175647	0.245393	0.925416	11.695395	17.369828	0.041984	0.162681	10.086428	2.650481	0.200993	0.662057	97.192800
61.875000	82.819200	13.220965	6.769384	0.197681	1.412043	12.546453	19.640596	0.114286	0.193100	10.014418	18.408740	0.059161	0.051860	10.489246	3.416885	0.118853	0.582394	97.236100
67.500000	82.819200	13.038200	8.239559	0.267139	2.099335	10.465326	20.569578	0.063439	0.256802	7.660015	19.210374	0.115440	0.115162	9.858480	4.118338	0.115742	0.545958	96.738900
73.125000	82.819200	12.629127	9.282905	0.601050	2.574344	7.712073	20.738093	0.112235	0.108388	5.636635	21.235043	0.115544	0.066540	9.624470	4.757078	0.080244	0.483946	95.757700
78.750000	82.819200	12.258846	10.206379	1.118568	2.701805	5.244233	20.443022	0.320251	0.096923	4.301024	21.160964	0.142092	0.051194	8.971503	5.651677	0.166940	0.290126	93.125600
84.375000	82.819200	11.897274	10.877430	2.003802	2.392653	4.420873	20.828118	1.563367	0.082001	2.743040	20.838297	0.724668	0.061359	8.828310	7.106143	0.133353	0.153568	94.654300
90.000000	82.819200	11.716205	11.727967	2.468462	2.030753	2.743051	21.204054	2.673236	0.112028	1.629427	21.048658	1.516443	0.055841	8.007269	7.656690	0.091501	0.082014	94.763600
95.625000	82.819200	10.938107	11.984359	2.818363	1.409792	1.552510	20.576816	4.150163	0.102321	0.707647	20.990300	2.988574	0.044043	7.242912	8.818244	0.174472	0.074062	94.572600
101.250000	82.819200	10.719218	12.235775	2.875715	1.102170	0.439411	20.454106	5.592618	0.091220	0.152420	21.218191	4.124626	0.071949	6.035010	9.243196	0.299162	0.146699	94.801400
106.875000	82.819200	9.516372	12.907120	2.734671	0.529448	0.094908	20.559399	7.605400	0.112327	0.158471	21.249406	5.623867	0.076408	4.587827	9.480690	0.375077	0.143022	95.754400
112.500000	82.819200	8.517304	12.712367	2.329963	0.304603	0.038909	20.924930	10.038327	0.270633	0.150110	20.040848	7.529828	0.108640	4.283256	9.979008	0.478562	0.128199	97.835500
118.125000	82.819200	6.929089	13.230805	1.649479	0.248324	0.131649	19.591738	12.151969	0.125652	0.028096	17.952279	10.047330	0.083772	3.290669	10.436204	0.553993	0.115262	96.566400
123.750000	82.819200	5.495694	13.335759	1.706673	1.126011	0.249639	18.562326	14.087178	0.978740	0.067295	17.532236	11.952466	0.127878	2.700832	10.285976	0.711374	0.191159	99.111300
129.375000	82.819200	4.136049	13.651527	2.468609	1.087703	0.083951	17.623958	15.030070	0.686416	0.509853	15.952832	13.501447	0.545429	2.159752	10.475562	1.028376	0.356652	99.298200
135.000000	82.819200	3.117268	13.998623	3.305349	0.901627	0.092116	16.568307	16.274933	0.103469	1.059627	14.624390	14.928283	1.039502	1.523953	10.647956	1.552555	0.292450	100.030000
140.625000	82.819200	2.485913	13.385522	4.305604	0.921851	0.690309	15.489472	17.628934	0.093942	0.485669	13.893103	16.361905	0.420619	1.049938	10.406278	2.109175	0.281386	100.010000
146.250000	82.819200	1.848746	13.801720	5.527293	1.093514	1.115626	13.799911	18.748711	0.175154	0.152526	11.769587	17.195319	0.036931	0.700044	10.586103	2.656362	0.192967	99.400500
151.875000	82.819200	1.876579	13.122005	6.662485	0.211770	0.148384	11.936745	20.430355	0.151441	0.055947	9.631324	18.304578	0.072622	0.589194	10.179247	3.450645	0.125682	96.949000
157.500000	82.819200	2.291906	12.587168	7.935214	0.304887	0.209673	10.376918	20.405247	0.078027	0.086254	7.654620	19.576357	0.111369	0.457055	9.891583	4.036274	0.077297	96.079900
163.125000	82.819200	2.661734	12.636705	9.080427	0.695096	0.150873	7.440855	20.662205	0.087751	0.076235	5.465632	21.553185	0.133070	0.419212	9.374186	4.676733	0.134943	95.248900
168.750000	82.819200	2.887454	12.467059	10.253371	1.212336	0.055949	5.528085	20.971413	0.338404	0.066939	3.898284	20.811832	0.152539	0.297469	8.873707	5.960422	0.133294	93.908600
174.375000	82.819200	3.011986	12.029485	11.529482	1.990377	0.070421	4.078403	20.800070	1.356489	0.047763	2.965785	21.344182	0.750987	0.157977	8.482854	7.198397	0.143094	95.957600
180.000000	82.819200	2.678235	11.299080	11.685782	2.562786	0.064307	2.568599	20.977859	2.512650	0.049866	1.582175	21.265918	1.629868	0.142394	8.015174	7.809416	0.077469	94.921600
185.625000	82.819200	2.094461	11.274967	11.716997	2.786673	0.101880	1.464158	20.873584	4.144655	0.027788	0.730447	21.041307	3.010979	0.118269	7.577352	8.595759	0.160899	95.720200
191.250000	82.819200	1.256692	10.490456	12.213155	2.922876	0.060306	0.361011	20.361140	5.551236	0.046556	0.169464	21.108034	4.316462	0.165558	5.749518	8.954549	0.277843	94.004800
196.875000	82.819200	0.644064	9.495878	12.540572	2.882998	0.135313	0.079351	20.911245	8.027841	0.088014	0.071213	20.302216	5.399991	0.152136	4.722651	9.367468	0.412898	95.233800
202.500000	82.819200	0.297434	7.846523	12.530959	2.262987	0.254993	0.049037	20.445623	10.370505	0.078757	0.074192	19.525576	7.940643	0.075138	3.910985	10.056344	0.464859	96.184600
208.125000	82.819200	0.179079	6.629189	12.972604	1.843396	0.179068	0.161855	19.726550	12.305895	0.069196	0.068671	18.785467	9.912122	0.109995	3.388487	10.278569	0.565211	97.175300
213.750000	82.819200	1.033066	5.513292	13.438904	1.916287	1.030895	0.161729	18.314983	14.089666	0.154805	0.045494	17.419704	12.029598	0.205954	2.690710	10.570541	0.656975	99.272500
219.375000	82.819200	1.012868	4.273066	13.976682	2.739873	0.723703	0.115742	17.679828	15.127560	0.611405	0.428398	16.283189	13.434946	0.262833	2.049934	10.563291	1.063265	100.347000
225.000000	82.819200	0.969303	3.303166	13.790297	3.287332	0.135078	0.090968	16.531777	16.492984	0.995606	1.183631	15.080399	14.885193	0.320985	1.531327	10.415857	1.582673	100.597000
230.625000	82.819200	1.030855	2.547382	13.441392	4.603220	0.122000	0.736359	15.490716	17.527146	0.393958	0.562000	13.447273	16.004517	0.224985	1.088552	10.381204	1.963766	99.565300
236.250000	82.819200	1.058420	1.712904	13.199816	5.618235	0.273261	0.860558	14.386773	18.746901	0.027270	0.124536	11.534232	17.116377	0.206461	0.715995	10.269894	2.749826	98.601600
241.875000	82.819200	0.208427	1.794877	13.304657	6.750825	0.141139	0.163910	12.453939	20.069914	0.066797	0.067947	9.818964	18.269178	0.119856	0.601745	10.118332	3.530616	97.481100
247.500000	82.819200	0.328247	2.343829	12.901239	8.050076	0.090157	0.224119	10.223502	20.941103	0.115786	0.095291	7.604416	19.617298	0.122439	0.459852	10.317044	4.184194	97.618600
253.125000	82.819200	0.578439	2.568305	12.756701	9.426358	0.081069	0.096168	7.718056	20.693080	0.128551	0.066378	5.799292	20.931602	0.170409	0.385329	9.301464	4.973410	95.674700
258.750000	82.819200	1.070472	2.987330	12.452017	10.442175	0.408984	0.069554	5.587506	20.302555	0.232275	0.043991	4.133809	21.440088	0.169226	0.304077	8.928503	6.109631	94.682200
264.375000	82.819200	1.602284	2.882772	11.883703	11.201149	1.559115	0.080097	4.276312	21.286389	0.812610	0.040354	2.897407	21.313758	0.117125	0.158201	8.713007	6.790568	95.614900
270.000000	82.819200	1.888726	2.437168	11.359157	11.844345	2.578133	0.085286	2.702280	21.033503	1.654501	0.036746	1.662553	20.943365	0.109183	0.072895	7.924165	8.285330	94.617300
275.625000	82.819200	2.497777	1.904910	10.974479	11.717449	4.253410	0.083699	1.549026	20.922894	2.692237	0.050473	0.714301	21.237305	0.212759	0.141605	6.915065	8.596121	94.463500
281.250000	82.819200	2.781753	1.173113	10.164295	12.548828	5.538275	0.077529	0.336855	20.350961	4.202754	0.054557	0.137500	21.253704	0.326383	0.248481	5.752481	9.492463	94.439800
286.875000	82.819200	2.624141	0.634937	9.313984	12.619401	7.722150	0.122251	0.135888	20.808553	5.659368	0.074238	0.067080	21.296228	0.452308	0.140431	4.831371	9.344339	95.846600
292.500000	82.819200	2.004288	0.256006	8.171362	12.675045	10.215619	0.205524	0.058850	20.631668	7.605660	0.125372	0.106652	19.178820	0.499270	0.095760	4.064843	9.809249	95.703900
298.125000	82.819200	1.337557	0.179271	6.874226	13.198911	12.284746	0.185880	0.088125	19.852541	10.043756	0.073201	0.094196	18.574315	0.579166	0.162884	3.448700	9.977583	96.955000
303.750000	82.819200	1.127277	1.082951	5.569388	13.203775	14.304325	1.033530	0.211207	18.217380	11.640204	0.159520	0.056679	17.229248	0.617740	0.195673	2.701330	10.624567	97.974700
309.375000	82.819200	1.604003	0.882886	4.267366	13.638181	14.972504	0.648140	0.078321	17.927963	13.294252	0.565858	0.468197	16.075768	1.076237	0.211239	2.136262	10.470506	98.317700
315.000000	82.819200	1.991463	0.818188	3.300192	13.973176	16.196330	0.118792	0.109978	16.600540	14.726856	1.132873	1.096524	14.645766	1.460358	0.373024	1.662486	10.606653	98.813100
320.625000	82.819200	3.031823	0.990278	2.492383	13.688849	17.789645	0.083248	0.664983	15.514466	16.197348	0.457000	0.609491	13.531757	2.015542	0.218023	1.178384	10.537392	99.000500
326.250000	82.819200	3.960623	1.045194	1.693757	13.740648	19.014716	0.192133	0.949355	14.084124	17.548296	0.043045	0.116558	11.855541	2.683212	0.198769	0.717172	10.319216	98.162400
331.875000	82.819200	5.652333	0.160887	1.681735	13.542275	20.190476	0.160688	0.195512	12.176172	18.260243	0.059273	0.085386	9.539319	3.440455	0.165967	0.537167	10.366785	96.214600
337.500000	82.819200	6.707871	0.284025	2.274715	12.936978	21.020384	0.059399	0.267446	10.065233	19.420848	0.104456	0.088830	7.610942	4.018507	0.108627	0.532484	9.705708	95.206500
343.125000	82.819200	8.456016	0.528297	2.861057	12.781808	20.794755	0.134624	0.092288	7.656599	21.673295	0.125428	0.055359	5.778652	4.594070	0.106326	0.388958	9.872628	95.900100
348.750000	82.819200	10.105043	1.032423	2.934356	12.511506	21.107016	0.424579	0.101145	5.537811	21.549566	0.152543	0.054339	4.166834	5.899100	0.175064	0.231825	9.282826	95.266000
354.375000	82.819200	10.878437	1.905272	2.853231	12.159886	21.101701	1.514102	0.045835	4.222885	21.347688	0.763875	0.062442	2.962325	7.043340	0.135280	0.152693	8.659705	95.808700
2.812500	85.219800	11.601525	2.384793	1.659579	11.260604	21.227013	3.285093	0.052871	2.066888	20.759355	2.308430	0.058043	1.331337	9.089373	0.256233	0.173789	8.220729	95.735700
8.437500	85.219800	11.588858	2.752246	1.062885	9.766091	20.880030	4.798697	0.058348	0.936406	20.969603	3.948986	0.068764	0.609249	9.425634	0.510408	0.143864	7.115055	94.635200
14.062500	85.219800	12.151969	2.608273	0.511778	8.357079	20.923120	6.310458	0.084153	0.105804	21.442916	5.064306	0.072039	0.101369	9.997510	0.729874	0.277908	5.658723	94.397200
19.687500	85.219800	12.620192	2.070586	0.356723	6.901448	20.843160	8.876716	0.227768	0.075494	21.334455	6.997321	0.072694	0.112572	10.585662	0.739022	0.085179	4.974349	96.873300
25.312500	85.219800	12.205012	1.596482	0.252015	5.409672	20.687991	10.932961	0.290677	0.103023	19.413158	9.431764	0.106609	0.108470	10.538274	0.631643	0.180452	4.180926	96.069200
30.937500	85.219800	12.871155	1.361240	0.719354	3.911924	19.205398	12.815625	0.269746	0.234546	18.569338	11.448504	0.136507	0.061106	10.656348	0.476322	0.245112	3.437978	96.420200
36.562500	85.219800	12.828065	1.969647	1.666218	3.095157	17.956238	14.517853	0.955646	0.124829	17.134246	12.941615	0.424825	0.047524	10.683921	0.807202	0.339502	2.654779	98.147200
42.187500	85.219800	12.723450	2.499926	2.047005	2.183027	16.500562	15.771423	0.542522	0.097019	16.048738	14.481435	1.000098	0.779141	10.898602	1.376451	0.711536	1.957036	99.618000
47.812500	85.219800	13.076879	3.394933	2.037075	1.448019	16.018428	16.641029	0.049066	0.624406	14.462887	16.167830	0.738048	1.038100	10.991613	1.893193	0.601351	1.367663	100.551000
53.437500	85.219800	12.923406	4.231198	1.699570	1.187081	14.418892	17.823122	0.102370	0.936481	13.088076	16.907260	0.061345	0.448922	10.980880	2.588515	0.277533	0.842230	98.516900
59.062500	85.219800	12.792779	5.482337	0.808424	0.811809	13.051319	19.197142	0.309959	0.280731	11.763706	17.754698	0.064390	0.114699	10.710623	3.426171	0.251116	0.455562	97.275300
64.687500	85.219800	12.708182	6.525343	0.244890	1.287534	10.874558	20.278013	0.110401	0.283552	9.646694	19.153486	0.110006	0.108349	10.501223	4.276108	0.142672	0.560676	96.811700
70.312500	85.219800	12.530054	7.712175	0.312905	2.131523	8.591858	21.188899	0.067384	0.134826	7.140457	21.004098	0.165451	0.103110	10.113130	4.762778	0.093177	0.785331	96.837100
75.937500	85.219800	11.427242	9.482804	0.526249	2.425271	6.119957	20.815565	0.085306	0.103220	4.962530	21.725772	0.076612	0.062570	9.944072	6.007572	0.355390	0.715847	94.835900
81.562500	85.219800	11.790510	10.361865	1.095008	2.443445	5.008889	20.728253	0.782887	0.062808	4.087982	20.835922	0.532017	0.047289	9.592486	7.214637	0.176464	0.536630	95.297100
87.187500	85.219800	11.192372	10.759504	1.645464	1.957658	3.238508	21.097969	1.889574	0.094402	2.531978	20.412260	1.356851	0.047169	9.141058	8.118851	0.183329	0.284332	93.951200
92.812500	85.219800	10.818744	11.428146	2.411326	1.372391	2.001495	21.286389	3.116352	0.057648	1.385397	21.087564	2.390425	0.040081	8.098210	8.665586	0.252376	0.149428	94.561500
98.437500	85.219800	9.721711	11.725027	2.549531	0.936432	0.798068	20.759921	4.707643	0.081482	0.599245	21.791708	3.831772	0.074263	6.934529	9.628813	0.581185	0.167100	94.888400
104.062000	85.219800	9.334195	12.371378	2.541376	0.527595	0.072459	20.678491	6.475388	0.065121	0.082154	21.280508	4.971906	0.052609	5.675812	10.117755	0.751455	0.251205	95.249400
109.688000	85.219800	8.195191	12.121320	2.262422	0.376079	0.074806	20.602829	8.489222	0.143206	0.166974	21.050807	7.080085	0.081674	4.748414	10.177301	0.631871	0.097045	96.299200
115.312000	85.219800	6.658526	12.246858	1.615516	0.276129	0.101357	20.533161	10.837360	0.269095	0.085307	18.940411	9.524718	0.088791	4.016290	10.489767	0.717220	0.120679	96.521300
120.938000	85.219800	5.375415	12.873304	1.223521	0.730232	0.249597	19.102366	12.999295	0.268866	0.043012	18.502046	11.402134	0.131513	3.368955	10.538025	0.503107	0.194742	97.506200
126.562000	85.219800	4.290065	12.580721	1.885389	1.694639	0.131301	18.117062	14.599961	0.979645	0.053591	16.995250	13.205584	0.418456	2.675940	11.348752	0.925231	0.256429	100.158000
132.188000	85.219800	3.453755	12.950324	2.319660	1.891451	0.074732	16.949898	15.573390	0.528646	0.763588	16.172919	14.454066	0.812092	1.996315	10.680268	1.324313	0.682936	100.628000
137.812000	85.219800	2.483256	13.213727	3.222460	1.831295	0.647594	15.530865	16.676881	0.065143	0.939328	14.917425	15.526115	0.797925	1.483136	10.904992	1.980233	0.519202	100.740000
143.437000	85.219800	1.830175	12.910174	4.114753	1.754162	0.911112	14.793471	18.214213	0.134706	0.409188	13.257835	17.200974	0.079486	0.963560	10.887225	2.569594	0.286979	100.318000
149.062000	85.219800	1.313739	13.009473	5.706349	0.824234	0.308315	12.829875	19.068663	0.203936	0.087953	11.687252	18.030656	0.076302	0.449538	10.708316	3.153810	0.234806	97.693200
154.688000	85.219800	1.510268	12.721414	6.707192	0.241019	0.233318	10.816821	20.896316	0.099742	0.112585	9.410807	19.498207	0.082645	0.589717	10.560520	3.954731	0.122224	97.557400
160.312000	85.219800	2.150715	11.834505	8.057292	0.322910	0.130203	8.724272	20.942007	0.104466	0.095727	6.978456	21.209822	0.141067	0.616266	10.287775	4.823850	0.104248	96.523600
165.938000	85.219800	2.603863	12.227292	9.325701	0.576002	0.119534	6.358061	21.004211	0.067147	0.083201	5.001040	21.454678	0.101382	0.686528	10.111592	6.184004	0.282402	96.186600
171.562000	85.219800	2.481152	11.628555	10.009431	1.135407	0.059505	4.542260	20.915203	0.823304	0.061401	3.875733	21.051599	0.480042	0.559562	9.677072	7.358644	0.118854	94.777700
177.188000	85.219800	2.426164	11.709872	10.832655	1.939665	0.043948	3.098245	21.119344	1.980436	0.065959	2.483210	21.018687	1.273408	0.187814	8.925800	8.315108	0.149802	95.570200
182.812000	85.219800	1.775413	10.891149	11.051838	2.307491	0.032682	1.899425	21.204619	3.279201	0.065181	1.407417	21.188899	2.364492	0.152209	8.197284	9.121425	0.209334	95.148000
188.438000	85.219800	1.073844	10.169124	11.391277	2.611485	0.097388	0.818103	20.649651	4.553208	0.049079	0.603012	21.479785	3.847198	0.141520	7.200579	9.612753	0.481993	94.780000
194.062000	85.219800	0.573487	9.048601	12.047694	2.609189	0.123951	0.057868	21.051825	6.123542	0.085920	0.075112	21.695009	5.003935	0.321179	5.949372	9.722910	0.714046	95.203700
199.687000	85.219800	0.323670	8.128995	12.529036	2.116651	0.131482	0.048517	20.532369	8.818233	0.092211	0.104364	21.475827	6.995986	0.090175	4.373067	10.276386	0.663591	96.700600
205.312000	85.219800	0.238858	6.448833	12.814946	1.673580	0.199729	0.178197	20.182785	11.145041	0.137612	0.106235	19.358758	9.390698	0.144202	4.097505	10.624986	0.577886	97.319800
210.938000	85.219800	0.731574	5.523335	12.581174	1.475570	0.235272	0.263249	18.875832	12.938674	0.108180	0.060977	18.220659	11.592477	0.187122	3.319452	10.520495	0.427903	97.061900
216.562000	85.219800	1.673422	4.437351	12.960163	1.910553	0.919816	0.110217	18.096592	14.487882	0.454266	0.047167	16.889391	13.204340	0.233074	2.552765	10.874354	0.845444	99.696800
222.188000	85.219800	2.006392	3.412814	13.769601	2.411835	0.536383	0.056835	16.444239	15.661040	1.001443	0.725033	15.744054	14.543978	0.702396	1.989993	10.741250	1.400835	101.148000
227.812000	85.219800	1.970472	2.786051	13.004384	3.496382	0.084824	0.621636	16.058351	16.958606	0.802308	0.876309	14.846400	15.628016	0.634231	1.355279	11.281143	1.921512	102.326000
233.438000	85.219800	1.720900	1.947186	12.699813	4.343560	0.159975	1.038686	14.961420	18.308536	0.102997	0.428268	13.461184	17.315994	0.201468	0.911113	10.634554	2.719753	100.955000
239.062000	85.219800	0.760034	1.347238	12.766314	5.285627	0.247678	0.243762	13.199703	19.167397	0.073955	0.112739	11.372050	18.075669	0.215423	0.488821	10.781037	3.504932	97.642400
244.687000	85.219800	0.208350	1.468297	12.466832	7.008404	0.140899	0.293561	11.316406	20.734700	0.083669	0.125272	8.973697	19.246678	0.166811	0.614709	10.639462	4.368746	97.856500
250.312000	85.219800	0.336198	2.183480	12.262692	8.050246	0.074785	0.115837	8.603936	20.529315	0.164375	0.058370	7.099041	21.022193	0.123768	0.699963	10.175141	5.085772	96.585200
255.937000	85.219800	0.589449	2.623293	11.658978	9.271030	0.119583	0.103355	5.844791	20.928549	0.108786	0.083848	5.102782	21.361033	0.323365	0.750698	10.061704	5.838209	94.769500
261.562000	85.219800	0.960281	2.703332	11.708289	10.128047	0.834296	0.055905	4.740882	21.235834	0.580524	0.049758	4.046905	20.853678	0.143604	0.471503	9.546343	7.149097	95.208300
267.188000	85.219800	1.513797	2.348093	11.495666	10.955501	1.918300	0.069169	3.070412	21.135291	1.290124	0.058434	2.505049	20.911132	0.173997	0.261688	8.755261	8.320153	94.782000
272.812000	85.219800	1.998136	1.825425	10.953941	11.264008	3.268015	0.099878	2.034531	21.275984	2.656792	0.056487	1.426203	21.105546	0.295367	0.171418	8.234040	8.895908	95.561700
278.438000	85.219800	2.498343	1.125074	10.339324	12.066129	4.640757	0.077879	0.797786	21.124999	4.102583	0.037798	0.555905	21.271686	0.558989	0.155225	7.171660	9.538867	96.063100
284.062000	85.219800	2.470487	0.557904	9.164990	12.037289	6.039658	0.106582	0.105972	21.008396	4.975412	0.084067	0.076185	21.116290	0.718190	0.358284	5.947054	9.707144	94.474000
289.688000	85.219800	2.066435	0.349567	7.744634	12.583096	8.777993	0.132749	0.066659	20.642639	7.062759	0.108462	0.110493	21.232441	0.694006	0.132828	4.878171	9.885759	96.468800
295.312000	85.219800	1.194308	0.216362	6.678522	12.761677	11.065794	0.226079	0.145103	20.704390	9.260387	0.147115	0.097411	19.843041	0.720755	0.133017	4.095051	10.413007	97.702000
300.938000	85.219800	0.876530	0.792260	5.421309	12.682057	12.999295	0.237983	0.235930	18.998090	11.136457	0.124270	0.082352	18.143640	0.575198	0.230351	3.406062	10.832632	96.774400
306.562000	85.219800	1.180374	1.731283	4.328789	12.787237	14.183989	1.042099	0.120584	18.291232	12.746522	0.462531	0.058332	17.046596	0.919982	0.282370	2.592033	11.122467	98.896500
312.187000	85.219800	1.498664	1.802025	3.466004	12.919109	15.812025	0.625314	0.064290	16.731054	14.852960	0.909376	0.809286	15.660362	1.371893	0.722996	2.031386	10.496213	99.773100
317.812000	85.219800	2.314480	1.996971	2.544362	13.029831	17.070799	0.079742	0.681901	15.419465	16.451591	0.718486	0.932317	14.910187	1.897954	0.683083	1.453075	11.070352	101.255000
323.438000	85.219800	3.056863	1.709919	1.774463	13.458809	17.779014	0.065105	0.992733	14.568520	17.167723	0.059926	0.419599	13.117029	2.622467	0.261644	0.797897	10.915499	98.767200
329.062000	85.219800	4.103137	0.745183	1.323261	13.009700	19.351859	0.255494	0.220440	13.175048	17.743502	0.052589	0.092661	11.332240	3.142975	0.176686	0.499792	10.870169	96.094700
334.688000	85.219800	5.864742	0.205205	1.474461	12.280674	20.349264	0.100883	0.223111	11.210298	19.512118	0.110950	0.138610	9.565660	4.133131	0.186356	0.649935	10.580210	96.585700
340.312000	85.219800	7.023605	0.331252	2.277351	12.281127	20.703485	0.054346	0.165865	8.723605	21.026378	0.158752	0.101982	7.110848	4.935093	0.142163	0.596037	10.349096	95.980900
345.938000	85.219800	8.665235	0.469944	2.508974	11.942174	20.736510	0.107074	0.061652	6.127964	21.631109	0.090498	0.098468	5.174305	6.021698	0.323635	0.839777	9.832004	94.631000
351.562000	85.219800	9.824008	1.084192	2.518757	11.929281	20.829815	0.828804	0.041128	4.786573	21.343390	0.469914	0.066843	3.858576	7.094110	0.187038	0.513976	9.581131	94.957500
357.187000	85.219800	10.979331	1.877925	2.335087	11.370580	21.397224	1.917995	0.040302	3.338407	21.308782	1.403086	0.067425	2.638810	8.379879	0.163256	0.168454	8.951292	96.337800
0.000000	87.612000	10.348960	1.564430	1.582198	10.354480	20.941668	2.598909	0.036882	2.685304	20.881048	2.177859	0.083680	2.023515	9.171719	0.425350	0.398052	9.132587	94.406600
5.625000	87.612000	10.763903	2.032246	1.040998	9.474684	20.855601	3.834441	0.067455	1.334288	21.171595	3.271273	0.051178	1.127489	10.124394	0.872379	0.250096	8.423071	94.695100
11.250000	87.612000	11.493969	2.155805	0.297083	8.564454	21.021967	5.316819	0.083554	0.295032	21.253138	4.900428	0.068732	0.307581	10.309704	1.270411	0.265088	7.395107	94.998900
16.875000	87.612000	11.821160	2.117239	0.382829	7.321763	20.909662	7.492359	0.115509	0.075295	21.116630	6.688203	0.079186	0.063749	10.295115	1.339615	0.157595	6.067966	96.043800
22.500000	87.612000	12.132290	1.403436	0.221161	5.587653	20.818392	9.382612	0.183580	0.105045	20.857184	8.742876	0.183375	0.126997	10.851497	0.942257	0.093351	5.095306	96.727000
28.125000	87.612000	12.396260	1.081925	0.288986	4.347937	19.558375	12.119963	0.201737	0.254346	18.765675	11.525863	0.062443	0.098283	11.468409	0.569106	0.180701	4.143242	97.063200
33.750000	87.612000	12.810988	1.126607	1.236357	3.332877	18.383859	13.501560	0.602857	0.084805	18.009167	13.016033	0.323669	0.048314	11.185440	0.724170	0.575100	3.477585	98.439300
39.375000	87.612000	12.276150	1.823989	1.780638	2.470996	17.023072	15.491394	1.196117	0.092705	17.080864	14.803536	0.825000	0.124530	11.469088	1.334345	1.221395	2.784660	101.798000
45.000000	87.612000	12.478708	2.597586	2.125721	1.666580	15.954980	16.155163	0.363300	0.442914	15.518425	15.657874	1.008117	0.941564	11.454951	1.788917	1.461659	1.699412	101.316000
50.625000	87.612000	11.897614	3.449955	1.817338	1.251252	14.712606	17.296654	0.086265	1.208536	14.387678	16.748132	0.144190	0.802950	11.383925	2.507741	1.063747	1.254589	100.013000
56.250000	87.612000	12.473505	4.079398	1.310391	0.742697	13.122797	18.131539	0.093817	0.603400	13.038200	17.650536	0.053200	0.253753	11.340609	3.398428	0.651412	0.632232	97.575900
61.875000	87.612000	11.728194	5.542946	0.325496	0.945091	11.978252	19.694091	0.199465	0.161888	10.942654	18.771670	0.094487	0.140919	11.145448	4.190426	0.246067	0.526371	96.633400
67.500000	87.612000	12.044075	6.376903	0.282811	1.526927	9.536763	20.465189	0.099938	0.201682	8.758009	21.248727	0.169010	0.154175	10.824161	4.845486	0.159617	0.866295	97.559800
73.125000	87.612000	11.474629	7.493422	0.377908	2.072418	7.247175	20.720224	0.078476	0.120254	6.478509	21.207560	0.078680	0.104509	10.640073	5.856847	0.166472	1.233711	95.350800
78.750000	87.612000	11.401003	9.079952	0.448062	2.276367	5.331284	20.729271	0.299196	0.093388	4.590327	21.076254	0.234390	0.071525	9.853979	7.662593	0.186245	1.179062	94.513000
84.375000	87.612000	11.179231	9.729051	0.895109	1.655304	4.036919	20.807987	1.358740	0.054735	3.418412	21.039724	1.015743	0.058689	9.881868	8.295893	0.169896	0.881654	94.479000
90.000000	87.612000	10.560045	10.626117	1.605937	1.176212	2.547653	21.288877	2.560320	0.080966	2.157558	21.152708	1.901268	0.068761	9.107649	9.244621	0.432170	0.498983	95.009800
95.625000	87.612000	9.920129	10.795910	2.136002	0.698747	1.296763	21.434320	3.828424	0.105265	1.007266	21.199078	3.569261	0.067951	8.413379	9.717832	0.986033	0.188903	95.365300
101.250000	87.612000	9.208939	11.194691	2.220101	0.370112	0.314480	21.115838	5.371253	0.097399	0.232682	20.850399	4.632817	0.084456	7.364028	10.147455	1.395994	0.203539	94.804100
106.875000	87.612000	7.560523	11.544863	2.156845	0.339456	0.079794	21.188333	7.175415	0.109743	0.083802	21.281413	6.181561	0.075243	5.915273	10.673957	1.348120	0.165503	95.879900
112.500000	87.612000	6.521961	11.956311	1.479132	0.250253	0.098533	20.731986	9.494702	0.188427	0.125986	21.107130	8.409296	0.180321	4.777017	11.064097	0.914435	0.163654	97.463300
118.125000	87.612000	5.557083	12.209197	1.183993	0.309234	0.223477	19.451611	12.181714	0.157595	0.119872	18.743169	10.931785	0.097754	4.232136	11.106430	0.646536	0.203439	97.355000
123.750000	87.612000	4.233731	12.330550	1.352305	1.474246	0.147911	18.517992	13.419904	0.492196	0.068773	18.118646	12.754100	0.234106	3.367892	11.425432	0.552448	0.627612	99.117700
129.375000	87.612000	3.610169	12.502797	1.873729	2.110577	0.106290	17.526016	14.624730	1.256308	0.121905	16.962904	14.496590	0.878434	2.680848	11.199464	1.191130	1.222345	102.364000
135.000000	87.612000	2.590551	12.647336	2.424400	1.992538	0.344077	15.683773	16.183776	0.419868	0.992993	15.571920	15.510169	0.991246	1.780966	11.148208	1.792401	1.273996	101.348000
140.625000	87.612000	1.825165	12.824899	3.470652	1.921558	1.303730	14.826495	16.950916	0.108233	0.947833	14.375124	16.357946	0.159506	1.221576	11.485826	2.544034	1.149996	101.474000
146.250000	87.612000	1.166588	12.730462	4.325713	1.350020	0.584882	13.504500	18.580648	0.120798	0.272914	12.833155	18.092294	0.076294	0.649455	11.368318	3.385365	0.630566	99.672100
151.875000	87.612000	1.159734	12.481761	5.611641	0.239337	0.132587	11.937650	19.584613	0.198285	0.108661	11.124175	18.634709	0.103654	0.635459	11.411974	4.100842	0.182081	97.647200
157.500000	87.612000	1.564080	11.888000	6.567709	0.275855	0.110986	9.218869	21.067093	0.110501	0.139749	8.561525	20.837166	0.122333	0.910945	10.816912	5.283319	0.134038	97.609100
163.125000	87.612000	2.197979	11.821951	7.494565	0.444461	0.140601	7.233231	21.070260	0.061561	0.065485	6.441176	21.243073	0.076702	1.265265	10.173637	6.293279	0.174180	96.197400
168.750000	87.612000	2.399778	11.445677	9.100174	0.391616	0.076483	4.898121	21.393944	0.358658	0.066912	4.796322	20.966210	0.207099	1.269936	10.195114	7.558261	0.206640	95.330900
174.375000	87.612000	2.072418	10.873189	10.142637	0.902046	0.048469	4.115714	21.180756	1.241752	0.057916	3.444911	21.203602	1.025370	0.946039	10.012123	8.476204	0.247926	95.991000
180.000000	87.612000	1.471362	10.938164	10.359806	1.541585	0.042091	2.345910	21.288198	2.342178	0.078210	2.086838	20.908644	2.053293	0.370488	9.096792	9.343355	0.411742	94.678700
185.625000	87.612000	0.969770	9.591649	10.550964	2.085402	0.081197	1.320547	21.057593	3.747197	0.044432	1.014686	21.564269	3.484178	0.194588	8.366387	9.875218	0.965079	94.913200
191.250000	87.612000	0.448234	8.834655	11.250516	2.257513	0.094767	0.241843	21.039610	5.184552	0.080820	0.254849	20.866798	4.792398	0.205885	7.326174	10.581669	1.231234	94.691500
196.875000	87.612000	0.447968	7.815150	11.577548	1.986419	0.104211	0.067814	21.253817	7.096394	0.103483	0.048456	21.163904	6.601910	0.161374	6.089862	10.652287	1.340147	96.510600
202.500000	87.612000	0.291383	6.156940	11.708854	1.389435	0.114760	0.086435	20.529994	9.626947	0.150866	0.115332	21.169220	8.759999	0.156146	5.018966	10.860477	1.037490	97.173200
208.125000	87.612000	0.360374	5.305011	11.962531	1.116995	0.124945	0.220702	19.349597	12.047920	0.083397	0.073025	19.036657	11.019650	0.159935	4.109889	10.955400	0.648973	96.575000
213.750000	87.612000	1.401265	4.307131	11.853279	1.187239	0.573313	0.116064	18.349930	13.583442	0.278881	0.057991	18.001816	12.730010	0.680970	3.425028	11.419890	0.615283	98.581500
219.375000	87.612000	1.910904	3.482979	12.503928	1.894720	1.351649	0.092757	17.277654	15.108786	0.887583	0.188867	16.637862	14.581300	1.280895	2.424524	11.465808	1.182467	102.273000
225.000000	87.612000	2.215871	2.517196	12.751159	2.424897	0.393475	0.450632	16.315874	15.689880	1.006065	0.927231	15.825597	15.676648	1.436743	1.772167	11.253603	1.779869	102.437000
230.625000	87.612000	1.827755	1.702579	12.741320	3.312779	0.095450	1.254227	15.023285	17.241802	0.150079	0.878897	14.617265	16.894141	1.356331	1.133699	11.568726	2.620386	102.419000
236.250000	87.612000	1.282614	1.152123	12.333264	4.488166	0.112796	0.599476	13.507554	18.356150	0.097920	0.260469	12.969211	17.816902	0.712228	0.695104	11.132420	3.508913	99.025300
241.875000	87.612000	0.293438	1.195043	12.262126	5.156255	0.232271	0.123747	11.595870	20.022413	0.087331	0.101151	11.031107	19.240684	0.220361	0.578874	11.265445	4.138254	97.544500
247.500000	87.612000	0.316906	1.593281	11.634436	6.602622	0.105013	0.216353	9.577885	20.464850	0.146952	0.130725	8.685547	20.906495	0.168853	0.884572	10.988605	4.935217	97.358200
253.125000	87.612000	0.301375	2.231105	11.557869	7.779423	0.104572	0.111909	7.247051	21.156666	0.081413	0.064624	6.282523	20.884102	0.202686	1.280126	10.598973	6.023745	95.908200
258.750000	87.612000	0.392485	2.255059	11.236209	9.190403	0.290308	0.080559	5.052081	20.780391	0.295373	0.100262	4.900745	20.675437	0.179989	1.197712	10.383602	7.707199	94.717900
264.375000	87.612000	0.763547	2.195310	11.453933	9.801117	1.365413	0.087844	3.786103	21.163226	1.160367	0.048022	3.397320	21.042438	0.156382	0.959176	9.858197	8.430208	95.668700
270.000000	87.612000	1.349964	1.591099	10.772080	10.518946	2.432758	0.064832	2.248499	20.528524	2.065033	0.036858	2.103407	20.816469	0.448581	0.377324	9.245391	9.279783	93.879600
275.625000	87.612000	1.675096	0.995693	10.040940	11.193911	3.724126	0.044681	1.201229	21.306407	3.303426	0.066903	1.022145	20.530786	1.013135	0.231527	8.469871	10.149253	94.969100
281.250000	87.612000	2.028480	0.369181	8.813166	11.431087	4.988486	0.054726	0.290651	20.537458	4.585384	0.060045	0.192973	20.855714	1.312020	0.172836	7.462671	10.300668	93.455500
286.875000	87.612000	2.098883	0.347044	7.644984	11.368770	6.913900	0.101121	0.057575	21.114255	6.541312	0.100147	0.076669	21.173744	1.346265	0.202807	5.880722	10.566650	95.534800
292.500000	87.612000	1.540476	0.236041	6.361544	12.023604	9.437882	0.209589	0.106079	20.714229	8.953520	0.160208	0.143887	20.910679	0.926800	0.164988	4.935138	10.858781	97.683400
298.125000	87.612000	0.941940	0.361840	5.151007	12.049390	11.923965	0.206069	0.211311	19.145230	11.287533	0.083246	0.114190	18.808539	0.598496	0.254558	4.354123	11.390146	96.881600
303.750000	87.612000	0.834598	1.300766	4.118620	12.571334	13.268806	0.528258	0.095807	18.921637	12.709992	0.298972	0.061237	18.015048	0.688051	0.614834	3.608043	11.061790	98.697600
309.375000	87.612000	1.266758	1.896710	3.189017	12.333151	15.339618	1.223261	0.100678	17.176997	14.109684	0.856056	0.171211	16.792919	1.141175	1.275433	2.419887	11.429617	100.722000
315.000000	87.612000	1.652838	2.002637	2.384589	12.570995	16.043536	0.390179	0.393740	16.497508	16.023744	0.952428	0.917111	15.538443	1.922779	1.363219	1.997740	11.321269	101.973000
320.625000	87.612000	2.554473	1.901223	1.818797	12.125505	17.330583	0.126537	1.232976	14.529162	16.654035	0.115962	1.004751	14.292676	2.677285	1.165242	1.297724	11.437307	100.264000
326.250000	87.612000	3.512441	1.388813	1.213444	12.000193	18.423556	0.101868	0.570757	13.375569	17.841783	0.074440	0.200585	13.005854	3.382651	0.600074	0.724661	11.640769	98.057500
331.875000	87.612000	4.626213	0.304247	1.086648	12.216209	19.363282	0.210873	0.175746	11.694491	18.939393	0.091419	0.115235	11.033369	4.032813	0.217263	0.648421	11.083754	95.839400
337.500000	87.612000	5.969911	0.233435	1.443461	11.910733	20.827327	0.110335	0.191513	9.904228	20.902536	0.172213	0.133844	8.959831	5.288748	0.185648	0.967898	10.843049	98.044600
343.125000	87.612000	7.194574	0.314377	2.064920	11.736224	21.170125	0.063711	0.082858	7.193850	20.856280	0.096051	0.107328	6.723863	6.021732	0.159089	1.364180	10.217858	95.367100
348.750000	87.612000	8.562317	0.329369	2.356304	11.405979	20.564489	0.308736	0.100487	5.210937	21.389081	0.226278	0.067281	4.657167	7.409708	0.169023	1.243765	10.417260	94.418200
354.375000	87.612000	9.800664	0.972488	2.045772	10.953409	21.299169	1.337500	0.060225	3.814886	20.884215	1.061705	0.057095	3.387876	8.187037	0.210914	1.073232	9.456385	94.602600
2.812500	90.000000	10.091065	1.243641	0.765224	9.712901	21.411361	2.857020	0.047009	1.601368	20.925948	2.880725	0.058442	1.709500	10.253721	1.361126	0.698116	9.752349	95.369500
8.437500	90.000000	10.394346	1.716648	0.219532	8.503336	20.720337	4.513839	0.074617	0.730224	21.632014	4.670863	0.040162	0.716775	11.112469	1.721364	0.210830	8.574757	95.552100
14.062500	90.000000	10.784645	1.737220	0.432779	7.049108	20.480457	5.839917	0.095133	0.084552	20.869060	5.586782	0.082472	0.109791	10.845955	1.817531	0.288381	7.726459	93.830300
19.687500	90.000000	11.115625	1.667937	0.194488	5.681060	20.815791	7.856974	0.093583	0.093056	21.144112	7.800097	0.111224	0.092714	11.439456	1.485002	0.249861	6.161724	96.002700
25.312500	90.000000	11.334276	0.932975	0.154190	4.521518	20.203821	10.081225	0.290015	0.181842	20.195904	10.031010	0.224615	0.174487	11.303672	0.879374	0.193246	5.113176	95.815400
30.937500	90.000000	11.517720	0.703505	0.739580	3.529248	19.135164	12.259186	0.172364	0.129567	18.962691	12.271061	0.156710	0.113290	11.542149	0.769481	0.773567	4.130801	96.906200
36.562500	90.000000	11.683068	1.206160	1.326462	2.471844	17.419930	14.567050	0.926268	0.069879	17.516176	14.014683	0.852204	0.056313	11.890262	1.141322	1.443733	3.259013	99.844300
42.187500	90.000000	11.788475	1.924419	1.645453	1.865405	16.055863	15.271646	1.300608	0.408871	16.531438	15.054273	1.186696	0.300295	12.377825	1.848802	1.722348	2.615003	101.897000
47.812500	90.000000	11.737920	2.556022	1.717157	1.249974	15.855455	16.137180	0.314710	1.165513	15.536860	16.181062	0.337506	1.148130	11.983794	2.617084	1.597715	1.656752	101.793000
53.437500	90.000000	11.909941	3.580922	1.380251	0.729018	14.099732	17.542415	0.116192	0.982846	13.849108	17.147705	0.082692	0.838964	11.785760	3.431498	1.281359	1.090388	99.848900
59.062500	90.000000	12.023378	4.415591	0.753036	0.555880	12.219489	18.932833	0.108972	0.183756	12.332133	18.549886	0.129262	0.182909	11.858595	4.340981	0.695796	0.767451	98.049900
64.687500	90.000000	11.380872	5.233014	0.179765	0.834583	10.077696	19.970954	0.122916	0.215429	10.428377	20.110177	0.182885	0.265609	11.573363	5.326251	0.185665	0.854283	96.941900
70.312500	90.000000	11.297349	6.068995	0.227477	1.497431	8.047305	21.170916	0.076446	0.078669	8.018556	20.966210	0.073715	0.103182	11.233099	6.208897	0.235607	1.594424	96.898200
75.937500	90.000000	11.180101	7.281512	0.380996	1.721681	5.556076	21.076480	0.077295	0.069986	5.817569	21.103510	0.079480	0.067704	11.126199	7.522409	0.314270	1.784122	95.159400
81.562500	90.000000	10.552570	9.025869	0.288501	1.617201	4.472253	20.627371	0.739567	0.074707	4.401058	20.967228	0.681362	0.079360	10.728278	8.674317	0.274009	1.693044	94.896800
87.187500	90.000000	10.439517	9.793754	0.719002	1.065191	2.771281	20.932281	1.754456	0.045179	2.800426	20.981365	1.692321	0.035824	10.400160	9.522004	0.736748	1.307790	94.997300
92.812500	90.000000	9.679786	10.122517	1.294546	0.585125	1.698835	20.725878	2.609336	0.056746	1.659896	21.174083	3.025116	0.046675	9.384342	10.453191	1.365221	0.724732	94.606100
98.437500	90.000000	8.907557	10.539258	1.572166	0.226183	0.644974	20.961121	4.424096	0.071847	0.657546	21.380260	4.478813	0.072437	8.435399	10.588942	1.695453	0.293812	94.949900
104.062000	90.000000	7.335369	10.568211	1.812600	0.345726	0.109183	21.063022	5.759301	0.089425	0.125270	20.945853	5.794350	0.094648	7.522816	10.955445	1.678817	0.433709	94.633700
109.688000	90.000000	6.115569	11.485034	1.616704	0.245116	0.063186	21.133368	8.019540	0.102976	0.114149	21.238775	7.678031	0.092641	6.208670	11.726045	1.541765	0.203484	97.585000
115.312000	90.000000	5.194832	11.268871	0.952893	0.169608	0.173353	20.140600	10.588704	0.260989	0.134154	19.856273	10.122551	0.215657	5.016285	11.363568	0.942014	0.153369	96.553700
120.938000	90.000000	4.098896	11.980740	0.800120	0.779243	0.118199	18.771670	12.486624	0.141896	0.109597	18.860564	12.003586	0.131188	4.269379	11.717449	0.756940	0.715481	97.741400
126.562000	90.000000	3.213005	12.027902	1.273838	1.382671	0.077503	17.227212	13.698462	0.835828	0.120020	17.420722	13.894573	0.844856	3.453812	11.500981	1.231992	1.538146	99.741600
132.188000	90.000000	2.512163	11.916727	1.887176	1.722054	0.379193	16.388369	15.096685	1.296457	0.281480	16.057220	15.160811	1.328826	2.593345	12.232608	1.917373	1.657204	102.428000
137.812000	90.000000	1.699231	11.571215	2.653558	1.636993	1.137454	15.496936	16.802532	0.346600	1.268692	15.335207	16.545688	0.298905	1.756413	12.170517	2.605333	1.655021	102.980000
143.437000	90.000000	1.243833	11.891280	3.546088	1.369609	0.900861	13.541823	17.309095	0.096040	0.917521	13.827167	17.333863	0.065956	1.214021	11.756920	3.512611	1.514113	100.041000
149.062000	90.000000	0.829162	11.335180	4.293989	0.711541	0.115513	12.421593	18.581553	0.145147	0.148242	12.360069	18.599309	0.124733	0.810976	11.627424	4.119265	0.657218	96.880800
154.688000	90.000000	1.017607	11.239783	5.177924	0.163350	0.193305	10.347976	20.355485	0.175409	0.291798	10.130490	20.248947	0.199828	0.964777	11.116767	5.136033	0.180130	96.939700
160.312000	90.000000	1.695906	11.316859	6.259643	0.260264	0.097029	8.001716	21.750427	0.104101	0.117588	7.877931	21.207334	0.065189	1.554941	10.945911	6.236956	0.194137	97.685900
165.938000	90.000000	1.986102	10.725382	7.328945	0.354354	0.064427	5.781999	21.213441	0.073766	0.089936	5.665622	20.750873	0.073816	1.935616	10.855150	7.702132	0.454730	95.056200
171.562000	90.000000	1.680841	10.545354	8.791938	0.232021	0.074266	4.518781	21.177137	0.767725	0.058859	4.325362	20.996068	0.627185	1.767768	10.528729	8.701562	0.252994	95.046600
177.188000	90.000000	1.306014	10.001152	9.436989	0.763286	0.062912	2.825613	20.955240	1.789324	0.049519	2.795359	21.157684	1.554150	1.243901	10.403530	9.470635	0.783417	94.598800
182.812000	90.000000	0.683779	9.783847	10.430062	1.364338	0.075029	1.648371	21.132690	2.756352	0.047568	1.530139	21.156892	2.876382	0.738997	9.512097	9.994920	1.361522	95.093000
188.438000	90.000000	0.265223	8.875822	11.071200	1.710043	0.054688	0.641395	20.938615	4.573600	0.058068	0.646496	20.605090	4.225113	0.308324	8.709671	10.394120	1.812215	94.889700
194.062000	90.000000	0.364498	7.754055	10.932034	1.769973	0.083240	0.077879	21.046396	5.884918	0.078837	0.094008	21.053521	5.642584	0.400550	7.810547	10.738185	1.811163	95.542400
199.687000	90.000000	0.250151	6.181527	11.044396	1.564204	0.077662	0.085433	20.828910	7.914427	0.051358	0.053012	21.187655	7.721800	0.241346	6.123022	11.577661	1.482830	96.385300
205.312000	90.000000	0.197325	5.263392	11.276189	0.755597	0.248441	0.179828	20.145576	10.391700	0.262045	0.176457	20.438272	10.103415	0.147136	4.951367	11.303694	0.851683	96.692000
210.938000	90.000000	0.735510	4.258612	11.900328	0.652056	0.165146	0.136527	18.963256	12.509809	0.188284	0.097219	18.281958	12.429963	0.797497	4.333585	11.429391	0.758764	97.638000
216.562000	90.000000	1.296921	3.215742	12.171422	1.108417	0.927060	0.070833	17.685709	13.602443	0.801047	0.083647	17.195997	14.113303	1.332468	3.325808	12.327836	1.032117	100.291000
222.188000	90.000000	1.836361	2.575566	11.942513	1.882618	1.191729	0.314042	16.241004	15.529282	1.252971	0.360355	16.132656	15.063095	1.658719	2.474649	11.911524	1.742988	102.110000
227.812000	90.000000	1.816253	1.498144	11.759522	2.410477	0.286878	1.222605	15.276057	16.219628	0.290317	1.186459	15.344707	16.587081	1.608957	1.828807	11.569179	2.570160	101.475000
233.438000	90.000000	1.318545	1.243053	12.116570	3.431351	0.074532	0.795739	14.444679	17.396858	0.089268	0.792561	14.226627	17.259671	1.405528	1.196513	11.486392	3.482199	100.760000
239.062000	90.000000	0.775368	0.772237	11.603108	4.452450	0.121072	0.194103	12.296395	18.521159	0.107229	0.126070	12.416504	18.355698	0.729395	0.813960	11.494761	4.344035	97.123600
244.687000	90.000000	0.176707	0.858520	11.272547	4.878386	0.146115	0.267185	10.296732	20.516875	0.154336	0.217443	10.505973	19.487010	0.188502	0.913014	11.399194	5.225040	96.503600
250.312000	90.000000	0.189722	1.565810	11.543732	6.233326	0.104670	0.080198	7.589374	20.936013	0.073948	0.092758	8.096955	21.094236	0.262095	1.523726	11.111836	6.251093	96.749500
255.937000	90.000000	0.306564	1.874464	11.076357	7.411144	0.103249	0.107876	5.681671	21.060081	0.104239	0.090845	5.669151	20.810475	0.430420	1.804920	10.759719	7.576413	94.867500
261.562000	90.000000	0.241137	1.721930	10.543748	8.750929	0.732755	0.060045	4.195052	20.958067	0.609035	0.065687	4.320861	20.384098	0.257678	1.677019	10.405362	8.981648	93.905000
267.188000	90.000000	0.523830	1.381224	9.962156	9.662674	1.608798	0.053614	2.839286	21.351420	1.720878	0.039284	2.960051	21.017104	0.700048	1.338349	10.403304	9.844490	95.406500
272.812000	90.000000	1.063298	0.858440	9.362288	10.376997	2.878678	0.048915	1.703551	21.061438	2.980635	0.071600	1.636586	20.879012	1.421588	0.679523	9.435699	10.334586	94.792800
278.438000	90.000000	1.442296	0.207421	8.891611	10.959313	4.231299	0.066856	0.602626	21.140606	4.230508	0.077320	0.609443	20.817374	1.728003	0.278288	8.580627	10.609706	94.473300
284.062000	90.000000	1.744244	0.346366	7.791479	11.394104	5.568901	0.093328	0.086148	21.424028	5.825768	0.061193	0.080877	20.875619	1.835230	0.345667	7.638447	11.387545	96.498900
289.688000	90.000000	1.585681	0.265921	6.251727	11.244917	7.686491	0.083178	0.090544	21.477976	7.761135	0.137609	0.077324	20.502737	1.745612	0.218959	6.138595	11.193628	96.462100
295.312000	90.000000	0.791780	0.174991	5.201878	11.860631	10.034188	0.287895	0.144023	20.163106	10.087853	0.271389	0.147817	20.229155	0.823937	0.184518	5.258121	11.449635	97.110900
300.938000	90.000000	0.607640	0.688650	4.167094	11.440926	12.375110	0.165717	0.126450	18.643191	12.298996	0.184402	0.114067	18.789991	0.725921	0.635341	4.507947	11.467731	96.939000
306.562000	90.000000	0.824175	1.313467	3.458358	11.865946	13.922508	0.937238	0.047326	17.112419	13.869805	0.891250	0.087425	17.992881	1.182240	1.310312	3.384381	11.761897	99.961700
312.187000	90.000000	1.220908	1.621103	2.505875	12.230346	15.536407	1.193742	0.272703	16.401149	15.419691	1.203650	0.291450	16.791109	1.714601	1.645057	2.736922	11.807475	102.592000
317.812000	90.000000	1.771817	1.652194	1.793656	11.458683	16.397756	0.280201	1.264270	15.325368	17.013119	0.325637	1.333836	15.297998	2.529411	1.667960	1.799741	11.840952	101.753000
323.438000	90.000000	2.748944	1.412133	1.166735	12.092820	17.778901	0.094311	0.850709	14.385868	17.741918	0.066643	0.951076	14.098601	3.319576	1.440487	1.184389	11.809058	101.142000
329.062000	90.000000	3.634632	0.646100	0.657498	11.921929	18.329685	0.131137	0.165863	12.270609	18.401276	0.077715	0.147045	12.673009	4.227895	0.639079	0.803770	11.691889	96.419100
334.688000	90.000000	4.628260	0.159216	0.884254	11.402586	20.316240	0.156938	0.229106	10.183680	19.934423	0.185519	0.267053	10.249333	5.335559	0.196544	0.904263	11.680693	96.713600
340.312000	90.000000	5.846736	0.207062	1.640590	11.340496	20.927305	0.073663	0.082446	8.008196	20.974127	0.074429	0.125669	7.911283	6.289433	0.245995	1.581519	11.174989	96.503900
345.938000	90.000000	7.286092	0.433135	1.906346	11.071483	20.940650	0.064884	0.108550	5.707491	21.011223	0.095733	0.098555	5.684747	7.639205	0.327676	1.840354	11.289546	95.505700
351.562000	90.000000	8.583183	0.312222	1.751007	10.352636	20.807082	0.684459	0.050373	4.425284	21.475940	0.708410	0.093565	4.292474	9.022883	0.228541	1.736349	10.330469	94.854800
357.187000	90.000000	9.700800	0.686126	1.296853	10.023500	21.157232	1.716218	0.058039	3.066668	21.594127	1.824950	0.057565	2.884073	9.814813	0.686808	1.323804	10.549753	96.441300
0.000000	92.388000	9.565942	0.483272	0.401730	9.258872	20.838750	2.065101	0.081683	2.047831	20.873018	2.492665	0.087791	2.614765	10.480221	1.626147	1.584595	10.667375	95.169700
5.625000	92.388000	9.810402	0.977264	0.212564	8.743600	20.726896	3.379925	0.041167	1.163613	21.370873	3.884950	0.064159	1.291164	11.260706	2.256869	0.930699	9.462470	95.577300
11.250000	92.388000	10.106276	1.230895	0.245780	7.223911	21.118665	4.741504	0.077686	0.302325	20.502850	4.964419	0.068637	0.355065	11.348074	2.167748	0.368532	9.083051	93.905400
16.875000	92.388000	10.803600	1.290655	0.247186	5.632100	21.467118	6.291198	0.058452	0.064711	20.629859	6.986441	0.101462	0.076655	11.714961	2.205262	0.491429	7.814246	95.875400
22.500000	92.388000	11.106079	0.852901	0.171764	4.621361	20.594572	8.896395	0.155361	0.116892	21.106677	9.643878	0.183919	0.087502	11.873524	1.246276	0.257457	6.338619	97.253200
28.125000	92.388000	11.273803	0.593208	0.158076	3.738195	18.576350	11.212967	0.109230	0.084557	19.888619	11.687592	0.133058	0.246029	12.566584	1.223600	0.345500	5.254525	97.091800
33.750000	92.388000	11.233461	0.635399	0.675284	2.914688	18.076121	12.908138	0.264252	0.077657	18.206861	13.457904	0.599962	0.126723	12.308270	1.287896	1.305132	4.253794	98.331500
39.375000	92.388000	11.264608	1.221643	1.178712	2.066288	16.932254	14.456215	0.886481	0.188598	17.400817	15.111953	1.135316	0.097975	12.469434	1.831543	1.860689	3.351877	101.454000
45.000000	92.388000	11.039284	1.979667	1.339016	1.435002	15.659344	15.525437	1.030640	0.980754	16.602915	16.552587	0.389107	0.401654	12.123695	2.554530	2.092323	2.602279	102.308000
50.625000	92.388000	11.422718	2.678563	1.152767	0.841078	14.312807	17.045804	0.183972	1.006809	15.085827	17.645559	0.086152	1.161985	12.306234	3.264023	1.925595	1.715438	101.835000
56.250000	92.388000	11.361080	3.281949	0.618915	0.503852	12.829083	17.765782	0.095538	0.294797	13.644176	18.133009	0.084920	0.585790	12.413790	4.218463	1.259961	1.149962	98.241100
61.875000	92.388000	11.189059	4.288052	0.155993	0.602771	11.274606	18.870630	0.078516	0.090761	11.725253	19.848695	0.236065	0.187873	12.052218	5.347265	0.324863	1.116584	97.389200
67.500000	92.388000	10.912377	4.763558	0.172060	0.839123	8.713924	21.222036	0.115569	0.175927	9.725048	20.675663	0.070254	0.195591	11.769814	6.357360	0.231386	1.368195	97.307900
73.125000	92.388000	10.889758	6.016247	0.164464	1.234367	6.318330	20.910566	0.045931	0.089778	7.079350	20.598757	0.069994	0.132508	11.552893	7.829514	0.500356	2.065338	95.498000
78.750000	92.388000	10.236101	7.177089	0.174358	1.215423	4.320352	20.977407	0.210722	0.062316	5.311492	21.517220	0.290759	0.082784	10.772702	9.365387	0.429633	2.428449	94.572100
84.375000	92.388000	9.497677	8.554502	0.252901	0.902298	3.350011	21.195459	1.019415	0.050341	3.921130	21.094350	1.293596	0.053926	10.925813	9.922640	0.973289	2.144178	95.151500
90.000000	92.388000	9.155128	9.478088	0.418034	0.391078	2.116537	21.268633	2.030617	0.090099	2.422568	21.000479	2.413124	0.065449	10.436882	10.754957	1.657509	1.506038	95.205300
95.625000	92.388000	8.617191	9.708015	0.908888	0.220430	0.910633	21.088921	3.362486	0.049555	1.212449	21.072296	3.986896	0.089853	10.100791	11.082985	1.996654	1.008595	95.416700
101.250000	92.388000	7.448048	10.250000	1.287817	0.248995	0.251623	21.128844	4.457935	0.078715	0.334444	20.801541	5.257002	0.090736	9.083639	11.107312	2.356394	0.351392	94.534400
106.875000	92.388000	5.885393	10.590842	1.139037	0.178833	0.086505	21.449928	6.198854	0.081686	0.070855	20.670235	6.892208	0.145549	7.771800	11.467957	2.150150	0.445619	95.225400
112.500000	92.388000	5.426501	11.018904	1.006497	0.148890	0.116608	20.485094	8.553563	0.168449	0.118516	20.940990	9.200740	0.214845	6.503289	11.877369	1.517981	0.291896	97.590200
118.125000	92.388000	4.088322	11.324889	0.657350	0.228420	0.133969	18.767485	11.433236	0.091445	0.221577	20.564828	11.871149	0.217730	5.464253	11.896256	1.190553	0.280385	98.431900
123.750000	92.388000	3.561899	11.059121	0.702339	0.602880	0.059397	17.810116	13.087624	0.267355	0.126062	18.560064	13.614544	0.495380	4.354666	12.028920	1.160299	1.324336	98.815000
129.375000	92.388000	2.700357	11.233212	1.112664	1.209870	0.218350	16.786924	14.267568	0.888276	0.078707	16.599070	14.745404	1.242634	3.442083	12.250816	1.924238	1.996586	100.697000
135.000000	92.388000	1.851912	11.358931	1.912057	1.463140	1.007234	15.734101	15.747221	0.954568	0.434445	16.379209	15.680380	0.372983	2.456655	12.518631	2.553432	2.150014	102.575000
140.625000	92.388000	1.234582	11.667234	2.505977	1.267357	0.931067	14.581639	16.841098	0.145353	1.247577	15.079381	17.568088	0.089795	1.779394	12.431207	3.342060	1.890897	102.603000
146.250000	92.388000	0.699213	11.252665	3.448700	0.645626	0.309726	12.805446	17.685030	0.097147	0.628433	13.676748	18.247690	0.110927	1.150132	11.951109	4.448548	1.419191	98.576300
151.875000	92.388000	0.667836	11.092858	4.152142	0.172610	0.079241	10.914560	18.897095	0.086246	0.149915	11.712586	19.565387	0.237706	1.173475	12.567715	5.508722	0.289453	97.267600
157.500000	92.388000	0.940772	10.495896	5.061671	0.136669	0.105542	8.581995	21.133368	0.150310	0.257294	9.537905	20.660847	0.105246	1.580592	12.055497	6.273193	0.247061	97.323900
163.125000	92.388000	1.234831	10.527835	6.059936	0.164748	0.062352	6.079728	21.490077	0.059965	0.155072	7.126184	21.017217	0.069662	2.043250	11.542035	7.960458	0.453396	96.046800
168.750000	92.388000	1.330183	10.440501	7.639013	0.219770	0.081682	4.857859	21.413510	0.218035	0.100123	5.026362	20.753248	0.272506	2.348353	11.082442	9.060782	0.433345	95.277700
174.375000	92.388000	0.950213	9.979562	8.422178	0.172010	0.057081	3.303494	21.327217	1.010199	0.040228	4.084838	21.120249	1.288823	2.027225	11.266689	9.866612	0.945600	95.862200
180.000000	92.388000	0.384443	9.404586	9.325407	0.418948	0.068244	2.069195	20.995163	2.073617	0.062712	2.375824	21.117534	2.239599	1.622664	10.553881	10.666956	1.546844	94.925600
185.625000	92.388000	0.208907	8.367721	9.616090	0.936003	0.070996	1.008281	21.431380	3.384811	0.090628	1.260244	20.972770	3.723832	0.965978	9.545607	10.956791	2.055838	94.595900
191.250000	92.388000	0.165613	7.322736	10.372077	1.214677	0.067249	0.194645	21.291139	4.758265	0.072724	0.282262	21.331628	4.966896	0.482333	8.824917	11.102109	2.360081	94.809300
196.875000	92.388000	0.199598	5.668789	10.115799	1.309237	0.084998	0.092194	21.093219	6.417584	0.086770	0.064523	20.620246	7.261109	0.420730	7.537315	11.600281	2.120360	94.692700
202.500000	92.388000	0.158078	4.813129	10.872171	0.968131	0.137297	0.141496	20.847797	8.489572	0.203577	0.134893	20.989395	9.479344	0.249703	6.294285	12.140207	1.466737	97.385800
208.125000	92.388000	0.223239	4.223677	11.334163	0.627607	0.073967	0.099789	19.058145	10.858204	0.171742	0.250495	19.381490	11.800576	0.310475	5.182889	12.148690	1.156624	96.901700
213.750000	92.388000	0.681998	3.129482	11.293504	0.624034	0.296230	0.086252	17.405001	12.997146	0.513215	0.123778	17.803896	13.344920	1.436664	4.228234	12.201054	1.168861	97.334300
219.375000	92.388000	1.213806	2.567547	11.654454	1.120090	0.955376	0.169287	16.971952	14.043975	1.078650	0.111599	17.143294	15.155269	1.879712	3.289459	12.462195	1.887199	101.704000
225.000000	92.388000	1.483170	2.121073	11.529369	1.852851	0.973155	0.994245	15.625641	15.558348	0.416716	0.369171	16.168282	16.121120	2.202559	2.503704	12.433582	2.693684	103.047000
230.625000	92.388000	1.126521	1.250766	11.332240	2.560275	0.152591	0.969271	14.136941	16.796764	0.062542	1.205403	14.632420	17.227552	1.952433	1.796970	12.591692	3.545986	101.340000
236.250000	92.388000	0.758077	0.687928	11.293538	3.458121	0.068117	0.263944	13.234650	18.057460	0.122324	0.578309	13.549739	18.622720	1.311364	1.112285	12.039664	4.334727	99.492900
241.875000	92.388000	0.213830	0.614924	11.274549	4.362979	0.064765	0.115054	10.888808	18.793384	0.227619	0.231117	11.825344	19.567649	0.311148	1.121202	12.097230	5.515237	97.224900
247.500000	92.388000	0.137733	0.929321	10.712195	4.927187	0.132634	0.179325	8.749481	20.906947	0.078894	0.149454	9.107072	20.590162	0.298919	1.403380	11.884494	6.447713	96.634800
253.125000	92.388000	0.178775	1.359068	10.646825	5.721051	0.054184	0.084698	6.366045	21.103850	0.088834	0.124475	6.988103	20.587900	0.409298	1.958823	11.594626	7.963952	95.230600
258.750000	92.388000	0.191426	1.317267	10.440818	7.596103	0.217494	0.060640	4.624708	21.486797	0.353695	0.086614	5.049061	21.095367	0.446556	2.338525	11.205266	8.926388	95.436800
264.375000	92.388000	0.200389	0.959054	9.988757	8.397308	1.112290	0.040606	3.348032	21.087677	1.370231	0.086430	3.801857	20.634609	0.901838	2.227203	10.766844	10.187175	95.110400
270.000000	92.388000	0.344094	0.428361	9.695982	9.452302	2.091995	0.090556	2.012929	20.523773	2.306190	0.068858	2.335053	21.126469	1.502317	1.713832	10.586069	10.542583	94.821300
275.625000	92.388000	0.785511	0.161381	8.352329	10.040363	3.316591	0.050002	1.084459	20.810815	3.780256	0.065437	1.213105	20.718640	1.964897	0.962760	9.824992	10.949609	94.081200
281.250000	92.388000	1.246299	0.225972	7.322057	10.211151	4.525488	0.089352	0.237414	20.930132	4.988395	0.092461	0.313444	20.745331	2.239689	0.438558	8.879724	11.475760	93.961200
286.875000	92.388000	1.225025	0.176571	5.865782	10.400454	6.449330	0.067764	0.039499	21.014050	7.107218	0.128257	0.061399	21.299847	2.042425	0.362225	7.532249	11.694717	95.466900
292.500000	92.388000	0.866055	0.113255	4.730613	10.659175	8.560722	0.198910	0.120791	20.518232	9.239001	0.179536	0.063163	20.859333	1.394807	0.281198	6.509159	11.518172	95.812000
298.125000	92.388000	0.599820	0.194662	4.012976	11.132612	10.978381	0.091917	0.109729	19.396985	11.744480	0.138941	0.217957	19.640483	1.137137	0.369940	5.295579	12.351812	97.413500
303.750000	92.388000	0.542064	0.612928	3.564217	11.186062	12.710896	0.312046	0.073696	18.061192	13.403391	0.569108	0.087586	18.079061	1.351954	1.396368	4.465569	12.565566	98.981600
309.375000	92.388000	0.857269	1.263354	2.485438	11.614644	14.139090	0.966280	0.171425	16.519223	14.523055	1.238144	0.072908	17.304910	1.889042	1.899628	3.434393	12.475767	100.855000
315.000000	92.388000	1.396345	1.474292	1.819657	11.689401	15.388363	0.928913	0.911560	15.194514	15.855455	0.460423	0.353202	16.031321	2.622422	2.137630	2.564279	12.351134	101.179000
320.625000	92.388000	1.979215	1.217459	1.138008	11.501773	16.977041	0.163569	0.874828	14.490370	16.728340	0.098094	1.276258	15.400577	3.691633	1.881544	1.828773	12.409718	101.657000
326.250000	92.388000	2.901071	0.695365	0.762253	11.229310	17.748478	0.063651	0.301398	13.009700	18.510867	0.094066	0.573252	13.621895	4.241614	1.385669	1.163851	12.466606	98.769000
331.875000	92.388000	3.795841	0.222999	0.574064	11.371598	19.531797	0.143870	0.147663	11.169040	19.872672	0.227901	0.195717	11.890036	5.549019	0.320185	1.083646	12.128332	98.224300
337.500000	92.388000	4.520376	0.159341	0.911244	11.094996	21.295210	0.153643	0.157896	8.709942	20.658133	0.073395	0.181813	9.609971	6.379481	0.230766	1.343517	12.046789	97.526600
343.125000	92.388000	5.807345	0.166194	1.116847	10.430130	21.286954	0.108071	0.066136	6.238347	20.861595	0.095043	0.073272	7.177146	7.574536	0.360791	2.270203	11.418759	95.051300
348.750000	92.388000	7.266334	0.190776	1.372730	10.033973	21.249632	0.239627	0.069695	4.537556	21.490303	0.301628	0.088946	4.971770	9.000456	0.443515	2.282485	11.454272	94.993700
354.375000	92.388000	8.534529	0.238901	0.964821	9.697938	20.591293	0.938733	0.035176	3.311151	20.918483	1.250710	0.069260	3.982044	9.915108	0.968095	2.076207	11.298130	94.790600
2.812500	94.780200	8.908451	0.214383	0.132600	8.351141	21.371212	2.478675	0.054885	1.417619	20.932168	3.352623	0.077836	2.070507	11.271993	2.353013	1.762023	10.621016	95.370200
8.437500	94.780200	9.182135	0.561587	0.150492	7.270813	21.317264	3.825925	0.052162	0.631738	20.622621	4.708287	0.079986	0.927170	11.426337	2.527929	1.020621	10.147749	94.452800
14.062500	94.780200	9.841730	0.742353	0.345297	6.013431	21.673634	5.058312	0.063983	0.122849	20.287061	6.390146	0.092577	0.092803	11.785308	2.581673	0.620856	9.299315	95.011300
19.687500	94.780200	10.163051	0.619433	0.109985	4.858073	21.273270	7.071614	0.094867	0.137459	20.921763	8.381327	0.124448	0.091705	12.299448	2.142177	0.370675	8.032829	96.692100
25.312500	94.780200	10.523662	0.589124	0.109106	3.687211	19.372895	9.389035	0.129981	0.102885	20.756980	10.785143	0.259255	0.116353	12.660794	1.465968	0.252333	6.465073	96.665800
30.937500	94.780200	10.802831	0.471953	0.192164	3.145565	18.190915	11.557869	0.104219	0.067611	18.585851	13.094296	0.250168	0.268660	12.946817	1.441233	0.733272	5.194153	97.047500
36.562500	94.780200	11.226460	0.878936	0.230909	2.474705	16.803324	13.545329	0.402870	0.063860	17.855920	14.030403	0.879811	0.117243	12.952812	1.883342	1.644005	4.195334	99.185400
42.187500	94.780200	10.818993	1.533295	0.617807	1.739697	15.552015	14.178787	0.961476	0.753975	16.557111	15.367100	0.543228	0.091528	12.975092	2.538368	1.828173	3.344130	99.400700
47.812500	94.780200	10.854245	2.178040	0.634301	1.140949	14.822537	15.856020	0.822781	0.833139	16.067625	16.603254	0.065394	0.506236	13.096332	3.481238	1.926896	2.375892	101.265000
53.437500	94.780200	10.791499	2.870490	0.295211	0.708511	13.172447	17.003167	0.063016	0.410989	14.634117	18.358412	0.099199	1.024283	13.037408	4.349984	1.785106	1.842095	100.446000
59.062500	94.780200	10.934952	3.273885	0.161561	0.490254	11.631495	18.155063	0.033746	0.128093	13.140440	19.181421	0.229744	0.240256	12.925781	5.432325	0.852381	1.377073	98.188400
64.687500	94.780200	10.948976	3.936726	0.144710	0.547764	9.310467	19.445164	0.085244	0.173696	10.910014	20.703711	0.097521	0.252434	12.897620	6.666059	0.231211	1.636439	97.987800
70.312500	94.780200	10.762433	4.739740	0.122713	0.704930	7.311494	21.210274	0.131669	0.114219	8.390069	20.449016	0.072232	0.175673	12.307365	7.594283	0.374875	2.286444	96.747300
75.937500	94.780200	10.090375	5.723675	0.289103	0.674735	5.181170	21.489851	0.058718	0.080276	6.050560	20.692515	0.082560	0.112783	12.044075	9.084770	0.589433	2.710106	94.954600
81.562500	94.780200	9.553649	7.463983	0.125634	0.530717	3.832552	20.867024	0.534223	0.033174	5.053008	21.099213	0.770525	0.050703	11.889357	9.769642	1.107542	2.462333	95.143300
87.187500	94.780200	8.419554	8.388656	0.156086	0.175733	2.447483	21.397224	1.420536	0.063996	3.193937	20.547411	1.812611	0.055426	11.428486	10.891409	1.822903	2.260262	94.481700
92.812500	94.780200	8.398868	8.826670	0.240226	0.139369	1.352022	20.939180	2.337134	0.043069	1.922270	21.533506	3.218535	0.059522	10.851610	11.331335	2.489781	1.950940	95.634100
98.437500	94.780200	6.997049	9.245051	0.554558	0.121254	0.548887	20.885119	3.796304	0.038255	0.782084	21.127261	4.755426	0.041785	10.079178	11.553571	2.696987	1.128247	94.351000
104.062000	94.780200	5.843163	9.926440	0.718946	0.352883	0.091538	21.318961	5.047602	0.072526	0.081573	20.686973	6.142022	0.083438	9.393774	11.909941	2.603060	0.684385	94.957300
109.688000	94.780200	4.829177	10.205485	0.699167	0.199108	0.134061	20.983853	6.955735	0.095441	0.091144	20.328907	8.828061	0.158738	7.705570	12.196304	2.315317	0.351764	96.077800
115.312000	94.780200	4.065329	10.244436	0.599605	0.213921	0.126516	19.308995	9.464211	0.133377	0.147649	20.528637	11.309688	0.253324	6.549817	12.144166	1.680615	0.200156	96.970400
120.938000	94.780200	3.244152	10.695875	0.512366	0.200235	0.037490	18.248594	11.760087	0.084073	0.268578	19.208791	12.944329	0.252222	5.626638	12.712819	1.370061	0.730950	97.897300
126.562000	94.780200	2.696127	11.045120	0.921081	0.287387	0.067519	16.917213	13.425785	0.384456	0.120427	17.892564	14.348885	1.140021	4.205739	12.721188	1.805859	1.540759	99.520200
132.188000	94.780200	2.111211	10.890606	1.431066	0.650772	0.792847	16.019898	14.358951	0.802791	0.106645	16.959511	16.249033	0.539596	3.351074	13.197780	2.505683	1.837334	101.805000
137.812000	94.780200	1.272797	11.045154	2.047039	0.552944	0.930051	14.204347	15.744506	0.938650	0.592405	16.457246	16.910992	0.065015	2.475090	13.352498	3.369294	1.804920	101.763000
143.437000	94.780200	0.965710	10.641193	2.603795	0.269564	0.340070	13.005854	17.525902	0.065119	1.070988	14.570556	17.741579	0.094062	1.843362	12.967627	4.220035	1.600101	99.525500
149.062000	94.780200	0.470621	10.764344	3.304998	0.240144	0.101991	11.500868	18.413038	0.073137	0.240112	12.979955	18.990061	0.189746	1.458243	12.635461	5.483095	0.774988	97.620800
154.688000	94.780200	0.610454	10.690469	3.994044	0.116047	0.081930	9.296160	19.473212	0.088235	0.299055	11.067513	20.538476	0.107549	1.533295	12.320598	6.411149	0.295189	96.923400
160.312000	94.780200	0.734908	9.823307	4.763151	0.122918	0.066131	6.920731	21.571168	0.102909	0.120484	8.720189	20.647389	0.079859	2.142131	12.483910	8.112404	0.321165	96.732700
165.938000	94.780200	0.775696	9.960358	5.921177	0.336217	0.073269	4.990759	21.279829	0.062250	0.111597	6.272209	20.495725	0.120264	2.462344	12.321615	9.161257	0.570184	94.914800
171.562000	94.780200	0.496468	9.222341	7.273606	0.116197	0.065720	4.107695	21.409099	0.541862	0.058052	4.958515	20.716604	0.814370	2.636242	11.692794	9.967381	1.202146	95.279200
177.188000	94.780200	0.247731	9.197154	8.410981	0.166502	0.077648	2.457877	21.114820	1.285001	0.082612	3.147612	20.883197	2.025381	2.293580	11.131402	11.191264	1.930289	95.643000
182.812000	94.780200	0.166811	8.167075	8.672213	0.209903	0.079576	1.314824	20.997086	2.299280	0.083661	1.922225	21.392813	3.145033	1.981884	11.038945	11.773433	2.381276	95.626100
188.438000	94.780200	0.164446	7.500932	9.278177	0.560317	0.062029	0.484970	20.970395	4.035030	0.084542	0.775272	21.183470	4.778951	1.104889	9.850156	11.475308	2.724515	95.033400
194.062000	94.780200	0.362206	5.833368	9.983939	0.808982	0.069872	0.067443	21.066528	4.937321	0.101839	0.097609	20.897447	6.397509	0.598172	9.014457	11.784403	2.510455	94.531600
199.687000	94.780200	0.132544	4.829516	10.515293	0.765720	0.061844	0.121407	20.777677	7.003225	0.145781	0.064116	20.931263	8.881590	0.377358	8.138620	12.452356	2.299552	97.497900
205.312000	94.780200	0.191607	4.156259	10.684226	0.549953	0.110690	0.060020	19.490290	9.470341	0.287260	0.139888	20.459760	10.873721	0.299164	6.610313	12.590335	1.588724	97.562500
210.938000	94.780200	0.190778	3.225660	11.138742	0.438318	0.123546	0.046668	17.911677	11.475874	0.250523	0.255292	19.557922	13.111487	0.810387	5.430448	12.684319	1.330963	97.982500
216.562000	94.780200	0.281196	2.595437	10.914866	0.941142	0.368349	0.050489	17.167384	13.325241	1.020047	0.149269	18.051353	14.827174	1.705248	4.413273	12.738718	1.872225	100.421000
222.188000	94.780200	0.638498	2.004401	11.128552	1.338880	0.794787	0.708947	16.189997	15.003832	0.569260	0.106944	16.587534	15.753328	1.904514	3.361015	13.161476	2.647201	101.899000
227.812000	94.780200	0.676393	1.461082	11.152653	1.957918	0.861099	0.809794	14.537079	15.704470	0.065309	0.598832	16.228337	16.883962	1.895557	2.496522	13.061837	3.339176	101.730000
233.438000	94.780200	0.252117	0.867817	10.743365	2.696942	0.049305	0.439558	13.368897	16.915177	0.155550	0.994184	14.230585	17.750061	1.733556	1.848010	12.874435	4.210885	99.130600
239.062000	94.780200	0.179066	0.469193	10.986445	3.242704	0.083442	0.073378	11.959252	18.354114	0.240563	0.232833	12.812797	18.679721	0.820911	1.238665	12.895358	5.441916	97.710300
244.687000	94.780200	0.168563	0.627272	10.753023	4.195662	0.096342	0.151165	9.495256	19.291013	0.127586	0.264392	11.463546	20.340669	0.210531	1.567834	12.460273	6.110604	97.323700
250.312000	94.780200	0.138269	0.796360	9.946990	4.733214	0.133166	0.113672	6.913199	20.950490	0.080527	0.169245	8.317314	20.751212	0.323073	2.154041	12.204447	7.937352	95.662600
255.937000	94.780200	0.313915	0.677924	9.841040	5.585708	0.095283	0.068569	5.211062	21.318056	0.089359	0.082759	6.278553	20.919727	0.577601	2.490347	11.677074	9.239736	94.466700
261.562000	94.780200	0.155427	0.545921	9.230337	7.194834	0.604993	0.046867	3.708247	21.380033	0.931436	0.053081	4.865165	20.504095	1.077068	2.614313	11.516815	10.033181	94.461800
267.188000	94.780200	0.110799	0.278050	8.986511	7.955640	1.297645	0.055179	2.480677	21.739457	1.872066	0.083625	3.263571	21.252120	1.834280	2.516223	11.415027	11.010716	96.151700
272.812000	94.780200	0.210716	0.162334	8.330908	9.051858	2.477250	0.060718	1.328973	21.423689	3.254353	0.057569	1.892164	21.026265	2.248986	1.760349	10.646565	11.549161	95.481900
278.438000	94.780200	0.386229	0.192164	7.218822	9.563352	4.029387	0.056477	0.514534	21.178381	4.886778	0.077080	0.794880	20.885233	2.444520	1.120557	10.305180	11.518059	95.171700
284.062000	94.780200	0.659445	0.302694	5.887146	9.991595	4.976588	0.079328	0.098825	21.119910	6.340304	0.088131	0.081324	20.314430	2.604914	0.504228	9.133130	12.045545	94.227600
289.688000	94.780200	0.695415	0.122160	4.875434	10.484790	7.114083	0.087985	0.150091	20.638567	8.656832	0.135263	0.065584	20.650669	2.289588	0.360923	7.997735	11.898971	96.224100
295.312000	94.780200	0.558688	0.164017	3.891216	10.243859	9.524334	0.142722	0.076959	19.482147	10.939487	0.275356	0.108839	20.391336	1.651470	0.225094	6.428690	12.423629	96.527800
300.938000	94.780200	0.435999	0.189631	3.149139	10.850626	11.566465	0.094662	0.055331	18.320864	13.074504	0.306062	0.220067	18.678930	1.267934	0.815237	5.459050	12.717117	97.201700
306.562000	94.780200	0.710902	0.346487	2.721721	11.026685	13.541144	0.385671	0.067257	16.560617	14.661939	0.928160	0.086839	18.088449	1.731068	1.810858	4.539670	12.430076	99.637400
312.187000	94.780200	1.208004	0.650794	2.021920	10.918394	14.508579	0.874492	0.668048	16.094316	15.757626	0.577616	0.091546	17.416424	2.573586	1.943996	3.531283	12.680813	101.517000
317.812000	94.780200	1.659760	0.657508	1.371803	11.124344	15.699607	0.858747	0.849244	14.233978	16.716465	0.099189	0.526545	15.514127	3.406085	1.892786	2.428279	12.716551	99.754900
323.438000	94.780200	2.218766	0.245451	0.877649	10.798658	16.833294	0.078097	0.385983	13.618050	17.996500	0.105137	1.019095	14.606747	4.410332	1.803812	1.741337	13.309634	100.048000
329.062000	94.780200	3.137490	0.170286	0.503501	10.610509	17.992542	0.092176	0.081366	11.259733	18.863391	0.265995	0.271737	12.450094	5.472181	0.829206	1.322662	13.021122	96.344000
334.688000	94.780200	3.800896	0.146545	0.560215	10.356052	19.732092	0.095591	0.137414	9.340404	20.548542	0.102345	0.290897	11.345133	6.671680	0.233076	1.568423	12.615216	97.544500
340.312000	94.780200	4.693358	0.093412	0.710237	10.233047	21.672277	0.157499	0.078379	7.183615	20.807535	0.123359	0.125634	8.505768	7.897293	0.294847	2.276627	12.483797	97.336600
345.938000	94.780200	5.793626	0.295819	0.675354	10.240545	21.286615	0.061453	0.068023	4.913887	20.755736	0.086681	0.120772	6.063849	9.159391	0.667054	2.726358	11.949864	94.865100
351.562000	94.780200	7.274002	0.189794	0.500340	9.769122	21.558727	0.515114	0.043687	4.026016	20.973448	0.802318	0.064434	4.854070	10.111207	1.136538	2.766734	11.509577	96.095200
357.187000	94.780200	8.288508	0.178110	0.167100	9.024195	21.284692	1.310323	0.057434	2.548920	21.006360	1.945659	0.066092	3.188304	10.933515	1.806526	2.303612	11.314936	95.424400
0.000000	97.180800	7.992295	0.123438	0.098143	7.841174	21.537465	1.689900	0.054111	1.707374	20.870643	2.653727	0.105038	2.739500	11.822856	2.421425	2.526086	11.283778	95.467000
5.625000	97.180800	8.402951	0.155531	0.118577	7.314943	21.764791	2.877502	0.043382	0.830708	21.134160	4.366405	0.079789	1.628002	11.940704	2.837918	1.872338	11.160208	96.527900
11.250000	97.180800	9.357459	0.292435	0.213395	5.598194	21.070599	4.139080	0.074812	0.221402	20.849041	5.519512	0.083917	0.452841	12.567715	3.047249	1.218963	10.356911	95.063500
16.875000	97.180800	9.685758	0.468103	0.127328	4.531810	21.637104	5.421490	0.053787	0.110294	20.997651	7.670024	0.113674	0.087918	12.585019	2.817345	0.573304	9.268055	96.148700
22.500000	97.180800	9.945180	0.496263	0.118296	4.010420	19.430575	7.838448	0.051425	0.158579	20.619793	10.061388	0.247639	0.091904	12.610805	2.324919	0.343360	8.170480	96.519400
28.125000	97.180800	9.923850	0.581950	0.131486	3.248687	18.107788	9.818862	0.087423	0.070856	20.044354	12.256019	0.243293	0.129586	13.071564	1.825391	0.210811	6.590284	96.342000
33.750000	97.180800	10.444245	0.733084	0.189868	2.337134	16.904433	12.057986	0.150503	0.071752	18.981804	14.084237	0.894970	0.202046	13.414927	1.773751	1.112485	5.550727	98.903900
39.375000	97.180800	10.572407	1.036560	0.201412	1.938466	16.532795	13.529382	0.629781	0.463032	17.423776	15.108447	0.661496	0.073579	13.681724	2.484443	1.010047	4.164945	99.512300
45.000000	97.180800	10.516650	1.440385	0.334087	1.523919	15.148257	14.700957	1.037978	1.000761	16.570117	15.885765	0.099104	0.103573	14.074737	3.312044	0.882051	3.418446	100.049000
50.625000	97.180800	10.698838	2.223697	0.225966	0.899303	13.766208	16.222116	0.495103	0.619733	15.524645	17.559266	0.079473	0.717974	13.739856	4.506737	0.987569	2.540788	100.807000
56.250000	97.180800	10.718811	2.710151	0.186259	0.603157	11.665651	17.450014	0.052126	0.147587	14.267568	18.451039	0.183612	1.085456	13.442297	5.374917	1.064340	1.762204	99.165200
61.875000	97.180800	10.089900	3.543498	0.139995	0.565930	9.998347	18.085282	0.041112	0.086231	12.314490	19.645233	0.125150	0.197297	13.269597	6.687751	0.255969	1.789302	96.835100
67.500000	97.180800	9.776326	3.937235	0.083060	0.466399	7.480846	19.345412	0.091599	0.092846	10.136858	20.767724	0.068888	0.368434	13.009587	8.059576	0.291430	2.168110	96.144300
73.125000	97.180800	9.153827	4.744829	0.168477	0.336518	5.485877	21.692634	0.091147	0.053808	7.542812	20.544583	0.098635	0.114253	12.858828	9.341557	0.614598	2.740688	95.583100
78.750000	97.180800	9.276899	5.960931	0.189100	0.210371	4.264652	21.550358	0.160923	0.055041	5.341316	20.938275	0.335378	0.075558	12.225935	10.562251	1.214473	2.855346	95.216800
84.375000	97.180800	8.693453	6.970743	0.092970	0.169505	2.902858	21.154065	0.661636	0.032995	4.426143	20.986228	1.609432	0.069633	11.863119	11.155378	2.052909	2.869913	95.711000
90.000000	97.180800	7.923430	7.633912	0.138026	0.101148	1.720810	20.726331	1.646754	0.039917	2.469299	20.939972	2.835090	0.128603	11.522017	11.675830	2.660773	2.528291	94.690200
95.625000	97.180800	7.080278	8.745308	0.121769	0.085705	0.702923	21.752237	2.841446	0.059646	1.442681	21.022985	4.158159	0.065999	11.125916	12.135683	2.918612	1.981409	96.240800
101.250000	97.180800	5.806519	9.161597	0.277466	0.190093	0.188342	21.229840	4.101973	0.047918	0.448182	20.543452	5.584984	0.103302	10.620688	12.175833	2.929594	1.092655	94.502400
106.875000	97.180800	4.841516	9.308250	0.344019	0.120738	0.108112	20.944382	5.416548	0.059225	0.109843	20.392581	7.631639	0.107450	9.666407	12.969211	2.638493	0.454088	95.112500
112.500000	97.180800	3.998771	9.876621	0.504312	0.122817	0.136274	19.121140	7.671675	0.098247	0.049308	20.169326	10.238713	0.204565	7.965151	13.086266	2.213462	0.266092	95.722700
118.125000	97.180800	3.346177	9.979641	0.544944	0.131321	0.029286	18.690239	9.941233	0.082563	0.143729	19.851071	12.074385	0.128975	6.578917	13.215989	1.911322	0.255525	96.905200
123.750000	97.180800	2.774413	10.423514	0.642902	0.208462	0.044384	17.141711	11.688497	0.090101	0.218543	18.344388	14.391523	0.909642	5.481975	13.829429	1.584064	1.034092	98.807600
129.375000	97.180800	1.972621	10.625042	1.028818	0.237900	0.470545	15.861110	13.302396	0.627129	0.119671	17.270416	15.542967	0.758376	4.268599	13.746416	2.423393	1.036105	99.291600
135.000000	97.180800	1.512485	10.466457	1.525140	0.322388	1.060541	15.229009	14.766554	1.146773	0.115385	16.402054	16.189997	0.076909	3.365664	13.848769	3.406786	0.877126	100.312000
140.625000	97.180800	1.079894	10.769004	2.049934	0.252132	0.576905	13.700046	16.009267	0.371225	0.780124	15.658213	18.025906	0.083653	2.586706	13.309860	4.488788	0.973410	100.715000
146.250000	97.180800	0.726977	10.506256	2.883066	0.230426	0.118536	10.976832	17.023637	0.067253	1.000602	14.115113	18.368930	0.250543	1.773796	13.466613	5.483943	1.012052	98.004500
151.875000	97.180800	0.585966	10.256288	3.338430	0.172007	0.053990	10.079630	18.520480	0.066366	0.191593	12.785201	19.691377	0.116744	1.772529	13.191899	6.654319	0.193632	97.670500
157.500000	97.180800	0.483827	9.843709	4.098229	0.154823	0.069075	7.698920	19.853106	0.092643	0.245839	9.997918	20.786951	0.058953	2.293671	13.145982	7.947757	0.338898	97.110200
163.125000	97.180800	0.375580	10.008153	4.714530	0.099521	0.062031	5.761518	21.143094	0.129320	0.146425	7.585574	21.069242	0.076788	2.859971	12.836548	9.052243	0.580431	96.501000
168.750000	97.180800	0.310612	9.473327	6.032012	0.192152	0.049182	4.289296	21.543685	0.140791	0.051848	5.746419	21.345878	0.413200	2.954838	12.178208	10.357658	1.141808	96.221000
174.375000	97.180800	0.150591	8.393756	7.228695	0.163959	0.043168	2.904170	21.185167	0.757899	0.069319	4.144282	20.937144	1.536405	2.751206	12.028015	11.331222	2.010000	95.634900
180.000000	97.180800	0.109474	7.944692	8.070637	0.100902	0.035796	1.770335	21.300639	1.691382	0.081592	2.545335	21.230179	2.702404	2.430880	12.082980	11.685669	2.448829	96.231700
185.625000	97.180800	0.134590	6.876295	8.229347	0.162116	0.057737	0.765947	21.131332	2.881030	0.067761	1.689063	21.177137	4.287396	1.935887	11.132589	12.477011	2.986663	95.991900
191.250000	97.180800	0.214489	5.992123	8.936409	0.258365	0.065061	0.140784	21.304484	4.285665	0.112575	0.355213	20.372562	5.381262	1.108098	10.454254	12.511732	2.912121	94.405200
196.875000	97.180800	0.136688	4.998416	9.385247	0.368021	0.054228	0.112710	21.375962	5.647029	0.162200	0.102314	20.166273	7.760965	0.576432	9.194825	12.679568	2.795642	95.516500
202.500000	97.180800	0.171284	3.805363	9.771429	0.510447	0.087707	0.127086	19.871315	7.247673	0.232750	0.077337	20.626466	10.087264	0.300717	8.169518	13.026551	2.316030	96.429000
208.125000	97.180800	0.123395	3.393361	9.900405	0.603610	0.073950	0.062373	17.978857	10.151006	0.149300	0.142789	20.138677	11.755563	0.292624	6.905904	12.914132	1.721443	96.307300
213.750000	97.180800	0.217254	2.773090	10.254117	0.754712	0.149803	0.049635	17.349697	11.990806	0.908321	0.252002	18.650769	13.940264	0.989941	5.557999	13.477244	1.883738	99.199300
219.375000	97.180800	0.247428	2.021445	10.248281	1.133450	0.543727	0.438207	16.316213	13.259305	0.808643	0.120065	17.824366	15.103131	1.000911	4.114051	13.783625	2.434986	99.397800
225.000000	97.180800	0.324473	1.513197	10.388386	1.524756	1.057896	1.190689	15.011296	14.927944	0.111937	0.109315	16.216461	16.521033	0.934410	3.328240	13.722665	3.440002	100.323000
230.625000	97.180800	0.191706	1.044909	10.260518	2.186760	0.515977	0.562338	13.477470	16.235575	0.076304	0.751504	15.252533	17.476818	0.860260	2.574944	13.466952	4.430158	99.364700
236.250000	97.180800	0.190546	0.777453	10.501393	2.692633	0.046330	0.133860	11.574608	17.193396	0.273567	0.962289	13.857477	17.905118	1.062461	1.773558	13.365956	5.469772	97.780400
241.875000	97.180800	0.168798	0.506565	10.347377	3.537526	0.067989	0.068476	9.966737	18.074538	0.140370	0.164019	12.332586	18.975584	0.228010	1.920076	13.025533	6.909648	96.433800
247.500000	97.180800	0.169438	0.592112	9.933509	4.064458	0.109238	0.110299	7.440165	19.619673	0.085422	0.237811	9.878295	20.300180	0.283145	2.316188	12.898186	8.308153	96.346300
253.125000	97.180800	0.108864	0.418167	9.654678	4.808525	0.110987	0.072941	5.554221	21.121606	0.091520	0.114900	7.987454	20.718866	0.513655	2.738403	12.975318	9.326764	96.316900
258.750000	97.180800	0.184894	0.333064	9.379230	5.727656	0.234229	0.088083	4.119107	21.357414	0.476049	0.075591	5.591227	20.174868	1.272775	3.065153	12.588299	10.440411	95.108100
264.375000	97.180800	0.110896	0.132980	8.555994	6.916456	0.828474	0.043664	2.777320	21.650223	1.650893	0.088956	4.205796	20.585638	1.889280	2.972877	11.963323	11.051781	95.424500
270.000000	97.180800	0.107975	0.054862	7.570928	7.874764	1.724339	0.043130	1.733160	21.289669	2.828067	0.108302	2.536909	20.944269	2.441014	2.578156	11.632287	11.711229	95.179100
275.625000	97.180800	0.094010	0.109350	7.101811	8.774238	2.980997	0.034685	0.802958	21.533054	4.116347	0.061820	1.631146	20.534631	2.935882	1.874238	11.497588	12.137493	96.220200
281.250000	97.180800	0.266376	0.207419	5.852912	8.954436	4.125859	0.071308	0.152905	21.700325	5.537653	0.099424	0.378283	20.402194	2.948742	1.308740	10.335321	12.262013	94.604000
286.875000	97.180800	0.327609	0.146418	4.786313	9.764948	5.475540	0.051308	0.097246	20.846327	7.542823	0.123276	0.137152	20.842482	2.746863	0.612085	9.244373	12.518179	95.262900
292.500000	97.180800	0.513555	0.110954	4.068733	9.492316	7.585461	0.096842	0.125451	19.599542	10.043756	0.235388	0.063777	20.178714	2.254595	0.261316	7.982761	12.653330	95.266400
298.125000	97.180800	0.571471	0.148412	3.179008	9.849568	9.912574	0.044079	0.057261	18.423330	12.367194	0.147896	0.140700	19.629965	1.798530	0.181032	6.760506	13.600294	96.811700
303.750000	97.180800	0.673584	0.245567	2.691140	10.206446	11.727967	0.110157	0.044641	17.113323	14.182293	0.937826	0.207543	18.236606	1.877122	1.076156	5.607117	13.674373	98.611900
309.375000	97.180800	1.020638	0.201743	2.130403	10.580075	13.622009	0.539889	0.395024	16.243718	15.206502	0.759900	0.118163	17.342572	2.639013	0.975804	4.648855	13.388123	99.812500
315.000000	97.180800	1.391142	0.273008	1.546312	10.528559	15.028035	0.932848	1.065184	14.480644	16.676089	0.122247	0.060787	16.537884	3.549684	0.946957	3.370561	13.675617	100.186000
320.625000	97.180800	1.952365	0.227493	1.103228	10.323683	16.404995	0.464217	0.627113	13.299455	17.282517	0.135765	0.758497	15.059250	4.322275	0.915294	2.626482	13.789053	99.291800
326.250000	97.180800	2.698276	0.131116	0.690409	10.209285	17.170551	0.050439	0.102520	11.907114	18.289875	0.272377	0.947190	13.924657	5.549607	1.034830	1.822021	13.333950	98.134300
331.875000	97.180800	3.084933	0.117781	0.539067	10.067778	18.369269	0.040048	0.077579	10.138102	19.843832	0.149039	0.161560	12.405760	6.659782	0.162480	1.734031	13.379754	96.930900
337.500000	97.180800	4.046023	0.120852	0.501486	9.591367	19.482939	0.139052	0.104662	7.687282	20.250530	0.069835	0.253369	10.420743	8.338859	0.312218	2.292494	12.792100	96.403800
343.125000	97.180800	4.762665	0.169064	0.403952	9.607619	21.428326	0.096069	0.037215	5.858713	20.439064	0.093668	0.136139	7.579716	9.324513	0.601153	2.537373	12.971812	96.047000
348.750000	97.180800	5.711087	0.166126	0.309932	8.994812	21.798833	0.145898	0.065106	4.248083	20.455689	0.425754	0.079618	5.292955	10.475878	1.106169	2.789670	12.464797	94.530500
354.375000	97.180800	7.125969	0.137295	0.132357	9.132565	21.059629	0.730239	0.035112	2.883858	21.352890	1.490453	0.049312	4.133459	11.219674	1.937572	3.012110	12.019759	96.452100
2.812500	99.594100	7.633278	0.070772	0.075284	7.019714	21.519596	1.930572	0.043701	1.041816	20.965984	3.716639	0.078763	1.978366	12.245614	3.020276	2.542010	12.228876	96.111300
8.437500	99.594100	8.233384	0.136789	0.113480	5.739068	21.550019	3.327889	0.068736	0.442026	21.056123	4.928002	0.082042	1.136583	12.726391	2.980522	1.875290	11.240914	95.637300
14.062500	99.594100	8.812522	0.220576	0.215741	4.801638	21.249632	4.470036	0.081945	0.113882	20.401968	6.482004	0.109094	0.127240	12.992961	3.003571	1.114987	10.604673	94.802400
19.687500	99.594100	9.255173	0.340670	0.103196	4.102493	19.432723	6.443777	0.032423	0.121295	20.240012	9.050377	0.254141	0.084431	13.549852	2.736311	0.473027	9.646151	95.866000
25.312500	99.594100	9.900835	0.475348	0.093148	3.305993	18.674632	8.134288	0.062896	0.072598	19.945620	11.200482	0.239990	0.106510	13.758969	2.095897	0.193256	8.330309	96.590800
30.937500	99.594100	9.807891	0.702906	0.102827	2.767944	17.005089	9.754837	0.070157	0.037915	19.076806	13.407124	0.452205	0.194376	13.807375	2.079408	0.387663	6.716455	96.371000
36.562500	99.594100	9.865548	0.872178	0.193006	2.098329	16.494229	11.864137	0.121032	0.194239	18.152462	14.706725	0.788711	0.087058	14.121107	2.542032	0.243431	5.971686	98.315900
42.187500	99.594100	10.386260	1.288473	0.297653	1.654671	15.151989	13.633431	0.749511	0.908095	17.116264	16.086739	0.195733	0.116583	14.887681	3.175875	0.281106	4.523136	100.453000
47.812500	99.594100	10.095600	1.620583	0.232938	1.103184	13.453041	15.030297	0.919996	0.714889	16.288844	17.068876	0.145471	0.190101	13.894912	4.327658	0.303010	3.432210	98.821700
53.437500	99.594100	10.289324	2.262591	0.165145	0.905301	12.322181	16.431799	0.149274	0.102828	15.011522	18.033709	0.078777	0.878141	14.556079	5.682496	0.375943	2.589092	99.834300
59.062500	99.594100	9.828792	2.840349	0.204935	0.638893	10.567419	17.062543	0.038460	0.076550	13.360528	19.434759	0.175130	0.448639	14.180483	7.134293	0.415047	2.069229	98.476000
64.687500	99.594100	9.655990	3.371703	0.097138	0.515152	8.163467	18.265220	0.067513	0.095544	11.667574	20.431034	0.089684	0.189524	13.716784	8.098312	0.227474	2.077802	96.729900
70.312500	99.594100	9.223370	3.950354	0.089779	0.338187	5.887056	20.041074	0.134986	0.033654	9.360422	20.458177	0.110809	0.248096	13.593056	9.364912	0.458378	2.895835	96.188100
75.937500	99.594100	9.206677	4.767075	0.159326	0.194922	4.297258	21.653616	0.092841	0.037275	6.425478	20.542548	0.112795	0.085396	13.088642	10.854223	1.117217	3.151683	95.787000
81.562500	99.594100	8.121327	5.766505	0.153640	0.081903	3.184188	21.363747	0.376922	0.048875	5.081723	20.699866	1.018305	0.085082	12.848875	11.391729	1.952320	3.020174	95.195100
87.187500	99.594100	7.841672	6.554070	0.099052	0.081930	1.808596	21.096498	0.874929	0.030623	3.599764	20.695455	2.139089	0.086316	12.443647	12.086486	2.372104	3.064327	94.874400
92.812500	99.594100	7.054028	7.689827	0.077662	0.138569	1.007287	21.280960	1.951393	0.041148	2.108134	20.691158	3.565179	0.103241	12.049051	12.627996	2.858988	2.581017	95.825600
98.437500	99.594100	5.659142	8.251141	0.140112	0.098725	0.370621	21.667979	3.284256	0.042799	1.004067	20.154398	5.054931	0.062321	11.146783	12.567037	3.266534	1.951483	94.722200
104.062000	99.594100	4.516667	8.944054	0.170146	0.238631	0.098150	21.495845	4.304439	0.063829	0.126769	20.281180	6.538847	0.087760	10.192366	12.821166	2.964225	1.139082	93.983000
109.688000	99.594100	4.022816	9.306158	0.274957	0.109396	0.167010	19.373121	5.975068	0.049215	0.124537	20.626579	9.153793	0.210195	9.504847	13.230579	2.821948	0.468417	95.418600
115.312000	99.594100	3.414409	9.468181	0.480898	0.118784	0.084856	18.650090	8.234346	0.091719	0.088890	20.790570	11.323871	0.221284	8.351062	13.786339	2.211664	0.156371	97.473300
120.938000	99.594100	2.719369	9.830669	0.611616	0.164777	0.043976	17.472860	10.421218	0.049325	0.159722	19.087211	13.433136	0.408726	6.756299	13.938568	1.952806	0.386338	97.436700
126.562000	99.594100	2.167409	9.926112	0.906221	0.132883	0.218049	16.138650	12.366628	0.125782	0.083212	18.249273	14.989242	0.772788	5.703363	13.951800	2.672467	0.278259	98.682100
132.188000	99.594100	1.703201	9.917788	1.157099	0.296952	0.772544	14.607765	13.534924	0.801429	0.130451	16.743043	15.971832	0.154158	4.278461	14.607765	3.501957	0.313167	98.492500
137.812000	99.594100	1.382389	9.899523	1.633815	0.268025	0.830501	13.924883	15.080399	0.929930	0.145190	16.772787	16.694637	0.082007	3.245260	14.353183	4.462979	0.224714	99.930100
143.437000	99.594100	0.896355	9.660514	2.369129	0.207670	0.103134	11.899310	16.307618	0.179979	0.816528	14.599961	18.268500	0.093555	2.613385	14.145310	5.507557	0.320190	97.988600
149.062000	99.594100	0.684245	9.799884	2.936482	0.146898	0.099322	10.019248	17.279690	0.038273	0.476234	13.072921	19.288637	0.162448	1.963325	13.962092	6.596640	0.371724	96.897900
154.688000	99.594100	0.547394	9.387520	3.370459	0.117863	0.052966	8.186234	18.165468	0.077082	0.227510	11.881327	20.995729	0.097704	2.281660	13.781476	8.460291	0.178963	97.809700
160.312000	99.594100	0.335478	9.233074	4.392395	0.089513	0.036114	5.959472	19.561994	0.124446	0.199722	9.181479	20.646484	0.091992	2.706691	13.436303	9.378902	0.421043	95.795100
165.938000	99.594100	0.225560	8.897888	4.935308	0.184239	0.036583	4.349294	21.778588	0.069165	0.073736	6.490645	20.843160	0.175423	2.960798	12.787916	10.251357	1.102595	95.162300
171.562000	99.594100	0.136456	8.594391	5.694281	0.141865	0.051809	3.089310	21.436017	0.342183	0.074107	5.200306	20.779373	1.014291	3.146198	12.678551	11.389693	1.947887	95.716700
177.188000	99.594100	0.086753	7.689918	6.943939	0.097670	0.052021	1.951551	21.236287	0.865151	0.090997	3.477223	20.850512	2.174511	2.923781	12.854982	11.792998	2.581752	95.670100
182.812000	99.594100	0.061266	7.053451	7.614154	0.103778	0.053371	0.989437	21.747600	1.914670	0.126100	2.164355	20.998556	3.383341	2.681040	12.175607	12.446022	2.882636	96.395500
188.438000	99.594100	0.137680	5.710318	8.097192	0.111617	0.028002	0.371372	21.335925	3.104839	0.069529	1.012420	20.986342	4.748799	2.156167	11.364925	12.528018	3.318604	95.081700
194.062000	99.594100	0.252320	4.821860	8.675109	0.201973	0.053516	0.067844	21.310818	4.237011	0.096287	0.125761	20.442456	6.933986	1.124402	10.668223	13.019765	3.073578	95.104900
199.687000	99.594100	0.107868	4.118213	9.222624	0.347753	0.031322	0.148190	19.556904	5.844407	0.327519	0.111123	20.712985	8.999019	0.520161	9.657076	13.472607	2.840801	96.018500
205.312000	99.594100	0.101750	3.293406	9.547225	0.531328	0.067129	0.059167	18.411228	8.173205	0.247484	0.096672	20.615495	11.539095	0.189918	8.252339	13.443089	2.123911	96.692600
210.938000	99.594100	0.165651	2.742068	9.663353	0.743966	0.069703	0.050365	17.169759	10.051514	0.439223	0.177735	18.904559	13.430874	0.365138	6.804626	13.906448	2.118336	96.803400
216.562000	99.594100	0.205951	2.156223	9.978623	0.939771	0.155511	0.203095	16.508479	11.944549	0.732426	0.078371	17.951488	14.594759	0.301239	5.846295	14.283515	2.647292	98.527700
222.188000	99.594100	0.311203	1.591144	9.790429	1.165807	0.775637	0.997888	14.927265	13.473512	0.192037	0.095541	17.194753	16.245075	0.268187	4.262842	14.131399	3.425605	98.848400
227.812000	99.594100	0.265289	1.269257	9.850382	1.751674	0.931323	0.763173	13.781815	14.873544	0.134449	0.147822	15.559140	17.330131	0.236462	3.389459	14.036850	4.303161	98.623900
233.438000	99.594100	0.209103	0.856968	10.110201	2.366618	0.218282	0.091995	11.923287	16.523181	0.121353	0.636809	14.423416	17.493557	0.300223	2.393298	14.058225	5.413517	97.140100
239.062000	99.594100	0.138378	0.638434	9.548740	2.810107	0.048326	0.080818	10.278897	17.327303	0.214343	0.542914	13.285544	18.868594	0.382276	1.996892	14.108214	6.666240	96.936100
244.687000	99.594100	0.088084	0.494757	9.275045	3.347998	0.074354	0.089449	8.377482	18.508266	0.051992	0.270391	11.890262	20.251096	0.154482	2.152717	13.696314	8.403765	97.126500
250.312000	99.594100	0.123137	0.413897	9.144768	4.098014	0.124410	0.033649	5.743139	19.731640	0.129612	0.214153	9.033706	20.344967	0.503815	2.870648	13.292104	9.855641	95.657300
255.937000	99.594100	0.132009	0.223518	8.441687	4.818478	0.153322	0.060726	4.387532	21.692069	0.160975	0.087682	6.368816	20.577834	1.214032	3.218015	12.919335	10.729103	95.185100
261.562000	99.594100	0.143137	0.091001	8.263683	5.909358	0.413832	0.028057	3.212281	21.359902	1.023153	0.096985	5.095781	20.494934	1.920676	3.155585	12.611484	11.306307	95.126200
267.188000	99.594100	0.085973	0.079655	7.967639	6.825288	1.084534	0.038300	1.880469	21.367140	2.041068	0.092075	3.490557	20.772135	2.430179	2.926744	12.446136	12.104129	95.632100
272.812000	99.594100	0.103776	0.125711	6.746889	7.458023	2.032484	0.063276	1.028197	21.108034	3.622949	0.086648	2.161867	21.435677	2.988518	2.666575	12.364705	11.991937	95.985200
278.438000	99.594100	0.088557	0.134274	5.876379	8.233735	3.491326	0.041999	0.430944	21.410230	5.063628	0.065673	0.971611	20.664580	3.233883	1.968097	11.263590	12.611710	95.550300
284.062000	99.594100	0.145542	0.213505	4.907848	8.760067	4.462640	0.052997	0.090970	21.158250	6.695826	0.101743	0.118993	21.158023	3.024698	1.265378	10.573221	12.949306	95.679100
289.688000	99.594100	0.286203	0.104291	4.063180	9.157548	5.770464	0.055732	0.120550	19.917798	9.102300	0.237273	0.102449	20.290567	2.716055	0.467704	9.113123	13.428386	94.933700
295.312000	99.594100	0.444346	0.091563	3.257599	9.630408	8.304228	0.099316	0.057910	18.311590	11.117050	0.197461	0.107680	20.803011	2.198160	0.230863	8.014043	13.859400	96.724600
300.938000	99.594100	0.703985	0.172228	2.821496	9.816939	10.054602	0.107363	0.054972	17.190116	13.460619	0.485762	0.166236	19.213654	1.867633	0.409730	6.818186	13.952705	97.296200
306.562000	99.594100	0.861409	0.202603	2.264831	10.121081	11.989788	0.130700	0.169462	16.243492	14.726065	0.738500	0.081990	18.107675	2.565161	0.272947	5.529363	14.604485	98.609700
312.187000	99.594100	1.235193	0.300839	1.712067	9.886833	13.776273	0.781514	0.829420	14.871056	16.249599	0.159277	0.100751	16.927957	3.477166	0.287168	4.393504	14.281705	99.270400
317.812000	99.594100	1.801414	0.237252	1.164936	10.083204	14.874562	0.949822	0.703376	13.707736	16.935647	0.104505	0.215605	15.745750	4.446105	0.305121	3.200202	14.366076	98.841400
323.438000	99.594100	2.197560	0.140241	0.871082	10.105665	16.292350	0.206238	0.084112	12.199244	17.763520	0.065981	0.786379	14.708535	5.575359	0.306277	2.539126	14.495459	98.337100
329.062000	99.594100	2.707132	0.156586	0.716257	9.920548	17.365304	0.057663	0.084591	10.659594	19.007251	0.159859	0.436641	13.337229	6.657554	0.375298	2.078616	13.646325	97.366600
334.688000	99.594100	3.246493	0.066560	0.451136	9.561430	17.915975	0.076503	0.067006	8.490545	20.285477	0.122246	0.201205	11.409825	8.628490	0.161832	2.165158	13.447047	96.297000
340.312000	99.594100	4.108182	0.081319	0.423103	9.135121	19.921304	0.148481	0.032496	6.048898	20.568673	0.104007	0.250385	9.242507	9.447179	0.405762	2.384657	13.297532	95.599600
345.938000	99.594100	4.750416	0.206227	0.200701	8.863404	21.464630	0.104899	0.047717	4.400945	20.738432	0.132669	0.111379	6.601740	10.333319	1.126464	2.965921	12.638175	94.687000
351.562000	99.594100	5.718710	0.093226	0.127644	8.360788	21.303240	0.408132	0.038346	3.356785	20.995842	1.024903	0.096304	4.931937	11.177873	1.929712	3.103300	12.455070	95.121800
357.187000	99.594100	6.910326	0.102104	0.096470	7.684591	22.085535	1.011838	0.060695	2.082088	21.046170	2.118765	0.120141	3.644460	12.200488	2.386908	2.966532	12.291871	96.809000
0.000000	102.025000	6.586981	0.092992	0.074683	6.948825	21.363521	1.044860	0.037799	1.157495	20.497648	2.781143	0.124975	3.049918	12.771856	2.867085	2.851625	12.864709	95.116100
5.625000	102.025000	7.264864	0.103438	0.093977	5.987554	21.513488	2.198612	0.057330	0.514144	20.192964	4.630533	0.101303	1.686960	12.881560	3.252001	2.491885	12.129237	95.099800
11.250000	102.025000	7.922740	0.148521	0.198171	4.617074	21.740022	3.443644	0.028285	0.128346	20.424022	5.554244	0.126678	0.560536	13.662724	3.307238	1.926975	11.127952	94.917200
16.875000	102.025000	8.204216	0.261193	0.100296	4.208827	19.233898	4.574504	0.017967	0.134070	20.244875	7.888019	0.113863	0.169101	13.529721	2.890791	0.928483	10.654934	93.154800
22.500000	102.025000	8.773051	0.442585	0.040708	3.466354	18.350156	6.504646	0.056192	0.079686	19.988031	10.575313	0.367860	0.107002	14.217240	2.599056	0.323410	9.733383	95.624700
28.125000	102.025000	9.193479	0.671225	0.106073	2.979380	17.390073	8.491959	0.063407	0.016271	19.644668	12.457672	0.390880	0.112252	14.650403	2.416743	0.169307	8.130036	96.883700
33.750000	102.025000	9.076163	0.842836	0.089359	2.450480	16.238515	10.654911	0.101964	0.052275	18.550225	14.032552	1.918674	0.114084	14.717243	2.206088	0.188014	6.788543	98.021900
39.375000	102.025000	9.859543	1.145291	0.189954	1.604930	15.268932	12.094064	0.165729	0.579870	17.453633	15.703339	0.495121	0.106423	14.896163	3.315188	0.110480	5.555760	98.544600
45.000000	102.025000	9.364222	1.339197	0.275903	1.417709	14.019998	13.891520	0.779387	0.827119	16.665345	16.661499	0.151833	0.139653	14.771530	4.186671	0.059446	4.296036	98.847100
50.625000	102.025000	9.484105	1.866773	0.127832	1.118025	12.817773	14.884740	0.606167	0.172156	15.110256	17.683786	0.081778	0.438860	14.780804	5.687925	0.109329	3.434201	98.404400
56.250000	102.025000	9.319571	2.362773	0.154709	0.823435	10.562330	15.906914	0.056793	0.128600	14.164536	18.086300	0.070608	2.060249	14.531198	6.752997	0.151376	2.371798	97.504100
61.875000	102.025000	9.430915	2.894455	0.143703	0.568624	8.919851	17.382947	0.035557	0.072405	12.414355	20.177922	0.109180	0.442453	14.563092	8.673921	0.138282	2.303827	98.271400
67.500000	102.025000	8.397206	3.418966	0.081608	0.327859	6.360300	18.369495	0.105334	0.043644	10.490637	20.644448	0.091350	0.390283	14.000545	9.656330	0.314940	2.545075	95.238100
73.125000	102.025000	8.176587	4.052481	0.111659	0.167105	4.570750	19.416890	0.083387	0.025559	7.859745	20.514839	0.133592	0.131980	13.211126	10.760917	0.890235	3.182276	93.289200
78.750000	102.025000	7.739647	4.671565	0.190632	0.123595	3.536588	21.813762	0.107852	0.055154	5.401947	20.653270	0.602819	0.094444	13.227864	11.317650	2.001778	3.187049	94.725500
84.375000	102.025000	7.735598	5.610171	0.126888	0.069463	2.138908	21.618216	0.437235	0.058503	4.518634	20.753022	1.757872	0.130666	12.937204	12.473844	2.481186	3.136314	95.983700
90.000000	102.025000	6.776815	6.882391	0.120657	0.091146	1.097147	21.373700	1.160458	0.075756	2.899578	20.734587	2.932286	0.092705	12.835190	12.914924	2.831946	2.793346	95.612700
95.625000	102.025000	5.448442	7.483289	0.075681	0.084170	0.488933	20.991431	2.205172	0.039771	1.760892	20.888173	4.638766	0.086145	12.270269	13.134107	3.323512	2.508895	95.427500
101.250000	102.025000	4.648334	8.054408	0.184861	0.155450	0.094546	21.429118	3.321375	0.015727	0.524162	20.375050	5.781027	0.131713	11.379402	13.511173	3.164882	1.719170	94.490400
106.875000	102.025000	4.140629	8.784508	0.237476	0.110102	0.113109	19.601465	4.502326	0.021040	0.152817	20.186857	8.037556	0.164135	10.511809	13.746189	2.995960	0.951877	94.257900
112.500000	102.025000	3.335534	8.614805	0.418661	0.110634	0.094197	18.443574	6.245812	0.043788	0.116163	20.162427	10.341620	0.408273	9.450345	13.986295	2.585541	0.352135	94.709800
118.125000	102.025000	3.069552	9.225666	0.639889	0.136985	0.036147	17.298803	8.590647	0.079586	0.122408	19.485766	12.768350	0.431499	8.355462	14.606860	2.240696	0.153323	97.241600
123.750000	102.025000	2.382848	9.443639	0.813286	0.090359	0.046693	16.552361	10.346472	0.090229	0.106577	18.494807	14.250943	2.048600	6.868673	14.381796	2.313338	0.130829	98.361500
129.375000	102.025000	1.904785	9.723227	1.030851	0.170472	0.626331	15.142150	11.849321	0.203993	0.119778	17.412692	15.507341	0.469135	5.601270	15.069315	3.364623	0.152768	98.348100
135.000000	102.025000	1.431326	9.626359	1.337930	0.206536	0.734586	14.574514	14.054040	0.712139	0.132703	16.332273	16.309993	0.138448	4.199621	15.052577	4.271030	0.054734	99.168900
140.625000	102.025000	1.025629	9.604033	1.874430	0.191561	0.180149	12.037854	15.311117	0.586073	0.503109	15.388815	17.940065	0.090805	3.371613	14.794376	5.197343	0.114612	98.211700
146.250000	102.025000	0.899750	9.426561	2.474298	0.123296	0.158320	10.680697	16.546140	0.038989	2.020043	14.302515	18.560969	0.093042	2.415895	14.861216	6.567370	0.127458	99.296500
151.875000	102.025000	0.667083	9.085403	2.974166	0.127654	0.083198	8.677031	16.988690	0.024641	0.381243	12.597799	19.822457	0.115175	2.425519	14.277068	8.540229	0.123260	96.910600
157.500000	102.025000	0.413164	8.812963	3.415969	0.087273	0.028164	6.518602	18.287500	0.120635	0.383019	10.731444	20.041753	0.098671	2.677941	14.145536	9.723261	0.324828	95.810600
163.125000	102.025000	0.274700	8.387864	4.269673	0.100866	0.031032	4.904579	19.520374	0.062514	0.111919	8.020705	20.586656	0.123045	2.912788	13.723004	11.000525	0.897431	94.927700
168.750000	102.025000	0.167819	7.989026	4.698617	0.167401	0.021788	3.618368	20.993014	0.087306	0.110928	5.717772	20.386473	0.461365	3.202442	13.660801	11.170635	1.982223	94.435900
174.375000	102.025000	0.087520	7.419208	5.558417	0.111651	0.035093	2.069421	21.486571	0.480761	0.096671	4.339760	20.626466	1.702251	3.362474	13.025873	11.741200	2.426051	94.569400
180.000000	102.025000	0.136780	6.888431	6.795408	0.103672	0.032480	1.096864	21.946764	1.104854	0.096563	2.824323	20.426736	2.836357	2.832975	12.760546	12.852494	2.801353	95.536500
185.625000	102.025000	0.127561	5.786817	7.658805	0.071958	0.035059	0.492931	21.225316	2.110962	0.093585	1.820697	20.760260	4.567651	2.427962	12.481422	13.330217	2.884480	95.875700
191.250000	102.025000	0.138047	4.970583	7.960107	0.107540	0.016797	0.129863	21.621949	3.448485	0.091989	0.599815	20.243292	5.699687	1.788815	11.434141	13.365956	3.153244	94.770200
196.875000	102.025000	0.076063	4.050615	8.372912	0.227520	0.034960	0.060279	19.555095	4.692420	0.106344	0.143882	20.117980	8.233678	0.937393	10.624737	13.637164	2.825941	93.697000
202.500000	102.025000	0.094524	3.411264	8.845150	0.453506	0.038921	0.102668	17.946851	6.143289	0.425434	0.115074	20.170344	10.496394	0.269446	9.423881	14.194733	2.695347	94.826800
208.125000	102.025000	0.137420	2.980239	9.541355	0.604463	0.084581	0.029748	17.611065	8.772429	0.361654	0.122208	19.612435	12.558667	0.153551	8.436179	14.213168	2.286025	97.505200
213.750000	102.025000	0.134710	2.290368	9.471461	0.952543	0.113613	0.061347	16.232974	10.849145	2.049561	0.074326	18.307066	13.723909	0.149722	6.734709	14.640563	2.369073	98.155200
219.375000	102.025000	0.191785	1.844244	9.192947	1.033405	0.205724	0.585188	15.312361	12.250703	0.436337	0.104818	17.783086	15.668957	0.167807	5.623516	14.628801	3.268988	98.298600
225.000000	102.025000	0.203377	1.516319	9.476969	1.540940	0.820132	0.680123	14.131286	13.750940	0.121696	0.120636	16.634808	16.749376	0.067448	4.311135	14.940158	4.504565	99.569900
230.625000	102.025000	0.152679	1.092884	9.518905	1.774916	0.574101	0.155465	12.123243	15.556878	0.106063	0.444908	15.275718	17.612309	0.137238	3.067765	15.364047	5.535379	98.492400
236.250000	102.025000	0.104015	0.909296	9.579718	2.389328	0.053502	0.107059	10.842789	15.864503	0.086372	2.089666	13.768922	18.748145	0.115461	2.301994	14.577907	6.899130	98.437900
241.875000	102.025000	0.122912	0.599370	9.057739	2.819924	0.052206	0.058188	8.558437	16.719971	0.109087	0.442652	12.477124	19.819177	0.183865	2.309380	14.757619	7.998764	96.086500
247.500000	102.025000	0.076543	0.364852	9.104415	3.522677	0.166531	0.062074	6.234411	18.590035	0.093803	0.406345	10.183442	20.726896	0.319082	2.599576	14.067612	9.590948	96.109300
253.125000	102.025000	0.113808	0.237060	8.465596	4.076073	0.111533	0.044316	4.516056	19.739217	0.183161	0.127400	8.292342	20.455350	0.928418	3.012065	13.733296	10.372530	94.408200
258.750000	102.025000	0.122130	0.153413	7.712413	4.407901	0.189231	0.036884	3.453846	22.015527	0.482878	0.080783	5.821934	20.389527	1.822733	3.189707	13.046796	11.624144	94.549900
264.375000	102.025000	0.108580	0.107838	7.376638	5.748489	0.508998	0.046741	2.323947	21.161756	1.665935	0.117775	4.469494	20.329925	2.619029	3.377471	13.281020	12.089992	95.333600
270.000000	102.025000	0.081239	0.110706	6.626520	6.815981	1.033479	0.035012	1.199884	21.642872	3.032863	0.114523	2.803739	20.797695	2.729276	2.855572	13.010039	12.597347	95.486800
275.625000	102.025000	0.121600	0.109286	5.756191	7.604687	2.204075	0.032222	0.572943	21.193423	4.408772	0.137552	1.776465	20.622734	3.303799	2.562537	12.449415	13.168375	96.024100
281.250000	102.025000	0.134114	0.145306	4.883136	8.155223	3.382187	0.019554	0.124025	21.564834	5.724976	0.079570	0.486848	20.548542	3.328749	1.857567	11.757825	13.203096	95.395500
286.875000	102.025000	0.222164	0.096238	3.791633	8.330015	4.502269	0.023690	0.081954	19.246226	8.100517	0.133913	0.148415	20.294073	2.936414	0.948786	10.925757	13.606740	93.388800
292.500000	102.025000	0.347159	0.051141	3.288871	9.035651	6.372379	0.049914	0.125580	18.279696	10.274135	0.413240	0.104987	20.107462	2.437655	0.364302	9.420646	13.817893	94.490600
298.125000	102.025000	0.551964	0.114190	2.888653	9.419006	8.316646	0.081542	0.033361	17.393918	12.847405	0.430718	0.103918	19.496284	2.475361	0.213445	8.628184	14.400797	97.395400
303.750000	102.025000	0.771544	0.153375	2.577194	9.160907	10.623934	0.120442	0.074273	16.259778	13.737368	2.137144	0.074704	18.308875	2.374365	0.147329	6.894312	14.577794	97.993400
309.375000	102.025000	0.914210	0.204213	1.845387	9.436717	12.400218	0.234131	0.547726	14.839162	15.200960	0.443684	0.089542	17.595457	3.341698	0.144042	5.698194	14.732285	97.667700
315.000000	102.025000	1.470356	0.226674	1.416126	9.539297	14.061166	0.722853	0.785652	14.033570	16.359416	0.139284	0.124596	16.863944	4.076933	0.070946	4.431108	14.614438	98.936300
320.625000	102.025000	1.881137	0.178878	1.072922	9.574379	15.181847	0.610321	0.197229	12.230459	17.745651	0.109777	0.497415	15.307498	5.333094	0.139171	3.260562	15.236134	98.556400
326.250000	102.025000	2.443932	0.112112	0.883425	9.454010	16.515378	0.064097	0.104671	10.856881	18.184468	0.105956	1.994517	14.128345	6.879620	0.119001	2.352707	14.454744	98.653900
331.875000	102.025000	2.823927	0.107702	0.637486	9.135483	16.984958	0.043248	0.070191	8.621025	20.220446	0.149573	0.425195	12.809970	7.937194	0.156199	2.328482	14.464471	96.915500
337.500000	102.025000	3.414454	0.038493	0.416533	8.584404	18.538237	0.111044	0.031761	6.315174	20.458856	0.124649	0.360804	10.395138	9.773679	0.373257	2.606882	14.320837	95.864300
343.125000	102.025000	4.139634	0.094470	0.268535	8.467134	19.549553	0.127324	0.032771	4.673125	20.263084	0.135491	0.113098	7.701171	10.621491	0.918730	3.007869	14.008688	94.122300
348.750000	102.025000	4.691526	0.113773	0.196278	8.163332	20.942573	0.135903	0.037716	3.531645	20.279370	0.524769	0.146177	5.409841	11.581846	1.835276	3.133271	13.068284	93.791600
354.375000	102.025000	5.599223	0.111566	0.071442	7.599881	21.397563	0.529370	0.041871	2.331400	20.473898	1.799243	0.122633	4.572333	12.402593	2.444916	2.962483	13.243472	95.703800
2.812500	104.478000	6.616748	0.059565	0.095773	5.734125	21.493244	1.345338	0.032527	0.645789	20.655419	3.709276	0.097693	2.350344	13.146434	3.174620	2.753999	12.689973	94.600800
8.437500	104.478000	7.100884	0.148276	0.121541	4.515241	20.563810	2.334080	0.016076	0.253657	20.642865	4.977538	0.114831	1.184050	13.564781	3.012562	2.356824	12.391736	93.298700
14.062500	104.478000	7.306088	0.262379	0.058758	4.003646	19.132563	3.519352	0.047594	0.108151	20.861030	6.806763	0.054849	0.225598	14.063541	2.805198	1.668299	11.518511	92.442300
19.687500	104.478000	8.067945	0.395212	0.062042	3.510259	18.069787	4.759724	0.024192	0.053392	20.309454	9.486797	0.260434	0.142351	14.572479	2.715546	0.696798	10.996635	94.123100
25.312500	104.478000	8.429947	0.557747	0.108867	2.915378	17.488806	6.987787	0.026667	0.010801	20.294525	11.782820	1.265243	0.113266	15.183204	2.583449	0.200298	9.483313	97.432000
30.937500	104.478000	8.521217	0.849510	0.083423	2.389373	16.222682	8.977135	0.079987	0.033377	18.596256	13.835536	1.281121	0.139451	15.384857	2.385720	0.207993	8.570256	97.558000
36.562500	104.478000	8.743498	1.050170	0.101288	1.931148	15.373660	11.121947	0.174820	0.177758	17.732418	14.845382	1.032218	0.173879	15.517633	2.942386	0.211157	6.955882	98.085200
42.187500	104.478000	9.337124	1.268421	0.180683	1.602386	14.219389	12.087843	0.361991	0.694798	17.124407	16.389274	0.293517	0.108156	15.354320	4.307244	0.162413	5.485051	98.977000
47.812500	104.478000	9.002186	1.577583	0.172460	1.141695	12.815964	14.287473	0.714991	0.299992	16.637862	16.975910	0.131551	0.211402	15.805466	5.631976	0.194447	4.443425	100.044000
53.437500	104.478000	8.921412	2.076184	0.113503	1.060834	10.336588	15.024076	0.212061	0.209945	14.846853	18.197814	0.167522	1.187680	15.409060	6.623150	0.190443	3.044331	97.621500
59.062500	104.478000	8.485015	2.468134	0.102704	0.856967	8.973188	16.292463	0.026863	0.141644	13.746076	18.765449	0.120842	1.287670	15.359410	8.193676	0.186814	2.660875	97.667800
64.687500	104.478000	8.183836	3.065729	0.096176	0.540342	6.686597	17.224724	0.029058	0.081897	11.386866	19.689568	0.091525	1.230092	14.582092	9.664880	0.155104	2.614087	95.322600
70.312500	104.478000	7.654891	3.623797	0.109199	0.345979	5.038724	18.217945	0.039069	0.035233	9.396093	20.393033	0.116358	0.281433	14.290301	10.803080	0.702161	2.532656	93.579900
75.937500	104.478000	7.627658	3.989927	0.092833	0.181364	3.506402	19.491082	0.045102	0.023390	6.787627	20.298597	0.206444	0.051137	13.712034	11.638281	1.560246	2.895936	92.108200
81.562500	104.478000	7.125811	4.838983	0.082150	0.100623	2.355320	20.963948	0.184387	0.037498	5.260689	20.159374	1.232422	0.146246	13.733862	12.276037	2.225654	3.319599	94.042700
87.187500	104.478000	6.154372	5.621820	0.101884	0.065873	1.321644	21.311496	0.578057	0.032089	3.831873	20.180071	2.424954	0.096844	13.176971	12.509922	2.652268	3.250734	93.310900
92.812500	104.478000	5.962073	6.633430	0.059694	0.089645	0.654201	21.374039	1.413626	0.019338	2.252650	20.975484	3.649266	0.138862	12.665431	12.749350	2.854226	2.672433	94.163700
98.437500	104.478000	4.753323	7.259198	0.129494	0.120324	0.173765	20.150100	2.305252	0.019753	1.193313	20.825291	5.008730	0.109453	12.586489	13.748112	3.048098	2.183174	93.613900
104.062000	104.478000	4.081966	7.714969	0.208968	0.085881	0.081628	18.790896	3.449390	0.012577	0.242322	20.125671	6.685557	0.047180	11.760653	13.753088	2.844398	1.506536	91.391700
109.688000	104.478000	3.514172	7.887306	0.355947	0.097435	0.052393	17.793491	4.842851	0.028605	0.133786	19.927298	9.009933	0.228927	10.789124	14.612628	2.690868	0.699694	92.664500
115.312000	104.478000	3.080613	8.363865	0.570054	0.114122	0.018210	16.874575	6.865732	0.043799	0.122110	19.887262	11.753075	1.213172	9.577410	14.961194	2.478415	0.176514	96.100100
120.938000	104.478000	2.297403	8.922057	0.852445	0.136350	0.065712	16.217027	8.804989	0.095097	0.109219	19.107795	13.566252	1.274573	8.495046	14.830680	2.689432	0.146645	97.610700
126.562000	104.478000	2.018086	8.698520	0.984927	0.103922	0.161716	15.172460	10.485650	0.140616	0.163782	17.835337	14.818352	1.098536	7.133965	15.435751	3.107055	0.201207	97.559800
132.188000	104.478000	1.480806	8.551708	1.182274	0.164266	0.618677	13.860305	11.810529	0.270512	0.173903	16.896063	15.802186	0.239331	5.589044	15.638760	4.617255	0.203359	97.099000
137.812000	104.478000	1.255878	8.683828	1.578443	0.164813	0.339179	11.775808	13.984712	0.635085	0.243469	16.577921	17.366774	0.135327	4.526630	15.269724	5.235909	0.160582	97.934100
143.437000	104.478000	1.037654	9.465444	2.098012	0.152920	0.203701	10.734294	14.958027	0.193626	1.267719	14.862913	18.362031	0.161815	3.347636	15.055630	6.967293	0.186635	99.055300
149.062000	104.478000	1.004276	8.632799	2.604688	0.142351	0.113437	8.759072	16.105965	0.057054	1.287681	13.265752	18.810010	0.109939	2.490279	15.373660	8.362892	0.150542	97.270400
154.688000	104.478000	0.575489	8.366794	2.845970	0.100319	0.059845	6.709567	17.061299	0.028606	1.360470	11.808832	20.227685	0.142439	2.561010	14.626426	9.796073	0.230742	96.501600
160.312000	104.478000	0.380008	8.131879	3.148551	0.048856	0.035945	5.143870	18.023757	0.041426	0.301365	9.395584	20.249739	0.156619	2.577353	14.143387	10.882011	0.666944	93.327300
165.938000	104.478000	0.221743	7.886877	3.938411	0.090574	0.014783	3.776772	19.199404	0.042294	0.069985	6.897467	20.374146	0.218212	2.850652	14.045445	11.843101	1.472290	92.942200
171.562000	104.478000	0.138061	6.761999	4.886223	0.116068	0.016458	2.492937	20.434087	0.211318	0.095995	5.126397	20.562113	1.349466	3.102758	13.599502	12.534125	2.188162	93.615700
177.188000	104.478000	0.066878	6.209813	5.683107	0.111208	0.033605	1.329075	21.897454	0.667750	0.167771	3.888603	20.443248	2.355580	3.134346	12.931776	13.126529	2.894070	94.940800
182.812000	104.478000	0.080450	5.710341	6.447453	0.056015	0.039953	0.689327	21.438731	1.312110	0.112248	2.191283	20.461344	3.876151	2.729220	13.230805	13.534245	3.084933	94.994500
188.438000	104.478000	0.102964	4.561216	7.166130	0.189945	0.031056	0.193288	20.624996	2.464447	0.107962	1.264575	20.200202	4.989990	2.400276	12.427814	13.512983	3.102724	93.340600
194.062000	104.478000	0.117160	4.048014	7.717344	0.273455	0.033104	0.020680	19.515624	3.657206	0.089791	0.187809	20.457159	6.832380	1.627052	11.448956	14.060713	2.990282	93.076800
199.687000	104.478000	0.063059	3.477506	8.029945	0.366874	0.037479	0.044536	18.554070	5.055949	0.344133	0.156070	19.923679	9.535655	0.719887	10.640322	14.394011	2.641716	93.984900
205.312000	104.478000	0.087107	2.952259	8.586271	0.580223	0.090499	0.024110	17.402400	6.688260	1.226043	0.112538	19.544803	11.443075	0.219968	9.885261	15.016951	2.650380	96.510200
210.938000	104.478000	0.128301	2.642203	8.473920	0.967631	0.089658	0.026507	16.343470	9.345900	1.377582	0.121740	18.463140	13.515697	0.194487	8.683387	14.795507	2.550809	97.720000
216.562000	104.478000	0.129041	1.968617	8.793612	0.841707	0.207692	0.174532	14.773792	10.394539	1.192815	0.137076	17.701882	14.821858	0.180691	7.117034	15.242806	3.175592	96.853400
222.188000	104.478000	0.172423	1.610189	9.354665	1.214055	0.303580	0.615875	14.347415	12.330211	0.237551	0.116966	17.191474	15.846520	0.179068	5.546791	15.312248	4.585260	98.964300
227.812000	104.478000	0.119151	1.170931	8.818335	1.580411	0.640261	0.279824	12.492732	14.048046	0.184657	0.243797	16.452043	17.016964	0.154843	4.254790	15.563551	5.536386	98.556800
233.438000	104.478000	0.123285	1.028728	8.826896	1.968176	0.183927	0.182616	10.552592	15.451923	0.184122	0.975402	14.693832	18.215118	0.113675	3.375085	15.724601	6.923796	98.523800
239.062000	104.478000	0.089255	0.902430	8.804650	2.528178	0.045932	0.092936	8.755261	16.278778	0.123127	1.254204	14.013212	19.096824	0.222099	2.664720	15.292456	8.471873	98.635900
244.687000	104.478000	0.111304	0.555053	8.573988	2.944433	0.032887	0.050783	6.797139	17.298237	0.124460	1.265921	11.592590	19.544916	0.203919	2.345763	15.124394	9.729617	96.295400
250.312000	104.478000	0.054118	0.375399	8.059983	3.740796	0.049057	0.007856	4.937049	17.727329	0.167744	0.299602	9.289069	19.883869	0.686631	2.733291	14.418779	10.856756	93.287200
255.937000	104.478000	0.128595	0.240616	7.827693	3.969603	0.091643	0.016416	3.717803	19.025686	0.202770	0.046061	6.475739	20.406378	1.591347	2.915276	14.001224	11.423509	92.080200
261.562000	104.478000	0.079121	0.178543	6.969148	4.545834	0.268139	0.017086	2.375768	20.965984	1.238846	0.079930	5.172190	20.164916	2.250185	3.118557	13.089773	12.696872	93.210800
267.188000	104.478000	0.065404	0.040108	6.550179	5.612534	0.648497	0.041811	1.458311	21.608716	2.474604	0.128289	3.755363	20.421647	2.673157	2.952779	13.179798	13.092374	94.703500
272.812000	104.478000	0.037498	0.091178	5.784544	6.344613	1.345021	0.043053	0.622758	21.502744	3.832213	0.161686	2.356055	20.234131	2.997973	2.582465	12.916734	13.164982	94.017600
278.438000	104.478000	0.114356	0.127248	4.594330	7.067170	2.473450	0.034424	0.225534	20.697378	5.277574	0.106349	1.248323	20.678491	3.137105	2.117883	12.230798	13.473738	93.604100
284.062000	104.478000	0.141019	0.084487	4.005987	7.707549	3.576296	0.020629	0.010014	18.883184	6.841654	0.080978	0.209946	20.291245	2.849295	1.534177	11.679223	14.060148	91.975800
289.688000	104.478000	0.288385	0.078577	3.405406	8.263807	4.651807	0.016893	0.025454	17.993334	9.320815	0.315220	0.106713	20.188440	2.739432	0.699116	11.187690	14.244609	93.525700
295.312000	104.478000	0.540519	0.113731	3.042940	8.866345	6.401920	0.055224	0.023107	17.134133	11.753641	1.249522	0.104742	19.946185	2.476560	0.238588	9.869948	15.453168	97.270200
300.938000	104.478000	0.857540	0.104855	2.274953	8.668243	9.070452	0.128902	0.031830	16.360661	13.663515	1.231675	0.117556	19.236500	2.511767	0.176374	8.380863	15.525211	98.340800
306.562000	104.478000	0.968830	0.098817	1.951766	8.900444	11.003760	0.177771	0.167798	15.093179	14.905663	1.081518	0.141193	17.750627	3.193201	0.153272	6.732040	15.437899	97.757700
312.187000	104.478000	1.283757	0.121083	1.572845	9.001146	12.208518	0.316670	0.623855	13.746981	16.161044	0.259787	0.113389	17.388828	4.557800	0.170889	5.148066	15.092613	97.767300
317.812000	104.478000	1.675752	0.169336	1.206127	9.010352	14.030290	0.654570	0.294895	12.296055	17.259671	0.121932	0.256708	15.914831	5.203518	0.209391	4.405989	15.600986	98.310500
323.438000	104.478000	2.080459	0.069978	1.044564	9.366665	15.162847	0.193625	0.174116	11.174842	17.930678	0.149604	1.025714	14.783405	7.115847	0.177768	3.112914	15.410191	98.973200
329.062000	104.478000	2.551487	0.105088	0.863552	8.877191	16.555640	0.035706	0.094348	9.014186	18.869046	0.121485	1.387297	13.709998	8.701324	0.187857	2.659959	15.079607	98.813800
334.688000	104.478000	3.026609	0.090831	0.591540	8.533714	17.091382	0.011636	0.068111	6.766206	19.833654	0.116332	1.323985	12.151065	9.779787	0.151623	2.636129	14.643391	96.816100
340.312000	104.478000	3.501369	0.051179	0.396360	8.244830	18.538124	0.051892	0.026429	4.683191	20.230851	0.110171	0.267582	9.655312	11.070239	0.773115	2.759055	13.958699	94.318300
345.938000	104.478000	3.755646	0.083173	0.254920	7.677364	19.346430	0.099335	0.006996	3.624453	20.622507	0.267463	0.054154	6.830265	12.113629	1.555880	2.913953	14.365850	93.572000
351.562000	104.478000	4.736584	0.114634	0.165323	7.382033	20.768516	0.194843	0.009772	2.435121	20.246798	1.226552	0.135650	5.075164	12.374884	2.293162	3.128137	13.473286	93.760500
357.187000	104.478000	5.626344	0.115614	0.054406	6.248684	21.583156	0.689602	0.019722	1.312506	20.390092	2.319423	0.133352	3.952548	13.191334	2.601273	3.072594	13.118612	94.429200
0.000000	106.958000	5.611415	0.102475	0.108199	5.498600	19.268280	0.723861	0.021642	0.644323	20.348133	3.421963	0.177998	3.239594	13.414588	2.779638	2.882331	13.143154	91.386200
5.625000	106.958000	6.339615	0.119321	0.134407	4.497576	18.994811	1.583284	0.021831	0.352274	19.646704	4.981089	0.169536	2.070733	13.554603	2.744024	2.481141	13.333158	91.024100
11.250000	106.958000	6.859229	0.184809	0.170301	3.861720	18.536201	2.598524	0.027729	0.112437	20.074098	5.744530	0.077435	0.796088	14.260556	2.727184	2.032472	12.432225	90.495500
16.875000	106.958000	7.020630	0.366172	0.072945	3.678955	17.756847	3.677699	0.032633	0.047945	19.708794	8.234108	0.075806	0.166198	14.511632	2.684184	1.207936	11.961287	91.203700
22.500000	106.958000	7.757346	0.424389	0.070839	2.955957	16.513229	5.104750	0.040967	0.062058	20.387039	10.586318	0.622600	0.150958	15.477597	2.579106	0.435722	10.966596	94.135500
28.125000	106.958000	7.962086	0.861617	0.075024	2.316120	15.647016	7.137957	0.063578	0.027964	19.469254	12.777737	1.463253	0.103271	15.493204	2.631142	0.187269	10.227290	96.443700
33.750000	106.958000	8.365776	1.160661	0.099051	2.302413	15.111500	9.128120	0.090255	0.049314	18.722020	13.863245	1.210571	0.121243	15.614671	3.084379	0.114838	8.271566	97.309600
39.375000	106.958000	8.664251	1.204441	0.051613	1.806413	14.220293	10.675280	0.277816	0.276183	17.689215	15.649731	0.225103	0.213300	16.243831	4.330531	0.207578	6.544140	98.279700
45.000000	106.958000	8.473908	1.422346	0.155651	1.491573	12.322520	12.545096	0.427362	0.498739	16.613999	16.298118	0.098475	0.120755	16.081423	5.230673	0.075902	5.434157	97.290700
50.625000	106.958000	8.357260	1.850499	0.096090	1.114538	10.722329	14.087517	0.285324	0.212149	15.535276	17.987113	0.177756	0.258233	15.533014	6.930469	0.165206	4.245516	97.558300
56.250000	106.958000	8.509704	2.101857	0.069287	1.205855	9.060397	15.223241	0.087385	0.146108	14.208871	18.544570	0.155459	1.315480	15.638760	8.792470	0.120605	3.289493	98.469700
61.875000	106.958000	8.276146	2.547834	0.133137	0.760082	7.089178	15.844258	0.034284	0.107942	12.950889	19.209809	0.128439	1.540001	15.780811	9.731098	0.182711	2.787962	97.104600
67.500000	106.958000	7.697303	2.929289	0.131713	0.542325	5.126419	16.871182	0.018483	0.066227	10.648058	19.654394	0.133895	0.781763	15.227086	11.038945	0.539461	2.531243	93.937800
73.125000	106.958000	7.335923	3.541971	0.057506	0.292538	3.620687	16.981791	0.029593	0.034443	7.836175	19.708342	0.187126	0.086290	14.691909	12.165654	1.293381	2.678959	90.542300
78.750000	106.958000	6.766455	4.057898	0.115542	0.152735	2.658014	18.280714	0.048400	0.042324	5.607117	20.038699	0.718399	0.093297	14.153001	12.530393	2.000726	2.577828	89.841600
84.375000	106.958000	6.293177	4.773635	0.109272	0.110854	1.454873	18.946292	0.247659	0.036391	4.611589	20.560078	1.926364	0.158933	14.272884	13.285770	2.468123	2.913206	92.169100
90.000000	106.958000	5.515350	5.356120	0.115735	0.111224	0.747778	19.629400	0.689357	0.003134	3.221453	19.912935	3.328387	0.166512	13.638860	13.717010	2.800301	2.797135	91.750800
95.625000	106.958000	4.676089	6.285622	0.140120	0.075355	0.277903	18.885332	1.358005	0.025035	2.099709	20.195000	4.372886	0.163499	12.927139	13.943092	2.879944	2.465149	90.769900
101.250000	106.958000	4.077951	6.907997	0.218082	0.109496	0.106490	18.816456	2.631108	0.020461	0.697604	20.427528	5.435571	0.075046	12.148463	14.299235	2.801953	1.903157	90.676500
106.875000	106.958000	3.446449	6.909308	0.310326	0.051365	0.055334	17.263743	3.695308	0.023689	0.182826	20.039943	8.095417	0.075834	12.077778	14.735226	2.605683	1.278294	90.846500
112.500000	106.958000	2.941922	7.658827	0.431136	0.084354	0.044702	16.709566	5.098179	0.032683	0.165049	19.841118	10.833402	0.689616	11.068045	15.325707	2.531673	0.451633	93.907500
118.125000	106.958000	2.370531	7.834366	0.731537	0.096889	0.065442	15.862014	7.099176	0.075625	0.151780	19.692734	13.090677	1.447782	9.961602	15.322653	2.643729	0.155974	96.602400
123.750000	106.958000	2.144461	8.449016	1.036268	0.075046	0.031802	15.264747	9.459574	0.107305	0.118048	18.463932	14.115678	1.237896	8.511129	15.992642	2.875488	0.166240	98.049300
129.375000	106.958000	1.620990	8.658913	1.168137	0.068078	0.262396	14.414821	10.966257	0.286715	0.216527	17.503057	15.520121	0.234200	6.958144	16.004065	4.430984	0.112370	98.425800
135.000000	106.958000	1.457033	8.492411	1.370943	0.151846	0.472632	12.595650	12.470452	0.467004	0.126305	16.811353	16.540033	0.125779	5.447424	16.455436	5.328332	0.070227	98.382800
140.625000	106.958000	1.201410	8.660756	1.777834	0.109985	0.276005	10.805082	14.217918	0.261531	0.230688	15.589789	17.574874	0.220642	4.144949	15.961314	6.743542	0.136280	97.912700
146.250000	106.958000	1.191888	8.224642	2.145015	0.108111	0.135266	9.130009	14.712945	0.056905	1.439469	14.275824	18.447419	0.107204	3.181496	15.898206	8.374304	0.130480	97.559200
151.875000	106.958000	0.778025	8.020320	2.740982	0.116117	0.082961	6.958189	16.032113	0.016903	1.558606	12.668146	19.689681	0.066093	2.954125	15.797549	10.113673	0.151680	97.745300
157.500000	106.958000	0.462262	7.867379	2.880634	0.109430	0.066455	4.900790	16.850146	0.033827	0.647637	10.782904	19.833654	0.153415	2.558296	15.105959	11.261362	0.420961	93.935100
163.125000	106.958000	0.392286	7.411223	3.428998	0.046643	0.042719	3.534529	17.575439	0.015189	0.087480	8.293620	19.821665	0.131567	2.604643	14.977933	11.711908	1.213478	91.289400
168.750000	106.958000	0.214962	6.834393	3.937122	0.106910	0.041591	2.649294	18.806504	0.066415	0.084734	5.809561	20.211851	0.763102	2.722660	14.292223	12.760885	2.012861	91.315000
174.375000	106.958000	0.172125	6.111769	4.422773	0.111472	0.016418	1.463344	19.076467	0.315853	0.196426	4.627072	20.095021	1.888703	3.054985	13.957116	13.132863	2.534262	91.176600
180.000000	106.958000	0.072631	5.443522	5.357534	0.095395	0.028084	0.750883	19.489385	0.727127	0.191322	3.352250	20.360461	3.200168	3.099760	13.518751	13.759648	2.868680	92.315600
185.625000	106.958000	0.087757	4.769937	6.146614	0.123709	0.031840	0.215927	19.295423	1.409114	0.155953	1.985706	20.210833	4.471326	2.426775	13.310199	13.707963	2.993562	91.342600
191.250000	106.958000	0.106597	3.987360	6.597262	0.194026	0.016191	0.024489	18.556106	2.577861	0.104620	0.738873	19.911917	5.747120	1.861865	12.228197	14.022147	2.709937	89.384600
196.875000	106.958000	0.052278	3.585118	7.195128	0.396450	0.033985	0.020357	17.387245	3.490614	0.106801	0.145127	20.012347	8.179731	1.185837	11.828850	14.537305	2.747394	90.904600
202.500000	106.958000	0.077295	2.988235	7.749893	0.484456	0.059612	0.034672	16.716578	4.873353	0.748673	0.137704	20.612102	10.602954	0.489810	11.253716	15.129370	2.546895	94.505300
208.125000	106.958000	0.103729	2.663940	8.060481	0.848495	0.103865	0.020958	15.802299	7.309051	1.598439	0.129784	19.582351	12.428153	0.168278	9.624798	15.469793	2.702551	96.616800
213.750000	106.958000	0.085795	2.021106	8.335715	1.181528	0.206251	0.040683	14.902610	9.285461	1.312596	0.129291	18.466646	13.773107	0.112994	8.146039	15.736250	3.030194	96.766200
219.375000	106.958000	0.082477	1.719362	8.252396	1.260097	0.282867	0.267630	13.588079	10.474770	0.263806	0.208679	17.781389	15.567396	0.171527	6.850520	15.853532	4.046396	96.670900
225.000000	106.958000	0.154464	1.413196	8.582142	1.390125	0.458355	0.467094	12.353396	11.955067	0.100511	0.124694	16.938022	16.641594	0.085270	5.391135	16.130960	5.220494	97.406600
230.625000	106.958000	0.102727	1.172672	8.685898	1.829440	0.260637	0.226918	10.673697	13.855781	0.242851	0.296658	15.496710	18.189784	0.143120	4.110353	16.473645	6.655642	98.416500
236.250000	106.958000	0.083401	1.097027	8.341109	2.116153	0.053704	0.065957	9.139317	15.241336	0.149923	1.173758	14.447958	17.839634	0.184053	3.074189	15.910533	8.615054	97.533200
241.875000	106.958000	0.105232	0.799130	7.692213	2.694793	0.038375	0.054828	7.183049	16.377060	0.138225	1.634132	12.698682	19.368823	0.120624	2.535360	15.317903	9.742487	96.500800
247.500000	106.958000	0.106492	0.531826	7.404211	3.109068	0.037202	0.027741	5.077313	16.899796	0.181942	0.631131	10.834883	20.311716	0.476451	2.658104	15.235116	11.306092	94.829100
253.125000	106.958000	0.070795	0.377238	7.465668	3.427550	0.053028	0.018108	3.754051	16.926373	0.144376	0.062650	8.154906	20.119337	1.277039	2.657652	14.465715	12.042265	91.016700
258.750000	106.958000	0.081016	0.223532	6.639277	3.692945	0.112222	0.018202	2.593842	18.212516	0.702427	0.085760	5.540424	20.114248	2.013314	2.791695	14.151417	12.528470	89.501300
264.375000	106.958000	0.119648	0.103784	6.194816	4.585000	0.418902	0.020764	1.445429	19.433063	2.073911	0.161807	4.656296	19.882059	2.403183	2.669278	14.185233	13.158649	91.512000
270.000000	106.958000	0.113180	0.116519	5.452852	5.579804	0.739741	0.036499	0.745802	19.743063	3.343791	0.119937	3.217868	20.188440	2.961872	2.767153	13.318003	13.745398	92.189800
275.625000	106.958000	0.133707	0.096213	4.550347	6.230532	1.557972	0.027458	0.245670	18.769181	4.501104	0.148297	1.993849	19.950935	2.887612	2.536524	13.317551	14.182519	91.129400
281.250000	106.958000	0.197297	0.126446	3.896961	6.766195	2.624254	0.022208	0.048144	17.897653	5.750004	0.081646	0.721908	20.095926	2.801048	1.909807	12.608883	14.067047	89.615500
286.875000	106.958000	0.329054	0.090565	3.552172	7.148577	3.649572	0.030791	0.044826	17.098847	8.180240	0.089098	0.191479	19.892803	2.696557	1.283021	12.174815	15.150519	91.602900
292.500000	106.958000	0.483848	0.092549	3.145316	8.026393	5.079563	0.040817	0.034493	17.020697	11.236967	0.706927	0.132555	19.906828	2.519107	0.466618	11.144917	14.440720	94.478200
298.125000	106.958000	0.735538	0.087815	2.525735	8.038857	7.133083	0.106394	0.040505	16.299927	12.854530	1.429426	0.111995	19.576018	2.690642	0.132258	9.458658	15.352737	96.574100
303.750000	106.958000	1.166011	0.096983	2.146339	8.154386	8.928390	0.165257	0.059554	15.065922	14.361326	1.327118	0.138071	18.112086	3.244073	0.132293	8.371691	16.298457	97.767900
309.375000	106.958000	1.206850	0.101539	1.760270	8.466715	10.479384	0.315261	0.244699	14.148364	15.748804	0.234089	0.189213	17.573177	4.367423	0.179636	6.491629	16.116370	97.623300
315.000000	106.958000	1.444061	0.110931	1.300054	8.640569	12.415712	0.458532	0.484933	12.438784	16.999321	0.120901	0.155154	16.523747	5.225142	0.061994	5.325640	16.450912	98.156400
320.625000	106.958000	1.697071	0.102864	1.159225	8.544583	14.059469	0.240699	0.227596	10.802017	17.734680	0.188194	0.204906	15.168728	6.841213	0.131260	4.251318	16.318475	97.672200
326.250000	106.958000	2.133265	0.063097	1.022021	8.539154	14.908717	0.033058	0.122329	9.483121	18.115818	0.191444	1.279233	14.378630	8.536180	0.151901	3.175174	16.070114	98.203200
331.875000	106.958000	2.705232	0.092482	0.776962	8.116917	15.745863	0.023709	0.041249	6.928806	19.647608	0.110168	1.377186	13.055052	10.092433	0.145055	2.622241	15.893455	97.374400
337.500000	106.958000	3.020276	0.062981	0.526585	7.432723	16.917326	0.033977	0.031840	5.193961	19.571607	0.137593	0.676614	10.597243	10.998060	0.496302	2.632917	15.414262	93.744300
343.125000	106.958000	3.587233	0.049649	0.294034	7.320157	17.064013	0.091768	0.012693	3.719217	19.724175	0.124731	0.069988	7.999578	11.969996	1.263998	2.456949	14.908491	90.656600
348.750000	106.958000	3.998409	0.120587	0.221305	6.880378	18.020703	0.105569	0.013135	2.611463	20.263650	0.735573	0.100722	5.605749	12.463666	1.910994	2.888653	14.584128	90.524700
354.375000	106.958000	4.568895	0.098003	0.148830	6.131210	19.240006	0.245422	0.032983	1.640047	19.723157	1.929520	0.174413	4.614315	12.882352	2.597201	2.748966	14.348093	91.123500
2.812500	109.471000	5.418765	0.062416	0.089779	4.753221	17.136621	0.848591	0.008229	0.398491	19.301531	3.907875	0.169009	2.693967	14.213960	2.448422	2.412253	14.451351	88.314600
8.437500	109.471000	5.968949	0.246586	0.072806	3.987043	17.461098	1.611807	0.053960	0.105887	19.787057	5.138136	0.114111	1.515663	14.201972	2.344451	2.331615	13.106737	88.048000
14.062500	109.471000	6.520276	0.349879	0.078950	3.419860	16.452722	2.621438	0.034789	0.034726	19.455682	6.776770	0.103382	0.376000	15.053595	2.569153	1.558809	12.747653	88.153700
19.687500	109.471000	6.732797	0.444424	0.077496	3.167574	15.897188	3.773323	0.035771	0.026484	19.737747	9.931518	0.115781	0.171482	15.015707	2.525464	0.782346	12.115439	90.550500
25.312500	109.471000	7.239304	0.774281	0.059265	2.464300	15.161263	5.254547	0.066852	0.019288	19.656995	11.757147	0.680526	0.157214	15.852401	2.766644	0.215170	11.091885	93.217100
30.937500	109.471000	7.809032	1.120211	0.081498	2.268009	14.526222	7.444915	0.053193	0.032632	19.160046	13.634562	0.545411	0.113716	16.235349	3.358606	0.195689	10.179427	96.758500
36.562500	109.471000	7.876381	1.366024	0.058909	1.996304	13.620878	8.917408	0.175666	0.063227	18.314078	14.610932	0.139806	0.129973	16.613659	4.242225	0.100901	8.611740	96.838200
42.187500	109.471000	7.837747	1.220693	0.118032	1.771161	12.483118	10.241382	0.520646	0.149407	16.702667	15.815984	0.079906	0.198842	16.725399	5.474703	0.121733	6.839505	96.300900
47.812500	109.471000	7.915547	1.599479	0.103553	1.315967	11.040924	12.220959	0.176759	0.454202	16.100876	17.399346	0.195203	0.091802	16.654601	7.057839	0.139460	5.291689	97.758200
53.437500	109.471000	7.977445	1.840795	0.089726	1.359634	9.108973	13.576883	0.062673	0.297264	15.090917	18.065037	0.141492	0.131704	16.283302	8.465245	0.149412	4.047199	96.687600
59.062500	109.471000	7.592744	2.378595	0.085047	1.128854	7.455218	14.775828	0.030958	0.133969	13.397737	18.946518	0.131050	0.486282	16.353988	10.022878	0.205619	3.084560	96.209800
64.687500	109.471000	7.616472	2.778632	0.090457	0.604629	5.348328	15.486871	0.012402	0.129345	11.764046	19.475361	0.137831	0.680958	15.770179	11.839255	0.230833	2.941843	94.907500
70.312500	109.471000	6.642998	2.939106	0.070420	0.475696	3.832643	16.448085	0.023775	0.076704	9.447778	19.691038	0.152385	0.133114	15.761810	12.558554	0.908081	2.603444	91.765700
75.937500	109.471000	6.674009	3.373874	0.067586	0.271997	2.644906	16.869712	0.022170	0.040791	6.738939	20.027955	0.401622	0.063193	15.167144	12.476785	1.661287	2.331264	88.833200
81.562500	109.471000	6.099882	3.719466	0.064659	0.146496	1.672710	17.213075	0.024514	0.013697	5.293317	19.891899	1.428397	0.142776	14.058904	13.495000	2.243376	2.550786	88.059000
87.187500	109.471000	5.311481	4.612222	0.093532	0.090564	0.866954	17.342459	0.235443	0.013603	4.018439	19.522183	2.802088	0.178689	13.877269	14.169626	2.420226	2.352888	87.907700
92.812500	109.471000	4.481878	5.216716	0.099292	0.096341	0.350111	17.735698	0.896799	0.016696	2.845868	19.653829	4.088955	0.217795	13.724927	14.316426	2.651013	2.449157	88.841500
98.437500	109.471000	3.866787	5.885054	0.181285	0.090786	0.071758	17.043882	1.613401	0.010485	1.584799	19.528065	5.312679	0.148005	13.168036	14.621450	2.595539	2.103938	87.826000
104.062000	109.471000	3.493023	6.546357	0.325518	0.082918	0.073604	16.727322	2.661440	0.013063	0.441880	19.673734	6.733431	0.064884	12.826934	14.851716	2.444135	1.571521	88.531500
109.688000	109.471000	2.950065	6.969092	0.460736	0.135944	0.062305	16.007571	3.651019	0.031517	0.181182	19.652019	9.708626	0.098404	12.210780	15.261920	2.929786	0.836696	91.147500
115.312000	109.471000	2.684897	7.204945	0.688048	0.105241	0.029360	15.876265	5.065630	0.041046	0.157649	19.551589	11.914804	0.642074	11.051453	16.259099	3.000778	0.205994	94.478900
120.938000	109.471000	2.231049	7.430902	1.022769	0.086486	0.025887	15.054499	7.381320	0.058268	0.126833	18.689335	13.686926	0.579749	9.915786	16.274367	3.248461	0.118343	95.931000
126.562000	109.471000	1.878479	8.197804	1.370299	0.073769	0.060911	13.983920	8.837901	0.200805	0.133116	17.878879	14.890056	0.155006	8.332491	16.569891	4.228777	0.146895	96.939200
132.188000	109.471000	1.657690	7.883597	1.391369	0.062691	0.182495	11.809171	10.767556	0.416191	0.181021	17.574534	15.877056	0.118169	6.768864	16.434626	5.191383	0.161868	96.478300
137.812000	109.471000	1.401706	7.930283	1.638656	0.121097	0.471195	11.047981	12.247876	0.154853	0.091341	16.036071	17.034721	0.178609	5.413291	16.537884	6.844685	0.125260	97.275500
143.437000	109.471000	1.389514	7.726708	1.935910	0.075907	0.260731	9.315081	13.481542	0.056630	0.136147	14.773000	18.131991	0.123334	4.406464	16.948654	8.351820	0.114687	97.228100
149.062000	109.471000	1.076529	7.680101	2.243942	0.083470	0.173908	7.376751	14.756827	0.036244	0.588015	13.395927	18.774271	0.125262	3.031506	16.197800	10.000440	0.184223	95.725300
154.688000	109.471000	0.738382	7.037866	2.704678	0.067009	0.138196	5.344641	16.036976	0.010010	0.647209	12.017044	19.944263	0.119393	3.168230	16.225057	11.440926	0.351343	95.991300
160.312000	109.471000	0.413575	6.944007	2.895122	0.091783	0.075740	3.671762	16.500675	0.030188	0.111948	9.701817	19.448670	0.157441	2.645132	15.586735	12.228989	0.838210	91.341800
165.938000	109.471000	0.335033	6.468681	3.437763	0.036697	0.019008	2.384714	16.681178	0.012308	0.080240	6.975764	19.396532	0.399191	2.536140	14.828305	12.809178	1.706967	88.107700
171.562000	109.471000	0.154083	6.091649	3.717148	0.074360	0.016278	1.649762	17.133228	0.042498	0.148462	5.128636	19.835011	1.624768	2.594815	14.527579	13.200834	2.165169	88.104300
177.188000	109.471000	0.092114	5.427666	4.509530	0.100024	0.019256	0.799823	17.401948	0.246307	0.255640	3.679611	19.315215	2.665648	2.636016	14.296747	13.824679	2.505343	87.775500
182.812000	109.471000	0.074952	4.492509	5.266185	0.093724	0.032919	0.333656	17.536647	0.809705	0.207536	2.751703	19.955912	3.884780	2.529750	13.922847	14.311676	2.625973	88.830400
188.438000	109.471000	0.104843	4.089023	5.790697	0.172143	0.020238	0.047079	17.364626	1.646403	0.144547	1.583317	19.586875	5.242650	2.165520	13.009247	14.810209	2.629999	88.407400
194.062000	109.471000	0.074558	3.367484	6.768615	0.282806	0.041521	0.008068	17.172473	2.664110	0.090708	0.391147	19.568327	6.845589	1.566703	12.859280	14.883949	2.591083	89.176300
199.687000	109.471000	0.093472	3.072447	6.899062	0.471374	0.089656	0.036249	15.932135	3.649628	0.101405	0.162419	19.807754	9.458828	0.874136	12.340163	15.520687	2.608092	91.117500
205.312000	109.471000	0.097379	2.580768	7.419230	0.748681	0.137704	0.018304	15.669636	5.386012	0.716802	0.137901	19.116730	11.695169	0.296275	11.381550	16.266111	2.961250	94.629600
210.938000	109.471000	0.062859	2.367568	7.698343	1.073923	0.170677	0.042263	14.556306	7.238795	0.528435	0.092531	18.767146	13.475661	0.119548	10.358257	16.318588	3.192523	96.063300
216.562000	109.471000	0.073980	2.001800	8.059712	1.347464	0.242323	0.036799	13.458357	9.266811	0.148744	0.134064	17.988018	14.600866	0.120191	8.286529	16.377625	4.297077	96.440300
222.188000	109.471000	0.102349	1.592320	7.965185	1.329007	0.381999	0.169280	12.476898	10.553135	0.085812	0.197565	17.127234	15.905783	0.146985	7.035978	16.972178	5.310542	97.352300
227.812000	109.471000	0.085338	1.356116	7.882364	1.563458	0.207454	0.444708	10.862332	12.091010	0.235688	0.055652	16.275272	17.632779	0.125346	5.262645	16.766228	6.717982	97.564400
233.438000	109.471000	0.085606	1.432197	7.993233	1.803857	0.065941	0.197146	9.417479	13.726058	0.137383	0.115752	15.310778	17.624863	0.103754	4.374718	16.348559	8.636429	97.373600
239.062000	109.471000	0.111227	1.040804	7.770352	2.159537	0.035356	0.050047	7.150014	15.181055	0.149835	0.593651	13.396266	19.369389	0.138553	3.435117	16.260230	10.539722	97.381200
244.687000	109.471000	0.116214	0.703171	7.395955	2.492903	0.022047	0.036853	5.126363	15.463233	0.120166	0.734701	11.788361	19.565839	0.311368	2.860707	16.111620	11.732378	94.582000
250.312000	109.471000	0.087642	0.422944	6.791133	3.081473	0.044846	0.039057	3.823753	15.809763	0.171141	0.095141	9.864022	19.743628	0.844973	2.621302	15.494335	12.124034	91.059100
255.937000	109.471000	0.063573	0.331175	6.414248	3.472891	0.026102	0.016018	2.771575	16.901153	0.410263	0.065710	7.058642	19.538130	1.584154	2.655740	14.938575	12.842542	89.090500
261.562000	109.471000	0.082663	0.140124	6.036152	3.681284	0.131184	0.024766	1.667462	17.220087	1.539786	0.139491	5.239392	19.978079	2.154244	2.430892	14.466393	13.070320	88.002200
267.188000	109.471000	0.099147	0.084805	5.251415	4.806196	0.356217	0.020164	0.804294	17.401722	2.746433	0.221412	4.056654	19.904113	2.596262	2.455253	13.954289	13.983694	88.742000
272.812000	109.471000	0.087073	0.073650	4.535237	5.403655	0.916690	0.018149	0.322278	17.598850	4.039746	0.217460	2.745902	20.076700	2.357367	2.420000	14.131625	14.402380	89.346600
278.438000	109.471000	0.207520	0.088949	3.848126	6.002110	1.504896	0.032797	0.052055	17.090478	5.188476	0.126298	1.552962	19.612096	2.608997	2.162059	13.419225	14.432577	87.929700
284.062000	109.471000	0.298037	0.064809	3.488928	6.747478	2.661689	0.025887	0.019064	16.803889	7.041237	0.071404	0.376491	19.705967	2.522546	1.628997	12.498726	15.195193	89.150400
289.688000	109.471000	0.384860	0.113752	3.174744	7.157568	3.843556	0.081070	0.028235	15.793930	9.842544	0.100354	0.126436	19.504540	2.715433	0.846383	12.185786	15.665112	91.564400
295.312000	109.471000	0.643142	0.084518	2.762391	7.182755	5.341304	0.105394	0.047385	16.182645	11.846154	0.649934	0.150095	19.541749	2.952157	0.318355	11.381550	15.859866	95.049500
300.938000	109.471000	1.028015	0.108449	2.278459	7.731074	7.089099	0.169482	0.031035	15.262599	13.725266	0.590205	0.129446	18.820075	3.128725	0.156940	10.212475	16.081763	96.543100
306.562000	109.471000	1.355438	0.083149	1.786768	7.759099	8.924941	0.283367	0.073997	13.982450	15.096459	0.178932	0.172303	17.889737	4.138910	0.106366	8.496290	16.520919	96.849100
312.187000	109.471000	1.302259	0.110203	1.546810	8.031064	10.478570	0.425590	0.165180	12.299109	15.915736	0.067243	0.242318	17.124972	5.120244	0.094614	6.758177	16.676315	96.358400
317.812000	109.471000	1.460098	0.104031	1.230601	7.871993	12.265180	0.182368	0.412593	10.822058	17.104162	0.217598	0.073728	15.836681	6.542296	0.104997	5.559051	17.027596	96.815000
323.438000	109.471000	2.015462	0.111506	1.293686	7.882771	13.025986	0.049451	0.199724	9.135946	18.250404	0.145946	0.154368	14.956444	8.214361	0.123148	4.231616	16.704363	96.495200
329.062000	109.471000	2.269038	0.069944	1.149895	7.646002	14.730928	0.042623	0.059325	7.556044	18.560630	0.104716	0.546014	13.533227	10.456165	0.139796	3.022900	16.101668	95.988900
334.688000	109.471000	2.675295	0.059654	0.682998	7.276049	15.990493	0.026207	0.061702	5.490152	19.438491	0.129838	0.622401	11.630251	11.227546	0.222414	2.942612	16.040482	94.516600
340.312000	109.471000	2.899295	0.107039	0.428140	7.272147	16.092054	0.034380	0.024725	3.741848	20.128159	0.200428	0.085604	9.687895	12.013538	0.843400	2.482317	15.459727	91.500600
345.938000	109.471000	3.291449	0.057509	0.367307	6.572301	16.844265	0.042757	0.020394	2.683506	19.763194	0.351559	0.079986	6.768389	12.928609	1.569746	2.764246	14.969903	89.075300
351.562000	109.471000	3.786996	0.060370	0.216622	6.196105	16.851164	0.056000	0.014890	1.568615	19.637543	1.786429	0.176638	5.351947	13.322527	2.393660	2.473642	14.508465	88.401600
357.187000	109.471000	4.558399	0.089225	0.086834	5.364297	17.574195	0.402814	0.026021	0.744264	19.643424	2.811487	0.202027	3.800082	13.740987	2.460025	2.389848	14.460852	88.354900
0.000000	112.024000	4.359065	0.126046	0.086585	4.351103	16.179592	0.454063	0.068245	0.562309	19.491195	3.311863	0.226084	3.241336	14.347076	2.173030	2.137969	14.650063	85.765700
5.625000	112.024000	5.099287	0.183304	0.122780	3.727530	15.808067	0.915609	0.035062	0.127320	19.658579	4.532805	0.208119	2.314729	14.994784	2.147707	2.247448	14.317105	86.440300
11.250000	112.024000	5.651632	0.273998	0.049093	3.313254	15.803204	1.676860	0.010767	0.061980	19.195332	5.533830	0.081892	1.079956	15.459727	2.281038	1.903937	13.380998	85.757500
16.875000	112.024000	6.129943	0.407664	0.073545	2.981585	15.211592	2.689998	0.023870	0.019402	19.584500	8.048685	0.106500	0.242692	16.031660	2.463531	1.160266	13.117255	88.292800
22.500000	112.024000	6.540170	0.628002	0.049233	2.634829	14.662052	4.078256	0.061668	0.039087	19.286941	11.114742	0.152214	0.173511	16.366768	3.035238	0.455763	12.540233	91.818700
28.125000	112.024000	6.825232	0.982505	0.052261	2.483708	14.083785	5.380300	0.037743	0.033883	18.868707	12.761677	0.065819	0.127679	16.392215	3.414363	0.172588	11.578114	93.260600
33.750000	112.024000	7.299098	1.377786	0.074043	1.968007	13.243472	7.368846	0.171548	0.039670	18.281958	14.138637	0.131719	0.079338	16.932481	3.989282	0.151269	10.030953	95.278000
39.375000	112.024000	7.683460	1.273996	0.071670	1.667575	11.816636	9.019105	0.429742	0.067474	17.612309	15.438239	0.095095	0.139803	17.118187	5.278366	0.198611	8.240679	96.150900
45.000000	112.024000	7.126772	1.512066	0.082484	1.491121	10.493668	10.529452	0.146669	0.149141	16.734900	16.463692	0.129616	0.149718	17.144086	7.005600	0.020182	6.622618	95.801700
50.625000	112.024000	7.680734	1.690296	0.094136	1.523783	8.992765	12.379069	0.063806	0.510221	15.197115	17.480324	0.096253	0.081494	17.562320	8.378273	0.173609	5.229949	97.134000
56.250000	112.024000	7.378549	2.078684	0.059400	1.340961	7.390142	13.044986	0.033848	0.163619	14.354653	18.266577	0.090599	0.122584	17.141598	10.269860	0.136786	4.187938	96.060600
61.875000	112.024000	6.929146	2.402572	0.069502	0.925262	5.648918	14.257503	0.037640	0.202251	12.594406	19.466653	0.111478	0.075223	16.651999	11.082939	0.164129	3.267054	93.886700
67.500000	112.024000	6.577662	2.493242	0.099776	0.503668	3.762375	15.100530	0.009330	0.131476	10.970328	19.506915	0.185396	0.145639	16.093185	12.072123	0.459812	2.823927	90.935300
73.125000	112.024000	6.162142	3.031484	0.069441	0.417827	2.709428	15.531092	0.019791	0.069517	8.374224	19.164683	0.177985	0.123716	15.601325	12.853965	1.062254	2.526323	87.895300
78.750000	112.024000	5.989081	3.392649	0.078026	0.212830	1.560427	15.710690	0.030300	0.049369	5.783413	20.147272	1.266091	0.065715	15.565247	13.459148	1.741733	2.348138	87.400100
84.375000	112.024000	5.023410	3.861437	0.063772	0.186371	0.892845	16.087983	0.090374	0.018317	4.571338	19.454664	2.156540	0.180247	15.137400	14.343796	1.971207	2.195536	86.235300
90.000000	112.024000	4.219401	4.261395	0.118291	0.088116	0.460607	16.004517	0.424244	0.059983	3.320493	19.626799	3.440432	0.191443	14.499192	14.735113	2.351429	2.194077	85.995500
95.625000	112.024000	3.682268	4.886008	0.182683	0.086197	0.103813	16.031887	0.904724	0.033343	2.432000	19.534850	4.767788	0.241358	14.196091	14.917425	2.430258	2.196418	86.627200
101.250000	112.024000	3.401391	5.846284	0.226797	0.036171	0.054124	15.923879	1.697376	0.009405	1.170512	19.693639	5.748093	0.074762	13.361772	15.502930	2.239983	1.661830	86.648800
106.875000	112.024000	3.044388	6.084648	0.478729	0.092424	0.065409	15.504966	2.579648	0.005429	0.204060	18.987459	8.156286	0.080218	12.898525	15.806597	2.642067	1.142645	87.773500
112.500000	112.024000	2.728168	6.591595	0.586433	0.062972	0.031250	14.996254	4.014005	0.027085	0.097442	19.433402	10.900050	0.090465	12.419558	16.748584	3.008072	0.426759	92.162100
118.125000	112.024000	2.365227	7.034666	0.907516	0.089424	0.038675	14.172114	5.494393	0.061474	0.164303	19.490742	12.431320	0.112925	11.017920	16.715786	3.329280	0.152405	93.578200
123.750000	112.024000	2.034214	7.100239	1.386234	0.068101	0.033144	13.487875	7.321073	0.115808	0.113886	18.542761	14.415613	0.141088	10.154286	16.798913	4.084623	0.129008	95.926900
129.375000	112.024000	1.712633	7.380743	1.501458	0.078283	0.066663	11.892524	8.614296	0.523029	0.135808	17.158336	15.552128	0.099029	8.641733	16.946052	5.667715	0.134265	96.104800
135.000000	112.024000	1.480161	7.564549	1.679405	0.077179	0.166821	10.512386	10.591079	0.178806	0.114699	16.279457	16.708209	0.101742	6.824124	17.209456	6.552226	0.034071	96.074300
140.625000	112.024000	1.455517	7.110837	1.708607	0.114635	0.463049	8.816412	12.335413	0.040078	0.090589	15.175400	17.638208	0.101396	5.344991	16.995476	8.284934	0.132209	95.807700
146.250000	112.024000	1.382739	6.898937	2.113337	0.070650	0.235245	7.490855	13.052224	0.040670	0.152192	14.256258	18.492658	0.080411	4.186807	17.147705	10.033792	0.142511	95.776800
151.875000	112.024000	0.884396	6.852364	2.231885	0.041470	0.115846	5.483174	14.162161	0.038446	0.062856	12.701849	19.747134	0.112021	3.080025	16.634469	11.871262	0.190333	94.209700
157.500000	112.024000	0.596314	6.510075	2.699588	0.062272	0.118501	3.948499	14.991844	0.009274	0.128465	10.821515	19.579750	0.149819	2.858524	16.598052	12.241769	0.558278	91.872500
163.125000	112.024000	0.447661	5.989499	2.883496	0.071997	0.079368	2.958570	15.486757	0.016313	0.067739	8.274348	19.637090	0.214477	2.567468	15.660814	13.102326	1.099645	88.557600
168.750000	112.024000	0.270417	5.725767	3.098924	0.067841	0.035396	1.710111	15.671785	0.037664	0.092621	5.868937	19.738539	1.146581	2.445266	15.164996	13.415832	1.740263	86.230900
174.375000	112.024000	0.142495	5.134653	3.682811	0.078556	0.046874	0.879878	15.737381	0.062780	0.178951	4.431391	19.450140	2.314107	2.412253	14.818805	14.255354	2.272103	85.898500
180.000000	112.024000	0.106966	4.245832	4.453140	0.140713	0.060683	0.418625	15.561741	0.446141	0.214183	3.331169	19.441997	3.448428	2.123176	14.394011	14.566711	1.972859	84.926300
185.625000	112.024000	0.122883	3.775732	5.076476	0.156393	0.018494	0.070105	15.663981	0.887034	0.190093	2.324637	19.735598	4.560684	2.269287	14.086273	14.925795	2.311913	86.175400
191.250000	112.024000	0.077385	3.255790	5.666052	0.276281	0.034822	0.023658	15.664546	1.870675	0.058386	1.147621	19.353329	5.659515	1.915597	13.264847	15.232967	2.318529	85.820000
196.875000	112.024000	0.061586	2.963840	6.172909	0.393569	0.070708	0.020185	15.175966	2.566258	0.095093	0.202212	19.235142	7.953593	1.137997	13.084005	15.871854	2.397799	87.402800
202.500000	112.024000	0.063361	2.605944	6.523251	0.625255	0.141222	0.008226	14.693380	3.810724	0.118776	0.192692	19.394157	10.942665	0.506227	12.522137	16.540598	2.819935	91.508600
208.125000	112.024000	0.065419	2.167997	6.875357	0.928948	0.169632	0.024349	14.603920	5.506868	0.050489	0.137349	19.923905	12.680360	0.239343	11.292147	16.706625	3.560847	94.933500
213.750000	112.024000	0.058290	1.949255	7.222588	1.346910	0.213505	0.047768	12.938788	7.473008	0.096806	0.105575	18.170783	14.172453	0.139728	9.943744	17.230492	4.050061	95.159700
219.375000	112.024000	0.076673	1.689833	7.094347	1.406829	0.549846	0.056181	11.885625	8.965565	0.105964	0.106980	17.451937	15.581872	0.134299	8.505768	17.122371	5.334247	96.068300
225.000000	112.024000	0.053274	1.430071	7.550570	1.502261	0.143050	0.127038	10.431544	10.485944	0.117417	0.140618	16.511759	17.045578	0.037692	7.232948	17.406019	6.731915	96.947700
230.625000	112.024000	0.064942	1.452633	7.302684	1.828207	0.068625	0.464865	9.052820	11.721295	0.145778	0.052780	15.292117	17.882951	0.163520	5.497989	17.233433	8.240340	96.465000
236.250000	112.024000	0.042686	1.529347	7.102354	2.041984	0.054713	0.099092	7.541670	12.901465	0.132396	0.124960	13.905883	18.305482	0.211088	3.984521	17.188420	10.335818	95.501800
241.875000	112.024000	0.082393	0.898945	7.227440	2.259515	0.028776	0.068414	5.605228	13.952027	0.107988	0.068285	12.971360	19.154504	0.190601	3.479473	16.575319	11.733962	94.404200
247.500000	112.024000	0.075760	0.571991	6.515187	2.813262	0.033277	0.050598	3.684315	15.003945	0.190474	0.085963	10.883300	19.970162	0.462305	2.831019	16.482240	12.243804	91.897700
253.125000	112.024000	0.048225	0.435456	6.018362	3.042850	0.026038	0.011006	2.638516	14.866984	0.237684	0.058310	7.980917	19.438831	1.187386	2.572557	15.534598	12.689634	86.787500
258.750000	112.024000	0.068656	0.233932	5.621119	3.217664	0.068265	0.022670	1.703653	15.775269	1.189173	0.070911	5.734906	19.625328	1.917769	2.285109	14.976010	13.388123	85.898600
264.375000	112.024000	0.095041	0.163970	5.021963	3.767091	0.155727	0.025342	0.808920	15.878866	2.247776	0.157718	4.503366	19.918816	2.290040	2.385098	14.505073	13.952140	85.876900
270.000000	112.024000	0.146241	0.108719	4.303274	4.233629	0.489295	0.095459	0.397810	16.496264	3.334336	0.176772	3.228544	19.331954	2.363429	2.122588	14.126988	14.643504	85.598800
275.625000	112.024000	0.202905	0.082014	3.757557	5.092434	0.972110	0.031765	0.061833	15.940730	4.720988	0.216978	2.474649	19.356835	2.174002	2.134441	13.928729	15.039118	86.187000
281.250000	112.024000	0.254331	0.061586	3.427641	5.672103	1.613594	0.018975	0.033499	15.688410	5.890154	0.064027	1.183179	18.997412	2.307457	1.823728	13.832257	15.258301	86.126700
286.875000	112.024000	0.413548	0.099606	2.862980	6.151330	2.671789	0.049077	0.024460	15.591938	8.432877	0.069108	0.206027	19.678597	2.491195	1.073573	13.070885	16.116370	89.003300
292.500000	112.024000	0.551060	0.082475	2.611678	6.683487	3.844563	0.096661	0.013136	14.790078	10.849258	0.129378	0.177864	19.784343	2.953424	0.501512	12.426344	16.331708	91.826900
298.125000	112.024000	0.896364	0.092677	2.386456	6.710404	5.404910	0.165058	0.034759	14.210002	12.563870	0.095359	0.110361	19.008495	3.181767	0.201054	11.550065	16.352970	92.964500
303.750000	112.024000	1.527289	0.071004	2.043397	7.377678	7.638526	0.223320	0.040995	12.901013	14.295729	0.094980	0.105296	18.552374	4.057729	0.121600	10.159726	17.220427	96.431100
309.375000	112.024000	1.412246	0.083510	1.802625	7.652053	9.144621	0.491638	0.049256	11.942174	15.334755	0.094278	0.118251	17.767705	5.466481	0.150997	8.362485	17.098508	96.971500
315.000000	112.024000	1.617699	0.058681	1.669441	7.251224	10.738388	0.135380	0.159203	10.205519	16.247903	0.113661	0.137508	17.102692	6.899933	0.042450	6.585771	17.135490	96.101000
320.625000	112.024000	1.812611	0.045627	1.493857	7.262003	12.395581	0.076104	0.342006	8.984667	17.365078	0.094967	0.080117	15.213288	7.997271	0.214602	5.321806	17.515045	96.214600
326.250000	112.024000	2.057930	0.084521	1.246932	6.937967	13.084344	0.059962	0.135867	7.422375	18.232195	0.130034	0.092607	14.288830	10.343826	0.167501	4.266868	17.054965	95.606700
331.875000	112.024000	2.319197	0.070931	0.960211	6.958517	14.234770	0.037391	0.043602	5.260542	19.459188	0.090468	0.089183	13.033676	11.346038	0.208846	3.374508	16.758876	94.245900
337.500000	112.024000	2.763861	0.058875	0.595879	6.520016	15.092274	0.025048	0.059459	4.005783	19.498546	0.147115	0.124375	10.888729	12.403950	0.499958	3.087003	16.571361	92.342300
343.125000	112.024000	2.883089	0.057237	0.372756	6.281618	15.211479	0.046390	0.017283	2.679344	19.623971	0.227399	0.095431	8.169699	12.776380	1.199137	2.497834	15.804335	87.943400
348.750000	112.024000	3.429111	0.076644	0.201023	5.456969	16.036976	0.052002	0.019193	1.684110	19.304584	1.052832	0.077661	6.031549	13.435059	1.867904	2.438593	15.176758	86.341000
354.375000	112.024000	3.876841	0.073608	0.196061	5.138724	16.273123	0.080142	0.022992	0.949653	19.578506	2.193636	0.253322	4.469109	13.975438	2.205907	2.072780	14.972504	86.332300
2.812500	114.624000	3.880392	0.106179	0.113353	3.539132	14.435518	0.439795	0.100377	0.200001	18.676215	3.798317	0.239386	3.203064	15.103584	1.902795	1.819035	14.492858	82.050100
8.437500	114.624000	4.483133	0.196829	0.079998	3.316534	14.576550	1.163274	0.119787	0.082564	19.568666	5.293080	0.164068	1.973786	15.558348	2.226310	2.114807	13.658991	84.576700
14.062500	114.624000	5.305984	0.366277	0.079946	2.717786	14.513781	1.768684	0.020252	0.034518	18.604964	6.739866	0.085399	0.840292	15.975677	2.676222	1.407802	13.696314	84.833800
19.687500	114.624000	5.822319	0.512503	0.060297	2.812934	14.045671	2.966894	0.018216	0.016703	19.448105	9.523169	0.047203	0.159468	16.426936	3.035114	0.763695	12.794815	88.454000
25.312500	114.624000	6.248549	0.804611	0.030778	2.307095	13.405766	4.082497	0.054990	0.024945	19.267941	11.789153	0.125313	0.089649	16.353422	3.553473	0.271106	12.580382	90.989600
30.937500	114.624000	6.431744	1.233112	0.076439	2.314017	12.972491	5.630732	0.060767	0.025931	18.692728	13.401016	0.091249	0.098295	17.722692	4.202482	0.225254	11.514440	94.693400
36.562500	114.624000	6.585466	1.661004	0.060225	1.873457	11.519642	7.014206	0.338218	0.049273	18.017537	14.792001	0.122444	0.120604	17.817580	5.320517	0.186767	10.406663	95.885600
42.187500	114.624000	6.868548	1.677019	0.057150	1.752771	10.257137	8.714794	0.055236	0.042978	17.145217	15.991511	0.126532	0.146131	17.907719	6.770889	0.179398	8.510574	96.203600
47.812500	114.624000	6.951019	1.701040	0.051110	1.670052	8.418977	10.537143	0.048820	0.039697	15.794721	17.063334	0.092954	0.130165	17.841670	8.287660	0.185068	6.700372	95.513800
53.437500	114.624000	6.681022	1.928117	0.036662	1.562428	7.333627	11.592138	0.026197	0.296685	15.006772	17.973655	0.082740	0.097412	17.401835	10.002769	0.182127	5.377835	95.582100
59.062500	114.624000	6.588655	2.078492	0.047959	1.230216	5.234744	12.783957	0.061592	0.218626	13.260210	19.259798	0.110357	0.084536	17.468336	11.250674	0.233881	4.217173	94.129100
64.687500	114.624000	6.167322	2.408476	0.071863	0.927578	3.932824	13.761118	0.021911	0.147170	11.992163	19.386580	0.150324	0.114225	17.090930	12.431546	0.343766	3.486746	92.434700
70.312500	114.624000	5.825101	2.607176	0.047206	0.548194	2.886493	13.926580	0.023072	0.133639	9.345052	18.826635	0.125310	0.087911	16.875027	13.173917	0.726028	2.819313	87.976800
75.937500	114.624000	5.316513	2.901003	0.067876	0.335561	1.762464	14.780578	0.025344	0.066623	6.846291	19.457605	0.906361	0.046144	15.883616	13.657408	1.512654	2.654259	86.220300
81.562500	114.624000	4.520161	3.143507	0.085445	0.216011	1.058229	14.304777	0.019395	0.120552	5.050452	19.327656	1.984575	0.173439	15.724714	14.560490	1.722190	2.133072	84.144700
87.187500	114.624000	4.113814	3.543532	0.069087	0.168868	0.485992	14.781256	0.095599	0.106499	3.798917	19.157784	3.133520	0.296456	15.059363	14.740089	1.788668	2.013856	83.353300
92.812500	114.624000	3.609943	4.136162	0.150546	0.067873	0.131470	14.681165	0.420394	0.087328	3.266907	18.580309	3.686973	0.233320	15.010618	15.132876	1.896156	1.800521	82.892500
98.437500	114.624000	3.351798	4.643381	0.241769	0.082344	0.070743	15.071238	1.019655	0.118449	1.925335	19.172939	5.364885	0.154980	14.064672	15.026791	2.077315	1.808234	84.194600
104.062000	114.624000	2.816667	5.423221	0.334391	0.051555	0.064590	14.607878	1.566590	0.023403	0.825910	19.378324	7.007059	0.019952	13.412326	16.388369	2.471539	1.294908	85.686700
109.688000	114.624000	2.623349	5.805954	0.573816	0.058193	0.060447	14.048951	2.862923	0.032682	0.181737	19.176106	9.445403	0.050710	12.761451	16.607665	2.804916	0.795522	87.889800
115.312000	114.624000	2.394440	6.247440	0.877306	0.097220	0.017002	13.233972	4.106553	0.044724	0.140940	19.664347	11.686348	0.057945	12.490017	17.319613	3.327652	0.358249	92.063800
120.938000	114.624000	2.102887	6.286470	1.274539	0.059509	0.025293	12.904406	5.535312	0.100688	0.121322	18.732312	13.404749	0.120472	11.454611	17.157657	4.030088	0.154774	93.465000
126.562000	114.624000	1.884202	6.446198	1.533034	0.062277	0.040559	11.804987	7.119409	0.243820	0.099762	18.254249	14.816316	0.120699	10.214397	17.764764	5.267203	0.192615	95.864500
132.188000	114.624000	1.576599	6.868673	1.701810	0.057602	0.048351	10.317847	8.748362	0.072818	0.148488	17.295184	15.808406	0.108706	8.326169	18.232648	6.461285	0.162284	95.935200
137.812000	114.624000	1.622551	6.826012	1.735445	0.076130	0.060142	8.521681	9.982288	0.032222	0.092948	16.552247	17.060507	0.119381	6.757057	18.226427	8.371216	0.162313	96.198600
143.437000	114.624000	1.487942	6.654806	2.023176	0.051419	0.370889	7.002750	11.412878	0.021943	0.102483	14.503037	18.357846	0.115081	5.576004	18.003512	10.338861	0.153310	96.175900
149.062000	114.624000	1.200732	6.287522	2.134565	0.072503	0.199268	5.604267	12.354301	0.040480	0.128295	13.392647	18.526701	0.098209	4.170951	17.570463	11.429391	0.191137	93.401500
154.688000	114.624000	0.761899	6.332569	2.451928	0.028946	0.121081	3.936285	13.330557	0.016809	0.086337	11.897953	18.971626	0.112550	3.435592	16.900813	12.488660	0.339911	91.213600
160.312000	114.624000	0.528227	5.784985	2.531842	0.050673	0.057939	2.755583	14.251169	0.023343	0.066946	9.349700	18.790331	0.142666	2.871372	16.436323	12.914811	0.784325	87.340100
165.938000	114.624000	0.353395	5.646430	2.970400	0.046588	0.093696	1.850555	14.277521	0.031859	0.081337	6.875006	19.362829	0.849641	2.352504	15.983029	13.722326	1.544321	86.041500
171.562000	114.624000	0.149484	4.754906	3.234471	0.056852	0.147507	1.001866	14.379874	0.026124	0.160261	5.303982	19.502391	2.104402	2.082586	16.050321	14.100071	1.866762	84.921900
177.188000	114.624000	0.182251	4.120747	3.573333	0.102705	0.129850	0.398500	14.692927	0.095267	0.215946	3.808281	18.944369	3.044773	1.997695	15.151311	14.182067	1.841055	82.481000
182.812000	114.624000	0.096474	3.403619	4.308172	0.124335	0.137221	0.091894	14.860537	0.364927	0.205257	3.139933	19.407503	3.751009	1.890196	14.287134	15.071464	1.875663	83.015300
188.438000	114.624000	0.055756	3.030895	4.782660	0.149895	0.147843	0.024471	14.785215	0.875960	0.163499	2.031839	19.067306	5.077007	1.858314	14.254788	15.352172	2.007919	83.665700
194.062000	114.624000	0.088429	2.769675	5.277337	0.405959	0.041386	0.008957	14.613194	1.922157	0.073655	0.823226	19.382621	6.651413	1.323782	13.958021	15.886896	2.349280	85.576000
199.687000	114.624000	0.052809	2.554439	5.780461	0.512470	0.137944	0.018602	14.104256	2.783699	0.070107	0.214292	19.014829	9.544114	0.717969	13.106398	16.598617	3.122289	88.333300
205.312000	114.624000	0.075816	2.319242	6.191073	0.822845	0.141613	0.019749	13.387897	3.888716	0.081863	0.134555	19.626007	12.030050	0.292595	12.557989	16.621463	3.329529	91.521100
210.938000	114.624000	0.068649	2.177915	6.434876	1.249545	0.193177	0.057775	12.574275	5.725089	0.126096	0.099714	18.931702	12.951454	0.191856	11.097393	17.569106	4.427331	93.875900
216.562000	114.624000	0.047527	1.897355	6.783578	1.482265	0.344764	0.028196	11.769587	7.474490	0.125841	0.098370	17.785348	14.419797	0.140796	10.361164	17.528164	5.234676	95.522000
222.188000	114.624000	0.071163	1.731509	6.346163	1.686225	0.053219	0.031335	10.036156	8.446527	0.123948	0.135030	17.052364	16.054732	0.151107	8.583703	17.480098	6.667393	94.650700
227.812000	114.624000	0.054421	1.682945	7.032189	1.604908	0.025200	0.061400	8.797683	10.360915	0.144490	0.152755	16.059256	16.952273	0.144631	6.821488	17.637077	8.406446	95.938100
233.438000	114.624000	0.078438	1.474043	6.584380	1.904175	0.045281	0.326293	7.370440	11.777391	0.089941	0.116263	14.622581	18.157664	0.173561	5.138317	17.789419	10.200984	95.849300
239.062000	114.624000	0.073532	1.187726	6.371304	2.312897	0.036688	0.090675	5.426851	12.503702	0.090187	0.136212	13.532662	17.963928	0.231221	4.041748	17.420948	11.571780	92.992100
244.687000	114.624000	0.059947	0.867624	6.152506	2.442246	0.028652	0.049612	3.699504	13.333384	0.136840	0.082632	12.086938	19.278346	0.304146	3.419690	16.927844	12.898186	91.768000
250.312000	114.624000	0.054819	0.601689	5.742777	2.685338	0.037773	0.029068	2.882953	14.060826	0.230621	0.071652	9.764767	19.467897	0.809970	2.896242	16.751299	13.522031	89.609800
255.937000	114.624000	0.067376	0.369974	5.371467	3.019721	0.041180	0.012506	1.879169	14.173471	0.774737	0.078450	6.976726	19.395401	1.386822	2.536015	16.190449	13.544311	85.817700
261.562000	114.624000	0.073029	0.216314	5.056865	3.426962	0.113795	0.129389	0.848912	14.533460	2.020902	0.154464	5.235852	19.725193	1.802862	2.161889	15.638873	14.206156	85.344800
267.188000	114.624000	0.101761	0.135872	3.994406	3.662827	0.289678	0.130563	0.470152	14.277973	3.058118	0.270933	3.691610	18.433169	1.903032	1.917667	15.397184	14.935521	82.670500
272.812000	114.624000	0.159047	0.094812	3.519035	4.025960	0.592381	0.134631	0.094011	14.550312	3.919388	0.275533	3.161726	19.023877	1.999391	1.786633	14.834638	15.211931	83.383300
278.438000	114.624000	0.202561	0.084816	3.204206	4.822945	1.119669	0.146324	0.042490	14.636944	4.993802	0.119403	2.065859	19.569571	2.087698	1.768401	13.924431	15.218151	84.007300
284.062000	114.624000	0.334497	0.046751	2.870444	5.336453	1.631723	0.060552	0.050778	14.169400	6.872733	0.069460	0.888416	18.969024	2.565489	1.408899	14.036510	15.894021	85.205100
289.688000	114.624000	0.602950	0.073620	2.640540	5.911790	2.786503	0.080384	0.024045	13.985390	9.361428	0.087612	0.204636	19.389068	2.974630	0.802393	13.222436	16.579617	88.727200
295.312000	114.624000	0.868192	0.057212	2.409855	5.915251	4.131299	0.156915	0.010178	13.275591	12.082980	0.075218	0.134199	19.062443	3.593306	0.369710	12.417409	16.657541	91.217300
300.938000	114.624000	1.248278	0.093789	2.134158	6.554364	5.495999	0.159396	0.035530	12.580721	13.291651	0.092778	0.096038	19.056222	4.270058	0.208925	11.504035	17.064465	93.886300
306.562000	114.624000	1.573523	0.030497	1.799854	6.713944	7.365996	0.320936	0.028675	11.385509	14.963795	0.075830	0.080885	18.098854	5.247671	0.139071	10.096980	17.513462	95.435500
312.187000	114.624000	1.671420	0.060749	1.751075	6.710178	8.894449	0.069704	0.042039	10.145600	15.819151	0.080450	0.172238	17.212849	6.725152	0.147856	8.455575	18.168861	96.127300
317.812000	114.624000	1.720425	0.047970	1.616308	6.996495	10.423525	0.051854	0.051724	8.833558	17.084370	0.174235	0.065633	15.831139	8.633229	0.153656	6.496288	17.444020	95.624400
323.438000	114.624000	1.917396	0.054341	1.555179	6.793180	11.659770	0.051362	0.299382	7.214852	18.147825	0.134412	0.097175	14.777976	9.894038	0.130823	5.312397	17.724841	95.765000
329.062000	114.624000	2.228719	0.049790	1.192623	6.511794	12.403385	0.025225	0.061549	5.445942	18.642286	0.164354	0.117342	13.490137	11.493291	0.200660	4.129093	17.273469	93.429700
334.688000	114.624000	2.507911	0.036966	0.883095	6.299069	13.760214	0.008301	0.059971	3.825223	19.427408	0.099965	0.080883	11.646651	12.689295	0.280512	3.468989	17.069102	92.143500
340.312000	114.624000	2.695189	0.048390	0.563341	5.797290	14.137393	0.054053	0.030626	2.820421	19.281965	0.126948	0.070681	9.443379	12.730462	0.716585	2.920773	16.331481	87.769000
345.938000	114.624000	3.082852	0.061635	0.401646	5.329192	14.338593	0.057078	0.032044	1.663255	19.003180	0.832094	0.094663	6.837514	13.854424	1.487886	2.397856	16.048512	85.522400
351.562000	114.624000	3.251548	0.062582	0.233538	4.683214	14.740654	0.036706	0.131775	1.028045	19.964620	2.172521	0.180725	5.175300	14.160578	1.745985	2.232587	15.497162	85.297600
357.187000	114.624000	3.514771	0.078239	0.092116	4.135257	14.794262	0.143311	0.115976	0.444081	19.039710	3.183701	0.249901	3.807501	14.732738	1.778919	1.823909	15.041493	82.975900
0.000000	117.280000	3.410586	0.098239	0.118032	3.454208	12.902257	0.234750	0.200662	0.358864	18.601345	3.724035	0.233290	3.797842	15.231384	1.635557	1.601255	15.282617	80.885000
5.625000	117.280000	3.874873	0.171447	0.089738	3.123251	13.370480	0.561937	0.272493	0.179530	19.255839	4.591537	0.210048	2.610524	15.915962	2.090616	1.677607	14.840180	82.836100
11.250000	117.280000	4.578610	0.290072	0.086294	2.728371	13.092487	1.097027	0.018957	0.038265	18.616274	5.939963	0.081655	1.912589	16.418793	2.596851	1.569497	14.344474	83.410200
16.875000	117.280000	5.141201	0.396534	0.056303	2.624197	13.258514	1.990502	0.054730	0.065014	19.218517	8.086075	0.059159	0.439063	17.013232	2.836515	1.047427	13.701064	85.988100
22.500000	117.280000	5.561720	0.611965	0.040872	2.276276	12.386420	2.844409	0.014725	0.029809	19.247018	10.703905	0.061608	0.144127	17.479985	3.401538	0.468246	13.571680	88.844300
28.125000	117.280000	5.928755	1.025763	0.025942	2.291035	12.187708	4.280270	0.084869	0.028379	18.772348	12.794702	0.120003	0.125168	17.944023	4.184748	0.362111	12.573483	92.729300
33.750000	117.280000	6.072264	1.528239	0.028779	2.150060	10.689971	5.681671	0.150419	0.051732	18.004078	14.051439	0.093801	0.111221	18.282071	4.952883	0.195501	11.487183	93.531300
39.375000	117.280000	6.270512	1.723479	0.042235	1.833783	10.028906	6.843882	0.057695	0.037864	17.400251	15.452941	0.119835	0.126848	18.741473	6.739086	0.164722	9.744037	95.327600
45.000000	117.280000	6.177704	1.852466	0.028079	1.833545	8.583726	8.508075	0.023304	0.032556	16.804115	16.288391	0.122715	0.105567	18.610167	8.176745	0.049596	8.543203	95.740000
50.625000	117.280000	6.064404	1.733002	0.042263	1.576769	6.704082	9.640982	0.013685	0.066307	15.194627	17.427395	0.118954	0.127792	18.937923	9.999388	0.204496	6.762531	94.614600
56.250000	117.280000	5.993808	2.077632	0.022042	1.394897	5.514151	11.311430	0.039840	0.203764	13.685343	18.308310	0.112453	0.125902	17.867456	11.461058	0.196230	5.331544	93.645900
61.875000	117.280000	5.902742	2.361201	0.017910	1.055428	4.069909	11.945906	0.026684	0.275240	12.327836	19.303906	0.125141	0.095709	18.158569	12.729105	0.324691	3.936149	92.656200
67.500000	117.280000	5.247060	2.434352	0.055003	0.694496	2.917640	12.383932	0.019809	0.138934	10.321851	19.023085	0.160284	0.056738	17.220540	13.160798	0.387529	3.536395	87.758500
73.125000	117.280000	4.865199	2.631447	0.094579	0.390791	1.864896	12.796511	0.037085	0.134684	8.001501	18.672144	0.485868	0.079161	16.873218	13.820042	0.975374	2.826325	84.548700
78.750000	117.280000	4.182464	2.996423	0.044788	0.271696	1.208219	13.049510	0.052526	0.067646	6.005830	19.087437	1.819397	0.037342	16.318362	14.320158	1.480908	2.217420	83.160200
84.375000	117.280000	3.636362	3.146888	0.064026	0.141358	0.575435	13.498167	0.038050	0.200315	4.473916	18.513921	2.775476	0.221959	15.784543	14.392201	1.689900	2.078605	81.231100
90.000000	117.280000	3.645285	3.225344	0.073961	0.093781	0.311610	13.367200	0.165244	0.193210	3.771310	18.954096	3.808508	0.249056	15.382708	15.558687	1.781238	1.659997	82.241200
95.625000	117.280000	3.048889	3.689891	0.212918	0.105987	0.085976	12.971812	0.487749	0.212443	2.823792	18.988364	4.491446	0.223532	14.565014	15.704696	1.994698	1.622709	81.229900
101.250000	117.280000	2.699351	4.432183	0.240042	0.083460	0.082211	13.298889	1.035017	0.038761	1.758426	19.422092	5.609390	0.070089	14.196317	16.194747	2.354325	1.560031	83.075300
106.875000	117.280000	2.693221	4.941641	0.446824	0.092880	0.061646	13.053355	2.018539	0.049103	0.438114	19.178368	8.375672	0.101638	13.592264	17.264534	2.913376	0.963022	86.184200
112.500000	117.280000	2.329059	5.222337	0.742335	0.052809	0.031647	12.577102	3.009215	0.032214	0.213325	19.574548	10.830450	0.063180	13.251615	17.426377	3.537108	0.422233	89.315500
118.125000	117.280000	2.024284	5.817286	1.046708	0.021035	0.042846	12.164636	3.956156	0.096619	0.150116	19.068889	12.958580	0.078594	12.682848	17.788288	4.178686	0.366706	92.442200
123.750000	117.280000	2.039643	6.255662	1.365424	0.060159	0.058349	11.211226	5.637201	0.135618	0.139014	18.648733	14.188966	0.109058	11.384265	17.930678	5.172269	0.222807	94.559100
129.375000	117.280000	1.768910	6.131866	1.780175	0.065818	0.031513	9.822718	6.922620	0.050873	0.142207	17.648839	15.282504	0.119341	10.022844	18.357507	6.794413	0.149779	95.091900
135.000000	117.280000	1.925505	6.419812	1.843362	0.045944	0.022732	8.528444	8.874691	0.029306	0.133377	16.423203	16.703459	0.118825	8.397692	18.702228	8.252498	0.064766	96.485800
140.625000	117.280000	1.656424	6.057007	1.856809	0.041329	0.077178	7.089167	9.841018	0.053677	0.154610	15.303653	17.748139	0.110343	6.564022	18.775176	9.885295	0.160759	95.374600
146.250000	117.280000	1.486925	6.053331	2.192505	0.063369	0.250404	5.701621	10.971233	0.088760	0.110182	14.330450	18.268726	0.090625	5.243464	18.053501	11.721408	0.221103	94.847700
151.875000	117.280000	1.136153	5.791443	2.164819	0.036416	0.191969	4.061484	12.004830	0.027862	0.092510	12.590900	18.780604	0.091995	4.092744	18.086526	12.366854	0.313068	91.830100
157.500000	117.280000	0.668475	5.442368	2.463000	0.022196	0.063460	2.842396	12.804993	0.017506	0.064154	10.624624	19.623858	0.153306	3.458845	17.739656	13.548608	0.446232	89.983600
163.125000	117.280000	0.464414	4.787795	2.620115	0.034807	0.095541	1.795918	13.105493	0.025500	0.093806	8.274269	19.583030	0.478896	2.761045	16.981904	13.654015	1.054603	85.811100
168.750000	117.280000	0.298393	4.347925	2.876959	0.068841	0.097365	1.104472	13.204227	0.032676	0.049925	5.740900	19.481468	1.856142	2.429964	16.668285	14.162275	1.406173	83.826100
174.375000	117.280000	0.178900	3.695535	3.123929	0.082565	0.211800	0.438319	13.434832	0.034178	0.203865	4.523158	18.818379	2.857585	1.961741	15.893795	14.591253	1.663764	81.713700
180.000000	117.280000	0.099786	3.277165	3.412644	0.094209	0.103783	0.205741	13.083213	0.222176	0.241439	3.635129	18.847219	3.919049	1.662859	15.453394	15.293813	1.784880	81.336600
185.625000	117.280000	0.088517	3.252939	3.700443	0.186590	0.218019	0.057222	13.277514	0.498793	0.171948	2.787691	19.001823	4.475329	1.623806	14.897747	15.835210	1.790082	81.863700
191.250000	117.280000	0.085979	2.828576	4.448582	0.267995	0.063529	0.023930	13.664194	1.029768	0.080448	1.665098	19.608590	5.835495	1.432581	14.258068	16.833521	2.264265	84.390600
196.875000	117.280000	0.067854	2.601555	4.916092	0.412107	0.103923	0.031126	13.207054	1.919205	0.097938	0.465194	19.128718	8.162879	0.979823	13.496697	16.847771	2.811656	85.249600
202.500000	117.280000	0.038999	2.409844	5.389914	0.623952	0.197707	0.025348	12.584341	2.741864	0.085087	0.167418	18.994924	10.886874	0.436330	12.910287	17.702674	3.483115	88.678600
208.125000	117.280000	0.064891	2.140096	5.848908	1.043866	0.219526	0.013540	12.055724	4.105603	0.089356	0.108914	19.595923	12.464570	0.374921	12.637270	17.998084	4.218033	92.979300
213.750000	117.280000	0.073688	2.032766	5.954371	1.417019	0.208479	0.092175	11.135835	5.425030	0.109084	0.121308	18.417223	13.884507	0.257498	11.601751	17.960535	5.359185	94.050500
219.375000	117.280000	0.028513	1.925505	6.402372	1.748519	0.065553	0.037047	9.983102	7.079328	0.180112	0.104144	17.442663	15.372755	0.229808	10.228749	18.132443	6.695826	95.656400
225.000000	117.280000	0.035172	1.757272	6.385679	1.783081	0.015720	0.037123	8.195203	8.617802	0.135901	0.113873	16.649850	16.147585	0.058554	8.630887	18.860451	8.424191	95.848400
230.625000	117.280000	0.036868	1.666399	6.211724	1.829462	0.029471	0.040781	6.939370	9.763693	0.116343	0.131026	15.314849	17.205158	0.183591	6.670820	18.680400	10.110031	94.930000
236.250000	117.280000	0.038909	1.254012	6.108987	1.890286	0.088130	0.127352	5.436250	10.918349	0.118200	0.160442	14.054606	18.307857	0.221473	5.379113	18.082002	11.490802	93.676900
241.875000	117.280000	0.035093	1.178474	5.878619	2.213914	0.010691	0.075867	4.353286	11.593834	0.161235	0.066493	12.645413	18.804694	0.322281	4.180620	17.939499	12.791082	92.251100
247.500000	117.280000	0.055608	0.675400	5.407783	2.532419	0.024844	0.029362	2.794239	12.494881	0.146720	0.052309	10.852006	19.510534	0.510734	3.392094	17.994804	13.638408	90.112200
253.125000	117.280000	0.064004	0.445740	4.961377	2.722999	0.072875	0.013782	1.858223	13.290294	0.514135	0.037842	7.842135	19.138218	0.977063	2.875669	16.854330	13.833387	85.502200
258.750000	117.280000	0.104927	0.250038	4.279592	2.874572	0.034225	0.032830	1.031661	13.262811	1.907748	0.059132	5.901951	18.990061	1.360934	2.404981	16.679256	13.979396	83.154000
264.375000	117.280000	0.090656	0.222499	3.748973	3.127515	0.219165	0.240793	0.447897	13.300699	2.933892	0.250970	4.383845	19.192844	1.694017	1.887934	16.156294	14.812924	82.710800
270.000000	117.280000	0.131606	0.112674	3.450453	3.537278	0.312666	0.134543	0.231491	13.286675	3.865803	0.288069	3.600827	18.779021	1.718650	1.793656	15.123828	15.309873	81.677100
275.625000	117.280000	0.166988	0.086935	3.286688	3.887042	0.627357	0.218104	0.067156	13.100969	4.521281	0.201481	2.761124	18.666489	1.986453	1.626091	15.510621	15.919468	82.634300
281.250000	117.280000	0.306814	0.041797	2.744669	4.188990	1.154950	0.061531	0.042278	13.178667	5.988176	0.074792	1.832301	19.621822	2.233231	1.552725	14.526222	16.040595	83.589500
286.875000	117.280000	0.379281	0.067196	2.688946	4.888610	1.865812	0.050264	0.058632	12.969550	7.837193	0.080360	0.504207	18.949345	2.916441	0.980807	13.967521	17.051346	85.255500
292.500000	117.280000	0.674149	0.041389	2.478166	5.280707	2.772050	0.063711	0.022437	12.410623	10.419499	0.042850	0.198635	19.329805	3.370572	0.417696	13.199025	17.672137	88.393500
298.125000	117.280000	0.986201	0.055408	2.379093	5.946239	3.982677	0.211144	0.020314	11.817088	12.516708	0.078773	0.159892	19.232541	4.181910	0.328836	12.684092	17.678131	92.259000
303.750000	117.280000	1.353538	0.050728	2.095807	5.826888	5.831299	0.225660	0.062620	11.160061	14.137167	0.090638	0.101239	18.195099	5.013955	0.274646	11.313126	18.466194	94.198600
309.375000	117.280000	1.715325	0.038442	1.993261	6.112108	7.175019	0.091914	0.017692	9.573814	15.384178	0.131461	0.127786	17.606088	6.639617	0.182902	10.111411	18.332739	95.233800
315.000000	117.280000	1.814624	0.020685	1.751188	6.333372	8.351989	0.049848	0.029665	8.347669	16.621576	0.119606	0.148800	16.904546	8.606798	0.059039	8.609139	17.906023	95.674700
320.625000	117.280000	1.936079	0.057810	1.840784	6.232511	9.857869	0.024662	0.046364	7.244212	17.184688	0.130776	0.132218	15.383160	10.188532	0.200088	6.797557	18.432264	95.689500
326.250000	117.280000	1.987527	0.026099	1.404771	5.881876	10.935065	0.035058	0.118944	5.651655	18.352983	0.076618	0.123575	13.920812	11.715640	0.236796	5.251437	18.250291	93.969200
331.875000	117.280000	2.354664	0.015575	1.122239	5.820905	12.150612	0.021331	0.073802	3.994564	18.762396	0.108242	0.085704	12.971360	12.582757	0.341877	3.957604	17.731061	92.094800
337.500000	117.280000	2.437994	0.045021	0.715931	5.451778	12.783279	0.018410	0.046122	2.901670	19.240571	0.136950	0.043145	10.513902	13.675051	0.516853	3.571320	17.579511	89.677700
343.125000	117.280000	2.731029	0.044001	0.471741	5.011219	12.553804	0.069737	0.023583	1.994257	18.985310	0.513072	0.108297	7.941333	14.146215	1.037142	3.028181	17.029971	85.689000
348.750000	117.280000	2.788765	0.095392	0.217989	4.265884	13.323092	0.079932	0.033579	1.215887	18.840998	1.897898	0.088558	5.713711	14.797768	1.339796	2.408758	16.274254	83.382200
354.375000	117.280000	3.219734	0.089888	0.188015	3.726455	13.787018	0.089893	0.236276	0.592373	18.738306	2.836990	0.219246	4.406725	15.476466	1.804344	1.903032	15.849008	83.163700
2.812500	120.000000	3.084549	0.152834	0.084346	3.115458	12.141225	0.173688	0.143223	0.232986	19.336478	4.423169	0.227157	3.750409	16.026910	1.672732	1.609443	15.629260	81.803900
8.437500	120.000000	3.731941	0.275706	0.078162	2.966645	11.890262	0.567161	0.056453	0.050285	19.036091	5.363890	0.161661	2.620635	16.616034	2.172306	1.528714	15.334415	82.450300
14.062500	120.000000	3.962162	0.329464	0.048217	2.670443	11.698901	0.984628	0.054902	0.094346	19.056901	7.240299	0.100804	1.658335	17.272112	2.861702	1.010764	14.614325	83.658300
19.687500	120.000000	4.608230	0.487616	0.036733	2.373857	11.581620	1.988783	0.041814	0.051229	19.958287	9.367434	0.093204	0.433916	17.725180	3.525267	0.647966	14.133774	87.054900
25.312500	120.000000	5.021703	0.998729	0.022356	2.241476	11.296286	2.846094	0.095066	0.025649	19.423563	11.739390	0.084794	0.177688	18.030430	4.290347	0.510215	13.311217	90.115000
30.937500	120.000000	5.462726	1.228508	0.052702	2.325881	9.891719	4.344329	0.075419	0.062570	18.284786	13.230239	0.078820	0.083541	18.624869	5.373492	0.387228	12.508905	92.015700
36.562500	120.000000	5.497130	1.605247	0.054144	2.045772	9.274796	5.606054	0.069230	0.056798	17.121693	14.568294	0.137267	0.105945	18.921524	6.877257	0.265140	11.819350	94.025800
42.187500	120.000000	5.533581	1.964139	0.043521	2.014354	8.273850	6.748744	0.057996	0.056768	16.950463	16.204926	0.114597	0.088872	19.429896	8.154929	0.230832	10.170481	96.038000
47.812500	120.000000	5.702786	2.008654	0.057663	1.882630	6.626735	7.983643	0.031278	0.034490	15.702660	17.215903	0.101869	0.137644	19.291465	10.571773	0.230647	8.318773	95.898600
53.437500	120.000000	5.235886	2.006607	0.039185	1.646267	5.360045	9.002831	0.059554	0.150775	14.584354	17.812830	0.109032	0.169245	18.894833	11.804421	0.271157	6.783013	93.930100
59.062500	120.000000	5.461708	2.235391	0.045215	1.285125	3.957943	10.430413	0.070374	0.152051	13.152428	18.066168	0.077536	0.122306	18.245315	12.945913	0.402541	5.541622	92.192100
64.687500	120.000000	5.023263	2.187404	0.029976	0.876150	2.803378	10.913305	0.017361	0.187110	11.510821	19.117408	0.155401	0.052786	18.502724	13.810881	0.524186	4.352393	90.064500
70.312500	120.000000	4.530826	2.424705	0.045463	0.490606	1.911334	11.604465	0.056424	0.168689	9.287757	19.710038	0.425399	0.063713	17.993221	13.921377	0.619971	3.637482	86.891400
75.937500	120.000000	3.856574	2.635157	0.086918	0.292539	1.010154	12.090444	0.062574	0.103840	6.628160	19.555886	1.756662	0.124085	17.269511	14.294372	1.039345	2.804554	83.610800
81.562500	120.000000	3.434087	2.802088	0.076754	0.273676	0.659264	12.116457	0.020590	0.080496	5.072110	18.902976	2.662967	0.173082	16.329559	14.910640	1.537592	2.295616	81.348000
87.187500	120.000000	2.996831	3.043992	0.091133	0.136965	0.200256	12.203089	0.086671	0.136378	4.298513	19.077711	4.005715	0.242262	15.823901	15.438239	1.610845	1.764669	81.157200
92.812500	120.000000	2.836334	3.204534	0.151971	0.078574	0.164413	12.018062	0.135270	0.179960	3.782631	19.132337	4.438426	0.277318	15.451019	16.242021	1.879485	1.590906	81.563300
98.437500	120.000000	2.762855	3.481057	0.266048	0.074839	0.042892	12.307365	0.451642	0.029913	2.624831	19.012228	5.275912	0.149855	15.363708	16.958945	2.028819	1.433384	82.264300
104.062000	120.000000	2.650628	4.189600	0.348350	0.070435	0.093976	11.714509	0.969427	0.021179	1.662870	19.541976	7.084191	0.082638	14.680939	17.022054	2.820410	1.036293	83.989400
109.688000	120.000000	2.459709	4.650008	0.551236	0.047881	0.072415	11.912655	1.851731	0.031702	0.484544	19.446069	9.273450	0.097382	14.164989	17.629273	3.520494	0.666353	86.859900
115.312000	120.000000	2.331796	4.815492	0.892460	0.023587	0.034253	10.932735	2.991345	0.106955	0.225318	19.624989	11.550292	0.081166	13.609115	18.359543	4.075304	0.544651	90.199000
120.938000	120.000000	2.136103	5.152896	1.246921	0.021981	0.050420	10.288318	4.215624	0.079651	0.113204	18.613899	13.820494	0.088125	12.653104	18.712859	5.142287	0.365674	92.701500
126.562000	120.000000	2.114717	5.680551	1.587276	0.014192	0.035779	8.854809	5.502412	0.067276	0.096345	17.810455	14.609914	0.178623	11.899084	19.377758	6.756932	0.261481	94.847600
132.188000	120.000000	2.054888	5.961315	1.864330	0.036291	0.049026	7.898560	6.796109	0.018962	0.141856	17.104728	16.347994	0.081202	10.068762	19.427747	8.261987	0.267937	96.381700
137.812000	120.000000	1.746144	5.530471	1.999934	0.027201	0.046052	6.745510	7.717728	0.031868	0.067758	15.465834	17.111401	0.132901	8.257994	19.553285	10.375086	0.247114	95.056300
143.437000	120.000000	1.510686	5.580890	2.110543	0.049552	0.206534	5.618212	9.147290	0.030937	0.127562	14.561056	17.667613	0.106349	6.549071	18.786938	11.622448	0.243289	93.918900
149.062000	120.000000	1.151795	5.352524	2.205805	0.070183	0.216051	4.216065	10.283828	0.049822	0.080237	13.136708	18.579065	0.155184	5.178003	19.167397	12.920918	0.387569	93.151200
154.688000	120.000000	0.981380	4.975819	2.294157	0.046665	0.155205	2.925489	11.201386	0.019181	0.078865	11.819916	19.962132	0.159997	4.388358	18.483950	13.257835	0.543438	91.293800
160.312000	120.000000	0.492143	4.586074	2.538040	0.016821	0.030504	2.045241	11.832356	0.055259	0.138281	9.081467	18.960881	0.390647	3.571252	17.421853	14.315408	0.650303	86.126600
165.938000	120.000000	0.345258	3.886850	2.744737	0.075547	0.065573	1.034665	11.998723	0.044206	0.107936	6.749434	19.218743	1.762859	3.017833	16.813842	14.516948	1.023292	83.406300
171.562000	120.000000	0.272976	3.422846	2.737329	0.076136	0.040249	0.443103	12.297186	0.060917	0.201594	5.240105	18.806504	2.655480	2.178651	16.541051	15.272890	1.545317	81.792200
177.188000	120.000000	0.109948	3.007643	3.020886	0.102693	0.151713	0.150088	11.969543	0.111352	0.236349	4.032961	18.877642	3.723436	1.909151	16.415400	16.322999	1.503968	81.645700
182.812000	120.000000	0.102114	3.104669	3.282220	0.154192	0.088430	0.129109	11.734753	0.123036	0.271682	3.813721	19.450367	4.060873	1.531779	15.309986	15.762489	1.926036	80.845400
188.438000	120.000000	0.097454	2.799204	3.722565	0.245719	0.068594	0.037982	12.119510	0.439056	0.172736	2.745653	18.556785	5.442266	1.427017	15.105619	16.416757	2.207558	81.604500
194.062000	120.000000	0.032468	2.638889	4.182147	0.354864	0.097856	0.043845	12.036949	1.072106	0.091227	1.625503	19.295084	6.760122	1.149827	14.161030	17.315654	2.817458	83.675000
199.687000	120.000000	0.034217	2.307627	4.409077	0.599402	0.194282	0.067224	11.591120	1.936079	0.113004	0.459011	19.847451	8.978300	0.645821	14.043749	17.707084	3.526454	86.459900
205.312000	120.000000	0.045948	2.168042	5.285480	0.894748	0.183725	0.015922	11.320704	2.969879	0.071895	0.162614	19.147379	11.638621	0.627306	13.506197	18.409645	4.290121	90.738100
210.938000	120.000000	0.043599	2.093432	5.146901	1.219144	0.179469	0.036816	9.995622	4.147178	0.093193	0.081872	19.193070	13.179572	0.405953	12.706825	18.944595	5.200170	92.667500
216.562000	120.000000	0.035375	2.012567	5.505499	1.623252	0.109631	0.038632	8.942516	5.466605	0.150829	0.112994	17.543206	14.470691	0.324269	11.701842	18.912136	6.402757	93.352800
222.188000	120.000000	0.047322	1.843645	5.645152	1.943431	0.057451	0.028572	7.592744	6.920686	0.137343	0.111627	17.258766	15.456900	0.156350	9.844772	19.564708	8.501108	95.110600
227.812000	120.000000	0.025443	1.825459	5.844599	1.887979	0.047296	0.032952	6.851516	7.909485	0.139507	0.113672	16.041952	16.765775	0.220515	8.048866	19.164230	10.113209	95.032400
233.438000	120.000000	0.044031	1.636892	5.434089	2.162331	0.075137	0.068525	5.397887	8.959673	0.088763	0.161631	14.553365	17.585618	0.256094	6.702951	19.311936	11.468183	93.907000
239.062000	120.000000	0.045822	1.231313	5.360938	2.268438	0.082025	0.056849	4.323666	10.288035	0.159734	0.053157	13.585139	19.343037	0.346395	5.377891	19.058937	12.597573	94.179000
244.687000	120.000000	0.033454	0.810279	4.959827	2.438107	0.034015	0.096594	2.769697	11.008804	0.198618	0.077828	11.792320	19.922435	0.489128	4.435598	17.794622	13.597240	90.458500
250.312000	120.000000	0.034027	0.541923	4.408048	2.251858	0.064901	0.034294	1.972395	11.676621	0.483126	0.116826	9.237406	19.200648	0.581029	3.394221	18.088788	14.070326	86.156300
255.937000	120.000000	0.040361	0.419082	4.116494	2.580598	0.054648	0.029841	0.917347	11.979835	1.656876	0.089164	6.720628	19.164230	1.078565	2.896344	17.454651	14.828079	84.026800
261.562000	120.000000	0.084535	0.231612	3.519012	2.761950	0.068039	0.059693	0.444083	12.173119	2.688425	0.187893	5.232720	18.699061	1.483871	2.308079	16.828770	15.091822	81.862800
267.188000	120.000000	0.116776	0.155738	3.144705	3.080500	0.230130	0.126546	0.200220	11.917632	3.645964	0.271738	4.016980	19.066627	1.604885	1.848237	16.296987	15.139436	80.863100
272.812000	120.000000	0.134515	0.078001	3.290635	3.139005	0.304690	0.145501	0.081156	12.111594	4.184047	0.231935	3.791260	19.338174	1.842932	1.383067	15.483251	16.136049	81.675800
278.438000	120.000000	0.217331	0.076362	2.902462	3.380072	0.682166	0.036201	0.030026	12.368551	5.237029	0.208229	2.600809	19.220100	2.218936	1.514362	14.955539	16.924564	82.572700
284.062000	120.000000	0.373708	0.055730	2.562763	4.126571	0.905412	0.079130	0.057871	11.902816	6.739696	0.091369	1.675605	19.545368	2.884016	1.161510	14.689647	17.381590	84.232800
289.688000	120.000000	0.494993	0.016313	2.373461	4.680714	2.065791	0.043481	0.056479	11.458683	9.026660	0.129705	0.490096	19.824832	3.511978	0.569793	14.347867	18.109258	87.200200
295.312000	120.000000	0.925575	0.031238	2.354302	4.729459	3.019631	0.179393	0.019162	11.203332	11.273746	0.084028	0.204466	19.610286	4.226312	0.572500	13.411987	18.247124	90.092600
300.938000	120.000000	1.222944	0.029876	2.085232	5.328479	4.099507	0.151545	0.062958	10.242151	12.879185	0.077025	0.091896	18.155855	5.210734	0.380415	12.831232	19.150206	91.999200
306.562000	120.000000	1.526203	0.052803	1.890874	5.526795	5.229214	0.174466	0.048468	9.404043	14.403964	0.130545	0.110656	17.527712	6.614407	0.261340	12.017610	19.252899	94.172000
312.187000	120.000000	1.924928	0.032161	1.993318	5.544009	6.843056	0.034690	0.032008	8.258854	15.676987	0.128821	0.122403	17.550331	8.097407	0.207715	9.932027	19.572964	95.951600
317.812000	120.000000	2.037856	0.024038	1.852862	5.671696	7.978146	0.026263	0.020766	6.605959	16.812824	0.112389	0.114272	15.884068	10.194752	0.212331	8.389560	19.421753	95.359600
323.438000	120.000000	2.204561	0.046330	1.609579	5.693026	9.414539	0.050114	0.056786	5.641137	17.474443	0.157283	0.118420	14.770512	11.734527	0.239792	6.953383	18.952738	95.117100
329.062000	120.000000	2.125529	0.018444	1.132263	5.241677	10.339799	0.050224	0.078361	4.077408	18.439390	0.106246	0.072554	13.050075	12.478255	0.407705	5.335978	18.685602	91.639500
334.688000	120.000000	2.292777	0.042766	0.870989	4.943077	10.991817	0.022727	0.069703	2.988484	19.389294	0.216593	0.056775	11.709872	13.834518	0.532530	4.078324	18.173158	90.213500
340.312000	120.000000	2.656803	0.045134	0.523340	4.589965	11.906096	0.060655	0.043426	2.044189	19.330144	0.407930	0.100270	9.368565	14.143161	0.545899	3.385218	17.974333	87.125100
345.938000	120.000000	2.624277	0.043923	0.350446	4.102210	11.676056	0.102248	0.027439	1.103157	19.696240	1.712463	0.080924	6.772630	14.636265	1.050541	2.891548	16.825038	83.695300
351.562000	120.000000	3.055121	0.113063	0.252576	3.408064	11.979044	0.076423	0.050281	0.794063	19.021275	2.579716	0.179217	5.266083	14.945700	1.364463	2.266799	16.318701	81.670500
357.187000	120.000000	3.023160	0.087166	0.144748	3.278986	12.135457	0.139792	0.166095	0.280849	19.252786	3.430593	0.280735	4.307176	15.554616	1.580988	1.792593	15.948647	81.404400
0.000000	122.797000	2.869144	0.103728	0.078598	2.950461	10.739418	0.122959	0.144995	0.218490	18.603946	4.288391	0.240563	4.444906	16.457811	1.807047	1.857793	15.943331	80.871600
5.625000	122.797000	2.791310	0.141861	0.222009	2.653863	11.092530	0.150438	0.027650	0.079935	19.238422	4.660651	0.208414	3.668957	17.057679	2.224036	1.680332	16.051905	81.949900
11.250000	122.797000	3.311309	0.294263	0.265151	2.558081	10.794338	0.547616	0.019046	0.078422	19.333537	5.759482	0.154949	3.132219	17.073626	2.918013	1.342420	14.843121	82.425600
16.875000	122.797000	3.900049	0.445130	0.019249	2.407888	10.569885	1.128950	0.046414	0.061552	19.532023	8.111409	0.158427	1.571985	17.951148	3.598769	0.887532	14.772208	85.162600
22.500000	122.797000	4.273937	0.743442	0.028739	2.404054	9.949908	2.006392	0.111818	0.058676	19.413497	10.552095	0.150366	0.708015	18.531564	4.534943	0.776791	14.345945	88.590200
28.125000	122.797000	4.150356	1.018812	0.016914	2.102321	9.242077	3.009701	0.052154	0.050617	18.764771	12.362896	0.130183	0.290929	19.143307	5.330458	0.690956	14.145197	90.501500
33.750000	122.797000	4.692963	1.405902	0.017830	2.226807	8.115627	4.085178	0.086340	0.071278	18.538689	13.767112	0.096823	0.094082	19.693413	7.117442	0.554624	12.580721	93.145000
39.375000	122.797000	4.721633	1.609477	0.012617	2.037426	7.161267	5.487200	0.025360	0.033665	16.857836	14.980760	0.076840	0.121470	20.143427	7.985984	0.322157	11.727176	93.304200
45.000000	122.797000	4.574504	1.921015	0.039182	1.905102	6.388959	6.408932	0.036338	0.029729	16.539128	16.136841	0.118577	0.087267	19.875273	10.583377	0.105458	10.152092	94.901800
50.625000	122.797000	4.791685	2.171853	0.023402	1.759908	5.460894	7.327950	0.039662	0.018272	15.027922	17.449901	0.128921	0.164646	20.612781	12.069748	0.281799	8.563787	95.893200
56.250000	122.797000	4.930806	2.128220	0.027414	1.399523	4.205966	8.186110	0.077813	0.116110	13.670414	17.708668	0.109881	0.122588	19.701782	12.970907	0.466657	6.824655	92.647500
61.875000	122.797000	4.346308	2.294281	0.032902	1.096039	2.828745	8.868833	0.030525	0.144301	12.397164	18.516522	0.284894	0.131747	19.018109	13.967182	0.673462	5.289789	89.920700
67.500000	122.797000	4.058690	2.421086	0.032298	0.629346	2.007512	10.230299	0.057210	0.305698	10.470065	19.554077	0.656023	0.178172	18.776307	14.374445	0.845673	4.353671	88.950500
73.125000	122.797000	3.534970	2.363463	0.042828	0.405661	1.010795	10.119079	0.098095	0.175132	7.799068	19.341793	1.686349	0.089089	18.015614	14.740994	0.838861	3.464669	83.726300
78.750000	122.797000	3.245894	2.670228	0.291166	0.233469	0.706370	10.689915	0.048063	0.088599	5.715114	19.357061	3.012743	0.153241	17.536647	15.342445	1.283519	2.822254	83.196700
84.375000	122.797000	2.884016	2.532668	0.192579	0.184273	0.133686	10.791024	0.052233	0.072889	5.082515	18.894946	3.730753	0.199130	17.001244	16.010624	1.653721	2.162862	81.579100
90.000000	122.797000	2.837318	2.701827	0.089826	0.108629	0.123019	10.817059	0.066267	0.188202	4.329049	18.797795	4.348412	0.238376	16.380453	16.057786	1.829689	1.885932	80.799600
95.625000	122.797000	2.660219	2.933677	0.198321	0.186872	0.139608	11.097054	0.075739	0.033036	3.894880	19.002614	4.936608	0.192187	15.397863	17.033816	2.351079	1.654704	81.788300
101.250000	122.797000	2.502573	3.268898	0.279734	0.354802	0.059055	10.705568	0.515130	0.046451	3.130975	19.635281	5.923292	0.109935	15.443441	17.212962	2.703286	1.404952	83.296300
106.875000	122.797000	2.476481	3.568040	0.404053	0.019994	0.078341	10.724760	1.084693	0.028687	1.683850	19.581560	8.057111	0.122561	14.931789	18.381031	3.577879	0.941940	85.662800
112.500000	122.797000	2.435223	3.954098	0.666720	0.032446	0.094355	9.592464	1.905215	0.095838	0.649325	19.304697	10.712455	0.134230	14.221198	18.579630	4.473339	0.844023	87.695400
118.125000	122.797000	2.297086	4.396387	1.034554	0.031454	0.021337	9.356373	2.723870	0.061639	0.271028	18.214778	12.595311	0.148302	13.819703	19.472986	5.441068	0.680355	90.566200
123.750000	122.797000	1.993216	4.464280	1.301977	0.018531	0.093552	8.298902	4.326776	0.056580	0.130624	18.136628	13.986634	0.128192	13.215876	19.947429	6.570220	0.512106	93.181600
129.375000	122.797000	2.121469	4.840442	1.750996	0.032826	0.043033	7.177949	5.375765	0.023339	0.164777	17.252885	14.702427	0.123836	12.149142	19.903095	8.432062	0.309232	94.403200
135.000000	122.797000	2.071412	4.512776	1.987098	0.032082	0.043247	6.361759	6.157336	0.039536	0.110204	16.191241	16.313273	0.087102	10.116692	20.731420	10.549968	0.109411	95.414500
140.625000	122.797000	1.631067	4.946561	2.073764	0.034107	0.055644	5.379192	7.186273	0.029214	0.131529	14.858615	17.451258	0.106197	8.170604	20.333204	12.092480	0.312341	94.792000
146.250000	122.797000	1.342669	4.607755	2.065169	0.031351	0.280289	3.909481	8.362949	0.072456	0.141378	13.963223	17.965286	0.126429	6.760744	19.798820	13.140553	0.557393	93.126100
151.875000	122.797000	1.029471	4.412289	2.280936	0.036291	0.157928	2.933892	9.415195	0.049115	0.160047	12.231251	19.002388	0.331821	5.669592	18.874588	13.399094	0.660694	90.644600
157.500000	122.797000	0.724852	4.261700	2.253815	0.031464	0.172993	2.061617	9.684774	0.073946	0.117305	10.131825	19.581560	0.649483	4.325656	18.764544	14.258068	0.779629	87.873300
163.125000	122.797000	0.442893	3.870575	2.573609	0.047881	0.057225	1.035486	10.519183	0.062550	0.103937	8.019642	19.413723	1.566817	3.546031	18.219528	14.763500	0.929785	85.172200
168.750000	122.797000	0.259835	3.169021	2.440878	0.346258	0.059957	0.442586	10.465485	0.011939	0.137770	6.183258	19.103723	3.064768	2.932252	17.270189	15.181055	1.490702	82.559700
174.375000	122.797000	0.145390	2.908988	2.605808	0.217818	0.028571	0.131143	10.672475	0.031952	0.263863	4.866216	19.216481	3.680911	2.084972	16.717256	16.069209	1.673286	81.314400
180.000000	122.797000	0.107013	2.894489	2.722773	0.129682	0.140390	0.048880	11.093661	0.071969	0.259567	4.438358	18.872552	4.335530	1.871128	16.170318	16.518205	1.937685	81.612200
185.625000	122.797000	0.241450	2.746603	3.149014	0.159529	0.051821	0.047020	10.679600	0.098249	0.276808	3.829611	19.436682	5.073094	1.490725	15.697345	16.805246	2.232598	82.015500
191.250000	122.797000	0.305294	2.617841	3.297647	0.269683	0.081256	0.032618	10.464772	0.423157	0.136713	3.075049	19.178028	6.034320	1.334413	15.144525	17.439496	2.863953	82.698700
196.875000	122.797000	0.039937	2.599067	3.796949	0.406250	0.153492	0.070513	10.411322	1.051314	0.126955	1.707385	19.154843	8.061194	0.950985	14.373427	17.854903	3.502048	84.260600
202.500000	122.797000	0.029932	2.373811	3.982768	0.723523	0.303971	0.055186	9.822877	1.953666	0.146082	0.619038	19.631322	10.107170	0.837281	14.408601	18.531677	4.336774	87.863700
208.125000	122.797000	0.014998	2.285211	4.470862	0.911915	0.142514	0.027377	9.502902	3.047182	0.153309	0.231516	18.586303	11.992276	0.765635	13.894686	18.986441	5.320834	90.334000
213.750000	122.797000	0.040508	2.280596	4.646400	1.286855	0.116983	0.075169	8.489312	4.466836	0.104261	0.137792	18.046942	13.806018	0.480175	12.826030	20.006466	6.707373	93.517600
219.375000	122.797000	0.012576	2.026919	4.645869	1.672642	0.038409	0.034541	7.416188	5.357952	0.142991	0.126295	17.519569	14.708761	0.327921	11.673568	20.403551	8.264871	94.372600
225.000000	122.797000	0.026010	2.025110	4.771283	1.937991	0.036889	0.020145	6.644186	6.738441	0.117384	0.131862	16.589004	15.905896	0.099468	10.097839	20.111986	10.130909	95.384400
230.625000	122.797000	0.044328	1.795511	4.719235	2.045422	0.050653	0.032038	5.528492	7.224579	0.129002	0.082858	15.430209	17.506450	0.311951	8.660881	20.096152	12.018175	95.675900
236.250000	122.797000	0.035953	1.200879	4.756275	2.178142	0.080533	0.048527	4.070079	8.380298	0.109913	0.117079	14.066368	18.394151	0.533134	6.675073	19.538017	13.118386	93.302700
241.875000	122.797000	0.024146	1.020901	4.208917	2.265622	0.046554	0.044068	2.830838	9.339533	0.331632	0.196856	11.887095	18.635953	0.728760	5.472237	19.500469	14.159673	90.693200
247.500000	122.797000	0.020411	0.641722	4.011212	2.365510	0.086805	0.098207	1.862283	10.067416	0.690331	0.159605	10.571366	19.724175	0.768861	4.534513	18.611976	14.578360	88.792700
253.125000	122.797000	0.040816	0.413559	3.706675	2.360409	0.097075	0.049249	1.029276	10.568053	1.674191	0.117838	7.838720	19.140367	0.919807	3.606742	18.093425	14.634230	84.290400
258.750000	122.797000	0.326206	0.252429	3.116001	2.556497	0.052064	0.024195	0.381818	10.424770	3.094671	0.142801	6.047371	19.254256	1.359543	2.946514	17.430674	15.304445	82.714300
264.375000	122.797000	0.210494	0.183762	2.776766	2.525882	0.131226	0.036014	0.121977	10.499945	3.858463	0.216549	5.085422	19.915649	1.701063	2.203464	16.709792	15.912343	82.088900
270.000000	122.797000	0.099036	0.061301	3.026677	2.918024	0.242978	0.094193	0.047594	11.014086	4.413160	0.236985	4.452439	18.907613	1.818334	1.802817	16.125305	16.230486	81.491000
275.625000	122.797000	0.156111	0.194665	2.592281	2.781335	0.337736	0.049175	0.043594	10.459411	5.010416	0.246827	3.760713	18.975132	2.089247	1.731701	15.785787	16.781609	80.995700
281.250000	122.797000	0.232473	0.400454	2.526617	3.253132	0.764786	0.037633	0.062638	11.220488	5.687066	0.146409	3.187761	19.015168	2.808738	1.344614	15.344029	17.025560	83.057600
286.875000	122.797000	0.416843	0.046121	2.339577	3.885142	1.177208	0.095112	0.075668	10.695050	8.035487	0.159764	1.588350	19.692621	3.530582	0.966900	14.969563	17.873564	85.547600
292.500000	122.797000	0.675092	0.029589	2.436727	4.022669	2.011391	0.159091	0.040060	10.123173	10.123116	0.166549	0.601548	19.622840	4.458885	0.768608	14.373880	18.451152	88.064400
298.125000	122.797000	1.006690	0.049123	2.391749	4.301782	2.959135	0.123023	0.048567	9.512040	12.569299	0.187759	0.284072	18.750747	5.402467	0.761370	13.889031	19.316799	91.553600
303.750000	122.797000	1.238167	0.044845	2.119636	4.737568	4.077962	0.291690	0.129623	8.308583	13.842209	0.123718	0.111388	17.973542	6.794311	0.578817	12.855548	19.948674	93.176400
309.375000	122.797000	1.687299	0.035063	2.263372	4.828498	5.344765	0.049853	0.027292	7.436025	15.153573	0.172687	0.123173	17.500456	8.068036	0.333327	11.828850	20.055437	94.907800
315.000000	122.797000	2.079453	0.015256	1.957330	4.771113	6.112413	0.031577	0.011688	6.455619	16.692036	0.076590	0.088270	16.560956	10.496756	0.125514	10.045509	20.905590	96.425700
320.625000	122.797000	1.973458	0.043825	1.797207	4.747091	7.283502	0.068675	0.015982	5.422508	17.649970	0.121513	0.092066	15.006546	11.908923	0.359788	8.483307	20.264667	95.239000
326.250000	122.797000	2.157207	0.015647	1.347611	4.627197	8.262541	0.072659	0.053748	4.169051	18.160265	0.120589	0.118587	13.857590	12.844577	0.474451	6.909501	19.749057	92.940300
331.875000	122.797000	2.237461	0.026210	1.100616	4.216382	9.284760	0.030056	0.036366	3.019948	18.485081	0.250528	0.146281	12.350342	14.154245	0.712097	5.368776	19.543559	90.962600
337.500000	122.797000	2.293998	0.025400	0.629778	4.090923	9.820117	0.067486	0.110208	2.083513	20.200202	0.644530	0.188314	9.905868	14.364040	0.717337	4.388539	18.731520	88.261700
343.125000	122.797000	2.521777	0.023452	0.387742	3.666242	10.634972	0.047793	0.030155	1.131347	20.007032	1.513774	0.119415	7.760796	14.306700	1.008957	3.354704	18.058478	84.573300
348.750000	122.797000	2.711656	0.222103	0.294135	3.159487	10.819219	0.067263	0.063252	0.630269	18.945726	3.283917	0.143526	5.715521	15.038553	1.405879	2.902496	17.743502	83.146500
354.375000	122.797000	2.809869	0.210431	0.174204	2.986313	10.693172	0.129771	0.037119	0.342620	18.933512	3.876196	0.263394	5.023908	16.021142	1.549637	2.245197	16.903754	82.200300
2.812500	125.685000	2.518237	0.106692	0.131232	2.351712	9.032507	0.106200	0.027344	0.095582	19.273369	5.059816	0.303872	4.599985	16.956118	2.385381	2.011832	16.926487	81.886300
8.437500	125.685000	2.522059	0.160512	0.151716	2.257389	9.536356	0.170128	0.024739	0.095074	19.183005	5.479272	0.202683	4.359235	17.411335	2.811193	1.777766	15.996487	82.138900
14.062500	125.685000	2.908298	0.319215	0.370577	2.408136	9.048952	0.643249	0.034160	0.100813	19.735033	6.581722	0.091045	3.254138	18.635727	3.555147	1.530569	15.734441	84.951300
19.687500	125.685000	3.355530	0.488670	0.128291	2.115723	8.526465	1.160119	0.087337	0.071234	19.596715	8.506718	0.100059	1.825255	19.198047	4.572706	1.400824	14.992070	86.125800
25.312500	125.685000	3.567780	0.799510	0.017562	2.275914	8.221622	1.968244	0.047485	0.022427	19.396532	11.096104	0.099203	0.862650	19.549779	5.630212	1.213930	14.893223	89.662100
30.937500	125.685000	3.770021	1.090500	0.017588	1.959705	7.765354	2.867289	0.039139	0.062608	18.546945	12.878733	0.106487	0.439305	20.390884	6.867723	1.113827	13.947050	91.863200
36.562500	125.685000	4.008237	1.482706	0.031945	2.082427	6.614860	4.175814	0.042830	0.053184	17.190003	14.322873	0.114543	0.143470	21.938169	8.020603	0.824854	13.077558	94.124100
42.187500	125.685000	4.077374	1.798621	0.045627	2.171525	5.884918	5.122291	0.020545	0.036941	16.747001	15.518764	0.120678	0.155501	22.057034	10.313866	0.770214	12.201054	97.041900
47.812500	125.685000	4.120113	2.005747	0.036013	1.927970	4.936224	6.116881	0.019736	0.058841	15.278432	16.533134	0.141713	0.141367	21.552281	11.954275	0.736663	10.258607	95.818100
53.437500	125.685000	3.844133	2.140130	0.024139	1.370140	3.952594	6.639209	0.064417	0.083901	14.578360	17.376614	0.146222	0.136055	21.480011	13.032093	0.901977	8.507577	94.277500
59.062500	125.685000	3.852559	2.193161	0.030116	1.032662	2.744160	7.486128	0.078850	0.128258	13.018295	18.106770	0.435778	0.086453	20.657002	14.000432	1.120317	6.655948	91.626900
64.687500	125.685000	3.531566	2.195445	0.021417	0.776596	1.775583	8.214587	0.047027	0.121244	10.816923	18.973774	0.936230	0.093793	19.636412	14.269717	1.136402	5.586138	88.132800
70.312500	125.685000	3.228239	2.332994	0.131558	0.475417	1.153966	8.349411	0.044417	0.278344	8.778265	19.928768	1.949097	0.080481	18.758550	14.724142	1.354725	4.788191	86.356600
75.937500	125.685000	3.010968	2.593978	0.360958	0.379423	0.556571	8.912647	0.097350	0.114313	6.539039	19.716372	3.200214	0.100235	18.239773	15.556539	1.423567	3.770654	84.572600
81.562500	125.685000	2.492202	2.437010	0.208988	0.185255	0.112250	9.144361	0.060571	0.043952	5.420212	19.045704	4.320771	0.209565	17.646464	16.135031	1.826137	2.917154	82.205500
87.187500	125.685000	2.572998	2.364605	0.073471	0.140490	0.108072	9.398773	0.075520	0.080773	5.192253	18.981804	4.232362	0.394245	17.060507	16.618636	2.041068	2.260940	81.596400
92.812500	125.685000	2.308147	2.613476	0.096178	0.081057	0.150586	9.516869	0.075052	0.043562	4.612516	19.599316	4.972698	0.329035	16.785907	17.308190	2.462400	2.047356	83.002300
98.437500	125.685000	2.350400	2.658941	0.160366	0.203450	0.094143	9.128312	0.104631	0.024310	4.457596	19.013245	5.483095	0.188642	16.348559	17.219522	2.951151	1.623105	82.009500
104.062000	125.685000	2.491523	2.967244	0.379513	0.387797	0.088031	9.152006	0.282059	0.024936	3.503348	19.394497	6.615877	0.092317	14.916973	18.291571	4.055365	1.484550	84.127600
109.688000	125.685000	2.478166	2.949861	0.440505	0.132538	0.071384	8.925257	1.034371	0.067891	1.818922	19.892012	8.669114	0.109248	15.213288	18.599309	4.637307	1.411466	86.450500
115.312000	125.685000	2.272080	3.447354	0.822556	0.029911	0.048375	8.250157	1.706198	0.058596	0.841909	18.768955	11.094860	0.078855	15.051333	20.134606	5.489620	1.271734	89.367100
120.938000	125.685000	2.186907	4.226651	1.107045	0.019196	0.064894	7.272227	2.488605	0.029755	0.416666	18.324822	13.373308	0.103156	13.890615	20.414521	6.726487	1.059284	91.704100
126.562000	125.685000	2.231693	4.037959	1.495192	0.035247	0.054552	6.715369	3.857026	0.047597	0.163462	17.389846	13.687944	0.095649	13.032885	21.043569	8.630673	0.996274	93.515000
132.188000	125.685000	2.154945	4.080891	1.777155	0.011935	0.041379	5.858781	5.042852	0.023599	0.134637	16.644874	15.529508	0.109093	11.679901	21.991098	10.290105	0.710657	96.081300
137.812000	125.685000	1.751980	4.203082	2.158372	0.020228	0.050478	5.103291	5.982691	0.012563	0.118286	14.895145	16.996833	0.108707	9.927673	22.090511	11.532196	0.650650	95.602700
143.437000	125.685000	1.317414	4.011676	2.106280	0.024369	0.072884	4.145097	6.788385	0.050626	0.186160	13.954289	17.725745	0.164943	8.406876	21.308443	12.791761	0.818504	93.873500
149.062000	125.685000	1.049486	4.107243	2.259775	0.050569	0.198300	2.941605	7.374874	0.082722	0.109332	13.035147	18.284559	0.359431	6.548913	20.567542	13.785887	1.132975	91.888400
154.688000	125.685000	0.798036	3.580288	2.351859	0.061498	0.113821	1.967419	8.250383	0.041167	0.071897	10.828821	18.814760	0.946894	5.666120	19.529535	14.471483	1.224086	88.718000
160.312000	125.685000	0.565050	3.201378	2.251406	0.181675	0.148084	1.048576	9.013383	0.051188	0.124486	8.533940	20.007484	1.862068	4.399566	19.135730	14.979177	1.463875	86.967100
165.938000	125.685000	0.305382	2.762029	2.258565	0.310850	0.065293	0.355700	9.078956	0.087152	0.104195	6.843972	19.884547	3.332424	3.590976	18.046942	15.525097	1.476169	84.028300
171.562000	125.685000	0.167409	2.645878	2.219388	0.189344	0.039750	0.133854	9.220769	0.041524	0.191313	5.764616	19.658240	4.384003	2.940056	17.137752	16.145663	1.876500	82.756000
177.188000	125.685000	0.111945	2.671687	2.328957	0.057645	0.073770	0.051176	9.518181	0.053265	0.306783	4.947997	19.724628	4.510390	2.332644	17.027822	16.481562	2.064841	82.263300
182.812000	125.685000	0.086617	2.406123	2.483889	0.124763	0.071414	0.034739	9.238390	0.050147	0.310236	4.454542	18.746223	4.852192	1.984621	16.558581	16.798687	2.249280	80.450400
188.438000	125.685000	0.161466	2.428618	2.549022	0.177872	0.047452	0.081721	9.329003	0.089999	0.180794	4.338617	19.074770	5.637506	1.844346	16.167717	17.759448	2.980307	82.848600
194.062000	125.685000	0.320077	2.373212	2.950336	0.331492	0.072654	0.089334	8.928469	0.353525	0.100632	3.326600	19.305602	6.768242	1.554308	15.879658	18.080079	3.748826	84.183100
199.687000	125.685000	0.137517	2.370498	3.365946	0.531381	0.218207	0.060295	8.819997	1.006192	0.091717	1.742355	19.833314	8.883965	1.461410	14.882705	18.784789	4.798788	86.989000
205.312000	125.685000	0.025660	2.295582	3.464624	0.819901	0.151312	0.034312	8.388294	1.792231	0.126705	0.906727	19.082687	11.340383	1.309916	14.539454	20.131665	5.609775	90.019300
210.938000	125.685000	0.042421	2.289961	3.861822	0.995384	0.109657	0.079015	7.469615	2.887454	0.090623	0.380744	18.275625	13.016146	1.051243	14.237710	20.612781	6.911073	92.311300
216.562000	125.685000	0.039129	2.275315	3.932609	1.471283	0.090058	0.044742	6.755903	4.143807	0.128197	0.121909	17.320065	14.262366	0.880784	13.089659	20.730402	8.556865	93.843100
222.188000	125.685000	0.022150	2.148521	4.031275	1.917667	0.046522	0.026363	5.984715	4.959522	0.097481	0.135798	17.076340	15.604944	0.794194	11.600507	21.778249	10.149140	96.373300
227.812000	125.685000	0.032265	1.867780	4.409586	2.016356	0.023065	0.037073	5.066501	5.797675	0.131816	0.139729	15.208764	16.681970	0.736008	10.228240	22.476060	11.911864	96.764800
233.438000	125.685000	0.048285	1.481055	4.023144	2.115384	0.084982	0.036382	3.838580	6.867067	0.163520	0.114476	13.924883	17.952619	0.893065	8.303561	21.729843	13.030736	94.607600
239.062000	125.685000	0.040748	0.953987	4.055116	2.260906	0.116735	0.045898	2.853265	7.345491	0.309474	0.122950	12.958919	18.467438	1.136357	6.858946	20.497309	13.786226	91.809800
244.687000	125.685000	0.019881	0.681661	3.478433	2.318823	0.080807	0.040644	1.662927	8.170932	0.905495	0.098366	11.185734	18.562666	1.366397	5.415496	20.041526	14.690665	88.720400
250.312000	125.685000	0.172566	0.437186	3.422891	2.402187	0.092344	0.068422	0.913318	8.711820	1.861379	0.106320	9.091567	19.732205	1.397646	4.602145	18.896303	15.218943	87.127300
255.937000	125.685000	0.313099	0.329905	2.938303	2.345944	0.066583	0.031705	0.371015	9.211540	3.224710	0.095808	6.715561	19.470837	1.480195	3.799709	18.343483	15.626320	84.364700
261.562000	125.685000	0.165871	0.187399	2.664438	2.248556	0.105084	0.043280	0.065599	9.427443	4.329739	0.172606	5.688773	20.039717	1.982246	2.951524	17.670780	16.122591	83.865600
267.188000	125.685000	0.089465	0.115510	2.773124	2.589296	0.113408	0.046272	0.069851	9.494612	4.709192	0.329584	5.110541	19.185153	1.956188	2.304290	17.244742	16.580296	82.711500
272.812000	125.685000	0.087835	0.088507	2.342585	2.564697	0.216108	0.045735	0.047510	9.426584	4.761025	0.345896	4.647396	19.351180	2.324003	2.021796	17.106990	17.306494	82.684300
278.438000	125.685000	0.211672	0.143277	2.193806	2.452731	0.345028	0.043942	0.046718	9.249903	5.431104	0.188065	4.493040	19.119105	3.001807	1.719928	16.413025	17.479419	82.532700
284.062000	125.685000	0.334750	0.325157	2.226095	2.635903	0.584001	0.108921	0.090373	9.121017	6.680433	0.108330	3.298812	20.040961	3.663155	1.407824	16.175068	18.514260	85.315100
289.688000	125.685000	0.507321	0.117979	2.277430	3.409896	1.216679	0.156700	0.079604	8.741553	8.725799	0.076308	1.832358	19.679954	4.288787	1.254634	15.002701	18.716930	86.084600
295.312000	125.685000	0.790345	0.040443	2.206382	3.617022	1.898294	0.119501	0.060461	8.310121	10.990075	0.112467	0.859877	19.137087	5.748964	1.232286	14.673248	19.509290	89.305900
300.938000	125.685000	0.988114	0.033390	2.224738	3.850670	2.738663	0.216234	0.053977	7.440515	12.753987	0.093173	0.381979	18.355019	6.962227	1.031959	13.782154	20.361705	91.268500
306.562000	125.685000	1.474914	0.042230	2.213439	3.831489	3.722045	0.092667	0.054907	6.795917	14.080053	0.135743	0.151682	17.687179	8.463831	0.904992	12.987080	21.142077	93.780300
312.187000	125.685000	1.907635	0.021648	2.040921	3.910895	5.065211	0.044234	0.019807	5.810342	15.455429	0.097152	0.122922	16.642838	9.673125	0.779432	11.782820	22.262419	95.636800
317.812000	125.685000	2.217239	0.025995	1.939529	4.009595	5.788141	0.032781	0.021495	5.081226	16.843247	0.106030	0.098629	15.214871	11.923739	0.763766	10.160789	21.673408	95.900500
323.438000	125.685000	2.148171	0.022438	1.455269	3.721615	6.628058	0.059401	0.023773	3.903374	17.930904	0.130884	0.082621	13.993420	13.253085	0.899471	8.419972	21.597520	94.270100
329.062000	125.685000	2.238298	0.030050	1.088592	3.672553	7.466381	0.069239	0.047954	2.801093	18.197474	0.349630	0.101960	12.338015	13.788827	1.131347	6.794549	20.590162	90.706200
334.688000	125.685000	2.195061	0.012527	0.821539	3.645591	8.006511	0.039578	0.074704	2.010418	18.722585	0.822045	0.078867	11.036434	14.935634	1.262947	5.448611	19.770771	88.883800
340.312000	125.685000	2.143749	0.134803	0.611470	3.208662	8.822633	0.046026	0.057449	1.259599	19.952066	1.908280	0.100506	9.230224	15.092613	1.497725	4.927232	19.074657	88.067700
345.938000	125.685000	2.295175	0.400752	0.311557	2.960413	9.205942	0.075274	0.035108	0.619331	19.600560	3.393599	0.079889	6.808731	15.372303	1.468139	3.677744	17.994352	84.298900
351.562000	125.685000	2.446261	0.194339	0.179504	2.719109	9.431006	0.051279	0.017849	0.324232	19.578958	4.587624	0.189001	5.731513	16.091715	1.704219	3.215289	17.540605	84.002500
357.187000	125.685000	2.436524	0.102138	0.134308	2.705006	9.238050	0.138186	0.047847	0.247801	19.022406	4.577773	0.333259	4.996550	16.482919	2.054662	2.172249	17.102579	81.792300
0.000000	128.682000	2.167759	0.043081	0.076076	2.136465	7.730780	0.151636	0.082117	0.136148	19.559166	5.154784	0.365382	4.810573	17.158110	2.914993	2.971169	17.474782	82.933200
5.625000	128.682000	2.309097	0.075351	0.090461	2.155760	7.785507	0.134696	0.029634	0.069361	19.760253	5.281057	0.342118	5.021963	17.565939	3.175072	2.417444	16.666928	82.880500
11.250000	128.682000	2.442925	0.184819	0.114314	2.152435	7.886390	0.162366	0.046436	0.052483	20.270209	5.911948	0.191867	4.276176	18.371984	3.949054	2.373879	15.912117	84.299300
16.875000	128.682000	2.427250	0.427643	0.115230	2.013789	7.426073	0.491669	0.054052	0.017756	19.679728	7.796930	0.097886	3.373354	18.996507	4.946798	2.173188	15.715893	85.753800
22.500000	128.682000	2.686096	0.426043	0.083483	2.064264	7.114897	1.167108	0.067335	0.025893	18.925595	9.716249	0.088022	2.204414	19.913048	5.717082	2.075890	15.134007	87.409500
28.125000	128.682000	2.894297	0.669242	0.025124	1.959864	6.241423	1.921388	0.076546	0.047595	18.669203	11.930072	0.116823	1.125030	21.536108	7.269829	1.927461	14.965266	91.375300
33.750000	128.682000	3.185228	1.118822	0.023314	1.861740	5.641702	2.667446	0.049464	0.104585	17.753228	13.352611	0.118028	0.487499	23.015308	8.491224	1.867542	14.344474	94.082100
39.375000	128.682000	3.248597	1.496447	0.021189	2.145603	4.868863	3.795660	0.018738	0.053901	16.816556	15.084131	0.171717	0.216241	23.102053	10.268186	1.755565	13.333610	96.397100
45.000000	128.682000	3.343078	1.808845	0.047466	1.684212	4.246534	4.646875	0.020164	0.023949	16.330577	15.587866	0.140797	0.115885	23.468376	12.223447	1.362450	12.091010	97.141500
50.625000	128.682000	3.344628	2.107207	0.026153	1.429743	3.537130	5.324724	0.038925	0.028523	14.657528	16.939153	0.215363	0.198396	23.101262	13.094183	1.656752	10.497943	96.197600
56.250000	128.682000	3.241155	2.048826	0.021159	1.109596	2.486931	5.830518	0.127588	0.148454	13.045551	17.598285	0.449307	0.193619	23.222276	14.262026	1.762893	8.664036	94.212200
61.875000	128.682000	2.826800	2.403217	0.032239	0.793250	1.670900	6.596741	0.035455	0.135056	11.911977	18.487569	1.177988	0.081202	21.412719	14.899556	1.893362	6.772404	91.130400
67.500000	128.682000	2.799272	2.405535	0.049800	0.498640	1.201942	7.334916	0.041306	0.113379	9.861669	19.343716	2.253578	0.108214	20.152588	14.598039	2.178424	5.723347	88.664300
73.125000	128.682000	2.546782	2.398410	0.124526	0.385672	0.452511	7.468620	0.019602	0.196824	7.695742	19.870863	3.395182	0.131858	18.913041	15.335999	2.191159	4.959601	86.086400
78.750000	128.682000	2.377272	2.217782	0.133997	0.176043	0.113856	7.952417	0.058172	0.112893	6.061870	19.730056	4.470082	0.161251	17.990846	16.246772	2.415883	3.989011	84.208200
84.375000	128.682000	2.291058	2.104165	0.108760	0.120396	0.130495	7.817265	0.010186	0.025037	5.524963	19.893143	4.927956	0.308519	17.593082	16.917778	2.506633	3.317812	83.597300
90.000000	128.682000	2.092561	2.163575	0.051253	0.060545	0.146540	7.740076	0.049590	0.109370	5.130593	19.337722	4.930761	0.428472	17.136621	17.690798	2.662899	2.654519	82.385900
95.625000	128.682000	2.344033	2.170802	0.106340	0.109783	0.070953	7.828733	0.066383	0.040835	4.837343	19.710604	5.388364	0.377116	16.678238	17.803330	3.253381	2.493887	83.280100
101.250000	128.682000	2.255003	2.251180	0.169977	0.106841	0.072416	7.814754	0.085760	0.021922	4.326211	19.822796	5.990133	0.206280	16.382488	18.368478	3.725268	2.399156	83.998700
106.875000	128.682000	2.286511	2.566721	0.393725	0.094317	0.026388	7.594825	0.285030	0.065936	3.180286	19.681085	7.535042	0.093669	15.082774	19.367014	4.997975	2.259357	85.510700
112.500000	128.682000	2.290232	2.799555	0.598378	0.055269	0.051720	7.077688	0.778511	0.051064	2.242788	19.580994	9.489828	0.125020	15.175740	20.076926	5.804585	1.980990	88.179300
118.125000	128.682000	2.276344	2.956783	0.777516	0.021596	0.051714	6.549851	1.605609	0.078972	1.258626	18.370513	11.778522	0.146011	14.452935	20.971413	6.848711	1.996700	90.141800
123.750000	128.682000	2.243919	3.180455	1.153220	0.037677	0.139752	5.806180	2.335720	0.059423	0.529605	17.474556	13.259645	0.097905	14.065350	22.942586	8.857467	1.920947	94.104400
129.375000	128.682000	2.110679	3.304455	1.448019	0.021488	0.060597	5.444099	3.357351	0.025855	0.225993	16.665345	14.949884	0.193206	13.228317	23.077398	10.153732	1.721556	95.988000
135.000000	128.682000	1.901845	3.192851	1.937199	0.022147	0.028097	4.550969	4.209268	0.042141	0.144318	15.765995	15.526342	0.091391	11.914126	23.173531	12.176059	1.476350	96.152700
140.625000	128.682000	1.569305	3.381599	2.089643	0.027324	0.034913	3.845242	4.904998	0.038461	0.136196	14.799691	17.170664	0.236126	10.324803	23.221824	12.922841	1.671092	96.374800
146.250000	128.682000	1.116929	3.279212	2.126965	0.020873	0.194368	2.921643	5.748172	0.101226	0.141453	13.051319	18.200415	0.485892	8.714953	22.936027	13.772315	1.890626	94.702400
151.875000	128.682000	0.823232	2.871666	2.265159	0.038960	0.123935	1.590024	6.449862	0.015277	0.113008	11.923965	18.238189	1.120931	7.241125	21.123981	14.501227	1.921705	90.362300
157.500000	128.682000	0.511910	2.802179	2.303555	0.068227	0.060952	0.953308	6.989291	0.025293	0.072831	9.747090	19.116843	2.182021	5.861088	20.223161	15.073839	2.064343	88.056000
163.125000	128.682000	0.426851	2.444870	2.454823	0.127003	0.088199	0.401850	7.458306	0.039079	0.168378	7.691625	19.649079	3.229200	4.813083	18.832968	15.741453	2.152231	85.719100
168.750000	128.682000	0.178830	2.357209	2.095253	0.127590	0.056355	0.108588	7.974448	0.024206	0.224092	5.895504	19.753807	4.197970	4.051090	18.550677	16.392328	2.415895	84.403900
174.375000	128.682000	0.106416	2.304358	1.938579	0.075132	0.026816	0.074833	7.787996	0.038104	0.364541	5.399538	19.688776	5.111411	3.319441	17.894147	16.825491	2.723203	83.678800
180.000000	128.682000	0.064424	2.139146	2.127225	0.050127	0.152919	0.044309	8.037183	0.061826	0.444598	5.055949	19.795653	4.941030	2.889739	17.314863	17.467318	2.848718	83.435000
185.625000	128.682000	0.104815	2.192742	2.414933	0.134141	0.039414	0.053375	7.808692	0.067766	0.327957	5.107657	19.398907	5.312702	2.398659	16.684798	17.991750	3.267631	83.306000
191.250000	128.682000	0.122719	2.245514	2.267240	0.238374	0.080799	0.043297	7.648581	0.115072	0.193439	4.336502	20.198053	5.992768	2.466472	16.448763	18.196909	3.882824	84.477300
196.875000	128.682000	0.125662	2.362977	2.522353	0.413920	0.196370	0.044376	7.477430	0.340362	0.090147	3.253573	19.843493	7.673914	2.193591	15.818359	19.031907	4.968490	86.357100
202.500000	128.682000	0.060832	2.429828	2.747304	0.531890	0.153622	0.026559	7.045184	0.946673	0.098585	2.309244	19.177576	9.689060	2.009796	15.373547	19.667627	5.722442	87.989900
208.125000	128.682000	0.014993	2.415103	2.948911	0.830632	0.090958	0.024451	6.553289	1.677448	0.130875	1.168929	19.035073	11.933692	1.938251	14.491162	21.263091	6.945454	91.462200
213.750000	128.682000	0.043038	2.161765	3.102724	1.073268	0.141055	0.121077	5.901374	2.775148	0.119751	0.505857	17.834545	12.900787	1.883862	14.244383	22.956158	8.606707	94.371500
219.375000	128.682000	0.020498	1.871603	3.399683	1.574699	0.057978	0.023150	5.223378	3.836510	0.175135	0.261681	16.772674	14.514686	1.571759	13.103005	23.462268	10.446597	96.315200
225.000000	128.682000	0.013926	1.899085	3.402929	1.879893	0.024992	0.010912	4.348163	4.524176	0.115907	0.130493	15.997392	15.694404	1.398584	11.887774	23.063261	11.802272	96.194000
230.625000	128.682000	0.017522	1.503867	3.374395	2.104651	0.035100	0.030643	3.515427	5.078364	0.274492	0.158040	15.173704	17.222915	1.717926	10.160382	23.138245	12.927025	96.432800
236.250000	128.682000	0.016502	1.041300	3.383951	2.279805	0.097480	0.081198	2.567502	6.024458	0.546372	0.119386	13.215876	18.087318	1.886554	8.411320	22.335932	13.792107	93.887100
241.875000	128.682000	0.032609	0.811933	2.842679	2.238852	0.041160	0.063483	1.575401	6.605088	1.136730	0.108078	11.577209	17.951714	1.870358	6.877709	21.730522	14.694058	90.157500
247.500000	128.682000	0.067472	0.585604	2.682035	2.315023	0.049290	0.031147	0.784202	6.920596	2.241736	0.104002	9.792295	18.899356	2.049867	6.057131	19.827433	14.928396	87.335600
253.125000	128.682000	0.099278	0.400795	2.613872	2.219863	0.037573	0.062153	0.326385	7.448172	3.458234	0.072788	7.604721	20.208797	2.113631	4.748358	19.187642	15.625867	86.228200
258.750000	128.682000	0.097311	0.197448	2.330427	2.243512	0.081004	0.036401	0.084489	7.550582	4.426234	0.237720	5.888447	20.569012	2.359753	4.063678	18.303447	16.072375	84.541900
264.375000	128.682000	0.080159	0.108445	2.338762	2.000420	0.092891	0.026085	0.039224	8.130353	4.993541	0.358573	5.375799	19.721009	2.561575	3.250598	17.872659	16.657767	83.607800
270.000000	128.682000	0.074493	0.049058	1.945387	2.277543	0.169882	0.125793	0.059248	7.816146	5.195296	0.453134	5.085535	19.637882	2.729367	2.749984	17.311017	17.185366	82.865100
275.625000	128.682000	0.132089	0.072969	2.116786	2.275959	0.230370	0.046593	0.060322	8.069484	5.501756	0.267111	5.029461	19.740348	3.141584	2.465239	16.862021	17.252320	83.264300
281.250000	128.682000	0.214958	0.087666	2.195966	2.376537	0.394087	0.066505	0.036114	7.854576	6.018316	0.175726	4.396885	19.683347	3.912252	2.551894	16.323565	17.992203	84.280600
286.875000	128.682000	0.348515	0.129760	2.575961	2.563803	0.473670	0.076560	0.032988	7.668599	7.933744	0.106133	3.339696	18.987799	5.032074	2.091034	15.660814	18.811141	85.832300
292.500000	128.682000	0.563027	0.045534	2.385935	2.884808	1.082875	0.065280	0.042715	7.256201	9.438742	0.093869	2.034972	18.861921	5.882464	1.833432	15.074178	19.736503	87.282600
298.125000	128.682000	0.748346	0.046198	2.236749	2.943053	1.677822	0.093585	0.027584	6.281132	11.599489	0.109042	1.154170	18.131652	6.754331	1.934733	14.773453	21.369402	89.880700
303.750000	128.682000	1.074211	0.021149	2.307649	3.003910	2.584331	0.224010	0.116308	6.177150	12.961181	0.090834	0.505621	17.984060	8.512158	1.672020	13.512643	23.119923	93.867200
309.375000	128.682000	1.615505	0.038971	2.192856	3.441235	3.326419	0.032525	0.046046	5.045046	14.472161	0.144354	0.275624	17.040489	10.572769	1.744820	13.146321	23.317617	96.452800
315.000000	128.682000	1.881069	0.023844	1.787017	3.307486	4.169345	0.027663	0.030887	4.487386	15.884295	0.138402	0.134585	15.995130	12.218018	1.361692	12.131160	23.032385	96.610300
320.625000	128.682000	2.087528	0.026221	1.484945	3.247002	4.944593	0.067967	0.032709	3.688443	17.110157	0.235052	0.250656	14.592384	13.154464	1.648348	10.320878	23.063035	95.954500
326.250000	128.682000	2.156551	0.034507	1.147995	3.331259	5.637348	0.122972	0.048373	2.786786	17.657095	0.570609	0.164111	13.450214	14.112399	1.762260	8.607601	22.747719	94.337800
331.875000	128.682000	1.940309	0.035836	0.762595	2.986720	6.232059	0.036453	0.062012	1.897841	18.261374	1.097642	0.111883	11.873411	14.936652	1.959151	7.247628	21.182905	90.624400
337.500000	128.682000	2.171220	0.068690	0.507933	2.872684	6.704930	0.032714	0.042718	1.251445	19.181082	2.179691	0.079431	10.021702	15.210913	2.031149	5.636997	19.712526	87.705800
343.125000	128.682000	2.138772	0.144094	0.427987	2.539725	7.328051	0.043984	0.021292	0.588128	19.159707	3.097250	0.064869	7.438186	15.985177	2.255319	4.973670	18.639346	84.845500
348.750000	128.682000	2.064875	0.139167	0.224290	2.090774	7.648841	0.076532	0.026772	0.287213	19.653263	4.393266	0.160628	5.732361	16.098953	2.521584	3.903181	18.079061	83.100800
354.375000	128.682000	2.086917	0.073598	0.099438	2.264593	7.590788	0.099982	0.013122	0.219852	19.748604	5.071194	0.320388	5.423922	16.839062	2.553693	3.312316	17.602922	83.320400
2.812500	131.810000	1.750996	0.100077	0.062060	2.025517	6.078756	0.097057	0.076856	0.067601	20.065277	5.668348	0.560996	5.082504	18.061305	3.894586	3.537357	17.274713	84.404100
8.437500	131.810000	1.700102	0.063974	0.092641	1.939845	6.399975	0.195189	0.021607	0.063211	20.172267	5.790979	0.365128	4.993327	18.320637	4.358228	3.469261	17.063674	85.010000
14.062500	131.810000	2.073504	0.208289	0.081253	1.757940	6.062266	0.132531	0.029925	0.042293	19.460885	6.705846	0.175725	3.962173	18.777098	5.378807	3.073443	16.432704	84.354800
19.687500	131.810000	2.459392	0.431100	0.052627	1.776341	5.733288	0.476601	0.062924	0.051159	18.623173	8.512067	0.162531	3.338023	20.469600	6.409520	3.404682	15.539235	87.502300
25.312500	131.810000	2.711531	0.598957	0.032338	1.728625	5.350567	1.028677	0.034771	0.014637	18.607226	10.381442	0.124180	2.506599	22.323265	7.563678	2.670273	14.918217	90.595000
30.937500	131.810000	2.562989	0.719134	0.009259	1.821693	4.833068	1.902252	0.063159	0.072429	18.216701	12.005056	0.175150	1.276993	22.518697	8.826026	2.379772	14.369921	91.752300
36.562500	131.810000	2.912256	1.004261	0.029737	1.793486	4.290879	2.679332	0.055239	0.034080	16.957588	13.701177	0.127013	0.651143	22.956384	10.563608	2.653433	14.392880	94.802400
42.187500	131.810000	2.886674	1.454647	0.038456	1.814104	3.653553	3.367202	0.029318	0.042284	15.879658	15.218943	0.228422	0.297270	22.455928	12.149029	2.512978	13.293008	95.321400
47.812500	131.810000	3.148008	1.849933	0.043142	1.549230	3.140306	3.912625	0.042022	0.040082	14.832942	15.940730	0.316537	0.238776	22.535096	13.714861	2.347867	12.286442	95.938600
53.437500	131.810000	2.973657	1.961685	0.024903	1.070919	2.139440	4.604475	0.036693	0.056322	13.966164	17.156300	0.517891	0.152808	22.586330	14.321176	2.559687	10.828007	94.956500
59.062500	131.810000	2.694521	2.018120	0.038120	0.811464	1.413389	5.207194	0.056034	0.229549	12.287008	17.576231	1.326575	0.157074	22.672623	15.059476	2.751387	8.840773	93.139500
64.687500	131.810000	2.546477	2.143681	0.048654	0.510881	0.971559	5.736636	0.029378	0.034292	9.879889	18.699513	2.482520	0.113064	22.332992	15.558122	2.959418	7.335742	91.382900
70.312500	131.810000	2.280031	2.192539	0.046004	0.409670	0.297711	6.058817	0.037075	0.063240	8.351232	19.108587	3.154975	0.143403	20.582471	16.146115	3.136709	5.929015	87.937500
75.937500	131.810000	2.020111	1.936339	0.069239	0.193536	0.137919	6.516872	0.006572	0.095404	6.528284	19.850166	3.938298	0.208535	19.275744	16.410650	2.924833	5.366423	85.478900
81.562500	131.810000	1.896688	1.779915	0.076620	0.053929	0.165950	6.525626	0.031061	0.061401	6.119980	20.138677	4.796526	0.398746	18.126110	17.132889	3.344752	4.316258	84.965100
87.187500	131.810000	1.756096	1.789064	0.069393	0.049332	0.101899	6.412574	0.019644	0.092149	5.623765	19.780272	5.345681	0.503371	18.289875	17.261820	3.657670	3.825947	84.578600
92.812500	131.810000	1.909818	1.728048	0.058720	0.071404	0.090463	6.622414	0.056252	0.091028	5.313064	20.139243	5.521027	0.443467	17.088894	17.798919	3.903950	3.773346	84.610100
98.437500	131.810000	1.782527	1.667009	0.051856	0.073681	0.074957	6.721126	0.082313	0.030192	4.568850	19.363169	6.102687	0.403376	17.329000	18.051579	4.366270	3.299083	83.967600
104.062000	131.810000	1.920257	2.160103	0.200672	0.130741	0.033238	6.299725	0.078602	0.021352	3.885402	19.034055	6.806005	0.211424	16.440960	19.324263	5.267474	3.175660	84.989900
109.688000	131.810000	1.989518	2.373223	0.425096	0.054664	0.038717	6.226924	0.230566	0.062116	3.258312	19.079407	8.512576	0.163978	15.816775	20.332187	6.284242	3.039536	87.887900
115.312000	131.810000	2.115112	2.375881	0.612608	0.025704	0.028048	5.797709	0.595287	0.019764	2.357865	18.732764	10.104218	0.132700	15.483817	22.056582	7.641523	2.793233	90.872700
120.938000	131.810000	2.078525	2.677421	0.782438	0.014016	0.056219	5.181068	1.297996	0.110302	1.260176	18.072728	12.231138	0.133837	14.927152	22.429124	8.548123	2.678043	92.478400
126.562000	131.810000	2.064173	2.849227	1.104077	0.023671	0.071943	4.771316	2.187155	0.033375	0.662470	17.125312	14.091476	0.158360	14.611497	22.901079	10.419149	2.552053	95.626500
132.188000	131.810000	1.806278	2.940508	1.374076	0.032938	0.054062	3.976197	3.017821	0.048152	0.333638	15.970249	15.321862	0.182805	13.603687	22.949146	12.450433	2.336998	96.398800
137.812000	131.810000	1.579438	3.010018	1.750939	0.051168	0.026016	3.407023	3.527359	0.015011	0.216406	14.873657	16.539920	0.352955	12.302050	23.284366	13.314497	2.279149	96.529900
143.437000	131.810000	1.143765	2.796761	2.058224	0.046168	0.035577	2.500243	4.369199	0.020215	0.158573	13.787131	17.047388	0.552616	10.507919	22.917818	14.099732	2.686706	94.727900
149.062000	131.810000	0.821233	2.833823	2.112398	0.014013	0.378541	1.450179	5.073592	0.092895	0.141389	12.340842	17.835789	1.397623	8.937359	22.470292	14.713624	2.729898	93.343400
154.688000	131.810000	0.566905	2.584127	2.034338	0.041689	0.080467	0.845518	5.385367	0.028586	0.160401	10.360632	18.535862	2.578789	7.191961	22.072755	15.768031	3.030353	91.265800
160.312000	131.810000	0.447295	2.176603	2.052864	0.046128	0.024803	0.376089	5.787767	0.032478	0.141268	8.341109	18.858076	3.366455	6.387613	20.188553	15.895152	2.934322	87.056500
165.938000	131.810000	0.245789	2.150467	1.906244	0.069553	0.045348	0.064732	6.144058	0.021797	0.274035	6.813051	19.488028	3.974614	5.168254	19.342811	16.436662	2.931675	85.077100
171.562000	131.810000	0.037302	1.922429	1.636134	0.074855	0.058191	0.068565	6.234875	0.033292	0.325350	5.961666	19.715241	4.882819	4.477365	17.960988	16.847205	3.422405	83.658600
177.188000	131.810000	0.098236	1.867644	1.739290	0.096925	0.081783	0.062525	6.400506	0.021347	0.555584	5.492730	20.318276	5.353214	3.742617	17.262499	17.320857	3.528320	83.942400
182.812000	131.810000	0.078360	1.851641	1.813844	0.073585	0.052159	0.019562	6.228168	0.067881	0.432201	5.387595	20.526827	5.669275	3.501030	17.171908	17.608577	3.818234	84.300800
188.438000	131.810000	0.093339	1.801618	1.838442	0.046548	0.043486	0.013497	6.330148	0.031824	0.336575	4.708468	19.962358	5.973847	3.348552	16.964148	18.874023	4.338821	84.705700
194.062000	131.810000	0.064330	1.864274	1.970619	0.169941	0.092400	0.017646	6.153015	0.110527	0.244027	3.958712	19.129736	6.645577	3.261467	16.570004	18.842129	5.190466	84.285000
199.687000	131.810000	0.054471	1.965032	2.235482	0.558032	0.071218	0.044103	6.007719	0.350791	0.104244	3.243202	18.407949	8.142126	2.835791	15.649505	19.917798	6.003489	85.591000
205.312000	131.810000	0.035588	2.181704	2.510659	0.547473	0.057736	0.028934	5.268572	0.855097	0.106346	2.410862	18.654614	10.300351	2.806771	15.428852	22.430708	7.285063	90.909300
210.938000	131.810000	0.026347	2.146259	2.661768	0.714629	0.241043	0.036325	4.880127	1.553188	0.113490	1.480489	17.998310	11.949864	2.763013	14.974653	22.243984	8.751234	92.534600
216.562000	131.810000	0.035330	2.036679	2.798526	1.092351	0.037763	0.021631	4.317943	2.425723	0.155099	0.684885	17.281725	13.512983	2.617129	14.213847	22.331408	10.493476	94.056400
222.188000	131.810000	0.023063	1.716851	2.867798	1.548925	0.041781	0.033043	3.675358	3.245848	0.244752	0.276338	16.111960	15.032445	2.409448	13.241888	22.392368	12.025074	94.887000
227.812000	131.810000	0.024088	1.561331	2.854000	1.735298	0.045157	0.029089	3.131541	4.190211	0.334649	0.209500	14.943212	16.456341	2.254211	12.504381	22.740707	13.416963	96.430600
233.438000	131.810000	0.032403	1.069612	2.731425	1.880616	0.044952	0.033132	2.092538	4.829471	0.637754	0.124317	13.593508	17.659470	2.462005	10.909991	22.467464	14.594419	95.163000
239.062000	131.810000	0.030455	0.831158	2.641694	2.073493	0.074070	0.082745	1.289660	5.037265	1.395237	0.145002	12.036949	17.957934	2.732873	9.250729	21.791708	14.802745	92.173800
244.687000	131.810000	0.014107	0.551839	2.490924	2.161448	0.043180	0.017522	0.551562	5.568008	2.473699	0.147356	10.134607	17.977274	2.818600	7.060542	22.408427	15.639439	90.058600
250.312000	131.810000	0.063183	0.427122	2.136160	2.135289	0.036882	0.054478	0.285642	6.036853	3.515212	0.161566	8.611525	18.987346	3.023725	6.377118	20.139243	16.021934	88.013300
255.937000	131.810000	0.093802	0.223917	2.050704	1.864183	0.035966	0.021277	0.075202	6.429256	4.280384	0.199831	6.555766	19.325507	3.065413	5.351845	19.113450	16.072489	84.759000
261.562000	131.810000	0.066963	0.034943	1.721794	1.836214	0.041248	0.017009	0.074041	6.904604	4.867890	0.348498	6.102042	20.094795	3.394967	4.505232	17.473651	16.833294	84.317100
267.188000	131.810000	0.080721	0.051960	1.881080	1.768786	0.081028	0.062615	0.070970	6.602114	5.012553	0.508729	5.740640	19.569458	3.294831	3.804527	18.012560	17.378876	83.921500
272.812000	131.810000	0.074353	0.083846	1.904537	1.663741	0.100435	0.080451	0.042971	6.841982	5.613756	0.479080	5.150204	19.962698	3.792018	3.376883	17.309434	17.896296	84.372600
278.438000	131.810000	0.052590	0.107951	1.858664	1.900895	0.122255	0.039849	0.014983	6.552260	6.071664	0.400886	4.898981	19.402866	4.456951	3.434449	17.422758	18.479087	85.217100
284.062000	131.810000	0.173278	0.083109	1.875968	2.127440	0.201467	0.050627	0.012721	6.203920	6.524710	0.189827	4.271121	19.090717	5.262283	3.209589	16.391875	19.400038	85.068600
289.688000	131.810000	0.403596	0.068288	2.108089	2.295876	0.436093	0.037250	0.008685	6.273204	8.195813	0.095138	3.425119	18.851629	6.260356	2.950890	15.889610	20.794755	88.094400
295.312000	131.810000	0.513671	0.059488	2.107546	2.664969	0.854743	0.042667	0.035763	5.904665	10.240421	0.156341	2.603953	18.524099	7.361551	2.801896	15.305689	21.802339	90.979800
300.938000	131.810000	0.773657	0.036580	2.077134	2.779050	1.511942	0.368091	0.046439	5.273356	11.687818	0.120740	1.416295	18.076121	9.070485	2.625555	15.152102	22.312069	93.327500
306.562000	131.810000	1.057755	0.043892	2.143183	3.014949	2.212625	0.041087	0.073023	4.666815	14.027802	0.150202	0.601163	16.808526	10.441904	2.431638	14.012986	22.503090	94.230600
312.187000	131.810000	1.383961	0.010684	1.798451	3.040848	3.048878	0.038284	0.043331	4.145153	14.917878	0.222196	0.331799	16.592171	12.146088	2.199178	13.643836	22.389427	95.952300
317.812000	131.810000	1.981827	0.031523	1.466974	3.016080	3.579859	0.036971	0.021346	3.176407	16.420037	0.354638	0.199573	15.178567	13.554037	2.553342	11.971692	23.001397	96.544400
323.438000	131.810000	2.066594	0.026787	1.097715	2.905640	4.152504	0.041006	0.031856	2.665195	17.242707	0.733109	0.186036	13.866638	14.242234	2.692565	10.723448	22.433422	95.107500
329.062000	131.810000	1.866898	0.024252	0.726905	2.537463	4.919791	0.092145	0.042116	1.802161	17.795526	1.411115	0.172790	12.005961	14.522150	2.718147	8.915814	22.462827	92.016000
334.688000	131.810000	1.806888	0.025232	0.620994	2.695189	5.673607	0.017777	0.030611	1.030598	18.338959	2.562831	0.147805	10.665339	15.232402	2.865276	7.527453	22.602163	91.843100
340.312000	131.810000	1.809557	0.053485	0.498534	2.336478	6.189150	0.030147	0.035586	0.470718	18.717383	3.396109	0.107496	8.679135	15.563098	2.815615	6.411024	20.320311	87.433800
345.938000	131.810000	1.899967	0.093275	0.209850	2.092391	6.414949	0.032862	0.062497	0.202173	19.016299	4.106768	0.233715	6.794967	16.219741	3.039921	5.166490	19.392008	84.977800
351.562000	131.810000	1.920653	0.063240	0.047720	1.782188	6.142169	0.039189	0.025219	0.140660	19.937816	4.707326	0.342879	5.877194	17.243498	3.327063	4.592566	18.699287	84.888700
357.187000	131.810000	1.899085	0.063391	0.057187	1.906425	6.583735	0.104116	0.059632	0.151227	19.961227	5.263460	0.462163	5.418211	17.418799	3.599798	3.866945	17.723370	84.538800
3.000000	134.994000	1.548438	0.034008	0.066612	1.561738	5.491204	0.076522	0.051433	0.034429	19.915988	5.927420	0.529130	5.290388	18.028846	4.831903	4.690395	17.511539	85.590000
9.000000	134.994000	1.532186	0.064164	0.092132	1.472844	5.061241	0.090238	0.034563	0.035563	19.217047	6.606445	0.478012	4.601772	18.825617	5.452694	4.349554	17.093984	85.008200
15.000000	134.994000	1.418512	0.089143	0.161250	1.567925	4.745824	0.094002	0.027507	0.040011	18.641155	6.763356	0.382395	3.763404	19.928316	6.642478	4.021119	16.866093	85.152400
21.000000	134.994000	1.674225	0.424088	0.022985	1.589357	4.433823	0.240488	0.038349	0.024743	18.213647	8.547557	0.259834	3.497026	21.955925	7.564187	3.892335	16.186943	88.565500
27.000000	134.994000	1.722665	0.604598	0.011442	1.615064	4.090267	0.603906	0.051909	0.010707	18.156646	10.292152	0.207303	3.047770	21.663116	9.209188	3.902390	15.871967	91.061000
33.000000	134.994000	1.761921	0.639680	0.009787	1.515142	3.773074	1.339536	0.083094	0.182129	17.250623	12.233513	0.246963	1.739086	22.552853	10.906542	3.520075	15.057214	92.811200
39.000000	134.994000	1.884575	0.990966	0.032464	1.497386	3.281689	2.011956	0.025504	0.101732	16.241682	14.083333	0.276839	0.849181	22.512590	12.332699	3.382900	14.746648	94.252200
45.000000	134.994000	1.820268	1.551899	0.030927	1.436653	2.494362	2.896050	0.050786	0.047622	15.371964	15.248348	0.442099	0.412146	22.486238	13.455642	3.065096	13.750487	94.560600
51.000000	134.994000	1.965179	1.577357	0.026216	0.952307	1.604636	3.804357	0.072764	0.049860	14.143613	16.556432	0.842964	0.360240	22.171828	14.501906	3.351176	12.315395	94.296400
57.000000	134.994000	1.867011	1.924453	0.032036	0.691586	0.926953	4.138322	0.138730	0.161177	11.919215	17.222349	1.640997	0.231196	23.226234	15.167144	3.326724	10.619715	93.233800
63.000000	134.994000	1.769136	1.789607	0.036130	0.513908	0.474040	4.562980	0.042335	0.049712	10.474442	18.332626	2.984005	0.176414	22.389201	15.297546	3.741181	9.125236	91.758500
69.000000	134.994000	1.583091	1.976941	0.050182	0.431026	0.155581	4.869971	0.018075	0.036720	8.586632	18.192724	3.314996	0.190923	21.566531	16.265772	3.955387	7.453171	88.647700
75.000000	134.994000	1.367426	1.500293	0.146558	0.112322	0.126153	4.996403	0.035166	0.032713	6.830310	19.399925	3.778062	0.350010	20.036550	16.934177	4.117670	6.192000	85.955700
81.000000	134.994000	1.644085	1.599174	0.114994	0.054618	0.069980	5.562749	0.008869	0.065980	6.556479	19.101122	4.490247	0.477258	18.898452	17.547052	4.333324	5.719479	86.243900
87.000000	134.994000	1.409351	1.570209	0.064492	0.055497	0.089647	5.879602	0.026010	0.070260	6.047348	18.947423	5.340038	0.502827	18.189558	17.388263	4.561476	4.793925	84.936000
93.000000	134.994000	1.608131	1.535364	0.039789	0.046880	0.066591	5.551473	0.062950	0.069844	5.337041	19.676335	6.003614	0.517863	17.282065	18.366216	4.925491	4.333336	85.423000
99.000000	134.994000	1.592252	1.450711	0.055330	0.128227	0.062520	5.374713	0.065498	0.023069	4.763468	19.671585	6.265491	0.544576	17.229361	18.763753	5.182233	4.323903	85.496600
105.000000	134.994000	1.576136	1.337218	0.092186	0.093826	0.032840	5.158958	0.066560	0.030980	3.793025	18.973096	6.746019	0.355748	16.662970	19.809225	6.271281	4.285032	85.285200
111.000000	134.994000	1.805746	1.524722	0.336903	0.030528	0.036058	4.970526	0.159612	0.039924	3.514896	18.395169	8.739529	0.177060	16.010398	21.782434	7.478788	3.835753	88.838000
117.000000	134.994000	1.903349	1.889517	0.510406	0.019027	0.031908	4.443843	0.317392	0.045820	2.881211	17.700185	10.534802	0.166244	16.057107	21.970288	9.150728	3.897606	91.519400
123.000000	134.994000	1.997480	1.819137	0.751679	0.037582	0.134622	4.082373	0.823603	0.086562	1.754728	17.903874	12.374545	0.225195	15.252872	22.207114	10.648996	3.705725	93.806000
129.000000	134.994000	1.625548	2.121751	1.144692	0.050154	0.090223	3.571456	1.559635	0.048628	0.840831	16.138990	13.935741	0.274020	14.326266	22.763553	12.604585	3.154534	94.250700
135.000000	134.994000	1.433373	1.809320	1.407214	0.046443	0.050069	2.529750	2.339260	0.042841	0.341000	15.202318	15.511526	0.395835	13.490476	22.962604	13.745398	2.916373	94.223700
141.000000	134.994000	0.988038	1.931408	1.612203	0.028068	0.045848	1.948848	3.229133	0.058840	0.337149	13.837685	16.363827	0.809518	12.397164	22.322021	14.799126	3.291845	94.000700
147.000000	134.994000	0.683036	1.800080	1.791009	0.041995	0.119676	1.049665	3.709638	0.131097	0.202754	12.029598	17.580189	1.699333	11.358592	22.072641	15.518085	3.564817	93.352200
153.000000	134.994000	0.605634	1.756368	1.851222	0.062334	0.120394	0.573113	4.361757	0.027939	0.209623	10.348225	18.253458	2.646444	9.184725	21.725998	15.280016	3.702547	90.709800
159.000000	134.994000	0.462745	1.419643	1.838442	0.041643	0.061958	0.273185	4.562086	0.011874	0.299796	8.338565	18.213421	3.402205	7.693525	21.565965	16.640576	3.992313	88.818000
165.000000	134.994000	0.116219	1.361828	1.523941	0.153600	0.033220	0.050818	4.907045	0.023753	0.280251	6.897976	19.016865	3.706460	5.999848	19.578393	17.043316	3.801812	84.495300
171.000000	134.994000	0.071715	1.563525	1.555224	0.143893	0.036731	0.084009	5.034403	0.014723	0.506830	6.463762	19.386467	4.454655	5.539236	18.702115	17.526807	4.260015	85.344200
177.000000	134.994000	0.055978	1.572347	1.456422	0.083838	0.073384	0.064236	5.190659	0.029983	0.541452	5.925373	19.256292	5.060563	4.928861	18.279696	16.958380	4.624052	84.101500
183.000000	134.994000	0.083271	1.547590	1.557678	0.052736	0.081362	0.024333	5.503135	0.041656	0.557255	5.173672	19.697145	6.024039	4.410400	17.363608	18.476486	4.734605	85.328900
189.000000	134.994000	0.137064	1.596109	1.485172	0.033458	0.062902	0.024741	4.984686	0.063458	0.452856	4.485847	19.171016	6.448358	4.317807	16.815086	18.661852	5.420744	84.161200
195.000000	134.994000	0.192598	1.645238	1.320468	0.107662	0.052420	0.026188	4.777458	0.056577	0.307737	3.753282	19.145682	6.593247	4.064809	16.498752	19.923453	6.278780	84.744300
201.000000	134.994000	0.043259	1.742276	1.576464	0.380492	0.055468	0.031261	4.204948	0.227565	0.204250	3.512792	18.655745	8.441608	3.815214	16.174502	21.989289	7.513825	88.568900
207.000000	134.994000	0.021990	1.806764	1.677652	0.554339	0.071368	0.035134	4.290981	0.510379	0.193842	3.060685	17.758657	10.301301	4.020101	15.352850	21.901865	9.040413	90.598400
213.000000	134.994000	0.046790	1.883761	1.773219	0.789490	0.119770	0.176689	3.738715	1.063003	0.264718	1.833613	17.018774	12.231816	3.535581	14.893223	22.458982	10.614106	92.442200
219.000000	134.994000	0.032415	1.617054	1.915439	1.069464	0.050769	0.065901	3.114418	1.724881	0.285856	0.952164	16.276290	14.072136	3.221668	14.267794	22.246020	12.405307	93.317700
225.000000	134.994000	0.042628	1.396820	1.744447	1.424212	0.058312	0.041547	2.535620	2.784196	0.340118	0.387093	15.343350	15.598498	2.869540	13.484030	22.888865	13.614657	94.553900
231.000000	134.994000	0.030203	0.956394	1.862453	1.611433	0.062013	0.025982	1.543620	3.650364	0.869292	0.275830	13.823548	16.551116	3.339855	12.542947	23.107934	14.391070	94.644200
237.000000	134.994000	0.019936	0.688033	1.843441	1.895364	0.162586	0.096920	0.738854	4.127057	1.818300	0.253866	12.151178	17.281160	3.479157	10.754607	22.332539	15.278998	92.922000
243.000000	134.994000	0.021318	0.561243	1.745974	1.856843	0.054543	0.009734	0.338278	4.539399	2.923826	0.168855	10.675405	17.611291	3.817159	9.396771	22.260949	15.891872	91.873500
249.000000	134.994000	0.027715	0.393883	1.658900	1.780141	0.021323	0.037564	0.129279	4.855189	3.439867	0.206449	8.358787	18.362823	3.976163	7.697834	21.394397	16.355006	88.695300
255.000000	134.994000	0.107691	0.115092	1.394445	1.566918	0.029044	0.023794	0.088039	4.947963	3.913677	0.335796	6.565165	19.253917	4.255072	6.630478	19.846320	16.779686	85.853100
261.000000	134.994000	0.160629	0.045210	1.427990	1.600339	0.045932	0.024699	0.061935	5.408077	4.715333	0.495672	6.452056	18.765675	4.239295	5.437607	18.930119	17.129949	84.940500
267.000000	134.994000	0.060423	0.056919	1.462812	1.643825	0.020461	0.054208	0.035464	5.840640	5.386532	0.511815	6.108308	19.578393	4.228110	4.806365	17.745877	18.003739	85.543900
273.000000	134.994000	0.035563	0.080259	1.517031	1.619871	0.062758	0.070769	0.039652	5.734114	5.924966	0.577031	5.191790	19.633019	4.983012	4.427127	17.592969	17.988357	85.478300
279.000000	134.994000	0.057291	0.108942	1.531315	1.445904	0.110741	0.033347	0.022298	5.295545	6.251240	0.382208	4.418147	19.145004	5.599506	4.530510	17.476705	18.856945	85.265600
285.000000	134.994000	0.103358	0.097706	1.541042	1.486698	0.152275	0.029702	0.029832	5.152545	6.869148	0.377802	3.846237	18.591392	6.840183	4.181966	16.890748	19.552833	85.743500
291.000000	134.994000	0.348342	0.030592	1.731588	1.567755	0.243858	0.038120	0.041770	5.035557	8.412395	0.247509	3.606912	17.976935	7.671969	3.766910	15.799811	21.461350	87.981400
297.000000	134.994000	0.520646	0.050577	1.881182	1.874340	0.449224	0.154557	0.040789	4.420986	10.150169	0.177254	2.832885	17.719412	9.424786	3.773413	15.851836	22.118898	91.441100
303.000000	134.994000	0.760709	0.025378	1.761197	1.922508	1.080457	0.121484	0.190422	4.140132	12.198000	0.189925	1.649898	17.255939	11.135948	3.533975	15.287593	22.068004	93.321600
309.000000	134.994000	1.064723	0.030067	1.667043	1.946394	1.934292	0.019169	0.072979	3.795354	13.781137	0.327634	0.814999	16.416983	12.927704	3.144818	14.364040	22.284473	94.591900
315.000000	134.994000	1.288224	0.048826	1.394298	1.926127	2.478347	0.061525	0.046937	2.760016	15.455882	0.391252	0.398623	15.420822	13.376248	2.972526	13.765190	22.528198	94.313200
321.000000	134.994000	1.675028	0.034152	0.979357	1.797128	3.214656	0.091358	0.019970	2.017939	16.496377	0.818285	0.280290	13.939247	14.491162	3.505158	12.475541	22.409445	94.245100
327.000000	134.994000	1.636473	0.027043	0.681324	1.799955	3.759944	0.136335	0.056296	1.449127	17.331036	1.859682	0.253103	11.760200	15.359297	3.728288	11.138482	22.729511	93.706200
333.000000	134.994000	1.498608	0.027795	0.559744	1.799118	4.262492	0.037016	0.026113	0.596454	17.874355	2.761780	0.184506	10.444177	15.767578	3.765689	8.948996	22.620259	91.174700
339.000000	134.994000	1.568456	0.019910	0.357392	1.536687	4.535011	0.039053	0.042870	0.254327	18.102133	3.398880	0.213711	8.351356	15.790198	3.912139	7.748581	21.777797	87.648600
345.000000	134.994000	1.570413	0.103801	0.089678	1.412642	4.722006	0.012216	0.032406	0.136754	18.683001	3.774363	0.371984	6.960428	17.009613	4.146047	6.527209	19.616959	85.169500
351.000000	134.994000	1.475705	0.101289	0.075773	1.492432	5.214488	0.021710	0.044068	0.143480	18.981239	4.450878	0.532379	6.229797	16.749942	4.289160	5.512081	18.799265	84.113800
357.000000	134.994000	1.536337	0.049668	0.049862	1.510596	5.241790	0.091837	0.108605	0.091845	19.866565	5.217938	0.576257	5.683130	17.524093	4.388652	4.886054	18.173158	84.996400
3.214290	138.141000	1.142238	0.038360	0.042568	1.134050	3.703112	0.080201	0.087773	0.018479	19.307864	5.951973	0.639811	5.443963	17.958839	5.965025	5.428378	17.996953	84.939500
9.642860	138.141000	1.269065	0.054982	0.159813	1.123838	3.688161	0.060526	0.040479	0.039709	18.643304	6.639458	0.562806	4.160738	19.467105	6.911898	5.507750	17.912130	86.241700
16.071400	138.141000	1.114544	0.061892	0.114935	1.286007	3.642582	0.114259	0.037160	0.052401	18.451943	7.016038	0.540300	3.351526	20.323478	8.071056	5.256911	16.762043	86.197200
22.500000	138.141000	1.177309	0.285584	0.030673	1.469655	3.383035	0.145296	0.035852	0.034043	18.058817	8.514929	0.509955	3.341257	21.988949	9.114107	5.217418	16.418679	89.725600
28.928600	138.141000	1.289739	0.475337	0.013646	1.443326	3.019054	0.328832	0.053496	0.058080	17.861123	10.839430	0.473388	3.168354	22.747380	11.001351	4.690961	15.828085	93.291600
35.357100	138.141000	1.368512	0.586618	0.028992	1.238393	2.355625	0.813403	0.043084	0.039524	16.611737	12.209423	0.326567	1.958258	22.643557	12.717908	4.499510	15.429530	92.870700
41.785700	138.141000	1.361522	0.937752	0.045350	1.137329	1.720787	1.514679	0.074409	0.211463	15.297885	14.205817	0.580411	1.081591	22.692189	13.714975	4.213362	15.041041	93.830600
48.214300	138.141000	1.343676	1.268013	0.024050	0.724146	0.894407	2.192086	0.229031	0.110323	14.297313	16.051452	1.083470	0.569660	21.988610	15.203901	4.173993	14.296973	94.451000
54.642900	138.141000	1.313004	1.477820	0.039744	0.648381	0.506302	3.026530	0.072049	0.048311	12.518631	16.656523	1.873717	0.266620	22.193882	15.575200	4.493267	12.092028	92.802000
61.071400	138.141000	1.301739	1.600565	0.036936	0.447051	0.159882	3.437073	0.070657	0.125849	10.350385	17.693852	3.091097	0.399728	22.354367	15.765769	5.025978	10.962355	92.823300
67.500000	138.141000	1.187386	1.566127	0.040172	0.305302	0.095787	3.996317	0.029221	0.056292	8.617746	17.658113	3.424022	0.530773	22.118333	16.412459	5.156006	9.231581	90.425600
73.928600	138.141000	1.098986	1.385352	0.160348	0.077985	0.111106	4.042495	0.039308	0.037718	6.795680	18.523195	3.498723	0.519240	20.649877	17.039245	4.947262	7.714516	86.641200
80.357100	138.141000	1.229142	1.322685	0.082459	0.072951	0.048194	4.009301	0.038222	0.062747	6.681485	18.586077	4.386299	0.549480	19.011662	17.301517	5.241145	6.797783	85.421200
86.785700	138.141000	1.177660	1.168906	0.044982	0.018659	0.055165	4.130711	0.024635	0.057887	5.944453	18.709918	5.207013	0.588114	18.443235	17.768157	5.677758	6.144013	85.161200
93.214300	138.141000	1.311578	1.166554	0.030698	0.081576	0.042715	3.748849	0.049260	0.059899	5.259558	19.093092	5.840629	0.607939	17.871189	18.541403	5.904846	5.504832	85.114600
99.642900	138.141000	1.142815	1.320016	0.029561	0.145439	0.053450	4.022148	0.054465	0.040616	4.473203	19.190243	6.385306	0.629278	18.077478	19.092640	6.576282	5.546463	86.779300
106.071000	138.141000	1.361036	1.150946	0.076805	0.105874	0.011711	4.077928	0.065009	0.028943	3.365652	18.272797	7.133219	0.564712	17.359649	20.643883	7.677918	5.114092	87.010200
112.500000	138.141000	1.493654	1.201546	0.283143	0.028396	0.011496	3.821321	0.077351	0.043349	3.503066	18.450247	8.815655	0.440355	16.565254	21.953211	9.440076	4.963842	91.092000
118.929000	138.141000	1.704626	1.275399	0.470769	0.029749	0.049440	3.441642	0.118708	0.067830	2.942024	17.643184	10.459977	0.434765	16.040821	22.062576	10.989250	4.923523	92.654200
125.357000	138.141000	1.426576	1.305471	0.688582	0.011690	0.087408	2.794420	0.378493	0.054547	2.118980	16.656749	12.519083	0.299817	15.778209	22.100124	12.771290	4.643618	93.635100
131.786000	138.141000	1.120919	1.409227	0.872215	0.039781	0.254945	1.895771	0.797326	0.088676	1.093621	15.543759	14.185007	0.558806	15.293361	22.609288	14.262931	4.058634	94.084100
138.214000	138.141000	0.780784	1.280149	1.190180	0.024644	0.113521	1.238970	1.323985	0.239986	0.558243	14.232847	15.741453	1.094438	14.134340	22.734487	14.703558	4.198218	93.589800
144.643000	138.141000	0.547155	1.290124	1.535489	0.036260	0.050875	0.763966	2.367410	0.035560	0.332822	12.439350	17.161842	2.009095	12.824785	22.201007	15.532223	4.460242	93.588300
151.071000	138.141000	0.461209	1.334515	1.578251	0.033575	0.205663	0.348175	2.907178	0.049225	0.452913	10.389856	17.287267	3.104737	10.930937	22.011795	15.771084	4.678000	91.544300
157.500000	138.141000	0.357799	1.155696	1.507248	0.037483	0.057201	0.118776	3.255925	0.016400	0.470479	8.735944	17.591612	3.403981	9.111630	22.314896	16.693506	5.030479	89.859100
163.929000	138.141000	0.096676	1.016389	1.398403	0.140130	0.035159	0.053075	3.662035	0.031607	0.518082	6.955882	18.002381	3.402160	7.572274	20.342026	16.690792	5.230526	85.147600
170.357000	138.141000	0.066333	1.297577	1.210583	0.136289	0.022239	0.045318	3.558472	0.016179	0.591550	6.440622	19.002501	4.322399	6.861174	19.199177	17.626220	5.236147	85.632700
176.786000	138.141000	0.018233	1.212969	1.243019	0.063914	0.088816	0.037108	3.472235	0.016258	0.593578	5.988289	19.347448	5.418018	5.977013	18.180057	17.834319	5.728459	85.219700
183.214000	138.141000	0.080017	1.227355	1.150607	0.038364	0.061122	0.015896	3.563867	0.024296	0.667657	5.519421	19.176219	6.120228	5.705693	17.738186	18.436675	6.193470	85.719000
189.643000	138.141000	0.171879	1.304216	1.257190	0.078935	0.053119	0.011181	3.473932	0.016977	0.587950	4.137315	18.851969	6.147915	5.398679	17.375935	19.418247	6.994064	85.279500
196.071000	138.141000	0.099044	1.231540	1.211657	0.070161	0.040326	0.011960	3.514692	0.028142	0.534151	3.308889	17.910320	7.007963	5.293826	17.103936	21.090052	8.038879	86.495600
202.500000	138.141000	0.018213	1.495452	1.171745	0.292861	0.031832	0.022516	3.358855	0.097602	0.491814	3.573401	18.048864	8.613289	5.045419	16.059822	22.250996	9.009696	89.582400
208.929000	138.141000	0.037668	1.635489	1.188268	0.509708	0.151962	0.064290	2.929854	0.317618	0.503799	3.040837	17.158788	10.382799	5.006491	15.674951	22.362397	10.926775	91.891700
215.357000	138.141000	0.025881	1.464758	1.338869	0.690176	0.068459	0.057784	2.229171	0.814447	0.291554	1.913777	16.524991	12.187256	4.659757	15.157192	22.441565	12.648014	92.513700
221.786000	138.141000	0.029542	1.140225	1.331925	0.885083	0.113342	0.258531	1.416669	1.244025	0.568545	1.130579	15.515823	14.388243	4.275317	15.115459	22.441904	14.112738	93.967900
228.214000	138.141000	0.034029	0.783809	1.386664	1.231381	0.232093	0.091049	0.827282	2.000025	1.000695	0.586817	14.415839	15.273795	4.124615	13.840286	22.234031	14.865401	92.927900
234.643000	138.141000	0.031971	0.713824	1.267493	1.438598	0.058209	0.037115	0.483827	2.841163	1.815269	0.323996	11.953257	16.602236	4.748573	12.695854	21.851536	15.376374	92.239300
241.071000	138.141000	0.028431	0.497985	1.326813	1.530829	0.099277	0.079699	0.118828	3.443509	3.049319	0.438424	10.422689	17.640922	4.713558	10.939148	22.389201	16.120442	92.839000
247.500000	138.141000	0.020567	0.295233	1.147757	1.584053	0.032244	0.029127	0.060612	3.617045	3.387706	0.442687	8.995909	17.686274	4.879290	8.784270	21.532036	16.060500	88.555300
253.929000	138.141000	0.149767	0.058894	1.070614	1.218635	0.032201	0.038382	0.071875	4.138616	3.461321	0.521099	7.079972	18.605530	4.937570	7.850572	20.527732	17.223706	86.986500
260.357000	138.141000	0.091129	0.027152	1.195925	1.198176	0.029425	0.040690	0.035063	4.153104	4.308997	0.571474	6.589390	18.393020	5.311843	6.683295	18.765449	17.409638	84.803800
266.786000	138.141000	0.059680	0.025832	1.219449	1.223148	0.021228	0.061090	0.062797	4.243570	5.359196	0.576009	5.795062	19.155635	5.524115	6.012662	18.154724	17.952732	85.446800
273.214000	138.141000	0.031821	0.064033	1.189354	1.167719	0.071326	0.043331	0.027960	3.924817	6.042440	0.571957	5.205452	19.221797	6.035699	5.592233	17.763859	18.566059	85.519900
279.643000	138.141000	0.057116	0.154063	1.162505	1.264032	0.081748	0.030821	0.030316	3.992540	6.329685	0.573454	4.257628	18.955679	6.577492	5.436532	17.575891	19.083705	85.563200
286.071000	138.141000	0.048758	0.138576	1.245394	1.154667	0.111650	0.024730	0.045328	4.240336	6.906470	0.663194	3.508110	18.019572	7.828043	4.938904	16.919588	20.462362	86.255600
292.500000	138.141000	0.300498	0.057400	1.549965	1.121579	0.089502	0.050774	0.032599	4.185585	8.688092	0.472929	3.318513	18.178813	9.355163	5.104399	16.607326	22.057486	91.170500
298.929000	138.141000	0.513566	0.032559	1.652250	1.328079	0.196145	0.181362	0.070555	3.461536	10.442492	0.435962	2.991662	17.443341	10.499832	4.626009	16.262605	22.551496	92.689400
305.357000	138.141000	0.723592	0.020362	1.465651	1.434459	0.621280	0.039599	0.051258	3.051932	12.887668	0.319299	1.813957	16.390066	12.724694	4.531200	15.422292	22.332313	93.829600
311.786000	138.141000	0.846808	0.066788	1.165016	1.387116	1.037313	0.083533	0.248621	2.237077	14.311789	0.582939	1.035078	16.024196	13.926127	4.143196	14.840745	22.568460	94.504800
318.214000	138.141000	1.137669	0.017113	0.859316	1.403402	1.680615	0.245730	0.077789	1.568083	15.517181	0.985378	0.504568	14.411202	14.716451	4.207063	13.598824	22.442357	93.372700
324.643000	138.141000	1.331031	0.034931	0.670089	1.281732	2.387145	0.044016	0.068839	0.798298	16.241682	2.048509	0.329691	12.374884	15.678457	4.625964	12.925894	22.049570	92.890800
331.071000	138.141000	1.451774	0.031573	0.490283	1.363388	3.061862	0.051978	0.078902	0.351842	17.389055	2.993856	0.435107	10.751790	16.083007	4.909386	10.853895	22.412386	92.710100
337.500000	138.141000	1.514690	0.023231	0.270439	1.206862	3.431814	0.025049	0.022522	0.179035	18.445271	3.383262	0.519976	8.600159	15.820508	5.025661	9.345402	22.202590	90.016400
343.929000	138.141000	1.200121	0.106337	0.103418	1.211148	3.454683	0.018580	0.019454	0.127665	18.340090	3.352397	0.518758	7.142538	16.727661	5.240082	7.719821	20.814660	86.097400
350.357000	138.141000	1.181302	0.119533	0.053287	1.250280	3.452692	0.012898	0.034595	0.071479	18.645340	4.264414	0.632638	6.556852	17.384757	5.182798	6.522866	19.219309	84.585000
356.786000	138.141000	1.201252	0.087069	0.032581	1.266611	3.592910	0.046288	0.047352	0.043129	18.957262	5.587155	0.638289	5.982815	17.843027	5.266355	5.857040	18.810010	85.259300
3.461540	141.256000	0.838868	0.017770	0.077703	0.938028	2.036544	0.038393	0.058356	0.023309	19.026704	6.335340	0.611162	5.203801	18.152235	7.548919	6.601706	18.209915	85.718800
10.384600	141.256000	0.888194	0.013199	0.116591	1.012266	2.018821	0.102873	0.022702	0.017314	18.435318	6.543586	0.682738	4.349554	20.051931	8.138281	6.510459	17.730156	86.634000
17.307700	141.256000	0.779785	0.076870	0.076948	1.030305	1.826420	0.124269	0.026286	0.030903	17.960422	7.361743	0.591573	3.156162	20.998443	9.387475	6.360063	16.773240	86.561000
24.230800	141.256000	0.867867	0.123771	0.012803	1.076408	1.740070	0.117772	0.015938	0.055044	17.819842	8.559105	0.586431	3.239684	21.183470	11.078302	6.031741	16.818705	89.326900
31.153800	141.256000	1.056221	0.416910	0.038116	1.043158	1.243618	0.259339	0.232843	0.055425	16.644535	10.309908	0.332464	3.165685	21.783791	12.802279	5.889057	16.198931	91.472200
38.076900	141.256000	1.130136	0.645166	0.033527	0.845854	0.802859	0.477886	0.323249	0.052438	15.974207	12.239846	0.479482	2.190107	21.266144	14.040129	5.667206	15.776852	91.945100
45.000000	141.256000	1.052791	0.761279	0.027030	0.843887	0.383161	0.749266	0.117078	0.108182	14.618735	14.316652	1.212833	1.065873	22.227811	14.594306	5.128308	15.025547	92.232700
51.923100	141.256000	1.122516	0.867346	0.019825	0.685054	0.230937	1.292386	0.032108	0.377527	12.444665	15.775721	1.979237	0.554634	22.544823	15.615123	5.562987	14.130607	93.235600
58.846200	141.256000	0.943752	1.161860	0.025096	0.423949	0.089450	1.904650	0.062405	0.401869	10.114227	16.965505	3.015401	0.360846	22.091189	15.894473	5.880236	12.818113	92.153000
65.769200	141.256000	0.943599	1.172175	0.039846	0.099478	0.103441	2.427352	0.061435	0.046494	9.004086	18.070692	3.440500	0.560223	21.635181	16.842229	6.071031	11.197993	91.715800
72.692300	141.256000	0.705606	0.999761	0.082725	0.064572	0.085138	2.591965	0.050961	0.034003	6.762802	18.243392	3.031156	0.599544	21.040289	17.142050	6.025023	9.184544	86.643500
79.615400	141.256000	0.782245	0.952836	0.088731	0.031869	0.111543	2.723768	0.021364	0.043507	6.283880	17.898671	4.301906	0.635328	19.355365	17.591273	6.682311	7.823565	85.328200
86.538500	141.256000	0.879576	0.926363	0.047242	0.037151	0.081667	2.679197	0.025641	0.083488	6.057550	18.477051	5.367724	0.698719	18.953643	17.192605	6.608187	7.554778	85.670500
93.461500	141.256000	0.954625	0.911292	0.041064	0.041412	0.023782	2.587599	0.019303	0.044362	5.307726	19.129623	6.134354	0.695231	17.664107	19.141950	7.164004	6.443653	86.304000
100.385000	141.256000	1.009319	0.776868	0.025358	0.061865	0.028308	2.672739	0.048183	0.035172	4.042800	18.652578	6.326597	0.623347	17.878766	19.383752	8.117527	6.646041	86.329100
107.308000	141.256000	1.030463	0.867980	0.057118	0.057390	0.040486	2.585744	0.064334	0.039223	3.198890	18.110276	7.206268	0.629046	16.758763	22.165607	9.421721	6.434763	88.668000
114.231000	141.256000	1.131267	0.978414	0.112591	0.038841	0.069425	2.377159	0.032509	0.027111	3.270628	17.574421	8.936782	0.584346	16.933951	21.532262	11.154146	6.141366	90.895300
121.154000	141.256000	1.105641	0.806497	0.348998	0.041776	0.116986	1.856176	0.034225	0.229791	3.100790	16.828318	10.100972	0.404423	16.312368	22.345206	12.827274	5.910636	92.370100
128.077000	141.256000	0.867531	1.037459	0.643462	0.039165	0.022913	1.307462	0.149033	0.375558	2.024985	15.426929	12.553917	0.618890	15.501008	22.566651	14.333278	5.436091	92.904300
135.000000	141.256000	0.692477	1.093880	0.769601	0.016190	0.131429	0.815336	0.337459	0.117447	1.115564	14.261122	14.499870	1.261499	15.046130	22.133149	15.172008	5.299029	92.762200
141.923000	141.256000	0.611211	1.048987	0.871103	0.024070	0.356121	0.397394	0.799564	0.043742	0.522863	12.698908	15.935188	1.989948	14.024183	21.666396	15.357600	5.312137	91.659400
148.846000	141.256000	0.348563	0.883624	1.074989	0.046007	0.402278	0.234149	1.362585	0.082881	0.372589	10.731456	16.915516	3.228216	12.615103	22.352897	15.834984	5.536375	92.022300
155.769000	141.256000	0.147540	0.829551	1.145280	0.034265	0.066505	0.099911	1.735558	0.046745	0.526764	8.825924	17.566052	3.057100	10.963972	21.431719	16.507122	5.819695	88.803800
162.692000	141.256000	0.061909	0.795082	0.949076	0.096493	0.032157	0.067147	1.865767	0.008597	0.591124	7.312071	18.338959	3.198200	9.179093	20.968246	16.895385	6.384605	86.744000
169.615000	141.256000	0.034862	0.808510	1.005881	0.086838	0.044750	0.036409	1.838250	0.015689	0.669034	6.407235	18.376168	4.110489	7.824390	19.620239	17.761937	6.093051	84.733800
176.538000	141.256000	0.022967	0.840475	0.844311	0.056286	0.066962	0.028114	2.007760	0.012689	0.646273	6.099701	18.804128	5.039482	7.391669	18.453527	18.235701	6.622245	85.172300
183.462000	141.256000	0.049678	0.931196	0.959238	0.054624	0.079118	0.017215	1.972338	0.020778	0.638794	5.252998	18.376847	6.044792	6.727120	18.148164	18.362031	7.180086	84.815000
190.385000	141.256000	0.073127	0.908374	0.920349	0.061904	0.027838	0.023266	1.778410	0.033345	0.609515	3.866459	18.762169	6.575162	6.526338	17.652006	19.575226	8.281451	85.674800
197.308000	141.256000	0.070013	0.984944	0.770757	0.101465	0.054137	0.032445	1.757702	0.022074	0.652373	3.214464	17.599755	7.217171	6.507621	17.318482	21.036218	9.494035	86.833600
204.231000	141.256000	0.026116	1.113119	0.703844	0.155262	0.057857	0.022363	1.509714	0.090839	0.620451	3.175004	17.347548	8.759615	5.903817	17.146913	21.637330	10.850864	89.120700
211.154000	141.256000	0.027518	1.080331	0.961353	0.413816	0.408411	0.085409	1.337862	0.210468	0.422070	3.198981	16.755483	10.466717	5.818055	16.132317	21.637556	12.793457	91.749800
218.077000	141.256000	0.009192	0.926456	1.058498	0.546276	0.339807	0.045178	0.870939	0.443245	0.577156	2.239587	15.284200	12.362557	5.410305	15.686714	21.738100	13.763833	91.302000
225.000000	141.256000	0.019880	0.687468	0.992660	0.749713	0.142413	0.119287	0.342231	0.784609	1.086782	0.952004	14.402041	14.313033	5.057826	14.942759	22.525144	14.782613	91.900500
231.923000	141.256000	0.042741	0.606102	0.992379	0.883818	0.048415	0.311788	0.161243	1.203537	2.083083	0.590643	12.808839	15.928063	5.573572	13.877722	22.043349	15.598385	92.753600
238.846000	141.256000	0.049941	0.409969	0.965937	1.101484	0.104749	0.233640	0.066331	1.883478	3.050393	0.365844	10.872228	16.776633	5.576581	12.785993	21.670920	15.818472	91.732500
245.769000	141.256000	0.013906	0.151368	0.935291	1.139196	0.058694	0.029824	0.088090	2.332712	3.081212	0.589478	8.952582	17.761371	5.828788	10.868790	21.979562	17.067632	90.878500
252.692000	141.256000	0.114193	0.086903	0.858921	0.920280	0.019902	0.035427	0.034534	2.543717	2.865366	0.588634	7.172056	18.347215	6.280284	9.372761	21.175780	17.571481	87.987400
259.615000	141.256000	0.096198	0.035302	0.893075	1.036926	0.029023	0.020264	0.039511	2.547879	4.107514	0.670256	6.504092	18.735478	6.558594	7.826584	19.433741	17.761032	86.295400
266.538000	141.256000	0.066187	0.042233	0.842969	0.922012	0.054229	0.066442	0.038092	2.764416	5.298407	0.567987	6.164008	19.118878	6.810699	7.321152	18.395395	18.103151	86.576100
273.462000	141.256000	0.033993	0.080632	0.940082	0.837848	0.061337	0.054275	0.034072	2.739116	5.910535	0.598042	5.370404	18.885559	7.292403	6.570978	18.261487	18.101681	85.772500
280.385000	141.256000	0.018290	0.083030	1.003528	0.839087	0.033600	0.032318	0.017961	2.531198	6.348086	0.629181	4.134906	18.615369	8.019890	6.376021	17.843140	20.047521	86.573100
287.308000	141.256000	0.063692	0.103343	1.135475	0.801062	0.081202	0.023006	0.029603	2.686955	7.098701	0.633829	3.232672	17.958952	9.134103	6.486619	17.501813	21.251668	88.222700
294.231000	141.256000	0.120479	0.049432	1.050035	0.854553	0.094262	0.074909	0.038696	2.262637	8.794143	0.618060	3.314634	17.841105	10.970374	6.239342	16.641594	21.689694	90.653900
301.154000	141.256000	0.387124	0.035384	0.981608	0.985743	0.074896	0.348126	0.064085	1.872779	10.172359	0.476722	2.994094	16.774031	12.840732	5.623584	16.283981	21.857870	91.773100
308.077000	141.256000	0.610452	0.025464	0.884725	1.030587	0.216301	0.307205	0.046775	1.299421	12.546001	0.544716	2.280076	15.867443	13.994438	5.580370	15.715440	21.962145	92.911600
315.000000	141.256000	0.816774	0.020193	0.731998	1.082835	0.374685	0.154937	0.095675	0.749735	14.604146	1.132772	1.220320	14.526674	15.142715	5.155813	14.972617	22.019260	92.801200
321.923000	141.256000	0.936653	0.019263	0.715397	1.067194	0.947201	0.051724	0.341789	0.511764	15.762941	2.183039	0.583954	12.553917	15.353642	5.413924	13.789845	21.310705	91.542900
328.846000	141.256000	1.116556	0.041158	0.409764	1.060996	1.302350	0.096806	0.248814	0.225175	16.503050	3.288916	0.424764	10.549572	16.209110	5.946545	12.966157	21.893382	92.283300
335.769000	141.256000	1.073148	0.036935	0.123742	0.784094	1.711977	0.058996	0.027030	0.109869	17.451371	2.981506	0.507219	8.939360	16.319606	5.887180	11.072184	21.319074	88.403300
342.692000	141.256000	1.132297	0.090822	0.074746	0.752154	1.792525	0.014534	0.032114	0.085811	17.689667	3.095372	0.592600	7.249935	16.963243	6.336199	9.190991	20.832868	85.925900
349.615000	141.256000	0.976315	0.075441	0.033017	0.846305	1.904322	0.003029	0.013740	0.058945	18.182885	4.183346	0.614771	6.432072	17.632214	6.594174	8.162992	20.079980	85.793600
356.538000	141.256000	0.904071	0.074756	0.033196	0.895574	2.119840	0.038485	0.064553	0.045143	18.824373	5.155169	0.638416	6.228587	18.356376	6.598144	7.253283	18.531903	85.761800
3.750000	144.341000	0.587250	0.078355	0.055935	0.691042	1.050169	0.065548	0.040837	0.033760	17.830134	6.148378	0.689885	5.115981	18.872100	8.797989	7.710139	17.813396	85.580800
11.250000	144.341000	0.682693	0.016975	0.050932	0.695146	0.952189	0.104099	0.033726	0.011852	17.398329	6.399432	0.627625	3.987314	20.472427	9.498932	7.688278	17.810116	86.430100
18.750000	144.341000	0.579058	0.103466	0.050591	0.728384	0.830756	0.105641	0.082646	0.038164	17.189212	7.764008	0.546711	2.974041	21.101701	11.149135	7.662684	17.427395	88.333500
26.250000	144.341000	0.689704	0.046484	0.005480	0.816166	0.690831	0.101473	0.328016	0.041503	16.940058	9.037405	0.627126	3.121803	20.930471	12.391170	7.337246	17.056322	90.161300
33.750000	144.341000	0.730714	0.265709	0.030830	0.739721	0.283711	0.303169	0.388604	0.035537	15.538217	10.753159	0.556507	3.140770	21.597406	14.002355	7.150262	16.486764	92.003500
41.250000	144.341000	0.811826	0.649671	0.014902	0.732450	0.117725	0.359923	0.063498	0.067216	14.916068	13.161702	1.176065	2.147594	21.281978	14.688743	6.526451	15.620665	92.336600
48.750000	144.341000	0.683077	0.750116	0.027154	0.608663	0.135952	0.411929	0.033236	0.044596	12.780112	15.349457	2.213869	1.129547	21.991664	15.625528	6.369404	14.656623	92.810800
56.250000	144.341000	0.724887	0.768688	0.024476	0.208620	0.144068	0.804187	0.041243	0.443869	10.679680	16.395155	3.193518	0.523240	21.386932	16.125757	6.870561	13.738612	92.073500
63.750000	144.341000	0.510077	0.777981	0.018124	0.072271	0.103511	1.315469	0.041091	0.291625	8.981331	16.852521	3.060086	0.502819	21.158476	16.733542	7.073582	12.918091	90.410700
71.250000	144.341000	0.500276	0.691723	0.050001	0.074981	0.157716	1.614284	0.047181	0.098632	7.157263	16.731054	2.842136	0.648601	21.035991	17.343703	7.399371	10.629283	87.022200
78.750000	144.341000	0.610289	0.652374	0.087248	0.038519	0.119483	1.840241	0.023594	0.043758	5.924434	17.841444	3.771717	0.587321	20.192624	17.243725	7.698762	9.447054	86.122600
86.250000	144.341000	0.623355	0.700602	0.026286	0.119718	0.048339	1.812588	0.038488	0.050622	6.114551	17.974220	5.337165	0.663837	18.688317	17.720204	7.684500	8.540941	86.143700
93.750000	144.341000	0.661130	0.624103	0.061486	0.015012	0.029202	1.750984	0.054244	0.060787	5.357455	18.435092	6.263455	0.733592	18.247124	19.081217	8.378782	7.986040	87.739600
101.250000	144.341000	0.630682	0.660345	0.009515	0.061257	0.009061	1.850227	0.039531	0.020680	3.706369	17.652232	6.353446	0.705678	17.635946	19.935328	9.439963	7.846162	86.556400
108.750000	144.341000	0.776156	0.612524	0.065991	0.065184	0.055250	1.642094	0.051527	0.132834	2.952598	18.047960	7.612254	0.653091	17.205724	20.980008	10.841024	7.332948	89.027200
116.250000	144.341000	0.755437	0.753165	0.047623	0.010350	0.040795	1.268002	0.061031	0.354769	2.913885	16.928522	8.971107	0.558962	16.959398	21.222941	12.814607	7.127507	90.788000
123.750000	144.341000	0.886555	0.798663	0.237860	0.027913	0.059843	0.799980	0.058245	0.282821	3.161308	16.357155	10.890844	0.488716	16.549646	21.580103	14.078243	6.991225	93.249200
131.250000	144.341000	0.696940	0.767045	0.579761	0.030884	0.051783	0.376181	0.068248	0.041300	2.099177	14.439250	12.813250	1.152473	15.787709	21.446535	14.860651	6.262471	91.473700
138.750000	144.341000	0.595618	0.677473	0.800376	0.023785	0.054487	0.277749	0.088593	0.041257	1.059559	12.664866	15.111500	2.077123	14.915616	21.248954	15.694178	6.357574	91.688600
146.250000	144.341000	0.228984	0.683541	0.865233	0.036634	0.325406	0.163888	0.314694	0.019438	0.527796	10.747414	16.357946	3.095825	14.170644	21.027057	16.053375	6.945748	91.563700
153.750000	144.341000	0.061818	0.667739	0.899039	0.018734	0.370713	0.052553	0.622644	0.072543	0.499212	8.784236	17.442776	2.859383	12.686581	21.535882	16.650529	7.065258	90.289700
161.250000	144.341000	0.099038	0.525014	0.676409	0.061536	0.119900	0.043987	0.778230	0.026319	0.602248	7.800945	17.348340	2.822864	10.589530	20.507035	17.081882	7.853671	86.937000
168.750000	144.341000	0.021969	0.663621	0.737046	0.072350	0.031810	0.035161	0.909221	0.018239	0.637553	6.341402	17.505206	3.499017	9.132689	19.496284	17.837146	7.845811	84.784500
176.250000	144.341000	0.109782	0.546248	0.701465	0.037733	0.030403	0.027432	0.921548	0.006179	0.693694	6.077342	18.005209	5.274679	8.873606	18.279357	18.239433	7.817220	85.641300
183.750000	144.341000	0.030914	0.704654	0.640949	0.114519	0.038467	0.024662	0.990590	0.029998	0.615147	5.079167	17.828212	5.763282	7.793108	18.005096	18.811480	8.674871	85.145000
191.250000	144.341000	0.061747	0.652944	0.593043	0.041586	0.042714	0.010968	0.990503	0.028161	0.682308	3.904143	17.925475	6.148785	7.838313	17.755603	20.208458	9.533314	86.418000
198.750000	144.341000	0.073981	0.668047	0.593810	0.077138	0.120003	0.033475	0.857303	0.057042	0.698887	2.917312	17.780937	7.350026	7.524320	17.235129	20.806743	10.751971	87.546200
206.250000	144.341000	0.024522	0.807071	0.659909	0.053881	0.378883	0.043196	0.600307	0.075318	0.517372	3.106546	17.225063	9.481787	7.008144	17.380346	20.739337	12.550072	90.651700
213.750000	144.341000	0.026932	0.775227	0.673333	0.246543	0.399786	0.024295	0.345527	0.177242	0.579784	3.286937	15.799358	10.300600	6.809082	16.199497	21.416451	14.060713	91.121200
221.250000	144.341000	0.039225	0.809021	0.712893	0.556646	0.076934	0.041533	0.092218	0.279680	1.121110	2.098815	14.832150	13.332253	6.323182	15.519329	21.516881	14.674605	92.026500
228.750000	144.341000	0.025056	0.571513	0.661509	0.735772	0.048585	0.068123	0.065405	0.418543	2.214027	1.192623	13.074278	14.790078	6.693949	14.752530	21.684039	15.632540	92.628400
236.250000	144.341000	0.012043	0.239419	0.697907	0.844835	0.037980	0.348002	0.078846	0.754736	3.113083	0.499794	11.054767	16.891879	7.080199	14.357594	21.715028	16.148942	93.874900
243.750000	144.341000	0.010687	0.034712	0.612085	0.720402	0.060869	0.329818	0.033311	1.181946	3.015435	0.543050	9.252527	16.672018	7.361777	12.516030	21.564043	17.233998	91.142800
251.250000	144.341000	0.079208	0.068692	0.643594	0.765715	0.034421	0.136299	0.049037	1.599909	2.837816	0.609000	7.393829	17.509843	7.340379	10.971674	21.043908	17.305928	88.389300
258.750000	144.341000	0.085719	0.059330	0.626136	0.717417	0.049947	0.044456	0.059881	1.757171	3.794721	0.674453	5.948942	17.842009	7.844092	9.971883	20.098754	17.963928	87.538800
266.250000	144.341000	0.026090	0.068283	0.622655	0.661533	0.042466	0.035066	0.030953	1.691246	5.306210	0.737374	5.812638	18.398788	7.827331	8.557883	18.579517	17.784330	86.182400
273.750000	144.341000	0.092841	0.029160	0.701519	0.708911	0.049022	0.063722	0.030406	1.838510	5.977454	0.690752	5.076001	17.823688	8.809502	7.922548	17.772228	18.833195	86.419400
281.250000	144.341000	0.031168	0.098596	0.723304	0.582685	0.063135	0.020538	0.026197	1.692015	6.306285	0.605658	3.950558	17.939839	9.418181	8.022820	17.561980	19.822909	86.865900
288.750000	144.341000	0.079254	0.067340	0.748135	0.544522	0.038950	0.127076	0.039400	1.684551	7.398760	0.663043	2.940440	16.873896	10.897856	7.404008	17.322440	21.714915	88.544600
296.250000	144.341000	0.061791	0.020094	0.807350	0.618368	0.077163	0.387148	0.044297	1.248583	9.326527	0.604558	2.968647	16.981339	12.564096	7.296746	16.744965	21.051712	90.803500
303.750000	144.341000	0.220413	0.023836	0.778511	0.675401	0.147329	0.387499	0.048187	0.863537	10.319600	0.588168	3.135330	16.430329	13.907692	6.791585	15.826841	20.714342	90.858600
311.250000	144.341000	0.533326	0.011786	0.682313	0.683589	0.101037	0.075778	0.035478	0.443159	13.161024	1.067525	2.171740	14.783518	15.147579	6.242464	16.097709	21.443594	92.681600
318.750000	144.341000	0.711474	0.037990	0.509214	0.727067	0.096937	0.052489	0.053820	0.322142	14.588199	2.187676	1.240508	13.089659	15.833966	6.381958	14.832716	21.569698	92.235500
326.250000	144.341000	0.844496	0.026297	0.232632	0.711293	0.345409	0.064680	0.390047	0.237010	16.369143	3.262089	0.577684	10.793546	15.814514	6.829948	13.869466	21.478994	91.847300
333.750000	144.341000	0.834252	0.015732	0.087518	0.636338	0.603110	0.044367	0.290558	0.080017	16.888486	2.930556	0.480916	8.849731	17.114454	7.189767	12.647449	21.741719	90.435100
341.250000	144.341000	0.706836	0.053044	0.087390	0.606351	0.871198	0.050265	0.134156	0.053348	17.431014	3.000178	0.646553	7.413643	17.451937	7.392438	10.704821	21.508964	88.112100
348.750000	144.341000	0.676656	0.104650	0.043032	0.594799	0.899193	0.016255	0.022228	0.085003	18.292024	3.952797	0.616399	6.299341	17.834545	7.766835	9.560299	19.598637	86.362700
356.250000	144.341000	0.629729	0.036052	0.037754	0.654372	1.027360	0.032578	0.031492	0.050726	18.377978	5.064363	0.658751	6.234977	17.674852	7.896965	8.187399	19.033037	85.628400
4.090910	147.400000	0.369158	0.022374	0.050400	0.437710	0.348999	0.043180	0.118163	0.042075	17.391543	5.641600	0.725967	5.045419	18.607565	9.952124	8.835594	17.648048	85.279800
12.272700	147.400000	0.429081	0.041773	0.065920	0.460985	0.253024	0.041881	0.175621	0.028941	17.426037	6.298945	0.738424	3.747786	20.569012	10.824331	8.446414	17.308190	86.856300
20.454500	147.400000	0.419306	0.060277	0.034636	0.540119	0.173472	0.058229	0.209184	0.179731	17.589011	7.541115	0.688526	2.498931	20.551256	11.988431	8.730922	17.550445	88.813600
28.636400	147.400000	0.411902	0.074300	0.020795	0.609108	0.120245	0.051894	0.138861	0.025261	16.136954	9.152063	0.602605	2.752597	20.509523	14.272771	8.398800	17.115925	90.393600
36.818200	147.400000	0.474867	0.040429	0.039973	0.580826	0.083941	0.213773	0.192449	0.015510	14.827061	11.402021	1.111949	2.878961	20.524452	15.583116	7.512208	16.454079	91.935700
45.000000	147.400000	0.428714	0.321832	0.013809	0.284294	0.095629	0.264060	0.064037	0.022691	13.322640	13.205358	2.056019	2.007127	20.564602	15.451358	7.371232	15.762376	91.235600
53.181800	147.400000	0.361554	0.616232	0.036375	0.044210	0.117381	0.324938	0.011115	0.184284	10.933775	15.100643	2.891458	1.212437	20.685050	16.613433	7.751386	15.394018	92.278200
61.363600	147.400000	0.431230	0.576575	0.017403	0.056056	0.063918	0.382064	0.020550	0.180308	9.333143	16.564914	2.818046	0.644438	21.346783	16.963356	8.598983	13.880436	91.878200
69.545500	147.400000	0.350506	0.481268	0.018055	0.093247	0.059450	0.587172	0.177191	0.238858	7.578449	16.914724	2.503262	0.557716	20.711402	16.978285	8.929012	12.230459	88.409100
77.727300	147.400000	0.435450	0.519250	0.080748	0.104722	0.043079	0.813591	0.052585	0.195449	6.311747	17.074757	3.628276	0.830657	20.072967	17.557796	8.723322	10.798681	87.243100
85.909100	147.400000	0.397361	0.408892	0.037946	0.043874	0.027167	0.955279	0.023718	0.100175	5.822884	17.445490	5.257827	0.765275	18.662983	17.703126	8.998714	9.935341	86.586000
94.090900	147.400000	0.396889	0.408279	0.012922	0.032320	0.033066	1.014566	0.044478	0.109230	4.944299	17.700072	6.161215	0.812282	17.623958	18.943125	9.793483	9.287101	87.317200
102.273000	147.400000	0.484847	0.409253	0.014615	0.089414	0.056401	0.926957	0.049816	0.205366	3.765089	17.579171	5.873145	0.653630	18.168861	20.266251	10.730641	9.051553	88.325000
110.455000	147.400000	0.542176	0.353322	0.092720	0.047914	0.154714	0.528975	0.050036	0.225308	2.691626	16.709227	7.674401	0.562260	17.242707	20.991318	12.213042	8.614126	88.693900
118.636000	147.400000	0.561779	0.497021	0.026500	0.027787	0.040025	0.446565	0.049671	0.153646	2.900313	15.968100	9.290007	0.641832	17.114454	20.866458	14.339385	8.379947	91.303500
126.818000	147.400000	0.577204	0.501740	0.056775	0.022683	0.023415	0.408236	0.119657	0.138940	3.042986	14.929414	10.705941	1.105650	16.217592	21.217739	15.010844	7.997248	92.076000
135.000000	147.400000	0.323913	0.442765	0.280364	0.034192	0.057393	0.176123	0.085926	0.051242	1.924623	13.281925	13.142702	1.880763	15.993660	20.820202	15.492073	7.370904	91.358900
143.182000	147.400000	0.033470	0.459407	0.591723	0.043384	0.164109	0.175509	0.065128	0.020610	1.043671	10.941014	15.402726	3.155812	14.927491	20.917578	16.428067	7.434318	91.803900
151.364000	147.400000	0.066487	0.415241	0.582493	0.034822	0.180828	0.024109	0.100395	0.024884	0.623027	9.268756	16.143514	2.992375	14.311224	21.054200	17.086632	8.368275	91.277300
159.545000	147.400000	0.106577	0.370218	0.570794	0.029781	0.253701	0.043372	0.206223	0.159558	0.562297	7.167136	16.914951	2.549926	12.411302	20.985437	17.423210	8.725878	88.480300
167.727000	147.400000	0.079511	0.477826	0.434121	0.098965	0.203264	0.029487	0.340241	0.029506	0.726808	5.814176	17.446847	3.663132	10.881751	20.330038	18.296661	8.738997	87.591300
175.909000	147.400000	0.039277	0.460789	0.492651	0.038117	0.131453	0.030303	0.324301	0.017793	0.789630	5.767353	17.391317	5.010483	9.556352	18.413264	17.706519	9.236512	85.406200
184.091000	147.400000	0.024055	0.441195	0.431797	0.061468	0.127113	0.043590	0.325502	0.024451	0.710872	5.086745	17.809324	5.763587	9.171414	18.246446	18.601458	9.736900	86.606000
192.273000	147.400000	0.073812	0.480991	0.414364	0.130704	0.203314	0.039039	0.284742	0.049057	0.712022	3.722158	17.754472	6.011067	8.921864	17.811473	20.757206	10.700195	88.066500
200.455000	147.400000	0.037925	0.568970	0.416758	0.102134	0.272943	0.163409	0.160942	0.067242	0.620145	2.539035	16.866997	7.744883	8.688895	17.666482	20.913055	12.441385	89.271200
208.636000	147.400000	0.016404	0.701595	0.408007	0.064166	0.145633	0.012725	0.084987	0.077061	0.617537	2.859236	16.344035	9.376188	8.598021	17.168176	20.914864	13.834971	91.223600
216.818000	147.400000	0.031955	0.627542	0.386658	0.056714	0.137757	0.035343	0.081626	0.168426	1.077564	3.036064	14.737601	10.700704	7.775838	15.886217	21.041420	15.192365	90.973700
225.000000	147.400000	0.033698	0.338958	0.422756	0.234822	0.047006	0.067855	0.077749	0.182899	2.115452	2.047797	13.422279	13.263490	7.007160	16.092959	21.131898	16.396739	92.883600
233.182000	147.400000	0.036296	0.058683	0.470192	0.565672	0.016498	0.165266	0.126469	0.310054	3.109181	1.135000	11.092960	14.963230	7.956590	14.781482	20.841690	16.238968	91.868300
241.364000	147.400000	0.036026	0.072202	0.476779	0.566775	0.036276	0.153090	0.082498	0.504963	2.667944	0.606291	9.171583	16.484502	8.346866	13.796518	20.451617	16.490044	89.943900
249.545000	147.400000	0.024312	0.079937	0.346205	0.544811	0.188558	0.266938	0.059649	0.705494	2.654078	0.615251	7.685631	16.629493	8.982111	12.122225	20.756754	17.550331	89.211700
257.727000	147.400000	0.085564	0.035213	0.403350	0.434674	0.035935	0.194552	0.073994	0.851090	3.559863	0.751075	6.045946	17.802425	9.108260	10.944995	20.857524	17.834997	89.019500
265.909000	147.400000	0.044734	0.021964	0.389453	0.412936	0.028632	0.065682	0.064354	1.005718	5.323899	0.682438	5.508474	17.825950	9.099031	10.106457	19.043216	17.944589	87.567500
274.091000	147.400000	0.067258	0.031526	0.406278	0.430629	0.058061	0.087348	0.031199	1.029558	5.690651	0.788918	5.005948	17.951940	10.052216	9.153363	18.092746	18.460652	87.338200
282.273000	147.400000	0.083528	0.057929	0.479353	0.334480	0.049886	0.220147	0.033566	0.847428	6.195947	0.724796	3.673187	17.373108	10.385593	9.226696	17.515045	19.901851	87.102500
290.455000	147.400000	0.096608	0.006524	0.517713	0.410354	0.071226	0.262596	0.157411	0.693403	7.538695	0.658091	2.599327	16.630172	12.702867	8.620132	17.104728	21.036104	89.106000
298.636000	147.400000	0.062065	0.013114	0.654802	0.418529	0.061549	0.128153	0.021827	0.484840	9.215680	0.611506	2.800222	15.876491	13.963563	8.648960	17.017530	21.748957	91.727800
306.818000	147.400000	0.042525	0.039386	0.612103	0.499449	0.155087	0.122037	0.015329	0.399721	11.326698	1.051449	2.892577	15.022154	15.038327	7.779638	16.226527	20.769082	91.992100
315.000000	147.400000	0.361127	0.015367	0.306859	0.440275	0.091022	0.015145	0.045795	0.182716	12.942407	2.086137	2.142425	13.516376	16.065703	7.131375	16.018880	20.465189	91.826900
323.182000	147.400000	0.629358	0.019982	0.043567	0.428105	0.090199	0.028081	0.144426	0.193840	14.494441	3.027073	1.053620	11.090449	16.606987	7.781436	15.361785	20.359895	91.353200
331.364000	147.400000	0.639973	0.021759	0.045420	0.401768	0.124553	0.019169	0.139515	0.046675	16.394024	2.942159	0.589922	8.821683	16.721328	8.358402	13.675504	20.681092	89.623000
339.545000	147.400000	0.508722	0.033853	0.064282	0.416025	0.140831	0.201571	0.206361	0.045119	16.762722	2.430778	0.630923	7.713657	16.869938	8.779712	12.492166	20.531916	87.828700
347.727000	147.400000	0.476697	0.064153	0.010713	0.404523	0.300855	0.030376	0.185412	0.060518	17.546599	3.603281	0.686310	5.863056	17.482586	9.091601	10.846973	20.512124	87.165800
355.909000	147.400000	0.434189	0.025024	0.014225	0.483384	0.249677	0.019874	0.110262	0.058732	17.658226	5.056718	0.624123	5.843773	17.566844	9.352245	9.588189	18.549659	85.635100
4.500000	150.434000	0.201814	0.012326	0.087138	0.276039	0.122953	0.023697	0.163262	0.009682	17.206629	5.689056	0.675296	4.955416	18.610845	11.041523	10.405238	17.968905	87.449900
13.500000	150.434000	0.280340	0.016290	0.053035	0.366673	0.060368	0.068701	0.114932	0.033194	16.875819	6.372379	0.702947	3.449073	20.212869	11.931769	10.067337	17.516289	88.122000
22.500000	150.434000	0.247402	0.079127	0.044590	0.378021	0.068897	0.051967	0.073884	0.079817	15.696666	8.019596	0.781826	2.295446	19.890655	13.734654	10.209760	17.391769	89.044200
31.500000	150.434000	0.293130	0.063328	0.021127	0.312499	0.071102	0.079445	0.111214	0.018879	15.119757	9.580928	0.899748	2.951320	20.755397	15.831931	9.508376	17.174622	92.792900
40.500000	150.434000	0.258763	0.027051	0.029957	0.066523	0.086263	0.143288	0.097557	0.014015	13.311443	11.602882	1.936045	2.988269	20.294978	15.602795	8.656447	15.997279	91.113400
49.500000	150.434000	0.258916	0.056290	0.030286	0.043057	0.087913	0.183267	0.030684	0.094738	11.075543	13.563537	3.025297	1.786429	20.345306	16.726757	8.937540	15.827520	92.073100
58.500000	150.434000	0.293008	0.282938	0.030995	0.075845	0.107818	0.235034	0.007179	0.216166	9.505333	15.179359	2.598513	0.918163	20.529541	16.496830	9.432895	15.191573	91.101300
67.500000	150.434000	0.187086	0.398016	0.035776	0.064551	0.037886	0.276516	0.121257	0.096623	7.686559	15.508698	2.206178	0.821715	20.588578	17.059263	9.951502	13.702534	88.742700
76.500000	150.434000	0.223697	0.391112	0.062228	0.097139	0.076699	0.419903	0.053352	0.099812	6.287047	16.870164	3.611741	0.688547	20.071950	17.781389	10.047974	11.811999	88.594800
85.500000	150.434000	0.258488	0.284353	0.074205	0.022344	0.041102	0.300166	0.038955	0.104306	5.598782	16.948314	4.762393	0.686466	18.532582	17.635720	10.365586	10.968462	86.622300
94.500000	150.434000	0.278872	0.271647	0.018368	0.105769	0.038129	0.354698	0.065322	0.156238	4.949445	16.795407	5.671289	0.668816	17.896183	18.373793	11.085778	10.406199	87.135900
103.500000	150.434000	0.352470	0.209841	0.024550	0.071137	0.049597	0.312530	0.057701	0.112341	3.556233	17.048858	5.954778	0.654057	17.563111	19.885678	11.908810	9.986269	87.747900
112.500000	150.434000	0.417284	0.221454	0.112086	0.032886	0.084648	0.279704	0.061751	0.096259	2.320045	16.219967	7.928361	0.753155	17.494348	20.298823	14.092380	10.369431	90.782600
121.500000	150.434000	0.294783	0.292642	0.071194	0.056673	0.030764	0.231179	0.117933	0.126626	2.981246	14.421720	9.564732	0.927792	17.077924	20.208910	15.188859	9.266755	90.859800
130.500000	150.434000	0.069770	0.256957	0.046433	0.054205	0.041866	0.237542	0.103883	0.120576	2.863455	13.358379	11.510029	1.888986	16.145323	19.989502	16.064119	8.884825	91.635900
139.500000	150.434000	0.057599	0.323989	0.055586	0.035672	0.111836	0.113909	0.079205	0.024037	2.103577	11.493517	13.512870	2.816305	16.050774	20.623865	16.699161	8.980460	93.082300
148.500000	150.434000	0.045189	0.257894	0.315785	0.035507	0.207789	0.133527	0.083898	0.031771	0.926808	9.617730	15.124620	2.828474	15.330344	20.773266	17.221331	9.335393	92.269300
157.500000	150.434000	0.070563	0.197286	0.384378	0.056409	0.116997	0.090281	0.074095	0.107088	0.670269	7.825589	15.863485	2.354053	13.952705	20.400950	17.058471	10.195238	89.417800
166.500000	150.434000	0.108478	0.223290	0.331048	0.088148	0.146269	0.074202	0.074856	0.049869	0.767056	6.500371	17.159467	3.527585	12.139755	19.868374	17.477610	10.071770	88.608200
175.500000	150.434000	0.040675	0.229375	0.329136	0.079351	0.139025	0.026643	0.080297	0.023492	0.661236	5.494246	17.151324	4.686901	11.305685	18.650316	17.916541	10.012462	86.826700
184.500000	150.434000	0.116916	0.326493	0.238774	0.031204	0.142835	0.035149	0.080923	0.022043	0.678043	4.833260	17.070573	5.576061	10.319453	17.356935	18.692728	11.206815	86.728200
193.500000	150.434000	0.082278	0.371132	0.231454	0.145298	0.170277	0.033843	0.073358	0.061192	0.760728	3.197126	16.417322	6.093990	10.145374	17.606654	20.041979	12.170857	87.602800
202.500000	150.434000	0.044441	0.380963	0.207166	0.073994	0.099782	0.125242	0.051100	0.049021	0.669506	2.237540	16.121233	7.676697	10.333183	17.340988	20.077491	13.429743	88.917900
211.500000	150.434000	0.039149	0.292238	0.286588	0.066886	0.222419	0.029697	0.106482	0.061313	0.948717	2.712628	15.223467	9.204517	9.316766	16.633338	20.358312	15.260563	90.763200
220.500000	150.434000	0.056457	0.053640	0.253935	0.057167	0.151795	0.017578	0.076901	0.127491	2.050387	2.778383	13.508459	11.643144	8.856076	16.260343	20.060866	15.552919	91.505500
229.500000	150.434000	0.049535	0.055127	0.210094	0.091074	0.036340	0.089732	0.114409	0.159803	2.876619	2.013246	11.980627	13.280455	8.724464	15.731274	20.251096	16.562313	92.226200
238.500000	150.434000	0.048121	0.058061	0.269515	0.375263	0.018885	0.164742	0.081569	0.186830	2.719697	0.948194	9.621790	14.937444	9.141940	15.417542	20.717962	17.224950	91.932500
247.500000	150.434000	0.035595	0.115772	0.268996	0.370341	0.119563	0.085635	0.054814	0.252989	2.387892	0.674106	7.868996	15.625754	10.087570	14.051213	20.447546	17.066501	89.513300
256.500000	150.434000	0.058862	0.025322	0.201492	0.376715	0.054204	0.170619	0.061603	0.361769	3.347726	0.754963	6.132070	16.674279	9.909792	11.923739	20.570256	17.351959	87.975500
265.500000	150.434000	0.091785	0.025666	0.217140	0.248255	0.043816	0.138785	0.053776	0.353627	4.838281	0.618143	6.008884	16.927844	9.996323	11.197926	18.389514	17.895052	87.044700
274.500000	150.434000	0.028318	0.070560	0.266529	0.299208	0.016724	0.125019	0.035542	0.319965	5.844486	0.712719	4.814678	17.103597	11.543506	10.022776	17.999554	18.896642	88.099800
283.500000	150.434000	0.104193	0.040701	0.322494	0.197572	0.030690	0.141699	0.024573	0.317187	6.220896	0.688360	3.420493	16.746096	12.199583	9.832388	17.596814	20.306174	88.189900
292.500000	150.434000	0.102112	0.058969	0.376167	0.195160	0.050987	0.133067	0.060001	0.301704	7.797439	0.744350	2.270135	15.878414	13.690319	9.805211	17.311017	20.679056	89.454200
301.500000	150.434000	0.050147	0.033174	0.289473	0.243659	0.067926	0.216518	0.016031	0.221675	9.626596	0.913919	2.851218	14.622468	15.338487	9.191217	16.676655	20.496291	90.855500
310.500000	150.434000	0.037437	0.055132	0.051804	0.340115	0.114373	0.130929	0.017722	0.155306	11.265874	2.009084	2.752665	13.430987	15.809537	8.726104	16.012321	20.496291	91.405700
319.500000	150.434000	0.087415	0.051756	0.029687	0.262955	0.108865	0.038738	0.095284	0.103192	13.854197	2.791887	2.062070	11.549274	16.611058	8.632188	15.953963	20.403551	92.636100
328.500000	150.434000	0.336017	0.037052	0.054700	0.296202	0.092963	0.032031	0.190302	0.080098	15.320731	2.909508	0.940378	9.369922	16.437454	9.330191	14.847758	20.324609	90.599900
337.500000	150.434000	0.383709	0.033051	0.113925	0.212232	0.097874	0.127643	0.073326	0.089863	16.238515	2.280891	0.638342	7.583821	17.414954	10.007599	13.816649	20.710836	89.823200
346.500000	150.434000	0.289664	0.054413	0.050357	0.196346	0.070319	0.033682	0.121265	0.052721	16.430668	3.505214	0.713150	6.077082	17.853319	10.126871	11.719485	20.206083	87.500600
355.500000	150.434000	0.316740	0.077219	0.013811	0.275686	0.087892	0.021933	0.118223	0.035735	16.677446	4.907678	0.678851	5.678809	17.639452	10.125808	11.274696	19.078616	87.008600
5.000000	153.448000	0.120271	0.017080	0.104128	0.217873	0.081996	0.060860	0.057638	0.022275	16.165681	5.392458	0.808095	4.506476	18.592071	12.035479	11.527559	17.945041	87.654900
15.000000	153.448000	0.095912	0.037594	0.011502	0.169075	0.081210	0.090097	0.115968	0.038177	15.990832	6.522052	0.824112	3.336281	19.692734	13.050415	11.027816	17.152794	88.236700
25.000000	153.448000	0.088763	0.139940	0.012130	0.118057	0.126540	0.072893	0.332875	0.032075	14.913467	8.010435	1.023524	2.099720	19.494022	14.890508	11.335067	17.271999	89.962000
35.000000	153.448000	0.160166	0.115099	0.016893	0.067009	0.153707	0.193403	0.214991	0.041797	13.319134	10.063412	1.909015	2.727207	19.904905	16.083346	10.446518	16.929766	92.346400
45.000000	153.448000	0.117388	0.014850	0.054475	0.051306	0.129934	0.129917	0.077449	0.047727	11.889810	11.783385	2.602901	2.452742	19.928881	16.378982	9.516462	16.503729	91.680000
55.000000	153.448000	0.131925	0.055538	0.017110	0.119058	0.113996	0.146332	0.034774	0.281021	9.638347	13.869805	2.652766	1.796087	19.850618	16.448990	10.253710	15.599515	91.009500
65.000000	153.448000	0.130513	0.132581	0.016843	0.128093	0.065658	0.090171	0.027806	0.341078	8.162902	15.012201	2.245864	1.088910	19.885113	17.686274	11.234456	14.893675	91.142100
75.000000	153.448000	0.093278	0.190329	0.019692	0.136486	0.070563	0.112427	0.021656	0.133392	6.361748	16.005083	3.189639	0.716575	19.664008	17.665012	11.186616	13.042950	88.609500
85.000000	153.448000	0.155137	0.187297	0.143968	0.073911	0.067419	0.127514	0.042047	0.096907	5.632654	16.062197	4.509428	0.775707	18.877529	17.523640	11.189240	12.595876	88.060500
95.000000	153.448000	0.188482	0.160951	0.039391	0.173331	0.019729	0.135790	0.074357	0.085170	4.650879	15.649052	5.585165	0.800590	17.552480	18.832968	12.302615	11.892524	88.143400
105.000000	153.448000	0.241300	0.140492	0.034553	0.023315	0.030290	0.113170	0.049728	0.120651	3.179030	15.607432	6.454849	0.803201	17.366774	19.975251	12.867762	11.375104	88.382800
115.000000	153.448000	0.087304	0.117435	0.148540	0.031018	0.027465	0.107987	0.073666	0.299723	2.309832	14.875806	7.991254	1.071322	17.308982	19.588459	14.734773	10.987915	89.761400
125.000000	153.448000	0.031446	0.156950	0.100921	0.011859	0.032941	0.126050	0.212943	0.224438	2.552234	13.378397	9.874019	1.799763	16.883283	19.947882	15.856360	10.432268	91.621700
135.000000	153.448000	0.022593	0.096430	0.038734	0.072500	0.071805	0.123890	0.176500	0.067466	2.600922	11.892072	12.003020	2.508239	16.576563	19.905018	16.157538	9.688709	92.002000
145.000000	153.448000	0.100359	0.157706	0.039876	0.031035	0.238081	0.151972	0.119206	0.056493	1.798723	9.672367	13.762702	2.674684	16.046024	20.117415	17.257183	10.300849	92.524600
155.000000	153.448000	0.118596	0.178704	0.111947	0.015080	0.355369	0.068283	0.118048	0.019286	1.021194	8.121248	15.114667	2.289067	14.721767	20.215018	17.098734	11.121777	90.688800
165.000000	153.448000	0.133639	0.121183	0.188404	0.021060	0.156098	0.080548	0.051724	0.019057	0.750599	6.329843	15.318469	3.359036	13.375117	19.732997	17.103258	11.035359	87.776400
175.000000	153.448000	0.077873	0.107544	0.194923	0.221525	0.107166	0.055328	0.073959	0.033339	0.690509	5.673415	16.229355	4.747080	12.197208	18.768277	17.730382	11.493630	88.401500
185.000000	153.448000	0.213675	0.210129	0.143631	0.046785	0.101525	0.029503	0.094412	0.057722	0.811515	4.456623	15.977939	5.383478	11.396932	17.897201	18.641155	12.216774	87.678900
195.000000	153.448000	0.022707	0.231721	0.093270	0.137081	0.145088	0.020015	0.054644	0.079375	0.701122	3.471477	15.602908	6.240078	11.128947	17.032346	19.879345	13.088981	87.929100
205.000000	153.448000	0.013657	0.090915	0.080664	0.089693	0.367754	0.048908	0.083492	0.060601	0.982491	2.216945	14.584806	7.959870	11.058725	17.118526	19.750188	14.577116	89.084200
215.000000	153.448000	0.031203	0.064376	0.110215	0.107910	0.247744	0.034435	0.119494	0.175940	1.817723	2.681040	13.916288	9.582127	10.114283	16.367899	19.597506	15.842675	90.810800
225.000000	153.448000	0.023965	0.027114	0.133385	0.033158	0.050491	0.057196	0.154690	0.152545	2.626041	2.560897	11.441831	11.572685	9.758208	16.379322	19.725985	16.347202	91.044700
235.000000	153.448000	0.019074	0.104738	0.133455	0.058531	0.022502	0.264931	0.152025	0.107920	2.683992	1.659556	9.870219	13.660235	10.488489	16.062197	20.170910	17.199503	92.658200
245.000000	153.448000	0.004639	0.111121	0.133172	0.146692	0.027552	0.322693	0.096508	0.103946	2.247776	1.148831	7.999058	15.205484	11.320139	14.766893	20.138903	16.574301	90.347700
255.000000	153.448000	0.021104	0.025497	0.109376	0.202641	0.048068	0.183039	0.062955	0.147737	3.458403	0.710784	6.429889	15.758643	11.336198	13.486631	19.780837	17.663089	89.425100
265.000000	153.448000	0.194626	0.019558	0.121827	0.192883	0.030540	0.084627	0.052429	0.098932	4.686018	0.720860	5.401246	15.899450	11.426337	12.569977	18.741812	18.148956	88.390100
275.000000	153.448000	0.073479	0.126719	0.171831	0.136670	0.056345	0.069402	0.055065	0.133678	5.623211	0.738783	4.957904	16.436323	11.978026	11.581846	17.751871	18.435092	88.326400
285.000000	153.448000	0.143734	0.021929	0.171385	0.125095	0.065163	0.138558	0.020256	0.121817	6.405098	0.740181	3.261512	16.380339	13.123136	11.308795	17.165461	19.639126	88.831500
295.000000	153.448000	0.137499	0.020990	0.097562	0.086745	0.046684	0.374028	0.027096	0.107036	7.852405	1.059301	2.171593	15.054499	14.980421	10.822850	17.088894	19.829469	89.757100
305.000000	153.448000	0.090255	0.016270	0.081057	0.176683	0.198091	0.269709	0.041955	0.088340	9.492757	1.800951	2.482430	13.622687	15.920712	10.730223	16.964827	20.043788	92.020800
315.000000	153.448000	0.023343	0.058635	0.032071	0.144868	0.102147	0.054906	0.088507	0.119527	12.094290	2.383255	2.505095	11.588292	16.283981	9.899478	16.181288	19.831165	91.391000
325.000000	153.448000	0.049002	0.035517	0.061580	0.163462	0.126523	0.022199	0.241450	0.193916	14.006992	2.945473	1.733477	9.902158	16.615808	10.520337	16.030982	20.129969	92.778800
335.000000	153.448000	0.115797	0.023015	0.101320	0.105214	0.102958	0.054689	0.340217	0.046814	15.110709	2.223086	0.933054	7.994059	17.315089	11.506071	14.561395	19.936798	90.470300
345.000000	153.448000	0.269866	0.025372	0.030015	0.084853	0.097597	0.042479	0.124707	0.037053	15.472960	3.475979	0.815038	6.400122	17.551689	11.885512	13.418886	19.666156	89.398200
355.000000	153.448000	0.191032	0.134116	0.020189	0.139442	0.069294	0.035580	0.085884	0.052334	16.160026	4.396749	0.782040	5.309524	17.694757	11.533666	12.102320	18.903767	87.610600
5.625000	156.444000	0.053734	0.037494	0.020491	0.061885	0.116213	0.075212	0.172257	0.093345	15.434959	5.106039	0.786723	4.476460	18.553731	13.111826	12.568846	17.264648	87.933900
16.875000	156.444000	0.041888	0.016017	0.010578	0.058899	0.146194	0.070487	0.190095	0.037428	14.247889	6.602227	0.906203	3.043099	19.731979	14.636831	12.088635	17.715906	89.544500
28.125000	156.444000	0.050113	0.068094	0.015387	0.065155	0.191603	0.097714	0.313924	0.032465	13.865733	8.135091	1.117459	2.132971	19.690359	16.081197	12.029259	17.127347	91.014000
39.375000	156.444000	0.044883	0.138458	0.007222	0.056216	0.224928	0.265390	0.091164	0.090553	11.842874	10.217451	2.246486	2.531073	20.173398	16.386107	11.399420	16.673148	92.388700
50.625000	156.444000	0.056636	0.057789	0.035451	0.134237	0.294085	0.201306	0.044263	0.094352	10.207838	12.309853	2.534771	2.206325	19.253238	16.956457	11.079456	16.491853	91.957800
61.875000	156.444000	0.062477	0.077463	0.013171	0.105399	0.068133	0.221337	0.029072	0.277681	8.303256	13.917871	2.072746	1.163229	19.076241	16.841890	11.848077	15.831026	89.909100
73.125000	156.444000	0.037743	0.046281	0.024224	0.014886	0.144346	0.126874	0.037752	0.192277	6.625626	14.705368	2.999635	0.773339	19.566857	17.035852	12.359164	14.223460	88.913600
84.375000	156.444000	0.076497	0.071225	0.008361	0.038408	0.053601	0.075267	0.077776	0.188072	5.418425	14.893562	4.410615	0.756602	18.367799	17.614797	12.440707	12.717569	87.209300
95.625000	156.444000	0.072256	0.069867	0.014537	0.010214	0.054026	0.088706	0.078440	0.214427	4.481335	15.256831	5.144504	0.773392	17.993560	18.742830	12.936752	12.873304	88.805000
106.875000	156.444000	0.069818	0.038993	0.017840	0.051380	0.033022	0.156203	0.082003	0.215360	3.221725	14.755470	6.374663	0.952517	16.942207	19.400378	14.249359	12.709652	89.270600
118.125000	156.444000	0.068532	0.025952	0.078543	0.037693	0.033955	0.175131	0.071436	0.301125	2.136929	13.421035	8.328929	1.195801	17.314863	19.404336	15.424780	12.284972	90.304000
129.375000	156.444000	0.051132	0.042065	0.078773	0.039390	0.071213	0.204179	0.271245	0.102139	2.507164	12.384611	10.247738	2.122599	16.574754	19.440753	16.320172	11.395461	91.853400
140.625000	156.444000	0.130774	0.040938	0.045057	0.044790	0.095414	0.225518	0.171113	0.040309	2.069218	10.147082	12.095534	2.304132	15.839169	19.550232	16.587308	11.140879	90.527400
151.875000	156.444000	0.072565	0.055361	0.092490	0.035984	0.275242	0.083352	0.216578	0.044423	1.190802	8.279652	13.357587	2.019534	16.259325	19.825737	17.290999	12.061152	91.160800
163.125000	156.444000	0.020232	0.035788	0.064730	0.086621	0.192358	0.091763	0.131265	0.033946	0.931299	6.839969	14.580282	3.235443	14.274354	19.781855	17.029631	12.441499	89.771000
174.375000	156.444000	0.027792	0.064568	0.079464	0.024387	0.204535	0.076831	0.072153	0.083174	0.806680	5.392945	15.159680	4.413578	13.124267	18.561082	17.227439	12.543852	87.862500
185.625000	156.444000	0.005244	0.062055	0.062074	0.034637	0.225964	0.072575	0.077283	0.072676	0.805778	4.182860	15.176305	5.291519	12.814720	17.619434	18.609488	12.907912	88.020400
196.875000	156.444000	0.079250	0.067205	0.061691	0.019761	0.214715	0.027449	0.131801	0.114228	0.817429	3.141968	14.145536	6.560154	12.271853	17.274713	19.098521	14.576098	88.602500
208.125000	156.444000	0.024356	0.081974	0.059644	0.083077	0.301078	0.038350	0.192676	0.096954	1.193810	1.957624	13.767904	8.204205	11.932561	17.198712	20.018341	15.724488	90.875700
219.375000	156.444000	0.027178	0.037371	0.036519	0.153562	0.112377	0.043929	0.209628	0.298999	2.215543	2.602573	12.016818	10.233058	11.219425	17.016625	19.435212	16.568533	92.227300
230.625000	156.444000	0.019048	0.146668	0.044396	0.060687	0.093386	0.100360	0.221652	0.199334	2.327815	2.116447	10.316728	12.137380	11.046782	16.223134	19.997758	16.886563	91.938000
241.875000	156.444000	0.016974	0.078567	0.057889	0.073478	0.054711	0.277387	0.070974	0.167124	1.901992	1.218545	8.075512	13.759535	11.926566	15.991285	19.894387	17.464151	91.029200
253.125000	156.444000	0.063263	0.016478	0.044123	0.047544	0.038688	0.192571	0.082143	0.142628	3.246222	0.934697	6.623534	14.328075	12.316187	14.098148	19.525576	17.106537	88.806400
264.375000	156.444000	0.006797	0.012755	0.058052	0.072250	0.090473	0.160821	0.093659	0.101893	4.567051	0.734713	5.648205	15.113423	12.558554	13.091582	18.182319	17.922648	88.415200
275.625000	156.444000	0.038933	0.019817	0.044432	0.024265	0.102388	0.148387	0.071997	0.096361	5.422848	0.771398	4.158227	15.147579	12.729331	12.558667	17.518438	18.798587	87.651700
286.875000	156.444000	0.026686	0.019526	0.063360	0.051094	0.113256	0.191553	0.045815	0.159721	6.776939	0.910824	3.188734	14.439363	14.243931	12.431207	17.486997	19.399586	89.548600
298.125000	156.444000	0.093773	0.028915	0.075603	0.023477	0.073809	0.276591	0.032897	0.243512	8.103458	1.142419	1.978344	13.966729	15.739417	12.126070	17.110044	19.605536	90.620600
309.375000	156.444000	0.109225	0.028255	0.036641	0.022575	0.261484	0.101962	0.038721	0.229658	10.311864	2.164479	2.534330	12.107070	16.309767	11.315275	16.619314	19.610060	91.800800
320.625000	156.444000	0.046993	0.019819	0.097246	0.042019	0.229637	0.067978	0.090016	0.242737	12.351134	2.487225	2.229963	10.462895	16.571926	11.448730	16.469913	19.753468	92.611700
331.875000	156.444000	0.077320	0.013956	0.074981	0.031458	0.185051	0.018659	0.322224	0.083065	13.651301	2.160917	1.198628	8.255970	17.457139	11.918989	15.426590	20.079866	90.956200
343.125000	156.444000	0.059800	0.007888	0.027413	0.049740	0.107889	0.056679	0.168620	0.039485	14.656058	2.985883	0.888320	6.729337	16.976023	12.574727	14.168382	19.724967	89.221300
354.375000	156.444000	0.078995	0.007434	0.024191	0.071545	0.095228	0.059128	0.181122	0.085820	15.441066	4.513737	0.748778	5.565972	17.928642	12.811101	12.785428	18.884993	89.283100
6.428570	159.423000	0.021486	0.008310	0.007867	0.034073	0.276584	0.115178	0.159054	0.135532	14.310432	5.015889	0.823780	4.179026	18.298018	14.078922	13.577335	17.188646	88.230100
19.285700	159.423000	0.016098	0.004032	0.010356	0.052500	0.317019	0.083641	0.167940	0.066977	13.280228	6.826487	1.079235	2.960775	19.531797	15.444120	13.534584	17.055304	90.431200
32.142900	159.423000	0.035143	0.076116	0.013152	0.106839	0.245413	0.124430	0.137698	0.051990	11.955293	8.558731	1.697026	1.969828	19.059728	15.620891	12.900674	16.925921	89.478800
45.000000	159.423000	0.006985	0.140487	0.002634	0.176219	0.284479	0.311282	0.046898	0.079963	10.692991	10.401618	2.308351	2.255036	19.831052	16.065816	12.102433	16.848110	91.554500
57.857100	159.423000	0.026999	0.021564	0.008701	0.073183	0.137543	0.284030	0.035168	0.125014	8.507182	12.038759	1.921003	1.614826	19.039032	17.242594	13.043403	16.415513	90.534500
70.714300	159.423000	0.028517	0.054653	0.006009	0.014433	0.092256	0.279366	0.068260	0.429798	6.638203	13.309408	2.895054	1.115035	19.285131	17.062203	13.543180	15.122358	89.943800
83.571400	159.423000	0.033475	0.030202	0.006212	0.011910	0.127171	0.321961	0.126819	0.162023	5.236689	14.232734	4.222896	0.803529	18.232535	16.820288	13.262472	13.901359	87.532200
96.428600	159.423000	0.071548	0.058104	0.008382	0.006358	0.120427	0.278625	0.096910	0.177113	4.130473	13.633545	5.382449	0.933959	17.256391	18.266916	13.813482	13.375909	87.610600
109.286000	159.423000	0.037726	0.009024	0.002105	0.010758	0.080210	0.295170	0.075260	0.142573	2.995462	13.162155	6.978535	1.113833	17.171455	18.675424	15.147126	13.295610	89.192400
122.143000	159.423000	0.081362	0.019193	0.070824	0.018355	0.068074	0.256750	0.160153	0.109788	1.972078	12.076420	8.635253	1.634641	16.955439	19.463034	16.383619	12.692348	90.597300
135.000000	159.423000	0.181948	0.012040	0.172349	0.001991	0.069169	0.327079	0.334186	0.057503	2.242347	10.054591	10.180502	2.162568	16.617505	19.270429	16.745305	12.173571	90.603000
147.857000	159.423000	0.074961	0.035093	0.054613	0.010722	0.145919	0.117923	0.285179	0.038859	1.651232	8.539007	12.100397	1.872406	16.189997	19.365996	17.180277	13.044081	90.706500
160.714000	159.423000	0.010244	0.019005	0.031328	0.008684	0.421545	0.122992	0.253962	0.053324	1.111896	6.395406	13.060480	3.029878	15.282391	18.883410	17.168515	13.036843	88.890000
173.571000	159.423000	0.003694	0.032554	0.035137	0.011077	0.251617	0.128808	0.225924	0.130862	0.807107	4.900259	13.825358	4.355684	14.037076	18.214665	17.271773	13.508120	87.739600
186.429000	159.423000	0.002118	0.050338	0.023881	0.005406	0.181285	0.116669	0.260438	0.128695	0.932138	4.310875	13.945467	5.548657	13.408028	17.563677	18.614012	14.104143	89.195900
199.286000	159.423000	0.012950	0.067566	0.009477	0.005536	0.476347	0.051032	0.330638	0.111442	1.225534	2.930680	13.173917	6.455630	13.310086	17.391203	19.561428	15.328647	90.442200
212.143000	159.423000	0.005399	0.027221	0.026247	0.093676	0.096770	0.035034	0.305340	0.105238	1.565765	1.825289	11.977686	8.579700	12.571221	16.901492	19.244756	16.604046	89.964900
225.000000	159.423000	0.013732	0.189372	0.025912	0.141676	0.065495	0.054552	0.290471	0.291585	2.202910	2.238920	10.170425	10.542018	12.019080	16.752656	19.491195	16.900248	91.390300
237.857000	159.423000	0.003124	0.052540	0.023187	0.083485	0.054092	0.099751	0.151700	0.278631	1.887006	1.628896	8.370447	12.351360	13.017164	16.361792	19.144551	16.624856	90.132700
250.714000	159.423000	0.018932	0.007938	0.036604	0.024902	0.055953	0.171388	0.107112	0.282991	3.078758	1.182580	6.816682	13.417642	13.576430	14.808173	19.077485	17.075775	89.739300
263.571000	159.423000	0.013534	0.005573	0.032460	0.042583	0.099923	0.172261	0.162169	0.303999	4.251046	0.908863	5.303405	14.044880	13.282490	13.917984	17.848795	17.214659	87.604600
276.429000	159.423000	0.007489	0.016495	0.047567	0.032332	0.141246	0.175256	0.125807	0.236022	5.237866	0.844216	4.391196	14.039451	14.016379	13.730243	17.517307	18.639233	89.198100
289.286000	159.423000	0.013464	0.013256	0.028464	0.026950	0.104232	0.534957	0.058843	0.265038	6.496040	1.136832	2.930793	12.832024	15.001683	13.617937	16.910087	18.933059	88.903600
302.143000	159.423000	0.077643	0.010263	0.031510	0.020790	0.102074	0.110042	0.024799	0.243228	8.412508	1.519949	1.776329	12.333943	16.229128	13.182852	16.659690	18.951155	89.685900
315.000000	159.423000	0.185149	0.015004	0.175159	0.025736	0.229222	0.068762	0.056334	0.285537	10.383071	2.240413	2.192675	10.733175	16.767019	11.932674	16.467990	18.657441	90.415400
327.857000	159.423000	0.077595	0.019788	0.054845	0.018689	0.241885	0.018817	0.125481	0.127772	11.825344	1.982845	1.667575	8.898555	17.061525	12.835643	15.982011	19.408860	90.347300
340.714000	159.423000	0.039328	0.015297	0.012098	0.042430	0.261785	0.058294	0.196426	0.106585	13.069076	3.028498	1.171734	6.900272	16.941302	13.451232	15.005528	18.592297	88.892100
353.571000	159.423000	0.042016	0.016043	0.006199	0.035011	0.363070	0.119034	0.201513	0.147468	13.507780	4.154359	0.843514	5.382031	16.936665	13.573151	13.840286	17.710817	86.879100
7.500000	162.388000	0.036638	0.010865	0.000000	0.046010	0.467277	0.312771	0.161828	0.216960	12.591692	5.541034	1.017142	4.222127	17.789645	14.902157	13.945580	17.031441	88.293200
22.500000	162.388000	0.020716	0.009387	0.053001	0.039541	0.422972	0.103789	0.119652	0.054089	12.000984	6.815573	1.255878	2.944399	18.591732	16.055185	14.128685	17.028048	89.643600
37.500000	162.388000	0.007496	0.065172	0.108607	0.107719	0.314175	0.143938	0.078572	0.058998	10.500511	8.593995	1.923424	1.825391	18.854118	16.769621	13.269258	16.150978	88.772100
52.500000	162.388000	0.008841	0.122976	0.146441	0.068891	0.194588	0.297238	0.087437	0.072613	8.684733	10.421116	2.008043	1.864195	19.252899	16.263510	13.404635	16.793823	89.692000
67.500000	162.388000	0.015700	0.073599	0.031887	0.008078	0.104885	0.390708	0.069514	0.094060	6.795250	11.831112	2.832206	1.348493	18.625322	17.083805	14.271413	15.597254	89.173200
82.500000	162.388000	0.030550	0.049482	0.006270	0.000000	0.299175	0.454906	0.166769	0.272498	5.482495	12.933585	4.243695	1.044734	17.701429	17.256165	13.910972	14.519323	88.372000
97.500000	162.388000	0.049797	0.033335	0.009133	0.023780	0.156137	0.380248	0.291139	0.135595	3.987925	12.509244	5.557829	1.183145	17.173604	18.016971	14.830341	14.278086	88.616400
112.500000	162.388000	0.046666	0.014982	0.004708	0.060749	0.043774	0.416982	0.105344	0.087689	2.850053	11.816410	6.870007	1.251660	16.894593	18.597047	16.133109	14.107083	89.300900
127.500000	162.388000	0.130841	0.005997	0.045675	0.107453	0.038013	0.337194	0.165303	0.050493	1.836904	10.391055	8.670098	1.959626	16.975118	19.459075	16.518092	13.192239	89.883100
142.500000	162.388000	0.045589	0.003882	0.114675	0.168720	0.094808	0.183615	0.353031	0.047037	1.950069	8.706267	10.913712	1.783963	16.698708	19.122271	16.902171	13.545329	90.633800
157.500000	162.388000	0.019486	0.018814	0.053990	0.072868	0.123337	0.118802	0.409375	0.075980	1.284786	6.916807	12.288365	2.838336	16.343017	18.437919	16.555414	14.013778	89.571000
172.500000	162.388000	0.013334	0.032250	0.052443	0.010019	0.201986	0.297573	0.436185	0.176729	1.016250	5.449211	12.744373	3.996226	14.689534	17.881933	16.594433	13.976682	87.569100
187.500000	162.388000	0.013384	0.048336	0.028833	0.017710	0.265171	0.191636	0.500037	0.361416	1.080810	4.271189	12.485607	5.577542	14.210228	16.936326	17.007804	14.199370	87.195400
202.500000	162.388000	0.053566	0.078286	0.020668	0.011542	0.084983	0.077818	0.385117	0.109147	1.290407	2.877208	11.856898	6.969160	13.986069	16.996154	18.405687	16.078143	89.280800
217.500000	162.388000	0.142198	0.130475	0.016773	0.057624	0.083462	0.036373	0.322526	0.153902	2.017758	1.822767	10.475075	8.844822	13.682289	17.055757	18.882957	16.559599	90.284300
232.500000	162.388000	0.105902	0.035949	0.008439	0.121505	0.069634	0.084620	0.160090	0.317485	1.818673	1.985378	8.611570	10.701191	13.346390	16.283076	19.295763	17.128818	90.074500
247.500000	162.388000	0.049963	0.006775	0.016670	0.053903	0.060739	0.082761	0.114010	0.372763	3.010493	1.284299	7.047174	12.018062	14.049517	15.884295	18.776759	16.696333	89.524400
262.500000	162.388000	0.015049	0.007981	0.031850	0.050252	0.211852	0.150606	0.239637	0.536547	4.025858	1.153321	5.220019	12.725938	14.385076	14.603467	17.621809	17.044334	88.023600
277.500000	162.388000	0.000810	0.014063	0.043038	0.022819	0.312133	0.263492	0.187679	0.404132	5.403587	1.035551	4.341875	12.517952	14.508918	13.557091	16.726983	17.679941	87.020100
292.500000	162.388000	0.017438	0.049654	0.048376	0.036051	0.120876	0.080790	0.111953	0.385573	6.960779	1.383158	2.888155	11.833261	15.708654	13.920359	17.068650	18.531338	89.145000
307.500000	162.388000	0.054648	0.105146	0.138209	0.019250	0.199294	0.081548	0.053840	0.310588	8.647445	1.948294	1.741145	10.408585	16.341208	13.137726	16.556998	18.735478	88.479400
322.500000	162.388000	0.120255	0.127985	0.042600	0.009548	0.301957	0.055878	0.062852	0.212143	10.712206	1.869397	1.957952	8.677642	16.468329	13.506310	16.662291	18.856153	89.643600
337.500000	162.388000	0.071434	0.056635	0.008623	0.019046	0.318549	0.068849	0.096320	0.106207	11.816523	2.971712	1.294987	6.871805	16.796425	13.786000	16.074750	18.630863	88.988900
352.500000	162.388000	0.033946	0.008388	0.002354	0.027751	0.554194	0.176328	0.153559	0.309992	12.897733	3.912399	1.102283	5.295613	17.224611	13.866073	15.058684	17.950357	88.574200
9.000000	165.341000	0.026357	0.014754	0.007962	0.036181	0.310043	0.304644	0.051312	0.274115	11.167627	5.370789	1.317765	3.929069	17.718507	14.817221	14.629706	17.045691	87.021600
27.000000	165.341000	0.024207	0.009078	0.010924	0.089565	0.270979	0.151481	0.066091	0.098109	10.387312	7.550717	1.582560	3.010855	17.860218	16.756614	14.120881	16.683667	88.673100
45.000000	165.341000	0.016332	0.057227	0.006919	0.061602	0.194621	0.155751	0.071692	0.068441	9.350842	8.974262	1.729394	1.746845	17.976369	16.687059	13.992855	16.098614	87.188700
63.000000	165.341000	0.023282	0.055618	0.002306	0.007011	0.174790	0.307431	0.085200	0.099353	7.156483	10.268910	2.964666	1.464622	18.164450	16.973987	14.424660	16.335779	88.508500
81.000000	165.341000	0.024447	0.047263	0.008625	0.005813	0.354055	0.397807	0.265556	0.179502	5.294052	10.954280	3.922080	1.350563	16.950011	16.256498	14.450899	14.843347	85.304800
99.000000	165.341000	0.018687	0.023721	0.007503	0.145823	0.214154	0.362993	0.316287	0.096508	3.851451	11.249294	5.282765	1.427492	16.454531	17.549992	15.128013	14.913580	87.042800
117.000000	165.341000	0.075351	0.007561	0.013567	0.021268	0.144707	0.353004	0.133519	0.095549	2.855662	10.402976	7.274681	1.509702	16.883736	18.026245	16.380113	14.201859	88.379600
135.000000	165.341000	0.056028	0.013159	0.034241	0.017686	0.107673	0.256561	0.237974	0.048215	1.915247	8.732652	9.036466	1.947615	17.051007	18.022513	16.790091	14.451125	88.718100
153.000000	165.341000	0.002316	0.011856	0.049857	0.013131	0.080380	0.119101	0.339592	0.093774	1.461184	7.652143	10.392525	2.981178	16.627457	18.233439	16.567742	14.062975	88.688600
171.000000	165.341000	0.003211	0.030407	0.035157	0.147172	0.156536	0.346417	0.341427	0.291263	1.462959	5.404933	11.192124	3.958984	15.273908	17.518890	16.810109	14.456780	87.430300
189.000000	165.341000	0.142897	0.051382	0.022474	0.010345	0.176304	0.249067	0.359804	0.375700	1.385329	4.097098	11.012559	5.472610	14.805233	16.791222	17.319387	14.619979	86.891400
207.000000	165.341000	0.009883	0.079595	0.013605	0.006734	0.056873	0.106701	0.313183	0.135098	1.494830	2.902145	10.482755	6.875526	14.141238	16.346071	18.084377	16.718161	87.766800
225.000000	165.341000	0.015016	0.044596	0.013076	0.065408	0.082069	0.045897	0.217355	0.235991	1.768458	1.828399	8.875574	9.265069	14.249586	16.356702	18.653483	16.278891	87.995500
243.000000	165.341000	0.006662	0.011345	0.000792	0.074167	0.120677	0.078485	0.173269	0.314331	2.958751	1.498789	7.294597	10.359874	14.151983	16.252879	17.872998	16.689661	87.859300
261.000000	165.341000	0.134438	0.011573	0.028066	0.043321	0.352136	0.134823	0.300323	0.341575	4.087213	1.539051	5.630845	11.378157	14.478155	15.594200	17.095454	17.349584	88.498900
279.000000	165.341000	0.006689	0.018948	0.041296	0.025535	0.368698	0.149080	0.275986	0.366179	5.431816	1.402927	3.992630	11.210106	15.194627	14.413577	16.300945	17.328095	86.527200
297.000000	165.341000	0.005195	0.028365	0.063647	0.013214	0.196145	0.085705	0.117912	0.296649	7.569774	1.561343	3.077209	10.671310	17.007690	13.900907	16.484389	17.739769	88.819200
315.000000	165.341000	0.063132	0.005287	0.050567	0.004907	0.237326	0.045188	0.041178	0.201250	8.738703	1.824396	1.856855	8.969241	16.069548	14.347980	16.259099	18.385329	87.100100
333.000000	165.341000	0.088957	0.007652	0.010861	0.000000	0.303030	0.083265	0.091318	0.127784	10.432924	2.991289	1.591641	7.526074	16.299475	13.891859	16.112751	18.530320	88.089200
351.000000	165.341000	0.028507	0.011382	0.013870	0.041029	0.377090	0.232796	0.073065	0.301286	11.548708	3.965962	1.462145	5.382574	16.916308	14.440833	15.133441	17.379554	87.308500
11.250000	168.284000	0.012405	0.008221	0.005841	0.034644	0.260151	0.309504	0.074000	0.475889	10.261717	5.731977	1.599061	4.106836	17.294505	15.732518	14.480191	16.647023	87.034500
33.750000	168.284000	0.014253	0.003060	0.012073	0.042013	0.273535	0.214686	0.079184	0.165637	8.713403	7.696964	2.004729	3.083667	17.554403	16.348898	14.328980	16.395495	86.931200
56.250000	168.284000	0.006741	0.033306	0.005442	0.003502	0.203415	0.200344	0.159327	0.098586	7.551634	9.040560	2.949092	1.919047	17.341214	16.344261	14.169287	16.422072	86.447900
78.750000	168.284000	0.021307	0.009160	0.002888	0.002098	0.315264	0.235835	0.485773	0.064234	5.537189	10.144277	3.926253	1.717417	16.601784	16.132430	14.241330	15.440048	84.877300
101.250000	168.284000	0.027364	0.041513	0.003576	0.008901	0.513411	0.287927	0.290930	0.082436	3.990832	9.996006	5.569388	1.717960	16.377399	16.728679	16.012321	14.527579	86.176200
123.750000	168.284000	0.037578	0.000798	0.003527	0.019391	0.189967	0.247252	0.264748	0.070652	3.057179	9.253556	7.255443	1.788759	16.344375	17.321422	16.396965	14.099053	86.350700
146.250000	168.284000	0.005809	0.009188	0.040090	0.004003	0.111873	0.182286	0.270131	0.162707	1.788827	7.702415	8.949200	3.050902	16.483597	17.497176	16.294725	14.211924	86.764900
168.750000	168.284000	0.003300	0.040961	0.034907	0.011115	0.110938	0.350616	0.267230	0.514468	1.653313	5.301935	10.299808	4.151724	15.531996	16.658446	16.348333	14.790191	86.069300
191.250000	168.284000	0.014818	0.034511	0.017058	0.012517	0.199885	0.551215	0.264347	0.337010	1.505167	3.840559	10.019372	5.588275	14.493650	16.219515	16.842116	16.263623	86.203700
213.750000	168.284000	0.022855	0.035541	0.009532	0.012860	0.064370	0.185560	0.249505	0.234728	1.893815	2.927683	8.897288	7.717276	13.790524	16.408161	17.485414	16.563218	86.498300
236.250000	168.284000	0.038183	0.000000	0.011911	0.044440	0.139191	0.080604	0.208689	0.240612	3.008016	1.831985	7.440685	9.065475	14.002694	16.694976	17.414162	16.276969	86.498600
258.750000	168.284000	0.017618	0.001517	0.009374	0.036394	0.470457	0.192908	0.266700	0.280040	4.033175	1.760100	5.481217	9.729244	14.707404	15.552580	16.953969	16.371518	85.864300
281.250000	168.284000	0.001863	0.009474	0.029844	0.013354	0.289055	0.104050	0.526060	0.261213	5.486906	1.768639	4.052628	9.730985	15.516502	14.509596	16.753221	16.923659	85.977100
303.750000	168.284000	0.005091	0.001813	0.024637	0.019746	0.254783	0.064675	0.145795	0.262350	7.423845	1.755915	2.982218	8.978458	16.507461	13.892990	16.249825	17.321875	85.891300
326.250000	168.284000	0.061863	0.004038	0.005573	0.007157	0.302995	0.111100	0.069061	0.194648	8.976694	2.802405	1.863765	7.679275	16.007005	14.123369	16.415400	17.837825	86.462200
348.750000	168.284000	0.028532	0.007253	0.006736	0.029032	0.283389	0.484096	0.024094	0.282412	9.968750	3.991680	1.745001	5.754223	16.609249	14.572931	15.787596	16.560843	86.135700
15.000000	171.220000	0.015256	0.000000	0.002386	0.010584	0.266253	0.251351	0.074830	0.782758	8.647434	5.608655	1.106901	3.967828	16.601784	16.407370	14.368790	16.303773	84.415800
45.000000	171.220000	0.000000	0.007047	0.000000	0.003039	0.220229	0.223360	0.191421	0.206172	7.351847	7.696432	3.074268	2.827275	16.573057	15.852627	11.315275	15.970927	81.512900
75.000000	171.220000	0.009162	0.014186	0.000831	0.000000	0.219787	0.302867	0.753604	0.145630	5.751689	8.358470	3.834282	1.736858	16.030982	16.256724	13.274460	16.522955	83.212500
105.000000	171.220000	0.008247	0.000000	0.000000	0.002631	0.695169	0.286701	0.262978	0.090396	3.858802	8.658766	5.451597	1.812340	16.159687	16.919701	16.630624	12.995902	83.833600
135.000000	171.220000	0.009374	0.000000	0.009885	0.002497	0.260542	0.169619	0.218464	0.253172	2.955550	7.646013	7.456937	3.026677	15.868687	16.948880	15.533014	11.662032	82.021300
165.000000	171.220000	0.000000	0.002920	0.012445	0.002078	0.127504	0.255574	0.256788	0.754072	1.180318	5.968248	8.650815	3.973166	16.359303	16.471948	16.027815	14.135584	84.178500
195.000000	171.220000	0.000792	0.014493	0.005215	0.001689	0.119681	0.714981	0.246377	0.247210	1.553177	3.903000	8.679915	5.853590	14.531424	15.828651	16.271766	16.239533	84.211500
225.000000	171.220000	0.000000	0.003964	0.010462	0.007697	0.278001	0.265116	0.220182	0.228819	3.055833	2.898413	7.776200	7.568315	11.815505	16.220985	16.522390	16.004969	82.876900
255.000000	171.220000	0.003839	0.013137	0.009363	0.021854	0.685141	0.114534	0.210573	0.274606	3.744868	1.683103	5.710827	8.801110	13.691111	16.223134	16.504407	16.316439	84.008000
285.000000	171.220000	0.002039	0.000000	0.006245	0.018764	0.298804	0.127790	0.751156	0.219297	5.788457	1.624496	3.912908	8.770857	16.036637	14.167025	15.811799	16.640463	84.176800
315.000000	171.220000	0.006226	0.000000	0.008061	0.002971	0.196337	0.191583	0.224934	0.227936	7.985814	2.922955	3.017052	7.724152	16.207753	12.010711	16.697464	16.326053	83.750000
345.000000	171.220000	0.017880	0.002360	0.003054	0.011646	0.277996	0.779640	0.105218	0.256406	8.927417	3.700624	1.370672	5.904054	15.889836	14.086839	16.130960	16.016053	83.480500
22.500000	174.150000	0.011070	0.003390	0.003831	0.030200	0.253612	0.228740	0.342407	0.836060	7.234407	5.759346	2.397279	3.772124	15.788049	16.110489	11.620977	15.593748	79.985700
67.500000	174.150000	0.006289	0.011804	0.006003	0.000792	0.205808	0.186855	0.816075	0.435042	5.700332	7.520238	3.920463	2.715026	15.930891	15.513788	11.442962	15.757399	80.169900
112.500000	174.150000	0.015986	0.009764	0.003163	0.005378	0.933509	0.247708	0.261610	0.537394	4.018846	7.532283	6.089568	2.798650	15.590920	15.910986	15.606301	11.430408	80.992500
157.500000	174.150000	0.007748	0.006500	0.017212	0.000000	0.533574	0.213373	0.215272	0.852455	2.265577	6.319099	7.541941	3.904222	15.748352	15.644981	15.988457	11.599828	80.858600
202.500000	174.150000	0.009216	0.038255	0.003104	0.000000	0.498536	0.923226	0.159710	0.281690	2.659145	3.768279	7.652245	6.003512	11.086887	15.824918	16.413590	15.623492	80.945800
247.500000	174.150000	0.007797	0.000000	0.000000	0.022898	1.025327	0.421903	0.254134	0.239693	3.988445	2.843120	5.860794	7.480507	12.007997	15.911099	16.070792	15.838038	81.972600
292.500000	174.150000	0.010013	0.000000	0.024727	0.003088	0.235197	0.390000	0.848223	0.215334	6.085406	3.004951	3.829306	7.557854	16.385881	11.994312	15.775495	15.871967	82.231800
337.500000	174.150000	0.016692	0.003108	0.002322	0.016994	0.183018	0.873755	0.429237	0.253358	7.213382	4.047912	2.536423	6.026222	15.975677	11.187566	15.834871	16.085721	80.686300
45.000000	177.076000	0.009258	0.004042	0.002350	0.000794	0.239121	0.183131	0.797486	0.828147	6.084094	6.149294	4.193762	4.173337	15.453846	15.598611	14.335540	15.525663	83.578400
135.000000	177.076000	0.006154	0.000000	0.005818	0.002316	0.851432	0.217271	0.268662	0.770090	4.510254	5.775361	6.172264	4.382906	15.970701	16.022160	15.531996	13.900680	84.388000
225.000000	177.076000	0.000000	0.009545	0.007381	0.000000	0.814096	0.884706	0.224918	0.225349	4.405107	4.265353	5.930191	5.877013	13.363242	15.942992	15.629034	15.882485	83.461500
315.000000	177.076000	0.005126	0.003266	0.011788	0.002175	0.245034	0.813010	0.883722	0.200948	6.046726	4.320624	4.236061	6.029977	15.755024	13.785095	15.802525	15.687958	83.829000
