# phi	theta	PMT0	PMT1	PMT2	PMT3	PMT4	PMT5	PMT6	PMT7	PMT8	PMT9	PMT10	PMT11	PMT12	PMT13	PMT14	PMT15	PMT16	PMT17	PMT18	PMT19	PMT20	PMT21	PMT22	PMT23 	total
45.000000	2.924180	1.694684	1.740444	1.547013	1.522810	0.761163	0.804293	0.758574	0.739729	0.707727	0.728257	0.743439	0.741790	0.024574	0.026275	0.021681	0.021379	0.012609	0.009006	0.014374	0.019633	0.000000	0.000626	0.001485	0.000000	12.641600
135.000000	2.924180	1.418546	1.704648	1.700011	1.546708	0.667854	0.775770	0.810828	0.785376	0.750522	0.729517	0.691726	0.710949	0.013254	0.020819	0.022652	0.022283	0.015260	0.010171	0.012297	0.006101	0.000621	0.000000	0.000000	0.000000	12.415900
225.000000	2.924180	1.486438	1.570639	1.710914	1.722099	0.711512	0.713750	0.698261	0.759762	0.846785	0.789988	0.741879	0.708956	0.014737	0.008318	0.019265	0.022142	0.018203	0.031773	0.018972	0.012105	0.000000	0.000633	0.000742	0.000000	12.607900
315.000000	2.924180	1.738657	1.497567	1.513751	1.709263	0.774181	0.693001	0.665288	0.691890	0.734411	0.733703	0.790112	0.819262	0.023095	0.016725	0.010816	0.010046	0.015618	0.017004	0.034772	0.027173	0.000464	0.000758	0.002224	0.000000	12.519800
22.500000	5.850270	1.799288	1.716614	1.231019	1.421317	0.831783	0.778553	0.764133	0.666253	0.668108	0.710872	0.737819	0.895007	0.033379	0.031852	0.026354	0.015902	0.015233	0.014433	0.021662	0.034058	0.000000	0.000000	0.001498	0.000000	12.415100
67.500000	5.850270	1.686021	1.853496	1.431349	1.237669	0.829663	0.832506	0.801549	0.775574	0.649349	0.659036	0.681580	0.749548	0.024206	0.027861	0.025384	0.021337	0.008411	0.015129	0.015668	0.017679	0.000000	0.000000	0.000000	0.000725	12.343700
112.500000	5.850270	1.354974	1.811740	1.672698	1.231901	0.752343	0.805477	0.833766	0.810429	0.719053	0.627329	0.655554	0.665985	0.020929	0.032957	0.038850	0.024710	0.023115	0.016048	0.008597	0.009802	0.000736	0.000000	0.000000	0.000758	12.117700
157.500000	5.850270	0.977995	1.699039	1.833964	1.450982	0.640527	0.752310	0.770767	0.883653	0.842439	0.753341	0.720088	0.674095	0.016608	0.026794	0.019442	0.040669	0.023747	0.019313	0.015170	0.016185	0.000738	0.000000	0.000000	0.000000	12.177900
202.500000	5.850270	1.220580	1.547285	1.791711	1.743260	0.607550	0.688538	0.702515	0.824886	0.897648	0.809757	0.763305	0.627120	0.010884	0.011840	0.015584	0.033151	0.026111	0.027308	0.021606	0.014819	0.000758	0.001396	0.000000	0.000000	12.387600
247.500000	5.850270	1.523003	1.206206	1.693395	1.846450	0.678176	0.637228	0.647948	0.775433	0.814059	0.837968	0.794573	0.751859	0.014174	0.014072	0.018507	0.026118	0.035197	0.030361	0.021866	0.018267	0.000758	0.000000	0.000000	0.000000	12.385600
292.500000	5.850270	1.721930	0.939558	1.493609	1.820471	0.754118	0.653943	0.613001	0.653022	0.730651	0.838113	0.813313	0.808554	0.025773	0.011666	0.012331	0.011439	0.015341	0.031879	0.034784	0.026084	0.000000	0.001155	0.000169	0.000000	12.010900
337.500000	5.850270	1.801403	1.367799	1.308649	1.629178	0.862080	0.711674	0.685239	0.679012	0.649052	0.775088	0.806059	0.845941	0.038615	0.021383	0.015445	0.010932	0.011121	0.027179	0.021346	0.033336	0.000000	0.000000	0.000000	0.000000	12.300500
15.000000	8.780180	1.855317	1.611411	1.132059	1.452645	0.871951	0.818761	0.719200	0.473267	0.402837	0.621370	0.727866	0.844073	0.028471	0.033438	0.018094	0.008724	0.010937	0.021119	0.018057	0.031357	0.000735	0.000000	0.000000	0.001476	11.703200
45.000000	8.780180	1.788917	1.778195	1.356580	1.326202	0.818936	0.881172	0.772218	0.634399	0.609944	0.560688	0.626391	0.815172	0.029533	0.021326	0.034194	0.008073	0.016501	0.009491	0.013403	0.024109	0.001472	0.000000	0.000000	0.001548	12.128500
75.000000	8.780180	1.545656	1.842028	1.457904	1.136334	0.837329	0.880632	0.817466	0.728406	0.681734	0.407106	0.470177	0.702408	0.026442	0.017818	0.030649	0.024720	0.013995	0.013281	0.014636	0.022490	0.000000	0.000000	0.000676	0.000821	11.672700
105.000000	8.780180	1.238427	1.886294	1.667507	1.143742	0.696858	0.842228	0.881801	0.847231	0.728263	0.469292	0.433778	0.656119	0.022275	0.024511	0.027143	0.022405	0.018137	0.013744	0.008881	0.012572	0.000000	0.000000	0.000576	0.001512	11.643300
135.000000	8.780180	0.845559	1.866524	1.815472	1.334017	0.559049	0.765808	0.881947	0.890107	0.780793	0.643246	0.591686	0.603086	0.012624	0.024668	0.018265	0.025676	0.030627	0.009452	0.011086	0.010334	0.000000	0.000000	0.000000	0.000758	11.720800
165.000000	8.780180	1.160707	1.654897	1.885061	1.421317	0.424252	0.711258	0.841004	0.855933	0.797497	0.746130	0.658997	0.457286	0.011823	0.017380	0.028040	0.021895	0.028254	0.019781	0.011180	0.011056	0.001433	0.000000	0.000000	0.000000	11.765200
195.000000	8.780180	1.183089	1.417030	1.807216	1.590409	0.215118	0.657711	0.741345	0.901583	0.864233	0.808900	0.765317	0.485879	0.005268	0.011246	0.019113	0.034113	0.021864	0.029877	0.016446	0.013585	0.000000	0.001917	0.000000	0.000000	11.591300
225.000000	8.780180	1.409295	1.413638	1.824611	1.828965	0.606660	0.609267	0.618714	0.813149	0.865234	0.896039	0.864272	0.657451	0.006634	0.003746	0.015435	0.026407	0.021093	0.019694	0.033222	0.013870	0.000000	0.000747	0.000000	0.000000	12.548100
255.000000	8.780180	1.451208	1.226518	1.640748	1.889709	0.647230	0.185813	0.461488	0.720255	0.842749	0.876537	0.874248	0.693725	0.012561	0.005245	0.013123	0.014161	0.026704	0.023871	0.027985	0.021738	0.000000	0.002227	0.000000	0.000000	11.657800
285.000000	8.780180	1.630864	1.128960	1.439593	1.912046	0.768915	0.423381	0.421303	0.619618	0.738129	0.859649	0.878182	0.825621	0.021867	0.011123	0.008689	0.010891	0.019754	0.027451	0.026096	0.028569	0.000684	0.000606	0.002035	0.000000	11.804000
315.000000	8.780180	1.799118	0.880964	1.427379	1.843226	0.818839	0.542577	0.619305	0.576471	0.649470	0.810599	0.870462	0.900697	0.023998	0.015194	0.013604	0.009566	0.017464	0.031611	0.021414	0.027846	0.000000	0.000743	0.000000	0.000000	11.900600
345.000000	8.780180	1.865902	1.216158	1.172050	1.576543	0.894761	0.695759	0.635688	0.435477	0.476246	0.735844	0.791897	0.875008	0.035807	0.031313	0.014356	0.007888	0.013019	0.014619	0.029686	0.018906	0.000000	0.000000	0.000000	0.000000	11.536900
11.250000	11.715900	1.917735	1.482389	1.025201	1.366657	0.875914	0.837667	0.707066	0.567196	0.440628	0.611992	0.708581	0.914852	0.013303	0.029246	0.012805	0.006233	0.012537	0.008200	0.019816	0.015705	0.002166	0.001479	0.001475	0.000845	11.579700
33.750000	11.715900	1.853269	1.802568	1.209372	1.363287	0.927647	0.888143	0.788148	0.448596	0.409283	0.564787	0.610270	0.830576	0.012258	0.015161	0.018573	0.013329	0.011366	0.011524	0.013744	0.025062	0.000000	0.000000	0.000735	0.000000	11.817700
56.250000	11.715900	1.849526	1.852252	1.323793	1.250902	0.874423	0.951225	0.797894	0.609586	0.574573	0.411818	0.411756	0.779675	0.015090	0.006374	0.029306	0.018361	0.009645	0.012570	0.007797	0.015583	0.000626	0.000795	0.001507	0.001315	11.806400
78.750000	11.715900	1.490883	1.933467	1.379482	1.005747	0.823942	0.917101	0.934167	0.755452	0.611291	0.448852	0.542788	0.703303	0.030657	0.017361	0.025822	0.018872	0.018329	0.014868	0.006738	0.016120	0.000563	0.000755	0.001504	0.000000	11.698100
101.250000	11.715900	1.150845	1.969816	1.670674	1.194195	0.718325	0.846798	0.919917	0.855500	0.673792	0.584375	0.356210	0.653354	0.026060	0.018918	0.020370	0.032210	0.011981	0.009379	0.015112	0.010169	0.000747	0.001332	0.000958	0.001194	11.742200
123.750000	11.715900	0.933793	1.881974	1.802477	1.282399	0.544368	0.846448	0.955286	0.824892	0.813455	0.446647	0.466114	0.567206	0.012915	0.028349	0.007403	0.015669	0.019486	0.011972	0.010062	0.008157	0.000848	0.000000	0.000000	0.000893	11.480800
146.250000	11.715900	1.069429	1.737051	1.931748	1.376994	0.326626	0.747641	0.861249	0.933754	0.817714	0.631926	0.553999	0.224246	0.011145	0.032167	0.021639	0.010619	0.027020	0.007705	0.010597	0.002913	0.000000	0.000000	0.000000	0.001342	11.337500
168.750000	11.715900	1.097607	1.582164	1.955091	1.287568	0.344612	0.695315	0.836048	0.885257	0.899713	0.751740	0.634951	0.451258	0.006097	0.018060	0.017490	0.013462	0.028059	0.024705	0.018557	0.021839	0.000000	0.000735	0.003875	0.000850	11.575100
191.250000	11.715900	1.144692	1.333666	1.922598	1.604139	0.329732	0.660261	0.741913	0.875326	0.919093	0.869826	0.738079	0.550711	0.008256	0.011202	0.024068	0.027214	0.016122	0.030299	0.011993	0.009058	0.000000	0.003222	0.003203	0.000760	11.835400
213.750000	11.715900	1.279086	1.399218	1.914647	1.753619	0.444867	0.548058	0.673037	0.826494	0.926139	0.872073	0.743356	0.470049	0.012046	0.011688	0.015296	0.027894	0.012353	0.015484	0.030101	0.009562	0.000759	0.000583	0.001178	0.000000	11.987600
236.250000	11.715900	1.364056	1.263976	1.791224	1.852693	0.560309	0.434508	0.436166	0.784900	0.903080	0.905350	0.842662	0.601179	0.005399	0.007433	0.015466	0.028037	0.017856	0.011836	0.034614	0.013118	0.001620	0.002208	0.000000	0.000612	11.878300
258.750000	11.715900	1.352282	1.176902	1.561060	1.861910	0.620402	0.323031	0.587058	0.735823	0.851073	0.944966	0.905792	0.727412	0.014867	0.008426	0.005072	0.016888	0.031864	0.011869	0.015066	0.019574	0.000000	0.000736	0.000000	0.001470	11.773500
281.250000	11.715900	1.578839	1.124255	1.379222	1.955283	0.698352	0.327840	0.462728	0.658526	0.716778	0.895991	0.943182	0.852432	0.012999	0.002743	0.017475	0.017455	0.028388	0.017259	0.013949	0.018946	0.000000	0.000735	0.001331	0.001752	11.726500
303.750000	11.715900	1.789912	1.070240	1.378396	1.897988	0.762506	0.362812	0.243344	0.561009	0.636832	0.867501	0.883590	0.886915	0.022498	0.007220	0.003712	0.003262	0.017888	0.028936	0.012062	0.025604	0.000764	0.000760	0.000000	0.002607	11.466400
326.250000	11.715900	1.856436	0.939779	1.283802	1.758720	0.864006	0.535457	0.514733	0.444328	0.455123	0.749549	0.918475	0.940643	0.032883	0.014643	0.005872	0.013724	0.011754	0.027575	0.022585	0.008425	0.000611	0.000000	0.000000	0.000000	11.399100
348.750000	11.715900	1.918674	1.108658	1.198436	1.614295	0.947222	0.691428	0.634950	0.385568	0.563416	0.718023	0.826688	0.900447	0.029947	0.027191	0.007505	0.015266	0.005125	0.014100	0.025164	0.021950	0.002573	0.001394	0.000000	0.000620	11.658600
9.000000	14.659300	1.927088	1.457338	0.956788	1.334028	0.981258	0.847447	0.686965	0.475808	0.367402	0.618691	0.724468	0.928226	0.003641	0.023283	0.011384	0.013464	0.012234	0.014392	0.025619	0.009479	0.000596	0.000583	0.000609	0.001230	11.422000
27.000000	14.659300	1.937018	1.744979	0.986775	1.333779	0.992792	0.967430	0.795377	0.565875	0.279326	0.500094	0.621973	0.883737	0.003072	0.009774	0.022209	0.006655	0.012157	0.012545	0.018030	0.020875	0.002996	0.000604	0.000000	0.000000	11.718100
45.000000	14.659300	1.903756	1.886712	1.319360	1.324426	1.012119	0.974671	0.840897	0.457645	0.474154	0.406507	0.437742	0.863730	0.001460	0.005823	0.032932	0.013332	0.009574	0.010832	0.015043	0.023311	0.001346	0.000000	0.000000	0.000735	12.016100
63.000000	14.659300	1.734472	1.919250	1.370627	1.040612	0.912001	1.000345	0.906066	0.625805	0.513884	0.304035	0.573530	0.729787	0.015371	0.001467	0.015262	0.011608	0.011007	0.014603	0.007895	0.017341	0.000000	0.000000	0.001143	0.000788	11.726900
81.000000	14.659300	1.456343	1.914014	1.337625	0.957165	0.825036	1.005548	0.961577	0.749190	0.589837	0.372479	0.494830	0.694243	0.026703	0.005445	0.007869	0.029043	0.013988	0.012981	0.012239	0.013229	0.000879	0.003689	0.000000	0.002225	11.486200
99.000000	14.659300	1.024869	1.912578	1.533453	1.144093	0.721434	0.917684	0.956654	0.865320	0.746022	0.492072	0.265648	0.663534	0.035747	0.005422	0.004869	0.018717	0.012314	0.014470	0.012049	0.010871	0.000000	0.005007	0.000735	0.001563	11.365100
117.000000	14.659300	1.069086	1.909999	1.795997	1.085999	0.559692	0.915144	0.988917	0.838581	0.762615	0.577045	0.365894	0.523545	0.020925	0.013933	0.003842	0.008666	0.017053	0.007278	0.019689	0.014202	0.000000	0.000000	0.000660	0.000882	11.499600
135.000000	14.659300	1.056130	1.852534	1.938025	1.263365	0.336676	0.840604	0.913476	0.893152	0.846601	0.464447	0.446560	0.294306	0.015972	0.024236	0.002046	0.005075	0.028085	0.011127	0.013125	0.010032	0.001139	0.001230	0.000543	0.000735	11.259200
153.000000	14.659300	0.965213	1.754694	1.928694	1.357688	0.457277	0.783612	0.911471	1.007469	0.897600	0.676651	0.502817	0.332206	0.004111	0.021467	0.009448	0.003323	0.021419	0.014980	0.004551	0.017350	0.001528	0.000761	0.000676	0.000743	11.675800
171.000000	14.659300	0.991291	1.600701	1.933354	1.329923	0.319846	0.716944	0.821184	0.940659	0.882805	0.714078	0.631308	0.354623	0.014782	0.011454	0.023654	0.005064	0.009061	0.020846	0.012920	0.027485	0.002837	0.002350	0.001360	0.001805	11.370300
189.000000	14.659300	1.041222	1.293506	1.921829	1.560494	0.231569	0.618486	0.780957	0.914042	0.988559	0.863094	0.664914	0.485267	0.012754	0.005065	0.029925	0.011583	0.003314	0.022813	0.013253	0.019184	0.000758	0.001400	0.002958	0.001277	11.488200
207.000000	14.659300	1.141401	1.392715	1.913200	1.717259	0.344160	0.545556	0.632604	0.874040	1.017368	0.926457	0.781503	0.585025	0.012550	0.007730	0.016163	0.014920	0.001364	0.014331	0.021205	0.003736	0.000758	0.000000	0.001172	0.002844	11.968100
225.000000	14.659300	1.277446	1.296910	1.784744	1.893939	0.455771	0.426022	0.462329	0.868175	0.920238	0.915090	0.789079	0.467490	0.011072	0.010616	0.008804	0.024172	0.001341	0.005041	0.023854	0.011751	0.000577	0.002201	0.000735	0.000736	11.658100
243.000000	14.659300	1.393642	1.198074	1.777687	1.916333	0.511588	0.336134	0.553582	0.760250	0.927167	0.990468	0.905566	0.625049	0.010083	0.020320	0.008018	0.017279	0.008714	0.002902	0.018377	0.021203	0.000000	0.000000	0.000000	0.002077	12.004500
261.000000	14.659300	1.369609	1.127117	1.583521	1.976014	0.593717	0.270184	0.457438	0.697571	0.855368	0.894388	0.934550	0.713343	0.016272	0.007935	0.012028	0.013764	0.024910	0.007554	0.011818	0.028106	0.000758	0.002296	0.000181	0.003467	11.601900
279.000000	14.659300	1.535172	1.028938	1.370796	1.903971	0.685637	0.307583	0.354412	0.627663	0.754919	0.970088	0.974928	0.837265	0.012647	0.017165	0.016785	0.012649	0.018684	0.009856	0.001771	0.015693	0.002234	0.001327	0.000749	0.002657	11.463600
297.000000	14.659300	1.703676	0.942120	1.361081	1.924125	0.797311	0.470440	0.349464	0.536434	0.620913	0.883246	0.957600	0.898894	0.021985	0.003963	0.019203	0.006850	0.015261	0.017243	0.003426	0.006469	0.000732	0.000000	0.000000	0.000555	11.541000
315.000000	14.659300	1.882516	1.012150	1.295971	1.844222	0.809474	0.308648	0.254041	0.452621	0.459082	0.852728	0.978015	0.960351	0.030379	0.015752	0.010456	0.008673	0.015414	0.022317	0.001399	0.005744	0.001542	0.000000	0.000000	0.000000	11.221500
333.000000	14.659300	1.971807	1.034886	1.181279	1.779326	0.853184	0.562905	0.495690	0.351881	0.584150	0.757797	0.926321	0.961967	0.014788	0.014762	0.012372	0.017851	0.006115	0.020259	0.009733	0.004257	0.000623	0.000000	0.001516	0.000758	11.564200
351.000000	14.659300	1.952399	1.040724	1.117830	1.506049	0.938175	0.711986	0.608312	0.258614	0.426854	0.701840	0.813270	0.976310	0.008732	0.026987	0.013832	0.010696	0.017603	0.016291	0.025785	0.006645	0.002595	0.000000	0.003490	0.000618	11.185600
7.500000	17.612400	1.885265	1.364440	0.994648	1.292827	1.033358	0.859683	0.619468	0.390047	0.294552	0.571339	0.730830	1.013832	0.002487	0.015948	0.013764	0.018319	0.038523	0.011751	0.017240	0.005345	0.002115	0.001905	0.000758	0.001101	11.179500
22.500000	17.612400	1.925799	1.666874	0.924414	1.353289	1.010147	0.929471	0.714957	0.457396	0.262171	0.450442	0.596999	0.931475	0.002029	0.008027	0.023027	0.014057	0.036577	0.014032	0.026591	0.014578	0.002560	0.000600	0.000143	0.000619	11.366300
37.500000	17.612400	1.997819	1.755350	1.124263	1.296209	1.010380	0.990998	0.810080	0.573320	0.318856	0.374707	0.455812	0.868333	0.002826	0.002081	0.026215	0.011947	0.042499	0.020375	0.009542	0.017477	0.002314	0.001239	0.000742	0.001421	11.714800
52.500000	17.612400	1.914670	1.939291	1.323522	1.074187	0.966352	1.041111	0.856873	0.460860	0.383955	0.337026	0.574292	0.815133	0.002859	0.002197	0.028209	0.014473	0.015520	0.032697	0.012662	0.026032	0.000000	0.000000	0.000758	0.000736	11.823400
67.500000	17.612400	1.581463	1.913211	1.338552	0.886024	0.928902	1.051555	0.904644	0.630557	0.449329	0.237870	0.487897	0.728023	0.005169	0.002601	0.003624	0.013920	0.011308	0.038734	0.014266	0.020891	0.001229	0.002012	0.000000	0.002156	11.253900
82.500000	17.612400	1.359645	1.954288	1.236606	1.027727	0.822711	0.969149	0.994849	0.753511	0.597149	0.267592	0.386093	0.660208	0.014953	0.004439	0.002237	0.028256	0.011810	0.039975	0.020504	0.020215	0.001054	0.004564	0.002759	0.001508	11.181800
97.500000	17.612400	0.934410	1.933829	1.524405	1.071345	0.698146	0.995850	1.000561	0.815182	0.687340	0.400352	0.182342	0.558245	0.023449	0.006931	0.001839	0.018132	0.009620	0.023895	0.027669	0.015069	0.001973	0.005370	0.000589	0.001962	10.938500
112.500000	17.612400	1.086678	1.935864	1.683533	1.047254	0.558106	0.943922	1.082300	0.905264	0.766155	0.506607	0.284629	0.433448	0.026112	0.012548	0.002923	0.005132	0.026533	0.017905	0.037968	0.010603	0.000621	0.005427	0.000573	0.002091	11.382200
127.500000	17.612400	1.027179	1.907635	1.830073	1.149714	0.321878	0.901037	1.028608	0.968180	0.782508	0.540501	0.309169	0.185174	0.007065	0.020627	0.000000	0.003706	0.020825	0.008007	0.034233	0.013240	0.000735	0.000758	0.000000	0.001367	11.062200
142.500000	17.612400	0.860663	1.863505	1.884643	1.229266	0.434660	0.786370	0.989273	0.960677	0.896352	0.452333	0.382660	0.330438	0.005835	0.023276	0.001444	0.001505	0.017923	0.013889	0.013819	0.042970	0.000602	0.001467	0.000000	0.000735	11.194300
157.500000	17.612400	0.823638	1.635252	1.960293	1.318432	0.400794	0.779987	0.916052	1.043843	0.951693	0.604253	0.467613	0.298897	0.008353	0.021511	0.005721	0.000623	0.013051	0.031261	0.011103	0.037720	0.000671	0.000000	0.002785	0.000642	11.334200
172.500000	17.612400	1.036540	1.459849	1.856900	1.309871	0.268387	0.662519	0.874280	1.042340	0.977166	0.721854	0.569420	0.280115	0.009704	0.018754	0.017855	0.002868	0.009251	0.027939	0.009580	0.027743	0.001472	0.003351	0.003500	0.001071	11.192300
187.500000	17.612400	1.036129	1.234808	1.841745	1.459736	0.176678	0.563437	0.720224	0.966582	1.018438	0.887380	0.707978	0.360508	0.030252	0.009590	0.022939	0.004409	0.002230	0.014249	0.012507	0.012539	0.002791	0.000584	0.001447	0.000735	11.087900
202.500000	17.612400	1.018589	1.387659	1.965892	1.685049	0.268244	0.453462	0.590589	0.881831	1.037422	0.931675	0.746678	0.526356	0.034815	0.014946	0.018364	0.011670	0.005018	0.003045	0.024651	0.010709	0.001519	0.001516	0.005529	0.000519	11.625800
217.500000	17.612400	1.130375	1.229391	2.038636	1.853880	0.318815	0.361182	0.456022	0.862596	0.991836	0.913868	0.793541	0.547585	0.040599	0.014144	0.010809	0.018375	0.000000	0.002854	0.026035	0.005568	0.001195	0.000000	0.002512	0.000825	11.620600
232.500000	17.612400	1.260673	1.127761	1.786904	1.951314	0.367509	0.348477	0.574675	0.825510	0.972352	0.999405	0.872414	0.472599	0.016154	0.042207	0.006732	0.020117	0.002242	0.000764	0.025253	0.010357	0.000579	0.000000	0.000758	0.001135	11.685900
247.500000	17.612400	1.363230	0.993094	1.674101	1.911368	0.469244	0.241266	0.477898	0.749581	0.890589	1.000650	0.866655	0.595414	0.014670	0.030329	0.013621	0.022133	0.007209	0.004110	0.012140	0.012477	0.001585	0.000000	0.000000	0.002860	11.354200
262.500000	17.612400	1.276812	1.042229	1.489300	1.930854	0.590187	0.177464	0.365982	0.703727	0.860346	0.968648	0.956091	0.766198	0.015015	0.024041	0.021412	0.018673	0.015650	0.002115	0.005533	0.021977	0.000601	0.003372	0.000902	0.002230	11.259400
277.500000	17.612400	1.521815	1.016779	1.241899	1.940750	0.665210	0.244535	0.273316	0.559556	0.761703	1.004421	1.033445	0.836432	0.017791	0.012758	0.038927	0.017194	0.024809	0.002200	0.002229	0.016546	0.001401	0.000740	0.002974	0.001925	11.239400
292.500000	17.612400	1.674248	0.890604	1.402497	1.940705	0.739085	0.370454	0.282888	0.481692	0.625832	0.949957	1.011440	0.870826	0.026584	0.008098	0.032541	0.014448	0.018907	0.005486	0.003596	0.005065	0.000578	0.000000	0.002577	0.002741	11.360800
307.500000	17.612400	1.839562	0.905319	1.280398	1.944924	0.833629	0.457711	0.305019	0.376775	0.461623	0.865547	0.995694	0.940724	0.016077	0.007354	0.034463	0.020574	0.008812	0.015968	0.000587	0.000751	0.000783	0.000000	0.001340	0.000000	11.313600
322.500000	17.612400	1.911865	0.980710	1.137940	1.860474	0.885131	0.323550	0.182478	0.322193	0.591528	0.845746	0.979354	1.021796	0.015019	0.006570	0.012705	0.036713	0.010857	0.015830	0.003839	0.001499	0.000000	0.000601	0.002081	0.001550	11.150000
337.500000	17.612400	1.920020	1.090126	1.043755	1.657385	0.945245	0.524475	0.478416	0.270551	0.492344	0.750045	0.920742	1.022666	0.005544	0.027690	0.010998	0.047015	0.012433	0.018516	0.003413	0.002110	0.002167	0.000600	0.001923	0.000000	11.248200
352.500000	17.612400	1.831657	0.998858	1.052570	1.488169	0.987129	0.743489	0.600309	0.193979	0.389065	0.710208	0.804839	1.014395	0.004949	0.025673	0.012444	0.019782	0.017360	0.020593	0.016035	0.003565	0.002074	0.002023	0.001334	0.001516	10.942000
6.428570	20.577500	1.818854	1.336799	0.993165	1.219970	1.058144	0.835839	0.653139	0.286274	0.219027	0.523727	0.775859	1.021496	0.004979	0.007104	0.015456	0.041413	0.046432	0.010511	0.018940	0.005697	0.002188	0.001269	0.000847	0.002239	10.899400
19.285700	20.577500	1.868696	1.596652	0.891536	1.292013	1.136685	0.928548	0.744308	0.383825	0.214397	0.427604	0.595442	0.943793	0.009114	0.002316	0.018065	0.018875	0.052246	0.008584	0.029802	0.007182	0.003044	0.000676	0.002073	0.000615	11.176100
32.142900	20.577500	1.845104	1.882765	0.883719	1.220445	1.082319	1.026526	0.760412	0.481246	0.160254	0.295471	0.448381	0.869342	0.004687	0.002726	0.030123	0.009811	0.066937	0.019073	0.012610	0.010600	0.003505	0.001705	0.000000	0.000737	11.118500
45.000000	20.577500	1.881035	1.879531	1.130290	1.131358	1.055421	1.018344	0.834171	0.556658	0.249811	0.249537	0.562124	0.841860	0.001372	0.002238	0.015065	0.004696	0.058050	0.052296	0.005537	0.019244	0.002100	0.000736	0.000518	0.000536	11.552500
57.857100	20.577500	1.728433	1.889110	1.157551	0.876323	1.028921	1.095630	0.916729	0.487909	0.301557	0.151823	0.486549	0.833715	0.002223	0.007485	0.009576	0.008894	0.025503	0.055760	0.003626	0.018361	0.003479	0.007530	0.001925	0.002250	11.100900
70.714300	20.577500	1.614453	1.844391	1.300619	0.856746	0.945665	1.134117	0.979629	0.587839	0.415930	0.196978	0.397743	0.726195	0.000879	0.006025	0.009222	0.020378	0.015089	0.038976	0.010883	0.023185	0.002004	0.002451	0.000938	0.000000	11.130300
83.571400	20.577500	1.329708	1.879768	1.199397	0.964133	0.774461	1.052174	1.050640	0.767458	0.543944	0.201700	0.271747	0.626956	0.012840	0.003944	0.011838	0.023758	0.011259	0.046715	0.038643	0.013362	0.000758	0.002827	0.003552	0.001354	10.832900
96.428600	20.577500	0.941160	1.824475	1.444230	1.079592	0.670809	1.047472	1.088040	0.871170	0.647789	0.257247	0.163694	0.521674	0.020034	0.003349	0.011348	0.011400	0.012373	0.040195	0.042872	0.009512	0.000000	0.005580	0.001437	0.000744	10.716200
109.286000	20.577500	1.044536	1.922745	1.598880	0.937042	0.591880	0.969838	1.108408	0.945223	0.727495	0.404574	0.205111	0.422179	0.017426	0.009237	0.010415	0.000758	0.021387	0.019331	0.058696	0.009688	0.000601	0.006271	0.000000	0.002340	11.034100
122.143000	20.577500	0.943924	2.014411	1.782052	0.989801	0.260727	0.888721	1.098270	0.927426	0.751409	0.478584	0.155646	0.176166	0.012262	0.009760	0.002012	0.000742	0.026213	0.009668	0.055574	0.020516	0.000582	0.002616	0.000000	0.000855	10.607900
135.000000	20.577500	0.866123	1.938828	1.908371	1.093457	0.389440	0.837791	1.003128	1.052351	0.836385	0.556751	0.252980	0.245226	0.007971	0.019088	0.004802	0.000741	0.015809	0.013474	0.056547	0.033595	0.000750	0.001585	0.002304	0.002206	11.139700
147.857000	20.577500	0.718351	1.837594	1.912940	1.231540	0.308691	0.780770	0.985155	1.063620	0.897752	0.496429	0.300839	0.197312	0.004580	0.021538	0.001397	0.008669	0.014738	0.013917	0.016831	0.059656	0.000739	0.000736	0.002151	0.001661	10.877600
160.714000	20.577500	0.915539	1.576814	1.848248	1.320932	0.238242	0.705134	0.946523	1.095628	1.022446	0.640555	0.411379	0.205664	0.008092	0.017939	0.002252	0.011002	0.009785	0.021664	0.013527	0.054564	0.000740	0.001516	0.003901	0.001286	11.073400
173.571000	20.577500	0.997084	1.509578	1.868436	1.287070	0.167956	0.633000	0.857902	1.038730	1.007583	0.756092	0.561347	0.192462	0.017887	0.014364	0.014009	0.006392	0.004881	0.014355	0.013286	0.049531	0.001584	0.002283	0.003438	0.001919	11.021200
186.429000	20.577500	1.008419	1.281054	1.828874	1.490804	0.133232	0.538355	0.750987	1.055673	1.104545	0.866363	0.615892	0.283267	0.014644	0.010628	0.021742	0.006527	0.005787	0.012300	0.017734	0.040278	0.000000	0.000689	0.003730	0.002796	11.094300
199.286000	20.577500	0.927178	1.311499	1.918538	1.642761	0.179592	0.432047	0.615017	0.931262	1.118775	0.907876	0.751235	0.396939	0.038880	0.012544	0.017988	0.005210	0.004793	0.001394	0.021636	0.011059	0.000470	0.002015	0.003425	0.002428	11.254600
212.143000	20.577500	1.016489	1.197938	1.939959	1.762882	0.179212	0.287429	0.460301	0.884984	1.046365	0.955223	0.808946	0.480086	0.056893	0.018180	0.008515	0.009456	0.005461	0.002213	0.022178	0.003748	0.002114	0.001250	0.002035	0.000610	11.152500
225.000000	20.577500	1.162731	1.104942	1.874453	1.901947	0.260278	0.222462	0.542330	0.846143	1.043951	1.054809	0.850797	0.537432	0.054879	0.058024	0.015470	0.016553	0.002056	0.003911	0.014095	0.011031	0.002217	0.001504	0.002689	0.000758	11.585500
237.857000	20.577500	1.221564	0.961094	1.828422	1.930198	0.306409	0.186588	0.527155	0.794378	1.003234	1.071585	0.949385	0.489304	0.023056	0.060018	0.012697	0.016295	0.001182	0.006705	0.012674	0.009119	0.002170	0.001319	0.000000	0.003612	11.418200
250.714000	20.577500	1.355449	0.966125	1.678636	1.830514	0.401525	0.163116	0.384584	0.703640	0.927967	1.096129	0.975142	0.606042	0.009311	0.029988	0.013141	0.019731	0.001161	0.004993	0.005231	0.022041	0.000673	0.000737	0.000861	0.000807	11.197500
263.571000	20.577500	1.208830	0.964246	1.411828	1.862804	0.542172	0.140076	0.269897	0.626117	0.851908	1.126835	1.054863	0.713686	0.005822	0.017513	0.033120	0.007973	0.011857	0.004290	0.005852	0.017149	0.000577	0.000758	0.004362	0.005113	10.887600
276.429000	20.577500	1.481835	1.023577	1.257111	1.899368	0.604301	0.170040	0.212888	0.551493	0.720606	1.044965	1.086847	0.817063	0.011611	0.017822	0.046156	0.013732	0.013609	0.006712	0.007545	0.007136	0.000000	0.002556	0.002061	0.002307	11.001300
289.286000	20.577500	1.642038	0.863454	1.319552	1.890976	0.730377	0.262718	0.245171	0.393869	0.659486	0.953888	1.060380	0.923919	0.017370	0.004230	0.058775	0.017899	0.023047	0.006929	0.006140	0.001475	0.000958	0.001301	0.001153	0.004817	11.089900
302.143000	20.577500	1.806685	0.814286	1.220241	1.874385	0.816020	0.321328	0.186094	0.318135	0.499454	0.913765	1.055367	0.977840	0.025338	0.009511	0.056031	0.017188	0.011170	0.007985	0.004497	0.000000	0.000548	0.000724	0.001280	0.001968	10.939800
315.000000	20.577500	1.855599	0.867697	1.109492	1.986826	0.823096	0.371205	0.217038	0.262917	0.633371	0.812235	1.047181	1.049548	0.020852	0.006698	0.038413	0.045750	0.005876	0.020218	0.003604	0.002290	0.002473	0.000585	0.002685	0.001937	11.187600
327.857000	20.577500	1.909117	0.953377	1.020190	1.765970	0.893017	0.279278	0.151064	0.210708	0.493112	0.777680	0.986606	1.063673	0.008310	0.011252	0.021229	0.050909	0.009941	0.025314	0.002672	0.007186	0.005171	0.001447	0.003426	0.000000	10.650600
340.714000	20.577500	1.925279	1.047478	0.958813	1.602386	0.948642	0.513613	0.380943	0.209344	0.360075	0.699679	0.916885	1.109116	0.006928	0.025634	0.008851	0.060679	0.013028	0.029967	0.002115	0.008541	0.002045	0.000000	0.001494	0.000000	10.831500
353.571000	20.577500	1.864466	0.969082	1.061327	1.488825	1.007089	0.731027	0.536159	0.166180	0.273959	0.672175	0.830952	1.015007	0.006876	0.021164	0.010235	0.030586	0.039897	0.013677	0.013431	0.009473	0.007067	0.000530	0.000505	0.000000	10.769700
5.625000	23.556500	1.851652	1.235453	0.974631	1.216679	1.125441	0.844631	0.648086	0.186658	0.142220	0.484482	0.735187	1.074662	0.028484	0.006615	0.010908	0.036058	0.036598	0.007542	0.017098	0.013332	0.003785	0.001549	0.000564	0.000758	10.683100
16.875000	23.556500	1.832233	1.536077	0.804049	1.247147	1.128357	0.942408	0.717984	0.272773	0.133467	0.375344	0.656613	1.027053	0.026127	0.005021	0.021094	0.027763	0.038389	0.014268	0.027455	0.010506	0.002569	0.000834	0.001472	0.001472	10.850500
28.125000	23.556500	1.943397	1.668785	0.782792	1.156488	1.152360	1.019146	0.745945	0.377460	0.080601	0.224296	0.463115	0.969846	0.035652	0.006767	0.028853	0.007243	0.025276	0.031448	0.014901	0.009698	0.004769	0.000000	0.000000	0.000757	10.749600
39.375000	23.556500	2.017871	1.913878	1.005631	1.090740	1.131324	1.086177	0.829218	0.480566	0.147645	0.182354	0.560092	0.915749	0.018396	0.013681	0.016746	0.003004	0.047725	0.062552	0.002839	0.008053	0.004725	0.000000	0.000000	0.001943	11.540900
50.625000	23.556500	1.936011	1.903700	1.091791	1.005900	1.098387	1.086748	0.866054	0.537711	0.198325	0.150951	0.472146	0.827322	0.012629	0.028350	0.011779	0.006285	0.076357	0.045023	0.004275	0.016793	0.003372	0.003111	0.001062	0.001586	11.385700
61.875000	23.556500	1.733556	1.899549	1.118699	0.760015	1.081716	1.145925	0.939832	0.448884	0.243072	0.077223	0.372898	0.784505	0.002482	0.036593	0.009069	0.011397	0.032638	0.020714	0.003759	0.017445	0.002754	0.004582	0.001990	0.001358	10.750700
73.125000	23.556500	1.470639	1.801765	1.246570	0.800450	0.911237	1.192136	1.016260	0.621064	0.368885	0.123761	0.274561	0.711861	0.007778	0.027229	0.010612	0.026357	0.016706	0.027761	0.024705	0.016112	0.002744	0.006012	0.002068	0.001703	10.709000
84.375000	23.556500	1.201229	1.829904	1.252938	0.922831	0.792076	1.183111	1.081947	0.736905	0.529011	0.156008	0.171352	0.617854	0.009697	0.020170	0.023704	0.017867	0.005291	0.028405	0.048787	0.007446	0.000000	0.005227	0.001615	0.000745	10.644100
95.625000	23.556500	0.951956	1.840546	1.401061	1.004925	0.656479	1.094214	1.093530	0.827146	0.617888	0.198917	0.118143	0.516175	0.015437	0.011466	0.035155	0.005373	0.011350	0.057792	0.021618	0.007542	0.000000	0.001304	0.001390	0.001847	10.491300
106.875000	23.556500	1.007085	1.895477	1.526746	0.892673	0.552200	1.029584	1.215050	0.932577	0.686599	0.293675	0.118782	0.362660	0.021511	0.004355	0.031087	0.002954	0.019467	0.029618	0.029256	0.011065	0.001519	0.003158	0.000619	0.000758	10.668500
118.125000	23.556500	0.838472	1.923605	1.713730	0.857366	0.286910	0.948645	1.149171	1.027330	0.771647	0.359151	0.120204	0.175926	0.008350	0.010282	0.044579	0.001585	0.022303	0.006503	0.033733	0.026384	0.000833	0.002699	0.002672	0.000000	10.332100
129.375000	23.556500	0.800320	1.933716	1.902399	0.992205	0.319714	0.905430	1.112263	1.048237	0.856684	0.502695	0.155512	0.144616	0.008280	0.011836	0.022244	0.006657	0.025951	0.006000	0.038086	0.062679	0.001370	0.003306	0.002884	0.002680	10.865800
140.625000	23.556500	0.743284	1.863855	1.897626	1.093018	0.269763	0.827720	1.079804	1.157121	0.857355	0.570374	0.194204	0.147412	0.008385	0.018880	0.017050	0.025435	0.010031	0.005552	0.059563	0.026258	0.000585	0.002122	0.008606	0.002594	10.886600
151.875000	23.556500	0.836892	1.751832	1.834778	1.143177	0.180485	0.781387	0.991168	1.182003	0.956085	0.431602	0.235599	0.118833	0.007422	0.026522	0.001405	0.034698	0.010844	0.010955	0.030947	0.031744	0.001404	0.001503	0.005591	0.001369	10.608200
163.125000	23.556500	0.876167	1.570651	1.835061	1.347849	0.139651	0.735942	0.920593	1.206828	1.020776	0.635781	0.352528	0.131645	0.004930	0.014671	0.007374	0.033629	0.011495	0.024573	0.007866	0.034896	0.000000	0.001300	0.005702	0.004057	10.924000
174.375000	23.556500	0.964125	1.358785	1.780028	1.237036	0.114388	0.623624	0.857234	1.129889	1.072132	0.730527	0.503611	0.148559	0.006146	0.011177	0.009959	0.020366	0.013528	0.011349	0.005389	0.016262	0.001479	0.002608	0.002824	0.000685	10.621700
185.625000	23.556500	1.031890	1.139851	1.837809	1.327197	0.067091	0.527572	0.716655	1.084576	1.132070	0.818975	0.624027	0.181656	0.009712	0.013024	0.024905	0.016454	0.025143	0.006534	0.012456	0.047748	0.001640	0.000000	0.006918	0.001493	10.655400
196.875000	23.556500	0.883515	1.279979	1.835185	1.553166	0.090103	0.346442	0.611526	1.039452	1.225398	0.930109	0.672459	0.258004	0.021384	0.012257	0.018850	0.009679	0.035357	0.003974	0.021854	0.027187	0.002607	0.000521	0.001386	0.001580	10.882000
208.125000	23.556500	0.895078	1.198628	1.854253	1.777325	0.109598	0.229451	0.468860	0.915767	1.213625	1.001114	0.777656	0.382874	0.027731	0.029138	0.012885	0.007456	0.023015	0.006580	0.019054	0.007394	0.000758	0.000000	0.007266	0.002983	10.968500
219.375000	23.556500	1.042548	1.083928	1.971275	1.884168	0.139513	0.177705	0.542197	0.903253	1.144726	1.077363	0.871352	0.499769	0.042105	0.058792	0.007973	0.008457	0.028328	0.009303	0.018758	0.006812	0.000000	0.000597	0.005050	0.002869	11.526800
230.625000	23.556500	1.091494	1.043263	1.886712	1.920970	0.195529	0.148184	0.474950	0.846699	1.029522	1.109310	0.947379	0.530925	0.069637	0.047978	0.010137	0.018923	0.009898	0.027362	0.008695	0.012239	0.001503	0.000739	0.002688	0.006973	11.441700
241.875000	23.556500	1.222096	0.926413	1.718186	1.872123	0.225990	0.099013	0.358141	0.790132	0.961955	1.149125	1.002891	0.456711	0.038443	0.029593	0.008307	0.018217	0.002231	0.025614	0.005101	0.014454	0.000000	0.000799	0.002254	0.003541	10.931300
253.125000	23.556500	1.277050	0.882026	1.558843	1.822835	0.403482	0.101313	0.270574	0.698453	0.936980	1.129037	1.012977	0.625495	0.011081	0.017831	0.030469	0.013838	0.005657	0.035229	0.011708	0.012383	0.002255	0.001113	0.001869	0.009143	10.871600
264.375000	23.556500	1.238699	0.978497	1.376055	1.823276	0.503967	0.071270	0.195139	0.603629	0.848160	1.150890	1.059954	0.744948	0.011092	0.007211	0.045260	0.010516	0.002652	0.034116	0.015682	0.011360	0.001230	0.002053	0.001323	0.007103	10.744100
275.625000	23.556500	1.363026	1.025131	1.188970	1.814296	0.584333	0.104616	0.129042	0.546141	0.750693	1.086626	1.162245	0.869145	0.010309	0.007807	0.032603	0.015394	0.019124	0.014722	0.023130	0.006067	0.002637	0.003712	0.001494	0.004890	10.766200
286.875000	23.556500	1.568592	0.863374	1.228226	1.761502	0.665453	0.147641	0.130350	0.369730	0.648085	0.974035	1.155843	0.908934	0.021473	0.003796	0.028111	0.013582	0.024325	0.011498	0.036004	0.002687	0.002233	0.000834	0.000000	0.005755	10.572100
298.125000	23.556500	1.718978	0.802254	1.147927	1.892661	0.788828	0.193715	0.102649	0.242345	0.451961	0.972406	1.163342	0.950508	0.022081	0.004227	0.028218	0.040344	0.013855	0.010173	0.038073	0.006273	0.005585	0.000864	0.002744	0.004676	10.604700
309.375000	23.556500	1.934338	0.784304	1.135837	1.964014	0.874128	0.280174	0.147267	0.208451	0.542549	0.876422	1.122439	1.034276	0.025150	0.006278	0.039771	0.071582	0.007558	0.007590	0.011177	0.008637	0.000000	0.001339	0.000531	0.007682	11.091500
320.625000	23.556500	1.963947	0.814014	0.994938	1.821161	0.881250	0.321325	0.149676	0.137175	0.481141	0.790611	1.037399	1.192249	0.015330	0.005768	0.066924	0.031546	0.008814	0.020452	0.020118	0.031741	0.006511	0.002871	0.002997	0.001488	10.799400
331.875000	23.556500	1.913109	0.878295	0.908639	1.742423	0.930033	0.298410	0.162601	0.103123	0.387721	0.756062	1.007565	1.158524	0.009243	0.011618	0.029050	0.033727	0.010111	0.022226	0.006549	0.026840	0.002715	0.002557	0.000639	0.002095	10.403900
343.125000	23.556500	1.808834	0.957139	0.888307	1.562609	1.016146	0.556832	0.377745	0.129775	0.279494	0.717039	0.918537	1.181098	0.011517	0.019429	0.014701	0.025112	0.023644	0.023052	0.005072	0.035990	0.003897	0.003689	0.002202	0.000000	10.561900
354.375000	23.556500	1.758347	0.999992	1.012322	1.397012	1.093630	0.722890	0.512628	0.117133	0.177725	0.603412	0.831658	1.107624	0.018266	0.022114	0.011626	0.024964	0.046716	0.004263	0.005511	0.026340	0.004745	0.000878	0.001539	0.000616	10.501900
5.000000	26.551700	1.756368	1.221587	0.966166	1.194907	1.238009	0.834061	0.589384	0.078185	0.064063	0.483001	0.750245	1.175726	0.069057	0.005024	0.009805	0.035329	0.027168	0.007017	0.011783	0.062727	0.005036	0.000390	0.003570	0.002050	10.590700
15.000000	26.551700	1.765302	1.440385	0.753955	1.211295	1.268669	0.923327	0.705010	0.163572	0.062182	0.301477	0.672266	1.091295	0.069325	0.004144	0.008178	0.040268	0.031148	0.013977	0.009237	0.031125	0.009437	0.002063	0.004805	0.001698	10.584200
25.000000	26.551700	1.848723	1.578409	0.755289	1.113066	1.255279	1.012072	0.695026	0.278611	0.056112	0.164257	0.470105	1.056466	0.079739	0.012909	0.016783	0.016321	0.035106	0.045702	0.008428	0.017644	0.007724	0.001921	0.000735	0.003914	10.530300
35.000000	26.551700	1.976500	1.826612	0.814823	1.026119	1.258807	1.146762	0.795325	0.385714	0.057465	0.167973	0.574730	0.902286	0.078955	0.035765	0.015267	0.004859	0.035259	0.039862	0.009233	0.012903	0.007349	0.004340	0.001358	0.002174	11.180400
45.000000	26.551700	1.862543	1.909694	0.994457	1.022762	1.153695	1.128544	0.882972	0.459835	0.078649	0.091151	0.498491	0.874864	0.064142	0.052206	0.011192	0.005124	0.022167	0.026225	0.001836	0.015912	0.004796	0.003917	0.000735	0.002536	11.168500
55.000000	26.551700	1.870811	1.810700	1.027825	0.866910	1.091420	1.251151	0.921090	0.559891	0.135017	0.059088	0.386408	0.793310	0.031151	0.053209	0.012397	0.005858	0.037063	0.036679	0.002240	0.020500	0.005668	0.003660	0.001222	0.000763	10.984000
65.000000	26.551700	1.573715	1.906493	1.143199	0.723734	1.094800	1.255686	0.990687	0.420714	0.170286	0.057332	0.279395	0.786811	0.012384	0.090327	0.018280	0.010606	0.042414	0.036223	0.013833	0.019231	0.004724	0.005586	0.002655	0.001861	10.661000
75.000000	26.551700	1.460765	1.740805	1.228622	0.805483	0.936342	1.279233	1.060052	0.620024	0.325389	0.057537	0.173600	0.671413	0.007472	0.092897	0.023919	0.018210	0.013176	0.047735	0.041703	0.016685	0.003453	0.003607	0.003067	0.001357	10.632500
85.000000	26.551700	1.165276	1.715279	1.200947	0.960890	0.853254	1.262268	1.110793	0.711443	0.470627	0.084541	0.094756	0.560802	0.005838	0.064243	0.052643	0.015971	0.005954	0.027236	0.027349	0.006589	0.002695	0.006292	0.003303	0.003167	10.412200
95.000000	26.551700	0.984472	1.792966	1.321542	0.942844	0.710758	1.177230	1.219461	0.841446	0.570147	0.110487	0.070433	0.459948	0.010805	0.041716	0.081881	0.006254	0.008846	0.028029	0.014719	0.008227	0.000969	0.004304	0.000745	0.006085	10.414300
105.000000	26.551700	0.904903	1.799198	1.505710	0.870889	0.562175	1.069686	1.217063	0.922709	0.631744	0.187999	0.046670	0.316309	0.015437	0.034801	0.086294	0.003669	0.014859	0.042113	0.046943	0.010533	0.000900	0.003243	0.000540	0.002770	10.297200
115.000000	26.551700	0.813246	1.811276	1.616885	0.841384	0.340952	0.983301	1.339039	1.021296	0.799582	0.229586	0.049672	0.172838	0.017684	0.019673	0.074220	0.011185	0.017627	0.017343	0.044823	0.030484	0.001269	0.004095	0.000735	0.000735	10.258900
125.000000	26.551700	0.746461	1.852557	1.836927	0.893980	0.315130	0.935152	1.221225	1.084428	0.821354	0.389646	0.069157	0.101346	0.005249	0.013598	0.069182	0.032436	0.016048	0.006813	0.041946	0.039447	0.001585	0.005685	0.001905	0.003392	10.504600
135.000000	26.551700	0.718493	2.005985	1.915654	0.992737	0.172836	0.870855	1.143007	1.158252	0.882109	0.486839	0.076796	0.070176	0.005529	0.018512	0.050775	0.044849	0.014708	0.003717	0.024350	0.025515	0.002661	0.006960	0.002777	0.001929	10.696000
145.000000	26.551700	0.802864	1.831091	1.914874	1.053445	0.103771	0.773717	1.116685	1.234932	0.934876	0.499640	0.143681	0.066403	0.009056	0.017837	0.037430	0.064227	0.009999	0.007941	0.040732	0.029777	0.000000	0.001346	0.003099	0.000894	10.698300
155.000000	26.551700	0.816475	1.685614	1.833964	1.125815	0.064317	0.790078	1.024383	1.269823	0.981007	0.467972	0.162496	0.058988	0.009947	0.019444	0.013881	0.089813	0.014904	0.007759	0.031375	0.043232	0.000000	0.002613	0.004420	0.002498	10.520800
165.000000	26.551700	0.928719	1.453617	1.705610	1.169178	0.053086	0.653488	0.971478	1.231607	1.050393	0.596745	0.343125	0.054280	0.024922	0.013247	0.006135	0.072056	0.028162	0.021111	0.014539	0.047356	0.002220	0.003338	0.006319	0.001913	10.452600
175.000000	26.551700	0.911127	1.380738	1.735320	1.203672	0.019251	0.626381	0.813415	1.233847	1.106359	0.737569	0.497689	0.080145	0.013266	0.010940	0.002239	0.062923	0.057214	0.014782	0.007349	0.024907	0.003010	0.000759	0.003277	0.000300	10.546500
185.000000	26.551700	0.880519	1.231472	1.709387	1.292013	0.015130	0.509527	0.700825	1.108298	1.253039	0.818483	0.602605	0.107286	0.004079	0.009659	0.015272	0.043522	0.071799	0.007502	0.009393	0.026967	0.002965	0.002119	0.008413	0.001912	10.432200
195.000000	26.551700	0.856854	1.201410	1.763301	1.434459	0.039283	0.354389	0.589326	1.012985	1.203978	0.966071	0.684783	0.172382	0.019912	0.012857	0.019839	0.023711	0.069398	0.009090	0.014719	0.037007	0.002428	0.001557	0.006101	0.001234	10.497100
205.000000	26.551700	0.869495	1.101722	1.766026	1.594491	0.054964	0.179880	0.454189	0.976701	1.251693	1.035886	0.735499	0.265723	0.034882	0.036033	0.009602	0.019755	0.075364	0.017422	0.019319	0.017049	0.001989	0.001773	0.009328	0.002048	10.530800
215.000000	26.551700	0.908890	1.106189	1.903462	1.728817	0.058926	0.156158	0.545354	0.900202	1.206862	1.091006	0.806733	0.379321	0.043489	0.040242	0.004571	0.013937	0.071860	0.029586	0.016892	0.002167	0.000000	0.001337	0.008445	0.004576	11.029000
225.000000	26.551700	0.963692	1.031442	1.852297	1.925165	0.087675	0.121422	0.473233	0.891983	1.168024	1.198900	0.834562	0.488153	0.026136	0.024070	0.007318	0.014761	0.045871	0.051756	0.009428	0.010902	0.001806	0.001277	0.006721	0.007786	11.244400
235.000000	26.551700	1.076542	0.906649	1.795307	1.937233	0.140703	0.070679	0.370631	0.816176	1.076216	1.283519	0.906860	0.551991	0.048903	0.030547	0.004526	0.015556	0.030622	0.069532	0.011966	0.011165	0.001324	0.001652	0.002856	0.007500	11.168700
245.000000	26.551700	1.090060	0.839466	1.608436	1.867780	0.159842	0.058651	0.265163	0.835641	1.054305	1.239027	1.004105	0.438287	0.044748	0.032027	0.016475	0.017918	0.013050	0.084073	0.017740	0.007710	0.002430	0.001183	0.003707	0.006457	10.708300
255.000000	26.551700	1.177965	0.887720	1.450077	1.790636	0.323920	0.052962	0.180086	0.701460	0.910751	1.233507	1.056111	0.562945	0.010776	0.026866	0.034110	0.015011	0.003726	0.076872	0.034468	0.015914	0.000758	0.003927	0.002089	0.002893	10.555500
265.000000	26.551700	1.226552	0.889963	1.306048	1.772914	0.470966	0.016997	0.118276	0.579988	0.832091	1.225263	1.162120	0.714822	0.009085	0.002967	0.023919	0.004162	0.002856	0.065765	0.041368	0.013164	0.000769	0.003018	0.002156	0.005028	10.490300
275.000000	26.551700	1.348482	0.945245	1.197248	1.749616	0.587143	0.015726	0.069626	0.473819	0.726091	1.083823	1.294976	0.832889	0.006609	0.011316	0.029319	0.008077	0.011891	0.048316	0.061699	0.004874	0.000629	0.003363	0.001471	0.003983	10.516200
285.000000	26.551700	1.514633	0.843496	1.197904	1.840354	0.635009	0.049633	0.059029	0.322606	0.616997	1.076687	1.243992	0.963620	0.015734	0.019479	0.055736	0.011586	0.017634	0.024864	0.081987	0.002852	0.000762	0.001411	0.000623	0.004795	10.601400
295.000000	26.551700	1.630456	0.847895	1.141706	1.893826	0.748453	0.065710	0.053504	0.177010	0.435458	1.010259	1.278656	0.969171	0.022416	0.005978	0.057943	0.044272	0.013921	0.019518	0.083643	0.008838	0.003927	0.000745	0.000849	0.004344	10.518500
305.000000	26.551700	1.792287	0.770032	1.048728	1.907986	0.795036	0.124641	0.068129	0.142420	0.566635	0.916271	1.273193	1.094150	0.009963	0.006672	0.029980	0.041949	0.018446	0.012994	0.067848	0.032134	0.003622	0.002889	0.001493	0.008940	10.736400
315.000000	26.551700	1.920834	0.666567	0.973629	1.915202	0.906948	0.177012	0.056891	0.092031	0.467587	0.853047	1.176065	1.168476	0.013009	0.005219	0.027242	0.024101	0.005251	0.011952	0.052375	0.065077	0.004673	0.000577	0.003094	0.006015	10.592900
325.000000	26.551700	1.922281	0.758262	0.923459	1.826104	0.925245	0.326298	0.114051	0.057007	0.359125	0.866391	1.153977	1.228576	0.016163	0.007342	0.036489	0.036794	0.005217	0.014810	0.038301	0.078896	0.008686	0.000607	0.002357	0.005327	10.711800
335.000000	26.551700	1.823932	0.823731	0.854272	1.711694	0.973303	0.326513	0.170327	0.060705	0.271522	0.726601	1.005904	1.272763	0.016500	0.009263	0.041979	0.036754	0.009777	0.016024	0.013944	0.075529	0.003293	0.002033	0.000742	0.000620	10.247700
345.000000	26.551700	1.796087	0.920501	0.895491	1.499524	1.066521	0.574993	0.333828	0.066410	0.192828	0.712811	0.948964	1.269597	0.032873	0.013675	0.009933	0.043660	0.032264	0.008677	0.006642	0.081224	0.001893	0.000267	0.000631	0.001339	10.510600
355.000000	26.551700	1.696483	0.973350	0.921049	1.357700	1.162414	0.690683	0.432121	0.074172	0.084145	0.595928	0.832034	1.214145	0.038387	0.018848	0.008305	0.016965	0.031256	0.004919	0.004940	0.055315	0.001942	0.000975	0.004444	0.000893	10.221400
4.500000	29.565600	1.720866	1.086513	0.895562	1.111505	1.278543	0.847700	0.552919	0.034439	0.028667	0.436332	0.673172	1.234537	0.120984	0.006203	0.003442	0.015615	0.024748	0.005063	0.005863	0.108690	0.005546	0.001483	0.000529	0.002219	10.201100
13.500000	29.565600	1.761389	1.347261	0.749160	1.154351	1.384899	0.934543	0.642333	0.101811	0.013993	0.263628	0.612381	1.182862	0.129776	0.009248	0.008191	0.035336	0.011438	0.019184	0.012186	0.088681	0.005445	0.005050	0.000735	0.002718	10.476600
22.500000	29.565600	1.783240	1.528431	0.652774	1.094096	1.385069	1.031134	0.729243	0.156694	0.018966	0.146937	0.452238	1.037844	0.140381	0.033632	0.014678	0.036986	0.010959	0.045667	0.005858	0.042095	0.002166	0.002586	0.000620	0.002137	10.354400
31.500000	29.565600	1.947593	1.749141	0.741211	1.015605	1.364960	1.101714	0.805471	0.252118	0.008197	0.118942	0.537943	0.970147	0.121516	0.066416	0.010675	0.010262	0.009143	0.014709	0.005104	0.021991	0.005660	0.003011	0.001362	0.001896	10.884800
40.500000	29.565600	1.955498	1.849730	0.922148	0.974974	1.326372	1.209576	0.855676	0.360138	0.031821	0.057205	0.487064	0.933117	0.123671	0.096831	0.020337	0.002900	0.044155	0.027578	0.002670	0.012099	0.005273	0.006923	0.003434	0.004111	11.313300
49.500000	29.565600	1.835355	1.942616	0.978307	0.904169	1.218669	1.338315	0.950570	0.435265	0.065230	0.028371	0.363347	0.816193	0.095445	0.130624	0.011393	0.002854	0.025381	0.038816	0.005343	0.019147	0.009051	0.009162	0.002026	0.000562	11.226200
58.500000	29.565600	1.749480	1.954899	0.998337	0.725804	1.096852	1.419688	0.982422	0.516701	0.107054	0.011362	0.250723	0.793114	0.056448	0.147934	0.021618	0.012693	0.030305	0.013661	0.007888	0.017370	0.004200	0.005042	0.001278	0.000735	10.925600
67.500000	29.565600	1.465719	1.827687	1.035162	0.701591	1.002096	1.379030	1.075780	0.461031	0.137593	0.017667	0.166893	0.723392	0.034419	0.161687	0.040004	0.004985	0.037885	0.010379	0.027963	0.014008	0.003087	0.009691	0.001537	0.000169	10.339500
76.500000	29.565600	1.361929	1.723253	1.135384	0.740337	0.965133	1.435782	1.164654	0.643585	0.277124	0.020691	0.114124	0.594392	0.006106	0.134834	0.071765	0.011888	0.016604	0.013503	0.026656	0.007679	0.002671	0.004207	0.001508	0.000903	10.474700
85.500000	29.565600	1.118355	1.679688	1.173826	0.877704	0.799054	1.335736	1.221406	0.738075	0.429735	0.027589	0.031546	0.556197	0.004158	0.142666	0.113915	0.015039	0.008188	0.030095	0.025821	0.003616	0.002501	0.011370	0.000741	0.000000	10.347000
94.500000	29.565600	0.930292	1.649909	1.315526	0.900232	0.693265	1.217674	1.308491	0.799346	0.557598	0.049682	0.026653	0.442312	0.011113	0.112451	0.123966	0.003561	0.007534	0.017253	0.014745	0.008142	0.002360	0.006849	0.000000	0.002573	10.201500
103.500000	29.565600	0.876864	1.767892	1.403244	0.861622	0.586107	1.107576	1.380025	0.964663	0.626603	0.086930	0.021423	0.289010	0.009969	0.080465	0.165953	0.013273	0.006967	0.042397	0.012232	0.012090	0.001481	0.004449	0.001503	0.000736	10.323500
112.500000	29.565600	0.750445	1.838069	1.619418	0.787545	0.370235	1.070932	1.419191	1.030195	0.720032	0.143919	0.013080	0.141323	0.005021	0.047073	0.148245	0.039456	0.015059	0.033044	0.009497	0.038349	0.002715	0.007998	0.003143	0.002938	10.256900
121.500000	29.565600	0.679556	1.904989	1.743837	0.838812	0.278618	0.986116	1.365300	1.135113	0.765985	0.252676	0.016007	0.102035	0.010097	0.023571	0.148452	0.062302	0.013181	0.010475	0.012030	0.018994	0.002475	0.004247	0.003404	0.002135	10.380400
130.500000	29.565600	0.631660	2.005736	1.893577	0.912620	0.172309	0.901482	1.319507	1.247079	0.874227	0.354072	0.026389	0.027583	0.002034	0.012074	0.121210	0.085004	0.012650	0.003597	0.042509	0.024176	0.003725	0.003211	0.004337	0.000754	10.681500
139.500000	29.565600	0.824682	1.890241	1.835819	0.980865	0.062534	0.833145	1.199386	1.246480	0.926249	0.502738	0.057561	0.031551	0.003754	0.015231	0.104196	0.136291	0.012339	0.002987	0.020420	0.028406	0.000000	0.002343	0.004234	0.002661	10.724100
148.500000	29.565600	0.810745	1.723931	1.880933	0.997175	0.016050	0.771048	1.094937	1.391063	0.973847	0.544267	0.095070	0.022072	0.003718	0.008646	0.066071	0.144460	0.017213	0.005994	0.021829	0.007338	0.002667	0.007207	0.005815	0.004332	10.616400
157.500000	29.565600	0.800049	1.501175	1.806741	1.095875	0.005579	0.750696	0.996526	1.415017	1.091552	0.483850	0.140704	0.010912	0.025524	0.018826	0.033720	0.159336	0.047555	0.006997	0.032291	0.008520	0.000976	0.001336	0.006774	0.001456	10.442000
166.500000	29.565600	0.890505	1.441550	1.785060	1.143550	0.002308	0.633731	0.917444	1.375162	1.051895	0.632336	0.280912	0.012374	0.032806	0.018992	0.011255	0.156968	0.083378	0.013787	0.009247	0.013873	0.001722	0.000758	0.007643	0.001502	10.518800
175.500000	29.565600	0.876819	1.265107	1.742638	1.142159	0.002324	0.527353	0.842807	1.285985	1.269054	0.703643	0.434351	0.027542	0.014359	0.007113	0.005330	0.129933	0.118307	0.009814	0.004105	0.016017	0.003570	0.002908	0.002780	0.002059	10.436100
184.500000	29.565600	0.826555	1.210130	1.632311	1.286143	0.013951	0.431835	0.758848	1.222141	1.317199	0.840482	0.551136	0.043532	0.000735	0.006045	0.008592	0.111787	0.116904	0.004780	0.004800	0.016066	0.000743	0.004381	0.004833	0.001740	10.415700
193.500000	29.565600	0.870569	1.136221	1.761955	1.432095	0.015276	0.270259	0.590828	1.161170	1.339367	0.902973	0.686814	0.104926	0.007335	0.013781	0.008906	0.072306	0.140600	0.013045	0.006466	0.030258	0.000797	0.001944	0.004141	0.002274	10.574300
202.500000	29.565600	0.808879	1.089009	1.838759	1.527244	0.012931	0.133582	0.465224	1.043828	1.420389	1.046515	0.720195	0.155356	0.006591	0.039568	0.008235	0.040369	0.144819	0.030989	0.011846	0.025999	0.000000	0.001947	0.003263	0.001861	10.577400
211.500000	29.565600	0.790587	1.011729	1.875459	1.759987	0.011701	0.119753	0.540194	0.973138	1.360482	1.087252	0.792608	0.248347	0.007173	0.020717	0.007732	0.024042	0.146343	0.068447	0.013571	0.013892	0.004030	0.003038	0.003839	0.001570	10.885600
220.500000	29.565600	0.900859	0.998404	1.912917	1.844527	0.028772	0.052229	0.452482	0.869366	1.291334	1.259045	0.868158	0.377903	0.035775	0.025711	0.004036	0.013837	0.138587	0.098681	0.019232	0.007036	0.000547	0.002049	0.006304	0.007050	11.214800
229.500000	29.565600	0.985468	0.906170	1.822801	1.889234	0.052689	0.033137	0.399522	0.869031	1.242962	1.318398	0.882371	0.499043	0.026942	0.041266	0.002127	0.020740	0.093981	0.113615	0.010220	0.004191	0.003130	0.001323	0.006955	0.005401	11.230700
238.500000	29.565600	1.002193	0.803279	1.714770	1.893894	0.105686	0.005108	0.244895	0.828276	1.150019	1.388598	0.944377	0.518630	0.021128	0.016014	0.010014	0.014946	0.061872	0.141086	0.016666	0.012921	0.001185	0.000738	0.003672	0.003125	10.903100
247.500000	29.565600	1.015845	0.820569	1.486076	1.801086	0.127941	0.012053	0.147435	0.714876	1.044171	1.407689	1.071679	0.471316	0.033892	0.005029	0.042711	0.013665	0.028390	0.143531	0.039936	0.008126	0.004588	0.003441	0.003634	0.005132	10.452800
256.500000	29.565600	1.186007	0.877833	1.425897	1.716727	0.279562	0.012375	0.109713	0.579917	0.913822	1.392601	1.127092	0.587419	0.009917	0.006314	0.034405	0.008642	0.012362	0.129570	0.071100	0.008400	0.000623	0.003240	0.000618	0.003615	10.497800
265.500000	29.565600	1.215253	0.904557	1.259022	1.616930	0.417463	0.016901	0.047994	0.570161	0.805321	1.296751	1.224335	0.707178	0.004213	0.006225	0.023337	0.004861	0.003215	0.125547	0.099660	0.008832	0.002069	0.001557	0.001272	0.003248	10.365900
274.500000	29.565600	1.270264	0.925644	1.154871	1.680909	0.535386	0.005036	0.031492	0.395348	0.717915	1.236663	1.309995	0.851537	0.005798	0.010639	0.022905	0.008638	0.010345	0.099031	0.135329	0.005731	0.000640	0.002827	0.001565	0.008083	10.426600
283.500000	29.565600	1.394501	0.884375	1.209757	1.755825	0.661478	0.002009	0.016871	0.266294	0.636486	1.104051	1.345315	0.881638	0.010816	0.024752	0.009288	0.011439	0.015168	0.071617	0.152398	0.013751	0.003877	0.001643	0.001281	0.003523	10.478200
292.500000	29.565600	1.558108	0.816092	1.058443	1.846597	0.720050	0.011214	0.013578	0.136032	0.431170	1.102926	1.378781	1.039928	0.015071	0.024902	0.008103	0.038453	0.007719	0.039538	0.151851	0.038695	0.002756	0.001686	0.001278	0.011370	10.454300
301.500000	29.565600	1.732798	0.810428	1.042721	1.857997	0.749254	0.017763	0.023149	0.100766	0.571100	0.980941	1.341334	1.153649	0.015947	0.008011	0.011077	0.021997	0.010038	0.020627	0.147673	0.060641	0.001963	0.001113	0.001119	0.005579	10.687700
310.500000	29.565600	1.841790	0.848801	0.998233	1.918142	0.864211	0.053265	0.030311	0.066061	0.486096	0.907717	1.294342	1.224086	0.015016	0.005269	0.032161	0.020287	0.001339	0.012882	0.128188	0.095316	0.005077	0.003240	0.004307	0.003429	10.859600
319.500000	29.565600	1.924600	0.608192	0.944446	1.865213	0.909343	0.164272	0.048091	0.030312	0.389951	0.845019	1.254555	1.307586	0.017979	0.003342	0.022134	0.032038	0.001620	0.016668	0.102610	0.120608	0.009061	0.000736	0.003752	0.005669	10.627800
328.500000	29.565600	1.974657	0.645285	0.846120	1.692909	0.926613	0.258587	0.106266	0.010278	0.277694	0.831298	1.170139	1.355630	0.026751	0.005786	0.019806	0.011260	0.008178	0.013062	0.066249	0.156587	0.008394	0.003858	0.000751	0.001953	10.418100
337.500000	29.565600	1.803857	0.763208	0.835680	1.535466	1.046910	0.336824	0.144644	0.012953	0.177743	0.735292	1.058013	1.371803	0.041245	0.005218	0.035528	0.010497	0.030013	0.010970	0.026661	0.156504	0.006419	0.002021	0.002319	0.001555	10.151300
346.500000	29.565600	1.778399	0.896304	0.878806	1.368138	1.161216	0.531595	0.277920	0.013841	0.095415	0.640034	0.950491	1.357179	0.080178	0.013982	0.013672	0.005703	0.042924	0.012498	0.012778	0.143243	0.006895	0.002427	0.000387	0.000000	10.284000
355.500000	29.565600	1.699796	0.942387	0.937779	1.248368	1.208162	0.674346	0.403567	0.032047	0.047467	0.567435	0.805984	1.288394	0.114522	0.011273	0.005086	0.015276	0.024248	0.007001	0.009030	0.127068	0.006770	0.000829	0.003031	0.002021	10.181900
4.090910	32.600500	1.647772	1.036096	0.833289	1.143324	1.379878	0.853068	0.523413	0.012320	0.001855	0.385072	0.714584	1.301671	0.213202	0.007704	0.005029	0.025370	0.006123	0.003603	0.011021	0.181497	0.006029	0.002426	0.002692	0.001932	10.299000
12.272700	32.600500	1.746008	1.237262	0.714265	1.138325	1.461625	0.890478	0.600279	0.046979	0.003719	0.237934	0.575680	1.253831	0.218544	0.016275	0.005800	0.015381	0.002140	0.012172	0.011216	0.140899	0.009165	0.002795	0.003397	0.000735	10.344900
20.454500	32.600500	1.817542	1.449184	0.598415	0.985008	1.532356	1.025012	0.713771	0.082792	0.005435	0.109531	0.457402	1.101407	0.245544	0.053316	0.007063	0.026977	0.004577	0.035494	0.003904	0.103658	0.008927	0.006504	0.001466	0.000122	10.375400
28.636400	32.600500	1.829870	1.620255	0.645832	0.969255	1.502442	1.168612	0.757714	0.165606	0.004688	0.074395	0.535397	1.008191	0.253016	0.086955	0.009119	0.016119	0.003625	0.020507	0.010023	0.060941	0.004523	0.003390	0.002148	0.001769	10.754400
36.818200	32.600500	2.007319	1.736033	0.758824	0.909350	1.460765	1.256794	0.808496	0.244080	0.004666	0.035377	0.474401	0.940251	0.207700	0.148079	0.014490	0.006757	0.002838	0.025330	0.003717	0.036675	0.006775	0.005199	0.003088	0.001858	11.098900
45.000000	32.600500	1.897479	1.889472	0.882373	0.876016	1.376926	1.416849	0.865737	0.372509	0.005857	0.005757	0.357778	0.842838	0.183742	0.197952	0.015099	0.000735	0.013067	0.012746	0.003414	0.016819	0.003031	0.005117	0.005648	0.004617	11.251600
53.181800	32.600500	1.844900	1.944596	0.910953	0.824746	1.307292	1.435771	0.978759	0.504065	0.031915	0.000735	0.231231	0.857584	0.139201	0.235012	0.034927	0.006307	0.024626	0.007418	0.009526	0.015260	0.002620	0.007193	0.004514	0.003285	11.362400
61.363600	32.600500	1.637672	1.855905	0.976989	0.612559	1.166316	1.496594	1.004680	0.544198	0.065290	0.003705	0.158417	0.743878	0.105565	0.211407	0.063787	0.007140	0.024318	0.005701	0.014217	0.005194	0.001102	0.005175	0.000000	0.001504	10.711300
69.545500	32.600500	1.404567	1.853959	1.030477	0.561989	1.067603	1.536744	1.109820	0.453084	0.098287	0.006331	0.090449	0.741567	0.058522	0.246806	0.087619	0.004281	0.021392	0.002264	0.029493	0.008704	0.001343	0.008394	0.001742	0.000609	10.426000
77.727300	32.600500	1.289151	1.702703	1.048098	0.717655	0.976294	1.449783	1.177603	0.596388	0.231194	0.002845	0.042413	0.639740	0.019827	0.219300	0.146227	0.008681	0.012348	0.003862	0.017764	0.007916	0.002346	0.009446	0.001348	0.000000	10.322900
85.909100	32.600500	0.998414	1.702918	1.087331	0.804624	0.814368	1.428894	1.304046	0.720168	0.378846	0.003859	0.009887	0.500623	0.007701	0.204183	0.183954	0.008611	0.010158	0.004754	0.020602	0.003466	0.002109	0.004979	0.001503	0.002804	10.208800
94.090900	32.600500	0.915552	1.553369	1.201693	0.836511	0.690670	1.430274	1.409837	0.850558	0.511047	0.009648	0.006932	0.397595	0.011046	0.199653	0.196179	0.014384	0.003338	0.023773	0.004656	0.009796	0.001361	0.007600	0.000000	0.000855	10.286300
102.273000	32.600500	0.831752	1.780254	1.311171	0.822956	0.530027	1.257767	1.449467	0.944774	0.592486	0.047482	0.002118	0.268457	0.007787	0.145909	0.218617	0.018474	0.004923	0.015646	0.003605	0.010161	0.002264	0.008772	0.002818	0.000840	10.278500
110.455000	32.600500	0.702513	1.843826	1.535228	0.727114	0.363212	1.098312	1.527266	0.994242	0.695109	0.093125	0.003913	0.083510	0.002767	0.102440	0.233627	0.052361	0.009978	0.026726	0.002852	0.041580	0.003500	0.007986	0.003538	0.001041	10.155800
118.636000	32.600500	0.608563	1.888545	1.625729	0.727725	0.272152	1.022445	1.480772	1.214665	0.776520	0.151294	0.005736	0.069355	0.006967	0.059913	0.224953	0.096711	0.009198	0.024001	0.005197	0.017448	0.002661	0.004077	0.002803	0.003237	10.300700
126.818000	32.600500	0.636074	1.977202	1.789222	0.779102	0.161263	0.961272	1.425185	1.261861	0.837011	0.261657	0.003838	0.024353	0.002238	0.025232	0.217487	0.150179	0.015270	0.004506	0.003642	0.026471	0.003308	0.006360	0.001489	0.000133	10.574300
135.000000	32.600500	0.756812	1.815619	1.905045	0.865049	0.026862	0.843907	1.360154	1.396978	0.925771	0.366971	0.007147	0.001490	0.003810	0.026667	0.177788	0.191482	0.011557	0.003917	0.010343	0.018546	0.003344	0.005046	0.002578	0.002419	10.729300
143.182000	32.600500	0.813864	1.764137	1.890037	0.920138	0.018589	0.842115	1.253220	1.492184	0.929431	0.478760	0.030041	0.006318	0.005120	0.007688	0.144628	0.216048	0.028669	0.002158	0.029767	0.004390	0.002411	0.005412	0.006150	0.004220	10.895500
151.364000	32.600500	0.784152	1.665290	1.890999	0.951195	0.009577	0.758602	1.217368	1.545113	0.954824	0.532349	0.081317	0.004124	0.017141	0.007752	0.106854	0.228474	0.057449	0.004752	0.015899	0.003757	0.000896	0.005676	0.008044	0.003921	10.855500
159.545000	32.600500	0.787291	1.456207	1.861876	1.035901	0.003193	0.699814	1.096065	1.521713	1.100293	0.424995	0.097634	0.005022	0.030392	0.002834	0.049756	0.238400	0.088147	0.005756	0.033513	0.006259	0.000127	0.003216	0.007244	0.000757	10.556400
167.727000	32.600500	0.861024	1.393631	1.774101	1.095707	0.006552	0.588989	0.879228	1.535828	1.262144	0.625645	0.245492	0.000000	0.015452	0.007612	0.020302	0.228521	0.152464	0.009855	0.013807	0.005890	0.000000	0.000000	0.004293	0.002403	10.728900
175.909000	32.600500	0.836852	1.243449	1.664239	1.131618	0.009864	0.468541	0.800510	1.456388	1.311680	0.735514	0.357802	0.006972	0.012943	0.006565	0.009434	0.226343	0.185835	0.008801	0.005856	0.006645	0.001356	0.000000	0.006454	0.000000	10.493600
184.091000	32.600500	0.817610	1.150505	1.689889	1.221802	0.006476	0.392510	0.730702	1.319688	1.415820	0.832129	0.478087	0.011825	0.005846	0.010369	0.008673	0.176527	0.206378	0.008386	0.003140	0.019856	0.000000	0.000758	0.006995	0.002946	10.516900
192.273000	32.600500	0.814855	1.050816	1.693723	1.333519	0.001502	0.233552	0.585066	1.237816	1.440758	0.953873	0.644208	0.042023	0.002342	0.009117	0.007448	0.136495	0.238905	0.017647	0.005972	0.016571	0.005542	0.001849	0.006069	0.001048	10.480700
200.455000	32.600500	0.785194	0.999035	1.823751	1.491969	0.001405	0.109197	0.467082	1.157054	1.503640	1.052920	0.664866	0.100158	0.004372	0.027766	0.007614	0.099355	0.233851	0.068519	0.007205	0.024802	0.000613	0.004202	0.006527	0.002449	10.643500
208.636000	32.600500	0.773849	0.957152	1.882799	1.592309	0.001355	0.058062	0.554739	1.059794	1.490295	1.116929	0.787867	0.144665	0.002668	0.025434	0.003972	0.061096	0.239558	0.115010	0.008609	0.013493	0.001544	0.002018	0.009736	0.001592	10.904600
216.818000	32.600500	0.781506	0.935437	1.942187	1.787368	0.000735	0.030848	0.490678	0.940064	1.466895	1.257235	0.820529	0.265458	0.002352	0.018904	0.003722	0.026554	0.229292	0.161710	0.012646	0.008819	0.001165	0.000758	0.004542	0.002825	11.192200
225.000000	32.600500	0.904379	0.880973	1.886916	1.924905	0.006597	0.005275	0.339215	0.903013	1.341323	1.411918	0.888220	0.377620	0.008173	0.013677	0.000743	0.014693	0.188288	0.172308	0.019892	0.002158	0.002117	0.003220	0.008267	0.004088	11.308000
233.182000	32.600500	0.917765	0.823354	1.811989	1.967091	0.029731	0.002238	0.265226	0.869158	1.257925	1.423873	0.956117	0.467669	0.022812	0.005713	0.005963	0.015905	0.146875	0.223902	0.027417	0.006258	0.002819	0.000000	0.002832	0.008509	11.261100
241.364000	32.600500	0.996113	0.764639	1.637830	1.891983	0.077476	0.001500	0.156461	0.761633	1.117073	1.545520	1.020582	0.531683	0.015935	0.005775	0.014240	0.004191	0.105611	0.210012	0.076597	0.003021	0.002190	0.001485	0.001342	0.011018	10.953900
249.545000	32.600500	1.072101	0.739887	1.485726	1.802647	0.091096	0.000737	0.097489	0.719936	1.089694	1.476565	1.150268	0.451444	0.042219	0.003652	0.024928	0.008328	0.060489	0.230601	0.109441	0.003746	0.002550	0.002851	0.003869	0.005728	10.676000
257.727000	32.600500	1.055837	0.807486	1.321497	1.695058	0.205042	0.000000	0.050651	0.583223	0.928778	1.552182	1.200426	0.594890	0.014138	0.002242	0.017312	0.007358	0.023968	0.229838	0.148150	0.011543	0.002384	0.000996	0.000736	0.008596	10.462300
265.909000	32.600500	1.064481	0.810515	1.129695	1.644695	0.394284	0.005008	0.015172	0.544971	0.807051	1.421667	1.342103	0.744228	0.005922	0.004378	0.015120	0.004499	0.011795	0.213343	0.178317	0.005692	0.003887	0.002269	0.005326	0.006613	10.381000
274.091000	32.600500	1.180024	0.766731	1.102008	1.651006	0.548652	0.005677	0.012020	0.411231	0.727481	1.312167	1.397114	0.860949	0.003928	0.010273	0.006383	0.004285	0.005191	0.194389	0.220679	0.013073	0.000000	0.001960	0.001570	0.007935	10.444700
282.273000	32.600500	1.314417	0.824839	1.044477	1.702963	0.611197	0.010348	0.002589	0.216916	0.605931	1.213071	1.472143	0.934667	0.007930	0.016556	0.003572	0.008255	0.009132	0.139717	0.223451	0.015250	0.001778	0.001338	0.001181	0.004457	10.386200
290.455000	32.600500	1.473975	0.764652	1.009153	1.913415	0.697494	0.002231	0.005927	0.105600	0.443352	1.105438	1.487841	1.039150	0.005453	0.033874	0.003905	0.025647	0.007949	0.094254	0.237009	0.066359	0.000525	0.000759	0.001439	0.003833	10.529200
298.636000	32.600500	1.600203	0.750596	0.943820	1.866264	0.746939	0.004861	0.003039	0.075536	0.492278	1.014606	1.548246	1.181256	0.005075	0.013872	0.005073	0.015847	0.003634	0.062725	0.257244	0.106906	0.002074	0.001337	0.001451	0.009912	10.712800
306.818000	32.600500	1.780039	0.810496	0.939997	2.020914	0.842677	0.006595	0.006090	0.025094	0.492388	0.937517	1.441980	1.280013	0.011588	0.004991	0.005139	0.024757	0.004507	0.031528	0.216277	0.169076	0.005536	0.001904	0.002722	0.005886	11.067700
315.000000	32.600500	1.824147	0.825480	0.870292	1.874815	0.835133	0.042568	0.001516	0.003229	0.383403	0.886951	1.352610	1.384843	0.021017	0.003650	0.015827	0.012245	0.003829	0.016419	0.201717	0.188252	0.003327	0.002826	0.002519	0.004987	10.761600
323.182000	32.600500	1.935650	0.584035	0.812414	1.816547	0.961506	0.132395	0.032487	0.004856	0.250601	0.855443	1.251569	1.465425	0.032946	0.004905	0.021808	0.005219	0.002893	0.009784	0.150571	0.200410	0.005844	0.001399	0.001082	0.004151	10.543900
331.364000	32.600500	1.917079	0.621852	0.719980	1.616851	1.007883	0.277872	0.075630	0.006831	0.169328	0.766090	1.146479	1.535127	0.062428	0.009652	0.018685	0.008691	0.015279	0.015074	0.101886	0.234085	0.009567	0.000000	0.000755	0.004262	10.341400
339.545000	32.600500	1.735886	0.712648	0.722805	1.453233	1.147429	0.362096	0.101431	0.002084	0.087922	0.735032	1.041669	1.498189	0.102798	0.006065	0.034184	0.006546	0.035506	0.010107	0.061187	0.227655	0.006790	0.002679	0.000000	0.002710	10.096600
347.727000	32.600500	1.692818	0.845673	0.827806	1.352452	1.222266	0.539570	0.247450	0.002454	0.050238	0.608777	0.961534	1.495701	0.148764	0.006130	0.014505	0.003789	0.019718	0.009401	0.023724	0.215970	0.006291	0.001135	0.000758	0.000402	10.297300
355.909000	32.600500	1.693327	0.861119	0.859566	1.138042	1.333078	0.722357	0.391279	0.004372	0.012537	0.493423	0.815106	1.468976	0.192469	0.004766	0.005824	0.008459	0.022077	0.003735	0.008159	0.206875	0.008736	0.003171	0.001515	0.000735	10.259700
3.750000	35.659100	1.649366	0.897868	0.762112	1.046703	1.519056	0.811900	0.490522	0.008241	0.001503	0.336969	0.704145	1.386539	0.298157	0.012055	0.003483	0.008922	0.009218	0.003732	0.008344	0.273893	0.009700	0.001429	0.000717	0.001249	10.245800
11.250000	35.659100	1.727223	1.124670	0.622073	1.011793	1.515911	0.902383	0.612603	0.016891	0.004895	0.196079	0.593807	1.260017	0.333935	0.031955	0.002988	0.017003	0.002207	0.008673	0.003684	0.237964	0.008467	0.002602	0.001954	0.002029	10.241800
18.750000	35.659100	1.804174	1.326111	0.557044	0.991213	1.562541	1.006666	0.682603	0.033166	0.003586	0.079798	0.461731	1.199465	0.310981	0.071587	0.002988	0.021605	0.006585	0.028935	0.002991	0.186082	0.001853	0.002631	0.001154	0.003459	10.348900
26.250000	35.659100	1.869951	1.579359	0.556363	0.956172	1.602103	1.201422	0.765404	0.088188	0.005411	0.052328	0.499999	1.024497	0.355405	0.144605	0.002738	0.025508	0.005110	0.017374	0.003657	0.135447	0.007694	0.001942	0.002691	0.003411	10.906800
33.750000	35.659100	1.954876	1.660009	0.618150	0.900772	1.529574	1.296661	0.833583	0.159183	0.003625	0.008129	0.488647	0.996103	0.341754	0.205416	0.010325	0.005921	0.004414	0.016460	0.003095	0.071596	0.010192	0.004601	0.003571	0.003987	11.130700
41.250000	35.659100	1.938816	1.805961	0.773942	0.881288	1.501887	1.392715	0.855649	0.232352	0.008137	0.003383	0.385207	0.937619	0.298680	0.274321	0.011488	0.006400	0.008348	0.008216	0.003481	0.049584	0.006395	0.009490	0.001832	0.003509	11.398700
48.750000	35.659100	1.774689	1.966095	0.870886	0.827947	1.453776	1.469689	0.952439	0.359855	0.004032	0.004877	0.287974	0.890212	0.244877	0.306376	0.057249	0.006299	0.009301	0.009578	0.006444	0.018143	0.006455	0.006551	0.001983	0.003298	11.539000
56.250000	35.659100	1.704580	1.937029	0.895612	0.641378	1.286991	1.570956	0.961935	0.502867	0.015492	0.008868	0.141705	0.813015	0.192267	0.334242	0.096732	0.002761	0.021516	0.011603	0.006200	0.005739	0.002788	0.004254	0.005718	0.001364	11.165600
63.750000	35.659100	1.498325	1.944991	0.923978	0.545239	1.178440	1.597421	1.047567	0.503569	0.051898	0.002649	0.080317	0.770379	0.125858	0.332437	0.125401	0.002281	0.014160	0.002043	0.017251	0.000648	0.003533	0.008949	0.003051	0.000938	10.781300
71.250000	35.659100	1.359068	1.763809	0.980502	0.547397	1.018300	1.618649	1.214145	0.453003	0.073422	0.008694	0.027733	0.658453	0.074336	0.338468	0.183748	0.001537	0.023918	0.002851	0.017957	0.005563	0.002265	0.006326	0.000618	0.002949	10.383700
78.750000	35.659100	1.118309	1.685603	1.061795	0.623664	0.959858	1.538124	1.329154	0.580112	0.199141	0.000316	0.007627	0.575901	0.035466	0.328940	0.244194	0.005855	0.011064	0.002997	0.017788	0.006747	0.002787	0.005095	0.001520	0.001502	10.343600
86.250000	35.659100	0.865778	1.710609	1.079775	0.754074	0.809073	1.490397	1.402995	0.706256	0.290143	0.003293	0.004491	0.467579	0.011264	0.311029	0.294163	0.006499	0.003580	0.003624	0.008439	0.001499	0.002812	0.008770	0.000000	0.002531	10.238700
93.750000	35.659100	0.811525	1.643429	1.099902	0.778176	0.680280	1.407790	1.523308	0.862152	0.429002	0.006350	0.003744	0.348520	0.003715	0.244800	0.331838	0.010576	0.001367	0.005867	0.007530	0.004260	0.002893	0.006781	0.004776	0.000621	10.219200
101.250000	35.659100	0.706044	1.736123	1.276202	0.834512	0.505715	1.291187	1.584980	0.922248	0.559287	0.010492	0.000743	0.215393	0.004591	0.227389	0.326834	0.027084	0.003142	0.015348	0.002252	0.007363	0.002356	0.007106	0.001453	0.000586	10.268400
108.750000	35.659100	0.691030	1.761073	1.416510	0.714653	0.361720	1.144104	1.578104	1.065695	0.682963	0.035461	0.004744	0.073122	0.004313	0.186456	0.349635	0.066688	0.005280	0.015345	0.002251	0.030143	0.003028	0.011735	0.005086	0.000837	10.210000
116.250000	35.659100	0.586036	1.896020	1.563525	0.692272	0.244306	1.049946	1.564487	1.167300	0.724862	0.074630	0.003319	0.044355	0.002914	0.162698	0.341676	0.149106	0.005459	0.016770	0.005103	0.023875	0.004081	0.005913	0.009694	0.002791	10.341100
123.750000	35.659100	0.581173	1.958586	1.702194	0.729756	0.149879	1.041192	1.542930	1.289445	0.832122	0.161465	0.006155	0.012130	0.007969	0.091293	0.332597	0.195676	0.008537	0.011093	0.004069	0.009040	0.002778	0.004759	0.003627	0.000758	10.679200
131.250000	35.659100	0.745966	1.903281	1.825583	0.841465	0.068538	0.970424	1.509782	1.443439	0.866904	0.262687	0.003064	0.010137	0.004141	0.047308	0.293273	0.280958	0.018560	0.003310	0.007433	0.006527	0.002732	0.005536	0.009826	0.002990	11.133900
138.750000	35.659100	0.875258	1.811910	1.852964	0.855869	0.021601	0.881016	1.387512	1.568490	0.940638	0.381840	0.006972	0.002997	0.002972	0.013248	0.260039	0.315223	0.047852	0.002318	0.005989	0.006711	0.003330	0.009966	0.006000	0.003215	11.263900
146.250000	35.659100	0.746596	1.701097	1.888171	0.901317	0.010767	0.839718	1.338767	1.515007	0.996363	0.494200	0.008945	0.007936	0.006078	0.009635	0.188257	0.349118	0.099914	0.002537	0.014007	0.005341	0.001476	0.004088	0.005553	0.003167	11.138100
153.750000	35.659100	0.738528	1.570764	1.841066	0.915849	0.004229	0.740507	1.174097	1.578850	1.074886	0.493355	0.041729	0.008696	0.019511	0.004061	0.135762	0.359752	0.133734	0.002010	0.018602	0.003485	0.000583	0.004102	0.010655	0.003418	10.878200
161.250000	35.659100	0.712600	1.392782	1.822835	0.947535	0.011870	0.616900	1.043854	1.569610	1.141899	0.462258	0.060929	0.002595	0.018788	0.005761	0.073099	0.356668	0.203781	0.005039	0.015519	0.005709	0.002053	0.002799	0.015968	0.000735	10.491600
168.750000	35.659100	0.764939	1.252892	1.741835	1.068654	0.005175	0.603525	0.969725	1.545701	1.318851	0.571373	0.197819	0.001304	0.011865	0.002985	0.042145	0.325711	0.231421	0.005249	0.006540	0.006612	0.000648	0.003538	0.005563	0.001540	10.685600
176.250000	35.659100	0.777042	1.099057	1.730717	1.063915	0.003336	0.504386	0.830321	1.527199	1.403052	0.705117	0.310445	0.004236	0.008802	0.006189	0.015178	0.283616	0.290877	0.004153	0.002865	0.008772	0.001473	0.003044	0.009376	0.001999	10.595200
183.750000	35.659100	0.765056	1.101228	1.622189	1.112872	0.003427	0.341736	0.732185	1.410290	1.529596	0.865493	0.465877	0.005437	0.003937	0.004443	0.006583	0.274924	0.290588	0.011022	0.003470	0.003637	0.001525	0.001490	0.008525	0.002757	10.568300
191.250000	35.659100	0.829150	1.026221	1.727381	1.286132	0.000234	0.176605	0.571750	1.277536	1.525084	0.948283	0.623141	0.010171	0.002235	0.009066	0.003045	0.232355	0.314500	0.023365	0.003655	0.012272	0.002052	0.003276	0.005538	0.002778	10.615800
198.750000	35.659100	0.744544	0.987323	1.886961	1.357553	0.004159	0.087886	0.452479	1.199352	1.662723	1.097009	0.653597	0.041200	0.002903	0.026851	0.003792	0.189892	0.322810	0.088270	0.006461	0.019446	0.001504	0.003997	0.004975	0.003694	10.849400
206.250000	35.659100	0.749715	0.953665	1.861480	1.524247	0.004331	0.053064	0.468248	1.062398	1.581101	1.143663	0.761707	0.081727	0.004570	0.012635	0.002491	0.144942	0.339563	0.129600	0.003562	0.023135	0.000000	0.000765	0.010895	0.004413	10.921900
213.750000	35.659100	0.758305	0.892166	1.942277	1.677256	0.002113	0.011019	0.502488	0.989135	1.521645	1.327717	0.773451	0.151382	0.004153	0.012418	0.004492	0.095582	0.340593	0.182138	0.014855	0.008149	0.001863	0.006296	0.007740	0.002655	11.229900
221.250000	35.659100	0.819143	0.831264	1.968459	1.847535	0.000000	0.000000	0.399219	0.925887	1.507135	1.418308	0.895966	0.254547	0.005673	0.010463	0.003029	0.041052	0.327677	0.264752	0.018931	0.007878	0.001333	0.002181	0.005338	0.007250	11.563000
228.750000	35.659100	0.899945	0.845926	1.872168	1.932302	0.000601	0.000000	0.247326	0.832571	1.411115	1.502984	0.962821	0.376092	0.006719	0.005752	0.006514	0.018127	0.253874	0.318069	0.041259	0.003364	0.002446	0.003578	0.003958	0.006314	11.553800
236.250000	35.659100	0.896140	0.734108	1.700758	1.857431	0.010218	0.001134	0.161401	0.815902	1.337534	1.581180	0.986179	0.499204	0.020395	0.005249	0.003151	0.008976	0.186239	0.363953	0.082136	0.005101	0.003678	0.001940	0.004531	0.007857	11.274400
243.750000	35.659100	0.940581	0.709328	1.574428	1.961651	0.040211	0.001573	0.084488	0.758569	1.160232	1.571521	1.070665	0.499482	0.018336	0.004893	0.019083	0.002749	0.129559	0.331087	0.127487	0.002193	0.002223	0.001999	0.003480	0.010492	11.026300
251.250000	35.659100	0.951094	0.750097	1.364384	1.736180	0.074055	0.005203	0.035209	0.671227	1.033145	1.618242	1.147192	0.442025	0.017838	0.004286	0.018159	0.002920	0.090074	0.341748	0.186989	0.001214	0.003617	0.001493	0.003307	0.009000	10.508700
258.750000	35.659100	1.083580	0.825827	1.243562	1.771002	0.180074	0.001191	0.009422	0.576103	0.946808	1.571069	1.353719	0.574136	0.004895	0.000758	0.008081	0.003620	0.030909	0.315838	0.217883	0.002154	0.000000	0.001153	0.001586	0.010456	10.733800
266.250000	35.659100	1.091859	0.777001	1.101695	1.716139	0.344399	0.004211	0.004958	0.470416	0.792826	1.519067	1.479675	0.720716	0.004180	0.004758	0.008118	0.005562	0.007033	0.302615	0.276075	0.006560	0.002704	0.002098	0.001430	0.009648	10.653700
273.750000	35.659100	1.125644	0.782757	1.041947	1.604851	0.461159	0.002263	0.005370	0.310603	0.718026	1.424370	1.524948	0.853062	0.005453	0.004468	0.002945	0.002420	0.005498	0.290342	0.297636	0.014471	0.002283	0.001190	0.004096	0.005990	10.491800
281.250000	35.659100	1.218929	0.810382	1.050637	1.691099	0.597442	0.003351	0.002585	0.181547	0.600413	1.247407	1.604240	0.958244	0.002640	0.015177	0.002088	0.005397	0.007451	0.212338	0.340105	0.024434	0.002950	0.000916	0.002806	0.002731	10.585300
288.750000	35.659100	1.409905	0.750021	1.002034	1.804932	0.648713	0.007910	0.003455	0.078204	0.446819	1.130783	1.669023	1.075021	0.005350	0.024346	0.009294	0.027314	0.003518	0.167890	0.367390	0.071609	0.002938	0.000605	0.003765	0.007024	10.717900
296.250000	35.659100	1.540623	0.740474	0.958404	1.811435	0.748315	0.003535	0.002906	0.055961	0.504448	1.078351	1.592354	1.157879	0.004968	0.022030	0.005803	0.018018	0.004256	0.147077	0.340555	0.130747	0.001619	0.000000	0.002878	0.006819	10.879500
303.750000	35.659100	1.685139	0.758924	0.909618	2.032235	0.772696	0.012691	0.005448	0.017853	0.505650	0.968615	1.573953	1.266521	0.006689	0.007275	0.003445	0.011523	0.004078	0.088656	0.321719	0.209352	0.004528	0.001144	0.000000	0.005596	11.173300
311.250000	35.659100	1.794911	0.832217	0.859197	1.937866	0.855503	0.024125	0.003983	0.003084	0.363636	0.970595	1.544683	1.418286	0.013964	0.007854	0.004453	0.008825	0.004601	0.052181	0.316874	0.261367	0.006622	0.000655	0.004938	0.007904	11.298300
318.750000	35.659100	1.873491	0.743720	0.850513	1.795805	0.948727	0.079797	0.005587	0.003508	0.246281	0.915288	1.411195	1.511308	0.047527	0.004967	0.005607	0.004447	0.004256	0.021159	0.246959	0.318101	0.008150	0.003684	0.002825	0.005704	11.058600
326.250000	35.659100	1.955883	0.630037	0.739819	1.713945	1.038314	0.165688	0.012860	0.001439	0.164749	0.779117	1.225726	1.526452	0.081533	0.002792	0.014768	0.007482	0.008712	0.006733	0.199656	0.336685	0.005240	0.002096	0.002991	0.004055	10.626800
333.750000	35.659100	1.885808	0.619778	0.708089	1.562689	1.080831	0.294375	0.048701	0.001527	0.082140	0.724457	1.172853	1.594797	0.135057	0.002828	0.021611	0.005911	0.020244	0.002096	0.143268	0.360282	0.002548	0.001392	0.000758	0.001817	10.473800
341.250000	35.659100	1.808472	0.680664	0.720130	1.442998	1.187624	0.355412	0.076093	0.004242	0.029613	0.672903	1.048055	1.610257	0.179226	0.003496	0.022110	0.005854	0.022616	0.005733	0.072159	0.335081	0.009015	0.001335	0.001191	0.003440	10.297700
348.750000	35.659100	1.773525	0.721552	0.762508	1.281189	1.274437	0.577579	0.183722	0.006715	0.007454	0.555294	0.925756	1.577391	0.237966	0.004966	0.005319	0.007506	0.017454	0.002884	0.025961	0.347561	0.006731	0.001365	0.000758	0.000861	10.306500
356.250000	35.659100	1.713651	0.812186	0.819577	1.124532	1.374359	0.700757	0.341863	0.000796	0.005041	0.445354	0.841717	1.502396	0.252799	0.008034	0.005112	0.002799	0.004802	0.001133	0.010831	0.280926	0.005084	0.002194	0.001811	0.001348	10.259100
3.461540	38.744200	1.704603	0.803587	0.706482	1.040063	1.591053	0.829874	0.408001	0.005822	0.003771	0.285753	0.699886	1.501729	0.441750	0.016003	0.002215	0.007110	0.008880	0.002633	0.008861	0.392479	0.008208	0.000429	0.000000	0.002518	10.471700
10.384600	38.744200	1.764273	1.017425	0.575413	1.017653	1.577470	0.891853	0.537633	0.003542	0.006149	0.153916	0.588011	1.520435	0.445357	0.040148	0.005125	0.016179	0.007302	0.005118	0.001398	0.342295	0.008000	0.003633	0.000942	0.000785	10.530100
17.307700	38.744200	1.817813	1.275014	0.556059	0.941180	1.658878	1.030195	0.649096	0.006460	0.005063	0.043440	0.471519	1.247520	0.449199	0.110391	0.002301	0.017458	0.005026	0.016518	0.001877	0.286387	0.007790	0.000841	0.001369	0.002447	10.603800
24.230800	38.744200	1.868210	1.481598	0.460288	0.900316	1.702024	1.133134	0.721966	0.022461	0.003574	0.030580	0.506178	1.133563	0.444666	0.173621	0.002026	0.017183	0.003726	0.014153	0.004052	0.236786	0.008265	0.002857	0.001856	0.000744	10.873800
31.153800	38.744200	1.967000	1.581497	0.547320	0.844637	1.661683	1.306523	0.809096	0.077332	0.004542	0.006849	0.523936	1.074945	0.445378	0.262502	0.004649	0.008934	0.006692	0.004513	0.003987	0.190916	0.004795	0.005371	0.001942	0.001916	11.347000
38.076900	38.744200	1.892424	1.721726	0.715385	0.816787	1.604376	1.467709	0.851094	0.167396	0.006498	0.007515	0.372990	0.993964	0.426286	0.318342	0.023241	0.003126	0.006389	0.004891	0.001476	0.106373	0.005867	0.010284	0.001878	0.005985	11.532000
45.000000	38.744200	1.883444	1.854740	0.822216	0.812461	1.614939	1.591008	0.945366	0.251349	0.002181	0.000000	0.285628	0.911698	0.383193	0.392266	0.046546	0.005250	0.007812	0.010454	0.002262	0.046464	0.003419	0.007265	0.001781	0.001406	11.883100
51.923100	38.744200	1.665958	1.872553	0.840334	0.705639	1.475841	1.628873	0.986289	0.402036	0.003465	0.003543	0.146295	0.800521	0.351488	0.421921	0.119089	0.002983	0.003553	0.008027	0.004081	0.026510	0.008985	0.012230	0.003002	0.000980	11.494200
58.846200	38.744200	1.608086	1.885706	0.878085	0.528517	1.265559	1.640737	1.018886	0.504553	0.006256	0.007716	0.070131	0.816128	0.269704	0.459897	0.166366	0.003794	0.002725	0.005923	0.004519	0.012039	0.001473	0.007216	0.002028	0.002952	11.169000
65.769200	38.744200	1.435782	1.973085	0.973166	0.523313	1.208581	1.688702	1.164394	0.501096	0.029816	0.001937	0.024990	0.715264	0.167394	0.468016	0.243072	0.001141	0.014993	0.002992	0.013489	0.005081	0.007323	0.008577	0.002559	0.002851	11.177600
72.692300	38.744200	1.241741	1.777144	0.912719	0.534971	1.044193	1.698677	1.260210	0.456692	0.044527	0.005946	0.003241	0.646508	0.113333	0.474329	0.298976	0.001738	0.010092	0.007964	0.014232	0.001296	0.004739	0.004841	0.002770	0.003194	10.564100
79.615400	38.744200	1.040882	1.715053	0.995421	0.581049	0.929955	1.633815	1.416940	0.607682	0.172305	0.004012	0.005683	0.567855	0.047516	0.421911	0.360926	0.002237	0.005744	0.002105	0.011694	0.002157	0.004110	0.009143	0.000726	0.001728	10.540700
86.538500	38.744200	0.787035	1.708799	0.968527	0.659514	0.800826	1.579189	1.530512	0.726650	0.273276	0.002887	0.008748	0.396795	0.010484	0.424722	0.380195	0.004987	0.002268	0.007776	0.004284	0.002265	0.003989	0.007310	0.001241	0.002103	10.294400
93.461500	38.744200	0.781917	1.665336	0.993960	0.698008	0.670484	1.524179	1.546154	0.826118	0.420987	0.003302	0.003606	0.275100	0.009458	0.392464	0.417059	0.013098	0.001160	0.009736	0.005724	0.000753	0.003375	0.005357	0.001751	0.000583	10.269700
100.385000	38.744200	0.670326	1.692558	1.145461	0.705428	0.530678	1.382864	1.615528	0.893334	0.557409	0.005646	0.003918	0.155530	0.002291	0.337619	0.433695	0.042121	0.002248	0.015918	0.003418	0.003458	0.001317	0.012734	0.001422	0.002327	10.217200
107.308000	38.744200	0.646228	1.835807	1.324268	0.716872	0.330659	1.269891	1.694888	1.027012	0.674874	0.008276	0.004421	0.063533	0.002086	0.292601	0.435665	0.098836	0.009275	0.013815	0.005255	0.013030	0.000173	0.007962	0.008969	0.001341	10.485700
114.231000	38.744200	0.549675	1.916955	1.526701	0.663000	0.272749	1.151173	1.615788	1.201128	0.712027	0.023347	0.001343	0.023324	0.001453	0.218671	0.451965	0.158660	0.002506	0.010801	0.006444	0.015515	0.002338	0.009541	0.004380	0.000000	10.539500
121.154000	38.744200	0.609229	1.897649	1.652228	0.685955	0.198991	0.998872	1.641189	1.275353	0.748798	0.065481	0.003601	0.006288	0.003264	0.193437	0.443656	0.257105	0.007939	0.007345	0.005270	0.002226	0.000752	0.005260	0.006289	0.002114	10.718300
128.077000	38.744200	0.742778	1.955826	1.705395	0.709080	0.117343	0.997791	1.607362	1.421690	0.872536	0.161653	0.003477	0.004942	0.002752	0.127034	0.405725	0.293722	0.017234	0.004348	0.005018	0.001747	0.001658	0.002670	0.003095	0.002779	11.167600
135.000000	38.744200	0.781598	1.824158	1.852783	0.797752	0.050221	0.909497	1.549920	1.494593	0.932639	0.274128	0.000000	0.000000	0.002584	0.052167	0.404027	0.336578	0.054618	0.003635	0.004464	0.006553	0.003559	0.004188	0.003317	0.001687	11.344700
141.923000	38.744200	0.743183	1.743927	1.899458	0.771944	0.025866	0.862863	1.543066	1.646867	0.984395	0.394396	0.002607	0.005466	0.004089	0.024208	0.318283	0.439134	0.119643	0.002685	0.006839	0.002843	0.004625	0.007447	0.006247	0.004459	11.564500
148.846000	38.744200	0.698695	1.597794	2.015349	0.911013	0.015546	0.831601	1.394841	1.677810	1.042640	0.517749	0.005954	0.004697	0.005386	0.005486	0.279441	0.470529	0.170567	0.003763	0.010501	0.003803	0.000744	0.006904	0.006959	0.002831	11.680600
155.769000	38.744200	0.670503	1.425140	1.886656	0.879881	0.008798	0.721556	1.148560	1.641653	1.130876	0.498547	0.027166	0.004200	0.013305	0.002979	0.183680	0.442522	0.256351	0.002230	0.012357	0.004580	0.001378	0.006488	0.005519	0.003163	10.978100
162.692000	38.744200	0.741906	1.270750	1.801742	0.948599	0.007583	0.650777	1.032136	1.669588	1.294354	0.465062	0.054208	0.006915	0.016274	0.001928	0.105847	0.481574	0.293217	0.000737	0.009789	0.010253	0.002884	0.003872	0.006921	0.004310	10.881200
169.615000	38.744200	0.745415	1.191695	1.775379	0.960115	0.003003	0.575179	0.927920	1.594672	1.431993	0.579609	0.155029	0.007232	0.015045	0.000735	0.050418	0.478992	0.345848	0.002227	0.004281	0.005910	0.001614	0.002880	0.004574	0.001396	10.861200
176.538000	38.744200	0.702189	1.042410	1.711909	1.026749	0.005789	0.426819	0.838898	1.562100	1.555823	0.717007	0.272742	0.002756	0.008068	0.005396	0.018691	0.434068	0.407527	0.007350	0.000735	0.005974	0.001411	0.001322	0.010437	0.003463	10.769600
183.462000	38.744200	0.703735	1.002894	1.669905	1.013697	0.001142	0.263256	0.735506	1.521815	1.591472	0.824866	0.423293	0.003986	0.006408	0.003620	0.005524	0.415806	0.407054	0.010787	0.000736	0.010950	0.002058	0.002558	0.009566	0.005736	10.636400
190.385000	38.744200	0.714714	1.032735	1.734382	1.173747	0.002119	0.152965	0.579312	1.437886	1.615709	0.886656	0.571876	0.003979	0.003281	0.002066	0.001367	0.335182	0.427096	0.053431	0.002796	0.011570	0.001198	0.001845	0.007342	0.000690	10.753900
197.308000	38.744200	0.697149	0.973836	1.822880	1.279131	0.001188	0.051274	0.456139	1.306919	1.651685	1.050881	0.614237	0.005926	0.007060	0.011040	0.000000	0.281819	0.447770	0.100043	0.001377	0.013906	0.001935	0.001291	0.010805	0.003335	10.791600
204.231000	38.744200	0.698331	0.941049	1.874260	1.483520	0.007314	0.024433	0.522156	1.124204	1.618231	1.231121	0.733199	0.024869	0.002883	0.012637	0.003091	0.254382	0.496517	0.187679	0.004887	0.009306	0.002887	0.001461	0.007154	0.003056	11.268600
211.154000	38.744200	0.617845	0.847912	1.906142	1.562983	0.001879	0.002578	0.494067	1.016705	1.568468	1.286754	0.788551	0.079149	0.002863	0.005753	0.003635	0.163863	0.418931	0.265486	0.007994	0.005648	0.000695	0.001925	0.009154	0.004727	11.063700
218.077000	38.744200	0.713426	0.830880	1.903914	1.724994	0.000635	0.001315	0.400058	0.969988	1.643576	1.444083	0.852041	0.147775	0.005902	0.008385	0.002800	0.111261	0.432439	0.314491	0.016768	0.004822	0.004213	0.000567	0.012987	0.005830	11.553200
225.000000	38.744200	0.746343	0.764694	1.921365	1.829010	0.000770	0.000735	0.249112	0.919064	1.580784	1.558549	0.921680	0.237870	0.005037	0.005069	0.006224	0.055198	0.405878	0.390154	0.065463	0.002576	0.005661	0.004673	0.003473	0.008533	11.687900
231.923000	38.744200	0.821936	0.731440	1.716965	1.856414	0.001131	0.002178	0.149000	0.808039	1.456264	1.630411	0.969935	0.388857	0.004943	0.008572	0.001503	0.015131	0.341810	0.397094	0.121076	0.003867	0.004101	0.001868	0.004066	0.008852	11.445500
238.846000	38.744200	0.850024	0.644513	1.520809	1.856866	0.004355	0.002565	0.055884	0.763214	1.310843	1.590115	1.023032	0.531805	0.003913	0.008269	0.007175	0.003560	0.260389	0.488000	0.167823	0.003536	0.001381	0.000744	0.002573	0.007370	11.108700
245.769000	38.744200	0.887059	0.645100	1.439118	1.816954	0.026033	0.002782	0.029572	0.750173	1.183869	1.676419	1.134231	0.492960	0.007356	0.003699	0.008076	0.001344	0.177151	0.453407	0.244181	0.000000	0.001991	0.001513	0.004591	0.008833	10.996400
252.692000	38.744200	0.942069	0.725585	1.307801	1.758426	0.048600	0.002720	0.004409	0.683819	1.012411	1.649016	1.282218	0.482989	0.021303	0.004498	0.008678	0.001909	0.112239	0.476919	0.294168	0.000640	0.003488	0.001312	0.003565	0.008077	10.836900
259.615000	38.744200	1.058834	0.718631	1.181878	1.703325	0.167434	0.002871	0.002902	0.545502	0.904646	1.643055	1.381948	0.560430	0.004899	0.002579	0.011604	0.005639	0.040629	0.431888	0.327145	0.008375	0.003334	0.000000	0.002742	0.007452	10.717700
266.538000	38.744200	1.005387	0.715707	1.056787	1.700294	0.283806	0.007625	0.003834	0.378788	0.809271	1.591574	1.585037	0.681655	0.001949	0.003695	0.008123	0.002881	0.017155	0.405367	0.387700	0.009440	0.002173	0.003358	0.003506	0.006676	10.671800
273.462000	38.744200	1.034712	0.695363	1.007790	1.639255	0.445942	0.003969	0.001998	0.255927	0.707104	1.522098	1.522234	0.838719	0.003650	0.008175	0.006343	0.003903	0.010225	0.384641	0.442027	0.016699	0.004741	0.005453	0.001192	0.010003	10.572200
280.385000	38.744200	1.159610	0.743897	0.983332	1.799786	0.537452	0.003093	0.004414	0.169501	0.565197	1.393393	1.632696	0.942341	0.003638	0.008878	0.008702	0.006353	0.003724	0.321704	0.435278	0.040872	0.002220	0.001164	0.000699	0.006598	10.774500
287.308000	38.744200	1.321757	0.675752	0.981041	1.804570	0.619193	0.001389	0.005301	0.052569	0.448448	1.245665	1.724508	1.045768	0.003384	0.014708	0.002156	0.013973	0.002071	0.294962	0.431607	0.101167	0.003271	0.003844	0.001094	0.010263	10.808500
294.231000	38.744200	1.527549	0.657550	0.955493	1.863256	0.705839	0.011784	0.003299	0.030271	0.513897	1.122420	1.612915	1.207936	0.001515	0.011404	0.004797	0.016501	0.001479	0.234160	0.417223	0.180300	0.006056	0.000548	0.002719	0.007292	11.096200
301.154000	38.744200	1.669565	0.679341	0.858186	1.920008	0.786056	0.019438	0.003300	0.005354	0.450973	1.089822	1.632786	1.318432	0.007818	0.008803	0.005177	0.006966	0.003595	0.172306	0.440962	0.263260	0.005765	0.000000	0.001580	0.005627	11.355100
308.077000	38.744200	1.702771	0.742337	0.846315	1.896450	0.882501	0.019726	0.003938	0.004504	0.419243	0.962773	1.590228	1.449173	0.018069	0.003077	0.002851	0.005023	0.003566	0.101253	0.416748	0.335129	0.008626	0.001942	0.003505	0.012550	11.432300
315.000000	38.744200	1.865145	0.767550	0.731331	1.863573	0.912938	0.049452	0.000758	0.000765	0.270824	0.946984	1.520039	1.545373	0.050704	0.001933	0.001618	0.005763	0.001694	0.055873	0.387122	0.387353	0.007580	0.001355	0.002245	0.004829	11.382800
321.923000	38.744200	1.814579	0.723027	0.735720	1.708233	0.986504	0.117594	0.005464	0.005238	0.144060	0.844388	1.451695	1.570549	0.130883	0.002027	0.006006	0.002996	0.004982	0.016314	0.313954	0.414510	0.007777	0.003335	0.003871	0.007429	11.021100
328.846000	38.744200	1.916774	0.575769	0.687979	1.555326	1.038120	0.192933	0.007589	0.005019	0.082306	0.777906	1.301807	1.611309	0.169358	0.004289	0.003676	0.006511	0.007490	0.006449	0.240215	0.456906	0.010446	0.001953	0.001086	0.010172	10.671400
335.769000	38.744200	1.972553	0.531372	0.676838	1.410674	1.168307	0.255618	0.024210	0.002110	0.027700	0.675679	1.146117	1.660789	0.227538	0.002172	0.013735	0.002800	0.015653	0.001971	0.204078	0.434773	0.004164	0.002564	0.000717	0.002827	10.465000
342.692000	38.744200	1.856787	0.629153	0.701698	1.287025	1.292963	0.340676	0.042225	0.006722	0.006840	0.692101	1.037213	1.637186	0.288994	0.000000	0.012175	0.008152	0.014282	0.003571	0.100049	0.444407	0.011854	0.001785	0.001933	0.004063	10.421900
349.615000	38.744200	1.732244	0.674513	0.700833	1.152326	1.412970	0.538963	0.171773	0.003596	0.002927	0.581972	0.928929	1.622845	0.359044	0.001479	0.004474	0.004247	0.017617	0.000762	0.044636	0.433695	0.013649	0.001406	0.002629	0.005444	10.413000
356.538000	38.744200	1.748768	0.746824	0.747300	1.014768	1.513898	0.663469	0.265004	0.007560	0.001939	0.425002	0.791645	1.616964	0.410880	0.008579	0.001346	0.005157	0.006740	0.000000	0.018735	0.422682	0.008745	0.003394	0.000771	0.002389	10.432600
3.214290	41.858800	1.771545	0.725407	0.644015	0.952424	1.608165	0.783414	0.355467	0.002365	0.004781	0.257857	0.655715	1.624462	0.474166	0.016169	0.002041	0.011517	0.006725	0.002343	0.002854	0.496626	0.027110	0.004430	0.003444	0.002642	10.435700
9.642860	41.858800	1.843600	0.911052	0.548782	0.974249	1.704694	0.926965	0.501977	0.003328	0.007286	0.132878	0.577614	1.437625	0.516841	0.069935	0.001476	0.004494	0.007100	0.005921	0.000741	0.444264	0.016062	0.001353	0.002547	0.001048	10.641800
16.071400	41.858800	1.757827	1.103236	0.497564	0.870023	1.730864	1.047328	0.619724	0.001524	0.006608	0.026269	0.452691	1.395078	0.539549	0.145940	0.004566	0.011097	0.002956	0.008776	0.002882	0.401231	0.013293	0.006726	0.002840	0.003974	10.652600
22.500000	41.858800	1.910881	1.296978	0.458538	0.869847	1.775934	1.172537	0.678941	0.005964	0.004590	0.010364	0.502268	1.246389	0.561346	0.258795	0.001256	0.006616	0.005321	0.008115	0.001251	0.364919	0.007256	0.004459	0.000613	0.003366	11.156500
28.928600	41.858800	1.978242	1.486936	0.453806	0.806748	1.679382	1.335759	0.761178	0.027229	0.008490	0.008554	0.515372	1.085285	0.548747	0.331349	0.003509	0.006611	0.002871	0.002719	0.004394	0.279141	0.005049	0.002896	0.003031	0.003365	11.340700
35.357100	41.858800	1.912114	1.613141	0.610312	0.789763	1.770256	1.524235	0.807250	0.080252	0.003791	0.010004	0.402640	1.028720	0.520033	0.390417	0.030216	0.001504	0.007314	0.005166	0.000758	0.232132	0.008727	0.006353	0.000121	0.002783	11.758000
41.785700	41.858800	1.865111	1.734732	0.755688	0.739467	1.631633	1.535308	0.927983	0.160329	0.001064	0.006723	0.277973	0.938842	0.511055	0.478858	0.071014	0.004145	0.005291	0.007324	0.001415	0.120345	0.010298	0.009361	0.004347	0.002866	11.801200
48.214300	41.858800	1.733126	1.785400	0.760356	0.733932	1.529958	1.634969	0.927510	0.277052	0.005521	0.002771	0.178746	0.874447	0.462291	0.520802	0.134850	0.000942	0.008650	0.005144	0.000758	0.080147	0.011421	0.009414	0.007479	0.004546	11.690200
54.642900	41.858800	1.661094	1.883614	0.788914	0.627248	1.459713	1.716184	1.038940	0.345523	0.008235	0.007522	0.081030	0.835868	0.382042	0.554163	0.221757	0.000765	0.002849	0.008179	0.003669	0.020543	0.008987	0.005565	0.004098	0.002838	11.669300
61.071400	41.858800	1.491132	1.956301	0.827635	0.517058	1.306003	1.791937	1.112943	0.493374	0.009389	0.003057	0.026144	0.735143	0.344967	0.534151	0.273416	0.001299	0.001477	0.002230	0.005129	0.004253	0.007424	0.005625	0.001486	0.002264	11.453900
67.500000	41.858800	1.321542	1.881182	0.864876	0.443139	1.158105	1.740534	1.220275	0.486363	0.010250	0.004517	0.003900	0.744930	0.245815	0.583580	0.344700	0.000000	0.013067	0.007847	0.008865	0.001343	0.004816	0.008028	0.001258	0.000000	11.098900
73.928600	41.858800	1.116454	1.864138	0.965038	0.543158	1.041206	1.772088	1.360482	0.434099	0.035168	0.006955	0.002117	0.593985	0.148433	0.578424	0.398555	0.001204	0.007868	0.009526	0.011771	0.000761	0.004911	0.014088	0.005278	0.000626	10.916300
80.357100	41.858800	0.927925	1.793079	0.952683	0.559731	0.948297	1.724508	1.475411	0.584804	0.120795	0.004517	0.001929	0.505414	0.077501	0.545446	0.452100	0.001465	0.002838	0.003010	0.007258	0.000601	0.003298	0.016951	0.002188	0.001202	10.713000
86.785700	41.858800	0.714067	1.812373	0.972786	0.610311	0.786619	1.635806	1.551243	0.687732	0.245403	0.002476	0.003800	0.376507	0.018633	0.522325	0.492736	0.007276	0.001503	0.005195	0.003594	0.001342	0.002402	0.015678	0.004070	0.002817	10.476700
93.214300	41.858800	0.720292	1.757555	0.978433	0.641685	0.659377	1.595408	1.611954	0.786875	0.382769	0.002686	0.007085	0.223570	0.004370	0.503308	0.520838	0.014375	0.002107	0.006750	0.005016	0.004387	0.002387	0.028350	0.003870	0.001049	10.464500
99.642900	41.858800	0.637781	1.779519	1.132398	0.691151	0.507538	1.487954	1.778105	0.918747	0.507653	0.004397	0.005087	0.126718	0.001527	0.477603	0.545727	0.067837	0.002149	0.006681	0.002231	0.001376	0.002105	0.024330	0.004908	0.000000	10.713500
106.071000	41.858800	0.543504	1.875120	1.222548	0.676256	0.319412	1.326564	1.776657	1.020213	0.631975	0.003171	0.006428	0.028096	0.001487	0.382675	0.549848	0.155485	0.000735	0.010906	0.004891	0.005856	0.003026	0.015615	0.002875	0.000534	10.563900
112.500000	41.858800	0.459249	1.910712	1.374348	0.640638	0.276370	1.165095	1.734755	1.196672	0.717264	0.007967	0.002873	0.013906	0.001193	0.343241	0.518799	0.236704	0.000619	0.005879	0.002394	0.008366	0.003655	0.017241	0.004077	0.002462	10.644500
118.929000	41.858800	0.621362	1.867407	1.489605	0.656345	0.262817	1.086511	1.803247	1.369168	0.764021	0.031344	0.007619	0.008366	0.000601	0.264215	0.540795	0.337286	0.003712	0.006712	0.006471	0.001258	0.001976	0.004444	0.005781	0.001579	11.142600
125.357000	41.858800	0.680984	1.893939	1.627256	0.645816	0.178509	1.015811	1.744606	1.515753	0.810653	0.060464	0.002312	0.005078	0.002533	0.222193	0.531067	0.417991	0.027205	0.004911	0.007033	0.004267	0.006630	0.009332	0.007081	0.003304	11.424700
131.786000	41.858800	0.714314	1.853744	1.753020	0.714221	0.095524	0.932773	1.612553	1.518988	0.859216	0.180557	0.001488	0.001524	0.005078	0.140298	0.467878	0.460615	0.067540	0.003440	0.002215	0.003738	0.001938	0.005543	0.003270	0.003616	11.403100
138.214000	41.858800	0.765142	1.728320	1.830865	0.701349	0.039843	0.857170	1.611162	1.660902	0.929429	0.270632	0.006963	0.002265	0.000000	0.090079	0.455104	0.510809	0.145612	0.000742	0.003525	0.002243	0.004457	0.004792	0.009189	0.004937	11.635500
144.643000	41.858800	0.644904	1.702002	1.943679	0.755056	0.017725	0.816074	1.527787	1.726386	1.067836	0.407499	0.004661	0.004850	0.002966	0.023589	0.401337	0.514311	0.215976	0.000735	0.003076	0.001210	0.002166	0.004106	0.012024	0.003451	11.803400
151.071000	41.858800	0.630284	1.517404	1.917124	0.833206	0.006504	0.751437	1.307281	1.736757	1.094387	0.469453	0.009681	0.005077	0.008518	0.005567	0.331848	0.553874	0.270370	0.002607	0.000744	0.003576	0.003122	0.008017	0.008773	0.003365	11.479000
157.500000	41.858800	0.610165	1.330432	1.905882	0.845683	0.001891	0.676705	1.182795	1.715076	1.215819	0.472396	0.012910	0.004101	0.010811	0.002776	0.233601	0.515270	0.360781	0.001326	0.007387	0.008920	0.005592	0.003933	0.011582	0.003339	11.139200
163.929000	41.858800	0.657673	1.252383	1.861605	0.936536	0.003619	0.630709	1.086603	1.730039	1.383045	0.436073	0.033966	0.009729	0.014872	0.001304	0.154095	0.534432	0.416542	0.000738	0.003693	0.005917	0.002913	0.002092	0.013283	0.005443	11.177300
170.357000	41.858800	0.678047	1.072062	1.760722	0.960229	0.004267	0.522591	0.915213	1.707962	1.504149	0.565674	0.122375	0.010008	0.004343	0.001363	0.073290	0.523327	0.432518	0.000521	0.003411	0.005977	0.002046	0.001395	0.016363	0.001804	10.889700
176.786000	41.858800	0.666593	0.964396	1.760473	0.980044	0.002742	0.371279	0.827948	1.678229	1.644707	0.691792	0.235340	0.007060	0.007318	0.001493	0.015088	0.516543	0.483388	0.004611	0.000612	0.004370	0.002322	0.002562	0.019835	0.002078	10.890800
183.214000	41.858800	0.637071	0.961142	1.730027	0.996373	0.003875	0.233297	0.682090	1.581395	1.626792	0.779696	0.402431	0.004390	0.002838	0.000580	0.005169	0.460792	0.476592	0.011874	0.002098	0.007358	0.003007	0.005999	0.024622	0.001953	10.641500
189.643000	41.858800	0.687932	0.961271	1.715879	1.065953	0.004705	0.107767	0.561239	1.507056	1.769464	0.938319	0.531923	0.004249	0.008036	0.002205	0.001867	0.430431	0.531638	0.066477	0.000735	0.007162	0.001341	0.002955	0.014285	0.003462	10.926400
196.071000	41.858800	0.682973	0.891024	1.808698	1.186855	0.004190	0.030659	0.467475	1.325297	1.762973	1.016417	0.604797	0.001356	0.008583	0.007027	0.000000	0.382979	0.543477	0.154991	0.001480	0.013611	0.000618	0.005488	0.015026	0.004567	10.920600
202.500000	41.858800	0.599617	0.848937	1.913754	1.317550	0.002833	0.013661	0.500848	1.194082	1.728082	1.220693	0.707979	0.004787	0.007152	0.008135	0.001470	0.345104	0.562704	0.257585	0.000735	0.006770	0.001747	0.003319	0.010092	0.000646	11.258300
208.929000	41.858800	0.605419	0.802450	1.980176	1.471837	0.001925	0.001670	0.486567	1.118826	1.735874	1.308276	0.723047	0.019619	0.004348	0.001394	0.000751	0.296314	0.580785	0.332320	0.006373	0.007030	0.002614	0.004363	0.010917	0.007577	11.510500
215.357000	41.858800	0.686803	0.784232	1.939891	1.635421	0.001927	0.003364	0.388873	1.064714	1.746347	1.484527	0.826097	0.094402	0.005817	0.004239	0.003399	0.228924	0.504990	0.417169	0.023641	0.003975	0.004312	0.002390	0.005352	0.007755	11.868600
221.786000	41.858800	0.776229	0.751177	1.824396	1.705248	0.001343	0.000737	0.243612	0.947203	1.631644	1.586710	0.892720	0.164928	0.002196	0.006852	0.002855	0.145477	0.492479	0.497367	0.065952	0.000000	0.003500	0.002816	0.004025	0.008777	11.758200
228.214000	41.858800	0.716891	0.753358	1.725526	1.835230	0.000000	0.000731	0.153050	0.860530	1.551797	1.687062	0.978408	0.271635	0.008213	0.009776	0.001554	0.069244	0.441582	0.471364	0.160973	0.000735	0.002550	0.004460	0.002296	0.009942	11.716900
234.643000	41.858800	0.797965	0.648453	1.594322	1.930323	0.001447	0.001415	0.077640	0.832084	1.464938	1.706435	1.019281	0.401488	0.002778	0.004537	0.002985	0.015520	0.395493	0.560443	0.213929	0.001749	0.001496	0.002333	0.008624	0.007490	11.693200
241.071000	41.858800	0.835629	0.620503	1.446673	1.879485	0.004474	0.004188	0.024792	0.769196	1.373239	1.755282	1.120995	0.501618	0.001993	0.006616	0.009282	0.002974	0.331114	0.563086	0.276802	0.000903	0.003932	0.000864	0.006400	0.004979	11.545000
247.500000	41.858800	0.851176	0.592180	1.365549	1.927088	0.009929	0.000758	0.007402	0.707855	1.286154	1.760892	1.218307	0.502862	0.007833	0.003600	0.012626	0.000000	0.265009	0.558057	0.338169	0.003233	0.004423	0.001610	0.002623	0.009396	11.436700
253.929000	41.858800	0.917653	0.670904	1.259689	1.806719	0.030629	0.002514	0.003594	0.581001	1.090082	1.770641	1.346673	0.446283	0.007861	0.001323	0.015389	0.001470	0.165677	0.522916	0.416751	0.004969	0.003943	0.002893	0.002586	0.012325	11.084500
260.357000	41.858800	0.945886	0.606542	1.148051	1.780684	0.134809	0.000245	0.002215	0.533615	0.885053	1.747648	1.482457	0.570927	0.002309	0.002960	0.005207	0.003059	0.055076	0.540778	0.473671	0.003103	0.002610	0.000619	0.002516	0.015194	10.945200
266.786000	41.858800	0.918509	0.648919	0.960922	1.687684	0.219914	0.001674	0.004761	0.370258	0.807965	1.653607	1.594537	0.680075	0.002534	0.003841	0.004855	0.000758	0.014685	0.536184	0.461789	0.005895	0.001549	0.000590	0.002646	0.020681	10.604800
273.214000	41.858800	0.977394	0.671407	1.004813	1.685953	0.348937	0.002997	0.006996	0.251162	0.698508	1.646313	1.647455	0.808303	0.003527	0.004256	0.007078	0.002478	0.002162	0.439491	0.506961	0.010997	0.003213	0.001817	0.005215	0.017968	10.755400
279.643000	41.858800	1.128283	0.643772	0.985608	1.762079	0.539417	0.001338	0.006339	0.145133	0.595067	1.526927	1.718163	0.952804	0.002275	0.005185	0.008047	0.002220	0.000909	0.468687	0.526101	0.070545	0.000758	0.003567	0.003299	0.016758	11.113300
286.071000	41.858800	1.291798	0.683827	0.941023	1.804310	0.622722	0.000920	0.003340	0.038018	0.466119	1.371158	1.719475	1.062380	0.001232	0.019613	0.005715	0.008661	0.001167	0.430134	0.542211	0.150390	0.004118	0.003298	0.006881	0.014878	11.193400
292.500000	41.858800	1.356897	0.577673	0.881941	1.904118	0.692609	0.004635	0.006043	0.013869	0.530345	1.229244	1.719351	1.203107	0.004153	0.009762	0.007337	0.008949	0.000000	0.372129	0.564421	0.247305	0.007054	0.005494	0.004706	0.008507	11.359600
298.929000	41.858800	1.446232	0.594245	0.831087	1.927292	0.767516	0.008740	0.004102	0.008349	0.488008	1.097193	1.735637	1.354974	0.006712	0.007680	0.007437	0.001897	0.001956	0.279782	0.543102	0.327547	0.006248	0.004113	0.001179	0.006278	11.457300
305.357000	41.858800	1.681090	0.615225	0.806628	1.890569	0.822615	0.019766	0.006268	0.005167	0.395945	1.009648	1.747761	1.496074	0.028681	0.001183	0.001494	0.005070	0.000742	0.230263	0.533914	0.428863	0.004845	0.002845	0.006019	0.006817	11.747500
311.786000	41.858800	1.743678	0.725569	0.774203	1.844414	0.910793	0.043615	0.003066	0.003194	0.267244	0.959945	1.716026	1.619339	0.076992	0.002013	0.000000	0.006610	0.002992	0.142454	0.503876	0.460476	0.010123	0.003548	0.001397	0.009356	11.830900
318.214000	41.858800	1.840772	0.752978	0.692458	1.737469	0.964122	0.107205	0.004084	0.003154	0.174105	0.884040	1.559578	1.618920	0.146147	0.001632	0.002233	0.010164	0.001206	0.086978	0.471618	0.491694	0.007518	0.006081	0.001641	0.008061	11.573900
324.643000	41.858800	1.901686	0.742214	0.666596	1.606683	0.994464	0.169183	0.005314	0.003425	0.078773	0.792329	1.544220	1.715313	0.212232	0.001483	0.005158	0.002078	0.005406	0.026689	0.392275	0.527289	0.008408	0.003424	0.002103	0.012520	11.419300
331.071000	41.858800	1.909411	0.607985	0.593288	1.555315	1.110378	0.253581	0.009352	0.005232	0.023171	0.762668	1.295632	1.726781	0.293633	0.001493	0.000000	0.007681	0.004070	0.003397	0.365921	0.526354	0.010071	0.000000	0.001298	0.004163	11.070900
337.500000	41.858800	1.921886	0.419084	0.580432	1.361149	1.212788	0.270018	0.011424	0.001798	0.004403	0.682473	1.203152	1.776318	0.346919	0.000608	0.010507	0.006767	0.007445	0.001943	0.244103	0.536676	0.006760	0.001425	0.004511	0.003960	10.616600
343.929000	41.858800	1.846552	0.573043	0.658941	1.219913	1.325817	0.371302	0.032141	0.006289	0.003420	0.595188	1.070547	1.749525	0.422822	0.000000	0.006270	0.004456	0.016490	0.002250	0.141034	0.537264	0.011393	0.005210	0.000579	0.005929	10.606400
350.357000	41.858800	1.755814	0.638379	0.668155	1.105263	1.507158	0.512561	0.116820	0.002051	0.004525	0.535492	0.916636	1.689414	0.458215	0.002467	0.001476	0.002962	0.011434	0.000000	0.076841	0.524017	0.020858	0.002536	0.002449	0.003493	10.559000
356.786000	41.858800	1.730231	0.713367	0.634130	0.986830	1.581859	0.658933	0.209529	0.002255	0.003377	0.365716	0.787241	1.646765	0.509021	0.009946	0.000000	0.004222	0.005005	0.001019	0.012462	0.516067	0.017804	0.002664	0.000534	0.004228	10.403200
3.000000	45.006100	1.807488	0.638291	0.586234	0.977327	1.734823	0.806940	0.316697	0.009004	0.005423	0.200429	0.686378	1.631067	0.583176	0.021220	0.000187	0.007394	0.005183	0.000768	0.000746	0.573750	0.067343	0.007353	0.000907	0.003403	10.671500
9.000000	45.006100	1.916909	0.814731	0.498213	0.958138	1.812306	0.916741	0.462014	0.003369	0.005317	0.091003	0.550810	1.564792	0.606365	0.114070	0.000752	0.005193	0.005038	0.000766	0.000601	0.526607	0.067672	0.004324	0.001932	0.000698	10.928400
15.000000	45.006100	1.942085	0.961573	0.445686	0.883938	1.821761	1.050936	0.607575	0.003494	0.003575	0.024200	0.432911	1.472539	0.661742	0.208509	0.001377	0.004320	0.003639	0.002229	0.001852	0.500932	0.056423	0.003972	0.001587	0.001172	11.098000
21.000000	45.006100	1.950646	1.166034	0.446100	0.820614	1.857330	1.111332	0.680854	0.002561	0.006336	0.010621	0.456059	1.339378	0.613724	0.332465	0.000717	0.010103	0.002073	0.005912	0.002097	0.477777	0.042372	0.004885	0.001230	0.000989	11.342200
27.000000	45.006100	1.934847	1.340577	0.440292	0.788791	1.816072	1.365820	0.719197	0.009248	0.002358	0.006951	0.502709	1.183032	0.640197	0.427698	0.003606	0.003685	0.006990	0.000735	0.003267	0.392235	0.023121	0.006823	0.002528	0.003261	11.624000
33.000000	45.006100	1.911368	1.512575	0.527800	0.752218	1.810145	1.481213	0.822638	0.042871	0.003238	0.004631	0.390715	1.037765	0.599209	0.465209	0.037629	0.003811	0.004505	0.003421	0.000000	0.327555	0.020115	0.011739	0.003332	0.002913	11.776600
39.000000	45.006100	1.823140	1.689640	0.661633	0.693459	1.752093	1.622494	0.853301	0.084914	0.001875	0.004313	0.288414	0.927989	0.616892	0.489838	0.085957	0.002975	0.003766	0.003639	0.002545	0.247393	0.007353	0.009321	0.006600	0.003531	11.883100
45.000000	45.006100	1.749672	1.739132	0.683995	0.695514	1.618389	1.706922	0.938783	0.163851	0.000000	0.000758	0.142802	0.891530	0.568185	0.576297	0.171883	0.000521	0.005444	0.003573	0.001482	0.159235	0.008154	0.005947	0.005182	0.003839	11.841100
51.000000	45.006100	1.676317	1.843520	0.739321	0.664464	1.573783	1.732267	0.989594	0.279913	0.005368	0.003825	0.074393	0.878859	0.508678	0.619047	0.221611	0.002209	0.006684	0.006417	0.002723	0.105253	0.007243	0.009329	0.005189	0.003876	11.959900
57.000000	45.006100	1.590691	1.874837	0.762813	0.507582	1.499388	1.793611	1.035865	0.398111	0.004287	0.002829	0.034880	0.816160	0.476814	0.666735	0.324570	0.001174	0.004394	0.007955	0.001307	0.046482	0.007036	0.013921	0.005548	0.002626	11.879600
63.000000	45.006100	1.350846	1.949549	0.780303	0.403784	1.351016	1.835129	1.109988	0.510138	0.007251	0.003989	0.008802	0.734961	0.427819	0.642831	0.392403	0.000611	0.001998	0.008045	0.004530	0.002411	0.011336	0.024584	0.002550	0.001712	11.566600
69.000000	45.006100	1.136741	2.024137	0.806834	0.426786	1.225002	1.813923	1.309577	0.488976	0.009364	0.005226	0.003969	0.668745	0.324050	0.635871	0.429541	0.001165	0.007430	0.003866	0.003784	0.003208	0.008163	0.035231	0.004419	0.002229	11.378200
75.000000	45.006100	0.972547	1.897739	0.853082	0.446322	1.024841	1.786949	1.464577	0.462176	0.016501	0.006329	0.003079	0.566303	0.213773	0.591250	0.479284	0.000758	0.003545	0.007582	0.009562	0.003870	0.005409	0.051067	0.002101	0.000274	10.868900
81.000000	45.006100	0.779501	1.826386	0.909360	0.503988	0.933111	1.766207	1.551876	0.536787	0.080521	0.004501	0.005594	0.456343	0.128431	0.624664	0.507679	0.001673	0.001493	0.002966	0.003437	0.002162	0.003472	0.060427	0.002114	0.000594	10.693300
87.000000	45.006100	0.671692	1.787605	0.963071	0.607274	0.773701	1.782946	1.626724	0.691538	0.193321	0.004017	0.005148	0.318094	0.026272	0.592485	0.560385	0.002040	0.001512	0.006332	0.006037	0.003063	0.003577	0.059816	0.002038	0.000124	10.688800
93.000000	45.006100	0.676094	1.819148	0.861348	0.568117	0.662945	1.620775	1.763595	0.764003	0.310974	0.004434	0.008389	0.197777	0.002655	0.562146	0.554496	0.038629	0.000735	0.007485	0.004270	0.001118	0.005976	0.068053	0.002147	0.001505	10.506800
99.000000	45.006100	0.602251	1.877246	1.015199	0.541506	0.511797	1.550497	1.738464	0.887718	0.449554	0.003022	0.006586	0.095198	0.001352	0.555642	0.575418	0.115799	0.000000	0.002046	0.003500	0.001325	0.004960	0.068235	0.004407	0.000000	10.611700
105.000000	45.006100	0.489985	1.968210	1.188314	0.564750	0.337401	1.413717	1.829395	1.042919	0.585482	0.003029	0.003412	0.015071	0.000121	0.481843	0.624568	0.219177	0.001359	0.007859	0.002971	0.003000	0.002197	0.053050	0.005817	0.002644	10.846300
111.000000	45.006100	0.462828	1.892910	1.242612	0.591158	0.279635	1.318839	1.794911	1.184683	0.672389	0.004931	0.005406	0.007844	0.000124	0.441193	0.649650	0.304539	0.001354	0.006729	0.004979	0.004494	0.009124	0.038773	0.008392	0.002457	10.930000
117.000000	45.006100	0.594230	1.968617	1.357462	0.574450	0.313151	1.174052	1.748078	1.321633	0.727976	0.012342	0.006017	0.008320	0.000604	0.395317	0.671362	0.396042	0.006843	0.004222	0.007187	0.001408	0.004792	0.033056	0.014341	0.001518	11.343000
123.000000	45.006100	0.722945	1.952569	1.453674	0.575395	0.207531	1.057221	1.844618	1.429516	0.805492	0.038339	0.005686	0.005344	0.002683	0.312006	0.588445	0.473853	0.036934	0.001151	0.006182	0.002673	0.000743	0.014783	0.002739	0.004546	11.545100
129.000000	45.006100	0.723385	1.853349	1.682798	0.629787	0.158716	0.937977	1.783036	1.627007	0.873413	0.076368	0.002916	0.004508	0.001177	0.255603	0.610744	0.519998	0.093821	0.001806	0.004525	0.000626	0.002540	0.007608	0.003462	0.004893	11.860100
135.000000	45.006100	0.678893	1.771907	1.743169	0.668859	0.080000	0.926522	1.697421	1.635297	0.909053	0.171694	0.000000	0.000000	0.003224	0.173123	0.575929	0.566393	0.169884	0.002580	0.005421	0.000000	0.002538	0.007766	0.009085	0.003618	11.802400
141.000000	45.006100	0.623619	1.642535	1.846110	0.753278	0.029707	0.835908	1.613582	1.782425	1.037156	0.289123	0.003511	0.004404	0.002826	0.087728	0.508489	0.637698	0.246066	0.002984	0.005061	0.001478	0.005262	0.008850	0.013300	0.001257	11.982400
147.000000	45.006100	0.586096	1.568117	1.887923	0.796744	0.014080	0.769163	1.487072	1.792242	1.082196	0.392850	0.003966	0.006453	0.001336	0.034616	0.489411	0.628616	0.335672	0.004394	0.006549	0.004170	0.001259	0.003877	0.013310	0.005525	11.915600
153.000000	45.006100	0.548532	1.413423	1.991214	0.773076	0.002929	0.751065	1.369948	1.894154	1.135950	0.467557	0.007884	0.008465	0.006709	0.004254	0.393638	0.612035	0.384351	0.000520	0.001653	0.005163	0.002740	0.003372	0.030484	0.003557	11.812700
159.000000	45.006100	0.593983	1.244014	1.948260	0.836048	0.002215	0.654792	1.185973	1.841338	1.269461	0.490425	0.008915	0.006630	0.008785	0.001501	0.310708	0.635876	0.433239	0.000000	0.003662	0.006967	0.002536	0.007049	0.050923	0.003635	11.546900
165.000000	45.006100	0.594572	1.104100	1.911164	0.879577	0.002370	0.586800	0.986141	1.813425	1.456275	0.461212	0.017195	0.008212	0.009633	0.001497	0.222170	0.628063	0.506712	0.000000	0.005822	0.005159	0.001321	0.006168	0.039174	0.004841	11.251600
171.000000	45.006100	0.599149	1.028828	1.765314	0.881551	0.001506	0.454487	0.909666	1.828320	1.545543	0.560877	0.092075	0.004697	0.002250	0.002287	0.131929	0.570305	0.546789	0.002961	0.000000	0.005763	0.000000	0.007164	0.065148	0.002746	11.009400
177.000000	45.006100	0.561430	0.936276	1.853089	0.919311	0.002265	0.322409	0.768265	1.718254	1.645611	0.671305	0.190657	0.002531	0.004226	0.000000	0.036052	0.598841	0.520659	0.003386	0.001362	0.003999	0.004123	0.004016	0.065661	0.004310	10.838000
183.000000	45.006100	0.579439	0.928132	1.826352	0.901087	0.005530	0.194636	0.693448	1.679134	1.789573	0.814518	0.328894	0.001499	0.006116	0.000758	0.001381	0.564654	0.558773	0.047221	0.000758	0.001582	0.001407	0.002943	0.070341	0.003954	11.002100
189.000000	45.006100	0.588877	0.963519	1.806945	0.970992	0.003579	0.097323	0.546987	1.509635	1.821693	0.929487	0.450627	0.001486	0.004946	0.000735	0.002707	0.526056	0.580991	0.131357	0.000736	0.003700	0.001266	0.003478	0.055848	0.001933	11.004900
195.000000	45.006100	0.630598	0.804289	1.873491	1.120219	0.002590	0.017897	0.464961	1.424472	1.857816	1.025801	0.568519	0.003006	0.004722	0.008114	0.001260	0.481062	0.600489	0.243622	0.002012	0.005109	0.001384	0.005029	0.051621	0.004921	11.203000
201.000000	45.006100	0.593674	0.812244	1.935491	1.276303	0.002698	0.007273	0.480959	1.253085	1.831057	1.185927	0.655103	0.002603	0.005079	0.005687	0.002090	0.463065	0.617264	0.318293	0.002229	0.013426	0.003050	0.002167	0.049060	0.004319	11.522100
207.000000	45.006100	0.557551	0.796343	1.963347	1.375524	0.000000	0.007687	0.482264	1.158411	1.801788	1.285996	0.758194	0.005942	0.005906	0.000618	0.001347	0.377212	0.649685	0.415008	0.006918	0.005769	0.001849	0.003031	0.028162	0.005590	11.694100
213.000000	45.006100	0.555152	0.760373	1.899752	1.545464	0.000737	0.001452	0.388462	1.052819	1.743045	1.450394	0.797075	0.028452	0.002810	0.007184	0.002585	0.298371	0.635764	0.447684	0.041746	0.000766	0.002593	0.004852	0.016719	0.006883	11.691100
219.000000	45.006100	0.646574	0.738999	1.910384	1.649231	0.000000	0.000735	0.291225	1.034275	1.749582	1.590601	0.889475	0.080212	0.004814	0.003524	0.002056	0.239271	0.585785	0.523792	0.105307	0.001030	0.002194	0.004559	0.009498	0.006060	12.069200
225.000000	45.006100	0.674574	0.647550	1.730140	1.661705	0.000736	0.000000	0.177874	0.874391	1.749797	1.703246	0.915274	0.171475	0.003715	0.004520	0.000000	0.174622	0.573604	0.577269	0.168943	0.001493	0.002848	0.001512	0.007761	0.008117	11.831200
231.000000	45.006100	0.712607	0.648361	1.670301	1.840410	0.003969	0.000625	0.082990	0.886942	1.625876	1.746890	0.949802	0.247561	0.002247	0.005364	0.002172	0.103937	0.518811	0.585021	0.233092	0.003051	0.004920	0.002952	0.003995	0.002252	11.884200
237.000000	45.006100	0.774688	0.577629	1.554342	1.923989	0.008123	0.001134	0.039898	0.793663	1.489492	1.850533	1.053719	0.362892	0.004515	0.004380	0.002943	0.030229	0.432496	0.625084	0.319310	0.001346	0.005502	0.005370	0.009886	0.015455	11.886600
243.000000	45.006100	0.788912	0.521106	1.389016	2.030629	0.003508	0.002194	0.008474	0.693345	1.363275	1.821014	1.130985	0.519777	0.000758	0.005653	0.004419	0.002493	0.410247	0.618597	0.399798	0.001493	0.000188	0.001307	0.005918	0.029959	11.753100
249.000000	45.006100	0.850323	0.580672	1.234186	1.820053	0.003440	0.003963	0.000598	0.629093	1.234808	1.843034	1.259237	0.497753	0.004989	0.004713	0.005186	0.000744	0.324382	0.640068	0.473924	0.001280	0.006079	0.002362	0.004315	0.034984	11.460200
255.000000	45.006100	0.845352	0.594351	1.142713	2.014105	0.017442	0.002556	0.002066	0.585810	1.085435	1.807793	1.377605	0.451504	0.007790	0.004418	0.009586	0.000601	0.227325	0.579957	0.488363	0.000000	0.001229	0.001943	0.006336	0.048915	11.303200
261.000000	45.006100	0.933847	0.606059	0.984061	1.834066	0.100678	0.003860	0.003597	0.473438	0.896356	1.763889	1.479867	0.565605	0.000000	0.004033	0.002185	0.001445	0.128395	0.588551	0.544723	0.002067	0.002738	0.002862	0.005018	0.068899	10.996200
267.000000	45.006100	0.946526	0.572982	0.906888	1.812894	0.191611	0.001808	0.004972	0.308930	0.817596	1.681237	1.646358	0.710135	0.001613	0.002811	0.007602	0.000000	0.025054	0.608770	0.582158	0.002184	0.001973	0.001191	0.002393	0.064675	10.902400
273.000000	45.006100	0.899513	0.596154	0.922460	1.818243	0.291511	0.005614	0.002531	0.214370	0.690273	1.668559	1.720391	0.800388	0.001493	0.001475	0.002990	0.001593	0.001598	0.541395	0.589475	0.026913	0.006557	0.000889	0.004291	0.059757	10.868400
279.000000	45.006100	1.016966	0.625866	0.928985	1.843996	0.478855	0.002260	0.004126	0.100893	0.587079	1.571940	1.775843	0.971763	0.001602	0.001401	0.007294	0.000758	0.003470	0.513957	0.589124	0.114406	0.003439	0.000537	0.005909	0.055499	11.206000
285.000000	45.006100	1.155040	0.619570	0.862164	1.883783	0.554497	0.002864	0.009315	0.022313	0.498153	1.447341	1.879904	1.047154	0.001126	0.007007	0.005069	0.001972	0.002700	0.491621	0.623585	0.219347	0.006794	0.001725	0.005502	0.043673	11.392200
291.000000	45.006100	1.263795	0.591417	0.821602	1.913901	0.624856	0.001562	0.004824	0.007679	0.497677	1.258332	1.844810	1.175285	0.000000	0.006613	0.008315	0.008864	0.000000	0.454045	0.645440	0.324364	0.007141	0.002379	0.003182	0.041977	11.508100
297.000000	45.006100	1.347182	0.592905	0.767369	1.976082	0.741362	0.003506	0.002003	0.008642	0.539598	1.159553	1.827438	1.332920	0.003574	0.003636	0.008334	0.000000	0.000876	0.389945	0.663471	0.415851	0.011314	0.001380	0.001355	0.017324	11.815600
303.000000	45.006100	1.538915	0.581639	0.770476	1.963505	0.806927	0.013550	0.003951	0.002581	0.407411	1.078612	1.782878	1.435658	0.042790	0.004424	0.003627	0.006464	0.001343	0.331181	0.643389	0.465150	0.010649	0.000747	0.002264	0.018893	11.917000
309.000000	45.006100	1.626091	0.622340	0.712905	1.804479	0.876420	0.041579	0.004186	0.000213	0.257544	0.994624	1.694922	1.632594	0.090718	0.001802	0.001294	0.002237	0.004913	0.254071	0.581454	0.511159	0.013343	0.005196	0.002102	0.004748	11.740900
315.000000	45.006100	1.711174	0.699574	0.660863	1.727912	0.904858	0.075858	0.000000	0.000000	0.151597	0.898323	1.691586	1.656752	0.167807	0.001334	0.000768	0.004693	0.002667	0.153288	0.554191	0.550582	0.007563	0.004972	0.004196	0.007015	11.637600
321.000000	45.006100	1.804276	0.718369	0.642468	1.665618	0.969470	0.141692	0.006241	0.001952	0.076169	0.870943	1.563016	1.743588	0.224979	0.001891	0.000000	0.003644	0.000735	0.109396	0.500536	0.577200	0.006450	0.001982	0.003627	0.006453	11.640700
327.000000	45.006100	1.889709	0.687959	0.575713	1.536495	1.060072	0.239640	0.004529	0.004536	0.027679	0.822955	1.492319	1.783183	0.313687	0.002068	0.003272	0.006800	0.002238	0.032020	0.455873	0.630686	0.012990	0.005462	0.004105	0.007426	11.601400
333.000000	45.006100	1.929248	0.604144	0.572252	1.388575	1.125981	0.337576	0.005765	0.003062	0.012191	0.721395	1.297871	1.890840	0.422579	0.001132	0.001280	0.005813	0.007950	0.000735	0.403267	0.606902	0.021965	0.004362	0.004141	0.005708	11.374700
339.000000	45.006100	1.886916	0.457134	0.614465	1.287919	1.332592	0.314877	0.007331	0.004311	0.001806	0.667184	1.196728	1.836328	0.460031	0.003354	0.003577	0.004273	0.006738	0.003014	0.313182	0.584484	0.044252	0.003600	0.002541	0.004088	11.040700
345.000000	45.006100	1.906403	0.505226	0.624994	1.113318	1.416386	0.345309	0.027048	0.004927	0.003673	0.572783	0.987689	1.832460	0.513935	0.003574	0.003526	0.006795	0.003870	0.000000	0.222007	0.619450	0.054933	0.002579	0.001410	0.003567	10.775900
351.000000	45.006100	1.859931	0.605395	0.590941	1.034204	1.539922	0.499182	0.089600	0.004373	0.002808	0.445242	0.921016	1.784427	0.511093	0.000893	0.001516	0.005578	0.005937	0.001524	0.104965	0.603539	0.051185	0.001921	0.000000	0.004344	10.669500
357.000000	45.006100	1.843939	0.610625	0.537155	0.925664	1.710801	0.674381	0.194102	0.005265	0.003474	0.318257	0.777724	1.766626	0.545234	0.001853	0.002016	0.003801	0.004174	0.001109	0.032935	0.603099	0.063973	0.007010	0.000874	0.004195	10.638300
2.812500	48.189700	1.902173	0.635195	0.477187	0.911343	1.833794	0.770420	0.269465	0.003441	0.003933	0.160707	0.690838	1.701459	0.695918	0.077225	0.000479	0.002743	0.001493	0.000814	0.020854	0.657072	0.123921	0.005072	0.002670	0.003708	10.951900
8.437500	48.189700	1.896099	0.680679	0.470161	0.883636	1.822134	0.913141	0.380602	0.004866	0.001756	0.060471	0.546683	1.623614	0.692674	0.176622	0.001351	0.002206	0.003006	0.002107	0.003231	0.581066	0.123961	0.007148	0.003657	0.004494	10.885400
14.062500	48.189700	1.951596	0.885491	0.430156	0.842356	1.877574	0.972879	0.542427	0.004692	0.002197	0.014326	0.446654	1.501028	0.730500	0.284263	0.001352	0.005162	0.005252	0.001986	0.000758	0.595530	0.106486	0.004013	0.003302	0.003965	11.213900
19.687500	48.189700	1.958778	1.038455	0.368616	0.763194	1.852048	1.130958	0.663175	0.002655	0.004453	0.006905	0.478231	1.393495	0.757529	0.383495	0.000758	0.005953	0.005047	0.004848	0.001368	0.523667	0.111126	0.006832	0.002597	0.006369	11.470600
25.312500	48.189700	1.942040	1.190395	0.388186	0.749409	1.862645	1.359894	0.725414	0.003286	0.006310	0.005678	0.495423	1.225998	0.679641	0.463239	0.012880	0.004298	0.007402	0.002095	0.002741	0.502711	0.076814	0.007925	0.002612	0.006630	11.723700
30.937500	48.189700	1.857567	1.398980	0.417861	0.707122	1.962058	1.533136	0.748147	0.016008	0.005621	0.006104	0.392994	1.133247	0.672057	0.542785	0.049688	0.001349	0.002162	0.004460	0.003465	0.396653	0.067505	0.010244	0.002041	0.001815	11.933100
36.562500	48.189700	1.709511	1.573614	0.528502	0.659406	1.884564	1.610574	0.832194	0.064933	0.004343	0.009251	0.267166	0.988229	0.680070	0.586320	0.110254	0.002379	0.001406	0.002155	0.002990	0.369164	0.039989	0.009954	0.002483	0.004475	11.943900
42.187500	48.189700	1.716037	1.616263	0.612100	0.591936	1.737616	1.678885	0.908781	0.108806	0.003494	0.004919	0.206536	0.965851	0.660708	0.646123	0.193981	0.000000	0.004263	0.002230	0.001990	0.285066	0.018418	0.006635	0.004067	0.003696	11.978400
47.812500	48.189700	1.650237	1.674089	0.633792	0.653323	1.699174	1.779406	0.970006	0.160770	0.003478	0.003419	0.105867	0.862377	0.641700	0.666978	0.255036	0.000735	0.003401	0.001470	0.000000	0.198010	0.007997	0.024051	0.004278	0.004538	12.004100
53.437500	48.189700	1.569384	1.770358	0.643335	0.561704	1.603618	1.845228	1.020130	0.275036	0.004938	0.007113	0.042909	0.866910	0.577762	0.712472	0.364859	0.002521	0.003519	0.005794	0.004236	0.112602	0.006862	0.035548	0.001311	0.005064	12.043200
59.062500	48.189700	1.392443	1.871874	0.717919	0.420007	1.554331	1.897457	1.133213	0.408953	0.005831	0.003828	0.014878	0.730956	0.528525	0.729861	0.470667	0.001993	0.008029	0.002231	0.002989	0.055982	0.011560	0.061010	0.002189	0.002992	12.029700
64.687500	48.189700	1.197599	1.928163	0.711605	0.393937	1.397284	1.899255	1.234378	0.504398	0.006688	0.002397	0.004362	0.711860	0.460302	0.695708	0.481283	0.000000	0.000000	0.002510	0.010241	0.004261	0.006298	0.072267	0.004063	0.004478	11.733300
70.312500	48.189700	0.977340	1.925030	0.802843	0.412000	1.208784	1.941406	1.358729	0.483077	0.008654	0.005073	0.001377	0.628913	0.370318	0.743848	0.513218	0.000518	0.004349	0.002392	0.009484	0.002323	0.004121	0.100475	0.003928	0.003805	11.512000
75.937500	48.189700	0.845073	1.892356	0.900758	0.436170	1.033434	1.861480	1.535421	0.459624	0.017854	0.003355	0.004695	0.531971	0.302151	0.703284	0.560798	0.002409	0.002306	0.004372	0.005248	0.004110	0.007688	0.100850	0.003411	0.002401	11.221200
81.562500	48.189700	0.750504	1.982981	0.880682	0.458948	0.933012	1.837357	1.554806	0.579337	0.066621	0.003472	0.007387	0.391697	0.162532	0.693646	0.579013	0.006357	0.000751	0.005885	0.000000	0.000261	0.003956	0.121180	0.005748	0.006065	11.032200
87.187500	48.189700	0.569099	1.892537	0.926437	0.515051	0.781805	1.804129	1.683544	0.714655	0.152955	0.005581	0.002969	0.283222	0.086417	0.680174	0.636255	0.026978	0.002206	0.003064	0.002007	0.001386	0.005388	0.126110	0.004522	0.006599	10.913100
92.812500	48.189700	0.584429	1.904378	0.858973	0.530984	0.673296	1.698055	1.813324	0.811180	0.250185	0.005363	0.003313	0.153814	0.020023	0.618910	0.661699	0.074507	0.000743	0.000737	0.002699	0.001591	0.007046	0.144118	0.007077	0.001589	10.828000
98.437500	48.189700	0.518811	1.926636	0.902726	0.521710	0.561457	1.583012	1.880481	0.922098	0.400673	0.002398	0.003778	0.066643	0.007054	0.586760	0.658429	0.163012	0.001389	0.002983	0.005062	0.000758	0.001263	0.109140	0.004242	0.001362	10.831900
104.062000	48.189700	0.400904	1.900080	1.008234	0.571507	0.384129	1.496560	1.853292	1.028440	0.537919	0.002973	0.003154	0.013090	0.001148	0.596344	0.695304	0.278079	0.000000	0.004807	0.005839	0.001485	0.003396	0.091243	0.006507	0.003907	10.888300
109.688000	48.189700	0.417886	1.974747	1.190429	0.546736	0.342779	1.358853	1.871964	1.204554	0.592162	0.000779	0.003580	0.003355	0.000611	0.539369	0.729280	0.402237	0.000763	0.010867	0.009416	0.002081	0.004738	0.085538	0.004078	0.002916	11.299700
115.312000	48.189700	0.571725	1.911605	1.325580	0.524876	0.348908	1.212030	1.851234	1.348640	0.713571	0.000000	0.001185	0.005463	0.003875	0.492650	0.685805	0.467617	0.007792	0.004971	0.002979	0.000737	0.001711	0.075719	0.007786	0.002823	11.569300
120.938000	48.189700	0.711287	1.856889	1.346854	0.511655	0.238219	1.057501	1.916853	1.542139	0.744517	0.016922	0.007058	0.007611	0.001242	0.441267	0.701738	0.531084	0.053402	0.001918	0.006257	0.002976	0.004313	0.060319	0.004579	0.002849	11.769400
126.562000	48.189700	0.687256	1.841089	1.562259	0.564854	0.172721	1.043127	1.797207	1.573704	0.801745	0.055954	0.002782	0.003853	0.002348	0.341843	0.717622	0.571703	0.116041	0.001281	0.002911	0.000745	0.003770	0.036830	0.007119	0.003044	11.911800
132.188000	48.189700	0.632229	1.696754	1.633985	0.569796	0.103679	0.998717	1.773479	1.761106	0.927011	0.096677	0.004990	0.004199	0.001618	0.298048	0.654196	0.609434	0.191375	0.001932	0.004010	0.002823	0.005402	0.025932	0.011519	0.005466	12.014400
137.812000	48.189700	0.598865	1.659907	1.733929	0.631278	0.048933	0.927882	1.700848	1.758200	0.950989	0.169720	0.001481	0.001324	0.004323	0.172695	0.638893	0.669964	0.260304	0.000000	0.003169	0.000000	0.003111	0.011595	0.019451	0.002777	11.969600
143.437000	48.189700	0.595434	1.548574	1.834405	0.704898	0.024145	0.837908	1.580988	1.864149	1.008060	0.291212	0.007041	0.004260	0.002054	0.127273	0.567162	0.689048	0.344113	0.002708	0.003556	0.002026	0.003562	0.008557	0.035155	0.001401	12.087700
149.062000	48.189700	0.518144	1.419338	1.876398	0.678557	0.004274	0.782435	1.522426	1.853145	1.106582	0.391233	0.004265	0.003515	0.001547	0.064772	0.561080	0.674609	0.460539	0.001784	0.005143	0.003103	0.003367	0.007520	0.048609	0.000885	11.993300
154.688000	48.189700	0.495175	1.257823	1.914138	0.777466	0.006674	0.715864	1.344060	1.881227	1.229221	0.518433	0.007777	0.007608	0.003606	0.004003	0.456292	0.690031	0.520464	0.001310	0.001494	0.002243	0.003180	0.007290	0.090281	0.008595	11.944200
160.312000	48.189700	0.549185	1.150652	1.916830	0.758527	0.000751	0.618480	1.167741	1.877461	1.383011	0.486314	0.008565	0.004668	0.005120	0.000000	0.384198	0.708899	0.535723	0.000000	0.004254	0.003729	0.003201	0.002011	0.100958	0.006566	11.676900
165.938000	48.189700	0.569801	1.028792	1.878762	0.844817	0.000000	0.560502	1.046040	1.884564	1.465504	0.423689	0.012187	0.004425	0.007643	0.001312	0.282138	0.688417	0.547899	0.002530	0.000589	0.008038	0.001149	0.005670	0.117708	0.006700	11.388900
171.562000	48.189700	0.524975	0.923155	1.925335	0.912087	0.002759	0.384064	0.924141	1.842785	1.648518	0.556347	0.077022	0.004310	0.002081	0.000757	0.154516	0.658709	0.586645	0.005183	0.001991	0.004338	0.001624	0.004785	0.115039	0.002145	11.263300
177.188000	48.189700	0.498180	0.913155	1.920517	0.937892	0.006149	0.262135	0.765284	1.808834	1.747874	0.704736	0.163846	0.002198	0.001308	0.000000	0.081905	0.669011	0.631965	0.023698	0.000000	0.003236	0.003664	0.002533	0.122309	0.004309	11.274700
182.812000	48.189700	0.505666	0.875869	1.903586	0.879552	0.007145	0.153421	0.739144	1.653415	1.842050	0.801738	0.259798	0.006045	0.001493	0.000758	0.028965	0.607104	0.663942	0.080506	0.002138	0.000727	0.004322	0.006848	0.130959	0.005343	11.160500
188.438000	48.189700	0.527679	0.853521	1.919601	0.944957	0.001961	0.069711	0.528019	1.607622	1.932472	0.962683	0.390738	0.002214	0.002898	0.002695	0.007592	0.621267	0.680254	0.158170	0.001997	0.002226	0.000745	0.004894	0.110852	0.004306	11.339100
194.062000	48.189700	0.558608	0.839200	1.869589	1.060799	0.001559	0.012111	0.420317	1.500632	1.827653	1.053330	0.545988	0.005431	0.005891	0.000753	0.001968	0.595831	0.732229	0.286910	0.000000	0.009571	0.001708	0.005299	0.101526	0.006228	11.443100
199.687000	48.189700	0.517926	0.827819	1.899198	1.169913	0.001981	0.006800	0.463820	1.368252	1.879429	1.180623	0.666832	0.002177	0.004427	0.008891	0.000768	0.533843	0.745161	0.389585	0.000000	0.007400	0.001205	0.006789	0.087331	0.005471	11.775600
205.312000	48.189700	0.492600	0.708254	1.949685	1.309226	0.005125	0.006703	0.517687	1.261623	1.860293	1.311556	0.688349	0.003568	0.005259	0.000758	0.002531	0.478294	0.714688	0.489354	0.007177	0.005316	0.001917	0.003569	0.084805	0.006343	11.914700
210.938000	48.189700	0.517276	0.713349	1.829214	1.403990	0.003839	0.003145	0.386214	1.088247	1.834541	1.478895	0.772896	0.014493	0.004467	0.007418	0.001431	0.411642	0.719941	0.527841	0.051446	0.001854	0.003171	0.004585	0.054724	0.007659	11.842300
216.562000	48.189700	0.544662	0.690725	1.826160	1.526543	0.001494	0.004249	0.285190	1.064822	1.846665	1.513163	0.825979	0.057781	0.005060	0.005824	0.004112	0.397030	0.649473	0.578350	0.127909	0.000735	0.007357	0.001689	0.044014	0.006693	12.015700
222.188000	48.189700	0.578532	0.674788	1.715675	1.631429	0.000000	0.001312	0.175486	0.920040	1.835208	1.671194	0.912222	0.099641	0.003560	0.002788	0.001469	0.285835	0.684687	0.640113	0.182225	0.003845	0.004515	0.005216	0.020138	0.011788	12.061700
227.812000	48.189700	0.645914	0.625021	1.642513	1.775063	0.002410	0.000735	0.099702	0.894465	1.664080	1.805644	0.908244	0.175455	0.000758	0.003601	0.001515	0.198616	0.574771	0.665060	0.265204	0.001253	0.000612	0.006866	0.011821	0.021620	11.990900
233.438000	48.189700	0.711278	0.526923	1.515391	1.841688	0.002257	0.004247	0.050217	0.764785	1.607498	1.845115	1.019444	0.276612	0.004783	0.005443	0.003667	0.105920	0.591778	0.697964	0.369642	0.001374	0.002174	0.005160	0.012762	0.048471	12.014600
239.062000	48.189700	0.738413	0.528251	1.370219	1.869985	0.002922	0.000000	0.013864	0.795735	1.495237	1.905882	1.133654	0.395054	0.006727	0.006669	0.003973	0.051489	0.576684	0.709241	0.410341	0.000604	0.003341	0.004067	0.007352	0.076921	12.106600
244.687000	48.189700	0.801256	0.488798	1.232829	1.810609	0.002877	0.000738	0.003251	0.680898	1.372074	1.862724	1.236799	0.503042	0.000758	0.005253	0.005357	0.005911	0.485310	0.744818	0.467204	0.000704	0.006362	0.002870	0.008076	0.080180	11.808700
250.312000	48.189700	0.779217	0.557151	1.136006	1.966242	0.007771	0.002909	0.004989	0.629574	1.175658	1.850046	1.349217	0.458594	0.005166	0.003722	0.002958	0.000611	0.383268	0.698779	0.536622	0.003286	0.007218	0.004209	0.008503	0.082880	11.654600
255.937000	48.189700	0.868478	0.546519	1.083720	1.861277	0.019648	0.004170	0.006122	0.563662	1.051084	1.834574	1.523421	0.432655	0.000000	0.003700	0.004307	0.000577	0.282850	0.743221	0.558917	0.001308	0.003865	0.001573	0.002733	0.111715	11.510100
261.562000	48.189700	0.848015	0.504451	0.972186	1.862035	0.072706	0.002328	0.003101	0.433242	0.917631	1.811989	1.546504	0.564410	0.000748	0.002022	0.003735	0.003176	0.187515	0.685153	0.605592	0.002652	0.004825	0.003283	0.001918	0.105696	11.144900
267.188000	48.189700	0.917753	0.544801	0.876626	1.872270	0.162197	0.005389	0.006845	0.271455	0.768122	1.737560	1.674587	0.684898	0.000823	0.003198	0.001516	0.000717	0.070269	0.656178	0.642647	0.021928	0.004767	0.001349	0.002814	0.127916	11.056600
272.812000	48.189700	0.926911	0.502035	0.857743	1.866377	0.250135	0.005293	0.004852	0.156117	0.701656	1.709127	1.814997	0.815102	0.002939	0.002306	0.002912	0.001297	0.025625	0.611003	0.633031	0.084130	0.005794	0.001274	0.004132	0.120592	11.105400
278.438000	48.189700	0.970481	0.483694	0.868013	2.014512	0.391649	0.003490	0.002553	0.065862	0.559602	1.551367	1.860101	0.918256	0.000846	0.003570	0.002973	0.000000	0.005815	0.605418	0.712182	0.172369	0.001947	0.001984	0.003606	0.124733	11.325000
284.062000	48.189700	0.942649	0.548615	0.839859	1.884450	0.535083	0.001956	0.003111	0.015000	0.437958	1.545057	1.943385	1.040777	0.002453	0.006579	0.001400	0.002103	0.002339	0.591707	0.714636	0.311958	0.008565	0.002731	0.007406	0.113269	11.503100
289.688000	48.189700	1.152575	0.553217	0.778097	1.825787	0.641956	0.001861	0.006824	0.009270	0.474805	1.357700	1.874487	1.140553	0.000000	0.005257	0.006063	0.004945	0.000708	0.500104	0.698479	0.392038	0.007391	0.002916	0.002092	0.104240	11.541400
295.312000	48.189700	1.277887	0.490749	0.762002	1.936758	0.711330	0.003926	0.007149	0.011731	0.489961	1.216215	1.859026	1.336980	0.006492	0.002105	0.005302	0.001466	0.000000	0.466800	0.673009	0.483003	0.007449	0.004351	0.001869	0.070770	11.826300
300.938000	48.189700	1.383870	0.525153	0.701219	1.886362	0.817196	0.004415	0.001406	0.007923	0.390216	1.065776	1.802885	1.524812	0.040570	0.002182	0.005093	0.004781	0.001402	0.422628	0.696735	0.524328	0.009963	0.005998	0.007089	0.053358	11.885400
306.562000	48.189700	1.539187	0.573997	0.684173	1.815190	0.854032	0.026199	0.004884	0.006667	0.296835	1.030075	1.804016	1.615166	0.120886	0.003989	0.001597	0.002227	0.001357	0.329479	0.671167	0.571734	0.006536	0.000758	0.002572	0.039041	12.001800
312.187000	48.189700	1.646222	0.614980	0.645473	1.678749	0.934435	0.057630	0.003634	0.005069	0.165607	0.918717	1.716501	1.712882	0.176745	0.003391	0.000735	0.000735	0.002215	0.284223	0.660353	0.620246	0.011457	0.000891	0.003380	0.024227	11.888500
317.812000	48.189700	1.772608	0.619457	0.597229	1.669724	0.967349	0.109014	0.003325	0.002714	0.093558	0.911466	1.678998	1.815427	0.284186	0.002581	0.000576	0.004340	0.003164	0.212531	0.612645	0.682412	0.018853	0.001935	0.003110	0.015491	12.082700
323.438000	48.189700	1.840682	0.700417	0.565228	1.567371	1.035888	0.168387	0.007101	0.002643	0.047466	0.846313	1.622947	1.771783	0.360888	0.000564	0.001473	0.000000	0.002245	0.128605	0.592806	0.681571	0.034160	0.004510	0.001381	0.009055	11.993500
329.062000	48.189700	1.947434	0.679850	0.525050	1.419994	1.078809	0.262726	0.002295	0.001817	0.011052	0.802816	1.496221	1.816106	0.423465	0.002263	0.004285	0.007542	0.000735	0.046407	0.534481	0.708871	0.054745	0.004254	0.003656	0.007388	11.842300
334.688000	48.189700	1.949968	0.541934	0.512413	1.280873	1.241786	0.346451	0.001337	0.003225	0.002820	0.713473	1.329380	1.860847	0.481847	0.000602	0.001480	0.004370	0.004012	0.007090	0.477746	0.740212	0.074547	0.005366	0.003391	0.005663	11.590800
340.312000	48.189700	1.969862	0.432778	0.547087	1.104215	1.347883	0.353374	0.006119	0.002318	0.001959	0.648522	1.246423	1.918425	0.497459	0.001202	0.002206	0.006428	0.005783	0.002207	0.385802	0.703860	0.094439	0.003458	0.002396	0.006851	11.291100
345.938000	48.189700	1.947186	0.437748	0.498752	1.031969	1.495034	0.365734	0.012898	0.007210	0.004688	0.512718	1.060226	1.890761	0.561296	0.000173	0.003352	0.005666	0.004216	0.000784	0.266052	0.740953	0.114071	0.002932	0.000369	0.003390	10.968200
351.562000	48.189700	1.876839	0.559172	0.505477	0.970391	1.656050	0.535048	0.061617	0.002979	0.002268	0.428133	0.862666	1.801776	0.584069	0.005714	0.000740	0.002973	0.005792	0.001250	0.157600	0.701806	0.126349	0.003102	0.000660	0.006516	10.859000
357.187000	48.189700	1.870766	0.600545	0.533616	0.866002	1.734348	0.669889	0.141622	0.007622	0.006235	0.260541	0.786077	1.849786	0.638345	0.022922	0.001559	0.002709	0.000131	0.000000	0.084774	0.670784	0.120390	0.006219	0.003983	0.004234	10.883100
0.000000	51.317800	1.951981	0.593548	0.429878	0.886919	1.808042	0.717525	0.144888	0.006508	0.003516	0.181766	0.720069	1.850024	0.716528	0.079683	0.001420	0.002064	0.002236	0.000000	0.093895	0.724333	0.227790	0.006267	0.005029	0.002030	11.155900
5.625000	51.317800	1.956923	0.552008	0.459319	0.862324	1.839981	0.836909	0.285854	0.004753	0.003029	0.062933	0.590791	1.680298	0.764173	0.173533	0.000735	0.001471	0.002520	0.000758	0.056063	0.675535	0.214076	0.006327	0.000000	0.002742	11.033100
11.250000	51.317800	1.847004	0.720554	0.389005	0.819101	1.934632	0.975942	0.411917	0.004100	0.001577	0.019665	0.511626	1.630264	0.748950	0.289366	0.002848	0.007267	0.000626	0.001471	0.012791	0.645857	0.181381	0.002125	0.003241	0.003174	11.164500
16.875000	51.317800	1.914138	0.849061	0.354145	0.736612	1.843566	1.126961	0.545890	0.002678	0.005519	0.008848	0.441555	1.505043	0.812300	0.371913	0.001564	0.006675	0.002234	0.003830	0.002843	0.606087	0.207117	0.004748	0.002207	0.003132	11.358700
22.500000	51.317800	1.890004	1.007793	0.325708	0.732075	1.808596	1.329527	0.645219	0.003942	0.005661	0.009819	0.492794	1.326587	0.752033	0.491287	0.002200	0.003411	0.006012	0.002716	0.002262	0.573660	0.152564	0.007968	0.002706	0.005718	11.580300
28.125000	51.317800	1.887131	1.244116	0.322826	0.720732	1.876975	1.442138	0.714411	0.006393	0.003857	0.007377	0.408390	1.173238	0.762371	0.572206	0.046135	0.002806	0.005076	0.004497	0.002107	0.525218	0.144147	0.007007	0.005065	0.004355	11.888600
33.750000	51.317800	1.808800	1.410946	0.396492	0.628622	1.963460	1.609477	0.744203	0.014768	0.006725	0.004688	0.307267	1.063640	0.775730	0.608774	0.119927	0.001311	0.002101	0.001361	0.001350	0.424121	0.102841	0.012017	0.002639	0.003660	12.014900
39.375000	51.317800	1.766693	1.583080	0.546692	0.615623	1.838940	1.661400	0.891654	0.059118	0.003052	0.006080	0.191164	0.973377	0.737361	0.663299	0.192492	0.000000	0.003102	0.001359	0.001939	0.426600	0.080628	0.015039	0.005135	0.002721	12.266500
45.000000	51.317800	1.674915	1.631192	0.563201	0.569028	1.772337	1.811367	0.854767	0.095637	0.000752	0.000000	0.113741	0.911643	0.671855	0.703502	0.304508	0.002119	0.002959	0.000735	0.000736	0.305400	0.046265	0.047691	0.002859	0.001346	12.088600
50.625000	51.317800	1.511512	1.710100	0.560124	0.560279	1.657362	1.815619	0.958291	0.202361	0.006100	0.002759	0.052350	0.874654	0.706109	0.767992	0.420948	0.000673	0.000000	0.004367	0.002101	0.203887	0.025477	0.062085	0.002344	0.007071	12.114600
56.250000	51.317800	1.352474	1.747162	0.616561	0.440074	1.606310	1.882222	1.027583	0.302799	0.004419	0.003396	0.017468	0.760047	0.614467	0.804780	0.443320	0.003830	0.005881	0.002777	0.003813	0.148729	0.016460	0.109210	0.004405	0.002567	11.920800
61.875000	51.317800	1.192329	1.893804	0.655373	0.309295	1.499648	1.851686	1.182625	0.414046	0.009796	0.001262	0.002956	0.739472	0.577295	0.781388	0.520698	0.002032	0.002937	0.004450	0.000000	0.056948	0.011311	0.128266	0.003858	0.006359	11.847800
67.500000	51.317800	1.000364	1.888273	0.735497	0.334403	1.293291	1.875154	1.344365	0.467970	0.008071	0.002078	0.002027	0.614497	0.487132	0.855865	0.533322	0.003644	0.001473	0.005057	0.005115	0.009255	0.005764	0.160709	0.006233	0.002334	11.641900
73.125000	51.317800	0.848686	1.945105	0.731518	0.364388	1.143934	1.892356	1.517879	0.470256	0.012062	0.004127	0.003932	0.553107	0.376698	0.777254	0.614303	0.004364	0.000603	0.004460	0.006009	0.002907	0.005738	0.168072	0.006075	0.003456	11.457300
78.750000	51.317800	0.709262	1.860621	0.805854	0.386482	0.963601	1.895862	1.611920	0.493911	0.018522	0.006291	0.002328	0.450562	0.285210	0.773537	0.662643	0.016369	0.001471	0.002261	0.001505	0.000763	0.005848	0.233410	0.005138	0.002057	11.195400
84.375000	51.317800	0.536273	1.887651	0.849220	0.451232	0.889800	2.007896	1.667055	0.577353	0.071518	0.002789	0.004549	0.265255	0.182252	0.752929	0.644874	0.039181	0.001146	0.000608	0.002835	0.000670	0.005359	0.201518	0.001219	0.003070	11.046300
90.000000	51.317800	0.612815	1.986860	0.876318	0.437548	0.720448	1.788691	1.884360	0.726016	0.163365	0.003553	0.002723	0.177588	0.098496	0.717514	0.777045	0.093344	0.000736	0.002236	0.000000	0.002927	0.004868	0.199919	0.008852	0.003632	11.289800
95.625000	51.317800	0.533577	1.975709	0.848642	0.410163	0.558712	1.709613	1.922281	0.874239	0.279791	0.004125	0.003257	0.082892	0.040950	0.731295	0.745353	0.168321	0.000615	0.001470	0.000746	0.001512	0.005045	0.226514	0.002356	0.001938	11.129100
101.250000	51.317800	0.384774	1.937120	0.934593	0.457847	0.443338	1.603686	1.913516	0.998018	0.466418	0.004622	0.001193	0.017612	0.016483	0.624172	0.760017	0.297543	0.003006	0.005533	0.002199	0.001408	0.002888	0.216970	0.004870	0.002146	11.100000
106.875000	51.317800	0.414527	1.886056	1.045939	0.465707	0.373697	1.493450	1.890580	1.105761	0.583676	0.002692	0.001524	0.008234	0.005307	0.637657	0.792303	0.391108	0.000566	0.004467	0.001348	0.000000	0.003355	0.185069	0.005954	0.003165	11.302100
112.500000	51.317800	0.547862	1.894493	1.153559	0.460327	0.375828	1.332400	1.902750	1.290203	0.662785	0.007170	0.000760	0.001413	0.004395	0.527018	0.797919	0.518727	0.009173	0.006413	0.003681	0.004688	0.006061	0.150262	0.006733	0.002415	11.667000
118.125000	51.317800	0.608487	1.819408	1.226744	0.462920	0.337179	1.216520	1.800883	1.508470	0.764547	0.004250	0.001775	0.004956	0.003261	0.532062	0.788471	0.530071	0.055217	0.002206	0.005795	0.003802	0.004488	0.113149	0.009963	0.001529	11.806100
123.750000	51.317800	0.626309	1.764115	1.425422	0.472713	0.226197	1.087913	1.938296	1.605010	0.826262	0.009287	0.001153	0.006782	0.001966	0.448601	0.809414	0.630334	0.134017	0.003166	0.001752	0.002735	0.004115	0.106515	0.011297	0.002154	12.145500
129.375000	51.317800	0.644921	1.755497	1.570062	0.545409	0.145219	0.995490	1.830073	1.776081	0.838810	0.062430	0.004956	0.004845	0.002546	0.383782	0.733759	0.678138	0.201278	0.000000	0.003793	0.000613	0.003458	0.074054	0.022904	0.004973	12.283100
135.000000	51.317800	0.562996	1.674055	1.600757	0.607517	0.085555	0.924558	1.786904	1.733058	0.912826	0.119487	0.000619	0.001471	0.002933	0.321064	0.707349	0.694436	0.314852	0.001161	0.003066	0.002766	0.003895	0.043454	0.040996	0.003569	12.149400
140.625000	51.317800	0.509355	1.544570	1.714850	0.596409	0.037760	0.889108	1.710722	1.858076	0.978595	0.222409	0.006258	0.003278	0.003715	0.203990	0.613345	0.689355	0.401296	0.001931	0.001432	0.000757	0.000992	0.023730	0.062617	0.004311	12.078900
146.250000	51.317800	0.467673	1.498099	1.743463	0.627643	0.006895	0.828694	1.622992	1.815190	1.070033	0.308263	0.006692	0.005374	0.004205	0.126490	0.640880	0.758668	0.454560	0.002935	0.004349	0.001486	0.002708	0.013063	0.104057	0.005681	12.120100
151.875000	51.317800	0.438560	1.258819	1.899741	0.646815	0.003621	0.692246	1.515018	1.810293	1.176427	0.397292	0.005515	0.002429	0.002893	0.064764	0.591638	0.765904	0.518075	0.002648	0.002967	0.004471	0.004908	0.010147	0.146004	0.005031	11.966200
157.500000	51.317800	0.430459	1.089625	1.845443	0.705965	0.005406	0.712555	1.288936	1.858042	1.288699	0.501816	0.005407	0.006859	0.005949	0.008684	0.462703	0.791428	0.579777	0.002432	0.003679	0.010830	0.002823	0.003666	0.155387	0.001809	11.768400
163.125000	51.317800	0.464141	1.025287	1.985695	0.795395	0.003366	0.543556	1.130090	1.918165	1.500542	0.474292	0.007809	0.001473	0.010737	0.000000	0.438823	0.751424	0.624962	0.009657	0.000618	0.006382	0.002776	0.008348	0.178783	0.003759	11.886100
168.750000	51.317800	0.473657	0.960605	1.978423	0.831324	0.002735	0.438576	1.009762	1.899730	1.614611	0.477854	0.015340	0.003095	0.005071	0.003292	0.316161	0.794113	0.654780	0.014180	0.001311	0.002246	0.000527	0.003263	0.195686	0.003427	11.699800
174.375000	51.317800	0.437575	0.834207	1.931804	0.849973	0.002743	0.290871	0.887514	1.808121	1.751131	0.587255	0.081931	0.000634	0.000736	0.000749	0.183470	0.772001	0.693074	0.037344	0.000000	0.001478	0.000000	0.004565	0.213309	0.005373	11.375900
180.000000	51.317800	0.404244	0.893640	1.935627	0.909204	0.005384	0.166865	0.775200	1.747354	1.760371	0.780544	0.159320	0.002379	0.001455	0.001367	0.088676	0.750489	0.706600	0.089455	0.001470	0.001470	0.002872	0.007073	0.229766	0.005309	11.426100
185.625000	51.317800	0.448131	0.855614	1.886384	0.844490	0.002703	0.059226	0.606357	1.689210	1.843509	0.818807	0.295227	0.001720	0.003103	0.000527	0.049663	0.680726	0.758052	0.196596	0.000758	0.001500	0.005502	0.008392	0.208288	0.002818	11.267300
191.250000	51.317800	0.434142	0.841992	1.987165	0.938732	0.002668	0.019545	0.453139	1.618626	1.850521	0.949739	0.447015	0.005683	0.006452	0.002445	0.017493	0.659087	0.766039	0.284690	0.002220	0.005943	0.002045	0.006760	0.204275	0.003436	11.509900
196.875000	51.317800	0.489395	0.766456	1.902625	1.006276	0.001604	0.009261	0.455535	1.513107	1.817780	1.099991	0.575136	0.006697	0.002285	0.000745	0.006177	0.595999	0.794893	0.418171	0.001897	0.004407	0.002528	0.004648	0.164396	0.005201	11.645200
202.500000	51.317800	0.432553	0.709386	1.883308	1.219630	0.003365	0.005624	0.526548	1.335035	1.838522	1.311318	0.664974	0.003311	0.012493	0.002960	0.000619	0.534057	0.785341	0.497756	0.007770	0.005337	0.005014	0.005200	0.154809	0.008059	11.953000
208.125000	51.317800	0.474840	0.681270	1.814262	1.215604	0.002328	0.008378	0.409095	1.185679	1.874871	1.511930	0.752492	0.002146	0.008083	0.002218	0.002142	0.536327	0.786857	0.575552	0.052006	0.000861	0.006097	0.003061	0.144528	0.002163	12.052800
213.750000	51.317800	0.480829	0.603177	1.832346	1.470639	0.001953	0.001782	0.286555	1.052830	1.875832	1.567280	0.795027	0.014253	0.005687	0.005989	0.001216	0.442070	0.769008	0.593099	0.121326	0.004167	0.000999	0.006738	0.118089	0.011599	12.062500
219.375000	51.317800	0.563369	0.595961	1.681701	1.539221	0.000000	0.001347	0.196509	1.000312	1.847083	1.661083	0.916968	0.065127	0.000000	0.000736	0.002508	0.397928	0.765704	0.648386	0.200586	0.005404	0.005253	0.003201	0.079678	0.023051	12.201100
225.000000	51.317800	0.551516	0.582196	1.612146	1.597228	0.000000	0.000830	0.123146	0.883991	1.796110	1.836022	0.903635	0.101742	0.001968	0.003257	0.001266	0.303403	0.703022	0.670883	0.319614	0.001424	0.007152	0.003078	0.055338	0.044845	12.103800
230.625000	51.317800	0.623800	0.548771	1.584788	1.652793	0.001289	0.002230	0.068693	0.902550	1.670776	1.888805	1.016220	0.192107	0.000692	0.000891	0.002107	0.201450	0.674445	0.745435	0.380161	0.001350	0.004029	0.005344	0.021421	0.067548	12.257700
236.250000	51.317800	0.647766	0.486098	1.381846	1.782855	0.001484	0.002395	0.021643	0.822851	1.553731	1.889981	1.041978	0.289400	0.003790	0.001380	0.001888	0.141522	0.594308	0.767930	0.469908	0.001527	0.006058	0.006637	0.007483	0.112181	12.036600
241.875000	51.317800	0.690353	0.459959	1.275184	1.861141	0.004327	0.003130	0.005275	0.762216	1.501243	1.954955	1.152937	0.400823	0.002218	0.003587	0.000697	0.050251	0.570455	0.801767	0.497650	0.002425	0.005295	0.004016	0.009247	0.127789	12.146900
247.500000	51.317800	0.694361	0.450641	1.096942	1.924430	0.004670	0.002138	0.000956	0.671893	1.291707	1.884428	1.308072	0.457517	0.003539	0.005964	0.002742	0.011345	0.490821	0.779735	0.571684	0.002240	0.002001	0.003934	0.002229	0.150614	11.814600
253.125000	51.317800	0.751047	0.457068	1.043326	1.941960	0.007447	0.006165	0.004913	0.590513	1.133857	1.915530	1.452611	0.412356	0.002096	0.003698	0.002805	0.001984	0.435917	0.787150	0.631056	0.006676	0.003517	0.002696	0.007590	0.182593	11.784600
258.750000	51.317800	0.829506	0.442228	0.942826	1.937041	0.020135	0.002302	0.002152	0.443541	0.957730	1.846235	1.633216	0.497749	0.000610	0.002920	0.002206	0.001385	0.310786	0.734433	0.681086	0.018707	0.004253	0.003508	0.004463	0.209433	11.528400
264.375000	51.317800	0.898755	0.407606	0.847116	1.874441	0.078989	0.002075	0.008398	0.293774	0.826029	1.898904	1.760598	0.603818	0.002166	0.000735	0.000610	0.001599	0.184380	0.774778	0.693283	0.054228	0.005083	0.001983	0.002700	0.195950	11.418000
270.000000	51.317800	0.842693	0.431814	0.875216	1.924939	0.182089	0.005058	0.006990	0.172757	0.746644	1.788849	1.825708	0.709268	0.001563	0.002985	0.001627	0.002068	0.080778	0.707062	0.712374	0.077668	0.005376	0.002135	0.003253	0.209471	11.318400
275.625000	51.317800	0.797234	0.447595	0.903928	1.867101	0.279105	0.004373	0.002209	0.068171	0.574161	1.719159	1.903824	0.873439	0.000758	0.001633	0.002219	0.001040	0.042917	0.714901	0.781949	0.189634	0.004147	0.001655	0.004500	0.210437	11.396100
281.250000	51.317800	0.924314	0.464150	0.811442	1.955464	0.436283	0.002941	0.006014	0.015956	0.459847	1.647331	1.859852	0.978187	0.000000	0.004944	0.002251	0.000000	0.013815	0.651219	0.773242	0.295914	0.011145	0.002751	0.006102	0.206327	11.529500
286.875000	51.317800	0.993181	0.465493	0.757903	1.873593	0.561578	0.003155	0.004372	0.009519	0.477872	1.448042	1.849221	1.116391	0.001476	0.005813	0.002954	0.000184	0.007751	0.592277	0.794348	0.440035	0.005257	0.004520	0.007858	0.180430	11.603200
292.500000	51.317800	1.141706	0.445133	0.760595	1.899730	0.671656	0.003460	0.000746	0.009487	0.506252	1.347487	1.909886	1.354114	0.006942	0.002837	0.007078	0.009070	0.001381	0.556864	0.773571	0.509138	0.011600	0.006722	0.001892	0.152575	12.089900
298.125000	51.317800	1.201139	0.481613	0.669488	1.905611	0.726610	0.004777	0.003863	0.012838	0.419315	1.178124	1.868458	1.533034	0.044987	0.000735	0.005810	0.002824	0.000740	0.506752	0.754661	0.557425	0.007325	0.001541	0.004015	0.137913	12.029600
303.750000	51.317800	1.413626	0.466333	0.624189	1.741066	0.788374	0.007681	0.002946	0.004312	0.308811	1.042172	1.917158	1.567314	0.125984	0.001831	0.004544	0.003840	0.000612	0.467296	0.758750	0.641247	0.006842	0.003144	0.004335	0.108588	12.011000
309.375000	51.317800	1.577142	0.533764	0.582209	1.692230	0.863496	0.029798	0.004044	0.004340	0.187583	0.970202	1.834133	1.734054	0.227650	0.003599	0.000000	0.001302	0.000154	0.409534	0.703828	0.636548	0.023108	0.000579	0.007274	0.074818	12.101400
315.000000	51.317800	1.633827	0.563786	0.560073	1.672110	0.910543	0.075366	0.000000	0.000736	0.121940	0.902615	1.766162	1.780910	0.317875	0.003687	0.003020	0.001470	0.002073	0.306269	0.739206	0.710570	0.046348	0.005339	0.002042	0.037347	12.163300
320.625000	51.317800	1.659862	0.595358	0.609077	1.564521	0.963233	0.141279	0.005316	0.002200	0.074775	0.847832	1.678489	1.875651	0.387674	0.000736	0.000673	0.001428	0.002144	0.217425	0.658960	0.725151	0.069944	0.004524	0.004535	0.022800	12.113600
326.250000	51.317800	1.783624	0.643284	0.470204	1.403210	1.051382	0.239557	0.003572	0.004461	0.016349	0.818500	1.613978	1.914500	0.455471	0.001995	0.002833	0.003052	0.000000	0.132253	0.606299	0.764357	0.121047	0.006697	0.003036	0.013980	12.073600
331.875000	51.317800	1.842231	0.600926	0.455986	1.252542	1.181946	0.299449	0.008433	0.006096	0.002139	0.739062	1.490962	1.870121	0.539015	0.004146	0.003690	0.009986	0.002875	0.049526	0.593201	0.770670	0.114424	0.007218	0.004429	0.008259	11.857300
337.500000	51.317800	1.921999	0.577221	0.455837	1.127260	1.351423	0.376074	0.001344	0.002340	0.004839	0.656756	1.311567	1.856187	0.543439	0.002182	0.004227	0.006656	0.005032	0.007865	0.477005	0.797403	0.137785	0.002668	0.001370	0.006721	11.635200
343.125000	51.317800	1.871953	0.433984	0.467872	1.041458	1.483125	0.356277	0.007248	0.004215	0.008293	0.567870	1.159089	1.932890	0.608163	0.008426	0.000834	0.010264	0.006575	0.000758	0.425472	0.772110	0.194714	0.003412	0.002829	0.007540	11.375400
348.750000	51.317800	1.936634	0.372535	0.420022	0.969726	1.628884	0.435248	0.018001	0.005867	0.002521	0.453868	0.965800	1.916106	0.653912	0.027503	0.002945	0.000736	0.002412	0.001327	0.296636	0.772212	0.197351	0.007943	0.001599	0.006518	11.096300
354.375000	51.317800	1.940999	0.496640	0.423841	0.875258	1.707069	0.596015	0.078548	0.002807	0.003488	0.307893	0.871499	1.937120	0.679342	0.048198	0.000837	0.000604	0.002198	0.001418	0.192515	0.727522	0.209307	0.003993	0.004448	0.004827	11.116400
2.812500	54.314700	1.881306	0.535596	0.329578	0.866863	1.935853	0.804332	0.200330	0.005693	0.003920	0.081937	0.621542	1.726951	0.808424	0.194651	0.001527	0.000000	0.001473	0.002306	0.118117	0.790297	0.289311	0.004860	0.004893	0.007807	11.217600
8.437500	54.314700	1.938579	0.603861	0.331821	0.785711	1.832369	0.874311	0.336335	0.001580	0.007164	0.020666	0.516506	1.698383	0.897090	0.304339	0.000640	0.002087	0.002290	0.000810	0.075483	0.724175	0.285132	0.004837	0.001119	0.002524	11.247800
14.062500	54.314700	1.821625	0.753445	0.310373	0.786023	1.917384	1.090550	0.504120	0.004239	0.003693	0.016875	0.446052	1.562858	0.870410	0.418301	0.002681	0.009069	0.003871	0.000000	0.029329	0.691983	0.269586	0.003985	0.002727	0.002819	11.522000
19.687500	54.314700	1.898180	0.885254	0.287955	0.745955	1.862487	1.171338	0.548686	0.004689	0.004583	0.012635	0.462038	1.488090	0.922648	0.487576	0.007392	0.003664	0.009727	0.001561	0.010548	0.626824	0.269419	0.008357	0.003752	0.004441	11.727800
25.312500	54.314700	1.781668	1.013069	0.254258	0.609345	1.793622	1.430557	0.679315	0.000820	0.005588	0.009792	0.441239	1.262800	0.876357	0.564728	0.046935	0.001337	0.006405	0.000000	0.005879	0.623573	0.216184	0.006635	0.003222	0.002566	11.635900
30.937500	54.314700	1.738679	1.251218	0.298960	0.627533	1.814454	1.609036	0.765530	0.003436	0.003236	0.007489	0.336512	1.148266	0.850544	0.641608	0.144983	0.002045	0.003797	0.003224	0.000665	0.530523	0.212659	0.017984	0.006069	0.004130	12.022600
36.562500	54.314700	1.692298	1.347035	0.426725	0.532914	1.845307	1.660506	0.826812	0.016750	0.004341	0.006290	0.213101	1.016794	0.861435	0.728122	0.224724	0.002790	0.003233	0.002237	0.000429	0.491661	0.152378	0.039603	0.005215	0.007511	12.108200
42.187500	54.314700	1.637955	1.569734	0.441150	0.471073	1.839777	1.776024	0.888994	0.089411	0.002181	0.001902	0.126804	0.921684	0.810770	0.756757	0.340090	0.003969	0.000000	0.000751	0.002256	0.384154	0.120027	0.087457	0.005422	0.004831	12.283200
47.812500	54.314700	1.558504	1.596358	0.530354	0.478637	1.797037	1.913743	0.921807	0.137361	0.000000	0.001501	0.086692	0.880225	0.754985	0.811894	0.415362	0.002662	0.001334	0.001311	0.003136	0.344243	0.080839	0.100757	0.007569	0.003725	12.430000
53.437500	54.314700	1.420480	1.717734	0.561009	0.457196	1.710077	1.897479	1.028095	0.218990	0.007111	0.002565	0.017805	0.862461	0.692896	0.865363	0.482794	0.002998	0.002059	0.002391	0.001909	0.237249	0.047130	0.150373	0.005233	0.006275	12.397700
59.062500	54.314700	1.270355	1.806956	0.586654	0.314705	1.587773	1.869510	1.094286	0.332133	0.005503	0.001509	0.004676	0.798250	0.636182	0.863680	0.553837	0.002763	0.000779	0.004087	0.000000	0.137152	0.022432	0.201590	0.006452	0.001664	12.102900
64.687500	54.314700	1.006256	1.824848	0.672461	0.282649	1.481948	1.809919	1.243471	0.417722	0.007852	0.005220	0.003297	0.685578	0.596070	0.874059	0.607965	0.002997	0.000758	0.006982	0.004108	0.052175	0.009621	0.235046	0.003478	0.002972	11.837400
70.312500	54.314700	0.831436	1.784371	0.733657	0.295811	1.225172	1.816909	1.446357	0.466334	0.007347	0.001725	0.006123	0.590754	0.532677	0.878313	0.609504	0.012106	0.005732	0.007473	0.009514	0.013327	0.009013	0.253595	0.003534	0.001817	11.542600
75.937500	54.314700	0.741405	1.854819	0.764014	0.295655	1.052806	1.858732	1.592727	0.454228	0.012053	0.003929	0.002652	0.458325	0.421156	0.848552	0.634671	0.030953	0.002242	0.003686	0.005309	0.000551	0.004663	0.266372	0.002872	0.002340	11.314700
81.562500	54.314700	0.574064	1.977484	0.854057	0.343961	0.917459	1.883376	1.700882	0.537646	0.023446	0.003139	0.002318	0.335016	0.302722	0.836640	0.679235	0.072136	0.002105	0.000736	0.002014	0.001570	0.004402	0.288390	0.002207	0.002081	11.347100
87.187500	54.314700	0.522716	2.050590	0.858707	0.351857	0.829551	1.809342	1.779179	0.643353	0.085794	0.004281	0.008263	0.201598	0.188096	0.800304	0.779268	0.099966	0.001413	0.002234	0.000641	0.000000	0.005730	0.266387	0.008411	0.001956	11.299600
92.812500	54.314700	0.499423	1.916457	0.876299	0.321912	0.637034	1.800600	1.871670	0.772043	0.185156	0.004199	0.006364	0.088713	0.103624	0.789430	0.804260	0.191526	0.003571	0.000000	0.000595	0.000766	0.002583	0.294629	0.002534	0.003026	11.176400
98.437500	54.314700	0.365852	1.938240	0.866499	0.363849	0.492321	1.702171	1.925935	0.943214	0.319835	0.005220	0.002596	0.031699	0.078211	0.679941	0.827870	0.311999	0.001281	0.004012	0.000745	0.001501	0.002619	0.303922	0.005352	0.001952	11.176800
104.062000	54.314700	0.374627	1.912035	0.931896	0.365760	0.407045	1.607633	1.852127	1.082415	0.463731	0.003168	0.001938	0.009328	0.040398	0.687651	0.833834	0.407038	0.000589	0.002127	0.003043	0.001481	0.003303	0.291033	0.004315	0.002683	11.289200
109.688000	54.314700	0.489087	1.879531	1.003124	0.375246	0.405177	1.437569	1.828105	1.209610	0.604401	0.001434	0.000738	0.005821	0.016107	0.640893	0.885876	0.496125	0.007893	0.004151	0.005697	0.002070	0.004755	0.248719	0.009121	0.002901	11.564200
115.312000	54.314700	0.602802	1.794255	1.093381	0.383461	0.395255	1.283542	1.771862	1.412608	0.709705	0.001196	0.002929	0.003050	0.007024	0.575192	0.863756	0.565119	0.053006	0.001347	0.007353	0.000619	0.002453	0.221382	0.005377	0.000620	11.757300
120.938000	54.314700	0.554737	1.688113	1.291492	0.412284	0.295426	1.096069	1.788125	1.571363	0.754651	0.003483	0.002800	0.005198	0.001356	0.514850	0.847213	0.629186	0.145888	0.002670	0.002218	0.003668	0.003231	0.192791	0.022018	0.002393	11.831200
126.562000	54.314700	0.534276	1.757306	1.395881	0.413801	0.168552	1.010309	1.867916	1.660280	0.814357	0.027376	0.002275	0.004767	0.002915	0.491631	0.853564	0.754375	0.240936	0.001499	0.002871	0.002285	0.005406	0.140882	0.058689	0.003416	12.215600
132.188000	54.314700	0.474547	1.554127	1.533622	0.477947	0.105066	0.927991	1.875742	1.767496	0.911835	0.078351	0.003580	0.003755	0.001986	0.417041	0.818310	0.748119	0.314951	0.004503	0.001487	0.002267	0.005693	0.114625	0.072650	0.005812	12.221500
137.812000	54.314700	0.476557	1.568400	1.595837	0.513833	0.065209	0.829106	1.776770	1.885740	0.930064	0.144098	0.003992	0.000585	0.001153	0.324983	0.708184	0.854211	0.405425	0.002409	0.000672	0.000758	0.003456	0.074500	0.129362	0.008597	12.303900
143.437000	54.314700	0.415393	1.412246	1.631192	0.523456	0.011493	0.809943	1.643858	1.881849	0.973570	0.213729	0.003918	0.006569	0.001470	0.210586	0.696373	0.833888	0.467305	0.002004	0.004061	0.000602	0.006393	0.049443	0.167734	0.003460	11.970500
149.062000	54.314700	0.392114	1.347340	1.762113	0.582346	0.005031	0.800527	1.589572	1.839539	1.137194	0.344021	0.008156	0.001320	0.001261	0.138613	0.617488	0.875233	0.561514	0.004119	0.003822	0.002174	0.006988	0.021249	0.184592	0.003380	12.229700
154.688000	54.314700	0.367107	1.124252	1.841485	0.651236	0.003690	0.702678	1.507361	1.790704	1.280567	0.427842	0.006866	0.003255	0.000541	0.055000	0.568650	0.874007	0.554238	0.003122	0.000000	0.003579	0.005041	0.008171	0.226110	0.007288	12.012800
160.312000	54.314700	0.388846	0.990347	1.862883	0.696434	0.004982	0.615640	1.313874	1.821964	1.461003	0.500693	0.007641	0.002075	0.005157	0.008886	0.525526	0.874582	0.620971	0.013070	0.002613	0.006566	0.006816	0.008635	0.274214	0.003109	12.016500
165.938000	54.314700	0.398634	0.901641	1.940603	0.756867	0.005332	0.486717	1.031494	1.884971	1.519712	0.454435	0.005722	0.002967	0.002150	0.001584	0.415782	0.864392	0.707064	0.035547	0.000560	0.004288	0.003473	0.004707	0.271610	0.008361	11.708600
171.562000	54.314700	0.351053	0.878983	1.989405	0.779916	0.003204	0.300610	0.892341	1.924645	1.657487	0.565863	0.021438	0.002153	0.001939	0.002358	0.310501	0.813861	0.713896	0.080752	0.000776	0.000000	0.004290	0.008299	0.291556	0.001368	11.596700
177.188000	54.314700	0.330806	0.873073	1.919737	0.847296	0.000856	0.199447	0.787127	1.866558	1.834461	0.705220	0.084583	0.003027	0.002076	0.002139	0.195457	0.800028	0.749848	0.096886	0.000584	0.001310	0.003559	0.003846	0.326710	0.004228	11.638900
182.812000	54.314700	0.369284	0.790902	1.911877	0.792104	0.002402	0.092180	0.675718	1.778965	1.851369	0.757806	0.189122	0.002885	0.002195	0.003535	0.119305	0.763067	0.786319	0.203910	0.001357	0.000000	0.000735	0.003928	0.286131	0.009649	11.394700
188.438000	54.314700	0.378378	0.795524	1.912646	0.842862	0.003996	0.018193	0.544622	1.683341	1.850589	0.887373	0.316829	0.005966	0.002217	0.000000	0.070031	0.708767	0.838250	0.297032	0.001440	0.000283	0.003946	0.005493	0.295613	0.003730	11.467100
194.062000	54.314700	0.372949	0.745373	1.953474	0.925944	0.002706	0.003053	0.414124	1.577855	1.852885	0.991827	0.492778	0.005726	0.004278	0.000750	0.034882	0.672695	0.865027	0.419581	0.001498	0.004291	0.004768	0.002791	0.283340	0.007380	11.640000
199.687000	54.314700	0.412727	0.719282	1.851720	0.970147	0.001032	0.004447	0.492253	1.470492	1.817237	1.247916	0.572014	0.006711	0.006611	0.002742	0.020668	0.641801	0.865517	0.541956	0.011741	0.002248	0.003330	0.004972	0.265968	0.008322	11.941900
205.312000	54.314700	0.356656	0.640258	1.805791	1.101990	0.001891	0.000847	0.427484	1.235260	1.841813	1.435499	0.683708	0.003737	0.008010	0.000000	0.005888	0.619972	0.873680	0.597803	0.044823	0.003428	0.005385	0.001770	0.244831	0.006828	11.947400
210.938000	54.314700	0.396086	0.580930	1.719000	1.281382	0.000764	0.002955	0.319511	1.167074	1.827438	1.495463	0.796644	0.007720	0.005109	0.004469	0.003129	0.555573	0.843208	0.639656	0.146261	0.002453	0.007229	0.003779	0.175956	0.019139	12.000900
216.562000	54.314700	0.422525	0.513937	1.669441	1.331167	0.000601	0.002685	0.204746	1.012170	1.875086	1.677844	0.835317	0.015060	0.000735	0.000591	0.001698	0.478286	0.823096	0.663221	0.203307	0.002046	0.003923	0.004300	0.143783	0.045881	11.931400
222.188000	54.314700	0.481273	0.496798	1.584573	1.505699	0.000758	0.001047	0.134463	0.990313	1.873242	1.741394	0.870807	0.083146	0.001259	0.000881	0.000265	0.400932	0.798408	0.732768	0.359489	0.001203	0.001920	0.003411	0.122480	0.080678	12.267200
227.812000	54.314700	0.511150	0.494385	1.577176	1.534821	0.002328	0.000000	0.079546	0.872683	1.748790	1.888533	0.939256	0.130442	0.002098	0.000770	0.002547	0.335189	0.758235	0.789579	0.404536	0.002573	0.001428	0.004876	0.083681	0.113331	12.278000
233.438000	54.314700	0.512772	0.432661	1.447714	1.653585	0.004221	0.002027	0.017461	0.838912	1.660914	1.888431	1.047444	0.215473	0.002077	0.000943	0.002005	0.235215	0.697874	0.862847	0.505845	0.005130	0.002980	0.005866	0.037482	0.178434	12.258300
239.062000	54.314700	0.582465	0.374109	1.329742	1.717281	0.002984	0.001470	0.006453	0.791101	1.600893	1.751821	1.138031	0.374220	0.002235	0.004304	0.002689	0.137143	0.626505	0.832209	0.512682	0.001220	0.005938	0.002355	0.022244	0.206925	12.027000
244.687000	54.314700	0.629543	0.367583	1.174301	1.785479	0.005747	0.004741	0.001819	0.706787	1.448585	1.801505	1.254985	0.443679	0.000000	0.008154	0.001609	0.055722	0.579333	0.874945	0.610028	0.002053	0.001091	0.004359	0.004952	0.258937	12.025900
250.312000	54.314700	0.684087	0.433182	1.007374	1.894505	0.006684	0.003692	0.003042	0.610669	1.202168	1.846224	1.419338	0.452212	0.002189	0.005310	0.005026	0.010339	0.489684	0.883635	0.629356	0.015861	0.004727	0.003308	0.007547	0.231211	11.851400
255.937000	54.314700	0.744511	0.363331	0.899597	1.849481	0.007729	0.002826	0.000605	0.482551	1.092551	1.912125	1.518886	0.455604	0.001064	0.006218	0.004483	0.002272	0.392991	0.827304	0.690117	0.037082	0.004740	0.002215	0.004049	0.260214	11.562500
261.562000	54.314700	0.787927	0.369743	0.819092	1.912306	0.026700	0.002232	0.002882	0.302542	0.913233	1.886136	1.710609	0.528459	0.001239	0.000748	0.001248	0.001428	0.311866	0.819059	0.699395	0.079282	0.004766	0.002747	0.003992	0.280804	11.468400
267.188000	54.314700	0.859392	0.346528	0.811881	1.926704	0.070553	0.003105	0.003868	0.179297	0.789245	1.896043	1.772337	0.670194	0.002293	0.001343	0.000752	0.000167	0.195915	0.824106	0.744840	0.112339	0.004354	0.003889	0.004724	0.306804	11.530700
272.812000	54.314700	0.870457	0.349852	0.837831	1.948701	0.205192	0.004295	0.000944	0.084823	0.651709	1.760055	1.800645	0.764479	0.000670	0.000672	0.002001	0.001494	0.118570	0.780618	0.811372	0.198727	0.002831	0.002739	0.003831	0.292199	11.494700
278.438000	54.314700	0.848056	0.355603	0.838429	1.909988	0.313872	0.002495	0.001594	0.018687	0.496908	1.660925	1.891768	0.916151	0.001322	0.001504	0.003708	0.000745	0.077988	0.762122	0.831874	0.281987	0.006891	0.005766	0.005569	0.282566	11.516500
284.062000	54.314700	0.940185	0.367717	0.795761	1.845025	0.494141	0.002662	0.003869	0.004263	0.421200	1.602589	1.824328	1.035657	0.000825	0.006796	0.003738	0.002938	0.035946	0.673520	0.846059	0.392470	0.002879	0.008890	0.002910	0.256871	11.571200
289.688000	54.314700	0.997075	0.390151	0.660430	1.854276	0.623942	0.003130	0.004174	0.005607	0.463990	1.421882	1.902636	1.213953	0.005473	0.001999	0.011380	0.002827	0.017029	0.649996	0.881722	0.491585	0.005960	0.002074	0.006507	0.277039	11.894800
295.312000	54.314700	1.059310	0.357557	0.607852	1.794561	0.710752	0.003392	0.003183	0.006027	0.463751	1.304340	1.801211	1.437264	0.063534	0.002045	0.007463	0.000000	0.006487	0.576502	0.890438	0.550742	0.014742	0.003996	0.004497	0.221367	11.891000
300.938000	54.314700	1.238631	0.367883	0.609534	1.759568	0.741272	0.006123	0.007388	0.007380	0.334643	1.097768	1.848112	1.570933	0.142175	0.000602	0.003916	0.003425	0.001254	0.519679	0.819141	0.667262	0.025662	0.004772	0.004386	0.193438	11.974900
306.562000	54.314700	1.404386	0.449044	0.505113	1.625955	0.843618	0.010966	0.003767	0.004577	0.212561	0.997608	1.868164	1.641246	0.229887	0.002838	0.001474	0.002106	0.006277	0.485682	0.853781	0.708843	0.042020	0.001939	0.005762	0.165392	12.073000
312.187000	54.314700	1.542286	0.494421	0.497922	1.602702	0.897798	0.049499	0.004532	0.003927	0.128965	0.954467	1.945500	1.766004	0.327132	0.002249	0.000735	0.001489	0.003435	0.415092	0.795579	0.771829	0.075295	0.005424	0.008996	0.115510	12.410800
317.812000	54.314700	1.631610	0.519561	0.504284	1.554308	1.009907	0.104530	0.004911	0.000712	0.078315	0.889125	1.859060	1.877110	0.408183	0.001309	0.000000	0.000799	0.003317	0.339862	0.759524	0.797063	0.119891	0.008475	0.002486	0.072178	12.546500
323.438000	54.314700	1.732911	0.582664	0.383329	1.355008	1.047666	0.192414	0.004193	0.003891	0.020326	0.844496	1.766049	1.892944	0.490721	0.002375	0.001488	0.000670	0.002850	0.229263	0.672360	0.835338	0.163348	0.004460	0.001518	0.046598	12.276900
329.062000	54.314700	1.769544	0.597690	0.390726	1.221689	1.135678	0.284418	0.005568	0.005674	0.007867	0.751155	1.524620	1.780265	0.566238	0.001343	0.002239	0.003247	0.004358	0.133263	0.665790	0.878957	0.187366	0.004576	0.001967	0.015666	11.939900
334.688000	54.314700	1.764330	0.578553	0.374248	1.090744	1.262155	0.368635	0.006636	0.008325	0.004198	0.703757	1.458062	1.804095	0.575313	0.004688	0.000000	0.007404	0.001493	0.049962	0.545207	0.911787	0.240189	0.006275	0.002326	0.009593	11.778000
340.312000	54.314700	1.871184	0.464020	0.382660	1.026629	1.449071	0.402479	0.005217	0.000000	0.002691	0.627941	1.269563	1.804050	0.632498	0.014006	0.003129	0.015013	0.004445	0.011913	0.515689	0.884559	0.243286	0.005527	0.004018	0.003988	11.643600
345.938000	54.314700	1.855464	0.350128	0.383942	0.907643	1.596278	0.372409	0.007738	0.004192	0.003793	0.491399	1.049039	1.838567	0.688627	0.037012	0.000000	0.001493	0.005042	0.000735	0.400955	0.901022	0.282949	0.004290	0.002125	0.006519	11.191400
351.562000	54.314700	1.960949	0.360601	0.360468	0.820696	1.695804	0.517065	0.021205	0.003519	0.004918	0.326630	0.887831	1.979633	0.728837	0.085030	0.000682	0.002348	0.002235	0.001258	0.287577	0.891311	0.300866	0.001173	0.003483	0.006286	11.250400
357.187000	54.314700	1.895557	0.504516	0.310349	0.821628	1.833704	0.645506	0.085196	0.004701	0.005344	0.226943	0.814829	1.888590	0.750443	0.093069	0.000000	0.000640	0.000607	0.000000	0.200973	0.856582	0.296627	0.006825	0.004617	0.004654	11.251900
0.000000	57.202800	1.906403	0.498723	0.254559	0.830030	1.886690	0.715563	0.097623	0.006150	0.004638	0.111632	0.721976	1.881205	0.865252	0.196749	0.001313	0.000000	0.000000	0.000000	0.180920	0.826995	0.394386	0.003328	0.003661	0.005415	11.393200
5.625000	57.202800	1.921908	0.503719	0.255261	0.818876	1.893046	0.854215	0.200749	0.001873	0.005867	0.026399	0.576415	1.854321	0.897222	0.307014	0.001527	0.000577	0.002223	0.000739	0.124939	0.816311	0.387451	0.002903	0.001672	0.004829	11.460100
11.250000	57.202800	1.947457	0.635704	0.260460	0.724613	1.905939	0.985562	0.375828	0.002279	0.002681	0.011428	0.467204	1.626588	0.926195	0.422209	0.002602	0.000786	0.002245	0.000000	0.097146	0.751900	0.379065	0.003396	0.004065	0.005681	11.541000
16.875000	57.202800	1.804491	0.754858	0.223782	0.694251	1.765404	1.110097	0.535718	0.002976	0.003024	0.009802	0.434619	1.521261	0.905344	0.502931	0.007703	0.003023	0.009487	0.000735	0.045812	0.710805	0.350234	0.008978	0.002519	0.004291	11.412100
22.500000	57.202800	1.812487	0.876761	0.223544	0.611057	1.716026	1.320366	0.638580	0.004701	0.005003	0.010759	0.425558	1.392918	0.936465	0.606460	0.048848	0.001273	0.007389	0.002686	0.024326	0.659580	0.342539	0.009784	0.006994	0.006294	11.690400
28.125000	57.202800	1.742638	1.061916	0.254721	0.543047	1.826115	1.521725	0.725441	0.002530	0.003035	0.007770	0.355024	1.234276	0.934118	0.667669	0.130142	0.000169	0.008865	0.005962	0.008252	0.584390	0.312246	0.029720	0.002636	0.004001	11.966400
33.750000	57.202800	1.656288	1.245202	0.309941	0.484471	1.775040	1.658697	0.795450	0.005748	0.002805	0.002123	0.239639	1.077154	0.905194	0.732078	0.213779	0.003758	0.003752	0.003599	0.004504	0.554039	0.248586	0.079781	0.002891	0.003788	12.008300
39.375000	57.202800	1.556966	1.359238	0.375293	0.400102	1.864477	1.831792	0.861271	0.026893	0.002330	0.005704	0.151567	0.979147	0.908880	0.794510	0.332838	0.003504	0.000604	0.000619	0.003457	0.515701	0.219506	0.114620	0.006355	0.008534	12.323900
45.000000	57.202800	1.448924	1.490815	0.432395	0.427006	1.923096	1.918018	0.939511	0.109903	0.001359	0.002854	0.106858	0.864771	0.859464	0.820073	0.430289	0.000000	0.002664	0.003267	0.001348	0.395889	0.168256	0.137186	0.006221	0.003697	12.493900
50.625000	57.202800	1.452328	1.601707	0.400577	0.364962	1.747444	1.934553	1.000704	0.170510	0.005358	0.003678	0.023151	0.841848	0.777235	0.921299	0.478694	0.001199	0.000000	0.001190	0.003480	0.340586	0.123348	0.200228	0.006783	0.004146	12.405000
56.250000	57.202800	1.248742	1.652827	0.501908	0.304120	1.640183	1.914466	1.080930	0.254148	0.007346	0.005018	0.005766	0.791965	0.773559	0.947921	0.532312	0.003834	0.001525	0.004475	0.003333	0.240746	0.077213	0.267214	0.006318	0.005733	12.271600
61.875000	57.202800	1.053409	1.722065	0.532914	0.242841	1.535342	1.724768	1.179413	0.373829	0.007154	0.004182	0.005559	0.692011	0.673090	0.942531	0.617563	0.008800	0.002256	0.006346	0.002014	0.136583	0.035057	0.305742	0.006002	0.012381	11.821800
67.500000	57.202800	0.859959	1.828139	0.615294	0.200174	1.328509	1.786678	1.416578	0.426270	0.010295	0.005046	0.006069	0.670945	0.605667	0.951936	0.674397	0.020537	0.000000	0.014029	0.001948	0.055620	0.012919	0.355250	0.006302	0.004738	11.857300
73.125000	57.202800	0.770218	1.812170	0.695318	0.227567	1.174301	1.795703	1.533679	0.449591	0.010731	0.004815	0.004025	0.517014	0.505142	0.939470	0.704454	0.050138	0.000000	0.005506	0.004252	0.010385	0.008278	0.362560	0.004471	0.004547	11.594300
78.750000	57.202800	0.604090	1.852071	0.785684	0.254868	0.966353	1.893487	1.671760	0.462273	0.012265	0.001845	0.002211	0.355248	0.410350	0.968961	0.739318	0.089666	0.001493	0.000000	0.002667	0.001516	0.005845	0.381520	0.003393	0.004284	11.471200
84.375000	57.202800	0.482455	1.886158	0.743546	0.266291	0.835524	1.893657	1.763482	0.580861	0.029162	0.003475	0.004630	0.208616	0.280186	0.906154	0.767120	0.133640	0.000818	0.000601	0.000000	0.000582	0.002327	0.401058	0.001888	0.003007	11.195200
90.000000	57.202800	0.484373	1.857092	0.764088	0.260836	0.708710	1.897400	1.874385	0.758404	0.110339	0.002388	0.007931	0.091978	0.194024	0.868252	0.822967	0.171295	0.000000	0.000760	0.002311	0.001885	0.005675	0.395073	0.004412	0.003540	11.288100
95.625000	57.202800	0.333077	1.902060	0.767131	0.276574	0.549799	1.850815	1.899221	0.810774	0.219194	0.000800	0.006217	0.034924	0.142991	0.829256	0.945515	0.275520	0.002090	0.000736	0.000000	0.001354	0.004499	0.403344	0.002982	0.003384	11.262300
101.250000	57.202800	0.312984	1.843962	0.847531	0.281799	0.406289	1.770380	1.877676	0.979973	0.383231	0.006333	0.003362	0.010728	0.099552	0.729314	0.918631	0.388417	0.002628	0.002164	0.000736	0.000831	0.003695	0.376727	0.005744	0.003838	11.256500
106.875000	57.202800	0.455415	1.843588	0.896216	0.289252	0.426244	1.483464	1.761898	1.122545	0.544877	0.001603	0.001441	0.016045	0.044372	0.685223	0.964069	0.512935	0.011034	0.004518	0.008613	0.002058	0.002926	0.376869	0.004307	0.004405	11.463900
112.500000	57.202800	0.548616	1.824079	0.999420	0.307549	0.395408	1.410177	1.790195	1.323657	0.653980	0.003010	0.002286	0.002545	0.024258	0.664566	1.008638	0.593698	0.046462	0.000000	0.013089	0.000000	0.006688	0.336923	0.006370	0.003038	11.964600
118.125000	57.202800	0.518170	1.700950	1.062141	0.292177	0.295327	1.240463	1.837153	1.516726	0.743599	0.005557	0.001289	0.006622	0.010169	0.626799	0.936492	0.702032	0.123148	0.001777	0.006543	0.002089	0.004988	0.272494	0.040377	0.003481	11.950500
123.750000	57.202800	0.477356	1.658606	1.240225	0.346836	0.223443	1.061104	1.876262	1.716738	0.794123	0.002050	0.003505	0.007946	0.003791	0.555337	0.975147	0.731283	0.278319	0.001001	0.002086	0.000771	0.003491	0.268823	0.065539	0.007722	12.301500
129.375000	57.202800	0.423931	1.632888	1.371701	0.374883	0.141226	1.002353	1.864647	1.722812	0.844258	0.017973	0.004674	0.005536	0.003567	0.515826	0.898313	0.786782	0.345837	0.003462	0.001343	0.000000	0.005638	0.207526	0.115538	0.004275	12.295000
135.000000	57.202800	0.395949	1.503573	1.516522	0.383426	0.069363	0.884653	1.908879	1.823842	0.913219	0.095730	0.000614	0.000846	0.000762	0.448776	0.831419	0.846635	0.425748	0.000000	0.001387	0.001336	0.006384	0.157961	0.153171	0.004972	12.375200
140.625000	57.202800	0.398899	1.408650	1.567665	0.457912	0.022942	0.863452	1.766117	1.876975	0.955555	0.144871	0.001939	0.005210	0.001455	0.304422	0.773675	0.895213	0.500172	0.002751	0.000560	0.001347	0.009620	0.105445	0.204440	0.006915	12.276200
146.250000	57.202800	0.363041	1.236063	1.652510	0.489175	0.004926	0.810489	1.684528	1.827992	1.061995	0.244533	0.002663	0.003506	0.000758	0.212132	0.749998	0.938640	0.558633	0.001470	0.002022	0.000758	0.007077	0.074327	0.260210	0.003977	12.191400
151.875000	57.202800	0.324922	1.124778	1.726680	0.583834	0.006953	0.733431	1.487332	1.805147	1.198673	0.355929	0.007174	0.002988	0.003354	0.153818	0.647714	0.957735	0.658280	0.007997	0.005866	0.006975	0.002543	0.039432	0.297553	0.003651	12.142800
157.500000	57.202800	0.297003	0.972674	1.790206	0.618507	0.005820	0.670357	1.338111	1.786418	1.338982	0.415635	0.010708	0.004164	0.001373	0.046736	0.602000	0.967884	0.657439	0.023628	0.001571	0.012549	0.004576	0.007409	0.299179	0.005772	11.878700
163.125000	57.202800	0.295679	0.938433	1.815201	0.699529	0.003337	0.491743	1.198617	1.842740	1.555382	0.433529	0.011564	0.004299	0.005867	0.010899	0.506020	0.981585	0.701745	0.055484	0.001355	0.005720	0.005694	0.007572	0.364103	0.001617	11.937700
168.750000	57.202800	0.306693	0.856935	1.858540	0.689951	0.002807	0.372946	0.957516	1.908438	1.639097	0.472487	0.005500	0.001906	0.004164	0.001270	0.427305	0.915076	0.739817	0.099601	0.000535	0.005357	0.002075	0.006237	0.361966	0.001862	11.638100
174.375000	57.202800	0.274331	0.728596	1.827687	0.775381	0.001124	0.212686	0.847705	1.864591	1.766275	0.580868	0.036289	0.003882	0.000637	0.002293	0.298736	0.895678	0.820005	0.126986	0.000000	0.000736	0.003417	0.005371	0.402780	0.002968	11.479000
180.000000	57.202800	0.262934	0.823508	1.877450	0.807150	0.002579	0.087551	0.688736	1.900816	1.863720	0.751009	0.093162	0.003893	0.000000	0.001960	0.196029	0.856882	0.880045	0.198648	0.001364	0.000735	0.005175	0.007488	0.390152	0.006917	11.707900
185.625000	57.202800	0.252192	0.790323	1.830989	0.773449	0.003381	0.028936	0.579869	1.767779	1.930707	0.830620	0.231798	0.007169	0.000000	0.000000	0.128697	0.813226	0.895878	0.279436	0.000758	0.000000	0.002827	0.003891	0.376647	0.005386	11.534000
191.250000	57.202800	0.274200	0.758758	1.817316	0.861208	0.000740	0.008697	0.465310	1.609432	1.901030	0.949756	0.357609	0.005423	0.003670	0.001236	0.105955	0.753345	0.884638	0.430041	0.000726	0.004172	0.003626	0.003482	0.385633	0.006373	11.592400
196.875000	57.202800	0.341073	0.675318	1.805599	0.920596	0.000532	0.004848	0.431810	1.522980	1.828535	1.103395	0.513775	0.002719	0.004248	0.000711	0.048183	0.709389	0.922632	0.501970	0.008467	0.005944	0.006487	0.002505	0.353541	0.011687	11.726900
202.500000	57.202800	0.275402	0.629361	1.790625	0.991392	0.003700	0.007976	0.442310	1.426474	1.825357	1.427379	0.679597	0.003901	0.010270	0.000000	0.013776	0.678201	0.950467	0.600039	0.044476	0.001631	0.003548	0.001496	0.330275	0.011921	12.149600
208.125000	57.202800	0.286258	0.567330	1.685784	1.126671	0.002104	0.005367	0.353144	1.237602	1.789550	1.561637	0.720468	0.009178	0.007666	0.003675	0.004758	0.595317	0.893151	0.719100	0.136769	0.002116	0.005622	0.002055	0.273601	0.034753	12.023700
213.750000	57.202800	0.341961	0.488894	1.680513	1.297543	0.003671	0.004282	0.256386	1.084510	1.871286	1.642038	0.782988	0.008830	0.001497	0.002976	0.003802	0.581929	0.932431	0.725326	0.229980	0.003175	0.007298	0.005026	0.260084	0.063599	12.280000
219.375000	57.202800	0.394940	0.446784	1.602691	1.421701	0.000000	0.003158	0.177213	1.033322	1.860349	1.776578	0.855035	0.017406	0.000735	0.000783	0.002295	0.471016	0.851224	0.854367	0.364024	0.002251	0.010211	0.005748	0.221394	0.104097	12.477300
225.000000	57.202800	0.403952	0.384990	1.445576	1.511308	0.001497	0.001155	0.103913	0.920762	1.973831	1.882177	0.920926	0.088623	0.000000	0.000250	0.001421	0.476632	0.865519	0.835131	0.422274	0.000737	0.003605	0.004722	0.151883	0.168367	12.569300
230.625000	57.202800	0.464079	0.381976	1.412699	1.510879	0.000787	0.004219	0.021658	0.848394	1.812407	1.902478	0.982101	0.158331	0.000758	0.001366	0.000000	0.368920	0.759753	0.948614	0.500308	0.002933	0.006351	0.009119	0.117335	0.204128	12.419600
236.250000	57.202800	0.510288	0.334997	1.245258	1.693610	0.005847	0.000000	0.006173	0.806710	1.623885	1.850340	1.113191	0.238560	0.002233	0.002096	0.002252	0.214060	0.742326	0.926713	0.580008	0.003508	0.008707	0.003488	0.065082	0.273529	12.252900
241.875000	57.202800	0.559375	0.292535	1.108783	1.703495	0.002576	0.004396	0.008696	0.702777	1.550813	1.780435	1.214236	0.340883	0.003020	0.008431	0.001764	0.127431	0.668931	0.988283	0.668394	0.012481	0.003477	0.002216	0.041458	0.296225	12.091100
247.500000	57.202800	0.644753	0.299621	0.983197	1.773264	0.006096	0.004696	0.002798	0.619828	1.340350	1.736112	1.361975	0.476650	0.000735	0.011284	0.002905	0.048651	0.582855	0.983890	0.633958	0.021313	0.006787	0.003363	0.015764	0.319102	11.879900
253.125000	57.202800	0.701787	0.307786	0.887649	1.832527	0.006491	0.003004	0.003725	0.524293	1.118875	1.819815	1.572709	0.470677	0.001479	0.005261	0.004135	0.005210	0.523759	0.999086	0.689475	0.046646	0.008579	0.003538	0.006413	0.354198	11.897100
258.750000	57.202800	0.740033	0.294663	0.850876	1.848666	0.008952	0.001823	0.004247	0.372537	0.949079	1.858574	1.620278	0.462070	0.001551	0.002682	0.000769	0.001552	0.436361	0.970002	0.777680	0.112118	0.003708	0.006392	0.004559	0.372525	11.701700
264.375000	57.202800	0.805183	0.279088	0.787403	1.921727	0.029597	0.002802	0.005713	0.208341	0.838911	1.900703	1.826352	0.603622	0.000760	0.003579	0.000000	0.002698	0.262470	0.928996	0.772771	0.125204	0.004892	0.004374	0.004363	0.413743	11.733300
270.000000	57.202800	0.813862	0.239427	0.788908	1.929260	0.108968	0.007260	0.003215	0.109448	0.683915	1.847931	1.907534	0.680467	0.001376	0.000594	0.002128	0.000769	0.179040	0.891487	0.823165	0.190631	0.005693	0.004630	0.004520	0.390899	11.615100
275.625000	57.202800	0.737715	0.258215	0.778269	1.866875	0.208308	0.002543	0.002906	0.022427	0.560875	1.746460	1.874690	0.803782	0.000578	0.000758	0.000000	0.000000	0.133116	0.816300	0.910911	0.329681	0.003727	0.002343	0.005845	0.386585	11.452900
281.250000	57.202800	0.821032	0.283964	0.765124	1.841055	0.337930	0.002758	0.003477	0.014921	0.436779	1.668582	1.843939	0.960174	0.001984	0.003117	0.002738	0.002326	0.096971	0.735679	0.937588	0.420502	0.008455	0.006195	0.004017	0.384869	11.584200
286.875000	57.202800	0.914796	0.298679	0.656611	1.831589	0.534745	0.003934	0.004278	0.008146	0.455535	1.540397	1.773954	1.102640	0.004570	0.003384	0.003003	0.002508	0.055642	0.704271	0.959879	0.531246	0.005285	0.004565	0.004233	0.374375	11.778300
292.500000	57.202800	1.012375	0.310822	0.595122	1.821444	0.614709	0.005505	0.006619	0.007633	0.446972	1.374721	1.825674	1.410312	0.048340	0.001428	0.011110	0.001188	0.018492	0.669835	0.966558	0.604118	0.012580	0.005649	0.010174	0.334850	12.116200
298.125000	57.202800	1.102062	0.315130	0.551111	1.761683	0.700175	0.004320	0.003021	0.012866	0.355716	1.213512	1.856108	1.553381	0.126555	0.004320	0.005101	0.005621	0.004895	0.572394	0.973304	0.663374	0.033946	0.003793	0.002593	0.286802	12.111800
303.750000	57.202800	1.225161	0.341745	0.486316	1.644888	0.742518	0.005236	0.006615	0.009919	0.232463	1.110686	1.857251	1.599728	0.212829	0.003177	0.000000	0.000735	0.001406	0.548148	0.924157	0.727621	0.079515	0.004195	0.006515	0.250602	12.021400
309.375000	57.202800	1.325851	0.398669	0.443653	1.573320	0.880142	0.016785	0.004786	0.005569	0.183204	0.989241	1.816174	1.795104	0.341611	0.001315	0.001349	0.000000	0.001538	0.509851	0.873208	0.825806	0.116291	0.008737	0.002369	0.208484	12.323000
315.000000	57.202800	1.548766	0.379760	0.391367	1.477571	0.915045	0.064774	0.001516	0.001312	0.103348	0.913964	1.851607	1.914704	0.439157	0.000609	0.001512	0.002057	0.001778	0.424930	0.812181	0.874685	0.142167	0.006195	0.006396	0.181288	12.456700
320.625000	57.202800	1.536359	0.445449	0.385526	1.398765	0.977828	0.151515	0.006573	0.003111	0.020407	0.814433	1.792842	1.897491	0.499079	0.002108	0.000743	0.001490	0.001471	0.346262	0.774510	0.908679	0.208709	0.008114	0.005374	0.112633	12.299500
326.250000	57.202800	1.581734	0.472863	0.341461	1.241436	1.027487	0.210299	0.004037	0.002772	0.005640	0.793489	1.649604	1.858495	0.558574	0.003749	0.003103	0.000595	0.003486	0.229255	0.760887	0.953001	0.248137	0.006340	0.007752	0.075138	12.039300
331.875000	57.202800	1.733567	0.551742	0.312488	1.129043	1.183937	0.355467	0.008920	0.003201	0.003354	0.720056	1.492048	1.729948	0.629602	0.005919	0.000745	0.004294	0.001610	0.129008	0.726542	0.982565	0.298401	0.009793	0.006514	0.031170	12.049900
337.500000	57.202800	1.782618	0.560064	0.278909	0.994504	1.372651	0.420060	0.006432	0.005183	0.006086	0.621347	1.439378	1.783183	0.722738	0.017206	0.000758	0.018550	0.000000	0.050673	0.603029	1.001656	0.347438	0.007113	0.004762	0.008441	12.052800
343.125000	57.202800	1.846371	0.462328	0.311910	0.958882	1.586100	0.383587	0.007772	0.002601	0.003518	0.560713	1.129151	1.870517	0.717042	0.038011	0.000735	0.004263	0.006429	0.005966	0.493375	0.913741	0.350121	0.002537	0.003801	0.005628	11.665100
348.750000	57.202800	1.897287	0.325076	0.280529	0.870877	1.674180	0.422871	0.016869	0.003800	0.001486	0.382337	0.989763	1.817078	0.810738	0.108987	0.000000	0.001428	0.004591	0.000591	0.389240	0.976728	0.378475	0.004474	0.002940	0.003641	11.364000
354.375000	57.202800	1.915111	0.349249	0.269772	0.802640	1.810892	0.570288	0.027864	0.002704	0.003469	0.209256	0.823974	1.902082	0.818055	0.129909	0.000739	0.000000	0.000000	0.002727	0.299961	0.856899	0.388345	0.004686	0.004368	0.002797	11.195800
2.812500	60.000000	1.882302	0.430228	0.187734	0.799439	1.856776	0.781613	0.141069	0.003705	0.001359	0.039672	0.592382	1.803054	0.929591	0.317464	0.002717	0.000000	0.000000	0.001866	0.201819	0.910487	0.446827	0.004329	0.002931	0.009409	11.346800
8.437500	60.000000	1.788770	0.498154	0.181151	0.706939	1.822145	0.879465	0.245273	0.001652	0.000000	0.011466	0.503192	1.685094	0.992490	0.374633	0.001286	0.001529	0.000000	0.000557	0.169427	0.843501	0.501802	0.001915	0.007336	0.004756	11.222500
14.062500	60.000000	1.780491	0.602706	0.164935	0.676063	1.766264	1.086251	0.426000	0.002236	0.004337	0.008203	0.432621	1.651006	0.988824	0.460152	0.004493	0.004577	0.003702	0.000687	0.108150	0.800746	0.462386	0.009952	0.006892	0.003301	11.455000
19.687500	60.000000	1.732606	0.776518	0.167337	0.599253	1.775108	1.297283	0.537903	0.003230	0.007981	0.009399	0.428268	1.482152	1.061447	0.593390	0.047430	0.000882	0.008273	0.000000	0.060964	0.764013	0.433302	0.018661	0.009519	0.006141	11.821100
25.312500	60.000000	1.701131	0.890828	0.173928	0.517905	1.743509	1.468343	0.683319	0.004192	0.006338	0.005268	0.342651	1.297215	1.077013	0.678782	0.123387	0.003379	0.008080	0.000835	0.031824	0.638787	0.406542	0.058214	0.005818	0.005908	11.873200
30.937500	60.000000	1.544706	1.115427	0.232968	0.416997	1.810756	1.609827	0.716029	0.006355	0.001395	0.005996	0.307646	1.152767	1.021571	0.758166	0.229992	0.002389	0.003954	0.002238	0.008920	0.655957	0.371905	0.096392	0.006692	0.006867	12.085900
36.562500	60.000000	1.569746	1.239241	0.324044	0.431972	1.933218	1.693927	0.806366	0.006686	0.004026	0.008621	0.187939	1.052199	0.992507	0.856508	0.369948	0.003818	0.000758	0.001460	0.002724	0.559072	0.306846	0.159187	0.007802	0.003114	12.521700
42.187500	60.000000	1.436517	1.353153	0.332390	0.411430	1.898113	1.839709	0.888719	0.040281	0.003240	0.003635	0.107359	0.942611	0.927933	0.892345	0.402147	0.002378	0.000000	0.002061	0.005165	0.526332	0.251274	0.206740	0.011094	0.008068	12.492700
47.812500	60.000000	1.377458	1.519994	0.371310	0.345361	1.806402	1.972044	0.969984	0.130981	0.006530	0.001488	0.045106	0.895225	0.878685	0.921114	0.519675	0.004678	0.000737	0.001982	0.002335	0.430753	0.199055	0.245190	0.002658	0.005262	12.654000
53.437500	60.000000	1.234718	1.564758	0.398626	0.317450	1.785615	1.849956	1.039170	0.201184	0.004173	0.002831	0.005154	0.802901	0.787484	0.949525	0.555378	0.004504	0.000591	0.000737	0.002122	0.331737	0.146241	0.329274	0.007260	0.010187	12.331600
59.062500	60.000000	1.068565	1.655507	0.421669	0.239161	1.614792	1.789845	1.105234	0.272030	0.004107	0.001605	0.005852	0.725985	0.779782	1.030239	0.645907	0.009098	0.000129	0.003711	0.003647	0.230963	0.090738	0.379328	0.005399	0.003224	12.086500
64.687500	60.000000	0.930670	1.695408	0.513892	0.187245	1.458605	1.763990	1.323589	0.397502	0.001903	0.005210	0.003506	0.645245	0.680653	1.017912	0.645185	0.023833	0.001493	0.008873	0.000000	0.108504	0.042654	0.410923	0.006845	0.004963	11.878600
70.312500	60.000000	0.729767	1.794798	0.607652	0.136511	1.234390	1.761253	1.496470	0.435268	0.004906	0.001292	0.004781	0.595088	0.608346	1.049440	0.716366	0.048363	0.002903	0.010163	0.001661	0.037175	0.016621	0.434964	0.008883	0.004028	11.741100
75.937500	60.000000	0.631093	1.729100	0.641549	0.183660	1.081800	1.768514	1.614939	0.430512	0.005546	0.003792	0.002514	0.450769	0.478929	1.018682	0.748953	0.108964	0.001973	0.004882	0.002153	0.006882	0.011104	0.458006	0.002146	0.003159	11.389600
81.562500	60.000000	0.467976	1.746653	0.724581	0.177229	0.869738	1.899357	1.693780	0.519723	0.011067	0.005534	0.003161	0.266068	0.399776	0.968399	0.843522	0.149719	0.000758	0.000619	0.001477	0.003071	0.004571	0.462712	0.003895	0.003976	11.227400
87.187500	60.000000	0.468785	1.854547	0.775127	0.190621	0.790013	1.915564	1.852195	0.641728	0.040748	0.001536	0.005275	0.138356	0.264639	0.969562	0.927774	0.177967	0.000000	0.000341	0.000743	0.003700	0.006048	0.465218	0.004200	0.005374	11.500100
92.812500	60.000000	0.336016	1.832618	0.791135	0.176445	0.590352	1.840388	1.899017	0.776785	0.135857	0.004854	0.004963	0.048818	0.199747	0.879904	0.958713	0.306195	0.002857	0.000736	0.000737	0.000000	0.001620	0.506099	0.009008	0.003809	11.306700
98.437500	60.000000	0.283469	1.908676	0.771662	0.205077	0.501014	1.806843	1.840275	0.899905	0.251743	0.003550	0.000000	0.012423	0.164558	0.827825	1.006202	0.404367	0.002869	0.000735	0.002072	0.000676	0.004253	0.496325	0.003695	0.000195	11.398400
104.062000	60.000000	0.389858	1.807917	0.835009	0.189929	0.384740	1.667202	1.786135	1.008793	0.412474	0.001296	0.005164	0.012478	0.123544	0.804439	1.038612	0.482765	0.002979	0.002997	0.004355	0.002263	0.005075	0.475164	0.009506	0.003407	11.456100
109.688000	60.000000	0.468211	1.709772	0.900242	0.225630	0.401865	1.504952	1.722699	1.221508	0.561386	0.005938	0.002059	0.003607	0.051438	0.775729	1.059257	0.627946	0.045988	0.000735	0.011047	0.000607	0.003992	0.430710	0.023589	0.006484	11.765400
115.312000	60.000000	0.496963	1.665924	0.975370	0.206274	0.360671	1.331144	1.691224	1.456547	0.670206	0.001406	0.004119	0.003646	0.023401	0.663962	1.008711	0.676984	0.126271	0.001360	0.009098	0.000743	0.003710	0.423405	0.051554	0.008349	11.861000
120.938000	60.000000	0.430215	1.697229	1.049386	0.252838	0.273895	1.127165	1.753110	1.528703	0.770002	0.005360	0.003840	0.008194	0.008877	0.614987	1.052793	0.803183	0.216523	0.002796	0.005884	0.001410	0.006440	0.355096	0.097524	0.008792	12.074200
126.562000	60.000000	0.422387	1.564306	1.282275	0.309303	0.165396	1.048520	1.901132	1.706933	0.802289	0.006376	0.000743	0.006894	0.001290	0.581278	1.012472	0.791244	0.382425	0.001541	0.000735	0.000963	0.008481	0.326744	0.155296	0.004680	12.483700
132.188000	60.000000	0.392716	1.501367	1.383859	0.359120	0.099454	0.952069	1.821421	1.818503	0.873498	0.029402	0.002672	0.001493	0.001465	0.519699	0.916995	0.879245	0.411242	0.003658	0.001390	0.002185	0.007254	0.251122	0.186799	0.011707	12.428400
137.812000	60.000000	0.338111	1.401909	1.472392	0.397042	0.031410	0.868988	1.898802	1.842729	0.942543	0.112113	0.004581	0.003277	0.004790	0.417483	0.893637	0.943141	0.518998	0.006886	0.000611	0.000000	0.015897	0.223258	0.259374	0.005544	12.603500
143.437000	60.000000	0.324792	1.301592	1.520809	0.387241	0.009155	0.802571	1.716750	1.845794	1.034086	0.209168	0.004856	0.004328	0.002540	0.348109	0.837445	0.970106	0.594938	0.003857	0.002232	0.000000	0.007829	0.141424	0.321395	0.006090	12.397100
149.062000	60.000000	0.253638	1.097214	1.580694	0.485099	0.009143	0.765384	1.581316	1.783127	1.103416	0.283274	0.006238	0.003486	0.005481	0.249942	0.763326	1.027029	0.616816	0.006129	0.000000	0.002046	0.005696	0.092010	0.383605	0.004028	12.108100
154.688000	60.000000	0.223286	0.981314	1.625933	0.539935	0.003858	0.718186	1.429652	1.698145	1.235000	0.368663	0.012341	0.004210	0.000771	0.130638	0.681335	1.073933	0.689147	0.024328	0.000000	0.009900	0.004384	0.064219	0.388573	0.003609	11.911400
160.312000	60.000000	0.242045	0.936631	1.767836	0.593476	0.003902	0.585749	1.303967	1.675186	1.461715	0.446496	0.007321	0.002150	0.002261	0.049140	0.565742	1.067655	0.711763	0.063380	0.001359	0.005346	0.003979	0.024310	0.448630	0.007391	11.977400
165.938000	60.000000	0.212367	0.810338	1.770991	0.653784	0.002893	0.443449	0.964735	1.797411	1.642999	0.426021	0.010310	0.002077	0.004468	0.007613	0.486795	1.031763	0.792522	0.107906	0.002108	0.006246	0.004101	0.005936	0.449131	0.003129	11.639100
171.562000	60.000000	0.194486	0.751145	1.787549	0.692863	0.002301	0.254131	0.898142	1.853903	1.689765	0.468626	0.012180	0.000616	0.000678	0.004895	0.340319	0.990922	0.801547	0.129226	0.001391	0.001957	0.002680	0.011388	0.492530	0.005221	11.388500
177.188000	60.000000	0.171998	0.754144	1.791993	0.791606	0.002484	0.123638	0.753207	1.916581	1.858257	0.655873	0.037015	0.002774	0.000000	0.001384	0.296271	0.937053	0.926735	0.183379	0.000000	0.000000	0.002997	0.004202	0.481162	0.004637	11.697400
182.812000	60.000000	0.187403	0.742871	1.853699	0.750561	0.000874	0.032104	0.600464	1.789686	1.895602	0.755288	0.127634	0.004645	0.002103	0.002147	0.190502	0.922882	0.990551	0.282430	0.001043	0.000000	0.002996	0.011166	0.500664	0.003431	11.650700
188.438000	60.000000	0.199314	0.735880	1.838680	0.778068	0.003694	0.010323	0.534746	1.775549	1.850397	0.885257	0.237736	0.001574	0.001534	0.000000	0.142811	0.834643	1.008747	0.387148	0.003574	0.002227	0.004077	0.005454	0.519346	0.005358	11.766100
194.062000	60.000000	0.212700	0.647045	1.792401	0.847392	0.004033	0.002169	0.455165	1.677313	1.817542	1.007382	0.399372	0.002479	0.004368	0.001478	0.097812	0.787008	1.037115	0.489071	0.003943	0.005970	0.002422	0.003150	0.476536	0.008380	11.782200
199.687000	60.000000	0.233702	0.624056	1.768299	0.871737	0.002718	0.004190	0.441963	1.474914	1.731034	1.216294	0.527367	0.006249	0.011895	0.000761	0.069271	0.707720	1.073826	0.596994	0.047981	0.000000	0.007638	0.003964	0.408787	0.014157	11.845500
205.312000	60.000000	0.229813	0.536639	1.644300	0.997697	0.002968	0.003534	0.378269	1.251908	1.760168	1.544717	0.648042	0.003864	0.008227	0.000000	0.027274	0.712466	1.035246	0.699412	0.111700	0.001634	0.002300	0.004364	0.425149	0.059323	12.089000
210.938000	60.000000	0.246796	0.437315	1.603709	1.117006	0.003159	0.002237	0.280286	1.111971	1.800351	1.603279	0.737073	0.009641	0.006646	0.000716	0.005481	0.589735	1.009427	0.781722	0.214238	0.002355	0.009637	0.005673	0.355935	0.094744	12.029100
216.562000	60.000000	0.308936	0.395622	1.558538	1.182795	0.000523	0.003236	0.169570	1.035837	1.826137	1.737209	0.799838	0.003503	0.002516	0.000000	0.002459	0.572249	0.981257	0.847477	0.330343	0.000202	0.009655	0.002180	0.291383	0.148611	12.210100
222.188000	60.000000	0.338222	0.417836	1.449512	1.424608	0.000990	0.002233	0.122112	0.946711	1.921637	1.859648	0.916733	0.036993	0.001835	0.000122	0.001979	0.485830	0.937218	0.873199	0.406845	0.002186	0.004600	0.008760	0.265384	0.188228	12.613400
227.812000	60.000000	0.345896	0.353804	1.401898	1.492941	0.004262	0.000785	0.035324	0.843145	1.816965	1.967916	0.939332	0.111239	0.000000	0.002375	0.004311	0.438087	0.885033	0.970939	0.496247	0.002702	0.002927	0.010067	0.201841	0.253245	12.581300
233.438000	60.000000	0.432180	0.300391	1.259531	1.544299	0.004281	0.000000	0.008247	0.832668	1.711830	1.783251	0.992664	0.169816	0.001363	0.000000	0.003109	0.342877	0.826346	0.913776	0.581290	0.007823	0.006932	0.009546	0.153827	0.322109	12.208100
239.062000	60.000000	0.447914	0.242035	1.060655	1.638124	0.003603	0.000934	0.005278	0.738193	1.603053	1.739143	1.145224	0.287564	0.002299	0.003981	0.001711	0.231134	0.823441	1.018263	0.591769	0.005182	0.005712	0.006632	0.102283	0.362255	12.066400
244.687000	60.000000	0.518563	0.233606	0.998325	1.696076	0.003965	0.004691	0.003658	0.667737	1.460562	1.711717	1.272752	0.371418	0.000146	0.009609	0.001364	0.113274	0.702847	1.098935	0.679344	0.025481	0.003553	0.003822	0.053481	0.393855	12.028800
250.312000	60.000000	0.596918	0.220052	0.904211	1.829248	0.003862	0.003472	0.002645	0.565016	1.202598	1.748519	1.434414	0.433642	0.000000	0.010450	0.003621	0.052373	0.586571	1.083152	0.743655	0.053214	0.003969	0.002605	0.017465	0.453446	11.955100
255.937000	60.000000	0.673233	0.236359	0.812227	1.751425	0.003841	0.002738	0.002703	0.434774	0.994180	1.753574	1.650927	0.420146	0.000000	0.003356	0.002017	0.008765	0.499654	0.995098	0.794201	0.114042	0.004589	0.003395	0.008055	0.449902	11.619200
261.562000	60.000000	0.707903	0.190643	0.768160	1.817338	0.006402	0.002609	0.001750	0.247157	0.881744	1.846732	1.771387	0.508499	0.000621	0.000607	0.000745	0.001980	0.387487	1.000905	0.829609	0.130176	0.007441	0.008296	0.009976	0.512438	11.640600
267.188000	60.000000	0.783131	0.166103	0.762187	1.786011	0.040832	0.001951	0.006101	0.129440	0.789504	1.903439	1.866852	0.646656	0.000000	0.000000	0.000000	0.001465	0.292156	0.957265	0.914761	0.170716	0.005579	0.005777	0.005896	0.494077	11.729900
272.812000	60.000000	0.786397	0.166721	0.778257	1.900951	0.116316	0.005747	0.007788	0.041182	0.593520	1.831634	1.926104	0.741821	0.002621	0.000000	0.000000	0.000634	0.189522	0.910420	0.927209	0.269560	0.003960	0.004351	0.005361	0.485693	11.695800
278.438000	60.000000	0.785862	0.184404	0.763671	1.820437	0.248081	0.003592	0.000720	0.007584	0.494588	1.793622	1.833353	0.903944	0.004430	0.002281	0.000608	0.000616	0.139777	0.790013	0.983629	0.393877	0.003144	0.006273	0.007615	0.497669	11.669800
284.062000	60.000000	0.817033	0.217069	0.710798	1.814285	0.420904	0.005215	0.003984	0.010362	0.439713	1.558560	1.783307	1.014296	0.007886	0.003142	0.003329	0.000605	0.123725	0.762356	0.988419	0.513333	0.006412	0.004036	0.008224	0.380919	11.597900
289.688000	60.000000	0.922336	0.216908	0.602054	1.837345	0.594649	0.005651	0.001381	0.008482	0.437385	1.409453	1.731848	1.252361	0.042145	0.002177	0.009497	0.000000	0.053519	0.741018	1.051103	0.595961	0.019667	0.000713	0.005925	0.437976	11.979600
295.312000	60.000000	0.949625	0.211388	0.512635	1.649253	0.677020	0.006194	0.003406	0.007569	0.384321	1.251230	1.749401	1.440442	0.126450	0.001501	0.013597	0.000616	0.030937	0.659562	1.064072	0.699860	0.049695	0.006177	0.003975	0.412737	11.911700
300.938000	60.000000	1.072792	0.209626	0.428759	1.598359	0.726937	0.009170	0.004520	0.003795	0.285409	1.142215	1.696607	1.565968	0.236044	0.003758	0.002315	0.000745	0.009680	0.663971	1.015388	0.758509	0.098881	0.002513	0.003748	0.333472	11.873200
306.562000	60.000000	1.249963	0.318634	0.440074	1.630660	0.862192	0.007267	0.004202	0.004253	0.190273	1.005985	1.874928	1.809546	0.308989	0.003072	0.000750	0.002274	0.005341	0.607921	0.939153	0.822820	0.139869	0.006655	0.004392	0.313666	12.552900
312.187000	60.000000	1.431530	0.348999	0.376974	1.482559	0.905496	0.037816	0.002713	0.002026	0.116374	0.944377	1.969115	1.881352	0.438344	0.000735	0.000000	0.000000	0.002074	0.513271	0.969159	0.896182	0.199168	0.009116	0.010331	0.267940	12.805700
317.812000	60.000000	1.493213	0.409201	0.323134	1.326462	0.956984	0.108463	0.004658	0.001628	0.035475	0.879973	1.864975	1.983105	0.538764	0.004951	0.001585	0.001789	0.001462	0.442380	0.881197	0.990511	0.266455	0.004178	0.004915	0.203392	12.728800
323.438000	60.000000	1.494072	0.446034	0.330504	1.211544	1.007118	0.163657	0.006985	0.003562	0.005450	0.771864	1.751923	1.899074	0.548260	0.003759	0.002908	0.001505	0.002141	0.331340	0.848393	0.959611	0.313828	0.005610	0.005977	0.144881	12.260000
329.062000	60.000000	1.696336	0.443863	0.240167	1.164903	1.164382	0.252467	0.006766	0.005561	0.006260	0.726939	1.593881	1.768944	0.652183	0.006979	0.001474	0.005127	0.005546	0.245818	0.747940	1.061739	0.354702	0.002051	0.004646	0.089858	12.248500
334.688000	60.000000	1.660699	0.504267	0.230292	1.024881	1.319970	0.376711	0.005107	0.005441	0.002812	0.674326	1.368727	1.666591	0.731292	0.020962	0.002441	0.007319	0.003089	0.109966	0.670586	1.071782	0.419621	0.002769	0.005109	0.057750	11.942500
340.312000	60.000000	1.704795	0.490856	0.216716	0.921130	1.489729	0.391534	0.003732	0.002785	0.005527	0.522792	1.274494	1.666817	0.695621	0.063459	0.000000	0.010914	0.001313	0.049511	0.612267	1.103848	0.466435	0.003052	0.005330	0.013238	11.715900
345.938000	60.000000	1.758596	0.367380	0.206793	0.843557	1.607057	0.399471	0.007175	0.004149	0.001010	0.382693	1.082440	1.846246	0.737909	0.102263	0.000521	0.003629	0.002310	0.004990	0.494976	1.026632	0.469870	0.006719	0.004727	0.013561	11.374700
351.562000	60.000000	1.807872	0.288416	0.182850	0.803161	1.763561	0.494093	0.010338	0.003091	0.007597	0.251424	0.939323	1.808076	0.830458	0.145589	0.000000	0.000608	0.000466	0.003746	0.406202	1.026902	0.469274	0.006419	0.003541	0.004163	11.257200
357.187000	60.000000	1.851222	0.325172	0.184001	0.790487	1.806232	0.637189	0.030052	0.002911	0.004363	0.126344	0.766639	1.894731	0.886468	0.204533	0.001551	0.000000	0.000266	0.000735	0.245393	0.967375	0.506763	0.002555	0.005836	0.002653	11.243500
0.000000	62.720400	1.799220	0.326425	0.126853	0.784197	1.911322	0.703054	0.061314	0.002523	0.006143	0.068564	0.686278	1.935209	1.003224	0.256087	0.000000	0.000000	0.000000	0.000761	0.265981	0.975613	0.563273	0.006166	0.002955	0.006168	11.491300
5.625000	62.720400	1.794719	0.410310	0.117524	0.702517	1.863765	0.820475	0.152117	0.006790	0.002800	0.017927	0.552450	1.759670	1.100421	0.384219	0.003795	0.001485	0.000677	0.000000	0.184601	0.984087	0.582845	0.010512	0.004109	0.006096	11.463900
11.250000	62.720400	1.762452	0.492185	0.126505	0.680232	1.780684	0.978980	0.311619	0.004167	0.005146	0.007422	0.438921	1.658097	1.166441	0.468108	0.005948	0.000000	0.001408	0.001365	0.171034	0.828255	0.572686	0.009912	0.004228	0.005764	11.481600
16.875000	62.720400	1.681565	0.641036	0.090139	0.574866	1.755904	1.137906	0.454465	0.002248	0.001785	0.006252	0.407742	1.521668	1.137262	0.567042	0.036303	0.003102	0.005061	0.000725	0.102871	0.820346	0.530298	0.021397	0.005984	0.006861	11.512800
22.500000	62.720400	1.621646	0.796707	0.105927	0.456585	1.599965	1.393936	0.647677	0.001472	0.003584	0.007993	0.390567	1.438564	1.219404	0.685309	0.097777	0.000758	0.008009	0.000000	0.060192	0.756630	0.520716	0.069836	0.006378	0.006400	11.896000
28.125000	62.720400	1.611366	0.900199	0.159731	0.453871	1.725289	1.552544	0.691344	0.005795	0.006860	0.005443	0.305696	1.230194	1.159610	0.782143	0.191321	0.004932	0.007376	0.000747	0.019779	0.715926	0.498436	0.101185	0.005483	0.007488	12.142800
33.750000	62.720400	1.587151	1.100629	0.257040	0.409950	1.729383	1.739652	0.815558	0.006676	0.001508	0.003810	0.208153	1.112921	1.098292	0.835194	0.329664	0.004999	0.002273	0.002335	0.004209	0.653990	0.405757	0.174673	0.009332	0.003554	12.496700
39.375000	62.720400	1.451898	1.227016	0.293638	0.387882	1.787978	1.789245	0.873662	0.007679	0.003887	0.004827	0.145959	0.955440	0.981728	0.952009	0.455687	0.002518	0.000000	0.000000	0.002854	0.584635	0.394930	0.238216	0.008921	0.006572	12.557200
45.000000	62.720400	1.306172	1.360165	0.316976	0.326212	1.853699	1.943182	0.891499	0.048154	0.002167	0.004137	0.049342	0.944168	0.963210	0.995729	0.521965	0.003426	0.003252	0.000000	0.002312	0.517832	0.295748	0.315020	0.007745	0.012139	12.684200
50.625000	62.720400	1.271146	1.433124	0.355914	0.271964	1.851833	1.873989	0.993632	0.150348	0.004294	0.005301	0.004420	0.822550	0.912685	1.065094	0.583363	0.004342	0.001930	0.000000	0.001240	0.431647	0.220371	0.345179	0.003421	0.012058	12.619800
56.250000	62.720400	1.046870	1.515244	0.404726	0.214768	1.690624	1.734721	1.050889	0.223617	0.002909	0.001957	0.006407	0.797146	0.840327	1.126307	0.632545	0.009576	0.001371	0.004580	0.004204	0.327074	0.180752	0.440808	0.004517	0.005279	12.267200
61.875000	62.720400	0.924961	1.583578	0.445529	0.144285	1.574021	1.742411	1.191028	0.318804	0.006393	0.002441	0.006682	0.716439	0.753512	1.169924	0.698329	0.028349	0.000523	0.002971	0.000770	0.225970	0.110136	0.453281	0.005933	0.003355	12.109600
67.500000	62.720400	0.763655	1.687842	0.494033	0.103095	1.410652	1.672585	1.424710	0.357425	0.005318	0.003838	0.003961	0.610348	0.650996	1.147033	0.795854	0.058395	0.000000	0.010016	0.002782	0.110197	0.070224	0.490177	0.002735	0.003253	11.879100
73.125000	62.720400	0.634703	1.645815	0.569784	0.089390	1.163319	1.705316	1.568524	0.412727	0.011216	0.004464	0.003587	0.460667	0.599538	1.180363	0.862425	0.119855	0.000000	0.004511	0.002714	0.033935	0.035016	0.492144	0.004473	0.006715	11.611200
78.750000	62.720400	0.505862	1.755904	0.667750	0.119545	0.953009	1.798530	1.717021	0.412515	0.007721	0.004624	0.006114	0.268814	0.526517	1.100679	0.826601	0.161387	0.000771	0.000000	0.000581	0.003441	0.006719	0.582843	0.004054	0.004628	11.435600
84.375000	62.720400	0.402432	1.715573	0.694534	0.123076	0.849078	1.921196	1.771998	0.550153	0.012824	0.002346	0.008356	0.187863	0.377969	1.051640	0.927187	0.209508	0.000000	0.000000	0.000000	0.004121	0.006090	0.501858	0.004233	0.004774	11.326800
90.000000	62.720400	0.324104	1.725481	0.724084	0.125039	0.708755	1.912657	1.924804	0.694189	0.060497	0.003099	0.003694	0.062237	0.263089	1.027920	1.011150	0.257050	0.002917	0.000671	0.000000	0.003513	0.003631	0.571091	0.007478	0.006019	11.423200
95.625000	62.720400	0.251962	1.713583	0.710544	0.139539	0.514376	1.783839	1.882720	0.863984	0.179903	0.003133	0.003189	0.011834	0.202021	0.955818	1.072417	0.379790	0.002237	0.000000	0.000758	0.000752	0.003625	0.548178	0.006374	0.005355	11.235900
101.250000	62.720400	0.328362	1.724893	0.798357	0.137825	0.418000	1.641540	1.854909	1.006941	0.289526	0.000849	0.006159	0.008440	0.187846	0.854245	1.113969	0.481297	0.007016	0.000737	0.001429	0.000000	0.005642	0.597063	0.007399	0.002610	11.475100
106.875000	62.720400	0.427369	1.758098	0.839059	0.174979	0.403079	1.586846	1.728840	1.155074	0.490893	0.005793	0.002139	0.003744	0.111454	0.828126	1.212426	0.577806	0.025958	0.000850	0.004249	0.001452	0.005182	0.536064	0.021137	0.005235	11.905900
112.500000	62.720400	0.487256	1.648914	0.892816	0.196168	0.393713	1.398754	1.731328	1.351174	0.581185	0.001504	0.003356	0.003511	0.052165	0.739858	1.181754	0.681286	0.120822	0.002939	0.010412	0.000762	0.003245	0.520771	0.073156	0.005740	12.082600
118.125000	62.720400	0.429961	1.618502	1.046840	0.192115	0.326850	1.184412	1.633239	1.539413	0.681340	0.010418	0.003119	0.004346	0.023095	0.685924	1.151331	0.818108	0.222011	0.002764	0.008265	0.000000	0.005142	0.473373	0.122814	0.008973	12.192400
123.750000	62.720400	0.386425	1.568875	1.108206	0.232414	0.202246	1.053292	1.798994	1.688837	0.751027	0.008570	0.004470	0.003883	0.012000	0.627417	1.163251	0.884281	0.320699	0.004020	0.001323	0.001429	0.003251	0.406519	0.182052	0.007911	12.421400
129.375000	62.720400	0.375373	1.495362	1.226608	0.307783	0.123966	0.989116	1.896959	1.774192	0.812368	0.006174	0.001705	0.005997	0.002086	0.592164	1.014148	0.935016	0.422309	0.001777	0.002885	0.002159	0.003814	0.364644	0.236367	0.008959	12.601900
135.000000	62.720400	0.340581	1.367041	1.351592	0.328755	0.049921	0.967789	1.913822	1.881917	0.909582	0.059115	0.001516	0.003565	0.001831	0.525429	0.993501	0.957644	0.528809	0.006990	0.000125	0.001373	0.003393	0.310575	0.316351	0.003604	12.824800
140.625000	62.720400	0.272541	1.216995	1.429709	0.407649	0.004771	0.886823	1.872326	1.802444	0.973887	0.155154	0.005563	0.001522	0.005390	0.445604	0.936104	1.086186	0.595753	0.008741	0.000790	0.000582	0.004969	0.234498	0.370346	0.003965	12.722300
146.250000	62.720400	0.248767	1.088969	1.533792	0.363239	0.005021	0.764746	1.696132	1.797999	1.048808	0.226045	0.005141	0.004296	0.002479	0.323648	0.833859	1.116548	0.643746	0.005591	0.001888	0.000735	0.007594	0.185509	0.438450	0.004736	12.347700
151.875000	62.720400	0.170496	0.977048	1.530648	0.434520	0.008161	0.669766	1.528069	1.621137	1.172638	0.298601	0.005435	0.005312	0.000000	0.228886	0.819530	1.111605	0.692488	0.036041	0.002911	0.003459	0.010960	0.135780	0.495068	0.003240	11.961800
157.500000	62.720400	0.156281	0.879531	1.642185	0.450929	0.004286	0.579499	1.390294	1.675752	1.416307	0.405276	0.007126	0.004525	0.002294	0.117682	0.712696	1.111326	0.758551	0.066297	0.000000	0.006812	0.006479	0.073952	0.524953	0.002693	11.995700
163.125000	62.720400	0.173566	0.850417	1.773796	0.600880	0.004516	0.495645	1.143301	1.680977	1.568818	0.427391	0.003414	0.001368	0.000736	0.033559	0.555794	1.188845	0.835261	0.117068	0.001423	0.008778	0.007246	0.019427	0.554140	0.005781	12.052100
168.750000	62.720400	0.127601	0.765631	1.762034	0.684725	0.002946	0.333384	0.973706	1.775832	1.686100	0.432889	0.006260	0.002166	0.002599	0.003032	0.467444	1.127169	0.868403	0.168469	0.000735	0.001277	0.003804	0.010966	0.566304	0.006157	11.779600
174.375000	62.720400	0.124043	0.719568	1.736971	0.738869	0.002027	0.157748	0.757996	1.822428	1.757702	0.549885	0.012446	0.001343	0.000000	0.003406	0.404821	1.061152	0.893584	0.213657	0.001485	0.000000	0.004258	0.004430	0.587248	0.003924	11.559000
180.000000	62.720400	0.115241	0.718869	1.760926	0.749741	0.004810	0.049763	0.680744	1.895082	1.924227	0.690953	0.055557	0.005901	0.000000	0.002068	0.254237	1.014074	1.016181	0.268450	0.001933	0.000000	0.008816	0.007728	0.558569	0.003611	11.787500
185.625000	62.720400	0.116428	0.741148	1.787639	0.721529	0.004132	0.013185	0.582310	1.794742	1.817022	0.802248	0.159353	0.004418	0.000601	0.000435	0.216938	0.947117	1.122696	0.360161	0.005718	0.000637	0.003638	0.004266	0.573921	0.004117	11.784400
191.250000	62.720400	0.125605	0.673146	1.745431	0.749719	0.002659	0.004212	0.443796	1.660970	1.786893	0.974777	0.308358	0.008843	0.001564	0.000670	0.167121	0.855809	1.103254	0.469607	0.003868	0.000343	0.008153	0.000842	0.562297	0.005696	11.663600
196.875000	62.720400	0.148412	0.617347	1.734845	0.858100	0.001144	0.003617	0.425655	1.591178	1.652318	1.156352	0.497704	0.005290	0.007329	0.000000	0.114928	0.794158	1.201795	0.566239	0.032444	0.001997	0.004272	0.003675	0.514105	0.025723	11.958600
202.500000	62.720400	0.160305	0.512928	1.604263	0.956915	0.004783	0.004642	0.402220	1.371317	1.622947	1.399410	0.602937	0.004771	0.009769	0.001322	0.055942	0.747797	1.134038	0.685304	0.093420	0.000601	0.005255	0.008063	0.491069	0.067600	11.947600
208.125000	62.720400	0.170862	0.400679	1.609714	0.965685	0.002460	0.004256	0.330148	1.201806	1.734088	1.534663	0.705300	0.006828	0.008682	0.003295	0.025372	0.702545	1.155221	0.757933	0.206637	0.001362	0.004094	0.008171	0.493724	0.131597	12.165100
213.750000	62.720400	0.251449	0.391156	1.524507	1.118188	0.002775	0.001334	0.229607	1.053460	1.876760	1.661603	0.740146	0.004909	0.006548	0.003550	0.006365	0.669481	1.117964	0.869446	0.328023	0.004039	0.009378	0.003517	0.422141	0.193125	12.489500
219.375000	62.720400	0.291762	0.365186	1.502849	1.174030	0.001494	0.003592	0.140301	0.936462	1.824475	1.856549	0.837294	0.006823	0.000000	0.000000	0.001654	0.543389	1.046535	0.894892	0.450360	0.002087	0.006250	0.003954	0.370038	0.263378	12.523300
225.000000	62.720400	0.309507	0.346548	1.342205	1.352282	0.001188	0.000783	0.052393	0.889318	1.904118	1.879847	0.901321	0.047012	0.000000	0.001478	0.007723	0.505420	0.919145	1.000667	0.534303	0.001490	0.006769	0.007068	0.333175	0.318059	12.661800
230.625000	62.720400	0.393299	0.292682	1.214778	1.435974	0.002740	0.000000	0.003595	0.802231	1.824927	1.829067	0.953584	0.159958	0.000000	0.001317	0.001939	0.438502	0.936596	1.061131	0.615015	0.004727	0.003977	0.009356	0.246493	0.349340	12.581200
236.250000	62.720400	0.391234	0.222369	1.112477	1.528759	0.003730	0.001527	0.003480	0.806515	1.637129	1.714126	1.077969	0.228923	0.002872	0.000611	0.001347	0.333936	0.817481	1.128611	0.657804	0.005433	0.004207	0.004373	0.188167	0.426163	12.299200
241.875000	62.720400	0.433553	0.188599	1.005226	1.610800	0.004965	0.000758	0.003195	0.704323	1.538927	1.772484	1.211148	0.326013	0.000488	0.004211	0.002672	0.206495	0.786739	1.125518	0.715302	0.031739	0.004418	0.009328	0.147567	0.455319	12.289800
247.500000	62.720400	0.474739	0.145538	0.944630	1.628002	0.002980	0.001493	0.008088	0.610629	1.379833	1.654490	1.351344	0.435979	0.000735	0.007467	0.000736	0.106930	0.669183	1.161577	0.751934	0.063073	0.002151	0.004494	0.070676	0.546732	12.023400
253.125000	62.720400	0.606244	0.188895	0.863145	1.731464	0.006862	0.002263	0.004511	0.437289	1.120609	1.619622	1.661468	0.472261	0.000926	0.008966	0.000000	0.030414	0.582732	1.169087	0.772489	0.120381	0.006383	0.003210	0.023302	0.564165	11.996700
258.750000	62.720400	0.675786	0.124771	0.801902	1.781046	0.009583	0.002973	0.001812	0.294961	0.975006	1.749186	1.656661	0.416129	0.001620	0.001970	0.000746	0.003100	0.503515	1.126014	0.874049	0.168489	0.004680	0.005955	0.008022	0.541483	11.729500
264.375000	62.720400	0.698671	0.104023	0.684680	1.736791	0.008827	0.001471	0.002157	0.167480	0.833346	1.859037	1.809116	0.528685	0.002099	0.001483	0.001434	0.001317	0.376718	1.032894	0.878901	0.207338	0.006098	0.005156	0.008288	0.588326	11.544300
270.000000	62.720400	0.774657	0.101658	0.746846	1.761140	0.060302	0.005110	0.005301	0.049071	0.667050	1.911696	1.979984	0.707522	0.003000	0.000738	0.000000	0.002086	0.268744	0.986210	0.978971	0.279444	0.003713	0.005167	0.004164	0.563917	11.866500
275.625000	62.720400	0.726765	0.130405	0.665087	1.807578	0.163604	0.002547	0.005242	0.006423	0.516608	1.793237	1.877631	0.859985	0.003333	0.000000	0.002461	0.001311	0.211320	0.887361	1.089969	0.385748	0.006040	0.004290	0.007870	0.571459	11.726300
281.250000	62.720400	0.780789	0.131475	0.674160	1.744413	0.309804	0.003109	0.001864	0.007498	0.424769	1.697489	1.788103	0.960470	0.004458	0.002209	0.002538	0.001309	0.176903	0.865820	1.072526	0.442410	0.010242	0.003265	0.002437	0.555336	11.663400
286.875000	62.720400	0.881078	0.142983	0.606500	1.682097	0.451886	0.004986	0.000587	0.007630	0.481691	1.521170	1.697082	1.157789	0.036407	0.000000	0.007912	0.000000	0.114659	0.797074	1.138347	0.572429	0.027786	0.006675	0.006089	0.552380	11.895200
292.500000	62.720400	0.894958	0.170024	0.519700	1.656163	0.605727	0.005771	0.002714	0.005853	0.395339	1.387037	1.639459	1.333214	0.110818	0.000605	0.008854	0.000583	0.043673	0.744222	1.178180	0.677633	0.069747	0.005691	0.006336	0.474016	11.936300
298.125000	62.720400	1.037873	0.183653	0.418495	1.598970	0.694264	0.006646	0.006670	0.002723	0.304124	1.208852	1.712101	1.496504	0.206690	0.001860	0.008047	0.001161	0.033509	0.682421	1.142860	0.794596	0.111509	0.008215	0.005990	0.461483	12.129200
303.750000	62.720400	1.163138	0.232491	0.391989	1.505077	0.766491	0.009708	0.002833	0.004077	0.240202	1.033281	1.795929	1.664883	0.344838	0.003996	0.003302	0.000873	0.005930	0.639269	1.131132	0.881679	0.172335	0.004944	0.006433	0.413695	12.418500
309.375000	62.720400	1.265593	0.274336	0.372346	1.389616	0.871181	0.009680	0.001733	0.004221	0.137038	0.960283	1.981465	1.769849	0.448981	0.000746	0.000000	0.000752	0.001256	0.556484	1.035808	0.941702	0.239220	0.013306	0.005241	0.350990	12.631800
315.000000	62.720400	1.321836	0.289675	0.306668	1.369756	0.880736	0.056441	0.002250	0.000758	0.045418	0.867738	1.895624	1.892107	0.496429	0.006214	0.002399	0.001885	0.005552	0.534946	0.962981	0.982289	0.307088	0.004909	0.003248	0.321717	12.558700
320.625000	62.720400	1.450779	0.366495	0.275544	1.285317	1.037938	0.113881	0.001931	0.002810	0.004860	0.826598	1.852602	1.911334	0.538790	0.004597	0.002573	0.000998	0.002878	0.455426	0.957839	1.084618	0.392641	0.007788	0.006570	0.253375	12.838200
326.250000	62.720400	1.515301	0.396796	0.242253	1.107932	1.085464	0.191012	0.007699	0.001328	0.005741	0.751068	1.661015	1.799322	0.620089	0.006359	0.002379	0.001338	0.002728	0.351058	0.839810	1.075843	0.437929	0.003880	0.003424	0.176828	12.286600
331.875000	62.720400	1.612915	0.396211	0.179464	0.992193	1.211397	0.284782	0.003661	0.002034	0.002568	0.706431	1.570775	1.743181	0.718585	0.027286	0.000735	0.003445	0.001247	0.213257	0.813312	1.153084	0.461253	0.003485	0.004670	0.127720	12.233700
337.500000	62.720400	1.631350	0.481464	0.187196	0.906889	1.428679	0.353727	0.003101	0.002885	0.002765	0.590721	1.367686	1.709568	0.741240	0.070406	0.000769	0.004505	0.000735	0.088875	0.680188	1.248459	0.510659	0.006293	0.001523	0.071655	12.091300
343.125000	62.720400	1.670516	0.423535	0.151929	0.815364	1.551989	0.398576	0.005362	0.002044	0.002531	0.436663	1.178339	1.645216	0.804705	0.108881	0.000000	0.009231	0.002246	0.029003	0.615470	1.144036	0.542505	0.009979	0.005454	0.026363	11.579900
348.750000	62.720400	1.689177	0.331505	0.138159	0.785166	1.683974	0.420697	0.006728	0.001889	0.004971	0.307965	0.968742	1.795952	0.924651	0.182191	0.001316	0.002077	0.001408	0.003504	0.468232	1.154385	0.603295	0.002097	0.003454	0.003999	11.485500
354.375000	62.720400	1.766750	0.257493	0.114302	0.700511	1.726114	0.534569	0.011062	0.002739	0.002514	0.166612	0.814473	1.883885	0.919430	0.205926	0.003645	0.000000	0.002205	0.002317	0.355640	1.062197	0.574369	0.008376	0.006103	0.005439	11.126700
2.812500	65.375700	1.655191	0.313567	0.072259	0.677797	1.855837	0.779270	0.082863	0.004731	0.002756	0.014988	0.588039	1.863810	1.134739	0.360516	0.003091	0.000000	0.000682	0.001322	0.261189	1.040424	0.604099	0.003327	0.008858	0.005332	11.334700
8.437500	65.375700	1.698609	0.347977	0.071608	0.687856	1.812147	0.863382	0.205248	0.005064	0.003165	0.011075	0.460952	1.869872	1.215367	0.493350	0.003597	0.000723	0.002039	0.000745	0.207858	0.994967	0.602373	0.011118	0.004716	0.005985	11.579800
14.062500	65.375700	1.574779	0.551884	0.087002	0.576744	1.711547	1.005289	0.323265	0.005093	0.008509	0.005503	0.429769	1.635037	1.258366	0.549344	0.024430	0.000786	0.002160	0.000000	0.173960	0.881196	0.584581	0.028438	0.002940	0.003899	11.424500
19.687500	65.375700	1.568242	0.662239	0.076069	0.467228	1.580354	1.304363	0.522958	0.001499	0.000758	0.009859	0.402656	1.492840	1.277468	0.674719	0.069076	0.001480	0.005802	0.001257	0.093454	0.850230	0.587697	0.081787	0.007099	0.003455	11.742600
25.312500	65.375700	1.598359	0.782530	0.084329	0.426617	1.657362	1.495475	0.642127	0.008444	0.009376	0.007421	0.350750	1.292171	1.300710	0.778828	0.187887	0.002019	0.005711	0.000000	0.055620	0.740297	0.529761	0.145172	0.008034	0.005215	12.114200
30.937500	65.375700	1.508560	0.975633	0.154023	0.412443	1.758822	1.596064	0.692349	0.006123	0.004789	0.007190	0.275052	1.116130	1.296073	0.881587	0.341166	0.003241	0.005077	0.002831	0.021461	0.725047	0.539162	0.218760	0.009212	0.003075	12.553900
36.562500	65.375700	1.331857	1.065485	0.232081	0.343022	1.756605	1.763877	0.825105	0.004437	0.001493	0.001346	0.177652	1.045203	1.253786	0.945737	0.419168	0.002628	0.001280	0.000000	0.014937	0.642244	0.468540	0.273732	0.005456	0.002309	12.578000
42.187500	65.375700	1.287738	1.180612	0.261289	0.312300	1.943713	1.842367	0.898731	0.017017	0.003023	0.003011	0.068593	0.924942	1.104526	1.034013	0.511418	0.002999	0.000617	0.000000	0.003291	0.590399	0.431885	0.322352	0.005239	0.008354	12.758400
47.812500	65.375700	1.215661	1.378408	0.272630	0.271159	1.868628	1.884778	0.927515	0.078507	0.006008	0.001540	0.010487	0.872030	1.064824	1.128862	0.576886	0.003842	0.000000	0.000000	0.003211	0.544664	0.364906	0.391526	0.004530	0.008775	12.879400
53.437500	65.375700	1.066467	1.381280	0.331049	0.229680	1.829395	1.844821	1.061340	0.181797	0.003768	0.003414	0.006744	0.791736	0.907847	1.214009	0.653016	0.003023	0.001176	0.001572	0.002461	0.433464	0.282291	0.483186	0.006231	0.008443	12.728200
59.062500	65.375700	0.987080	1.518026	0.372958	0.163835	1.573806	1.686247	1.164224	0.267336	0.002903	0.002832	0.005841	0.693770	0.860005	1.233168	0.687125	0.018362	0.000412	0.005433	0.001225	0.316687	0.216256	0.522929	0.006470	0.008682	12.315600
64.687500	65.375700	0.786958	1.597206	0.403117	0.086017	1.495916	1.599196	1.288846	0.372224	0.006362	0.004013	0.003811	0.654361	0.812680	1.219630	0.774371	0.054222	0.000000	0.003669	0.002958	0.197212	0.143125	0.552294	0.003157	0.006035	12.067400
70.312500	65.375700	0.622297	1.527560	0.447022	0.070236	1.267222	1.599332	1.472109	0.410202	0.009143	0.006227	0.002031	0.560078	0.680943	1.276281	0.828120	0.111079	0.000000	0.005042	0.000000	0.095929	0.076581	0.576567	0.001183	0.002360	11.647500
75.937500	65.375700	0.547848	1.620244	0.553565	0.068856	0.988052	1.769476	1.640307	0.430543	0.007081	0.005099	0.001838	0.389892	0.568994	1.241028	0.922579	0.169782	0.001374	0.001350	0.000000	0.020244	0.024212	0.591899	0.004924	0.007354	11.576500
81.562500	65.375700	0.376811	1.628500	0.660993	0.087518	0.867048	1.842548	1.790930	0.472080	0.010081	0.003967	0.000735	0.204848	0.438421	1.213783	0.897386	0.184947	0.002177	0.000000	0.000000	0.008148	0.011979	0.639153	0.004358	0.003818	11.350200
87.187500	65.375700	0.317904	1.713345	0.723956	0.062187	0.762778	1.841078	1.910485	0.570650	0.013836	0.001117	0.001866	0.083004	0.358195	1.119707	1.046720	0.264308	0.000735	0.000000	0.000000	0.002974	0.004778	0.562265	0.007144	0.002697	11.371700
92.812500	65.375700	0.217735	1.646720	0.732134	0.058351	0.621112	1.833681	1.871252	0.757304	0.078691	0.004631	0.002405	0.014957	0.269456	1.039318	1.087356	0.354130	0.000000	0.001375	0.000000	0.002273	0.005086	0.604035	0.005312	0.007282	11.214600
98.437500	65.375700	0.276681	1.639289	0.662373	0.072688	0.444725	1.805486	1.911526	0.875299	0.178478	0.002702	0.000614	0.012203	0.208739	0.939463	1.206997	0.470116	0.003008	0.000000	0.001487	0.001972	0.005037	0.572288	0.009613	0.003393	11.304200
104.062000	65.375700	0.376616	1.615618	0.773323	0.102951	0.381286	1.619757	1.693655	1.066255	0.360764	0.004697	0.002104	0.004097	0.214298	0.930528	1.210764	0.546827	0.018690	0.001332	0.004405	0.000580	0.005421	0.589103	0.031164	0.004719	11.559000
109.688000	65.375700	0.448848	1.603528	0.873468	0.112197	0.408634	1.495181	1.577301	1.264281	0.526678	0.004137	0.002744	0.003607	0.100289	0.770274	1.340972	0.681773	0.090421	0.000000	0.005183	0.000736	0.004406	0.570144	0.080807	0.009570	11.975200
115.312000	65.375700	0.395742	1.520695	0.921749	0.120062	0.338612	1.312743	1.599208	1.431281	0.657097	0.004036	0.002584	0.004998	0.067745	0.770450	1.265107	0.762510	0.178123	0.003227	0.007890	0.000000	0.002709	0.573603	0.143230	0.009427	12.092800
120.938000	65.375700	0.380596	1.565934	0.958585	0.163888	0.234834	1.102855	1.745454	1.584539	0.790334	0.008933	0.002230	0.006875	0.016737	0.732736	1.276383	0.878895	0.345301	0.003975	0.000000	0.001290	0.003716	0.510570	0.215081	0.007059	12.536800
126.562000	65.375700	0.357282	1.383090	1.098219	0.224254	0.143725	1.034571	1.895975	1.648179	0.784081	0.004891	0.005444	0.001227	0.009656	0.648215	1.201659	1.002090	0.445438	0.003499	0.000587	0.000000	0.005999	0.490907	0.286934	0.006313	12.682300
132.188000	65.375700	0.302810	1.296955	1.167459	0.267418	0.078920	0.882413	1.878468	1.877676	0.888331	0.012162	0.003781	0.005079	0.007609	0.590392	1.127973	1.008272	0.486878	0.003620	0.000000	0.000875	0.003924	0.407876	0.369822	0.008743	12.677500
137.812000	65.375700	0.272084	1.210933	1.313264	0.270998	0.010308	0.868103	1.918086	1.888273	0.987500	0.092687	0.005730	0.001994	0.002988	0.507515	1.010693	1.091917	0.597915	0.003552	0.000755	0.000605	0.009498	0.370229	0.429532	0.004547	12.869700
143.437000	65.375700	0.207853	1.075551	1.411760	0.350829	0.004470	0.774722	1.781668	1.819386	1.047170	0.186146	0.004227	0.002962	0.002678	0.433776	0.945689	1.236991	0.633361	0.005961	0.000000	0.001924	0.005935	0.289675	0.477989	0.005378	12.706100
149.062000	65.375700	0.187269	1.015334	1.425931	0.375553	0.004309	0.740501	1.580694	1.767044	1.131494	0.271739	0.004539	0.004204	0.003678	0.333759	0.904650	1.208660	0.695944	0.025995	0.003390	0.004465	0.006412	0.238318	0.496291	0.009979	12.440100
154.688000	65.375700	0.141711	0.874885	1.517529	0.397873	0.003750	0.643100	1.455970	1.590544	1.309486	0.343144	0.006563	0.004021	0.002711	0.191056	0.780869	1.239027	0.752307	0.057090	0.001435	0.002118	0.006905	0.140333	0.595549	0.002737	12.060700
160.312000	65.375700	0.124679	0.835768	1.621069	0.478438	0.003641	0.523650	1.170908	1.655587	1.512971	0.425944	0.005110	0.004233	0.001420	0.076741	0.671886	1.295179	0.787466	0.103427	0.000889	0.006748	0.004105	0.083379	0.594107	0.004501	11.991800
165.938000	65.375700	0.088916	0.801807	1.584822	0.583305	0.003136	0.363983	1.044798	1.770358	1.564442	0.459657	0.007874	0.003150	0.001498	0.011901	0.588592	1.233428	0.895534	0.172145	0.000000	0.002848	0.006115	0.031075	0.616802	0.003826	11.840000
171.562000	65.375700	0.072559	0.691276	1.717835	0.660487	0.004158	0.192840	0.923684	1.840309	1.750634	0.486191	0.002300	0.002141	0.000758	0.002017	0.460806	1.245383	0.953504	0.203307	0.003575	0.002181	0.004777	0.011383	0.642684	0.002555	11.877300
177.188000	65.375700	0.062993	0.679791	1.674858	0.704964	0.004082	0.086291	0.725938	1.960610	1.851358	0.576445	0.018684	0.000768	0.000000	0.001457	0.379005	1.156590	1.030086	0.255171	0.005173	0.001319	0.007844	0.006138	0.621874	0.004943	11.816400
182.812000	65.375700	0.073095	0.742353	1.720765	0.688828	0.002818	0.013687	0.604186	1.851980	1.970382	0.757856	0.063873	0.004227	0.001348	0.001378	0.259186	1.019857	1.114494	0.390819	0.002183	0.001928	0.006168	0.006426	0.619199	0.004367	11.921400
188.438000	65.375700	0.079924	0.649005	1.715709	0.701208	0.001754	0.003571	0.483346	1.767327	1.840162	0.893311	0.192386	0.002716	0.000631	0.002169	0.216419	0.934079	1.183224	0.449200	0.001217	0.000736	0.004238	0.010272	0.661261	0.017042	11.810900
194.062000	65.375700	0.096029	0.586819	1.655960	0.792362	0.001982	0.008308	0.413433	1.603946	1.721466	1.030922	0.355199	0.004510	0.002228	0.000000	0.176868	0.917889	1.241017	0.551681	0.025308	0.000752	0.004713	0.003602	0.573833	0.022868	11.791700
199.687000	65.375700	0.115332	0.483830	1.564475	0.851546	0.001376	0.007768	0.409028	1.494140	1.650780	1.216848	0.525715	0.003608	0.007415	0.000566	0.105638	0.843299	1.244795	0.686152	0.073863	0.000000	0.009555	0.005907	0.615752	0.084666	12.002100
205.312000	65.375700	0.122436	0.360102	1.550621	0.856955	0.003092	0.001171	0.360633	1.232410	1.707476	1.493439	0.682193	0.004440	0.004151	0.000000	0.074679	0.754478	1.258242	0.787022	0.170470	0.000907	0.007622	0.008040	0.558703	0.143852	12.143100
210.938000	65.375700	0.166504	0.390599	1.480105	0.985107	0.003399	0.003281	0.261091	1.182648	1.721330	1.610212	0.677566	0.011064	0.002223	0.001307	0.020670	0.698567	1.247102	0.939046	0.289690	0.005405	0.007448	0.005983	0.487237	0.241229	12.438800
216.562000	65.375700	0.207527	0.327489	1.428826	1.108224	0.000606	0.001930	0.180473	1.010153	1.912996	1.776793	0.821669	0.008138	0.001208	0.001552	0.011797	0.710790	1.137544	0.959417	0.431540	0.003314	0.007551	0.003819	0.477107	0.303149	12.833600
222.188000	65.375700	0.239894	0.306489	1.322040	1.200709	0.001482	0.001355	0.076019	0.928250	1.966898	1.851833	0.899670	0.009314	0.000000	0.000608	0.005766	0.608864	1.151749	1.005625	0.489208	0.004349	0.009323	0.007499	0.396215	0.363588	12.846700
227.812000	65.375700	0.305743	0.265896	1.227570	1.316114	0.003509	0.001476	0.009659	0.878015	1.827099	1.852048	0.953138	0.071707	0.000519	0.000000	0.002249	0.527126	1.025398	1.130018	0.590850	0.002651	0.003085	0.005230	0.358096	0.442268	12.799500
233.438000	65.375700	0.338411	0.238485	1.100818	1.422222	0.001286	0.002407	0.005421	0.792286	1.765257	1.864387	0.995985	0.204781	0.001474	0.000137	0.004325	0.452205	0.939196	1.227468	0.668989	0.006753	0.007593	0.001361	0.282873	0.467120	12.791200
239.062000	65.375700	0.370872	0.154344	0.986781	1.543191	0.003717	0.004196	0.004566	0.759530	1.610823	1.714929	1.119433	0.244647	0.002077	0.005562	0.003734	0.321034	0.848641	1.243878	0.686404	0.022535	0.005562	0.011727	0.227078	0.531194	12.426500
244.687000	65.375700	0.398366	0.121070	0.940082	1.555394	0.003396	0.002799	0.004546	0.645675	1.476112	1.666206	1.296989	0.346917	0.000000	0.012546	0.007923	0.203252	0.778185	1.262619	0.757065	0.043213	0.007452	0.011140	0.155102	0.553766	12.249800
250.312000	65.375700	0.457238	0.124630	0.866920	1.596584	0.005658	0.002860	0.003025	0.501800	1.252508	1.677550	1.431993	0.441205	0.000000	0.005047	0.000602	0.081204	0.700450	1.256025	0.824551	0.108095	0.003079	0.006056	0.085722	0.607166	12.040000
255.937000	65.375700	0.594186	0.108797	0.823755	1.681622	0.007752	0.003577	0.007278	0.343901	1.003847	1.758765	1.620572	0.430944	0.000000	0.002275	0.000000	0.009642	0.595698	1.232942	0.899340	0.199026	0.006483	0.004280	0.021073	0.577336	11.933100
261.562000	65.375700	0.644265	0.088329	0.707284	1.630524	0.007488	0.002055	0.002005	0.188721	0.893583	1.798112	1.814602	0.482816	0.000000	0.001356	0.000770	0.002749	0.440913	1.196513	0.949536	0.203576	0.007233	0.007082	0.004913	0.617159	11.691600
267.188000	65.375700	0.712482	0.066508	0.774501	1.710281	0.016392	0.000533	0.003316	0.094125	0.811391	1.893838	1.868741	0.610123	0.000758	0.000761	0.000585	0.002139	0.354311	1.118561	1.068500	0.257555	0.002983	0.004142	0.002089	0.591383	11.966000
272.812000	65.375700	0.750904	0.082627	0.716957	1.667337	0.095866	0.004756	0.001995	0.013970	0.606016	1.827087	1.875165	0.754859	0.003408	0.000543	0.000735	0.000732	0.251355	1.007223	1.116754	0.367579	0.005384	0.004917	0.004689	0.628484	11.789300
278.438000	65.375700	0.726371	0.068006	0.636517	1.623252	0.199914	0.006830	0.003307	0.006138	0.482923	1.730118	1.825549	0.883001	0.002301	0.000736	0.000758	0.001477	0.220273	0.961673	1.174244	0.490424	0.016822	0.004768	0.009451	0.593724	11.668600
284.062000	65.375700	0.804085	0.106536	0.583765	1.676713	0.367863	0.007000	0.002822	0.003001	0.439856	1.608708	1.682900	1.016718	0.015969	0.004814	0.004905	0.001362	0.175128	0.866127	1.242928	0.556438	0.041622	0.004303	0.006430	0.633197	11.853200
289.688000	65.375700	0.793851	0.129619	0.504742	1.596957	0.520523	0.003510	0.002400	0.005820	0.413657	1.602510	1.609997	1.242069	0.084133	0.000594	0.010341	0.004838	0.130679	0.848975	1.306749	0.646670	0.082005	0.011376	0.005629	0.578460	12.136100
295.312000	65.375700	0.926925	0.125949	0.389422	1.607238	0.654733	0.004438	0.003032	0.010901	0.336223	1.329459	1.664510	1.453979	0.187963	0.003902	0.006585	0.000630	0.072790	0.731459	1.263286	0.828342	0.137076	0.005047	0.004840	0.592767	12.341500
300.938000	65.375700	1.013376	0.157860	0.369791	1.509352	0.753184	0.008850	0.002574	0.004853	0.273413	1.138472	1.693542	1.615222	0.320526	0.002062	0.005292	0.000758	0.024674	0.677598	1.265514	0.898371	0.213933	0.007550	0.004304	0.510827	12.471900
306.562000	65.375700	1.111324	0.221160	0.345651	1.450620	0.802752	0.009775	0.003269	0.005921	0.168173	1.037730	1.849356	1.715596	0.432213	0.002201	0.001779	0.002122	0.004431	0.630685	1.193482	0.919934	0.282255	0.009411	0.001960	0.486924	12.688700
312.187000	65.375700	1.213681	0.265243	0.294536	1.297283	0.866624	0.010654	0.001983	0.004230	0.070291	0.989383	1.884733	1.855565	0.504044	0.002553	0.000735	0.000758	0.004905	0.609523	1.054684	1.038305	0.340914	0.010284	0.004061	0.408950	12.733900
317.812000	65.375700	1.301807	0.311257	0.265435	1.159972	0.912787	0.076512	0.001493	0.001580	0.010767	0.864990	1.868130	1.899311	0.553245	0.005123	0.000000	0.000737	0.003777	0.533102	1.025553	1.127001	0.439388	0.007181	0.005062	0.345481	12.719700
323.438000	65.375700	1.426033	0.356287	0.219013	1.124841	1.048964	0.173625	0.002804	0.004716	0.006349	0.812828	1.716444	1.802534	0.663882	0.005890	0.001991	0.001339	0.000751	0.436475	0.935693	1.273736	0.470992	0.007380	0.009646	0.293623	12.795800
329.062000	65.375700	1.485997	0.377600	0.174848	1.026495	1.105800	0.259858	0.003747	0.001543	0.005702	0.716941	1.633126	1.771986	0.698098	0.023348	0.000739	0.001470	0.004147	0.326904	0.908332	1.226439	0.530066	0.008252	0.011904	0.253891	12.557200
334.688000	65.375700	1.615550	0.366933	0.114278	0.906395	1.270253	0.351632	0.003731	0.001271	0.007066	0.606156	1.451559	1.672891	0.743997	0.058492	0.000000	0.004065	0.001003	0.196482	0.774846	1.312890	0.597488	0.005728	0.010109	0.146140	12.219000
340.312000	65.375700	1.629450	0.420940	0.111135	0.874818	1.441663	0.403289	0.002169	0.004284	0.004157	0.476618	1.208649	1.595883	0.797620	0.101814	0.001313	0.003669	0.001656	0.099694	0.686855	1.270818	0.591241	0.004708	0.004185	0.077965	11.814600
345.938000	65.375700	1.740003	0.387517	0.108382	0.793907	1.581779	0.377517	0.002930	0.001976	0.003256	0.327995	1.018976	1.713730	0.900362	0.169742	0.001926	0.002115	0.000000	0.025578	0.597229	1.242680	0.602783	0.003314	0.002171	0.026238	11.632100
351.562000	65.375700	1.701708	0.244651	0.074464	0.684014	1.818628	0.431348	0.008267	0.003340	0.002397	0.221666	0.914024	1.789788	0.989251	0.210922	0.001224	0.000000	0.001164	0.004662	0.451342	1.203638	0.578718	0.004237	0.007212	0.006658	11.353300
357.187000	65.375700	1.675628	0.223700	0.074915	0.702819	1.857703	0.602138	0.013076	0.002153	0.006435	0.094033	0.741587	1.934326	0.999307	0.256042	0.003025	0.000000	0.000000	0.002845	0.387554	1.119198	0.631997	0.008798	0.004616	0.005614	11.347500
0.000000	67.975700	1.564385	0.218014	0.034539	0.735644	1.910440	0.641788	0.027115	0.002028	0.003089	0.031293	0.702733	1.940535	1.247826	0.320647	0.001570	0.000000	0.000631	0.000735	0.324828	1.134604	0.667821	0.009783	0.003119	0.004413	11.527600
5.625000	67.975700	1.612825	0.304068	0.042336	0.654707	1.855656	0.836174	0.117104	0.004515	0.002478	0.007643	0.492778	1.819419	1.253107	0.433302	0.003305	0.001172	0.000000	0.002654	0.260279	1.109355	0.665260	0.010733	0.002376	0.006661	11.497900
11.250000	67.975700	1.589741	0.404257	0.071812	0.572320	1.792796	0.972924	0.251977	0.002037	0.001543	0.004329	0.399691	1.712870	1.384979	0.548366	0.007057	0.001432	0.000000	0.001958	0.237210	1.029053	0.649465	0.036242	0.008881	0.008134	11.689100
16.875000	67.975700	1.569067	0.547841	0.058042	0.472267	1.679710	1.138472	0.397135	0.005098	0.001561	0.008529	0.406893	1.598676	1.341074	0.645890	0.067266	0.000602	0.006744	0.001507	0.174628	0.958376	0.624832	0.094374	0.006977	0.006770	11.812300
22.500000	67.975700	1.502238	0.699672	0.062750	0.417920	1.535014	1.345926	0.561385	0.004569	0.003270	0.006530	0.366205	1.386777	1.412167	0.742610	0.173946	0.000949	0.004657	0.000735	0.116606	0.822308	0.632085	0.159338	0.005760	0.006947	11.970400
28.125000	67.975700	1.431428	0.888799	0.108166	0.375052	1.710880	1.561411	0.710818	0.007581	0.001322	0.005709	0.300892	1.168047	1.391052	0.849695	0.266558	0.001944	0.004213	0.000000	0.080441	0.795316	0.609436	0.243989	0.010857	0.003526	12.527100
33.750000	67.975700	1.401118	0.987923	0.139048	0.306702	1.746720	1.655236	0.746880	0.008444	0.000367	0.003379	0.198372	1.042177	1.329844	0.930483	0.416422	0.001984	0.001508	0.000000	0.012892	0.707900	0.573811	0.327644	0.008663	0.008035	12.555500
39.375000	67.975700	1.298731	1.109832	0.228796	0.301840	1.847196	1.807194	0.824874	0.007915	0.002429	0.003147	0.115538	0.944747	1.303786	1.034429	0.527468	0.004089	0.001520	0.002018	0.003258	0.644273	0.529849	0.362947	0.009628	0.003116	12.918600
45.000000	67.975700	1.193810	1.166870	0.253366	0.250771	1.941859	1.899696	0.936668	0.029244	0.001508	0.002992	0.027179	0.893575	1.110412	1.141107	0.603425	0.003119	0.003695	0.001270	0.005058	0.622466	0.448960	0.474537	0.000519	0.003563	13.015700
50.625000	67.975700	1.073739	1.290418	0.289850	0.205604	1.811525	1.824147	0.975647	0.105687	0.001627	0.002799	0.003827	0.827878	1.030187	1.307722	0.680329	0.005473	0.000000	0.000000	0.004126	0.540943	0.421929	0.514111	0.006158	0.005431	12.929200
56.250000	67.975700	1.011883	1.369021	0.361500	0.173952	1.729575	1.729405	1.115255	0.220825	0.001917	0.002661	0.003092	0.777095	1.028810	1.370163	0.739481	0.013045	0.001420	0.002067	0.002951	0.416078	0.323922	0.570082	0.004699	0.007963	12.976900
61.875000	67.975700	0.894733	1.430331	0.379627	0.100916	1.582865	1.619554	1.195461	0.308456	0.002345	0.000747	0.010172	0.657166	0.869749	1.371249	0.768581	0.051560	0.001345	0.004029	0.001938	0.306657	0.251281	0.612109	0.005035	0.007319	12.433200
67.500000	67.975700	0.669742	1.527346	0.417602	0.062450	1.367867	1.636439	1.357281	0.358461	0.009409	0.003342	0.002225	0.563485	0.783202	1.364214	0.888627	0.105246	0.000735	0.005624	0.001284	0.157697	0.147471	0.653334	0.006675	0.008353	12.098100
73.125000	67.975700	0.552363	1.519994	0.484949	0.076998	1.122965	1.613220	1.541743	0.400465	0.006658	0.004309	0.004268	0.437902	0.679951	1.364440	0.930677	0.189840	0.000746	0.003537	0.001883	0.068643	0.083476	0.646501	0.003885	0.004535	11.743900
78.750000	67.975700	0.404503	1.542512	0.570779	0.049518	0.940841	1.718288	1.629970	0.393091	0.008391	0.000000	0.002030	0.256386	0.558287	1.345146	0.939457	0.226906	0.002240	0.001755	0.003545	0.010326	0.033801	0.643611	0.002195	0.008627	11.292200
84.375000	67.975700	0.271082	1.600146	0.620170	0.046550	0.767905	1.896484	1.845285	0.505839	0.009642	0.002317	0.002382	0.105603	0.456271	1.292985	1.013108	0.266670	0.002670	0.001519	0.001369	0.002996	0.012031	0.702927	0.007120	0.002795	11.435900
90.000000	67.975700	0.218789	1.614035	0.680926	0.039408	0.669834	1.862860	1.905012	0.661075	0.034349	0.002310	0.002687	0.032541	0.336659	1.170094	1.184593	0.320917	0.002857	0.000758	0.001494	0.004358	0.008328	0.688295	0.003902	0.007450	11.453500
95.625000	67.975700	0.225455	1.629054	0.637432	0.045633	0.508823	1.834461	1.867271	0.755148	0.113172	0.004588	0.000129	0.004963	0.247050	1.083591	1.229843	0.474558	0.003512	0.002766	0.000000	0.001359	0.004741	0.637092	0.012062	0.004754	11.327400
101.250000	67.975700	0.347054	1.613322	0.730603	0.056562	0.381586	1.650938	1.789290	0.991200	0.243240	0.001597	0.002163	0.005098	0.234344	0.973834	1.308943	0.539871	0.009481	0.000000	0.001480	0.002169	0.007011	0.662370	0.039130	0.006665	11.597900
106.875000	67.975700	0.403517	1.562112	0.785373	0.086812	0.400147	1.559963	1.764714	1.099743	0.421315	0.006888	0.001494	0.004034	0.153761	0.878693	1.349183	0.673127	0.061435	0.000739	0.003429	0.000758	0.004404	0.610268	0.101885	0.004469	11.938300
112.500000	67.975700	0.407992	1.480953	0.870519	0.115354	0.390689	1.400778	1.596301	1.330217	0.611445	0.003743	0.001959	0.001386	0.128600	0.789708	1.389401	0.766522	0.179812	0.002657	0.007986	0.000000	0.004669	0.617491	0.150842	0.010747	12.259800
118.125000	67.975700	0.366155	1.436981	0.958990	0.123768	0.306594	1.214315	1.665811	1.552600	0.723052	0.006502	0.003017	0.000702	0.049517	0.709861	1.386155	0.842508	0.299577	0.004095	0.002229	0.000000	0.009402	0.635511	0.238443	0.010300	12.546100
123.750000	67.975700	0.324875	1.387648	1.023138	0.164153	0.193361	1.065191	1.822484	1.653325	0.773734	0.008826	0.005837	0.001288	0.012820	0.749127	1.285193	0.969862	0.434007	0.004096	0.000885	0.000608	0.002127	0.621392	0.326869	0.006533	12.837400
129.375000	67.975700	0.309769	1.237975	1.048876	0.206852	0.101545	1.011285	1.773197	1.792073	0.819606	0.007509	0.002385	0.002618	0.007322	0.681811	1.161939	1.039219	0.497571	0.004200	0.000521	0.000000	0.003554	0.552537	0.374414	0.007005	12.643800
135.000000	67.975700	0.234799	1.186561	1.142147	0.240516	0.027551	0.919724	1.840704	1.824611	0.881313	0.026323	0.001504	0.000758	0.007273	0.617226	1.158546	1.161114	0.569692	0.002126	0.000735	0.000493	0.006946	0.450636	0.473235	0.001890	12.776400
140.625000	67.975700	0.211333	1.110355	1.265672	0.289904	0.005515	0.844148	1.781532	1.866095	0.968986	0.108493	0.001458	0.001361	0.004703	0.529343	1.095629	1.263286	0.658504	0.002754	0.000000	0.000582	0.006026	0.366976	0.541638	0.006637	12.930900
146.250000	67.975700	0.182108	1.017223	1.329357	0.322012	0.006621	0.769104	1.667858	1.783036	1.045073	0.228065	0.004166	0.001452	0.004644	0.388870	0.998415	1.338032	0.758398	0.012808	0.000885	0.000770	0.007574	0.321918	0.626125	0.004000	12.818500
151.875000	67.975700	0.116227	0.922511	1.437150	0.383365	0.007579	0.656853	1.567653	1.746562	1.205652	0.311894	0.003999	0.002066	0.003595	0.290860	0.886547	1.382660	0.775679	0.060056	0.002962	0.002983	0.004573	0.274523	0.581746	0.004304	12.632000
157.500000	67.975700	0.116053	0.853626	1.565437	0.377108	0.003739	0.595101	1.408593	1.624440	1.369009	0.359436	0.003321	0.000861	0.003858	0.165962	0.797851	1.410946	0.825992	0.114777	0.001470	0.005918	0.009628	0.163518	0.610489	0.006210	12.393300
163.125000	67.975700	0.094826	0.775893	1.540827	0.485733	0.002739	0.424798	1.159429	1.694255	1.588667	0.400415	0.004146	0.002327	0.000735	0.056358	0.671104	1.415357	0.875741	0.171269	0.000611	0.002875	0.005444	0.080977	0.658498	0.007445	12.120500
168.750000	67.975700	0.058100	0.724719	1.655451	0.591161	0.003622	0.247143	0.942390	1.762769	1.641506	0.455991	0.001482	0.005085	0.000000	0.004907	0.605574	1.346797	0.982258	0.246190	0.000638	0.000742	0.006304	0.045069	0.647976	0.003009	11.978900
174.375000	67.975700	0.049104	0.652781	1.571340	0.641661	0.002992	0.111691	0.776824	1.884699	1.805463	0.512453	0.013111	0.001770	0.000820	0.003596	0.494697	1.287183	1.120101	0.246333	0.000614	0.000000	0.002918	0.013367	0.691798	0.004583	11.889900
180.000000	67.975700	0.037879	0.729407	1.548348	0.692234	0.001325	0.027258	0.674541	1.856708	1.827189	0.685623	0.023182	0.003313	0.000000	0.004190	0.323122	1.130506	1.215287	0.338176	0.003766	0.000000	0.005154	0.010495	0.668979	0.007913	11.814600
185.625000	67.975700	0.035717	0.614444	1.652522	0.631837	0.004130	0.006673	0.518517	1.736530	1.896801	0.790731	0.114464	0.006383	0.000758	0.003786	0.256983	1.107544	1.323182	0.435102	0.002002	0.000642	0.005664	0.005930	0.656977	0.015298	11.822600
191.250000	67.975700	0.058517	0.539520	1.590047	0.684599	0.002072	0.006205	0.427011	1.702737	1.781453	0.967810	0.235617	0.005249	0.000000	0.000000	0.273973	1.025855	1.292601	0.606851	0.010421	0.000729	0.008988	0.002942	0.613688	0.044488	11.881400
196.875000	67.975700	0.078544	0.480822	1.553856	0.813432	0.001536	0.005524	0.377405	1.533385	1.637763	1.115774	0.432514	0.003539	0.002172	0.000000	0.182693	0.883436	1.337478	0.665742	0.064872	0.000589	0.007734	0.008963	0.648068	0.087271	11.923100
202.500000	67.975700	0.120890	0.397657	1.503912	0.860231	0.001319	0.002540	0.380724	1.331551	1.603912	1.408978	0.566843	0.005581	0.006823	0.001495	0.104714	0.888472	1.403187	0.761930	0.165135	0.001486	0.011804	0.007871	0.631427	0.167721	12.336200
208.125000	67.975700	0.121032	0.367077	1.486653	0.898728	0.001495	0.000743	0.264186	1.149827	1.689188	1.544027	0.712495	0.004586	0.003604	0.001356	0.060722	0.773725	1.373997	0.876254	0.293365	0.003910	0.007383	0.010332	0.580773	0.244289	12.469700
213.750000	67.975700	0.170310	0.336092	1.328113	1.049282	0.000736	0.000000	0.230150	1.066359	1.771206	1.697105	0.771035	0.013075	0.000727	0.003631	0.013241	0.730851	1.371678	0.968509	0.433587	0.002679	0.001793	0.005040	0.597043	0.349806	12.912000
219.375000	67.975700	0.220942	0.269503	1.235916	1.083333	0.003043	0.000758	0.107675	1.011270	1.850985	1.820426	0.836734	0.006519	0.000000	0.001749	0.003177	0.691347	1.233847	1.052558	0.518131	0.003412	0.005130	0.004966	0.542349	0.414398	12.918200
225.000000	67.975700	0.246718	0.235483	1.183801	1.201512	0.001345	0.002057	0.021305	0.858072	1.929520	1.904514	0.921548	0.020400	0.001934	0.000625	0.005646	0.595810	1.142227	1.131053	0.604633	0.008409	0.001502	0.001347	0.422462	0.467395	12.909300
230.625000	67.975700	0.273935	0.192769	1.118094	1.255833	0.002914	0.002677	0.007365	0.807602	1.792050	1.814285	0.989374	0.094084	0.002088	0.001180	0.002922	0.494324	0.971228	1.273261	0.664253	0.004313	0.007184	0.009280	0.414911	0.518872	12.714800
236.250000	67.975700	0.326902	0.173462	0.987701	1.367539	0.003533	0.001815	0.006747	0.759568	1.654444	1.873525	1.064402	0.226028	0.002069	0.001412	0.002179	0.433252	0.969721	1.305935	0.693779	0.010149	0.005102	0.009508	0.337901	0.581506	12.798200
241.875000	67.975700	0.361488	0.121601	0.948297	1.398471	0.002160	0.001318	0.004346	0.648394	1.523138	1.618683	1.208897	0.321872	0.001426	0.002926	0.001577	0.306579	0.857492	1.372708	0.803778	0.054834	0.008168	0.009685	0.252535	0.580867	12.411200
247.500000	67.975700	0.403178	0.118775	0.872334	1.495893	0.002887	0.001380	0.004686	0.578648	1.387422	1.572822	1.348550	0.348514	0.000528	0.006343	0.003441	0.169899	0.750273	1.400993	0.854044	0.110638	0.005959	0.011615	0.160346	0.666494	12.275700
253.125000	67.975700	0.472784	0.088296	0.790209	1.585365	0.004335	0.003867	0.003667	0.424803	1.134412	1.661739	1.523693	0.374624	0.001335	0.003022	0.000737	0.064698	0.660962	1.384594	0.868853	0.174505	0.005235	0.005006	0.085688	0.619886	11.942300
258.750000	67.975700	0.561888	0.074759	0.720041	1.565482	0.004114	0.003378	0.002927	0.260754	0.949454	1.840207	1.661762	0.431887	0.002233	0.001945	0.001922	0.013593	0.544698	1.331721	0.975691	0.229079	0.005893	0.009587	0.030511	0.679939	11.903500
264.375000	67.975700	0.628654	0.031114	0.672638	1.556050	0.006732	0.000911	0.002591	0.110140	0.790513	1.849549	1.779293	0.520986	0.004421	0.000000	0.000758	0.001429	0.489544	1.264881	1.108662	0.241675	0.006118	0.002539	0.011798	0.685157	11.766100
270.000000	67.975700	0.688592	0.035612	0.692877	1.576045	0.031033	0.007682	0.001481	0.029508	0.676635	1.883749	1.896450	0.641029	0.001343	0.000000	0.000000	0.001462	0.331652	1.263953	1.168985	0.361344	0.003855	0.006377	0.010689	0.671246	11.981600
275.625000	67.975700	0.636436	0.047359	0.622230	1.659783	0.115083	0.001403	0.003746	0.010451	0.565163	1.842989	1.825674	0.795418	0.005798	0.000358	0.000000	0.000628	0.271727	1.093200	1.269789	0.484877	0.010136	0.004630	0.004494	0.665793	11.937200
281.250000	67.975700	0.703094	0.057130	0.554983	1.582300	0.251552	0.001332	0.003217	0.003454	0.413229	1.662848	1.698484	0.923776	0.009531	0.000000	0.001498	0.001581	0.238045	1.004776	1.313399	0.543740	0.049071	0.002887	0.007289	0.659849	11.687100
286.875000	67.975700	0.804472	0.101956	0.459663	1.573229	0.447179	0.004101	0.003215	0.005593	0.412877	1.546176	1.637016	1.128014	0.062536	0.001247	0.002165	0.000000	0.181088	0.948631	1.319224	0.637819	0.091416	0.007036	0.004745	0.660873	12.040300
292.500000	67.975700	0.895582	0.120584	0.426341	1.500960	0.596988	0.006649	0.004612	0.002737	0.365777	1.408616	1.537298	1.334006	0.186583	0.000406	0.008418	0.000000	0.109371	0.846199	1.366951	0.770764	0.162350	0.011415	0.005339	0.676250	12.344200
298.125000	67.975700	0.930580	0.126781	0.377251	1.453029	0.692191	0.008146	0.002855	0.006982	0.302540	1.181042	1.651583	1.486653	0.287828	0.002915	0.006027	0.000679	0.058730	0.768087	1.395915	0.863011	0.229624	0.007629	0.006385	0.590206	12.436700
303.750000	67.975700	1.037813	0.168577	0.334726	1.361986	0.793027	0.007481	0.004893	0.002727	0.226445	1.023551	1.764205	1.682911	0.426939	0.002071	0.000743	0.000576	0.008344	0.724227	1.371599	0.986978	0.345001	0.004628	0.005758	0.570932	12.856100
309.375000	67.975700	1.125634	0.211689	0.302596	1.244580	0.853557	0.005149	0.002080	0.003748	0.106863	0.964606	1.883761	1.844120	0.508218	0.005712	0.000000	0.001485	0.005008	0.704032	1.280217	1.090213	0.376708	0.005919	0.004591	0.523255	13.053700
315.000000	67.975700	1.174459	0.242415	0.251638	1.196694	0.840029	0.021909	0.000000	0.003550	0.026173	0.915012	1.899323	1.939619	0.600508	0.006955	0.000577	0.000586	0.005094	0.621597	1.165649	1.105956	0.458790	0.005053	0.005451	0.479787	12.966800
320.625000	67.975700	1.287138	0.279305	0.186313	1.118098	0.950945	0.107388	0.002543	0.002204	0.006370	0.868572	1.807126	1.862555	0.653571	0.005180	0.000000	0.001315	0.007506	0.523897	1.049256	1.227525	0.532251	0.007792	0.009450	0.416913	12.913200
326.250000	67.975700	1.375015	0.315359	0.169025	1.019967	1.060009	0.213936	0.002296	0.004498	0.006595	0.796673	1.724463	1.766988	0.676445	0.010031	0.000741	0.001555	0.002974	0.418927	0.927820	1.341538	0.589673	0.007059	0.006302	0.301950	12.739800
331.875000	67.975700	1.425230	0.397905	0.140546	0.934591	1.174097	0.302002	0.005060	0.001511	0.006343	0.713160	1.602895	1.690805	0.812674	0.040020	0.001205	0.005089	0.002132	0.276295	0.876027	1.355155	0.623457	0.006742	0.004916	0.250802	12.648700
337.500000	67.975700	1.514577	0.377097	0.112656	0.854740	1.362778	0.371390	0.002299	0.003726	0.008599	0.569439	1.332332	1.589945	0.800507	0.116749	0.000000	0.007365	0.001174	0.157657	0.786939	1.414395	0.625502	0.007358	0.009252	0.144355	12.170800
343.125000	67.975700	1.498133	0.386986	0.095149	0.776402	1.508673	0.359816	0.002101	0.001673	0.006710	0.382268	1.147056	1.691608	0.911372	0.168949	0.000000	0.002254	0.001484	0.053486	0.691433	1.365322	0.663407	0.002866	0.008162	0.083855	11.809200
348.750000	67.975700	1.546787	0.290489	0.062554	0.722069	1.639493	0.391347	0.006572	0.000604	0.004064	0.246738	0.989614	1.740410	0.974430	0.232349	0.000000	0.000758	0.000735	0.008169	0.562925	1.321701	0.670824	0.005995	0.007806	0.028098	11.454500
354.375000	67.975700	1.609058	0.204313	0.041272	0.637883	1.802557	0.491799	0.011477	0.006012	0.005477	0.113413	0.774193	1.910632	1.090150	0.255633	0.000624	0.000736	0.002232	0.002759	0.464733	1.242035	0.661967	0.006279	0.006512	0.007111	11.348900
2.812500	70.528800	1.561207	0.212755	0.014408	0.603524	1.881227	0.723625	0.051543	0.006472	0.000708	0.002122	0.600676	1.870336	1.347973	0.420351	0.002232	0.000000	0.000000	0.004307	0.276055	1.184186	0.742794	0.009475	0.001624	0.003995	11.521600
8.437500	70.528800	1.538610	0.271505	0.035032	0.524718	1.882494	0.837896	0.144974	0.005184	0.002926	0.006611	0.431353	1.698552	1.429765	0.546579	0.009471	0.002651	0.002146	0.002135	0.225707	1.070820	0.730704	0.038958	0.005144	0.004666	11.448600
14.062500	70.528800	1.513751	0.430456	0.047543	0.459771	1.688181	1.016403	0.313901	0.002197	0.003600	0.007144	0.427391	1.604942	1.424992	0.656933	0.050434	0.000736	0.001490	0.000670	0.281327	0.969206	0.701613	0.086029	0.007565	0.009135	11.705400
19.687500	70.528800	1.501118	0.600221	0.044842	0.396741	1.633171	1.231392	0.481125	0.006556	0.002780	0.004678	0.382814	1.498133	1.452995	0.737145	0.145782	0.002829	0.000735	0.000000	0.157251	0.914476	0.682528	0.179818	0.009599	0.008271	12.075000
25.312500	70.528800	1.366623	0.718745	0.041188	0.344999	1.621737	1.348346	0.624804	0.005555	0.000686	0.002138	0.341676	1.283293	1.450383	0.826630	0.263845	0.000522	0.002148	0.000537	0.101964	0.869056	0.682395	0.246953	0.013210	0.006465	12.163900
30.937500	70.528800	1.346435	0.928449	0.097100	0.292637	1.679642	1.631225	0.716826	0.005408	0.001551	0.004934	0.253873	1.125083	1.434922	0.967212	0.426204	0.002827	0.001591	0.000000	0.043584	0.790319	0.664367	0.362062	0.011264	0.005072	12.792600
36.562500	70.528800	1.233971	1.033468	0.151518	0.254446	1.850091	1.721760	0.773137	0.009265	0.006808	0.002957	0.143504	1.056942	1.369654	1.075418	0.494293	0.003615	0.000000	0.000000	0.009746	0.729669	0.608012	0.424233	0.006619	0.008787	12.967900
42.187500	70.528800	1.206918	1.044266	0.194539	0.230677	1.907941	1.803959	0.844779	0.005849	0.002079	0.003602	0.051507	0.949804	1.300608	1.248504	0.583501	0.007230	0.001229	0.000000	0.013484	0.699958	0.570477	0.511175	0.009094	0.007362	13.198500
47.812500	70.528800	1.057370	1.115144	0.241622	0.207019	1.869318	1.900205	0.884332	0.038343	0.002815	0.003584	0.003491	0.859937	1.154068	1.303175	0.663972	0.004434	0.000697	0.001355	0.004579	0.586661	0.507989	0.576350	0.008178	0.003411	12.998000
53.437500	70.528800	1.000007	1.272730	0.293731	0.149408	1.710190	1.829123	0.993940	0.151807	0.002738	0.004014	0.008615	0.787686	1.079115	1.398697	0.747731	0.006669	0.000000	0.000884	0.004085	0.531321	0.421568	0.590712	0.009437	0.003245	12.997500
59.062500	70.528800	0.938682	1.299760	0.317224	0.097876	1.597172	1.723637	1.119620	0.243188	0.004616	0.001477	0.012045	0.718411	0.965139	1.431620	0.772066	0.039822	0.000741	0.001315	0.004637	0.432917	0.351590	0.617756	0.005255	0.005281	12.701800
64.687500	70.528800	0.732289	1.377933	0.363896	0.049537	1.399059	1.620628	1.278260	0.339170	0.006772	0.004299	0.006397	0.645787	0.865547	1.455337	0.831426	0.091027	0.000627	0.002901	0.003417	0.267960	0.264653	0.675960	0.007679	0.006860	12.297400
70.312500	70.528800	0.593073	1.430444	0.393274	0.039073	1.212958	1.667009	1.412563	0.405128	0.004718	0.004388	0.002219	0.487817	0.776621	1.472731	0.894818	0.167804	0.000523	0.003705	0.002579	0.131221	0.173155	0.691232	0.009155	0.007493	11.983700
75.937500	70.528800	0.424191	1.482491	0.456498	0.039504	1.062927	1.727437	1.643892	0.387348	0.001593	0.000626	0.004988	0.276863	0.638905	1.453425	0.955635	0.227434	0.000736	0.002259	0.001654	0.033772	0.085556	0.702726	0.004052	0.004879	11.619400
81.562500	70.528800	0.270192	1.630660	0.586428	0.030768	0.840845	1.816400	1.711491	0.444275	0.006910	0.000683	0.001460	0.159137	0.530059	1.423726	1.090049	0.232114	0.003683	0.002187	0.000746	0.001462	0.057631	0.699095	0.007884	0.008652	11.556500
87.187500	70.528800	0.206190	1.529675	0.628087	0.013701	0.730566	1.901562	1.838827	0.590193	0.001336	0.002786	0.003566	0.051831	0.373996	1.302836	1.236991	0.283437	0.000758	0.000000	0.000000	0.003368	0.010615	0.727553	0.003611	0.004922	11.446400
92.812500	70.528800	0.194559	1.505088	0.668855	0.014004	0.597082	1.944528	1.859705	0.737593	0.043868	0.004221	0.000642	0.000826	0.318552	1.146637	1.288066	0.405471	0.000759	0.000634	0.000000	0.001344	0.001828	0.734533	0.007578	0.003006	11.479400
98.437500	70.528800	0.247823	1.517144	0.583456	0.034366	0.441172	1.748609	1.835920	0.886266	0.162793	0.003795	0.001546	0.006857	0.239631	1.060463	1.394287	0.533260	0.004928	0.000000	0.000000	0.000266	0.006298	0.719757	0.041235	0.011346	11.481200
104.062000	70.528800	0.357866	1.544785	0.749058	0.046375	0.356890	1.578273	1.764386	1.037556	0.301868	0.002604	0.002135	0.001830	0.254501	0.972895	1.460822	0.630298	0.044128	0.000000	0.002826	0.000759	0.003097	0.680976	0.094449	0.005868	11.894200
109.688000	70.528800	0.355987	1.465911	0.838169	0.073233	0.384957	1.441403	1.681395	1.239547	0.504423	0.004553	0.002091	0.002382	0.167217	0.963265	1.462575	0.737496	0.144958	0.002171	0.002364	0.001527	0.004616	0.679894	0.192636	0.008159	12.360900
115.312000	70.528800	0.357776	1.425739	0.876897	0.088279	0.327944	1.331755	1.681181	1.450304	0.623699	0.005344	0.002849	0.002753	0.103310	0.800316	1.475920	0.846296	0.270275	0.002543	0.003073	0.000000	0.007432	0.685675	0.270098	0.006624	12.646100
120.938000	70.528800	0.311744	1.331088	0.909856	0.100626	0.230310	1.046598	1.725662	1.564294	0.707742	0.005943	0.001362	0.002726	0.035344	0.809693	1.470525	0.974772	0.422034	0.001996	0.003578	0.002235	0.005775	0.652922	0.342805	0.010492	12.670100
126.562000	70.528800	0.256417	1.233462	1.030071	0.141730	0.153709	1.012304	1.797637	1.689618	0.761383	0.006758	0.003869	0.001579	0.007621	0.710040	1.400292	1.125101	0.532858	0.007529	0.000883	0.000758	0.009795	0.642928	0.405906	0.005706	12.938000
132.188000	70.528800	0.218619	1.146298	1.074992	0.215272	0.037731	0.925408	1.986068	1.868549	0.888604	0.006238	0.004433	0.004791	0.003043	0.664136	1.330036	1.219483	0.605579	0.003448	0.000436	0.000617	0.008712	0.550907	0.494421	0.007658	13.265500
137.812000	70.528800	0.213080	1.103164	1.152032	0.251096	0.009982	0.832438	1.837730	1.907896	0.942275	0.039610	0.004640	0.004513	0.002908	0.542574	1.214620	1.344049	0.657970	0.006338	0.001362	0.001369	0.009829	0.533186	0.558247	0.008239	13.179200
143.437000	70.528800	0.147408	1.011284	1.256591	0.259636	0.006730	0.815168	1.730446	1.775583	0.984179	0.149730	0.005971	0.002796	0.001875	0.517367	1.081414	1.457214	0.664067	0.005382	0.000000	0.002238	0.005813	0.407849	0.606087	0.002438	12.897300
149.062000	70.528800	0.097445	0.862028	1.318636	0.331445	0.007712	0.717296	1.635286	1.737944	1.107860	0.244203	0.003090	0.002671	0.005659	0.411478	0.956473	1.457135	0.801603	0.049196	0.000548	0.005141	0.004733	0.378778	0.623206	0.005664	12.765200
154.688000	70.528800	0.070582	0.869630	1.349896	0.347831	0.004536	0.635774	1.413717	1.668333	1.266837	0.348702	0.004111	0.000580	0.001292	0.250901	0.935823	1.488406	0.808396	0.114085	0.000000	0.002049	0.010284	0.239999	0.631710	0.009778	12.473300
160.312000	70.528800	0.084350	0.822261	1.500519	0.410464	0.005945	0.492334	1.246819	1.626306	1.447465	0.402587	0.004056	0.000844	0.002032	0.119628	0.728772	1.483961	0.923328	0.142578	0.000684	0.004203	0.004488	0.179295	0.657529	0.005794	12.296200
165.938000	70.528800	0.050608	0.704542	1.485081	0.462211	0.003928	0.271213	1.055742	1.717055	1.605043	0.380921	0.006106	0.000623	0.000615	0.035162	0.620700	1.463808	0.948438	0.274629	0.000671	0.002175	0.009457	0.079981	0.700190	0.005465	11.884400
171.562000	70.528800	0.028563	0.629045	1.539730	0.541346	0.003863	0.160338	0.871111	1.803201	1.755553	0.430264	0.004943	0.000620	0.001536	0.003212	0.540155	1.440521	1.110377	0.242922	0.001509	0.001587	0.006064	0.040918	0.721337	0.006285	11.885000
177.188000	70.528800	0.016157	0.671475	1.608074	0.575607	0.007417	0.052286	0.703775	1.957308	1.923130	0.626581	0.004911	0.002250	0.000000	0.003963	0.416178	1.343517	1.214722	0.303785	0.002014	0.000603	0.004196	0.005785	0.764006	0.004103	12.211900
182.812000	70.528800	0.020290	0.601625	1.604184	0.652215	0.000752	0.002616	0.551466	1.873582	1.925290	0.722838	0.042971	0.004631	0.000000	0.004066	0.291307	1.215514	1.342318	0.438791	0.003544	0.000000	0.004326	0.007709	0.680528	0.010502	12.001100
188.438000	70.528800	0.037905	0.566154	1.624564	0.646752	0.001360	0.003032	0.455237	1.686824	1.840659	0.895212	0.155154	0.006028	0.001948	0.002378	0.260828	1.104231	1.367064	0.522602	0.008087	0.000000	0.009635	0.003195	0.720675	0.043162	11.962700
194.062000	70.528800	0.058767	0.460281	1.529721	0.728609	0.002255	0.004531	0.390870	1.624440	1.787300	1.044222	0.294002	0.008325	0.000000	0.000742	0.241476	0.968586	1.432321	0.678117	0.039656	0.001260	0.006047	0.002747	0.725165	0.096916	12.126400
199.687000	70.528800	0.073367	0.385076	1.509578	0.817555	0.002114	0.004184	0.380398	1.481666	1.658765	1.228825	0.497998	0.006267	0.003504	0.001493	0.161096	0.930566	1.398788	0.688790	0.127187	0.001017	0.005744	0.009610	0.674401	0.173859	12.221900
205.312000	70.528800	0.073073	0.336950	1.368840	0.856794	0.002037	0.000571	0.340577	1.298844	1.649853	1.394705	0.609553	0.006435	0.004145	0.001478	0.090726	0.818995	1.501537	0.874366	0.254155	0.002163	0.011538	0.005656	0.693827	0.265281	12.462100
210.938000	70.528800	0.087459	0.315819	1.309678	0.916371	0.003687	0.002211	0.258284	1.129402	1.750407	1.565561	0.716163	0.005120	0.001360	0.000672	0.039321	0.815262	1.458175	0.979692	0.411326	0.005386	0.010816	0.004867	0.665641	0.326241	12.778900
216.562000	70.528800	0.159845	0.291748	1.214756	0.992792	0.002238	0.002903	0.139556	1.037444	1.887719	1.709263	0.760538	0.005438	0.001453	0.000000	0.006353	0.748696	1.377254	1.083625	0.534454	0.001366	0.004708	0.005727	0.609446	0.450167	13.027500
222.188000	70.528800	0.195401	0.255733	1.129130	1.076790	0.004259	0.003576	0.032946	0.899530	1.906380	1.872021	0.893155	0.006314	0.001312	0.001275	0.004282	0.663539	1.286867	1.209746	0.582411	0.004244	0.006581	0.008328	0.588373	0.503207	13.135400
227.812000	70.528800	0.226627	0.188936	1.077922	1.139761	0.002250	0.002242	0.004239	0.882768	1.828897	1.909434	0.877777	0.032738	0.000000	0.000000	0.003468	0.616748	1.183993	1.322368	0.648030	0.003723	0.006041	0.007216	0.521141	0.596751	13.083100
233.438000	70.528800	0.280036	0.151210	1.070519	1.211453	0.003007	0.000632	0.005941	0.777774	1.764997	1.831815	0.996700	0.136096	0.000000	0.001323	0.004718	0.512428	1.006702	1.377401	0.747931	0.010027	0.007674	0.005185	0.445027	0.614339	12.962900
239.062000	70.528800	0.317930	0.089194	0.889387	1.345372	0.002796	0.000758	0.006295	0.688628	1.547353	1.722529	1.081405	0.246657	0.000000	0.001343	0.004859	0.422096	0.937111	1.443020	0.783958	0.042647	0.003474	0.005974	0.352716	0.641460	12.577000
244.687000	70.528800	0.363838	0.078749	0.820253	1.370593	0.002705	0.001424	0.005750	0.629526	1.489062	1.621341	1.237534	0.348149	0.000771	0.000623	0.001498	0.265353	0.863616	1.473613	0.810977	0.099708	0.009839	0.006664	0.261581	0.662948	12.426100
250.312000	70.528800	0.355913	0.065458	0.793704	1.475626	0.001779	0.002511	0.001337	0.462941	1.190632	1.672744	1.506321	0.363785	0.000000	0.005392	0.002686	0.139750	0.786105	1.405562	0.865196	0.179254	0.013135	0.005268	0.183926	0.721429	12.200400
255.937000	70.528800	0.478844	0.047478	0.730669	1.554636	0.005999	0.003076	0.001970	0.306036	1.084948	1.718853	1.586224	0.377704	0.002013	0.003345	0.001579	0.047783	0.632125	1.404194	0.982247	0.230647	0.008129	0.011298	0.094889	0.706115	12.020800
261.562000	70.528800	0.562729	0.034442	0.631644	1.512801	0.004364	0.001259	0.004166	0.164900	0.853288	1.839924	1.719464	0.437567	0.000000	0.002163	0.001317	0.007735	0.526626	1.448641	1.108868	0.234413	0.005878	0.008468	0.035398	0.694983	11.841000
267.188000	70.528800	0.607370	0.013476	0.641670	1.513231	0.005444	0.000000	0.000626	0.044540	0.734864	1.915122	1.845522	0.591331	0.000000	0.000000	0.000000	0.001382	0.415983	1.341855	1.208038	0.305212	0.006912	0.005263	0.008505	0.718760	11.925100
272.812000	70.528800	0.661811	0.014973	0.633562	1.583747	0.052851	0.000578	0.000605	0.005255	0.556998	1.826330	1.888115	0.702510	0.000735	0.000000	0.002037	0.004270	0.290699	1.238925	1.372244	0.457734	0.008752	0.005194	0.003478	0.769582	12.081000
278.438000	70.528800	0.624507	0.040271	0.570094	1.529562	0.150814	0.003838	0.001333	0.002634	0.443507	1.761581	1.910813	0.857341	0.007480	0.000000	0.000000	0.001127	0.248355	1.112992	1.391945	0.557803	0.051541	0.005621	0.006096	0.715716	11.995000
284.062000	70.528800	0.701900	0.056858	0.455773	1.478103	0.322845	0.001249	0.000771	0.003896	0.391491	1.563887	1.700283	1.026864	0.036767	0.001325	0.001946	0.001297	0.252523	0.970939	1.439684	0.611196	0.091447	0.007153	0.007307	0.710726	11.836200
289.688000	70.528800	0.805049	0.062895	0.406302	1.477142	0.472962	0.003042	0.003140	0.006474	0.375035	1.489922	1.675673	1.198956	0.139558	0.003929	0.004470	0.002776	0.174185	0.905016	1.426565	0.743480	0.170382	0.007885	0.010569	0.722582	12.288000
295.312000	70.528800	0.837814	0.086027	0.374354	1.404816	0.575124	0.004016	0.001429	0.006479	0.325838	1.259237	1.675051	1.473624	0.266543	0.001286	0.003675	0.001418	0.107031	0.803545	1.440114	0.900151	0.248592	0.008168	0.010923	0.668328	12.483600
300.938000	70.528800	0.960661	0.080396	0.285330	1.314225	0.752613	0.009871	0.003590	0.005646	0.250535	1.061207	1.740195	1.584267	0.424165	0.004421	0.005107	0.000000	0.047867	0.815631	1.440046	0.973308	0.339351	0.006954	0.008109	0.611492	12.725000
306.562000	70.528800	1.024946	0.151353	0.277459	1.221881	0.779037	0.004767	0.004504	0.001401	0.144935	0.989035	1.853043	1.712056	0.535588	0.006142	0.000729	0.000672	0.004815	0.708468	1.373160	1.073113	0.429375	0.007972	0.011663	0.611444	12.927600
312.187000	70.528800	1.091912	0.200175	0.249774	1.183236	0.847622	0.002467	0.005620	0.002958	0.044876	0.949460	1.931702	1.901008	0.630805	0.004521	0.000735	0.000000	0.001784	0.652902	1.265299	1.187669	0.522500	0.006065	0.012551	0.605134	13.300800
317.812000	70.528800	1.142227	0.232863	0.215283	1.111437	0.903882	0.034222	0.000904	0.001323	0.003517	0.895699	1.799164	1.878524	0.695564	0.004275	0.000211	0.002755	0.012315	0.590280	1.205561	1.305087	0.587048	0.006919	0.007710	0.517130	13.153900
323.438000	70.528800	1.227083	0.284291	0.160978	1.015658	1.012448	0.135055	0.001295	0.003904	0.005182	0.788057	1.765653	1.861299	0.712221	0.002869	0.000000	0.002072	0.006656	0.518447	1.041246	1.415956	0.618719	0.007917	0.005245	0.422459	13.014700
329.062000	70.528800	1.350156	0.305048	0.096220	0.924570	1.113926	0.246333	0.004284	0.000311	0.009503	0.734245	1.624451	1.671658	0.779066	0.040739	0.000758	0.001493	0.002678	0.368901	0.904546	1.453663	0.643084	0.007843	0.007528	0.330548	12.621600
334.688000	70.528800	1.388111	0.323996	0.070115	0.856932	1.293132	0.330156	0.006453	0.004880	0.009283	0.615114	1.384990	1.675447	0.854683	0.100663	0.000642	0.004026	0.002649	0.224739	0.831894	1.453844	0.681031	0.009390	0.009854	0.254182	12.386200
340.312000	70.528800	1.466296	0.353732	0.075442	0.833634	1.473647	0.415180	0.003803	0.003379	0.005184	0.453918	1.315605	1.679665	0.910854	0.166856	0.001004	0.001503	0.002081	0.127516	0.707822	1.478974	0.687620	0.009143	0.009316	0.174524	12.356700
345.938000	70.528800	1.456762	0.374452	0.040738	0.767852	1.617552	0.390885	0.005635	0.001425	0.002334	0.317918	1.013794	1.718706	0.992944	0.237766	0.001582	0.005358	0.000000	0.035090	0.631738	1.478046	0.670285	0.003852	0.006549	0.088112	11.859400
351.562000	70.528800	1.497759	0.278319	0.042352	0.624650	1.756289	0.422963	0.007566	0.000735	0.003391	0.147694	0.815578	1.871919	1.103033	0.242777	0.000761	0.000531	0.000591	0.004258	0.553800	1.464384	0.699883	0.006498	0.007121	0.049883	11.602700
357.187000	70.528800	1.525140	0.193090	0.014637	0.612800	1.822858	0.575279	0.002682	0.000586	0.005991	0.044142	0.682445	1.889936	1.182195	0.291670	0.002813	0.000000	0.000199	0.002009	0.433320	1.281370	0.714850	0.008936	0.006100	0.011529	11.304600
0.000000	73.042200	1.498596	0.166760	0.006608	0.660353	1.830639	0.659567	0.011973	0.002055	0.000608	0.014035	0.651138	1.839607	1.308502	0.358750	0.003768	0.000000	0.000000	0.003961	0.385936	1.315390	0.765151	0.026314	0.006007	0.013243	11.529000
5.625000	73.042200	1.499716	0.185449	0.008776	0.574516	1.898203	0.769657	0.072907	0.002158	0.001957	0.004245	0.508661	1.797682	1.430319	0.505608	0.006025	0.001422	0.000582	0.000577	0.288969	1.226009	0.734572	0.058913	0.007592	0.008818	11.593300
11.250000	73.042200	1.418094	0.337679	0.016627	0.432825	1.821647	0.929178	0.204854	0.002893	0.002479	0.005674	0.382008	1.579721	1.484561	0.614218	0.015585	0.002028	0.001395	0.002296	0.290571	1.115369	0.771222	0.094146	0.003650	0.005477	11.534200
16.875000	73.042200	1.385963	0.472373	0.025222	0.381948	1.808076	1.081819	0.375550	0.004049	0.002359	0.004459	0.368717	1.560155	1.513231	0.751493	0.094076	0.001344	0.000740	0.002601	0.250899	0.944345	0.666034	0.165243	0.013722	0.007402	11.881800
22.500000	73.042200	1.373160	0.658811	0.023496	0.292168	1.683703	1.309893	0.532115	0.005833	0.002797	0.003631	0.398535	1.418512	1.561546	0.860884	0.214039	0.002704	0.002979	0.001273	0.138207	0.917890	0.700477	0.272679	0.005790	0.007990	12.389100
28.125000	73.042200	1.282422	0.831132	0.044239	0.317733	1.722755	1.492693	0.703910	0.009428	0.003460	0.002177	0.284302	1.198266	1.512405	0.952627	0.375327	0.003380	0.005264	0.001490	0.085861	0.883123	0.690233	0.408952	0.005513	0.006475	12.823200
33.750000	73.042200	1.188630	0.884969	0.081115	0.237050	1.812894	1.612700	0.748384	0.008346	0.000752	0.002082	0.192921	1.050539	1.527153	1.027437	0.519321	0.006749	0.002310	0.000769	0.026413	0.811482	0.653095	0.487901	0.009406	0.005281	12.897700
39.375000	73.042200	1.131663	1.026078	0.127710	0.234521	1.934372	1.804219	0.815452	0.006134	0.002121	0.004410	0.073865	0.970647	1.404952	1.258332	0.574331	0.003239	0.000632	0.002248	0.003592	0.728446	0.643845	0.536589	0.005424	0.008033	13.300900
45.000000	73.042200	1.065217	1.082707	0.162560	0.169145	1.949719	1.852014	0.887037	0.008379	0.005829	0.002052	0.008772	0.905163	1.347227	1.353345	0.693586	0.007910	0.000000	0.000639	0.004738	0.671312	0.558238	0.603268	0.007946	0.002396	13.349200
50.625000	73.042200	0.974118	1.126896	0.236415	0.122841	1.755644	1.890942	0.928979	0.071129	0.002802	0.002359	0.006420	0.852204	1.201048	1.427368	0.743475	0.006977	0.000843	0.000000	0.002286	0.616549	0.508688	0.662445	0.004107	0.008917	13.153500
56.250000	73.042200	0.960138	1.192170	0.256625	0.074777	1.669509	1.816038	1.047193	0.181358	0.001899	0.001454	0.008646	0.784307	1.128663	1.504104	0.766737	0.024998	0.000000	0.000740	0.005967	0.502632	0.498531	0.640269	0.011839	0.005387	13.084000
61.875000	73.042200	0.733420	1.239524	0.265254	0.037027	1.548144	1.766637	1.175500	0.271408	0.002677	0.002841	0.009514	0.687725	0.948645	1.445520	0.853893	0.086229	0.000340	0.003885	0.005119	0.374428	0.359470	0.680986	0.009163	0.005844	12.513200
67.500000	73.042200	0.622677	1.376327	0.360687	0.022710	1.285261	1.630208	1.361013	0.362218	0.001953	0.001999	0.005920	0.528234	0.849802	1.529924	0.914886	0.138717	0.000000	0.002236	0.003739	0.220984	0.268475	0.679250	0.007916	0.011614	12.186800
73.125000	73.042200	0.499597	1.395169	0.375130	0.026826	1.064422	1.750939	1.522234	0.429068	0.005800	0.002907	0.007131	0.363136	0.712664	1.508538	0.998421	0.234752	0.000000	0.003062	0.003246	0.097331	0.189996	0.707173	0.014669	0.010680	11.922900
78.750000	73.042200	0.324540	1.476531	0.518494	0.013631	0.961581	1.838804	1.628172	0.384541	0.004071	0.001470	0.002559	0.217932	0.606818	1.476079	1.118328	0.273407	0.001509	0.000673	0.000521	0.020081	0.110188	0.748161	0.006230	0.003321	11.737600
84.375000	73.042200	0.178745	1.434741	0.518358	0.012385	0.837978	1.989812	1.728761	0.467694	0.007368	0.002886	0.005696	0.084806	0.524892	1.395101	1.239581	0.300171	0.000933	0.000000	0.001360	0.004354	0.067233	0.699760	0.006302	0.009366	11.518300
90.000000	73.042200	0.150821	1.438643	0.636669	0.005693	0.637682	1.966706	1.889065	0.641281	0.010052	0.003416	0.004308	0.011093	0.423323	1.313320	1.316758	0.400518	0.003936	0.000671	0.000000	0.004856	0.015439	0.773052	0.013952	0.008693	11.670000
95.625000	73.042200	0.221839	1.466250	0.590455	0.012719	0.467138	1.825459	1.916095	0.812138	0.062633	0.002831	0.001285	0.007533	0.309683	1.190542	1.505495	0.464004	0.004646	0.000735	0.000677	0.003134	0.006559	0.769863	0.062294	0.008313	11.712300
101.250000	73.042200	0.307784	1.388168	0.643186	0.018025	0.381771	1.679032	1.817101	0.928935	0.186571	0.000585	0.000000	0.003824	0.243829	1.125685	1.529280	0.636522	0.023002	0.000758	0.002246	0.002288	0.005833	0.705446	0.094852	0.003162	11.727900
106.875000	73.042200	0.352535	1.403764	0.752828	0.039561	0.410535	1.563401	1.702160	1.096162	0.355540	0.004502	0.000690	0.002840	0.249910	0.958170	1.526757	0.729591	0.094771	0.001489	0.001474	0.000590	0.009484	0.736586	0.145241	0.008198	12.146800
112.500000	73.042200	0.306761	1.380240	0.819107	0.036328	0.379123	1.363841	1.718491	1.251320	0.553432	0.004793	0.002073	0.002674	0.144638	0.908897	1.611716	0.838504	0.238836	0.004067	0.003478	0.000000	0.006809	0.725970	0.269375	0.008380	12.578800
118.125000	73.042200	0.284979	1.199850	0.825639	0.045491	0.304787	1.236855	1.713142	1.498031	0.688677	0.007103	0.003720	0.001134	0.101396	0.836800	1.518015	0.976547	0.338379	0.005214	0.002653	0.000556	0.008237	0.698659	0.330282	0.008581	12.634700
123.750000	73.042200	0.223907	1.203197	0.930837	0.083919	0.186814	1.023240	1.769385	1.598902	0.745124	0.007570	0.002209	0.003110	0.021230	0.790967	1.489729	1.138132	0.487774	0.003888	0.001371	0.001921	0.004114	0.656943	0.481328	0.004583	12.860200
129.375000	73.042200	0.221001	1.151297	1.030356	0.111012	0.071737	0.968058	1.787764	1.834224	0.816411	0.003939	0.006354	0.005815	0.006691	0.753112	1.464203	1.255923	0.597177	0.006041	0.000747	0.001255	0.010477	0.624041	0.511841	0.007686	13.247200
135.000000	73.042200	0.160552	1.072764	1.051077	0.168399	0.012933	0.927084	1.887685	1.830797	0.905068	0.006365	0.001516	0.002362	0.006585	0.635776	1.313196	1.298618	0.644975	0.002634	0.000166	0.000000	0.004825	0.585554	0.631450	0.005428	13.155800
140.625000	73.042200	0.132895	1.006062	1.156839	0.221184	0.002859	0.795221	1.720742	1.919952	0.968440	0.066689	0.002393	0.001715	0.003183	0.606082	1.198888	1.426327	0.717146	0.005938	0.001155	0.002135	0.006219	0.563235	0.639336	0.011784	13.176400
146.250000	73.042200	0.083065	0.921242	1.204147	0.244404	0.011111	0.693003	1.610551	1.885197	1.073945	0.202832	0.000771	0.002614	0.003605	0.483523	1.139354	1.466409	0.799797	0.023400	0.001600	0.001509	0.009068	0.472618	0.680385	0.009049	13.023200
151.875000	73.042200	0.043331	0.847700	1.268896	0.316178	0.003496	0.684295	1.509736	1.699367	1.175930	0.290179	0.002480	0.006043	0.002816	0.381568	0.994527	1.539843	0.801490	0.080170	0.000000	0.002276	0.005761	0.381541	0.723071	0.012978	12.773700
157.500000	73.042200	0.039288	0.801810	1.375603	0.329777	0.000807	0.573430	1.324268	1.734031	1.355686	0.351622	0.003676	0.004608	0.004456	0.212868	0.804341	1.546877	0.921307	0.146231	0.000000	0.003441	0.006020	0.275127	0.691184	0.005837	12.512300
163.125000	73.042200	0.024232	0.738971	1.364859	0.383434	0.002055	0.362029	1.108449	1.745703	1.524575	0.392724	0.007254	0.001287	0.003260	0.096165	0.737375	1.602284	0.979809	0.232605	0.000847	0.002072	0.004672	0.149199	0.682347	0.009413	12.155600
168.750000	73.042200	0.012714	0.659596	1.426304	0.460484	0.000000	0.194905	0.902518	1.838001	1.687028	0.398915	0.003447	0.001312	0.000735	0.017726	0.632855	1.491776	1.097376	0.251601	0.004172	0.000580	0.010367	0.098830	0.735198	0.009922	11.936400
174.375000	73.042200	0.010785	0.627026	1.433056	0.581343	0.005818	0.067559	0.782776	1.951099	1.784529	0.479354	0.002360	0.002316	0.000000	0.004139	0.477975	1.455506	1.218579	0.313488	0.002428	0.001474	0.008150	0.063270	0.731933	0.007770	12.012700
180.000000	73.042200	0.006735	0.650914	1.497397	0.626554	0.002964	0.013535	0.637907	1.939009	1.898282	0.606397	0.010461	0.004314	0.000000	0.003039	0.408366	1.364191	1.334266	0.408391	0.000565	0.000000	0.007409	0.021898	0.754391	0.017544	12.214500
185.625000	73.042200	0.008875	0.564007	1.475038	0.628839	0.002696	0.001978	0.517650	1.878954	1.888759	0.750621	0.072612	0.002518	0.000737	0.006355	0.292702	1.237002	1.378080	0.510176	0.001638	0.000534	0.008718	0.006551	0.714118	0.050293	11.999500
191.250000	73.042200	0.011345	0.430041	1.440792	0.694060	0.002094	0.008819	0.397587	1.655044	1.812713	0.932024	0.204893	0.005439	0.000000	0.000000	0.260340	1.090768	1.548563	0.624150	0.016556	0.000592	0.010609	0.003435	0.751402	0.102234	12.003500
196.875000	73.042200	0.031492	0.391929	1.429211	0.760071	0.000000	0.003427	0.370287	1.521001	1.768582	1.115608	0.387516	0.005524	0.001474	0.000844	0.252573	0.973944	1.555032	0.780714	0.080018	0.002797	0.007178	0.008055	0.750834	0.166288	12.364400
202.500000	73.042200	0.036330	0.348660	1.338880	0.840582	0.003013	0.003494	0.376433	1.360052	1.714623	1.337534	0.534224	0.004730	0.003533	0.002301	0.147693	0.876068	1.529675	0.843512	0.225213	0.001255	0.011113	0.012066	0.744868	0.280907	12.576800
208.125000	73.042200	0.050348	0.291437	1.271056	0.858578	0.000000	0.000770	0.282535	1.191311	1.744131	1.482333	0.693893	0.004127	0.001493	0.003629	0.079631	0.852816	1.513559	0.964571	0.369214	0.005192	0.010162	0.010903	0.715458	0.393476	12.790600
213.750000	73.042200	0.097112	0.237518	1.211917	0.932136	0.000739	0.002294	0.201072	1.027136	1.859976	1.686541	0.778820	0.004464	0.001604	0.000608	0.020276	0.799388	1.597658	1.094816	0.484528	0.006888	0.002168	0.007628	0.640341	0.492972	13.188600
219.375000	73.042200	0.100069	0.212320	1.138234	1.027728	0.002100	0.002235	0.072664	0.944591	1.872044	1.721138	0.858369	0.004617	0.000899	0.000849	0.008269	0.779344	1.466069	1.236256	0.577036	0.003384	0.009885	0.008561	0.667865	0.554988	13.269500
225.000000	73.042200	0.182493	0.160139	1.059496	1.071922	0.002294	0.003846	0.008829	0.926765	1.880435	1.931352	0.916568	0.004415	0.000856	0.000674	0.005827	0.688072	1.336121	1.304227	0.665378	0.009590	0.003060	0.003976	0.586997	0.603539	13.356900
230.625000	73.042200	0.207424	0.138562	1.028497	1.100735	0.003024	0.003014	0.007028	0.860495	1.805339	1.907387	1.016474	0.066804	0.000649	0.000758	0.005480	0.556157	1.220365	1.375331	0.745609	0.004770	0.008517	0.004625	0.550413	0.648556	13.266000
236.250000	73.042200	0.255678	0.086346	0.941916	1.202326	0.002925	0.002566	0.009875	0.782351	1.658018	1.870279	1.075422	0.198075	0.000735	0.000594	0.004826	0.497792	1.103033	1.486235	0.786608	0.020426	0.011098	0.008979	0.459427	0.706735	13.172300
241.875000	73.042200	0.286292	0.046401	0.866340	1.301807	0.002051	0.001893	0.005361	0.656541	1.524631	1.694062	1.198289	0.294623	0.001494	0.002130	0.001324	0.361942	0.994774	1.562847	0.823038	0.083480	0.008882	0.008737	0.381879	0.724410	12.833200
247.500000	73.042200	0.342214	0.038154	0.827131	1.373364	0.002233	0.001408	0.003655	0.556717	1.377017	1.619791	1.422414	0.359840	0.000736	0.002236	0.003447	0.214815	0.844118	1.577346	0.899573	0.150913	0.011404	0.010194	0.271910	0.682700	12.593300
253.125000	73.042200	0.367223	0.032061	0.728641	1.424099	0.008193	0.000758	0.005812	0.353524	1.094097	1.693644	1.529099	0.400610	0.000000	0.002908	0.004385	0.106381	0.737371	1.548495	0.976996	0.230300	0.007020	0.008531	0.185284	0.743610	12.189000
258.750000	73.042200	0.471199	0.015355	0.642546	1.395203	0.004096	0.000675	0.004003	0.193116	0.932559	1.763414	1.669950	0.391519	0.001415	0.003671	0.000000	0.016678	0.605678	1.508221	1.081684	0.236857	0.009026	0.005193	0.102332	0.697985	11.752400
264.375000	73.042200	0.547157	0.013623	0.631837	1.500802	0.004206	0.000000	0.003587	0.092921	0.770595	1.865224	1.745737	0.476555	0.003879	0.000755	0.000000	0.004865	0.509678	1.468840	1.241492	0.269327	0.006294	0.008385	0.051408	0.782456	11.999600
270.000000	73.042200	0.660978	0.009620	0.610815	1.473681	0.009427	0.002083	0.000738	0.011488	0.631119	1.959377	1.951743	0.649933	0.005621	0.000745	0.000767	0.002456	0.417568	1.337908	1.306896	0.436283	0.018361	0.003534	0.018992	0.769916	12.290000
275.625000	73.042200	0.629347	0.010387	0.563163	1.431654	0.077808	0.005331	0.000738	0.003670	0.516561	1.799435	1.870698	0.796166	0.006851	0.000000	0.000743	0.002651	0.289139	1.193607	1.442161	0.553380	0.053547	0.010013	0.004140	0.726377	11.987600
281.250000	73.042200	0.612375	0.021780	0.463186	1.455178	0.201450	0.006313	0.001312	0.005606	0.390820	1.606729	1.822190	0.942866	0.022035	0.000882	0.001255	0.001158	0.284608	1.118723	1.495825	0.676132	0.104938	0.004611	0.008915	0.726183	11.975100
286.875000	73.042200	0.782191	0.030097	0.391109	1.391278	0.380293	0.004079	0.002491	0.006081	0.360304	1.504172	1.739098	1.039129	0.109196	0.004493	0.005246	0.001497	0.246845	1.003816	1.561784	0.656626	0.169170	0.006466	0.005620	0.769625	12.170700
292.500000	73.042200	0.816135	0.035324	0.324339	1.310561	0.580918	0.010132	0.001998	0.003671	0.357565	1.345711	1.724406	1.301388	0.213162	0.001350	0.002982	0.001361	0.144780	0.896753	1.578647	0.802398	0.288814	0.008317	0.011931	0.733509	12.496200
298.125000	73.042200	0.842830	0.053990	0.272038	1.278678	0.663061	0.007175	0.002077	0.003367	0.283825	1.218737	1.767146	1.470571	0.371042	0.003943	0.001359	0.000699	0.088104	0.816550	1.490442	0.948714	0.384339	0.007253	0.010439	0.767848	12.754200
303.750000	73.042200	0.979399	0.084323	0.267915	1.217165	0.718642	0.005419	0.002343	0.002341	0.199031	1.081609	1.823864	1.653811	0.496022	0.000000	0.000000	0.000000	0.018462	0.755331	1.546742	1.092743	0.476213	0.002621	0.005870	0.730156	13.160000
309.375000	73.042200	1.009320	0.119442	0.210198	1.100434	0.875154	0.006258	0.003052	0.004207	0.070142	0.958641	1.915903	1.747897	0.598629	0.005358	0.000758	0.001645	0.008323	0.695124	1.433690	1.248572	0.537239	0.009645	0.006898	0.586651	13.153200
315.000000	73.042200	1.027289	0.171614	0.160964	1.064834	0.902785	0.007856	0.004462	0.002839	0.006702	0.878234	1.910553	1.857918	0.649765	0.005129	0.000661	0.001370	0.006427	0.681375	1.359520	1.314282	0.598069	0.002540	0.002634	0.626210	13.244000
320.625000	73.042200	1.110763	0.238841	0.127384	1.045333	0.953377	0.068360	0.004231	0.003376	0.004786	0.821846	1.802466	1.902308	0.715981	0.005398	0.000000	0.004419	0.005885	0.580939	1.175409	1.364893	0.632047	0.008588	0.005637	0.567711	13.150000
326.250000	73.042200	1.205629	0.254424	0.086403	0.888442	1.056079	0.194639	0.002041	0.002648	0.004506	0.770995	1.636021	1.853575	0.798791	0.025044	0.000513	0.001171	0.002629	0.536029	1.143946	1.503007	0.655957	0.008900	0.007689	0.476954	13.116000
331.875000	73.042200	1.293596	0.290576	0.034585	0.897370	1.148865	0.314333	0.003630	0.002972	0.006819	0.644686	1.513683	1.726770	0.840266	0.091580	0.001958	0.002327	0.004408	0.363828	0.935214	1.533860	0.655402	0.009757	0.005639	0.391956	12.714100
337.500000	73.042200	1.339344	0.362725	0.039782	0.768913	1.378871	0.367534	0.000758	0.000626	0.010982	0.550921	1.358457	1.695680	0.852598	0.140326	0.002244	0.002160	0.003228	0.230898	0.842353	1.580105	0.726268	0.007944	0.005777	0.253124	12.521600
343.125000	73.042200	1.488044	0.341005	0.023973	0.728189	1.511772	0.368168	0.003595	0.000735	0.002796	0.371875	1.092490	1.748394	1.013654	0.247561	0.001277	0.002120	0.002197	0.077280	0.730830	1.584675	0.757681	0.007334	0.006665	0.183705	12.296000
348.750000	73.042200	1.417686	0.307094	0.015860	0.659825	1.705180	0.401551	0.003501	0.000758	0.004017	0.199262	0.894927	1.766886	1.120098	0.277146	0.001313	0.000605	0.001249	0.019600	0.583055	1.536235	0.722097	0.009568	0.004909	0.106389	11.758800
354.375000	73.042200	1.444479	0.246672	0.007235	0.594434	1.759715	0.532217	0.004862	0.001603	0.003467	0.082979	0.803946	1.886452	1.167854	0.309474	0.003033	0.000605	0.000735	0.003589	0.510202	1.427956	0.764510	0.004585	0.005136	0.045703	11.611400
2.812500	75.522500	1.456999	0.146798	0.007094	0.545864	1.920777	0.702332	0.035259	0.001316	0.000931	0.004650	0.584121	1.911424	1.488644	0.473445	0.005668	0.000000	0.000759	0.002059	0.349730	1.388258	0.792704	0.056738	0.005077	0.026767	11.907400
8.437500	75.522500	1.357734	0.218468	0.012466	0.476850	1.953621	0.839343	0.109265	0.005006	0.000668	0.005395	0.412181	1.658663	1.594175	0.577771	0.007221	0.000000	0.001606	0.003698	0.283124	1.236765	0.774441	0.108697	0.006234	0.009109	11.652500
14.062500	75.522500	1.318387	0.369535	0.010137	0.375086	1.842932	0.965554	0.238928	0.006542	0.002128	0.002101	0.369684	1.498879	1.589436	0.684116	0.063711	0.001290	0.000737	0.002647	0.290170	1.088591	0.740879	0.160931	0.007372	0.012152	11.641900
19.687500	75.522500	1.305765	0.526070	0.014214	0.342968	1.832166	1.183586	0.441625	0.003379	0.000604	0.005425	0.423197	1.369778	1.664544	0.869498	0.173209	0.004165	0.003010	0.001320	0.223442	0.985582	0.739239	0.265620	0.013876	0.010732	12.403000
25.312500	75.522500	1.209429	0.709394	0.017110	0.254835	1.785863	1.389536	0.593781	0.007247	0.003027	0.003722	0.339287	1.192860	1.604467	0.980329	0.342510	0.001906	0.003060	0.002915	0.144663	0.894676	0.762233	0.374034	0.004936	0.011159	12.633000
30.937500	75.522500	1.134898	0.798940	0.029944	0.222139	1.817395	1.531813	0.674298	0.007351	0.002123	0.003830	0.225683	1.081995	1.649185	1.099366	0.473652	0.003302	0.001275	0.000234	0.061364	0.816859	0.750599	0.529351	0.004993	0.009286	12.929900
36.562500	75.522500	1.097694	0.922053	0.056380	0.218077	1.894426	1.676951	0.763457	0.006914	0.000956	0.005267	0.118998	1.041370	1.545724	1.238246	0.590319	0.006708	0.001325	0.000000	0.006200	0.786662	0.661097	0.585184	0.003085	0.007283	13.234400
42.187500	75.522500	1.024208	0.989683	0.080423	0.133260	1.868119	1.818232	0.841596	0.006685	0.003232	0.002998	0.019514	0.970475	1.452611	1.429449	0.642967	0.005316	0.001361	0.001227	0.006573	0.749271	0.670737	0.644128	0.005949	0.008969	13.377000
47.812500	75.522500	0.961676	1.039582	0.131554	0.088122	1.818752	1.873039	0.942408	0.014941	0.001471	0.002770	0.008147	0.838799	1.353244	1.431914	0.758207	0.006228	0.000738	0.000000	0.009405	0.711147	0.578544	0.651808	0.009522	0.011317	13.243300
53.437500	75.522500	0.963630	1.092836	0.221282	0.054341	1.658165	1.835626	0.986656	0.132893	0.003703	0.004022	0.005635	0.780363	1.256217	1.556559	0.797566	0.010379	0.003316	0.000866	0.009225	0.592618	0.574510	0.668480	0.009317	0.008102	13.226300
59.062500	75.522500	0.839623	1.140790	0.247395	0.024645	1.573218	1.856595	1.078793	0.220017	0.001516	0.001836	0.008352	0.692906	1.091104	1.631565	0.852343	0.055717	0.000728	0.001467	0.004136	0.478463	0.495249	0.708384	0.009039	0.004649	13.018500
64.687500	75.522500	0.717439	1.225828	0.251024	0.013203	1.390814	1.839189	1.203627	0.319419	0.003244	0.001336	0.008162	0.609707	0.922459	1.602012	0.897331	0.132848	0.001303	0.001250	0.004109	0.315831	0.358006	0.734575	0.010311	0.004360	12.567400
70.312500	75.522500	0.511506	1.267866	0.291911	0.012991	1.195563	1.816999	1.402475	0.406399	0.002785	0.000736	0.002547	0.432762	0.847151	1.684121	1.000703	0.225396	0.002383	0.001439	0.003333	0.195886	0.299044	0.763553	0.010374	0.012520	12.390400
75.937500	75.522500	0.382312	1.315944	0.399455	0.015459	0.982627	1.831657	1.506083	0.369461	0.002361	0.000614	0.003339	0.244503	0.692634	1.569293	1.104900	0.319765	0.002242	0.001488	0.003517	0.058977	0.160814	0.775705	0.009704	0.005364	11.758200
81.562500	75.522500	0.216622	1.330398	0.482672	0.005261	0.845543	1.887255	1.715302	0.413038	0.004455	0.001361	0.002851	0.114033	0.591755	1.523025	1.154882	0.275002	0.001699	0.001646	0.001156	0.006258	0.109987	0.778429	0.005719	0.008367	11.476700
87.187500	75.522500	0.133876	1.343755	0.579413	0.004594	0.690442	1.959445	1.874441	0.520326	0.004747	0.001380	0.002042	0.029213	0.498400	1.493778	1.434764	0.343321	0.004166	0.000000	0.000000	0.003721	0.050448	0.777303	0.024409	0.005488	11.779500
92.812500	75.522500	0.198606	1.347623	0.564893	0.010609	0.552061	1.872078	1.834507	0.703343	0.024787	0.000000	0.003416	0.003164	0.381862	1.367234	1.480614	0.495283	0.003755	0.000000	0.000738	0.001461	0.022909	0.764417	0.053513	0.005768	11.692600
98.437500	75.522500	0.264741	1.374642	0.584848	0.008188	0.378201	1.662678	1.868006	0.791697	0.118678	0.004349	0.000000	0.004663	0.288515	1.253130	1.613435	0.589452	0.006954	0.000000	0.000000	0.001924	0.008515	0.813751	0.112952	0.007607	11.756900
104.062000	75.522500	0.307050	1.299929	0.652377	0.006635	0.356185	1.532118	1.859954	1.048614	0.256195	0.004471	0.000000	0.002175	0.317339	1.148085	1.568954	0.658817	0.066371	0.000601	0.002786	0.000740	0.009749	0.771005	0.176785	0.008830	12.055700
109.688000	75.522500	0.306314	1.272990	0.724275	0.009268	0.375540	1.434300	1.707600	1.174007	0.455115	0.001975	0.000758	0.002059	0.216597	0.995508	1.632809	0.850449	0.180965	0.001766	0.001872	0.002902	0.012335	0.768357	0.277375	0.006966	12.412100
115.312000	75.522500	0.271203	1.220332	0.813975	0.018269	0.299115	1.241978	1.747467	1.384221	0.599644	0.007726	0.002120	0.003126	0.132728	0.922326	1.648484	0.968715	0.335411	0.002850	0.002249	0.001634	0.009211	0.784312	0.382295	0.008284	12.807700
120.938000	75.522500	0.248712	1.167820	0.873934	0.023857	0.233376	1.064063	1.780672	1.577945	0.685645	0.009355	0.000526	0.002919	0.068111	0.814236	1.565290	1.054860	0.505821	0.005601	0.002315	0.000796	0.008496	0.740515	0.481635	0.007697	12.924200
126.562000	75.522500	0.195061	1.111755	0.935073	0.059515	0.107606	1.007182	1.824271	1.660699	0.806108	0.007542	0.002926	0.003583	0.008058	0.800264	1.559239	1.196502	0.592610	0.006561	0.000000	0.001583	0.006849	0.730078	0.570285	0.004523	13.197900
132.188000	75.522500	0.145699	1.031409	0.969217	0.086030	0.020873	0.899646	1.910825	1.838884	0.824581	0.004121	0.004567	0.001471	0.005069	0.698316	1.436246	1.387467	0.638191	0.006650	0.003077	0.000862	0.006332	0.618195	0.595704	0.009725	13.143100
137.812000	75.522500	0.094627	0.988321	1.020732	0.125806	0.002887	0.851944	1.809840	1.929282	0.909443	0.014812	0.003378	0.004389	0.005667	0.699483	1.335894	1.438983	0.720899	0.008485	0.000745	0.000000	0.007119	0.612930	0.681436	0.007534	13.274600
143.437000	75.522500	0.049538	0.961528	1.130099	0.190362	0.008031	0.820025	1.691631	1.877031	0.993707	0.100298	0.003747	0.002985	0.006291	0.568097	1.231234	1.514430	0.743564	0.005353	0.002124	0.000000	0.007619	0.532504	0.714090	0.014141	13.168400
149.062000	75.522500	0.033885	0.812178	1.189185	0.220696	0.009890	0.696574	1.539651	1.883399	1.043599	0.219488	0.000000	0.002727	0.004140	0.459356	1.037015	1.555937	0.855637	0.056685	0.001262	0.001470	0.006626	0.485863	0.752535	0.008508	12.876300
154.688000	75.522500	0.017931	0.763678	1.215796	0.267554	0.002756	0.622682	1.426542	1.731249	1.240497	0.313852	0.005315	0.000737	0.003229	0.324411	0.941970	1.656118	0.859298	0.152843	0.000000	0.004460	0.006164	0.396536	0.768110	0.013755	12.735500
160.312000	75.522500	0.014391	0.745638	1.278079	0.312563	0.007263	0.419190	1.253650	1.756402	1.425049	0.404127	0.004389	0.001724	0.004770	0.174127	0.832863	1.602250	0.950111	0.204728	0.000712	0.001706	0.009156	0.299538	0.791962	0.009689	12.504100
165.938000	75.522500	0.012222	0.670779	1.353673	0.371452	0.004809	0.262916	0.955174	1.819408	1.550576	0.362334	0.006989	0.001229	0.000533	0.065817	0.706969	1.621635	1.114751	0.312347	0.001443	0.001341	0.009835	0.147123	0.784443	0.011652	12.149500
171.562000	75.522500	0.004663	0.591677	1.367245	0.455528	0.002587	0.131539	0.819758	1.924657	1.698145	0.396566	0.006544	0.002426	0.001460	0.002196	0.607113	1.526814	1.258378	0.278913	0.005275	0.001474	0.006353	0.107027	0.768137	0.010364	11.974800
177.188000	75.522500	0.007813	0.622259	1.386426	0.546469	0.002167	0.025762	0.738469	1.929599	1.842084	0.509940	0.006475	0.003426	0.000000	0.006361	0.508719	1.439661	1.371531	0.334687	0.004820	0.000735	0.004959	0.050093	0.784722	0.027346	12.154500
182.812000	75.522500	0.003942	0.541012	1.355777	0.589635	0.000000	0.004456	0.550297	1.828761	1.971569	0.678231	0.016859	0.000520	0.002859	0.001460	0.353914	1.335408	1.451152	0.477794	0.000579	0.000643	0.005867	0.022347	0.734279	0.054321	11.981700
188.438000	75.522500	0.004353	0.451973	1.381484	0.576926	0.000848	0.002842	0.405305	1.720878	1.904175	0.840456	0.133752	0.003135	0.002760	0.002801	0.317663	1.244761	1.548574	0.595066	0.007414	0.003211	0.007153	0.009953	0.778948	0.095000	12.039400
194.062000	75.522500	0.008503	0.398249	1.351310	0.641446	0.001482	0.009532	0.360882	1.521906	1.807454	0.979317	0.305866	0.005873	0.000735	0.000739	0.303043	1.075404	1.620425	0.698007	0.056957	0.002966	0.010017	0.010021	0.763847	0.163245	12.097200
199.687000	75.522500	0.010947	0.305381	1.240938	0.722027	0.000721	0.003655	0.404273	1.391584	1.779711	1.169257	0.415253	0.002265	0.002410	0.001375	0.198421	0.962821	1.579178	0.794632	0.168108	0.004128	0.007554	0.006281	0.798560	0.285587	12.255100
205.312000	75.522500	0.013588	0.277278	1.226575	0.781394	0.000584	0.000756	0.345778	1.271406	1.790003	1.455857	0.570194	0.006438	0.001468	0.000000	0.144849	0.937310	1.649638	0.930374	0.321927	0.002639	0.009652	0.010944	0.735647	0.379639	12.863900
210.938000	75.522500	0.022952	0.209794	1.125910	0.836985	0.000000	0.001137	0.239622	1.101560	1.802251	1.478318	0.677357	0.007056	0.000704	0.000590	0.062104	0.843799	1.590680	1.068526	0.501805	0.005260	0.012208	0.012782	0.739341	0.508151	12.848900
216.562000	75.522500	0.058332	0.180250	1.084175	0.958137	0.001548	0.004818	0.108224	1.039148	1.919250	1.707023	0.779210	0.004489	0.001572	0.001498	0.006703	0.790486	1.566195	1.198956	0.572741	0.003969	0.005979	0.011045	0.682870	0.582241	13.268900
222.188000	75.522500	0.086359	0.132419	1.017332	0.984716	0.001504	0.002763	0.020500	0.883075	1.930560	1.869261	0.863444	0.002883	0.000000	0.003247	0.005770	0.710559	1.434866	1.395508	0.687810	0.007898	0.007923	0.008503	0.672282	0.605740	13.334900
227.812000	75.522500	0.125021	0.081129	1.016845	1.024604	0.000758	0.000000	0.005212	0.857447	1.757793	1.933252	0.935651	0.029230	0.002646	0.002406	0.009722	0.673948	1.359000	1.503052	0.729886	0.005433	0.006752	0.002409	0.608865	0.662472	13.333500
233.438000	75.522500	0.193266	0.054174	0.924064	1.066149	0.001428	0.000123	0.003808	0.771366	1.729383	1.878456	0.988517	0.114322	0.000735	0.001338	0.004031	0.594887	1.224618	1.564883	0.786469	0.006238	0.010649	0.008417	0.571159	0.741519	13.240000
239.062000	75.522500	0.250973	0.036114	0.828545	1.186527	0.002867	0.002174	0.008416	0.681898	1.521544	1.899040	1.117296	0.216433	0.000000	0.000000	0.003409	0.462613	1.074223	1.539809	0.862804	0.053431	0.012041	0.006096	0.513158	0.721838	13.001200
244.687000	75.522500	0.299669	0.020128	0.811044	1.278577	0.003701	0.001898	0.008523	0.610432	1.418863	1.790093	1.213704	0.334250	0.001891	0.001357	0.003738	0.311201	0.934470	1.612485	0.947130	0.153492	0.009341	0.005906	0.418487	0.779022	12.969400
250.312000	75.522500	0.301240	0.017340	0.698863	1.282501	0.000758	0.000735	0.002699	0.434434	1.167662	1.756108	1.403131	0.368519	0.001356	0.000000	0.001882	0.184475	0.770997	1.591347	0.972930	0.219991	0.007131	0.006381	0.267531	0.773621	12.231600
255.937000	75.522500	0.389420	0.008192	0.670529	1.352814	0.007085	0.003515	0.004804	0.245787	0.985074	1.831068	1.592614	0.358318	0.000734	0.002947	0.001221	0.064597	0.661988	1.550972	1.058156	0.290086	0.006363	0.008574	0.170491	0.797452	12.062800
261.562000	75.522500	0.467448	0.007445	0.584372	1.370943	0.004748	0.002985	0.003040	0.114324	0.819612	1.893939	1.644854	0.404368	0.002904	0.002162	0.002039	0.010017	0.573002	1.558459	1.193788	0.279139	0.006369	0.006220	0.107061	0.771216	11.830400
267.188000	75.522500	0.592813	0.005133	0.560179	1.394841	0.005055	0.002234	0.002758	0.022408	0.748972	1.900284	1.941746	0.539230	0.002009	0.000735	0.000721	0.000758	0.484580	1.507180	1.392341	0.360653	0.026269	0.008578	0.064522	0.725362	12.289400
272.812000	75.522500	0.582913	0.005597	0.565170	1.348776	0.028789	0.000752	0.002831	0.002804	0.549136	1.860440	1.967486	0.698023	0.005492	0.000000	0.000000	0.000577	0.345504	1.347804	1.470673	0.470513	0.060008	0.008658	0.022639	0.728419	12.073000
278.438000	75.522500	0.573501	0.010542	0.484137	1.387467	0.114866	0.003908	0.001146	0.003683	0.395952	1.670821	1.872406	0.854799	0.009242	0.003038	0.000000	0.002280	0.286800	1.157438	1.545011	0.582266	0.097607	0.005725	0.006868	0.810133	11.879600
284.062000	75.522500	0.660819	0.009552	0.378004	1.285679	0.278416	0.005399	0.002703	0.001517	0.345968	1.532424	1.796042	0.985043	0.062491	0.001027	0.001471	0.000571	0.310025	1.075852	1.582028	0.705266	0.173846	0.006772	0.009680	0.785784	11.996400
289.688000	75.522500	0.733363	0.009649	0.285598	1.291119	0.390547	0.005675	0.002095	0.004536	0.411376	1.451435	1.795940	1.236572	0.171126	0.003365	0.000758	0.001869	0.243629	0.971968	1.647025	0.824027	0.253519	0.008232	0.009106	0.713315	12.465800
295.312000	75.522500	0.754797	0.016813	0.269916	1.227276	0.590640	0.003763	0.002030	0.002068	0.316676	1.222503	1.823434	1.391685	0.317670	0.007043	0.001581	0.001336	0.138410	0.903613	1.644967	0.997448	0.394036	0.005490	0.011364	0.736086	12.780600
300.938000	75.522500	0.841952	0.028622	0.223068	1.136357	0.684839	0.015576	0.001504	0.000837	0.208251	1.099165	1.861096	1.513830	0.469164	0.003452	0.001487	0.000121	0.064250	0.812012	1.628918	1.051142	0.507845	0.008085	0.007508	0.705864	12.874900
306.562000	75.522500	0.906302	0.057767	0.190066	1.108683	0.778121	0.007182	0.003582	0.001643	0.101144	1.036366	1.970857	1.678217	0.598458	0.004151	0.000000	0.000805	0.005323	0.762629	1.492896	1.153830	0.564258	0.004997	0.008120	0.675500	13.110900
312.187000	75.522500	0.959316	0.096026	0.151696	1.095669	0.863819	0.003312	0.003755	0.001471	0.028695	0.939843	1.878083	1.800838	0.622480	0.005012	0.000000	0.000000	0.004656	0.757147	1.441041	1.342228	0.656281	0.003330	0.007770	0.641482	13.304000
317.812000	75.522500	1.067076	0.116839	0.082591	0.978387	0.966892	0.014671	0.002264	0.001218	0.009190	0.863817	1.801595	1.849752	0.731085	0.010651	0.001129	0.001372	0.008325	0.626030	1.361353	1.508210	0.633896	0.009278	0.007547	0.603519	13.256700
323.438000	75.522500	1.088171	0.186182	0.050447	0.997122	0.971805	0.110463	0.001957	0.000758	0.006785	0.751069	1.642841	1.843758	0.765473	0.006855	0.001204	0.001497	0.005298	0.603092	1.216973	1.577538	0.640371	0.005324	0.003100	0.552926	13.031000
329.062000	75.522500	1.171168	0.267980	0.027688	0.878905	1.064157	0.238668	0.006308	0.001918	0.008450	0.679202	1.533046	1.773898	0.855960	0.057066	0.002629	0.000745	0.005835	0.487045	1.038254	1.628884	0.751447	0.009412	0.008772	0.508261	13.005700
334.688000	75.522500	1.213478	0.259969	0.012253	0.806916	1.251377	0.291083	0.003140	0.002015	0.005772	0.582195	1.387693	1.802070	0.896283	0.150103	0.000736	0.002188	0.004008	0.331312	0.956904	1.630728	0.710900	0.008261	0.008781	0.394929	12.713100
340.312000	75.522500	1.290508	0.283856	0.013694	0.770074	1.372832	0.367346	0.002951	0.000848	0.002202	0.443363	1.230703	1.754920	0.989307	0.198447	0.003989	0.003089	0.005067	0.173445	0.831746	1.606819	0.732676	0.007910	0.007575	0.288571	12.381900
345.938000	75.522500	1.368105	0.357207	0.005599	0.681927	1.525513	0.374496	0.001319	0.000763	0.004258	0.247447	1.003991	1.832584	1.100172	0.324500	0.002337	0.001267	0.000000	0.069672	0.704258	1.608877	0.797659	0.005109	0.006038	0.189446	12.212500
351.562000	75.522500	1.401457	0.287993	0.006140	0.535649	1.770527	0.404140	0.002384	0.001488	0.003853	0.110179	0.843425	1.942096	1.181098	0.269726	0.001480	0.000616	0.002259	0.008919	0.620438	1.598212	0.825583	0.008475	0.008820	0.102523	11.937500
357.187000	75.522500	1.394897	0.202687	0.010120	0.558202	1.769012	0.596224	0.007776	0.001887	0.004217	0.024292	0.750420	1.947106	1.386766	0.347514	0.002983	0.002269	0.000000	0.003673	0.529496	1.488327	0.793874	0.019889	0.004430	0.058135	11.904200
0.000000	77.975300	1.288213	0.155555	0.003807	0.559250	1.863313	0.593108	0.007220	0.004786	0.004459	0.004412	0.595548	1.907047	1.477063	0.449347	0.001324	0.001317	0.002393	0.002500	0.462937	1.502000	0.809544	0.060388	0.006623	0.059137	11.821300
5.625000	77.975300	1.237172	0.150589	0.007507	0.461770	1.948396	0.770644	0.041857	0.001717	0.000758	0.002376	0.453001	1.768311	1.607011	0.603088	0.005148	0.001072	0.001161	0.005287	0.317866	1.377118	0.787182	0.121827	0.005877	0.039257	11.716000
11.250000	77.975300	1.263716	0.276411	0.007762	0.381398	1.848418	0.890737	0.166608	0.008074	0.003916	0.006313	0.396945	1.591200	1.625819	0.667012	0.033357	0.002237	0.000000	0.002030	0.323553	1.224290	0.829769	0.161897	0.007218	0.010357	11.729000
16.875000	77.975300	1.230748	0.392749	0.015769	0.282972	1.867791	1.040329	0.297197	0.002042	0.000000	0.004723	0.380321	1.419892	1.744945	0.769306	0.126487	0.002645	0.002435	0.002913	0.296179	1.058315	0.823827	0.286107	0.011011	0.007523	12.066200
22.500000	77.975300	1.171858	0.604830	0.011074	0.263399	1.800657	1.241843	0.536036	0.003787	0.003495	0.002933	0.360060	1.323250	1.764205	0.890773	0.279298	0.001494	0.003789	0.001345	0.196363	0.946624	0.763124	0.351313	0.007652	0.011951	12.541200
28.125000	77.975300	1.094140	0.727792	0.009954	0.206417	1.831566	1.429641	0.639199	0.006708	0.001867	0.002812	0.263906	1.172695	1.672008	1.037941	0.426219	0.003554	0.001376	0.002217	0.126589	0.892287	0.772427	0.511428	0.008169	0.012325	12.853200
33.750000	77.975300	1.088302	0.916433	0.016347	0.188828	1.893306	1.628081	0.711957	0.008267	0.001653	0.005759	0.161144	0.991425	1.637061	1.179843	0.545706	0.004410	0.002069	0.003703	0.031899	0.849304	0.745074	0.596325	0.005065	0.010937	13.222900
39.375000	77.975300	1.056239	0.970504	0.038638	0.106260	1.923492	1.733058	0.820577	0.005483	0.002229	0.001471	0.046304	0.936681	1.588644	1.367799	0.655251	0.004560	0.004192	0.002762	0.004361	0.812751	0.758686	0.668984	0.004900	0.008428	13.522200
45.000000	77.975300	0.998873	0.948657	0.071616	0.065106	1.888431	1.931861	0.916104	0.005190	0.001430	0.001519	0.004626	0.856439	1.494898	1.429924	0.710067	0.007313	0.000768	0.000000	0.009274	0.689169	0.676771	0.649170	0.006018	0.006012	13.369200
50.625000	77.975300	0.943153	1.040985	0.117462	0.030965	1.728286	1.966570	0.964090	0.038678	0.004147	0.001270	0.004729	0.835989	1.377175	1.567563	0.821863	0.003879	0.001511	0.002209	0.006983	0.659880	0.618428	0.668043	0.009090	0.010628	13.423600
56.250000	77.975300	0.851708	0.993497	0.191947	0.012167	1.610540	1.857092	1.015094	0.149219	0.003325	0.001509	0.001645	0.762982	1.235159	1.635942	0.829631	0.035830	0.001482	0.001349	0.003290	0.554046	0.574878	0.732982	0.006551	0.003735	13.065600
61.875000	77.975300	0.761464	1.063840	0.222228	0.011614	1.490996	1.828004	1.151320	0.251751	0.001082	0.000000	0.006220	0.604756	1.084588	1.715144	0.925602	0.122954	0.002531	0.002118	0.006695	0.437295	0.518925	0.784073	0.011059	0.006039	13.010300
67.500000	77.975300	0.577086	1.165898	0.237967	0.006168	1.250495	1.903428	1.286267	0.332496	0.004359	0.001317	0.008809	0.485512	0.941798	1.709557	0.995523	0.189240	0.001497	0.001628	0.004073	0.263828	0.371650	0.769362	0.009313	0.009164	12.526400
73.125000	77.975300	0.424341	1.237285	0.287271	0.013024	1.023171	1.801358	1.452328	0.416429	0.006407	0.001522	0.002475	0.334144	0.786067	1.705904	1.090118	0.316963	0.001951	0.000521	0.005143	0.142917	0.277225	0.769086	0.014914	0.010024	12.120600
78.750000	77.975300	0.255109	1.262426	0.385731	0.008417	0.934815	1.947615	1.585116	0.381469	0.006462	0.002672	0.005047	0.167978	0.681823	1.716557	1.226699	0.298061	0.000849	0.001470	0.003051	0.029297	0.190860	0.827383	0.011594	0.006294	11.936800
84.375000	77.975300	0.125634	1.257812	0.449784	0.005668	0.783744	1.921218	1.797015	0.455516	0.003994	0.001518	0.004382	0.055700	0.546732	1.593722	1.367053	0.327985	0.004395	0.003620	0.001882	0.005826	0.130578	0.795308	0.035318	0.007660	11.682100
90.000000	77.975300	0.147238	1.318670	0.550103	0.010399	0.641904	1.850872	1.944222	0.607778	0.007768	0.000864	0.000520	0.009398	0.408957	1.552815	1.496357	0.441728	0.001497	0.000605	0.001293	0.002144	0.057262	0.810847	0.065888	0.005336	11.934500
95.625000	77.975300	0.239864	1.257665	0.530662	0.008928	0.433067	1.751301	1.978864	0.767197	0.049579	0.004026	0.002373	0.006813	0.321377	1.385148	1.576452	0.597255	0.005332	0.000000	0.000562	0.000613	0.043052	0.836745	0.128032	0.007217	11.932100
101.250000	77.975300	0.298307	1.207631	0.585582	0.005781	0.392395	1.690839	1.906787	0.907002	0.158688	0.006804	0.000736	0.000166	0.307439	1.192442	1.628862	0.682093	0.024709	0.002842	0.003618	0.001349	0.013781	0.827054	0.176122	0.004297	12.025300
106.875000	77.975300	0.261670	1.229153	0.716449	0.009474	0.380138	1.491629	1.879338	1.094027	0.346045	0.003391	0.000584	0.001474	0.291049	1.116394	1.750577	0.801220	0.115971	0.002258	0.000000	0.002164	0.016134	0.805532	0.310520	0.006691	12.631900
112.500000	77.975300	0.249606	1.106456	0.738944	0.006869	0.366089	1.334639	1.783307	1.254023	0.530801	0.007050	0.002567	0.006548	0.183892	0.969036	1.747795	0.942896	0.300164	0.001520	0.002912	0.001361	0.015227	0.767611	0.391501	0.008924	12.719700
118.125000	77.975300	0.223798	1.123956	0.787522	0.014056	0.279146	1.129561	1.831804	1.419258	0.637776	0.008056	0.000727	0.000576	0.131058	0.919114	1.712079	1.091971	0.420157	0.002243	0.000000	0.002883	0.011231	0.749884	0.531110	0.011103	13.039100
123.750000	77.975300	0.151341	1.061037	0.895801	0.018225	0.118209	1.064979	1.913290	1.615392	0.749286	0.005121	0.004244	0.002286	0.033279	0.821934	1.627957	1.202179	0.572866	0.007364	0.000000	0.000000	0.010605	0.753097	0.606482	0.008764	13.243700
129.375000	77.975300	0.110278	1.015101	0.986122	0.040931	0.041846	0.941651	1.986996	1.710484	0.827230	0.005299	0.000737	0.002963	0.005747	0.760297	1.582729	1.314632	0.635151	0.008033	0.002050	0.000000	0.010637	0.723846	0.624174	0.007940	13.344900
135.000000	77.975300	0.060213	1.003124	1.015200	0.065740	0.009015	0.840476	1.854231	1.905487	0.901248	0.004635	0.000747	0.001516	0.008119	0.706855	1.459532	1.440849	0.700756	0.004357	0.000735	0.000591	0.006706	0.719702	0.652066	0.003647	13.365500
140.625000	77.975300	0.031352	0.979586	1.015979	0.098803	0.009519	0.768699	1.773151	1.907658	0.964753	0.053771	0.001355	0.000598	0.009156	0.660547	1.405653	1.560868	0.819703	0.005859	0.000768	0.001484	0.007362	0.615677	0.752536	0.007689	13.452500
146.250000	77.975300	0.016739	0.898399	1.096540	0.180514	0.007468	0.685749	1.600881	1.897264	1.051916	0.167187	0.001893	0.001454	0.005588	0.562732	1.176891	1.608323	0.809817	0.028932	0.001301	0.001598	0.007043	0.589443	0.752434	0.011998	13.162100
151.875000	77.975300	0.008594	0.853701	1.111534	0.214585	0.004988	0.603871	1.492636	1.803642	1.159078	0.266505	0.000000	0.001337	0.005213	0.402919	1.075966	1.749276	0.919709	0.127843	0.002258	0.001494	0.007542	0.539190	0.760811	0.011676	13.124400
157.500000	77.975300	0.014229	0.709523	1.147429	0.236172	0.005030	0.510758	1.249884	1.754072	1.301287	0.368983	0.002051	0.002997	0.000755	0.286453	0.918717	1.655123	0.965684	0.176876	0.002224	0.000770	0.005646	0.395323	0.838466	0.003487	12.551900
163.125000	77.975300	0.009751	0.675724	1.239897	0.279206	0.004330	0.311160	1.008997	1.848644	1.457361	0.392589	0.004347	0.005422	0.005687	0.121420	0.796424	1.662780	1.094555	0.294838	0.000000	0.000597	0.009627	0.263873	0.769306	0.008406	12.264900
168.750000	77.975300	0.011003	0.606261	1.279391	0.365144	0.005108	0.161501	0.918531	1.937663	1.672608	0.392771	0.004473	0.000735	0.003872	0.030731	0.655623	1.677584	1.239807	0.293680	0.001386	0.000000	0.009984	0.197718	0.817247	0.016249	12.299100
174.375000	77.975300	0.008458	0.575324	1.198323	0.455073	0.004363	0.041397	0.748019	1.949674	1.673920	0.445065	0.006401	0.001338	0.001831	0.002115	0.567710	1.576927	1.347170	0.332184	0.003562	0.000407	0.005817	0.114666	0.812054	0.035419	11.907200
180.000000	77.975300	0.010613	0.561901	1.340226	0.582320	0.002535	0.007359	0.626140	1.889053	1.893464	0.629184	0.007983	0.003912	0.000000	0.001974	0.482186	1.506174	1.533147	0.453314	0.005673	0.001156	0.012293	0.073237	0.801673	0.068362	12.493900
185.625000	77.975300	0.009113	0.459980	1.282637	0.524750	0.000610	0.003615	0.489085	1.770754	1.978672	0.733159	0.045208	0.004774	0.000000	0.002989	0.307875	1.378238	1.622506	0.541620	0.002761	0.001498	0.011227	0.029804	0.798131	0.129577	12.128600
191.250000	77.975300	0.006871	0.373703	1.274222	0.561892	0.000581	0.004828	0.400827	1.582718	1.985152	0.906898	0.153051	0.004176	0.000000	0.002002	0.302548	1.249861	1.647331	0.639120	0.032734	0.002429	0.008909	0.014661	0.808786	0.170000	12.133300
196.875000	77.975300	0.007637	0.292270	1.193403	0.661437	0.000000	0.003736	0.382082	1.529992	1.818854	1.070521	0.342908	0.009272	0.000000	0.004107	0.313527	1.100359	1.728252	0.790401	0.156269	0.002099	0.003323	0.007649	0.843208	0.285399	12.546700
202.500000	77.975300	0.010008	0.229756	1.134072	0.746947	0.001794	0.006274	0.365465	1.285894	1.798451	1.253741	0.496232	0.004718	0.001711	0.000609	0.182804	0.948360	1.686654	0.880482	0.267368	0.006481	0.010688	0.009788	0.789411	0.401203	12.518900
208.125000	77.975300	0.010704	0.215384	1.094739	0.778465	0.002204	0.001311	0.286928	1.153287	1.855441	1.452113	0.656697	0.008219	0.000683	0.001225	0.121364	0.887221	1.674406	1.019916	0.442566	0.004181	0.010536	0.011132	0.799557	0.491539	12.979800
213.750000	77.975300	0.016632	0.174879	1.084196	0.870438	0.000741	0.001622	0.137725	1.028298	1.856809	1.571601	0.735085	0.006981	0.000125	0.000818	0.034519	0.818137	1.667824	1.226993	0.612482	0.007845	0.005644	0.010772	0.745261	0.544016	13.159400
219.375000	77.975300	0.031759	0.124280	1.054575	0.923762	0.000000	0.000862	0.042482	0.989860	1.906290	1.699570	0.761012	0.006837	0.001505	0.000000	0.005927	0.768200	1.568660	1.370638	0.691143	0.003808	0.007873	0.005868	0.690231	0.661031	13.316200
225.000000	77.975300	0.069536	0.067014	1.002289	0.965247	0.000736	0.000735	0.007264	0.918135	1.859173	1.894482	0.855041	0.006640	0.000000	0.000735	0.002870	0.720274	1.509635	1.456343	0.722693	0.005329	0.002813	0.003113	0.715775	0.687442	13.473300
230.625000	77.975300	0.111245	0.035484	0.941413	1.042432	0.001496	0.003759	0.005894	0.825508	1.744775	1.890648	0.958571	0.042074	0.000000	0.001573	0.007843	0.616002	1.416849	1.554398	0.826773	0.004448	0.011668	0.004590	0.644827	0.750879	13.443200
236.250000	77.975300	0.183663	0.011998	0.876754	1.058908	0.005608	0.000756	0.005224	0.702014	1.580162	1.904310	1.026844	0.157153	0.002760	0.002590	0.008150	0.570816	1.208321	1.657159	0.856594	0.038945	0.009066	0.008743	0.603904	0.713058	13.193500
241.875000	77.975300	0.249488	0.011839	0.817854	1.103080	0.004434	0.002434	0.009467	0.615250	1.451457	1.788340	1.146886	0.250771	0.002890	0.000000	0.005110	0.449162	1.039255	1.654682	0.914084	0.121318	0.006189	0.009348	0.486228	0.753088	12.892600
247.500000	77.975300	0.255780	0.009978	0.766596	1.120671	0.005601	0.001471	0.006557	0.488465	1.252564	1.799130	1.266215	0.357371	0.000602	0.003059	0.002335	0.251063	0.963126	1.719600	0.940174	0.199935	0.007706	0.009106	0.387884	0.757817	12.572800
253.125000	77.975300	0.290854	0.008336	0.656504	1.230069	0.002880	0.002352	0.005967	0.308226	1.038170	1.862815	1.516115	0.394320	0.002074	0.000736	0.003101	0.132866	0.754090	1.650690	1.073094	0.270410	0.011036	0.006458	0.277150	0.774056	12.272400
258.750000	77.975300	0.408651	0.012877	0.579075	1.252542	0.005304	0.000735	0.007122	0.168298	0.940419	1.916717	1.631553	0.394542	0.003492	0.003591	0.002753	0.035796	0.636436	1.632673	1.212256	0.308482	0.010846	0.006184	0.197199	0.811009	12.178500
264.375000	77.975300	0.466895	0.007979	0.551719	1.306444	0.004068	0.001425	0.006652	0.049407	0.710831	1.856448	1.759399	0.454520	0.003353	0.000000	0.001364	0.007476	0.557390	1.561976	1.340769	0.338056	0.027398	0.001139	0.121314	0.817757	11.953800
270.000000	77.975300	0.547151	0.008049	0.568384	1.305358	0.006067	0.004617	0.002907	0.008622	0.602612	1.861888	1.890908	0.601752	0.002778	0.001742	0.000671	0.005260	0.441834	1.505744	1.487434	0.440090	0.061469	0.009359	0.059849	0.867003	12.291600
275.625000	77.975300	0.529346	0.009597	0.488702	1.198198	0.042842	0.002504	0.001382	0.004637	0.414294	1.705542	1.945138	0.731563	0.004844	0.000000	0.000735	0.003366	0.308677	1.333859	1.591053	0.595592	0.137782	0.006403	0.033998	0.825780	11.915800
281.250000	77.975300	0.604155	0.010432	0.382413	1.315661	0.162804	0.005402	0.000737	0.002651	0.389629	1.566613	1.873672	0.898636	0.031604	0.002240	0.000000	0.004625	0.305683	1.214586	1.658335	0.694800	0.202556	0.008889	0.012259	0.781779	12.130200
286.875000	77.975300	0.685521	0.010065	0.301586	1.214315	0.314043	0.003004	0.000736	0.001605	0.363402	1.514633	1.886803	1.033472	0.121664	0.003644	0.002973	0.002709	0.299928	1.099650	1.707159	0.758962	0.261906	0.006212	0.012412	0.786189	12.392600
292.500000	77.975300	0.764506	0.007168	0.240361	1.148051	0.506992	0.007478	0.001470	0.004035	0.373013	1.232806	1.852523	1.245439	0.263812	0.001530	0.002241	0.000000	0.179121	0.953026	1.733669	0.921396	0.355402	0.007528	0.006932	0.822796	12.631300
298.125000	77.975300	0.853401	0.005978	0.200223	1.115953	0.630381	0.007300	0.000735	0.003564	0.263611	1.121123	1.802161	1.451638	0.437695	0.003345	0.002178	0.000758	0.115541	0.915480	1.670244	1.003328	0.490115	0.010046	0.013379	0.749324	12.867500
303.750000	77.975300	0.906707	0.017457	0.161459	1.038266	0.741213	0.009012	0.003847	0.003340	0.131194	1.027185	1.895240	1.515742	0.549373	0.004730	0.000576	0.000738	0.043353	0.852456	1.616059	1.214993	0.599841	0.011480	0.007980	0.769066	13.121300
309.375000	77.975300	0.945062	0.037391	0.108680	1.002301	0.807732	0.006286	0.001634	0.002563	0.035870	0.976191	1.949866	1.722597	0.688831	0.005735	0.000670	0.000000	0.003905	0.774891	1.556740	1.334243	0.641160	0.006821	0.008989	0.684974	13.303100
315.000000	77.975300	0.967241	0.058852	0.065393	0.968088	0.898480	0.009100	0.003099	0.000736	0.005991	0.842239	1.976749	1.814726	0.763784	0.007284	0.000738	0.000000	0.009253	0.725120	1.474359	1.444592	0.693956	0.003221	0.003842	0.684398	13.421300
320.625000	77.975300	1.048618	0.112271	0.033778	0.913094	0.905427	0.046142	0.000000	0.003620	0.006754	0.814345	1.723117	1.945410	0.776077	0.005016	0.000000	0.001939	0.006092	0.645246	1.350902	1.602827	0.735303	0.009009	0.008444	0.640908	13.334300
326.250000	77.975300	1.012813	0.170251	0.013530	0.904530	1.015853	0.161734	0.002113	0.001811	0.004801	0.755722	1.568988	1.862182	0.827192	0.030311	0.001406	0.002976	0.006595	0.569262	1.217470	1.632289	0.720828	0.006056	0.013710	0.602810	13.105200
331.875000	77.975300	1.085976	0.201889	0.011643	0.840343	1.138404	0.259429	0.003576	0.002098	0.004716	0.609765	1.458503	1.797988	0.916769	0.122949	0.000616	0.002207	0.004949	0.442765	1.044871	1.645691	0.787457	0.008309	0.007407	0.465427	12.863700
337.500000	77.975300	1.191560	0.231931	0.011455	0.715613	1.224120	0.347990	0.005562	0.001249	0.004358	0.480771	1.241062	1.749220	0.978999	0.202225	0.001470	0.000000	0.005066	0.287688	0.917302	1.708980	0.782114	0.008582	0.006717	0.385238	12.489300
343.125000	77.975300	1.217029	0.277525	0.004801	0.670216	1.508843	0.377879	0.003499	0.000000	0.004881	0.305122	1.051265	1.835479	1.087304	0.301186	0.000741	0.000000	0.003513	0.127999	0.773505	1.703144	0.796157	0.008223	0.009757	0.271854	12.339900
348.750000	77.975300	1.248244	0.308549	0.011202	0.612127	1.545226	0.387035	0.000758	0.000601	0.006691	0.161497	0.859160	1.895093	1.221677	0.285953	0.001276	0.000564	0.002199	0.039535	0.669147	1.675639	0.809251	0.012102	0.006987	0.187410	11.947900
354.375000	77.975300	1.269846	0.260325	0.006471	0.549159	1.790353	0.485332	0.002030	0.001507	0.002208	0.053894	0.758245	1.941576	1.387964	0.338837	0.003270	0.001828	0.001853	0.007847	0.510021	1.592784	0.837077	0.034277	0.008139	0.125692	11.970500
2.812500	80.405900	1.174505	0.129648	0.007467	0.492675	1.886825	0.682095	0.015643	0.001536	0.001514	0.002839	0.532115	1.810089	1.572652	0.567754	0.002453	0.000640	0.000758	0.001696	0.408612	1.469055	0.908757	0.137554	0.007819	0.071610	11.886300
8.437500	80.405900	1.206760	0.162972	0.007475	0.359964	2.021264	0.813732	0.069272	0.005922	0.001515	0.003466	0.399179	1.688227	1.603992	0.642866	0.011215	0.004024	0.000712	0.004128	0.326315	1.329674	0.838432	0.195068	0.005364	0.050863	11.752400
14.062500	80.405900	1.093685	0.302482	0.011451	0.268396	1.873921	1.003195	0.213245	0.006688	0.002801	0.002491	0.358001	1.581169	1.681362	0.832482	0.094767	0.001832	0.000000	0.001317	0.387064	1.240271	0.892633	0.291375	0.009114	0.013562	12.163300
19.687500	80.405900	1.090109	0.444176	0.011055	0.227879	1.854061	1.102743	0.376503	0.002740	0.005837	0.001572	0.371449	1.381835	1.815518	0.894728	0.210982	0.002263	0.000000	0.002191	0.263378	1.064355	0.816579	0.381235	0.006256	0.011251	12.338700
25.312500	80.405900	1.064571	0.632700	0.010444	0.207181	1.869341	1.327695	0.575644	0.006757	0.001500	0.006138	0.278596	1.197248	1.797976	1.032954	0.408477	0.006913	0.003439	0.001336	0.204930	0.978729	0.830132	0.491600	0.004616	0.009156	12.948100
30.937500	80.405900	1.026304	0.774012	0.008122	0.130779	1.868470	1.475445	0.678504	0.007783	0.001577	0.002989	0.214422	1.084741	1.742411	1.135531	0.541586	0.005901	0.000742	0.002833	0.097914	0.916220	0.783221	0.563925	0.006281	0.013953	13.083700
36.562500	80.405900	0.991701	0.867023	0.011859	0.082228	2.000952	1.622042	0.764064	0.007420	0.001353	0.003109	0.079691	0.972042	1.698224	1.342635	0.636808	0.004181	0.002260	0.000754	0.011709	0.808847	0.762019	0.674016	0.013070	0.008635	13.366600
42.187500	80.405900	0.962664	0.935989	0.016812	0.049147	1.986181	1.905045	0.844229	0.005243	0.001803	0.000000	0.006081	0.882494	1.614159	1.496063	0.700028	0.004082	0.000000	0.001728	0.006508	0.780370	0.802022	0.704655	0.006892	0.009199	13.721400
47.812500	80.405900	0.927621	0.963973	0.051463	0.017960	1.858201	1.948237	0.890352	0.008622	0.002764	0.000886	0.004187	0.851693	1.429969	1.578579	0.830215	0.002587	0.000000	0.000735	0.005270	0.693338	0.705187	0.782128	0.008944	0.003572	13.566500
53.437500	80.405900	0.864202	1.018923	0.096263	0.010309	1.640873	1.907420	0.951048	0.074627	0.003547	0.000522	0.005533	0.740393	1.411964	1.649988	0.853169	0.010998	0.001501	0.000758	0.007880	0.636650	0.631744	0.807103	0.006204	0.010087	13.341700
59.062500	80.405900	0.769860	1.003804	0.179634	0.009392	1.482378	1.886170	1.056947	0.196283	0.002368	0.000735	0.007669	0.641593	1.173407	1.755112	0.875623	0.088854	0.002259	0.001520	0.004771	0.549123	0.615900	0.786955	0.008097	0.008436	13.106900
64.687500	80.405900	0.636219	1.104367	0.182461	0.012382	1.361715	1.832166	1.177977	0.314316	0.003002	0.000000	0.006572	0.550635	1.083912	1.826443	1.022726	0.181241	0.001967	0.001367	0.000826	0.393515	0.496448	0.804253	0.011531	0.009581	13.015600
70.312500	80.405900	0.514262	1.101776	0.219582	0.016486	1.078180	1.923593	1.409600	0.356067	0.004652	0.000348	0.002620	0.393316	0.898870	1.779948	1.054553	0.258504	0.003486	0.001368	0.002520	0.206871	0.394797	0.802301	0.010444	0.008269	12.442400
75.937500	80.405900	0.324153	1.185882	0.298054	0.012356	0.933592	1.894437	1.510879	0.388438	0.003425	0.001178	0.006119	0.216197	0.789132	1.677335	1.192758	0.355439	0.001112	0.001583	0.004709	0.079379	0.265900	0.843738	0.021219	0.005613	12.012600
81.562500	80.405900	0.168076	1.161397	0.405651	0.009263	0.812163	1.929350	1.681859	0.344234	0.003912	0.000828	0.003245	0.080429	0.644425	1.685060	1.341685	0.316878	0.001371	0.001470	0.001550	0.017541	0.205519	0.854760	0.051535	0.012883	11.735100
87.187500	80.405900	0.126503	1.167843	0.461885	0.007385	0.664568	1.942017	1.854593	0.488769	0.004342	0.000758	0.000736	0.014249	0.558269	1.586247	1.456422	0.389558	0.001480	0.000000	0.000227	0.005776	0.123577	0.821541	0.066406	0.009576	11.752700
92.812500	80.405900	0.202263	1.146897	0.536403	0.009451	0.525502	1.862283	1.878083	0.673515	0.014192	0.001494	0.003545	0.005611	0.386131	1.521001	1.615143	0.552874	0.003703	0.000735	0.000000	0.001349	0.064435	0.855670	0.128645	0.005764	11.994700
98.437500	80.405900	0.276324	1.165751	0.516707	0.008375	0.391880	1.617790	1.895749	0.820142	0.096499	0.005985	0.000223	0.001351	0.312123	1.366578	1.657871	0.642254	0.014600	0.001749	0.000825	0.003096	0.036429	0.861503	0.185856	0.005195	11.884900
104.062000	80.405900	0.256397	1.192804	0.626438	0.006092	0.363041	1.563559	1.854796	0.998633	0.200522	0.007401	0.001349	0.003467	0.319485	1.250642	1.661094	0.766536	0.086606	0.003373	0.000000	0.000736	0.016924	0.833113	0.279147	0.006819	12.299000
109.688000	80.405900	0.200911	1.107431	0.683190	0.009326	0.384988	1.298527	1.902150	1.102149	0.399719	0.003807	0.001258	0.001315	0.272018	1.050135	1.783387	0.917526	0.231867	0.006901	0.001470	0.002089	0.005292	0.838215	0.399505	0.002335	12.605500
115.312000	80.405900	0.185669	1.072849	0.709298	0.006166	0.277532	1.191141	1.908280	1.401231	0.565372	0.006386	0.002240	0.004142	0.206942	0.945469	1.723999	1.052579	0.391512	0.003122	0.000758	0.000000	0.004348	0.803568	0.512265	0.004331	12.979200
120.938000	80.405900	0.143457	1.094943	0.824110	0.009411	0.205055	1.076082	1.890987	1.504217	0.661040	0.007143	0.004926	0.005048	0.088424	0.918391	1.746155	1.202496	0.556085	0.008892	0.000676	0.000000	0.011776	0.809647	0.620925	0.004972	13.394800
126.562000	80.405900	0.076480	0.974379	0.893261	0.010543	0.072136	0.954201	1.966242	1.630694	0.748493	0.005887	0.000736	0.000243	0.012252	0.807721	1.679269	1.345315	0.653765	0.007502	0.002058	0.003579	0.011651	0.789154	0.636804	0.013338	13.295700
132.188000	80.405900	0.053212	1.030925	0.941142	0.017369	0.007102	0.895944	1.956426	1.748609	0.852019	0.005037	0.000275	0.000758	0.009101	0.788956	1.565165	1.523602	0.734249	0.004713	0.000000	0.003281	0.011069	0.745803	0.657957	0.014012	13.566700
137.812000	80.405900	0.030806	0.954195	0.976755	0.046849	0.006687	0.874939	1.819951	1.860055	0.933330	0.010482	0.000767	0.000709	0.006113	0.760607	1.505880	1.638984	0.805181	0.008895	0.002102	0.002217	0.007094	0.721481	0.746254	0.008102	13.728400
143.437000	80.405900	0.010381	0.887193	0.978881	0.088630	0.002689	0.771724	1.640409	1.937244	0.977388	0.087133	0.002755	0.002103	0.007413	0.617894	1.368557	1.690262	0.831709	0.008438	0.001392	0.002940	0.010094	0.641035	0.768377	0.006758	13.341400
149.062000	80.405900	0.011255	0.875540	1.025981	0.152571	0.005596	0.697036	1.510709	1.933275	1.077745	0.212268	0.003629	0.001278	0.005318	0.522490	1.188924	1.761525	0.898955	0.080060	0.001342	0.000608	0.006549	0.587197	0.811050	0.009080	13.380000
154.688000	80.405900	0.013706	0.749721	1.019274	0.203698	0.009476	0.547096	1.336132	1.873887	1.179243	0.306861	0.002944	0.000000	0.002202	0.410045	1.064518	1.770392	1.004213	0.189069	0.000551	0.001516	0.009043	0.489216	0.732797	0.012875	12.928500
160.312000	80.405900	0.010204	0.654329	1.139116	0.255733	0.004100	0.374612	1.081033	1.840987	1.363931	0.404097	0.003711	0.001358	0.004548	0.226377	0.896717	1.786112	1.063164	0.267344	0.002539	0.002199	0.008057	0.384219	0.792540	0.005305	12.572300
165.938000	80.405900	0.008450	0.608639	1.131222	0.279991	0.007226	0.230601	0.956293	1.877404	1.491969	0.360315	0.004958	0.002224	0.002099	0.104171	0.752560	1.732764	1.249567	0.347019	0.002828	0.000747	0.012628	0.279848	0.852795	0.014040	12.310300
171.562000	80.405900	0.004321	0.544599	1.174414	0.351952	0.005254	0.082245	0.862932	1.928728	1.668197	0.388497	0.003037	0.002095	0.001486	0.016954	0.682859	1.700622	1.350439	0.334690	0.004738	0.002103	0.008984	0.202000	0.857877	0.056698	12.235700
177.188000	80.405900	0.008937	0.514311	1.189739	0.458926	0.002708	0.005610	0.677740	1.928830	1.800996	0.537113	0.003287	0.001789	0.000000	0.004033	0.553201	1.627697	1.531146	0.373711	0.002234	0.001493	0.012146	0.141674	0.831237	0.070816	12.279400
182.812000	80.405900	0.008299	0.480728	1.192340	0.517881	0.002832	0.003512	0.522662	1.808019	1.896054	0.667151	0.010545	0.000000	0.000000	0.001732	0.419440	1.444999	1.617156	0.556653	0.002074	0.000758	0.005590	0.074222	0.858042	0.120422	12.211100
188.438000	80.405900	0.016455	0.377957	1.126755	0.507266	0.001554	0.002417	0.393251	1.632911	1.969635	0.785772	0.089506	0.005668	0.000740	0.004236	0.349030	1.411613	1.642467	0.592924	0.011640	0.002572	0.005574	0.049677	0.842866	0.193004	12.015500
194.062000	80.405900	0.008526	0.267293	1.228214	0.612298	0.000758	0.001739	0.330355	1.483758	1.910519	0.946605	0.220985	0.006224	0.000591	0.003155	0.347308	1.137974	1.747637	0.775520	0.088310	0.002604	0.005173	0.015343	0.812183	0.267585	12.220700
199.687000	80.405900	0.008766	0.235492	1.117250	0.676389	0.002111	0.004211	0.394444	1.382547	1.888918	1.137409	0.386362	0.006094	0.002128	0.002214	0.275231	1.025251	1.780661	0.900983	0.208505	0.003444	0.005323	0.011427	0.805602	0.404015	12.664800
205.312000	80.405900	0.008977	0.204749	1.105525	0.755682	0.000341	0.003462	0.287700	1.220343	1.830164	1.385782	0.553493	0.004330	0.003546	0.001417	0.183670	0.960547	1.766433	1.003678	0.367004	0.001472	0.006807	0.008185	0.801634	0.510382	12.975300
210.938000	80.405900	0.006863	0.160597	1.035579	0.830293	0.000867	0.002848	0.212133	1.100954	1.944550	1.543666	0.642015	0.006005	0.002111	0.001504	0.080260	0.875377	1.760236	1.148209	0.533592	0.007102	0.010432	0.006952	0.761445	0.576169	13.249800
216.562000	80.405900	0.009424	0.088312	0.985522	0.885690	0.000000	0.001124	0.076083	0.968644	1.880141	1.622506	0.748374	0.008977	0.001327	0.000000	0.010721	0.817880	1.723920	1.387648	0.607991	0.005296	0.007790	0.006170	0.753517	0.670809	13.267900
222.188000	80.405900	0.020438	0.047673	0.907766	0.949190	0.001389	0.001470	0.011582	0.888140	1.977349	1.788058	0.807599	0.002754	0.001125	0.001383	0.007948	0.781949	1.586823	1.503652	0.724226	0.007327	0.008730	0.004812	0.703643	0.672780	13.407800
227.812000	80.405900	0.052504	0.026591	0.964156	1.000539	0.000678	0.000000	0.007211	0.788594	1.801482	1.884473	0.902410	0.013053	0.003636	0.001500	0.003791	0.686399	1.535839	1.575095	0.767645	0.004375	0.005128	0.006793	0.727402	0.764571	13.523900
233.438000	80.405900	0.091187	0.007901	0.933067	0.986581	0.002117	0.000359	0.008628	0.727847	1.701855	1.900997	0.965241	0.077972	0.001360	0.001289	0.003131	0.613397	1.389389	1.693633	0.831835	0.009400	0.012535	0.004366	0.676661	0.797362	13.438100
239.062000	80.405900	0.154516	0.009618	0.824532	1.026294	0.004348	0.000758	0.007253	0.663750	1.523376	1.884168	1.000823	0.196306	0.002817	0.003055	0.004010	0.513319	1.208072	1.706107	0.885856	0.080018	0.012480	0.006591	0.567828	0.790442	13.076300
244.687000	80.405900	0.193926	0.015946	0.724241	1.103166	0.002156	0.003928	0.007022	0.581347	1.393845	1.910610	1.179458	0.284802	0.000000	0.001595	0.005311	0.384891	1.083030	1.848734	0.979111	0.197659	0.007880	0.008724	0.507757	0.797964	13.223100
250.312000	80.405900	0.223176	0.009272	0.669477	1.133925	0.003689	0.000634	0.003354	0.381763	1.142317	1.940083	1.338337	0.367786	0.001827	0.000000	0.003508	0.229178	0.903800	1.751290	1.076389	0.256225	0.009341	0.005333	0.404441	0.839317	12.694500
255.937000	80.405900	0.266781	0.014980	0.596953	1.157246	0.002631	0.000000	0.004180	0.192146	0.953101	1.865586	1.446323	0.368966	0.001531	0.000736	0.004423	0.081296	0.754012	1.723626	1.204023	0.313822	0.020389	0.005163	0.266754	0.827705	12.072400
261.562000	80.405900	0.365137	0.004525	0.534259	1.194873	0.004198	0.000736	0.006979	0.075431	0.826651	1.933840	1.656480	0.381783	0.004655	0.000619	0.003016	0.010746	0.631372	1.704060	1.371384	0.356673	0.056469	0.005809	0.200515	0.816859	12.147100
267.188000	80.405900	0.453620	0.007311	0.514292	1.220614	0.005313	0.001501	0.002848	0.008780	0.700192	1.986148	1.875357	0.568548	0.008911	0.000736	0.002248	0.003036	0.557777	1.615381	1.489967	0.358465	0.066085	0.009371	0.138033	0.831207	12.425700
272.812000	80.405900	0.570812	0.003845	0.470712	1.157619	0.011571	0.003188	0.002465	0.004688	0.511486	1.758336	1.906765	0.705791	0.002779	0.000000	0.000610	0.001006	0.384686	1.491957	1.596165	0.568186	0.140565	0.010580	0.074822	0.878460	12.257100
278.438000	80.405900	0.540531	0.005417	0.365889	1.187522	0.089921	0.001845	0.003321	0.004671	0.384900	1.695363	1.963302	0.814621	0.011763	0.003992	0.001837	0.001357	0.322936	1.399930	1.682289	0.662733	0.197997	0.008875	0.045844	0.807106	12.204000
284.062000	80.405900	0.577190	0.007959	0.292020	1.161928	0.184676	0.006000	0.000000	0.005632	0.355868	1.532277	1.866615	0.982343	0.084910	0.000764	0.000578	0.001438	0.362198	1.198425	1.766275	0.804985	0.277533	0.007521	0.022847	0.822957	12.322900
289.688000	80.405900	0.683187	0.006318	0.223476	1.123276	0.403021	0.008158	0.002044	0.004580	0.389012	1.361025	1.855509	1.176880	0.226488	0.004161	0.001920	0.002889	0.273982	1.074556	1.769204	0.897561	0.382154	0.006536	0.012081	0.824457	12.712500
295.312000	80.405900	0.738826	0.011057	0.221109	1.049998	0.578712	0.005125	0.000173	0.000928	0.319684	1.176144	1.790467	1.323567	0.382911	0.002898	0.001353	0.000735	0.173791	0.944798	1.786655	1.013532	0.467428	0.008790	0.008543	0.793571	12.800800
300.938000	80.405900	0.813824	0.011756	0.150328	1.033758	0.646911	0.006444	0.003426	0.005227	0.201485	1.060390	1.927450	1.551967	0.526673	0.008928	0.000000	0.000000	0.079662	0.894736	1.702262	1.152247	0.588067	0.014988	0.010697	0.797377	13.188600
306.562000	80.405900	0.907111	0.015533	0.094725	0.987749	0.763440	0.005333	0.001857	0.001407	0.067777	1.002770	1.893905	1.628149	0.665243	0.007751	0.000614	0.000753	0.011426	0.783743	1.680592	1.375569	0.624966	0.008575	0.007994	0.772053	13.309000
312.187000	80.405900	0.912888	0.019371	0.049800	0.960851	0.869354	0.005179	0.000880	0.000128	0.009083	0.893727	1.876228	1.760926	0.672002	0.008205	0.001481	0.000000	0.003915	0.771595	1.669170	1.446775	0.724750	0.007195	0.008349	0.759507	13.431400
317.812000	80.405900	0.996299	0.051002	0.021762	0.891104	0.884478	0.007456	0.000755	0.001515	0.002575	0.823720	1.840060	1.918764	0.765390	0.005320	0.000000	0.001370	0.004021	0.745822	1.462009	1.595238	0.730156	0.006230	0.007987	0.711227	13.474300
323.438000	80.405900	0.958012	0.085533	0.009125	0.910825	1.003182	0.065994	0.001323	0.002039	0.008941	0.776595	1.661524	1.885061	0.828925	0.016662	0.002031	0.000000	0.005904	0.643707	1.375162	1.709806	0.731603	0.014272	0.006976	0.657011	13.360200
329.062000	80.405900	1.013383	0.159749	0.012178	0.794041	1.072840	0.189238	0.004978	0.002215	0.004550	0.645256	1.473296	1.920076	0.922685	0.087432	0.002061	0.000000	0.005144	0.555613	1.191198	1.781407	0.785067	0.013203	0.004937	0.591424	13.232000
334.688000	80.405900	1.073267	0.214165	0.011634	0.722942	1.171835	0.292094	0.003019	0.001296	0.006093	0.571207	1.359815	1.909524	1.033042	0.197876	0.001286	0.000896	0.005941	0.396221	1.033221	1.766015	0.828886	0.011566	0.004609	0.482991	13.099400
340.312000	80.405900	1.092029	0.195692	0.006261	0.664100	1.420208	0.398216	0.002086	0.000121	0.005797	0.399583	1.070116	1.845206	1.050407	0.278759	0.001821	0.000000	0.003014	0.243920	0.926707	1.804739	0.809326	0.012143	0.008288	0.397110	12.635700
345.938000	80.405900	1.150731	0.244609	0.005496	0.622602	1.528352	0.348404	0.001509	0.000951	0.004102	0.207592	0.948966	1.848485	1.204588	0.301100	0.001358	0.002091	0.001369	0.082715	0.767558	1.745182	0.840406	0.018507	0.007673	0.262889	12.147200
351.562000	80.405900	1.141401	0.267505	0.006165	0.536777	1.689629	0.371804	0.002119	0.000751	0.004665	0.072608	0.789506	1.942741	1.371350	0.340457	0.003959	0.002724	0.003823	0.012757	0.631966	1.637197	0.835271	0.050621	0.008018	0.188931	11.912700
357.187000	80.405900	1.192340	0.194598	0.008872	0.535209	1.766535	0.539863	0.006605	0.000579	0.000000	0.017399	0.661792	1.925109	1.559556	0.401476	0.002577	0.001253	0.000000	0.004511	0.509186	1.560506	0.855303	0.070406	0.006678	0.147506	11.967900
0.000000	82.819200	1.106871	0.158780	0.004595	0.460131	1.894946	0.579031	0.002840	0.001505	0.000736	0.005481	0.608224	1.819781	1.623026	0.479947	0.002505	0.002006	0.000000	0.002628	0.513264	1.625424	0.858034	0.155289	0.005199	0.152493	12.062700
5.625000	82.819200	1.123204	0.119393	0.010329	0.375336	1.933569	0.712365	0.033712	0.001106	0.001796	0.002335	0.438735	1.738939	1.681181	0.611043	0.008714	0.001345	0.000000	0.004095	0.353600	1.517042	0.892925	0.220878	0.009236	0.080670	11.871600
11.250000	82.819200	1.143448	0.217396	0.006194	0.263421	1.964976	0.886737	0.133075	0.004025	0.001145	0.002646	0.371810	1.543677	1.798349	0.788907	0.042315	0.002848	0.000155	0.002674	0.338158	1.348098	0.813873	0.282511	0.007814	0.067375	12.031600
16.875000	82.819200	1.126753	0.387164	0.005704	0.201283	1.940829	1.034740	0.252468	0.008019	0.000788	0.000165	0.390723	1.401717	1.870811	0.874561	0.166198	0.003500	0.000238	0.003061	0.353281	1.200302	0.853226	0.373772	0.004321	0.017299	12.470900
22.500000	82.819200	1.096006	0.523476	0.007577	0.188282	1.912883	1.184729	0.471729	0.005056	0.000617	0.005718	0.320681	1.228520	1.878988	0.999165	0.338497	0.006031	0.000785	0.000940	0.234451	1.014489	0.838916	0.487138	0.010978	0.008781	12.764400
28.125000	82.819200	0.985630	0.699674	0.012907	0.127242	1.958382	1.441652	0.607809	0.008761	0.002705	0.004025	0.250387	1.084758	1.804875	1.221700	0.534376	0.005104	0.000000	0.002052	0.155159	0.988981	0.804725	0.568964	0.008668	0.008462	13.287000
33.750000	82.819200	0.997827	0.760390	0.006417	0.064906	1.945331	1.585907	0.701168	0.004359	0.002279	0.002860	0.115925	1.019834	1.732323	1.328147	0.622086	0.006738	0.000000	0.003501	0.039548	0.915771	0.768387	0.683815	0.007622	0.011501	13.326600
39.375000	82.819200	0.996956	0.915397	0.009805	0.037011	1.941644	1.704682	0.774265	0.003708	0.000995	0.000720	0.026629	0.897115	1.760462	1.475479	0.689955	0.006107	0.002266	0.000739	0.007036	0.827296	0.784959	0.707714	0.007223	0.007947	13.586100
45.000000	82.819200	0.939615	0.942822	0.006391	0.011248	1.839483	1.851573	0.835136	0.003535	0.000000	0.000000	0.009782	0.838508	1.585150	1.582458	0.800179	0.007859	0.000560	0.000000	0.005365	0.795834	0.730286	0.753753	0.004630	0.002505	13.546700
50.625000	82.819200	0.885890	0.931750	0.047662	0.008918	1.700351	1.878649	0.947871	0.027074	0.002291	0.001326	0.003769	0.752628	1.476384	1.730830	0.800104	0.002875	0.003024	0.000752	0.004854	0.723627	0.675893	0.831859	0.017729	0.005544	13.461600
56.250000	82.819200	0.810969	1.001945	0.069067	0.007848	1.503901	1.952184	0.968816	0.122419	0.004418	0.000747	0.004267	0.685057	1.314417	1.827189	0.882486	0.058938	0.000601	0.001449	0.003630	0.597313	0.657298	0.820993	0.004267	0.005948	13.306200
61.875000	82.819200	0.684459	1.016883	0.128885	0.009559	1.367765	1.944641	1.091774	0.265265	0.001082	0.000000	0.006582	0.616378	1.187613	1.897491	0.950533	0.153988	0.001245	0.000000	0.006451	0.473092	0.566039	0.827901	0.008187	0.008528	13.214300
67.500000	82.819200	0.519151	0.991943	0.181171	0.010831	1.191243	1.903926	1.276428	0.357454	0.001484	0.000744	0.003910	0.465867	1.005821	1.841643	1.080472	0.234141	0.001594	0.001369	0.003693	0.297335	0.483795	0.852546	0.007653	0.008392	12.722600
73.125000	82.819200	0.380155	1.066982	0.204006	0.009354	1.045230	1.919522	1.420525	0.396430	0.002981	0.000742	0.005880	0.274897	0.828170	1.836735	1.173555	0.315632	0.002316	0.002170	0.005375	0.163763	0.409044	0.865371	0.026429	0.005606	12.360900
78.750000	82.819200	0.216536	1.093914	0.274359	0.011612	0.888356	1.983705	1.615754	0.345804	0.001469	0.001424	0.005484	0.118376	0.750947	1.829508	1.369518	0.328870	0.002242	0.000539	0.003017	0.058268	0.308832	0.885082	0.058559	0.005819	12.158000
84.375000	82.819200	0.122386	1.106049	0.367159	0.008466	0.747646	1.932291	1.730570	0.420238	0.005356	0.000000	0.005727	0.032179	0.625846	1.691665	1.514068	0.352156	0.000000	0.000561	0.002597	0.007323	0.224213	0.892534	0.075520	0.009608	11.874200
90.000000	82.819200	0.142285	1.066049	0.460063	0.000743	0.567433	1.881759	1.833444	0.577027	0.001173	0.002097	0.000000	0.003662	0.526630	1.579246	1.592377	0.504846	0.003909	0.000328	0.000576	0.002497	0.155569	0.881104	0.146946	0.006362	11.936100
95.625000	82.819200	0.220161	1.106837	0.490390	0.006189	0.443809	1.727403	1.908144	0.734988	0.029321	0.004125	0.002035	0.001923	0.358098	1.522381	1.690308	0.580679	0.005242	0.000989	0.000751	0.001732	0.089871	0.857013	0.229337	0.009492	12.021200
101.250000	82.819200	0.212982	1.101725	0.537691	0.006668	0.365472	1.568875	1.923492	0.838690	0.126877	0.003400	0.000678	0.002134	0.311303	1.332739	1.737876	0.717465	0.042235	0.002638	0.001516	0.004456	0.061805	0.882686	0.293525	0.004111	12.081000
106.875000	82.819200	0.187365	1.111603	0.616818	0.006164	0.370946	1.443631	1.946224	1.011976	0.276652	0.006386	0.002175	0.003504	0.341851	1.128136	1.849492	0.820609	0.153276	0.004482	0.000758	0.001273	0.019879	0.866957	0.400591	0.005703	12.576400
112.500000	82.819200	0.186649	1.050498	0.695052	0.010128	0.356358	1.174222	1.962352	1.182896	0.439672	0.005705	0.001294	0.004128	0.253642	1.047769	1.887267	1.010559	0.308524	0.006715	0.001899	0.000000	0.008723	0.808568	0.509243	0.011838	12.923700
118.125000	82.819200	0.136158	0.990063	0.756111	0.012939	0.252221	1.051161	2.004266	1.402384	0.602661	0.007788	0.001493	0.002465	0.150767	0.949483	1.757770	1.141401	0.479573	0.010113	0.003686	0.000765	0.011981	0.828352	0.584987	0.008692	13.147300
123.750000	82.819200	0.068488	0.958789	0.801729	0.007014	0.109338	1.063390	1.920325	1.544582	0.715108	0.007952	0.000869	0.003383	0.040174	0.894654	1.765698	1.347826	0.583724	0.005157	0.001493	0.007312	0.006937	0.848616	0.662388	0.013154	13.378100
129.375000	82.819200	0.028773	0.991311	0.926023	0.006720	0.018597	0.958526	1.912431	1.719611	0.827227	0.004891	0.001503	0.001516	0.006191	0.839247	1.733579	1.411014	0.721929	0.002166	0.000937	0.001609	0.008274	0.752769	0.672289	0.008523	13.555700
135.000000	82.819200	0.008389	0.914378	0.911557	0.013560	0.002703	0.846635	1.924962	1.819544	0.869156	0.005658	0.000000	0.000000	0.004234	0.772023	1.701753	1.623082	0.775992	0.007220	0.001925	0.000748	0.004332	0.770300	0.793356	0.003832	13.775300
140.625000	82.819200	0.005851	0.830380	0.936634	0.050649	0.008560	0.812412	1.741054	1.990773	0.910443	0.021067	0.000737	0.000000	0.003556	0.688972	1.443540	1.697840	0.849267	0.007463	0.000758	0.000000	0.012989	0.729931	0.782311	0.009821	13.535000
146.250000	82.819200	0.011472	0.829059	0.989607	0.093711	0.005449	0.703916	1.595509	1.934824	0.985242	0.120763	0.004367	0.000581	0.009247	0.639794	1.329052	1.780322	0.894777	0.039818	0.002218	0.000000	0.003426	0.636510	0.833864	0.005403	13.448900
151.875000	82.819200	0.013458	0.810439	1.008542	0.124088	0.005887	0.582069	1.370253	1.881182	1.107888	0.252581	0.003726	0.000000	0.005782	0.505040	1.196468	1.823909	0.978973	0.162390	0.005003	0.002013	0.009466	0.576226	0.802323	0.009306	13.237000
157.500000	82.819200	0.009595	0.737484	1.100060	0.185406	0.005029	0.466166	1.218284	1.896224	1.248583	0.332783	0.002860	0.001409	0.004154	0.318139	1.025953	1.792333	1.018955	0.231876	0.001591	0.003666	0.003488	0.504286	0.845995	0.009838	12.964100
163.125000	82.819200	0.008203	0.638492	1.053641	0.206853	0.010924	0.280135	1.022029	1.883172	1.454002	0.368567	0.004744	0.000000	0.004775	0.162359	0.831294	1.785309	1.164744	0.323234	0.002617	0.000785	0.008428	0.373904	0.843463	0.019319	12.451000
168.750000	82.819200	0.009681	0.514894	1.098401	0.268213	0.007950	0.115688	0.875795	1.908269	1.542863	0.392377	0.002774	0.001566	0.001632	0.043581	0.728745	1.804230	1.386087	0.337052	0.003599	0.001347	0.008371	0.296531	0.861983	0.058701	12.270300
174.375000	82.819200	0.009817	0.490344	1.111668	0.366693	0.001873	0.025288	0.734746	1.949877	1.646403	0.471021	0.003256	0.001314	0.001969	0.004885	0.652063	1.724938	1.458843	0.338880	0.002573	0.000585	0.014815	0.201947	0.889336	0.076518	12.179700
180.000000	82.819200	0.004648	0.443285	1.144771	0.466339	0.000743	0.001587	0.609787	1.875267	1.822835	0.577787	0.005908	0.001192	0.000521	0.003777	0.515882	1.652827	1.615889	0.458270	0.001516	0.002484	0.007733	0.159848	0.877528	0.145776	12.396200
185.625000	82.819200	0.008927	0.371175	1.105355	0.500522	0.001628	0.002169	0.413287	1.713300	1.879847	0.717193	0.031385	0.003606	0.001999	0.004699	0.339545	1.489164	1.792943	0.618887	0.007888	0.001839	0.004677	0.080896	0.881219	0.225793	12.197900
191.250000	82.819200	0.010511	0.282793	1.106080	0.475056	0.001505	0.003286	0.382810	1.566703	1.933682	0.881548	0.120567	0.008716	0.002212	0.004435	0.334300	1.336890	1.773909	0.754235	0.037548	0.001965	0.010483	0.065318	0.860508	0.279448	12.234500
196.875000	82.819200	0.006818	0.182380	1.088679	0.621445	0.001493	0.005399	0.400961	1.404872	1.950262	0.974330	0.261119	0.004738	0.000149	0.002789	0.333823	1.157223	1.774735	0.850179	0.151650	0.002819	0.007131	0.018113	0.860903	0.395932	12.457900
202.500000	82.819200	0.003907	0.178782	1.072105	0.687076	0.002834	0.001240	0.319169	1.204193	1.885853	1.203729	0.477062	0.003452	0.000735	0.003507	0.243575	1.089237	1.884722	0.985770	0.317707	0.003983	0.010618	0.008782	0.852576	0.492407	12.933000
208.125000	82.819200	0.012696	0.141297	1.020631	0.794145	0.001887	0.003544	0.231692	1.084826	1.918809	1.321961	0.583877	0.006169	0.003303	0.001378	0.167902	0.987353	1.781125	1.190395	0.520181	0.002044	0.007404	0.005904	0.808678	0.586516	13.183700
213.750000	82.819200	0.004834	0.071046	1.008700	0.886490	0.000000	0.001494	0.093993	1.001227	1.932076	1.514419	0.688238	0.004033	0.002846	0.002246	0.048514	0.884538	1.807703	1.364712	0.632444	0.004117	0.008890	0.003501	0.823518	0.671648	13.461200
219.375000	82.819200	0.006679	0.036537	0.991106	0.813033	0.000000	0.000602	0.029754	0.944098	1.905464	1.715404	0.782756	0.009388	0.000000	0.001406	0.005804	0.880058	1.698417	1.460415	0.672859	0.003540	0.008217	0.008602	0.775084	0.673220	13.422500
225.000000	82.819200	0.010701	0.014898	0.911523	0.924186	0.000000	0.000632	0.002855	0.831037	1.812532	1.826590	0.877582	0.005500	0.001342	0.001494	0.004339	0.797372	1.661377	1.592015	0.759338	0.004791	0.005272	0.003096	0.743964	0.710490	13.502900
230.625000	82.819200	0.039514	0.005469	0.885505	0.956383	0.001897	0.000000	0.009441	0.801987	1.741507	1.928739	0.925410	0.017046	0.000747	0.001527	0.006461	0.678330	1.540307	1.709093	0.834649	0.006313	0.008081	0.010724	0.743918	0.755385	13.608400
236.250000	82.819200	0.066450	0.009396	0.871887	1.023629	0.002105	0.000000	0.005770	0.729391	1.569995	1.944573	0.995925	0.118089	0.004460	0.000000	0.008547	0.559564	1.361002	1.788600	0.823988	0.043748	0.012748	0.005347	0.666279	0.828017	13.439500
241.875000	82.819200	0.128750	0.016659	0.774086	0.997425	0.002664	0.000742	0.002866	0.614618	1.384492	1.881058	1.027374	0.242072	0.002469	0.001508	0.007007	0.560222	1.153027	1.809015	0.914993	0.165890	0.011773	0.010641	0.603073	0.821537	13.134000
247.500000	82.819200	0.191502	0.010119	0.689093	1.057437	0.004267	0.001483	0.005651	0.435930	1.252101	1.883534	1.221033	0.347000	0.002543	0.001474	0.001523	0.310330	1.017406	1.796585	1.055112	0.215006	0.011431	0.014169	0.505891	0.832006	12.862600
253.125000	82.819200	0.236925	0.010331	0.601720	1.039406	0.001677	0.000758	0.009754	0.280795	0.979097	1.912159	1.436913	0.368380	0.000738	0.000000	0.004401	0.175766	0.850684	1.877054	1.202304	0.363536	0.022018	0.005785	0.385606	0.820694	12.586500
258.750000	82.819200	0.280005	0.011106	0.506208	1.067271	0.000918	0.001349	0.003155	0.113734	0.872032	1.929237	1.494570	0.348929	0.002820	0.004820	0.002332	0.054354	0.689532	1.781113	1.314146	0.318297	0.054733	0.006037	0.298278	0.918612	12.073600
264.375000	82.819200	0.377348	0.009362	0.488236	1.097440	0.008207	0.000838	0.008835	0.032625	0.740463	1.887617	1.652443	0.450964	0.002701	0.000738	0.004123	0.005471	0.639945	1.754863	1.509680	0.344945	0.072585	0.010985	0.196771	0.843946	12.141100
270.000000	82.819200	0.460381	0.005465	0.460414	1.183303	0.005057	0.001367	0.001324	0.003468	0.586865	1.814850	1.842152	0.574686	0.003857	0.001455	0.003239	0.002592	0.484635	1.622415	1.614668	0.498404	0.136847	0.005893	0.136839	0.870758	12.320900
275.625000	82.819200	0.496371	0.011061	0.390964	1.133100	0.030818	0.003880	0.002734	0.004101	0.417463	1.696890	2.009253	0.724558	0.008838	0.000000	0.000627	0.002769	0.355003	1.468422	1.663040	0.620775	0.193687	0.015942	0.086234	0.851527	12.188100
281.250000	82.819200	0.523723	0.012187	0.265231	1.059516	0.121720	0.003377	0.002696	0.005063	0.379258	1.554851	1.886113	0.867970	0.044007	0.002765	0.000000	0.001559	0.335339	1.337987	1.773083	0.709262	0.270259	0.007990	0.070491	0.912968	12.147400
286.875000	82.819200	0.582815	0.004022	0.242113	1.090741	0.317582	0.006399	0.002523	0.003757	0.360836	1.445452	1.971004	0.988989	0.147396	0.004105	0.001248	0.001770	0.350633	1.243675	1.813459	0.860682	0.357624	0.010579	0.015930	0.860698	12.684000
292.500000	82.819200	0.683511	0.012197	0.211863	1.059215	0.421691	0.004203	0.000577	0.001345	0.320291	1.256319	1.846563	1.224313	0.297075	0.004143	0.001312	0.001554	0.237932	1.032040	1.808291	0.932663	0.504724	0.009320	0.006657	0.825278	12.703100
298.125000	82.819200	0.773560	0.011129	0.121154	0.975023	0.615808	0.007068	0.000968	0.005850	0.242087	1.055183	1.884111	1.373239	0.487860	0.005149	0.000736	0.000000	0.152273	0.940117	1.785784	1.185418	0.582766	0.005774	0.008727	0.899937	13.119700
303.750000	82.819200	0.795873	0.007798	0.075491	1.005168	0.750278	0.005665	0.001495	0.003494	0.114271	0.976987	1.953994	1.530049	0.625212	0.004314	0.001655	0.003558	0.057875	0.883540	1.866185	1.310968	0.668525	0.009956	0.004149	0.809771	13.466300
309.375000	82.819200	0.917355	0.004451	0.029725	1.002894	0.792103	0.004034	0.000582	0.000000	0.022393	0.961170	1.981160	1.712938	0.709199	0.002837	0.002578	0.001061	0.005129	0.795250	1.672574	1.500711	0.755272	0.009429	0.011895	0.788662	13.683400
315.000000	82.819200	0.925938	0.008112	0.011294	0.923984	0.847640	0.003350	0.000000	0.000000	0.005854	0.844567	1.844640	1.830955	0.810649	0.005954	0.000258	0.000000	0.006173	0.742300	1.589538	1.556728	0.761102	0.005581	0.005952	0.728932	13.459500
320.625000	82.819200	0.934155	0.030199	0.003010	0.879913	0.933497	0.027863	0.002838	0.000745	0.003722	0.749736	1.704456	1.898520	0.836228	0.004020	0.000850	0.000586	0.006528	0.710985	1.443597	1.701776	0.826679	0.007480	0.009605	0.726501	13.443500
326.250000	82.819200	0.990433	0.083138	0.012851	0.857994	0.949012	0.108005	0.003311	0.000000	0.004939	0.735950	1.523941	1.974329	0.882050	0.052388	0.003350	0.001228	0.003591	0.639532	1.340735	1.724938	0.801948	0.010045	0.004114	0.678050	13.385900
331.875000	82.819200	1.032667	0.130428	0.010357	0.744433	1.106093	0.252832	0.003181	0.003468	0.004235	0.595676	1.428148	1.952569	0.971281	0.155110	0.000758	0.001504	0.003342	0.484210	1.196581	1.815144	0.834293	0.009395	0.008786	0.631368	13.375900
337.500000	82.819200	1.109163	0.158077	0.011374	0.718798	1.219359	0.328133	0.004161	0.000763	0.003775	0.472526	1.218284	1.931375	1.044777	0.225646	0.003192	0.000578	0.003979	0.308976	0.993970	1.881940	0.833673	0.009943	0.008485	0.529742	13.020700
343.125000	82.819200	1.079421	0.200313	0.002974	0.639988	1.407225	0.378403	0.000736	0.000000	0.008128	0.281852	1.014339	1.949063	1.162460	0.357436	0.002970	0.001514	0.006448	0.147457	0.853207	1.815438	0.812031	0.023588	0.006505	0.405577	12.557100
348.750000	82.819200	1.141605	0.228849	0.008606	0.526390	1.607215	0.347001	0.000741	0.000000	0.004212	0.133310	0.876588	1.902433	1.342364	0.337053	0.003970	0.000986	0.002944	0.046849	0.743402	1.792514	0.881182	0.070988	0.007564	0.270641	12.277400
354.375000	82.819200	1.101955	0.202079	0.010380	0.518142	1.785818	0.430600	0.001866	0.000000	0.003572	0.030144	0.712667	1.950578	1.486631	0.368054	0.001493	0.002244	0.000910	0.005957	0.621029	1.683363	0.882668	0.083162	0.007666	0.214047	12.105000
2.812500	85.219800	1.068859	0.133186	0.008429	0.360484	1.906493	0.660859	0.006965	0.003605	0.001975	0.004698	0.483345	1.750147	1.665607	0.530293	0.006037	0.000000	0.002239	0.003633	0.427295	1.594548	0.913483	0.239831	0.005979	0.140020	11.918000
8.437500	85.219800	1.033499	0.120185	0.008118	0.241760	1.962702	0.763300	0.052818	0.004432	0.002098	0.004465	0.375656	1.556841	1.837051	0.699329	0.020179	0.005014	0.000000	0.002997	0.349311	1.491675	0.913005	0.307721	0.009586	0.077715	11.839500
14.062500	85.219800	0.999866	0.281765	0.012043	0.199633	2.018426	0.931326	0.179820	0.012905	0.002194	0.001279	0.353480	1.457655	1.869883	0.853940	0.115504	0.006470	0.000000	0.000949	0.340819	1.228056	0.912599	0.394340	0.007593	0.076668	12.257200
19.687500	85.219800	1.019807	0.415462	0.006996	0.143510	1.996756	1.124007	0.348015	0.004100	0.000617	0.001422	0.350624	1.268828	1.869974	0.982535	0.262817	0.006140	0.000612	0.000609	0.278339	1.158694	0.904288	0.492880	0.006954	0.022343	12.666300
25.312500	85.219800	0.996652	0.611901	0.010257	0.117927	1.967520	1.273555	0.517002	0.005809	0.001502	0.000759	0.262473	1.097421	1.902750	1.104144	0.446404	0.002768	0.000368	0.005773	0.221882	1.066549	0.856552	0.587538	0.009472	0.009781	13.076800
30.937500	85.219800	0.924822	0.732145	0.012120	0.073148	1.944053	1.437399	0.625519	0.008889	0.001589	0.006430	0.147624	1.043096	1.954673	1.277581	0.601072	0.005870	0.000898	0.002827	0.119905	0.952646	0.845795	0.623503	0.011591	0.012446	13.365600
36.562500	85.219800	0.927661	0.822157	0.009435	0.023175	1.881499	1.527255	0.746658	0.008048	0.003004	0.001516	0.049749	0.943106	1.766490	1.475807	0.664330	0.008687	0.002813	0.002851	0.029312	0.911129	0.838181	0.735259	0.011779	0.003972	13.393900
42.187500	85.219800	0.886296	0.901032	0.010639	0.011571	1.843204	1.758743	0.876473	0.007561	0.001516	0.001644	0.004588	0.913382	1.678613	1.557203	0.763910	0.005921	0.000758	0.000735	0.005275	0.825123	0.752751	0.749905	0.009469	0.007848	13.574200
47.812500	85.219800	0.841713	0.931849	0.011891	0.006049	1.750916	1.860689	0.873612	0.006512	0.000855	0.000538	0.004799	0.800375	1.618717	1.714488	0.849609	0.005577	0.001350	0.003752	0.005209	0.750964	0.787756	0.773647	0.011775	0.006917	13.619600
53.437500	85.219800	0.836607	0.916129	0.031001	0.011279	1.669283	1.917045	1.014689	0.049283	0.001635	0.002256	0.005376	0.738189	1.460098	1.814997	0.876520	0.023137	0.002876	0.000620	0.004440	0.722022	0.753824	0.830381	0.009317	0.008600	13.699600
59.062500	85.219800	0.719359	0.936809	0.069385	0.010419	1.424800	1.943894	1.012572	0.182360	0.005645	0.000000	0.006882	0.668229	1.304024	1.786893	0.947649	0.121152	0.003352	0.000770	0.003079	0.591740	0.651445	0.832701	0.009507	0.007355	13.240000
64.687500	85.219800	0.559531	1.017576	0.126166	0.011749	1.346661	1.994833	1.140496	0.285207	0.002649	0.001493	0.004797	0.560971	1.124164	1.894912	0.992634	0.219316	0.001479	0.001499	0.006342	0.467397	0.562388	0.832522	0.010894	0.009086	13.174800
70.312500	85.219800	0.433364	0.963420	0.151798	0.011924	1.086886	1.915846	1.234231	0.379960	0.002243	0.002096	0.006404	0.336937	0.949918	1.985401	1.135045	0.327664	0.000000	0.001590	0.003488	0.288028	0.483009	0.885066	0.022995	0.006725	12.614000
75.937500	85.219800	0.298394	1.020146	0.168220	0.010865	0.897749	2.008439	1.507237	0.367986	0.005528	0.002999	0.007592	0.169300	0.794994	1.878965	1.291051	0.360057	0.001369	0.000809	0.006132	0.119199	0.392911	0.900077	0.073055	0.008276	12.291400
81.562500	85.219800	0.140971	1.056348	0.267501	0.011151	0.789352	1.930662	1.589334	0.354094	0.007944	0.001429	0.006749	0.059166	0.683719	1.782244	1.441120	0.322995	0.004054	0.002095	0.002623	0.030259	0.310414	0.894513	0.095463	0.011872	11.796100
87.187500	85.219800	0.115103	1.043357	0.367328	0.005068	0.650172	1.906674	1.680638	0.503901	0.005489	0.000758	0.000612	0.006016	0.623504	1.836237	1.570832	0.437871	0.004120	0.000608	0.001679	0.003754	0.220989	0.875188	0.151748	0.007071	12.018700
92.812500	85.219800	0.162168	1.052726	0.478102	0.009688	0.514116	1.772303	1.922293	0.630454	0.007584	0.001426	0.001819	0.003908	0.406076	1.556016	1.617484	0.574376	0.002301	0.000000	0.000000	0.003123	0.160516	0.935343	0.208240	0.008646	12.028700
98.437500	85.219800	0.198027	1.029770	0.471685	0.003391	0.381191	1.573546	1.984836	0.780445	0.060017	0.003328	0.000000	0.003982	0.374705	1.424212	1.762351	0.684853	0.025920	0.005005	0.000635	0.002614	0.087034	0.905043	0.328562	0.010014	12.101200
104.062000	85.219800	0.178587	1.070385	0.549688	0.006938	0.371188	1.393993	1.967577	0.861476	0.164545	0.006876	0.000000	0.000735	0.358124	1.307405	1.833545	0.818627	0.109229	0.004279	0.001456	0.004283	0.071412	0.874992	0.391139	0.006938	12.353400
109.688000	85.219800	0.134958	1.005398	0.631381	0.008573	0.337282	1.312777	1.954130	1.017318	0.360034	0.008129	0.002291	0.001294	0.304404	1.125907	1.924589	1.009684	0.269979	0.003086	0.002767	0.002114	0.026744	0.818548	0.464878	0.003985	12.730300
115.312000	85.219800	0.105560	0.982060	0.700386	0.009378	0.290640	1.124341	1.942503	1.265944	0.522814	0.004605	0.000432	0.002384	0.230776	1.050540	1.890456	1.068790	0.467782	0.007027	0.001475	0.001820	0.009699	0.874400	0.582032	0.016763	13.152600
120.938000	85.219800	0.055771	0.988541	0.785227	0.008101	0.191921	1.048244	1.938771	1.472233	0.663918	0.003808	0.001649	0.005080	0.105996	0.950987	1.821206	1.294557	0.562559	0.007079	0.000757	0.002738	0.013101	0.810515	0.642358	0.005971	13.381100
126.562000	85.219800	0.023240	0.936038	0.844971	0.010011	0.047963	0.915375	1.939868	1.576328	0.760253	0.008958	0.000790	0.002310	0.015727	0.881407	1.807058	1.526407	0.691349	0.006260	0.000758	0.000822	0.014349	0.837676	0.706708	0.004744	13.559400
132.188000	85.219800	0.010573	0.889319	0.895501	0.007509	0.007889	0.867071	1.854163	1.781034	0.852714	0.004082	0.001201	0.000747	0.006817	0.815454	1.686474	1.576486	0.770279	0.007000	0.000424	0.000727	0.010507	0.786601	0.798353	0.004321	13.635300
137.812000	85.219800	0.004614	0.896272	0.906195	0.011862	0.007665	0.831571	1.827133	1.799379	0.865568	0.002373	0.000900	0.002063	0.009602	0.778342	1.559205	1.694447	0.835989	0.002457	0.001600	0.000000	0.011536	0.770621	0.739530	0.012155	13.571100
143.437000	85.219800	0.009757	0.865156	0.942294	0.029390	0.006278	0.794632	1.647127	1.921151	0.979378	0.049919	0.001794	0.001294	0.003484	0.680754	1.540521	1.828705	0.879241	0.018347	0.004340	0.001357	0.014857	0.721275	0.810642	0.012249	13.763900
149.062000	85.219800	0.013820	0.785144	0.972844	0.057749	0.006725	0.647684	1.447182	1.989744	0.991122	0.160801	0.006044	0.000764	0.005347	0.574966	1.330534	1.792140	0.941647	0.108309	0.002307	0.001471	0.008662	0.675051	0.829458	0.010524	13.360000
154.688000	85.219800	0.012308	0.760676	0.933924	0.092675	0.003767	0.536813	1.281574	1.987052	1.127567	0.268617	0.000576	0.001111	0.000735	0.440914	1.116086	1.853824	1.002645	0.220344	0.002017	0.002283	0.008933	0.573109	0.878620	0.011370	13.117500
160.312000	85.219800	0.008477	0.598954	0.983333	0.175662	0.008685	0.342475	1.060889	1.955521	1.305030	0.369466	0.000741	0.000735	0.007859	0.270736	0.944423	1.844731	1.166214	0.293084	0.002537	0.001333	0.011342	0.470206	0.871706	0.025556	12.719700
165.938000	85.219800	0.008932	0.547758	1.022943	0.180393	0.004573	0.183003	0.909378	1.965168	1.473556	0.354282	0.003214	0.001509	0.007554	0.125436	0.846987	1.819318	1.299443	0.375784	0.004725	0.000169	0.005588	0.374373	0.900030	0.066706	12.480800
171.562000	85.219800	0.010159	0.469044	0.998378	0.247694	0.004535	0.058139	0.754816	1.931816	1.545667	0.389499	0.002662	0.001045	0.000535	0.021336	0.720042	1.832516	1.496244	0.393134	0.002866	0.001533	0.010755	0.289337	0.883909	0.074734	12.140400
177.188000	85.219800	0.006977	0.494529	1.035353	0.360486	0.000576	0.006460	0.639594	1.926986	1.809659	0.490138	0.009444	0.000000	0.000730	0.006426	0.582188	1.686044	1.566036	0.437214	0.002329	0.000570	0.005060	0.240646	0.861790	0.133796	12.303000
182.812000	85.219800	0.006952	0.366011	1.040265	0.448770	0.002711	0.006451	0.510767	1.740930	1.918323	0.626273	0.004510	0.000847	0.001314	0.002639	0.420249	1.523828	1.739448	0.615842	0.004071	0.000682	0.004943	0.147630	0.906429	0.215984	12.255900
188.438000	85.219800	0.006542	0.281529	1.043917	0.448556	0.001338	0.006628	0.390413	1.632164	1.972044	0.800176	0.055486	0.007236	0.002970	0.003476	0.390933	1.423443	1.806504	0.725381	0.023097	0.000929	0.009151	0.089457	0.899080	0.290307	12.310700
194.062000	85.219800	0.007679	0.208823	1.007551	0.553942	0.000735	0.003187	0.368701	1.439345	1.942537	0.903903	0.165913	0.010014	0.000000	0.001565	0.362786	1.311194	1.803846	0.795615	0.100890	0.007071	0.006192	0.070956	0.921835	0.373589	12.367900
199.687000	85.219800	0.015024	0.157169	1.018392	0.603725	0.001836	0.001223	0.395583	1.287986	2.012352	1.070069	0.343322	0.009443	0.000737	0.001486	0.269083	1.167798	1.860745	0.997289	0.252516	0.005601	0.014296	0.026392	0.854269	0.505296	12.871600
205.312000	85.219800	0.011946	0.102737	1.007300	0.705466	0.000000	0.003583	0.274037	1.101780	1.976048	1.279108	0.514726	0.003878	0.000626	0.001268	0.205692	1.090200	1.873401	1.137386	0.439911	0.004775	0.006801	0.006134	0.889594	0.585509	13.221900
210.938000	85.219800	0.008029	0.075824	0.968485	0.730516	0.000737	0.006759	0.151981	0.994236	2.023492	1.441787	0.594830	0.003085	0.001550	0.003343	0.110649	0.997645	1.836735	1.317109	0.584594	0.004038	0.009668	0.010008	0.830362	0.655477	13.360900
216.562000	85.219800	0.007992	0.023325	0.934688	0.824888	0.001402	0.001975	0.048570	0.930776	1.962148	1.580456	0.766868	0.003526	0.002788	0.002264	0.018223	0.901380	1.766422	1.467189	0.694003	0.006244	0.012744	0.010478	0.824450	0.745119	13.537900
222.188000	85.219800	0.006556	0.007695	0.900672	0.863846	0.000758	0.001372	0.005049	0.903022	1.936419	1.764839	0.836772	0.005698	0.000758	0.002372	0.006049	0.782747	1.698892	1.566760	0.754961	0.003919	0.006275	0.009188	0.828388	0.735964	13.629000
227.812000	85.219800	0.008010	0.008164	0.864783	0.884324	0.000000	0.001665	0.007323	0.828414	1.686949	1.944516	0.898822	0.004684	0.000824	0.000000	0.004432	0.761832	1.562847	1.663741	0.848404	0.005035	0.011961	0.011641	0.757291	0.838483	13.604100
233.438000	85.219800	0.033531	0.005405	0.841275	0.953846	0.004636	0.001354	0.003254	0.747326	1.642942	1.991011	0.966960	0.060370	0.003057	0.002832	0.004923	0.730037	1.511252	1.841994	0.883364	0.016066	0.014426	0.008241	0.728415	0.803959	13.800500
239.062000	85.219800	0.061076	0.013182	0.763051	0.944044	0.004957	0.000551	0.004881	0.662884	1.457497	1.974883	1.019626	0.178666	0.002264	0.001841	0.002972	0.614378	1.297012	1.854061	0.984943	0.104701	0.007611	0.009847	0.612746	0.833039	13.410700
244.687000	85.219800	0.137167	0.013189	0.687138	0.997859	0.000000	0.001551	0.002666	0.570902	1.317437	1.901155	1.123916	0.270088	0.002861	0.000000	0.004037	0.457204	1.147090	1.864364	1.027444	0.215700	0.006965	0.006132	0.600385	0.842125	13.197400
250.312000	85.219800	0.165509	0.013880	0.626714	1.050006	0.005646	0.002218	0.003321	0.331940	1.087599	1.931465	1.294252	0.365683	0.002351	0.001464	0.004973	0.245930	0.981739	1.944777	1.109649	0.301510	0.028011	0.003589	0.505395	0.873585	12.881200
255.937000	85.219800	0.197962	0.011379	0.541167	1.003466	0.001339	0.002862	0.009265	0.175137	0.938871	2.036046	1.406999	0.364205	0.002173	0.002316	0.007500	0.125882	0.807471	1.844708	1.382185	0.380098	0.067985	0.010465	0.383906	0.920475	12.623900
261.562000	85.219800	0.257413	0.008506	0.461016	1.070316	0.009117	0.002053	0.005871	0.063822	0.788304	1.894448	1.664940	0.381420	0.004057	0.001526	0.002396	0.024007	0.669688	1.789290	1.471747	0.332653	0.084435	0.007610	0.279850	0.879617	12.154100
267.188000	85.219800	0.380496	0.008875	0.443616	1.025725	0.005407	0.003015	0.000758	0.008046	0.634786	1.859897	1.751459	0.485597	0.005294	0.000358	0.004279	0.004286	0.565476	1.713368	1.593553	0.489344	0.138967	0.005881	0.243418	0.868861	12.240800
272.812000	85.219800	0.466548	0.005775	0.352735	1.058469	0.012364	0.000311	0.000000	0.001492	0.509679	1.780944	1.886339	0.685811	0.004758	0.001345	0.000527	0.002096	0.442419	1.583939	1.669079	0.602329	0.250131	0.004314	0.146910	0.926781	12.395100
278.438000	85.219800	0.463073	0.007682	0.256550	1.059645	0.053005	0.002831	0.003889	0.001329	0.383417	1.599423	1.936011	0.752463	0.017378	0.001392	0.000352	0.008173	0.348197	1.518909	1.813663	0.699260	0.272112	0.006916	0.096344	0.872854	12.174900
284.062000	85.219800	0.498230	0.010579	0.172912	1.071266	0.170129	0.005797	0.000000	0.002802	0.370855	1.516149	2.004707	0.881043	0.116756	0.001512	0.000617	0.003422	0.359689	1.311058	1.864455	0.790753	0.373195	0.008571	0.066975	0.849493	12.451000
289.688000	85.219800	0.593898	0.009061	0.171232	1.059028	0.361705	0.005231	0.000000	0.000452	0.365864	1.287070	2.068844	1.089036	0.260031	0.003189	0.001129	0.000628	0.270917	1.151772	1.883455	0.964546	0.455100	0.007921	0.027395	0.906047	12.943600
295.312000	85.219800	0.733218	0.014602	0.122716	0.995777	0.500365	0.005343	0.000246	0.002402	0.284997	1.130550	1.986227	1.246400	0.435029	0.005654	0.000000	0.002837	0.228262	1.042971	1.855543	1.151059	0.596819	0.007405	0.005224	0.858395	13.212100
300.938000	85.219800	0.792397	0.009912	0.057888	0.917965	0.635712	0.004267	0.000000	0.007547	0.178141	1.057909	2.046609	1.437524	0.581351	0.007012	0.000000	0.002872	0.106912	0.988407	1.824984	1.338801	0.687496	0.005753	0.004871	0.867760	13.562100
306.562000	85.219800	0.813225	0.008761	0.026432	0.948086	0.752277	0.003967	0.002964	0.003972	0.045080	0.928911	1.942288	1.616557	0.696498	0.009434	0.001498	0.000735	0.024862	0.887738	1.848870	1.527459	0.725256	0.009931	0.008742	0.824799	13.658300
312.187000	85.219800	0.905006	0.012584	0.009583	0.867213	0.840944	0.006285	0.001987	0.001281	0.003489	0.855888	1.844810	1.740726	0.763110	0.005345	0.001348	0.000130	0.004747	0.822365	1.678161	1.637864	0.772138	0.012698	0.008225	0.806592	13.602500
317.812000	85.219800	0.952390	0.011690	0.010257	0.860730	0.902179	0.003541	0.001896	0.001472	0.003962	0.801312	1.693983	1.920427	0.821157	0.005756	0.001501	0.001345	0.008961	0.776880	1.565776	1.708471	0.784925	0.008538	0.008532	0.762108	13.617800
323.438000	85.219800	0.972292	0.020995	0.010294	0.818602	0.976042	0.042490	0.002723	0.000000	0.006901	0.791776	1.631214	1.929124	0.858283	0.021817	0.004150	0.001876	0.005687	0.726697	1.414825	1.814443	0.847489	0.012094	0.009968	0.746748	13.666500
329.062000	85.219800	1.016215	0.054366	0.009395	0.734663	1.035324	0.168632	0.004865	0.002229	0.005765	0.682158	1.528363	1.944573	0.950927	0.109627	0.002791	0.000735	0.004945	0.595163	1.258298	1.857839	0.871939	0.005380	0.019739	0.657788	13.521700
334.688000	85.219800	0.979840	0.105124	0.014345	0.707755	1.109156	0.259320	0.003738	0.000000	0.008222	0.518889	1.232388	1.950952	1.052551	0.234711	0.002098	0.001429	0.003063	0.416006	1.139071	1.878264	0.898054	0.006413	0.013640	0.546275	13.081300
340.312000	85.219800	0.992112	0.158691	0.009685	0.599773	1.216950	0.387082	0.002888	0.000000	0.004970	0.350378	1.051576	1.950149	1.160695	0.276416	0.001624	0.002091	0.005425	0.255513	0.963701	1.887595	0.887019	0.023955	0.005072	0.475945	12.669300
345.938000	85.219800	0.989513	0.170981	0.008362	0.553547	1.463152	0.367250	0.002234	0.000576	0.006962	0.183356	0.925140	1.972904	1.304306	0.356876	0.001454	0.002365	0.009169	0.110063	0.805365	1.877201	0.891624	0.059399	0.004258	0.394284	12.460300
351.562000	85.219800	1.076946	0.198516	0.006569	0.467160	1.552442	0.378712	0.001321	0.000000	0.004826	0.061573	0.754456	2.018754	1.506242	0.365004	0.004611	0.000753	0.001488	0.020050	0.729712	1.776657	0.898658	0.106382	0.012733	0.301618	12.245200
357.187000	85.219800	1.053428	0.172402	0.008658	0.455918	1.790975	0.559410	0.003542	0.001486	0.000000	0.011198	0.658058	1.856153	1.567529	0.435677	0.004130	0.002237	0.000735	0.002910	0.590222	1.653065	0.927668	0.129213	0.008109	0.231238	12.124000
0.000000	87.612000	0.983094	0.123114	0.002391	0.340672	1.799073	0.605568	0.002319	0.000843	0.000000	0.003253	0.537236	1.807216	1.704705	0.557059	0.006480	0.001480	0.001488	0.002776	0.534540	1.731373	0.902657	0.241124	0.005766	0.227999	12.122200
5.625000	87.612000	1.006959	0.103638	0.007820	0.246111	1.843215	0.707656	0.021250	0.002277	0.000767	0.003734	0.417554	1.662972	1.838770	0.656104	0.013106	0.004890	0.001214	0.001334	0.390685	1.529008	0.907390	0.329052	0.008241	0.159255	11.863000
11.250000	87.612000	1.004424	0.157912	0.008381	0.168826	1.910259	0.792400	0.093343	0.005132	0.001196	0.002551	0.365266	1.544231	1.871229	0.795752	0.081228	0.002594	0.000735	0.005273	0.316519	1.390407	0.899359	0.384859	0.005884	0.106306	11.914100
16.875000	87.612000	1.023205	0.319642	0.006885	0.165187	2.020201	0.992155	0.242498	0.007110	0.002390	0.001383	0.366942	1.332015	1.973865	0.923626	0.207257	0.006423	0.000000	0.000768	0.347289	1.277152	0.903276	0.470487	0.006610	0.081999	12.678400
22.500000	87.612000	0.969710	0.445340	0.013517	0.102145	1.981703	1.144217	0.422545	0.004989	0.002867	0.002160	0.289049	1.153582	1.937301	1.057871	0.370353	0.002978	0.001282	0.000000	0.296695	1.094015	0.912684	0.569610	0.012972	0.037988	12.825600
28.125000	87.612000	0.954451	0.591285	0.011600	0.051670	1.957036	1.278543	0.586482	0.003897	0.001175	0.004351	0.222492	1.003991	1.920630	1.231687	0.564134	0.004893	0.000621	0.002862	0.168457	0.997584	0.846301	0.658208	0.015650	0.012341	13.090300
33.750000	87.612000	0.901022	0.709918	0.005115	0.020196	1.952829	1.527493	0.700557	0.004855	0.000000	0.003687	0.077115	0.948888	1.904039	1.420650	0.690990	0.004203	0.000632	0.003336	0.071401	0.935360	0.848694	0.722309	0.006859	0.007991	13.468100
39.375000	87.612000	0.924978	0.848601	0.008492	0.009805	1.918459	1.598439	0.749288	0.004106	0.001179	0.004845	0.019926	0.887668	1.815077	1.602420	0.793268	0.003315	0.002656	0.001124	0.005189	0.909133	0.868597	0.763473	0.009691	0.006353	13.756100
45.000000	87.612000	0.794756	0.883090	0.002103	0.003207	1.736553	1.783319	0.829259	0.005769	0.000000	0.000000	0.003260	0.844303	1.691970	1.714329	0.831641	0.001090	0.000739	0.000765	0.009028	0.798374	0.766234	0.800126	0.006900	0.005528	13.512300
50.625000	87.612000	0.797643	0.913538	0.008729	0.011017	1.632990	1.864036	0.927951	0.017800	0.001613	0.000139	0.004923	0.798957	1.548800	1.797456	0.908842	0.006630	0.002010	0.001448	0.008588	0.732331	0.777163	0.826866	0.010831	0.009623	13.609900
56.250000	87.612000	0.733882	0.898590	0.022086	0.008406	1.505812	1.947649	0.986879	0.090629	0.004911	0.000305	0.006838	0.685154	1.424755	1.932302	0.924256	0.050077	0.002769	0.000000	0.004131	0.675527	0.750353	0.840529	0.009863	0.009955	13.515700
61.875000	87.612000	0.620555	0.954486	0.049743	0.007946	1.305505	2.001959	1.055112	0.211555	0.003727	0.001295	0.009062	0.583052	1.286855	1.980696	1.035251	0.191141	0.009314	0.000000	0.003283	0.577283	0.656947	0.870520	0.004665	0.007221	13.427200
67.500000	87.612000	0.473893	1.044213	0.111138	0.006345	1.130307	2.034361	1.160028	0.297613	0.002210	0.000429	0.006568	0.389486	1.068083	1.889890	1.119699	0.280621	0.004112	0.001339	0.002794	0.383619	0.590046	0.877008	0.030743	0.009507	12.914100
73.125000	87.612000	0.323380	1.031134	0.156954	0.008238	0.935618	2.032054	1.337059	0.363573	0.005167	0.001293	0.011353	0.237369	0.935497	1.999832	1.226552	0.378411	0.002732	0.001696	0.007442	0.214256	0.451810	0.903761	0.071089	0.006696	12.643000
78.750000	87.612000	0.186603	0.999578	0.176067	0.008652	0.871604	1.940716	1.504941	0.350136	0.005905	0.001210	0.010275	0.090590	0.779363	1.936091	1.495226	0.376510	0.003465	0.001406	0.004917	0.070740	0.368442	0.948753	0.104589	0.010850	12.246600
84.375000	87.612000	0.112354	1.014421	0.244453	0.006473	0.642594	1.840139	1.688023	0.434072	0.003731	0.000732	0.000731	0.016658	0.627230	1.812385	1.537864	0.385876	0.004509	0.001252	0.001493	0.005556	0.283264	0.916481	0.143453	0.008639	11.732400
90.000000	87.612000	0.124641	1.010771	0.349438	0.002260	0.582340	1.782968	1.857070	0.566161	0.002159	0.000000	0.001693	0.000799	0.564111	1.701968	1.669000	0.495943	0.001364	0.000219	0.000606	0.000758	0.237552	0.949598	0.231387	0.002191	12.135000
95.625000	87.612000	0.165576	0.998199	0.419790	0.007792	0.409518	1.623546	1.794221	0.682960	0.013942	0.001232	0.000000	0.002080	0.405058	1.595464	1.803405	0.638042	0.009046	0.000650	0.001881	0.004782	0.162342	0.918335	0.317481	0.004730	11.980100
101.250000	87.612000	0.145243	0.994677	0.474743	0.002317	0.370181	1.526780	1.958246	0.865320	0.102523	0.009061	0.000740	0.000739	0.329203	1.417076	1.880888	0.778288	0.075346	0.001516	0.002367	0.002177	0.104026	0.978594	0.352201	0.009261	12.381500
106.875000	87.612000	0.136746	1.009948	0.564165	0.009396	0.393341	1.332117	1.989620	0.944880	0.272171	0.004496	0.000740	0.000939	0.349789	1.215061	1.977620	0.908782	0.198650	0.006669	0.002473	0.003002	0.063032	0.954065	0.490423	0.005942	12.834100
112.500000	87.612000	0.095209	0.934494	0.660988	0.012377	0.314477	1.196796	2.009502	1.132862	0.418877	0.002792	0.002165	0.003733	0.270052	1.081421	1.965089	1.061202	0.355744	0.002765	0.000000	0.002295	0.035467	0.867234	0.548941	0.009905	12.984400
118.125000	87.612000	0.045441	0.927725	0.752014	0.012539	0.220662	1.082669	2.009231	1.345248	0.572489	0.004246	0.000000	0.005558	0.184424	1.008768	1.909897	1.246389	0.541381	0.006360	0.000000	0.003483	0.010954	0.872434	0.651701	0.012266	13.425900
123.750000	87.612000	0.017091	0.910864	0.762231	0.010855	0.096164	0.962230	1.942922	1.472131	0.689034	0.005487	0.000605	0.005538	0.066750	0.940490	1.833805	1.361850	0.658013	0.006211	0.001896	0.002218	0.007460	0.876231	0.706394	0.009372	13.345800
129.375000	87.612000	0.008445	0.936645	0.843879	0.007342	0.010007	0.865990	1.846088	1.651108	0.769841	0.004531	0.003761	0.001343	0.005393	0.916021	1.747750	1.554987	0.749476	0.002208	0.001374	0.003391	0.009569	0.832517	0.775266	0.014073	13.561000
135.000000	87.612000	0.004207	0.846905	0.843561	0.001313	0.005899	0.820794	1.805791	1.802681	0.873748	0.005126	0.000549	0.000000	0.007980	0.800908	1.648269	1.706955	0.820016	0.005032	0.000000	0.000748	0.005566	0.829771	0.817114	0.004125	13.657100
140.625000	87.612000	0.007859	0.842533	0.893309	0.006619	0.002489	0.750259	1.660043	1.950149	0.886394	0.010215	0.002816	0.001528	0.003028	0.751381	1.569350	1.791620	0.910026	0.007245	0.001761	0.000000	0.009646	0.796464	0.850952	0.008440	13.714100
146.250000	87.612000	0.011515	0.776481	0.954985	0.018035	0.006292	0.713743	1.572426	1.973515	0.929765	0.103576	0.004424	0.001247	0.005542	0.707325	1.468614	1.884055	0.975902	0.073339	0.001115	0.001114	0.007087	0.725673	0.855546	0.011354	13.782700
151.875000	87.612000	0.008280	0.701434	0.966546	0.054982	0.004165	0.569860	1.332072	1.985107	1.060643	0.185836	0.005011	0.000000	0.006777	0.545321	1.293856	1.913290	0.984714	0.158892	0.004333	0.001280	0.007315	0.641715	0.921828	0.012338	13.365600
157.500000	87.612000	0.009519	0.661518	1.020501	0.088629	0.005409	0.439398	1.158886	1.955668	1.211985	0.318570	0.004133	0.001319	0.002555	0.368426	1.070061	1.980131	1.103892	0.288992	0.001595	0.002207	0.012465	0.578040	0.899209	0.036208	13.219300
163.125000	87.612000	0.007197	0.544268	0.960818	0.150175	0.004629	0.236615	1.023097	1.981748	1.317471	0.368663	0.000522	0.001348	0.005152	0.188175	0.900237	1.907104	1.250314	0.336974	0.000994	0.000758	0.009502	0.483689	0.891924	0.076924	12.648300
168.750000	87.612000	0.012817	0.449518	1.019540	0.164921	0.006157	0.078178	0.845779	1.928479	1.563910	0.386017	0.003281	0.000181	0.004571	0.068944	0.743972	1.880096	1.461116	0.354979	0.003008	0.001341	0.003355	0.387026	0.912680	0.117124	12.397000
174.375000	87.612000	0.009490	0.407501	1.060445	0.254346	0.002081	0.014539	0.688162	1.920755	1.620221	0.407480	0.004038	0.000629	0.002088	0.007776	0.614675	1.818492	1.522550	0.398995	0.004930	0.000756	0.006194	0.294470	0.923995	0.173952	12.158500
180.000000	87.612000	0.004504	0.351936	1.005461	0.357100	0.000148	0.003433	0.534132	1.762056	1.732368	0.548279	0.003210	0.000000	0.001359	0.002437	0.528193	1.704275	1.769035	0.563504	0.001354	0.000676	0.005804	0.250615	0.928448	0.232302	12.290600
185.625000	87.612000	0.012795	0.240527	0.981148	0.405706	0.001464	0.001355	0.427230	1.702171	1.880763	0.688996	0.011347	0.002866	0.000000	0.004832	0.398281	1.572664	1.828648	0.649843	0.010022	0.001769	0.005321	0.144690	0.887674	0.333067	12.193200
191.250000	87.612000	0.014065	0.193764	0.989592	0.439750	0.000386	0.004837	0.352453	1.516217	1.923593	0.872280	0.085876	0.008201	0.000000	0.003265	0.335415	1.473274	1.867441	0.800563	0.081873	0.004267	0.014370	0.113621	0.953074	0.381947	12.430100
196.875000	87.612000	0.006109	0.147724	0.959191	0.563356	0.000591	0.003992	0.395746	1.371203	1.994867	1.016002	0.234170	0.007558	0.000000	0.000741	0.376524	1.288880	1.893566	0.960933	0.180233	0.008451	0.011579	0.089985	0.902097	0.473778	12.887300
202.500000	87.612000	0.006113	0.103123	1.030952	0.631661	0.000123	0.001357	0.296649	1.124313	1.980583	1.162414	0.404982	0.005693	0.001497	0.001374	0.268615	1.119890	1.943793	1.084085	0.372696	0.001695	0.011792	0.040992	0.911952	0.555109	13.061500
208.125000	87.612000	0.008048	0.059932	0.949098	0.700060	0.000745	0.006736	0.182091	1.082252	2.019195	1.331484	0.542504	0.006396	0.002273	0.003605	0.201001	1.012189	1.992651	1.277615	0.546754	0.002583	0.007119	0.011526	0.886627	0.651634	13.484100
213.750000	87.612000	0.010439	0.020277	0.944807	0.840884	0.000736	0.003583	0.085173	0.979463	1.908710	1.564396	0.695707	0.008471	0.000737	0.003672	0.060799	0.959008	1.877076	1.448200	0.633624	0.004835	0.010594	0.010462	0.905841	0.700813	13.678300
219.375000	87.612000	0.008610	0.006795	0.913307	0.800061	0.000725	0.000756	0.013434	0.883166	1.908665	1.642377	0.777540	0.005149	0.000000	0.004391	0.005840	0.860344	1.819917	1.602454	0.773294	0.005973	0.008002	0.012004	0.828797	0.754533	13.636100
225.000000	87.612000	0.005305	0.004257	0.826029	0.878762	0.000000	0.000000	0.006502	0.850945	1.767089	1.749910	0.817596	0.009761	0.000735	0.000757	0.005933	0.811386	1.701414	1.697059	0.804524	0.005833	0.005732	0.002262	0.811596	0.805571	13.569000
230.625000	87.612000	0.007554	0.007930	0.843749	0.860104	0.001491	0.001170	0.005867	0.753155	1.652884	1.828445	0.894195	0.012696	0.000530	0.001652	0.010605	0.772878	1.538802	1.780129	0.858270	0.007864	0.007520	0.007124	0.761914	0.833803	13.450300
236.250000	87.612000	0.016453	0.007879	0.762318	0.893865	0.002273	0.000000	0.003123	0.669050	1.509046	1.981047	0.965841	0.093960	0.003215	0.003608	0.009361	0.631460	1.388134	1.912623	0.949454	0.068109	0.009446	0.013942	0.709124	0.882005	13.485300
241.875000	87.612000	0.050557	0.007489	0.709265	0.931056	0.007196	0.000000	0.004906	0.579309	1.319269	2.010622	1.090204	0.225533	0.004776	0.002443	0.001866	0.557353	1.287511	1.930481	1.040921	0.191621	0.009119	0.011118	0.672819	0.928399	13.573800
247.500000	87.612000	0.099335	0.010013	0.682767	0.982719	0.002010	0.001856	0.004079	0.404750	1.172265	2.061606	1.165434	0.317954	0.001429	0.003968	0.001888	0.400147	1.033452	1.919748	1.159372	0.282345	0.035621	0.011057	0.553285	0.899325	13.206400
253.125000	87.612000	0.141954	0.014549	0.558788	0.996151	0.001389	0.000758	0.008845	0.246729	0.974362	1.926817	1.354929	0.387770	0.001799	0.000000	0.005680	0.202755	0.912450	1.874464	1.283926	0.402070	0.089769	0.011557	0.467651	0.876197	12.741400
258.750000	87.612000	0.149439	0.011500	0.491536	1.032775	0.005151	0.001460	0.006511	0.100476	0.805565	1.953474	1.545848	0.325872	0.003226	0.000607	0.003520	0.067317	0.787969	1.941372	1.357406	0.347335	0.109222	0.011303	0.392381	0.965188	12.416500
264.375000	87.612000	0.243518	0.008241	0.417053	1.011155	0.004234	0.000000	0.004314	0.013135	0.702494	1.887719	1.636926	0.382552	0.003098	0.000758	0.003043	0.018543	0.646692	1.784065	1.580920	0.366096	0.155535	0.012797	0.334350	0.911881	12.129100
270.000000	87.612000	0.366113	0.005620	0.321245	1.039671	0.002820	0.001159	0.002349	0.001298	0.593626	1.836180	1.749457	0.576295	0.002123	0.000000	0.001693	0.002065	0.547666	1.720866	1.664770	0.566421	0.229896	0.004907	0.270294	0.988905	12.495400
275.625000	87.612000	0.421352	0.008137	0.281333	1.039633	0.016644	0.000682	0.000000	0.003339	0.410015	1.689923	1.906900	0.689102	0.008697	0.002575	0.000846	0.003202	0.395059	1.544763	1.810213	0.687788	0.320802	0.010050	0.162960	0.922408	12.336400
281.250000	87.612000	0.457387	0.008464	0.190149	1.008993	0.087443	0.005685	0.000740	0.001800	0.377330	1.508187	2.022802	0.823165	0.076862	0.006183	0.001683	0.003902	0.339223	1.435816	1.820958	0.753585	0.393485	0.007944	0.115766	0.966472	12.414000
286.875000	87.612000	0.605706	0.012493	0.148038	0.970228	0.244673	0.007429	0.002681	0.000772	0.393868	1.326451	1.986091	0.913553	0.215613	0.005340	0.002251	0.003591	0.362942	1.284537	1.956369	0.930804	0.490875	0.011134	0.055836	0.941123	12.872400
292.500000	87.612000	0.611955	0.011934	0.104212	0.957335	0.413820	0.004814	0.000746	0.003119	0.314071	1.207348	2.023164	1.152722	0.361521	0.002898	0.000000	0.004143	0.286583	1.173543	1.945760	1.070398	0.605556	0.009806	0.029921	0.881955	13.177300
298.125000	87.612000	0.719678	0.008779	0.052745	0.950882	0.615005	0.012308	0.002274	0.003982	0.221796	1.025256	2.020461	1.354476	0.556948	0.005244	0.000000	0.004167	0.187279	0.998427	1.922021	1.251976	0.654746	0.010333	0.013266	0.834165	13.426200
303.750000	87.612000	0.816047	0.012059	0.020246	0.935748	0.730985	0.006867	0.001625	0.002434	0.087968	1.025405	1.917237	1.465764	0.668189	0.009557	0.002655	0.002229	0.078470	0.945771	1.867158	1.401005	0.701564	0.008101	0.007244	0.878325	13.592700
309.375000	87.612000	0.837736	0.009618	0.014818	0.858418	0.769710	0.006985	0.001348	0.001528	0.006480	0.953470	1.860564	1.605304	0.756026	0.007082	0.001780	0.002164	0.009564	0.848449	1.809241	1.556796	0.774652	0.012632	0.007026	0.826278	13.537700
315.000000	87.612000	0.857303	0.005393	0.002641	0.875354	0.856622	0.001023	0.000000	0.000000	0.006159	0.837256	1.846687	1.827630	0.796571	0.004851	0.000573	0.000581	0.003429	0.804384	1.695895	1.763957	0.815373	0.005008	0.004975	0.821159	13.832800
320.625000	87.612000	0.901434	0.011001	0.012712	0.811930	0.968198	0.012090	0.002625	0.003262	0.006210	0.794304	1.635930	1.862182	0.935101	0.007569	0.003288	0.000627	0.009450	0.745473	1.613503	1.795940	0.833151	0.004076	0.006542	0.761703	13.738300
326.250000	87.612000	0.927184	0.026923	0.007293	0.754611	0.942675	0.085084	0.003156	0.001978	0.007878	0.664681	1.482208	2.003655	0.911736	0.066680	0.002195	0.000745	0.005894	0.672686	1.463016	1.840670	0.888418	0.013150	0.011425	0.728627	13.512600
331.875000	87.612000	0.958527	0.048898	0.005972	0.666808	1.063107	0.211468	0.006840	0.002230	0.002785	0.572690	1.326937	2.001427	1.007966	0.198547	0.003522	0.002285	0.006570	0.564538	1.299160	1.870166	0.876327	0.010335	0.005535	0.628804	13.341400
337.500000	87.612000	0.928064	0.107738	0.012237	0.618112	1.173713	0.300847	0.000758	0.000752	0.004142	0.441229	1.128067	1.993895	1.112957	0.274637	0.004021	0.000779	0.006924	0.365687	1.061924	2.013042	0.864426	0.028284	0.010552	0.587857	13.040600
343.125000	87.612000	1.009116	0.119179	0.009747	0.564206	1.386358	0.394055	0.001949	0.001299	0.006538	0.240017	0.989002	2.030617	1.266735	0.373936	0.002711	0.001591	0.004670	0.191482	0.946501	1.951777	0.937652	0.072151	0.007247	0.486048	12.994600
348.750000	87.612000	1.077800	0.145898	0.004294	0.461538	1.526384	0.338901	0.005488	0.000758	0.007481	0.087521	0.830910	1.944471	1.436099	0.355975	0.001488	0.001255	0.006536	0.071470	0.803612	1.883749	0.922335	0.131449	0.007482	0.389943	12.442800
354.375000	87.612000	1.008775	0.161873	0.011126	0.439702	1.695171	0.381644	0.002755	0.000581	0.001351	0.020602	0.664174	1.904944	1.599162	0.413960	0.004753	0.000000	0.001381	0.010393	0.664446	1.764692	0.942163	0.147805	0.011490	0.336959	12.189900
2.812500	90.000000	0.956005	0.112366	0.007021	0.243816	1.814579	0.643140	0.004830	0.001526	0.003350	0.003698	0.518744	1.724056	1.781125	0.629421	0.003578	0.003313	0.001662	0.003924	0.473367	1.760631	0.965279	0.320749	0.007794	0.246474	12.230400
8.437500	90.000000	0.953830	0.108666	0.009193	0.166087	1.844414	0.756914	0.030522	0.003617	0.001360	0.002792	0.389711	1.459521	1.931148	0.706076	0.030991	0.003758	0.000735	0.003165	0.357557	1.558934	0.957143	0.415511	0.006085	0.162795	11.860500
14.062500	90.000000	0.961535	0.242439	0.008610	0.121625	1.874419	0.864047	0.149279	0.005136	0.000725	0.002532	0.373425	1.385329	1.994720	0.915874	0.130329	0.004880	0.002694	0.002744	0.348548	1.401434	0.959641	0.481227	0.010193	0.128429	12.369800
19.687500	90.000000	1.000238	0.346202	0.007413	0.090836	1.920879	1.036079	0.314990	0.007802	0.002788	0.002419	0.343712	1.248006	1.979724	0.993182	0.299660	0.003598	0.000752	0.002868	0.332710	1.213059	0.950692	0.560538	0.009398	0.096595	12.764100
25.312500	90.000000	0.910423	0.542969	0.009653	0.039809	1.919284	1.204916	0.502237	0.003675	0.003009	0.001795	0.261956	1.145201	1.969251	1.253446	0.485587	0.007530	0.002004	0.003634	0.271844	1.077909	0.909620	0.647961	0.012587	0.048431	13.234700
30.937500	90.000000	0.889231	0.661557	0.010073	0.011305	2.007885	1.410821	0.618631	0.008017	0.000000	0.006739	0.128688	1.027161	1.956652	1.440532	0.619607	0.005831	0.000735	0.001430	0.130971	0.996409	0.949797	0.694018	0.008024	0.011179	13.595300
36.562500	90.000000	0.863958	0.735231	0.011723	0.007709	1.881408	1.595294	0.730263	0.004720	0.003564	0.000000	0.029200	0.939840	1.895624	1.502634	0.759424	0.004839	0.003535	0.003593	0.038403	0.959582	0.827036	0.837134	0.010124	0.007035	13.651900
42.187500	90.000000	0.836966	0.835899	0.006987	0.006077	1.816603	1.703042	0.819644	0.007797	0.000670	0.003125	0.006031	0.830142	1.815800	1.699321	0.796367	0.008693	0.000637	0.000848	0.003306	0.872671	0.801306	0.818493	0.006289	0.008111	13.704800
47.812500	90.000000	0.743322	0.872477	0.009723	0.008706	1.680457	1.792502	0.868218	0.004099	0.000627	0.000612	0.005906	0.832742	1.665302	1.827596	0.886550	0.005427	0.000846	0.002939	0.004174	0.831479	0.799974	0.843101	0.010864	0.014954	13.712600
53.437500	90.000000	0.726722	0.875475	0.009725	0.007969	1.502080	1.936634	0.946008	0.035650	0.002549	0.003181	0.002002	0.742511	1.518083	1.905600	0.915647	0.030388	0.002227	0.002506	0.005691	0.709842	0.802497	0.885537	0.014823	0.009841	13.593200
59.062500	90.000000	0.650340	0.892526	0.007914	0.013309	1.366318	1.906403	0.976695	0.145516	0.004045	0.001456	0.004441	0.630595	1.444773	1.849334	1.013064	0.122168	0.005901	0.000000	0.004542	0.611143	0.705226	0.926509	0.011213	0.006243	13.299700
64.687500	90.000000	0.536516	0.904986	0.040497	0.003565	1.228938	2.038376	1.076006	0.256285	0.004109	0.000246	0.004955	0.498937	1.212743	1.964580	1.033119	0.242396	0.003022	0.001495	0.005448	0.501325	0.620467	0.882491	0.034027	0.013431	13.108000
70.312500	90.000000	0.422089	0.934627	0.074527	0.007382	1.032287	2.024397	1.256183	0.310912	0.000616	0.000610	0.004814	0.304371	1.049340	1.951268	1.240870	0.372884	0.002754	0.000758	0.007485	0.301378	0.597351	0.914287	0.093519	0.011171	12.915900
75.937500	90.000000	0.251381	0.984539	0.139198	0.011799	0.886666	1.913607	1.370434	0.384457	0.003400	0.001766	0.003763	0.150525	0.920601	1.927574	1.416295	0.384438	0.001516	0.001897	0.009489	0.143559	0.493867	0.978898	0.128836	0.007342	12.515900
81.562500	90.000000	0.096513	0.956285	0.184170	0.009966	0.692030	1.878716	1.592535	0.389437	0.003480	0.000624	0.005146	0.042170	0.712234	1.892480	1.625344	0.411418	0.003391	0.000000	0.004485	0.033880	0.390014	0.966537	0.155469	0.005242	12.051600
87.187500	90.000000	0.092054	0.984576	0.243218	0.007525	0.668685	1.782312	1.636507	0.477072	0.000758	0.000000	0.002875	0.004471	0.634922	1.808313	1.727686	0.470604	0.002064	0.000184	0.002301	0.004929	0.342181	0.956098	0.260487	0.011221	12.121000
92.812500	90.000000	0.124515	0.953200	0.342273	0.005666	0.476400	1.677279	1.868549	0.629702	0.006232	0.000000	0.002229	0.001571	0.471296	1.718672	1.821240	0.668155	0.004918	0.002244	0.000739	0.002872	0.251789	0.947187	0.360886	0.007505	12.345100
98.437500	90.000000	0.121254	0.944254	0.412518	0.008708	0.374482	1.541935	1.925018	0.762325	0.038917	0.003484	0.000234	0.003220	0.399054	1.596539	1.886565	0.689060	0.036233	0.003110	0.001908	0.002258	0.160061	0.951341	0.409027	0.011300	12.282800
104.062000	90.000000	0.127621	0.978580	0.463240	0.005021	0.383090	1.403809	1.900770	0.897645	0.141073	0.005585	0.000763	0.000564	0.382871	1.382027	1.951585	0.887415	0.122103	0.004965	0.002291	0.002197	0.118852	0.938061	0.467135	0.011958	12.579200
109.688000	90.000000	0.070638	0.965677	0.543942	0.010785	0.331755	1.236504	2.000907	1.049553	0.307723	0.008726	0.001277	0.001276	0.348547	1.184977	1.919409	0.992159	0.312205	0.007897	0.000000	0.003452	0.091821	0.966628	0.559265	0.005466	12.920600
115.312000	90.000000	0.041477	0.934437	0.613354	0.008417	0.245948	1.084926	2.013167	1.186346	0.475532	0.005345	0.000000	0.002327	0.279084	1.090526	2.000285	1.247294	0.477930	0.004380	0.000000	0.002204	0.040941	0.931610	0.680841	0.006320	13.372700
120.938000	90.000000	0.011709	0.851102	0.710239	0.008928	0.157205	0.973510	1.940626	1.442636	0.577982	0.006749	0.001503	0.003758	0.136413	1.048966	1.944539	1.393076	0.653111	0.004678	0.000295	0.003689	0.015676	0.884576	0.737680	0.009340	13.518000
126.562000	90.000000	0.007897	0.890397	0.816894	0.009254	0.033892	0.888660	1.952580	1.495056	0.724945	0.005379	0.001572	0.000000	0.034372	0.904540	1.894697	1.565516	0.712876	0.006685	0.002008	0.003105	0.007032	0.881968	0.771646	0.010272	13.621200
132.188000	90.000000	0.008825	0.890646	0.834048	0.005955	0.003757	0.910553	1.741891	1.663040	0.801642	0.007005	0.000547	0.000733	0.004477	0.841824	1.803710	1.684426	0.832480	0.002329	0.000606	0.001268	0.011254	0.773390	0.846899	0.012575	13.683900
137.812000	90.000000	0.006530	0.802738	0.820977	0.008012	0.007213	0.783181	1.682470	1.796540	0.825632	0.003190	0.001243	0.002834	0.004770	0.882535	1.745454	1.709636	0.881733	0.004986	0.001502	0.002085	0.005507	0.787327	0.867554	0.005513	13.639200
143.437000	90.000000	0.009897	0.768154	0.896976	0.011559	0.006167	0.733262	1.568909	1.931816	0.955013	0.027647	0.002238	0.001517	0.002893	0.754368	1.589278	1.854016	0.866371	0.035312	0.002095	0.001346	0.009174	0.813076	0.856453	0.009263	13.706800
149.062000	90.000000	0.014152	0.735447	0.897209	0.016772	0.007429	0.619119	1.379720	1.983128	1.001602	0.135555	0.003761	0.001528	0.004690	0.586914	1.363298	1.984293	1.046849	0.124607	0.002911	0.000858	0.011084	0.695076	0.861462	0.013424	13.490900
154.688000	90.000000	0.012056	0.631957	0.930698	0.039993	0.006173	0.468810	1.182342	1.994132	1.075007	0.228117	0.001112	0.000139	0.004502	0.489485	1.218782	1.984406	1.079908	0.244217	0.004206	0.002075	0.006744	0.664652	0.931052	0.031684	13.232300
160.312000	90.000000	0.010276	0.559278	0.925003	0.105611	0.003984	0.295979	1.008902	2.022497	1.196298	0.341249	0.001391	0.002102	0.001988	0.285333	1.045483	1.950918	1.221078	0.350100	0.003013	0.000000	0.009343	0.583134	0.933065	0.081296	12.937300
165.938000	90.000000	0.005865	0.474889	0.973423	0.130323	0.008820	0.124542	0.899614	1.905192	1.432660	0.349873	0.004078	0.000742	0.007180	0.147215	0.900595	1.880424	1.387275	0.368305	0.001487	0.002078	0.007638	0.476099	0.967631	0.141794	12.597800
171.562000	90.000000	0.008552	0.365298	0.945876	0.145711	0.003440	0.033035	0.750835	1.882675	1.554862	0.368126	0.003739	0.000000	0.003012	0.040811	0.737203	1.853801	1.540725	0.378486	0.004142	0.002567	0.005179	0.407545	0.972029	0.150510	12.158200
177.188000	90.000000	0.011843	0.359282	0.972709	0.229204	0.001079	0.002088	0.631849	1.780537	1.656107	0.490724	0.001783	0.000617	0.000000	0.002129	0.600185	1.792502	1.663051	0.477868	0.005542	0.000758	0.011601	0.360661	0.996045	0.241630	12.289800
182.812000	90.000000	0.008459	0.251691	1.026655	0.355239	0.001604	0.004312	0.449681	1.624994	1.827348	0.639743	0.004220	0.000000	0.000641	0.001271	0.483943	1.625842	1.797603	0.634752	0.005778	0.001340	0.007708	0.242627	1.017719	0.339445	12.352600
188.438000	90.000000	0.012098	0.154600	0.980969	0.372201	0.002850	0.005815	0.379512	1.540793	1.928751	0.720430	0.041945	0.001789	0.001500	0.006286	0.381066	1.541675	1.921501	0.757009	0.034173	0.003088	0.006914	0.168215	0.982833	0.397202	12.343200
194.062000	90.000000	0.010972	0.139906	0.952699	0.476701	0.002075	0.003477	0.380740	1.430874	1.853066	0.898164	0.133160	0.003579	0.001466	0.002116	0.366831	1.415933	1.991146	0.881912	0.138708	0.005885	0.011631	0.131870	0.958664	0.457387	12.649000
199.687000	90.000000	0.008245	0.095001	0.946213	0.582438	0.000909	0.003637	0.311561	1.232761	1.975041	1.026624	0.311815	0.001346	0.001494	0.002012	0.339793	1.324076	1.981974	0.976852	0.268962	0.006967	0.010387	0.089715	0.953607	0.573667	13.025100
205.312000	90.000000	0.011092	0.040896	0.961869	0.672507	0.000735	0.000318	0.224514	1.079011	2.002637	1.193516	0.518318	0.003316	0.001798	0.001458	0.241441	1.043165	1.970789	1.211182	0.527167	0.006084	0.008654	0.038040	0.899271	0.624806	13.282600
210.938000	90.000000	0.011400	0.012299	0.860698	0.710427	0.001473	0.005367	0.136678	0.977662	1.960983	1.375886	0.636352	0.011019	0.001388	0.008424	0.133579	1.033804	1.964263	1.358887	0.633669	0.003470	0.013839	0.018206	0.864057	0.712462	13.446300
216.562000	90.000000	0.009507	0.003167	0.874080	0.801264	0.001277	0.003034	0.033497	0.945160	1.834597	1.541008	0.703983	0.007603	0.000735	0.000352	0.032357	0.964578	1.840433	1.586744	0.715271	0.007398	0.012567	0.012190	0.877551	0.784839	13.593200
222.188000	90.000000	0.006751	0.008807	0.853491	0.796626	0.001430	0.000735	0.006020	0.873389	1.797241	1.618118	0.836434	0.004586	0.000000	0.002158	0.003354	0.865411	1.865654	1.670629	0.816551	0.005075	0.008625	0.006174	0.891500	0.843946	13.782700
227.812000	90.000000	0.001597	0.004665	0.850697	0.892290	0.001142	0.000771	0.005316	0.790812	1.678251	1.755576	0.878314	0.003839	0.003777	0.000758	0.002505	0.786853	1.699412	1.870358	0.856229	0.006899	0.011256	0.006763	0.833058	0.869928	13.811100
233.438000	90.000000	0.011703	0.005191	0.827241	0.881707	0.002461	0.000763	0.006130	0.723125	1.556253	1.812781	0.908495	0.036399	0.003255	0.000736	0.003367	0.679351	1.585229	1.869567	0.904365	0.039222	0.014053	0.009157	0.786629	0.926720	13.593900
239.062000	90.000000	0.020798	0.009374	0.751213	0.918164	0.002072	0.001369	0.008052	0.615313	1.393257	1.944607	0.972194	0.141247	0.002982	0.001496	0.005636	0.611170	1.398313	1.939687	0.964253	0.132788	0.010641	0.011819	0.707320	0.870069	13.433800
244.687000	90.000000	0.032960	0.012453	0.630272	0.903438	0.001996	0.000000	0.008133	0.481850	1.185565	1.942967	1.046463	0.250958	0.003465	0.000518	0.004035	0.489042	1.229266	2.068754	1.091254	0.253149	0.047178	0.013021	0.635592	0.941949	13.274300
250.312000	90.000000	0.084884	0.009314	0.574965	0.914497	0.001373	0.000758	0.011280	0.304041	1.033696	1.954299	1.277751	0.328548	0.000611	0.000000	0.004244	0.312279	1.001277	1.998667	1.246808	0.352340	0.081598	0.013386	0.550750	0.913936	12.971300
255.937000	90.000000	0.128216	0.007407	0.470401	0.981249	0.003441	0.001336	0.007810	0.130137	0.841889	1.928027	1.340328	0.361550	0.003728	0.002173	0.006570	0.133639	0.901817	1.935220	1.477820	0.370586	0.106560	0.006893	0.469829	0.958250	12.574900
261.562000	90.000000	0.152413	0.008896	0.410491	0.979294	0.003926	0.000000	0.003228	0.045487	0.743044	1.855588	1.574270	0.379633	0.002676	0.000251	0.001808	0.047022	0.758798	1.829677	1.568570	0.356244	0.157308	0.006604	0.398045	0.982386	12.265700
267.188000	90.000000	0.238486	0.011139	0.341269	0.986895	0.003660	0.001316	0.004585	0.008177	0.648203	1.833624	1.633657	0.462993	0.004098	0.002041	0.000735	0.005305	0.612077	1.785671	1.730480	0.478890	0.223479	0.007004	0.345339	1.014138	12.383300
272.812000	90.000000	0.346535	0.012564	0.253044	0.951065	0.001305	0.000000	0.003030	0.004468	0.472927	1.727358	1.793237	0.647084	0.005453	0.002794	0.000871	0.000758	0.487641	1.696415	1.718367	0.613218	0.354163	0.003507	0.241703	0.959518	12.297000
278.438000	90.000000	0.370445	0.009502	0.148594	0.936298	0.034228	0.006240	0.002017	0.003465	0.392861	1.609861	1.892028	0.754031	0.019192	0.001315	0.000000	0.002671	0.358550	1.574292	1.950205	0.763081	0.381542	0.006837	0.150905	0.994344	12.362500
284.062000	90.000000	0.462303	0.005108	0.127576	1.004212	0.142110	0.008894	0.001356	0.003542	0.374115	1.408435	1.973322	0.862105	0.125815	0.006735	0.000770	0.004239	0.332919	1.429618	1.963573	0.902633	0.450462	0.008796	0.141397	1.007696	12.747700
289.688000	90.000000	0.555932	0.012450	0.090639	0.922784	0.304533	0.004396	0.001131	0.003443	0.356872	1.286550	1.993612	0.993626	0.301962	0.001951	0.000000	0.003477	0.342278	1.267595	1.966989	0.982946	0.565840	0.005121	0.088980	0.909296	12.962400
295.312000	90.000000	0.678323	0.010643	0.042587	0.945393	0.516251	0.002830	0.001494	0.004344	0.253510	1.105568	1.946122	1.201320	0.463374	0.009561	0.000758	0.001410	0.242676	1.077002	1.976093	1.199737	0.638649	0.005538	0.041341	0.923942	13.288500
300.938000	90.000000	0.740308	0.013517	0.014673	0.947475	0.590750	0.009639	0.001517	0.005662	0.127198	1.047502	1.946303	1.410233	0.623527	0.007771	0.003146	0.004324	0.136629	0.986366	1.911153	1.407451	0.708694	0.007547	0.013812	0.905064	13.570300
306.562000	90.000000	0.807180	0.009371	0.006525	0.872528	0.717341	0.003764	0.000000	0.001210	0.034105	0.995759	1.855022	1.541449	0.745672	0.007380	0.001660	0.002942	0.028809	0.952916	1.873073	1.572279	0.825649	0.006631	0.012613	0.920170	13.794000
312.187000	90.000000	0.839024	0.014524	0.010683	0.862403	0.794419	0.004674	0.000770	0.001493	0.005962	0.880540	1.793645	1.624756	0.766983	0.005467	0.000838	0.002018	0.007212	0.861008	1.826680	1.658866	0.760394	0.009371	0.010980	0.876587	13.619300
317.812000	90.000000	0.841960	0.012187	0.007986	0.846335	0.841659	0.005144	0.001844	0.001580	0.006350	0.803286	1.652804	1.806017	0.859501	0.004576	0.004820	0.000000	0.007838	0.810869	1.728840	1.711027	0.830443	0.010458	0.011560	0.836212	13.643300
323.438000	90.000000	0.952350	0.013044	0.008423	0.748754	0.940716	0.029978	0.002159	0.000740	0.004760	0.699228	1.517619	1.965089	0.913717	0.030137	0.002195	0.001474	0.005465	0.706118	1.543145	1.881770	0.859842	0.006457	0.007989	0.782674	13.623800
329.062000	90.000000	0.920194	0.013875	0.008569	0.696707	1.024332	0.146315	0.001804	0.000621	0.004396	0.610234	1.415832	1.910723	1.024496	0.142414	0.000758	0.000573	0.005148	0.620194	1.374393	2.005906	0.917058	0.012153	0.009617	0.673674	13.540000
334.688000	90.000000	0.899303	0.040982	0.009790	0.657530	1.069636	0.249576	0.001918	0.002729	0.005636	0.484571	1.273386	1.977224	1.085679	0.268637	0.004178	0.002035	0.003296	0.486939	1.210537	1.972440	0.924804	0.031350	0.011898	0.665732	13.339800
340.312000	90.000000	0.916320	0.062428	0.008034	0.601026	1.258751	0.361826	0.002317	0.000000	0.006536	0.312413	1.021821	1.981477	1.209655	0.345120	0.001484	0.002152	0.005406	0.332122	1.040593	1.965926	0.925131	0.094974	0.008148	0.556813	13.020500
345.938000	90.000000	0.977150	0.104950	0.006382	0.463051	1.407180	0.384162	0.002544	0.000000	0.006506	0.152200	0.925480	1.979758	1.412450	0.378418	0.004212	0.001369	0.009397	0.149794	0.910142	2.058677	0.983194	0.119936	0.008512	0.458203	12.903700
351.562000	90.000000	0.945194	0.112627	0.007541	0.399530	1.578827	0.369901	0.002222	0.001470	0.003229	0.039676	0.763002	1.925222	1.536359	0.394316	0.004131	0.000735	0.002224	0.030306	0.747524	1.937719	0.974700	0.165365	0.011276	0.374289	12.327400
357.187000	90.000000	0.982663	0.100089	0.005826	0.327836	1.734167	0.498013	0.001255	0.000000	0.001119	0.007454	0.615801	1.868345	1.712090	0.445317	0.003358	0.003242	0.000884	0.006549	0.655008	1.849956	0.953690	0.238009	0.004982	0.351077	12.366700
0.000000	92.388000	0.915025	0.077770	0.005484	0.231013	1.735841	0.548423	0.001779	0.000000	0.000735	0.000000	0.560068	1.708335	1.937176	0.574337	0.001470	0.000000	0.000000	0.004655	0.545416	1.758811	1.035808	0.397078	0.002487	0.380593	12.422300
5.625000	92.388000	0.941156	0.079647	0.006654	0.144545	1.778501	0.688111	0.009908	0.005161	0.002290	0.003293	0.412805	1.587649	1.860757	0.693412	0.011361	0.002950	0.000617	0.002847	0.419084	1.615460	1.028616	0.414259	0.005774	0.278249	11.993100
11.250000	92.388000	0.909939	0.123354	0.011239	0.112749	1.939529	0.783489	0.066926	0.005311	0.001346	0.003149	0.341537	1.452317	1.902851	0.814468	0.092364	0.006129	0.004662	0.001964	0.346456	1.520085	1.015197	0.435406	0.003442	0.175441	12.069300
16.875000	92.388000	0.917265	0.316229	0.012460	0.091945	1.942990	0.919831	0.170800	0.006213	0.001504	0.003117	0.380318	1.318127	1.964670	0.963908	0.257823	0.005975	0.000000	0.001444	0.382899	1.338371	0.977585	0.560516	0.014109	0.154421	12.702500
22.500000	92.388000	0.888176	0.480479	0.006334	0.030810	1.944482	1.061944	0.366218	0.002942	0.001491	0.001357	0.266239	1.154588	2.039971	1.076215	0.399644	0.005989	0.002327	0.001345	0.301547	1.151715	0.954506	0.604916	0.013356	0.102686	12.859300
28.125000	92.388000	0.889896	0.541822	0.011910	0.009582	1.934824	1.260662	0.558158	0.004223	0.000629	0.003411	0.186327	1.039422	2.000534	1.357745	0.600411	0.005644	0.001366	0.004223	0.217989	1.050133	0.965557	0.694378	0.015955	0.056806	13.411600
33.750000	92.388000	0.904251	0.702643	0.009664	0.006299	1.959219	1.357315	0.628960	0.003057	0.000000	0.002857	0.065868	0.957894	1.915677	1.478725	0.685922	0.003500	0.000735	0.007068	0.093359	0.958179	0.905553	0.799784	0.011242	0.014652	13.472400
39.375000	92.388000	0.849636	0.737413	0.010242	0.012116	1.834597	1.586790	0.770438	0.007199	0.000752	0.004784	0.002221	0.834930	1.946925	1.657984	0.786358	0.006898	0.000000	0.001449	0.006132	0.897093	0.951824	0.827357	0.005131	0.009346	13.747600
45.000000	92.388000	0.762198	0.807945	0.006971	0.001443	1.654840	1.673275	0.804836	0.009318	0.000950	0.000735	0.003570	0.797807	1.757883	1.761129	0.815393	0.004715	0.000000	0.000579	0.002078	0.801101	0.876550	0.860186	0.003213	0.003852	13.410600
50.625000	92.388000	0.694687	0.827747	0.009235	0.008793	1.536518	1.783421	0.911838	0.007795	0.002673	0.001420	0.003475	0.747598	1.663741	1.891485	0.873283	0.012885	0.002195	0.000738	0.004036	0.774735	0.863791	0.889223	0.009635	0.009150	13.530100
56.250000	92.388000	0.660460	0.855345	0.004957	0.007821	1.413717	1.899504	0.931972	0.076452	0.004119	0.004189	0.008791	0.639292	1.503437	1.929882	0.952060	0.086825	0.005662	0.000545	0.006404	0.692518	0.791580	0.861855	0.021254	0.003106	13.361700
61.875000	92.388000	0.549359	0.902466	0.010813	0.008572	1.246186	1.964410	1.010305	0.192986	0.006213	0.002967	0.007086	0.545979	1.387738	2.013890	1.072294	0.223745	0.003641	0.001421	0.008255	0.568223	0.726420	0.955927	0.048211	0.006564	13.463700
67.500000	92.388000	0.443939	0.915154	0.039055	0.008115	1.031586	1.949368	1.119211	0.261064	0.005349	0.001459	0.004108	0.356417	1.130763	1.998950	1.135395	0.291010	0.003476	0.000735	0.003718	0.403580	0.658379	0.941187	0.104140	0.010389	12.816600
73.125000	92.388000	0.263267	0.899969	0.078956	0.005228	0.909998	1.954571	1.302180	0.366167	0.004485	0.003377	0.005004	0.194808	0.976041	1.985243	1.343913	0.361425	0.000000	0.000577	0.010689	0.244794	0.542616	1.029006	0.158247	0.008511	12.649100
78.750000	92.388000	0.140011	0.976047	0.114143	0.005958	0.769670	1.910406	1.437094	0.364007	0.004818	0.000000	0.005391	0.079600	0.861706	1.953327	1.535014	0.348738	0.001512	0.001666	0.005894	0.099860	0.440783	1.011354	0.179528	0.009011	12.255500
84.375000	92.388000	0.072285	0.891507	0.155200	0.005575	0.708467	1.845647	1.664736	0.400086	0.001892	0.000521	0.003518	0.010089	0.665776	1.839200	1.636869	0.412795	0.007218	0.001519	0.001718	0.010124	0.439768	1.000617	0.255158	0.013300	12.043600
90.000000	92.388000	0.079240	0.938084	0.246407	0.009395	0.560492	1.673999	1.790071	0.508481	0.005233	0.000758	0.001555	0.002274	0.536628	1.792819	1.729394	0.570235	0.001948	0.000879	0.002960	0.001815	0.361466	1.044436	0.344463	0.002953	12.206000
95.625000	92.388000	0.092731	0.947133	0.309576	0.007732	0.429272	1.588814	1.804434	0.688780	0.012081	0.000735	0.000522	0.003499	0.401974	1.710281	1.879938	0.741524	0.014296	0.002054	0.000910	0.005166	0.254037	1.005427	0.417182	0.009374	12.327500
101.250000	92.388000	0.088973	0.979939	0.427947	0.007811	0.350405	1.491075	1.877099	0.809061	0.055556	0.004402	0.002740	0.002020	0.322400	1.601390	1.924951	0.897579	0.107225	0.005844	0.000885	0.003924	0.159177	0.998666	0.475400	0.010121	12.604600
106.875000	92.388000	0.050930	0.941489	0.491421	0.002030	0.363356	1.259079	2.006686	0.879560	0.190808	0.008447	0.000000	0.002129	0.363382	1.388145	2.006256	0.944081	0.252710	0.009318	0.002965	0.001431	0.169652	0.965424	0.545975	0.012417	12.857700
112.500000	92.388000	0.028320	0.908520	0.562803	0.008676	0.249567	1.102452	1.902399	1.040584	0.374829	0.002820	0.001002	0.002694	0.285595	1.189343	2.088478	1.127448	0.422758	0.003718	0.000588	0.001248	0.101595	0.924728	0.612571	0.010676	12.953400
118.125000	92.388000	0.009549	0.890931	0.685845	0.011822	0.161661	0.959794	1.954186	1.230680	0.553799	0.008943	0.002798	0.005930	0.223943	1.048574	1.936159	1.318183	0.582848	0.003957	0.000637	0.005573	0.057274	0.909524	0.731693	0.012304	13.306600
123.750000	92.388000	0.006136	0.886201	0.746936	0.008845	0.065822	0.912818	1.846009	1.470740	0.672024	0.006200	0.001470	0.002134	0.093922	0.991494	1.975449	1.516386	0.692820	0.005535	0.000000	0.005813	0.022265	0.901707	0.766763	0.009987	13.607500
129.375000	92.388000	0.010102	0.811052	0.799390	0.010408	0.003429	0.900079	1.848768	1.579811	0.747874	0.006729	0.000694	0.001341	0.013117	0.891880	1.929474	1.633838	0.806459	0.002087	0.001316	0.000751	0.007845	0.908068	0.874594	0.005088	13.794200
135.000000	92.388000	0.003570	0.826778	0.778988	0.005345	0.004047	0.803820	1.679563	1.697161	0.841319	0.007475	0.000000	0.000743	0.006845	0.907104	1.769781	1.779700	0.858011	0.006591	0.000623	0.000000	0.006185	0.850775	0.869387	0.003984	13.707800
140.625000	92.388000	0.013640	0.804106	0.871560	0.014721	0.002799	0.736542	1.623150	1.875448	0.850104	0.009043	0.001029	0.002929	0.006283	0.780328	1.638645	1.918742	0.886250	0.012139	0.000735	0.000337	0.010055	0.856451	0.886896	0.011040	13.813000
146.250000	92.388000	0.010593	0.795093	0.859694	0.011357	0.003817	0.665458	1.421317	1.866185	0.944141	0.072394	0.004411	0.000750	0.009528	0.729007	1.470107	1.997570	0.942585	0.106911	0.005034	0.001332	0.008706	0.815147	0.929123	0.027027	13.697300
151.875000	92.388000	0.011187	0.645373	0.863858	0.008664	0.007642	0.544189	1.260753	1.964195	1.006650	0.215787	0.004454	0.001430	0.007630	0.572325	1.335691	1.990027	1.078218	0.215453	0.002110	0.002129	0.007923	0.714112	0.955482	0.048648	13.463900
157.500000	92.388000	0.009688	0.582602	0.950225	0.036208	0.004415	0.372874	1.117425	1.931499	1.131369	0.272130	0.002216	0.002029	0.000741	0.409551	1.124207	1.988455	1.152903	0.294335	0.002695	0.002972	0.015805	0.664320	0.918018	0.110210	13.096900
163.125000	92.388000	0.008402	0.465370	0.953121	0.085748	0.007327	0.191579	0.931904	1.850702	1.317867	0.380614	0.002412	0.002269	0.006164	0.224671	0.961575	1.948531	1.364519	0.370376	0.002925	0.003968	0.004392	0.586131	0.989848	0.143291	12.803700
168.750000	92.388000	0.010006	0.374702	0.956126	0.107902	0.001913	0.063093	0.783388	1.830299	1.394445	0.329886	0.004849	0.001936	0.004985	0.084405	0.887726	1.994381	1.565301	0.374957	0.004856	0.000140	0.006724	0.499143	1.010639	0.171937	12.463700
174.375000	92.388000	0.008886	0.312041	0.943122	0.147715	0.004810	0.010961	0.679502	1.802116	1.593293	0.378086	0.003176	0.000000	0.003465	0.020419	0.667168	1.894052	1.617382	0.378194	0.002812	0.001106	0.010589	0.436842	1.007528	0.268539	12.191800
180.000000	92.388000	0.007353	0.248122	0.936997	0.231644	0.002090	0.004066	0.532116	1.671318	1.667326	0.560370	0.001913	0.000727	0.001247	0.003279	0.548113	1.764183	1.804830	0.602135	0.003633	0.002133	0.001530	0.353016	1.051916	0.360335	12.360400
185.625000	92.388000	0.007273	0.179977	0.913871	0.324050	0.002094	0.002829	0.419075	1.585930	1.797569	0.655844	0.006510	0.002704	0.002191	0.000818	0.434234	1.695148	1.920223	0.686456	0.019828	0.003255	0.008840	0.251850	0.983084	0.409426	12.313100
191.250000	92.388000	0.013310	0.106268	0.929219	0.370645	0.002409	0.001948	0.365014	1.452226	1.908551	0.809910	0.070786	0.002858	0.001768	0.003905	0.372779	1.496153	1.934462	0.848533	0.092442	0.004713	0.010125	0.181907	1.014640	0.416930	12.411500
196.875000	92.388000	0.006221	0.074758	0.875524	0.494779	0.000000	0.002256	0.360281	1.329369	1.912702	0.894563	0.222250	0.007058	0.000735	0.002748	0.395775	1.395406	2.022655	0.943252	0.203501	0.009196	0.008716	0.163406	0.995464	0.584519	12.905100
202.500000	92.388000	0.014098	0.034026	0.913400	0.568554	0.000000	0.000874	0.272473	1.140609	1.943352	1.036470	0.336860	0.006141	0.000806	0.003660	0.310693	1.166373	1.963098	1.154215	0.404118	0.004380	0.010211	0.087699	1.000777	0.657742	13.030600
208.125000	92.388000	0.005771	0.005868	0.856185	0.637477	0.002134	0.001345	0.175027	0.997288	1.954537	1.312167	0.584981	0.003976	0.000745	0.008652	0.217246	1.068493	1.992266	1.364033	0.603318	0.006298	0.011149	0.057766	0.908658	0.693540	13.468900
213.750000	92.388000	0.012758	0.007309	0.852333	0.763651	0.003841	0.004864	0.067534	0.919831	1.854808	1.420763	0.650031	0.006555	0.002432	0.002072	0.084087	1.001939	1.942119	1.538848	0.658816	0.004060	0.007067	0.016009	0.935131	0.802993	13.559900
219.375000	92.388000	0.008856	0.010623	0.841450	0.787104	0.001203	0.000598	0.005085	0.933559	1.777788	1.533204	0.766871	0.007163	0.001877	0.002238	0.012056	0.892791	1.891327	1.634788	0.758870	0.002625	0.009001	0.007407	0.917090	0.792994	13.596600
225.000000	92.388000	0.004892	0.004610	0.842882	0.771115	0.000000	0.000766	0.005649	0.817969	1.711061	1.681226	0.805157	0.004222	0.000736	0.000674	0.003080	0.834718	1.797343	1.748541	0.843957	0.002230	0.003346	0.004074	0.828334	0.831181	13.547800
230.625000	92.388000	0.007138	0.012219	0.814550	0.843945	0.001323	0.001470	0.004490	0.746385	1.665664	1.752749	0.842968	0.008706	0.001324	0.002713	0.005529	0.776099	1.640194	1.889676	0.860682	0.011673	0.006186	0.009050	0.824166	0.868212	13.597100
236.250000	92.388000	0.007706	0.011952	0.748795	0.870199	0.001470	0.001977	0.010524	0.680398	1.490442	1.903541	0.907840	0.068468	0.005538	0.000000	0.004063	0.666142	1.467630	1.951381	0.958671	0.091230	0.023904	0.013048	0.802968	0.930240	13.618100
241.875000	92.388000	0.010990	0.008717	0.679222	0.857216	0.006681	0.002102	0.007145	0.566993	1.290655	1.961798	0.977873	0.172057	0.004017	0.001152	0.005142	0.593038	1.281902	2.052717	1.057129	0.196092	0.033184	0.010175	0.702135	0.902915	13.381000
247.500000	92.388000	0.040972	0.010681	0.611446	0.899464	0.001398	0.001459	0.004573	0.360313	1.059331	1.969511	1.108813	0.264699	0.002247	0.001516	0.003712	0.416533	1.203299	2.057308	1.169517	0.295255	0.096504	0.009316	0.633708	1.011881	13.233500
253.125000	92.388000	0.079293	0.008984	0.498319	0.927010	0.002916	0.002200	0.008435	0.186071	0.859051	1.948950	1.269665	0.386422	0.004289	0.000000	0.006753	0.242240	0.966637	1.995489	1.369394	0.384466	0.144578	0.011249	0.570244	0.941241	12.813900
258.750000	92.388000	0.112945	0.006327	0.385026	0.933582	0.000735	0.000000	0.002745	0.074197	0.781837	1.865586	1.470254	0.331719	0.002828	0.003592	0.007433	0.095664	0.811792	2.015134	1.498664	0.355649	0.164345	0.009055	0.468664	0.961676	12.359400
264.375000	92.388000	0.134599	0.006239	0.318008	0.973985	0.000769	0.000000	0.004182	0.012642	0.662961	1.884711	1.630027	0.406589	0.003217	0.002668	0.002660	0.015881	0.679811	1.871071	1.649604	0.407489	0.248665	0.005987	0.423219	1.005185	12.350200
270.000000	92.388000	0.238370	0.003709	0.213316	0.924991	0.002559	0.000165	0.002065	0.001313	0.564209	1.783183	1.631248	0.557300	0.000747	0.000858	0.000000	0.004207	0.582200	1.830118	1.830808	0.558242	0.356258	0.002720	0.356209	1.001098	12.445900
275.625000	92.388000	0.322515	0.007908	0.172262	0.954043	0.010548	0.002112	0.000000	0.002952	0.431768	1.607566	1.820958	0.661184	0.013184	0.003762	0.000550	0.002644	0.436341	1.647206	1.846314	0.695668	0.375462	0.010323	0.237511	0.978693	12.241500
281.250000	92.388000	0.395829	0.014769	0.096312	0.928686	0.066194	0.002822	0.000579	0.006120	0.352324	1.473206	1.943996	0.781062	0.099008	0.006058	0.000735	0.002910	0.348575	1.543711	1.986532	0.824376	0.447508	0.006818	0.191978	1.025520	12.545600
286.875000	92.388000	0.491522	0.012084	0.087444	0.899001	0.236891	0.009485	0.001180	0.001866	0.386829	1.241978	1.964851	0.902733	0.233928	0.007548	0.000735	0.001487	0.374949	1.330500	1.969432	0.979368	0.532486	0.005065	0.143697	0.987626	12.802700
292.500000	92.388000	0.574948	0.011667	0.030503	0.889573	0.379064	0.002805	0.001988	0.002830	0.275349	1.101513	1.941542	1.119799	0.441160	0.004033	0.000706	0.001237	0.315013	1.176676	2.055895	1.135192	0.688215	0.009679	0.103411	0.969373	13.232200
298.125000	92.388000	0.639099	0.007884	0.011223	0.948062	0.590101	0.002123	0.001493	0.002796	0.200423	1.080850	1.882347	1.186301	0.576906	0.006735	0.004669	0.008085	0.199782	1.071541	1.982053	1.331891	0.703343	0.009533	0.043710	0.930030	13.421000
303.750000	92.388000	0.724711	0.013940	0.009502	0.826125	0.629415	0.004169	0.002905	0.002222	0.064222	0.942578	1.906188	1.372922	0.716677	0.008957	0.000764	0.006058	0.075223	0.968226	1.960067	1.550316	0.773168	0.007704	0.015115	0.880488	13.461600
309.375000	92.388000	0.761178	0.007348	0.014661	0.813867	0.752742	0.007977	0.000737	0.002965	0.007123	0.898070	1.798553	1.566986	0.768495	0.004934	0.000618	0.003223	0.010705	0.932361	1.945206	1.629891	0.827888	0.005598	0.007296	0.885308	13.653700
315.000000	92.388000	0.773064	0.008059	0.004759	0.818116	0.812198	0.003757	0.000624	0.001482	0.006514	0.818923	1.700532	1.685026	0.855766	0.006956	0.000000	0.001493	0.005026	0.792240	1.848010	1.772371	0.868404	0.002573	0.005887	0.836759	13.628500
320.625000	92.388000	0.864927	0.006723	0.009566	0.788621	0.911774	0.006824	0.001493	0.000000	0.009588	0.779515	1.568468	1.830967	0.881729	0.008850	0.000000	0.000000	0.004717	0.730138	1.627618	1.886452	0.850286	0.006614	0.005365	0.846122	13.626400
326.250000	92.388000	0.906112	0.009227	0.012113	0.730371	0.932605	0.065546	0.004065	0.001104	0.008836	0.640492	1.431179	1.924487	0.987914	0.075754	0.004114	0.002811	0.006153	0.694539	1.459826	1.972712	0.898142	0.015182	0.007782	0.784167	13.575200
331.875000	92.388000	0.848539	0.012140	0.008866	0.606186	1.000426	0.167844	0.005122	0.001275	0.005326	0.556373	1.226201	1.917090	1.030925	0.224156	0.005678	0.000758	0.007053	0.555652	1.362812	1.956132	0.946102	0.053141	0.011503	0.729604	13.238900
337.500000	92.388000	0.902287	0.028938	0.010334	0.514386	1.076258	0.273590	0.000758	0.000634	0.004009	0.348755	1.055090	1.942650	1.172955	0.310069	0.002207	0.000315	0.003679	0.408206	1.142973	1.982370	0.983169	0.090056	0.013705	0.600602	12.868000
343.125000	92.388000	0.906204	0.055968	0.006501	0.495537	1.302440	0.363459	0.000000	0.001219	0.006886	0.179989	0.940965	1.896360	1.349805	0.349583	0.003085	0.000000	0.009683	0.226082	0.943951	2.052977	0.986437	0.135565	0.010371	0.540767	12.763800
348.750000	92.388000	0.932277	0.081790	0.004719	0.408160	1.409871	0.346692	0.001901	0.000770	0.004343	0.070007	0.741230	1.927755	1.561705	0.352000	0.000773	0.000889	0.003838	0.097565	0.834941	1.997061	0.999493	0.139439	0.007025	0.459646	12.383900
354.375000	92.388000	0.955817	0.087709	0.006093	0.330596	1.591359	0.384514	0.004901	0.003179	0.003804	0.008310	0.674390	1.829248	1.677776	0.418258	0.001799	0.001276	0.001191	0.018508	0.685984	1.874306	0.993272	0.272794	0.007034	0.435715	12.267800
2.812500	94.780200	0.927152	0.079143	0.006240	0.150097	1.658437	0.556214	0.001493	0.000000	0.002794	0.004470	0.434434	1.616817	1.836882	0.655585	0.003695	0.002832	0.000758	0.009127	0.500519	1.844765	1.046910	0.470118	0.006130	0.374474	12.189100
8.437500	94.780200	0.926521	0.057048	0.009135	0.103898	1.857590	0.714566	0.022552	0.002719	0.002301	0.004891	0.328999	1.469146	1.981024	0.811681	0.059369	0.003594	0.000739	0.001350	0.376425	1.620187	1.110595	0.456893	0.012314	0.248839	12.182400
14.062500	94.780200	0.881562	0.202053	0.008748	0.071771	1.835705	0.821213	0.106605	0.001386	0.001344	0.001569	0.349836	1.305562	1.961526	0.895688	0.189682	0.009928	0.002935	0.004123	0.356354	1.519078	1.025546	0.501253	0.009356	0.173050	12.235900
19.687500	94.780200	0.883373	0.320959	0.003191	0.022101	1.865642	0.977310	0.260886	0.005225	0.000796	0.000650	0.332168	1.168850	1.977439	1.039302	0.351586	0.007084	0.000735	0.000000	0.364713	1.300744	0.982239	0.621314	0.005611	0.161272	12.653200
25.312500	94.780200	0.857808	0.467789	0.009360	0.007937	1.919024	1.165898	0.481947	0.002987	0.003900	0.001933	0.232258	1.066906	1.944539	1.307394	0.518022	0.005772	0.000000	0.001039	0.259324	1.048332	0.988034	0.675742	0.011963	0.114625	13.092500
30.937500	94.780200	0.840802	0.627740	0.008075	0.010067	1.805418	1.301852	0.610283	0.003075	0.000000	0.002161	0.111273	0.952533	1.987787	1.433316	0.667762	0.006896	0.002188	0.003541	0.159617	1.025993	0.964105	0.784418	0.008656	0.065414	13.383000
36.562500	94.780200	0.799573	0.663391	0.006487	0.005529	1.826499	1.460256	0.707325	0.004666	0.001504	0.000440	0.018737	0.851247	1.890535	1.587310	0.752451	0.007511	0.002849	0.006421	0.055881	0.978356	0.891973	0.863640	0.006717	0.026771	13.416100
42.187500	94.780200	0.777259	0.802076	0.009200	0.007152	1.703302	1.539062	0.763275	0.004516	0.001467	0.000677	0.005354	0.828964	1.890942	1.746313	0.817677	0.004955	0.000768	0.000400	0.004810	0.879981	0.947775	0.843798	0.010744	0.011882	13.602300
47.812500	94.780200	0.750237	0.747244	0.003758	0.006925	1.609522	1.733296	0.854966	0.008029	0.002779	0.000000	0.007063	0.784044	1.718763	1.800939	0.887626	0.006929	0.001425	0.001306	0.012300	0.786179	0.855413	0.881406	0.007846	0.006536	13.474500
53.437500	94.780200	0.710032	0.830773	0.010564	0.006602	1.486393	1.794990	0.901790	0.016836	0.002800	0.001471	0.008220	0.732150	1.596324	1.934191	0.973162	0.056701	0.005417	0.003468	0.002880	0.716729	0.887382	0.949000	0.026472	0.007366	13.661700
59.062500	94.780200	0.593608	0.821868	0.007465	0.007434	1.237839	1.899492	0.984347	0.100078	0.003000	0.000744	0.005719	0.592085	1.461828	1.947163	1.020526	0.168919	0.005352	0.002761	0.004149	0.654762	0.770246	0.965722	0.062249	0.006257	13.323600
64.687500	94.780200	0.452616	0.841413	0.012050	0.006540	1.131776	1.914783	1.016020	0.225775	0.004359	0.000577	0.003596	0.438848	1.247215	1.991882	1.179854	0.268760	0.002905	0.001433	0.004954	0.561201	0.696884	0.976884	0.131248	0.009883	13.121500
70.312500	94.780200	0.319183	0.849191	0.030069	0.008403	0.970393	1.931985	1.120684	0.296229	0.002979	0.002101	0.003446	0.267086	1.039522	1.940739	1.335827	0.353338	0.004467	0.001507	0.008774	0.328568	0.620647	0.981282	0.163880	0.010268	12.590600
75.937500	94.780200	0.181539	0.889081	0.069983	0.007007	0.837018	1.877585	1.323951	0.366142	0.000960	0.000632	0.004003	0.101947	0.933317	2.023696	1.477979	0.382862	0.000606	0.001131	0.007771	0.162118	0.507989	1.060445	0.181720	0.008352	12.407800
81.562500	94.780200	0.066788	0.880449	0.092500	0.007077	0.657624	1.864025	1.478329	0.362059	0.004206	0.001145	0.005305	0.016496	0.794808	1.888284	1.603822	0.371590	0.005240	0.002000	0.005341	0.054552	0.454991	1.053355	0.255177	0.006552	11.931700
87.187500	94.780200	0.059396	0.915232	0.147761	0.010326	0.597179	1.754377	1.548563	0.438439	0.002866	0.001599	0.001283	0.003465	0.608339	1.834348	1.764873	0.514615	0.004681	0.001495	0.000670	0.006780	0.452622	1.043695	0.369944	0.007032	12.089600
92.812500	94.780200	0.054320	0.881217	0.228223	0.011828	0.436911	1.575649	1.692762	0.575508	0.004902	0.000000	0.001790	0.004001	0.510527	1.773954	1.896303	0.674906	0.005374	0.000758	0.000758	0.005871	0.328334	1.032055	0.467116	0.006205	12.169300
98.437500	94.780200	0.063759	0.909479	0.302492	0.010350	0.335715	1.476554	1.794776	0.644722	0.024038	0.003538	0.000587	0.003023	0.378851	1.611795	1.979509	0.762927	0.058463	0.006394	0.001315	0.003328	0.269192	1.092553	0.476213	0.009682	12.219200
104.062000	94.780200	0.045432	0.929080	0.390686	0.007519	0.339251	1.370084	1.799967	0.850737	0.107466	0.001483	0.000749	0.001785	0.339830	1.487795	2.022395	0.969130	0.194016	0.007521	0.001344	0.001918	0.193023	1.044980	0.528092	0.006263	12.640500
109.688000	94.780200	0.028405	0.816292	0.532589	0.008917	0.282942	1.187285	1.935107	0.943604	0.236689	0.002445	0.002673	0.000736	0.362722	1.307258	2.057930	1.086760	0.321072	0.008445	0.002348	0.000852	0.165582	0.967795	0.641825	0.010274	12.910500
115.312000	94.780200	0.008840	0.851476	0.591873	0.008068	0.223600	1.024817	1.946711	1.100805	0.468819	0.006090	0.002121	0.002954	0.282642	1.147067	1.986600	1.291063	0.548210	0.002391	0.000610	0.004236	0.125574	0.985485	0.721075	0.007885	13.339000
120.938000	94.780200	0.014326	0.877545	0.652066	0.009585	0.092380	0.939109	1.904367	1.321056	0.581628	0.008879	0.000000	0.002210	0.172337	1.046295	1.984146	1.447284	0.671547	0.003441	0.000918	0.006735	0.066866	0.971306	0.736101	0.013771	13.523900
126.562000	94.780200	0.008366	0.811674	0.717047	0.008069	0.016202	0.903273	1.831193	1.403153	0.704569	0.010004	0.000768	0.002726	0.051957	0.991721	1.904028	1.561478	0.719834	0.004492	0.000736	0.001656	0.033580	0.928873	0.814363	0.003570	13.433300
132.188000	94.780200	0.010969	0.771294	0.801714	0.009131	0.007092	0.838413	1.711242	1.595849	0.776395	0.007685	0.002648	0.001954	0.001470	0.881814	1.939879	1.798643	0.803209	0.003309	0.001494	0.000799	0.010019	0.928435	0.864115	0.006028	13.773600
137.812000	94.780200	0.008966	0.752233	0.812426	0.009398	0.004613	0.780713	1.564340	1.668876	0.826841	0.007732	0.002541	0.000849	0.006103	0.811404	1.760631	1.840331	0.875040	0.002809	0.001350	0.002451	0.005711	0.852703	0.927413	0.008219	13.533700
143.437000	94.780200	0.010457	0.731440	0.790668	0.010851	0.008121	0.716382	1.495113	1.784077	0.885378	0.020957	0.002533	0.001229	0.006742	0.713808	1.615030	1.997423	0.931174	0.046788	0.002720	0.000848	0.011670	0.864579	0.942947	0.018883	13.609800
149.062000	94.780200	0.010545	0.652254	0.839674	0.015520	0.006208	0.577838	1.313467	1.874747	0.941933	0.112711	0.002112	0.002134	0.006310	0.634941	1.494287	1.950601	1.002794	0.185187	0.005778	0.001655	0.012938	0.794863	0.990497	0.058635	13.487600
154.688000	94.780200	0.009385	0.574342	0.836435	0.008550	0.006794	0.454323	1.071778	1.842842	1.011681	0.243637	0.002820	0.000802	0.006340	0.562896	1.232965	1.974171	1.084926	0.275693	0.001338	0.000741	0.009587	0.675026	0.999855	0.126496	13.013400
160.312000	94.780200	0.008565	0.475967	0.851370	0.028277	0.004012	0.260422	0.950735	1.872145	1.144138	0.316002	0.004365	0.000758	0.004617	0.353011	1.098986	1.972644	1.319812	0.361427	0.003748	0.000726	0.007470	0.605946	1.003041	0.186417	12.834600
165.938000	94.780200	0.002882	0.389248	0.914464	0.073826	0.002115	0.115820	0.862838	1.919409	1.321294	0.353497	0.002112	0.003527	0.007742	0.165111	0.925940	2.017159	1.428035	0.354053	0.000939	0.001379	0.008432	0.548333	1.002837	0.177691	12.598700
171.562000	94.780200	0.008652	0.283724	0.854637	0.091291	0.002574	0.028800	0.709900	1.811152	1.502803	0.388013	0.002801	0.001314	0.004056	0.053292	0.763056	1.950081	1.553301	0.373773	0.002741	0.001519	0.008194	0.478082	1.028926	0.279367	12.182000
177.188000	94.780200	0.011045	0.233320	0.855630	0.152739	0.000000	0.004449	0.597802	1.660880	1.595102	0.419167	0.003781	0.000167	0.002515	0.004924	0.642168	1.838691	1.781430	0.512698	0.003783	0.002105	0.007532	0.499709	1.111514	0.362146	12.303300
182.812000	94.780200	0.004839	0.145586	0.914066	0.253190	0.001341	0.002043	0.424680	1.655621	1.727867	0.619445	0.001973	0.000000	0.001322	0.001785	0.473388	1.797456	1.813063	0.663310	0.008044	0.001310	0.010524	0.355527	1.074305	0.466162	12.416800
188.438000	94.780200	0.009320	0.091625	0.916079	0.295398	0.001418	0.002285	0.354046	1.525796	1.732402	0.710684	0.019808	0.005024	0.002251	0.005970	0.432420	1.630920	1.951664	0.760811	0.059061	0.005868	0.010862	0.271630	1.054026	0.448402	12.297800
194.062000	94.780200	0.006513	0.079593	0.862255	0.388986	0.001373	0.002254	0.358438	1.279493	1.863901	0.824299	0.113524	0.005528	0.000752	0.004459	0.374201	1.503584	1.897083	0.928202	0.175191	0.010276	0.007189	0.195675	1.036171	0.507807	12.426700
199.687000	94.780200	0.010617	0.033895	0.868024	0.490077	0.002125	0.002772	0.324061	1.117182	1.912860	1.025061	0.267127	0.005232	0.001402	0.004215	0.359696	1.276224	1.918346	1.077303	0.351237	0.006569	0.009185	0.158936	1.024101	0.614573	12.860800
205.312000	94.780200	0.008730	0.006543	0.835414	0.545410	0.002009	0.000630	0.224238	1.043303	1.924973	1.154984	0.446262	0.002459	0.002604	0.002800	0.257454	1.140903	1.986487	1.313750	0.546658	0.008539	0.008930	0.105311	1.014611	0.768664	13.351700
210.938000	94.780200	0.011388	0.011389	0.816601	0.663204	0.001354	0.002111	0.103558	0.944885	1.822349	1.298233	0.578539	0.007467	0.000769	0.005536	0.164731	1.024839	2.025720	1.435940	0.655382	0.009473	0.010893	0.075232	0.928373	0.787269	13.385200
216.562000	94.780200	0.011502	0.008834	0.845510	0.741131	0.002087	0.002135	0.011955	0.893478	1.796902	1.512213	0.724491	0.007615	0.000000	0.003596	0.041810	0.964153	1.885570	1.573885	0.729871	0.004757	0.005404	0.024505	0.927746	0.841268	13.560400
222.188000	94.780200	0.009763	0.003973	0.795649	0.791192	0.001582	0.000816	0.003896	0.843617	1.680084	1.526102	0.793481	0.006319	0.001377	0.002036	0.002769	0.880818	1.793871	1.759975	0.836126	0.004721	0.009203	0.011902	0.890662	0.883752	13.533700
227.812000	94.780200	0.008570	0.008226	0.778421	0.792665	0.001068	0.001510	0.007626	0.768697	1.559748	1.727075	0.837631	0.007300	0.001113	0.000518	0.004871	0.850172	1.693429	1.890252	0.903230	0.006691	0.007352	0.009228	0.891943	0.906572	13.663900
233.438000	94.780200	0.007679	0.008459	0.762523	0.840974	0.001764	0.000000	0.007241	0.685163	1.430319	1.776680	0.936109	0.014283	0.002649	0.001778	0.006717	0.731140	1.617190	1.900544	0.908906	0.057927	0.031585	0.009638	0.836032	0.975366	13.550700
239.062000	94.780200	0.008463	0.012030	0.642767	0.817587	0.002147	0.000769	0.008529	0.551497	1.305392	1.846404	0.931392	0.115567	0.009137	0.000000	0.004970	0.712780	1.443201	1.921377	1.009816	0.157489	0.064132	0.009813	0.762825	0.972722	13.310800
244.687000	94.780200	0.008086	0.006635	0.591095	0.882269	0.001557	0.000699	0.004882	0.449449	1.104504	1.828637	1.062647	0.199438	0.003544	0.000671	0.003400	0.505987	1.221248	1.938070	1.145439	0.289095	0.106332	0.010948	0.722915	0.985252	13.072800
250.312000	94.780200	0.023312	0.009672	0.533724	0.858541	0.000758	0.000702	0.004295	0.236484	0.930741	1.945274	1.104034	0.295857	0.000000	0.002843	0.007671	0.318968	1.127533	1.918809	1.314055	0.369086	0.155629	0.007278	0.610136	1.003519	12.778900
255.937000	94.780200	0.069860	0.007026	0.409957	0.851702	0.000813	0.000610	0.007747	0.110119	0.821790	1.900499	1.337738	0.373133	0.002533	0.000738	0.007659	0.161498	0.941780	2.024996	1.463321	0.377086	0.188713	0.010594	0.555983	1.044111	12.670000
261.562000	94.780200	0.080004	0.008989	0.314898	0.888135	0.005090	0.000817	0.003228	0.020727	0.722736	1.856628	1.412280	0.361952	0.002181	0.003509	0.004820	0.049521	0.768531	1.913550	1.672336	0.409767	0.247050	0.008014	0.470526	1.083005	12.308300
267.188000	94.780200	0.142921	0.006623	0.231084	0.896190	0.002960	0.002181	0.000000	0.003458	0.614039	1.707464	1.537479	0.439406	0.004338	0.001946	0.001293	0.005971	0.641027	1.880356	1.753687	0.493117	0.361228	0.008485	0.439589	1.067485	12.242300
272.812000	94.780200	0.215102	0.007501	0.149865	0.929984	0.003456	0.000000	0.002739	0.006384	0.428108	1.569644	1.653562	0.592120	0.006401	0.002925	0.001344	0.004463	0.491140	1.775888	1.899605	0.647607	0.496353	0.011853	0.382508	1.003197	12.281800
278.438000	94.780200	0.304267	0.010281	0.089694	0.889828	0.022857	0.004008	0.001322	0.001470	0.405126	1.472968	1.802715	0.691150	0.057512	0.005555	0.000670	0.003978	0.362630	1.595532	1.972553	0.768380	0.447389	0.010407	0.239375	1.049772	12.209400
284.062000	94.780200	0.403635	0.008205	0.081387	0.864834	0.108672	0.004035	0.000620	0.003805	0.358011	1.293935	1.863414	0.815272	0.169717	0.003595	0.001341	0.002563	0.363795	1.532254	2.041316	0.954790	0.562072	0.007318	0.191355	1.041115	12.677100
289.688000	94.780200	0.498657	0.011446	0.022668	0.891776	0.273300	0.005872	0.001008	0.005201	0.298281	1.151229	1.864455	1.027191	0.326385	0.008185	0.001714	0.004321	0.382456	1.320479	2.038365	1.060981	0.601048	0.011473	0.183269	0.987872	12.977600
295.312000	94.780200	0.605680	0.010061	0.007423	0.865613	0.430235	0.002450	0.001314	0.003454	0.222417	1.003975	1.890874	1.124038	0.526432	0.004357	0.002711	0.003683	0.281331	1.136266	1.929916	1.313999	0.719872	0.014214	0.117646	0.974815	13.192800
300.938000	94.780200	0.651122	0.007556	0.014216	0.825459	0.600806	0.004737	0.002126	0.002710	0.110058	0.942131	1.901008	1.337591	0.641654	0.007092	0.000735	0.002205	0.174681	1.042927	1.944867	1.476678	0.738342	0.010513	0.058991	0.913916	13.412100
306.562000	94.780200	0.739081	0.012612	0.008752	0.827243	0.670658	0.005777	0.001782	0.003223	0.022948	0.905324	1.796845	1.408356	0.782734	0.007781	0.001372	0.004297	0.055667	0.931811	1.987901	1.633465	0.831986	0.012525	0.028480	0.903074	13.583700
312.187000	94.780200	0.759015	0.006485	0.011097	0.789493	0.721708	0.004710	0.000000	0.001350	0.004878	0.813267	1.689030	1.601809	0.768579	0.003437	0.002696	0.001342	0.007321	0.869362	1.918855	1.821704	0.841444	0.006127	0.006242	0.902638	13.552600
317.812000	94.780200	0.816338	0.007746	0.010473	0.753198	0.862855	0.003156	0.000179	0.000000	0.009351	0.793404	1.589413	1.731871	0.870325	0.006808	0.002086	0.000125	0.004190	0.804706	1.708132	1.817949	0.877743	0.009620	0.007806	0.864186	13.551700
323.438000	94.780200	0.790864	0.011865	0.011286	0.709695	0.921855	0.020717	0.005062	0.001316	0.007504	0.698454	1.413841	1.790410	0.966515	0.054816	0.002310	0.001347	0.004249	0.731568	1.578635	1.906674	0.931855	0.031393	0.007619	0.871959	13.471800
329.062000	94.780200	0.842881	0.009845	0.008411	0.661083	0.967472	0.119789	0.002263	0.002103	0.005039	0.537460	1.331710	1.838997	1.020733	0.160361	0.005781	0.004369	0.009407	0.639084	1.476282	2.031409	0.952694	0.057574	0.011523	0.713409	13.409700
334.688000	94.780200	0.902378	0.009932	0.010832	0.580367	1.039233	0.217335	0.000740	0.000633	0.003786	0.418692	1.105365	1.851833	1.174312	0.278202	0.001327	0.001477	0.007951	0.519383	1.280443	1.916853	0.992004	0.118205	0.011573	0.676967	13.119800
340.312000	94.780200	0.902714	0.025459	0.005944	0.492277	1.173803	0.300570	0.000000	0.001979	0.003377	0.255275	0.955941	1.892944	1.304917	0.363263	0.003703	0.000741	0.005873	0.316098	1.080208	1.945512	1.041958	0.184008	0.009810	0.665643	12.932000
345.938000	94.780200	0.851230	0.046074	0.007251	0.393098	1.336268	0.390400	0.001822	0.000000	0.003129	0.114174	0.831634	1.888680	1.467845	0.341905	0.004073	0.001386	0.013118	0.167825	0.937698	1.987369	1.005352	0.194550	0.013538	0.550488	12.548900
351.562000	94.780200	0.903198	0.065971	0.009237	0.275969	1.504319	0.348816	0.002595	0.000740	0.002032	0.020927	0.689193	1.845070	1.573987	0.386680	0.004685	0.001354	0.003013	0.054061	0.779698	1.927145	1.045196	0.253362	0.010360	0.486651	12.194300
357.187000	94.780200	0.900058	0.054017	0.005715	0.239221	1.611196	0.427287	0.001226	0.000000	0.000704	0.005050	0.576863	1.804434	1.717168	0.499935	0.002724	0.001991	0.001045	0.008259	0.659662	1.903643	1.069384	0.356193	0.013737	0.478647	12.338200
0.000000	97.180800	0.861950	0.034881	0.006693	0.138235	1.582956	0.523632	0.002100	0.000670	0.000000	0.001406	0.526407	1.631734	1.807669	0.599379	0.003708	0.000000	0.000000	0.006384	0.594055	1.823287	1.089756	0.485942	0.005509	0.477651	12.204000
5.625000	97.180800	0.858137	0.052569	0.005779	0.088833	1.729134	0.603244	0.005050	0.000000	0.001746	0.001762	0.365373	1.494208	1.867407	0.715052	0.022617	0.000610	0.001385	0.002916	0.407295	1.673592	1.129918	0.479906	0.007124	0.323106	11.836800
11.250000	97.180800	0.833989	0.097422	0.007834	0.073927	1.784224	0.747468	0.051959	0.003377	0.001703	0.001514	0.338854	1.293438	2.039812	0.841198	0.120524	0.003929	0.000758	0.002432	0.345179	1.581338	1.104500	0.520354	0.007955	0.276380	12.080100
16.875000	97.180800	0.832888	0.252916	0.008744	0.023221	1.764239	0.873784	0.168766	0.003519	0.000587	0.001201	0.335310	1.138359	1.868538	0.975765	0.255401	0.004721	0.000163	0.005029	0.388199	1.466918	1.087995	0.618853	0.008066	0.187799	12.271000
22.500000	97.180800	0.881202	0.366501	0.006788	0.010911	1.837425	1.013793	0.297663	0.004803	0.002757	0.001904	0.239732	1.060802	1.952049	1.196717	0.469866	0.005300	0.002331	0.004044	0.313747	1.237115	1.074850	0.679319	0.010573	0.193088	12.863300
28.125000	97.180800	0.837283	0.507917	0.005180	0.011351	1.817418	1.166780	0.509229	0.003838	0.000186	0.002214	0.158415	0.967135	1.955747	1.366804	0.589351	0.005012	0.002183	0.003679	0.251118	1.102970	0.979656	0.767156	0.006846	0.134862	13.152300
33.750000	97.180800	0.802181	0.663074	0.005419	0.011215	1.761796	1.366499	0.607173	0.006066	0.000941	0.003582	0.046941	0.905498	1.968504	1.594084	0.741057	0.003618	0.000896	0.008001	0.123708	1.005210	1.027352	0.824776	0.005651	0.092855	13.576100
39.375000	97.180800	0.756887	0.672156	0.007060	0.007414	1.722552	1.447092	0.666225	0.005029	0.000000	0.000000	0.003790	0.859510	1.999357	1.696358	0.794073	0.006533	0.000601	0.002945	0.023103	0.965548	0.988493	0.901404	0.007964	0.031546	13.565600
45.000000	97.180800	0.782040	0.735764	0.004086	0.003959	1.641110	1.640737	0.780015	0.007849	0.001217	0.001433	0.002259	0.777395	1.807737	1.854559	0.836656	0.003577	0.000737	0.000000	0.005696	0.859258	0.902672	0.929438	0.010732	0.008273	13.597200
50.625000	97.180800	0.695299	0.784184	0.011711	0.009831	1.489741	1.732945	0.836408	0.004320	0.003527	0.000000	0.006586	0.677869	1.724305	1.925460	0.924228	0.024557	0.001881	0.000000	0.006511	0.755479	0.834283	0.888607	0.040062	0.011079	13.388900
56.250000	97.180800	0.621439	0.820284	0.016112	0.007502	1.345836	1.728761	0.948282	0.047064	0.000814	0.001799	0.008703	0.660928	1.618050	1.965021	0.967902	0.117533	0.007048	0.000758	0.003880	0.701937	0.853783	0.948657	0.083500	0.013154	13.488700
61.875000	97.180800	0.516076	0.838205	0.010631	0.004558	1.207597	1.848972	0.947269	0.172583	0.002531	0.000744	0.007076	0.477401	1.447295	1.849775	1.126822	0.256167	0.004281	0.001251	0.009604	0.626286	0.788200	1.006773	0.127225	0.010567	13.287900
67.500000	97.180800	0.399928	0.824806	0.007724	0.008704	1.022961	1.872259	1.049140	0.227806	0.002437	0.001768	0.003017	0.345587	1.256308	1.880628	1.247339	0.304562	0.001953	0.000000	0.002087	0.473846	0.701353	1.043217	0.173710	0.016508	12.867600
73.125000	97.180800	0.237467	0.852609	0.019986	0.005374	0.839712	1.818707	1.222005	0.343644	0.000797	0.002050	0.003693	0.152705	0.999187	1.945319	1.387275	0.374912	0.002660	0.000621	0.004161	0.268141	0.610969	1.072932	0.181248	0.010978	12.357100
78.750000	97.180800	0.094599	0.884180	0.056519	0.003564	0.760143	1.841858	1.301241	0.335984	0.003322	0.000689	0.003873	0.048761	0.938450	1.963177	1.540273	0.358038	0.004479	0.000774	0.007388	0.129413	0.518058	1.091154	0.300394	0.006730	12.193100
84.375000	97.180800	0.047800	0.846906	0.071171	0.015027	0.599717	1.699095	1.486676	0.348850	0.003490	0.001493	0.002705	0.007049	0.723464	1.963947	1.718514	0.403106	0.002737	0.002250	0.002500	0.029376	0.501915	1.157042	0.362204	0.005471	12.002500
90.000000	97.180800	0.042219	0.821779	0.130177	0.004594	0.492666	1.596244	1.626860	0.486639	0.001107	0.000137	0.000654	0.004084	0.597035	1.848519	1.871817	0.553892	0.005241	0.000000	0.000735	0.003559	0.466458	1.131991	0.470498	0.002161	12.159100
95.625000	97.180800	0.044171	0.888339	0.230049	0.007688	0.326670	1.421758	1.688068	0.619195	0.006336	0.002176	0.000000	0.002979	0.401019	1.737820	1.908156	0.689489	0.027423	0.005035	0.001784	0.002535	0.371753	1.081781	0.483700	0.009476	11.957400
101.250000	97.180800	0.036299	0.853920	0.288273	0.004547	0.346560	1.364746	1.766004	0.689726	0.043784	0.002759	0.001282	0.000588	0.340466	1.589990	1.987912	0.908184	0.124768	0.009431	0.006048	0.003500	0.253288	1.089101	0.529139	0.005482	12.245800
106.875000	97.180800	0.013659	0.828833	0.377647	0.005594	0.338393	1.178452	1.840365	0.886805	0.162540	0.002277	0.002747	0.003655	0.402312	1.413423	1.940309	1.005457	0.259907	0.009698	0.000000	0.000758	0.194876	1.134626	0.603049	0.011785	12.617200
112.500000	97.180800	0.008980	0.868443	0.511242	0.010983	0.243548	1.098339	1.855848	1.041130	0.329398	0.003860	0.000705	0.001344	0.321255	1.229447	1.906267	1.194557	0.457057	0.006157	0.002222	0.001448	0.198265	1.084110	0.702662	0.006864	13.084100
118.125000	97.180800	0.008370	0.804698	0.553271	0.009795	0.163638	0.940674	1.818232	1.100172	0.462902	0.005484	0.000867	0.001493	0.248810	1.102973	1.985062	1.389435	0.635667	0.007426	0.001949	0.002370	0.143852	1.017179	0.746251	0.009333	13.159900
123.750000	97.180800	0.012459	0.799844	0.642894	0.005612	0.041540	0.890466	1.712373	1.273103	0.593598	0.005014	0.002315	0.002223	0.114086	1.041572	1.958484	1.509544	0.698429	0.008747	0.000772	0.003166	0.071582	1.003483	0.857368	0.009586	13.258300
129.375000	97.180800	0.013357	0.769040	0.722427	0.005914	0.004024	0.831543	1.685942	1.481157	0.716231	0.000806	0.002787	0.001516	0.019124	0.943991	1.871829	1.666116	0.788977	0.004743	0.001334	0.002102	0.036058	0.940199	0.912477	0.010656	13.432300
135.000000	97.180800	0.006287	0.750229	0.709716	0.003444	0.003785	0.811596	1.603257	1.575910	0.794801	0.005308	0.000000	0.000125	0.006496	0.849967	1.843441	1.874792	0.814866	0.006102	0.000000	0.002229	0.008893	0.939148	0.856518	0.003683	13.470600
140.625000	97.180800	0.007901	0.699763	0.776758	0.007191	0.003851	0.713097	1.482254	1.719577	0.822809	0.001150	0.002213	0.000615	0.007731	0.788697	1.692841	1.957421	0.937390	0.014628	0.000593	0.001969	0.010617	0.914257	0.984800	0.041183	13.589300
146.250000	97.180800	0.010057	0.666203	0.801341	0.008696	0.004610	0.602628	1.295824	1.793724	0.909101	0.038229	0.002106	0.002250	0.007050	0.656839	1.544073	1.905419	0.998354	0.115314	0.003119	0.000751	0.007831	0.808522	0.992485	0.083757	13.258300
151.875000	97.180800	0.012789	0.630217	0.837067	0.008075	0.006516	0.507007	1.108560	1.827065	0.967389	0.162385	0.002014	0.001279	0.005759	0.600165	1.373137	1.924815	1.088227	0.220846	0.002705	0.000595	0.012128	0.760532	1.003362	0.138499	13.201100
157.500000	97.180800	0.006161	0.469505	0.827351	0.011981	0.003697	0.333074	0.982901	1.830503	1.015320	0.225933	0.003285	0.000742	0.005487	0.461585	1.193460	1.886034	1.228090	0.355680	0.004707	0.000737	0.011867	0.715582	1.065358	0.170598	12.809600
163.125000	97.180800	0.009614	0.376632	0.848963	0.017155	0.006048	0.157698	0.862151	1.899210	1.174900	0.351517	0.002066	0.002676	0.007284	0.275489	1.033784	1.870245	1.420446	0.391543	0.000628	0.001320	0.009143	0.582053	1.035830	0.202983	12.539400
168.750000	97.180800	0.007227	0.304751	0.855408	0.063673	0.001291	0.052783	0.758154	1.724180	1.324619	0.338840	0.000771	0.000000	0.004370	0.111300	0.862528	1.967453	1.578975	0.387792	0.003916	0.001711	0.009648	0.522160	1.063145	0.279581	12.224300
174.375000	97.180800	0.007521	0.231048	0.913923	0.069459	0.001846	0.008461	0.644230	1.767067	1.460901	0.366094	0.004397	0.001354	0.001020	0.026433	0.711991	1.889483	1.711898	0.459013	0.003235	0.002343	0.006545	0.500597	1.109036	0.350452	12.248300
180.000000	97.180800	0.009358	0.150185	0.886136	0.131153	0.000745	0.002939	0.510261	1.656220	1.614329	0.531700	0.004650	0.000758	0.001260	0.003574	0.589770	1.868300	1.843634	0.610788	0.006928	0.000000	0.003318	0.488329	1.124461	0.499777	12.538600
185.625000	97.180800	0.010528	0.080984	0.828311	0.217881	0.000758	0.000000	0.383207	1.491041	1.673682	0.605528	0.006484	0.000000	0.000762	0.006044	0.448293	1.720968	1.940298	0.706766	0.027246	0.002708	0.009977	0.373924	1.113723	0.515827	12.164900
191.250000	97.180800	0.011989	0.065589	0.864895	0.297806	0.000684	0.002558	0.311939	1.358389	1.771760	0.680810	0.040808	0.000821	0.000764	0.001402	0.350866	1.568117	1.933207	0.855991	0.131665	0.007332	0.008704	0.287608	1.114881	0.558257	12.226800
196.875000	97.180800	0.002241	0.026858	0.860585	0.388236	0.000758	0.000690	0.351220	1.195710	1.855769	0.848265	0.174707	0.001483	0.000775	0.005281	0.379802	1.387048	1.958393	1.025569	0.267174	0.011482	0.017010	0.195800	1.073481	0.602822	12.631200
202.500000	97.180800	0.011408	0.012342	0.785775	0.512046	0.000000	0.002226	0.249604	1.019782	1.771432	0.991001	0.302646	0.008437	0.000589	0.002048	0.336100	1.205029	1.931589	1.259622	0.478487	0.005799	0.012276	0.174209	1.029696	0.699089	12.801200
208.125000	97.180800	0.009117	0.008178	0.804688	0.595666	0.002216	0.001204	0.184737	0.977821	1.943091	1.176393	0.502600	0.003568	0.002211	0.003044	0.240141	1.063865	1.926082	1.418772	0.642095	0.003338	0.010922	0.134438	1.013103	0.764733	13.432000
213.750000	97.180800	0.009119	0.006936	0.797500	0.675534	0.001586	0.001968	0.047297	0.850252	1.748519	1.310278	0.644723	0.008355	0.001773	0.003569	0.125201	0.979068	2.042447	1.537129	0.700240	0.005056	0.006275	0.076290	0.981697	0.870393	13.431200
219.375000	97.180800	0.004423	0.005454	0.793787	0.753315	0.000740	0.000000	0.006078	0.836504	1.701301	1.477888	0.734567	0.008285	0.000000	0.003750	0.023214	0.922946	1.954322	1.660450	0.823813	0.008560	0.011146	0.033744	0.974706	0.900582	13.639600
225.000000	97.180800	0.003161	0.006784	0.714120	0.755127	0.002209	0.002890	0.007994	0.784069	1.567212	1.559216	0.801175	0.007646	0.000000	0.000000	0.001596	0.856897	1.828060	1.821308	0.838620	0.004044	0.010256	0.008392	0.932438	0.944138	13.457400
230.625000	97.180800	0.004890	0.005276	0.762464	0.799216	0.000737	0.001493	0.004753	0.699634	1.449546	1.673139	0.850501	0.005760	0.000758	0.001233	0.005774	0.814961	1.739765	1.891994	0.922732	0.024900	0.031230	0.007542	0.856041	0.962973	13.517300
236.250000	97.180800	0.005024	0.009734	0.676543	0.826955	0.004886	0.000729	0.010292	0.623157	1.372312	1.765235	0.941415	0.041829	0.002097	0.000000	0.006231	0.739189	1.511444	1.884009	0.996453	0.112670	0.068095	0.007978	0.815871	0.968050	13.390200
241.875000	97.180800	0.008187	0.010398	0.581086	0.822405	0.002091	0.000730	0.004828	0.523220	1.154724	1.824826	0.941087	0.148906	0.001949	0.001477	0.004620	0.634976	1.348686	1.861379	1.064513	0.231256	0.123797	0.011426	0.799690	1.025601	13.131900
247.500000	97.180800	0.011577	0.010973	0.526736	0.797746	0.002116	0.002228	0.002655	0.344397	1.027530	1.851607	1.045747	0.236386	0.004429	0.001691	0.007055	0.461766	1.215299	2.005906	1.187115	0.332487	0.176529	0.009795	0.708126	1.075672	13.045600
253.125000	97.180800	0.030122	0.009456	0.376809	0.825970	0.002483	0.002269	0.007037	0.169013	0.885310	1.841134	1.247950	0.340670	0.002163	0.003095	0.006382	0.271842	1.005482	1.964003	1.405495	0.376595	0.202401	0.007814	0.613222	1.032886	12.629600
258.750000	97.180800	0.058793	0.006493	0.281515	0.876188	0.000675	0.001964	0.003723	0.039101	0.716156	1.771681	1.405981	0.320393	0.000735	0.000564	0.003932	0.128705	0.892563	1.985265	1.539198	0.375006	0.249831	0.008498	0.493957	1.106445	12.267400
264.375000	97.180800	0.083064	0.008122	0.246945	0.859053	0.001471	0.000735	0.000000	0.005089	0.594279	1.769589	1.434266	0.376062	0.002149	0.001289	0.003302	0.025372	0.760399	1.963064	1.726193	0.430869	0.381336	0.007353	0.489714	1.093587	12.263300
270.000000	97.180800	0.162406	0.013002	0.148668	0.866810	0.004458	0.000000	0.000576	0.003550	0.480632	1.605609	1.621952	0.505707	0.005648	0.000737	0.000758	0.004830	0.546573	1.907273	1.846846	0.595490	0.460602	0.003241	0.477034	1.083211	12.345600
275.625000	97.180800	0.217375	0.003394	0.092673	0.896903	0.007439	0.001350	0.001097	0.003930	0.368088	1.500462	1.644141	0.615159	0.032360	0.003200	0.002350	0.003928	0.426297	1.741416	1.924645	0.736785	0.479397	0.008733	0.391027	1.155900	12.258100
281.250000	97.180800	0.293517	0.009468	0.059845	0.878266	0.043662	0.003282	0.000587	0.004331	0.302409	1.317720	1.699220	0.750170	0.117171	0.004228	0.001493	0.004537	0.350041	1.613820	1.891349	0.904140	0.518022	0.008166	0.271341	1.071959	12.118700
286.875000	97.180800	0.386095	0.010222	0.025306	0.909737	0.182843	0.005501	0.000000	0.003154	0.314794	1.225444	1.772541	0.869873	0.272981	0.010498	0.000736	0.002554	0.368277	1.441290	2.004368	1.029400	0.650352	0.008996	0.215122	1.048744	12.758800
292.500000	97.180800	0.491573	0.005859	0.009059	0.845326	0.317163	0.002753	0.000735	0.000751	0.205344	1.012816	1.950284	0.989660	0.450488	0.003054	0.001984	0.000000	0.330956	1.249375	1.953734	1.224313	0.707832	0.007260	0.193348	1.015075	12.968700
298.125000	97.180800	0.587624	0.010872	0.013202	0.809369	0.487094	0.010169	0.001493	0.001929	0.148577	0.964504	1.851008	1.181709	0.629033	0.007717	0.001388	0.004044	0.251821	1.069421	1.892073	1.348765	0.751427	0.018308	0.129293	1.032081	13.202900
303.750000	97.180800	0.668371	0.008654	0.010278	0.806092	0.632117	0.008347	0.002087	0.002834	0.040321	0.900245	1.799254	1.281144	0.729332	0.007809	0.001345	0.005336	0.108330	1.017990	1.952558	1.557825	0.855595	0.009418	0.074725	0.918310	13.398300
309.375000	97.180800	0.733992	0.008975	0.007174	0.761681	0.709028	0.008588	0.001300	0.001994	0.006432	0.839318	1.730525	1.499852	0.832256	0.007149	0.000758	0.002266	0.024776	0.925763	1.957715	1.704818	0.873595	0.010540	0.038228	0.973516	13.660200
315.000000	97.180800	0.777500	0.004810	0.004452	0.747984	0.747740	0.008824	0.000820	0.000000	0.005677	0.799208	1.648326	1.562474	0.872696	0.005634	0.000747	0.000000	0.004524	0.858507	1.813855	1.838895	0.976883	0.010902	0.010602	0.962675	13.663700
320.625000	97.180800	0.727124	0.014265	0.007262	0.724090	0.849693	0.002508	0.002106	0.000000	0.003227	0.722575	1.505473	1.678806	0.901809	0.022136	0.004499	0.001308	0.003151	0.779503	1.692321	1.887448	0.956121	0.032445	0.005306	0.923462	13.446600
326.250000	97.180800	0.742917	0.012261	0.007861	0.641216	0.911459	0.051508	0.001467	0.000000	0.003235	0.619223	1.371577	1.817090	1.019306	0.124470	0.003131	0.000608	0.002226	0.683600	1.524959	1.969262	0.990141	0.077463	0.010287	0.818648	13.403900
331.875000	97.180800	0.787645	0.006777	0.005062	0.563313	0.954597	0.187228	0.002122	0.000000	0.005156	0.503365	1.191356	1.742886	1.079464	0.239882	0.005365	0.002145	0.006364	0.578384	1.438225	1.911266	0.966709	0.159094	0.008834	0.730067	13.075300
337.500000	97.180800	0.860864	0.016067	0.003998	0.482335	1.065556	0.240713	0.000755	0.001286	0.005387	0.332964	0.986006	1.815371	1.279877	0.354925	0.003772	0.001510	0.008690	0.441155	1.185633	1.853948	1.055643	0.181200	0.007906	0.664123	12.849700
343.125000	97.180800	0.853909	0.024750	0.004404	0.402083	1.192464	0.342577	0.000620	0.000000	0.007760	0.178386	0.933788	1.859117	1.427899	0.391092	0.000000	0.001355	0.006024	0.294089	1.024338	1.948430	1.058771	0.204841	0.009533	0.632517	12.798700
348.750000	97.180800	0.846696	0.036026	0.006373	0.272466	1.365944	0.344441	0.001363	0.000602	0.001219	0.048077	0.701042	1.685987	1.574914	0.370282	0.002638	0.000000	0.004607	0.128683	0.822524	1.965598	1.080395	0.271580	0.012637	0.522365	12.066500
354.375000	97.180800	0.900846	0.039450	0.005912	0.226924	1.491121	0.360594	0.004211	0.002703	0.000577	0.006249	0.611300	1.748835	1.680412	0.447824	0.002639	0.001698	0.004770	0.036310	0.758978	1.952659	1.101741	0.396103	0.009210	0.481913	12.273000
2.812500	99.594100	0.832903	0.033311	0.008490	0.070245	1.593994	0.571733	0.003842	0.001367	0.000000	0.006085	0.420001	1.573682	1.870155	0.680692	0.015001	0.002639	0.000619	0.005010	0.550841	1.878773	1.198900	0.579485	0.005160	0.476328	12.379300
8.437500	99.594100	0.869809	0.044389	0.007742	0.060640	1.684845	0.619142	0.010473	0.003764	0.001494	0.004006	0.309556	1.329900	1.961311	0.827654	0.082811	0.007136	0.000000	0.003599	0.400473	1.670335	1.199850	0.496307	0.009010	0.360034	11.964300
14.062500	99.594100	0.827207	0.136877	0.008811	0.020334	1.848768	0.786026	0.090403	0.001770	0.001604	0.001279	0.325732	1.171768	1.955442	0.922184	0.210948	0.007348	0.001366	0.005032	0.365131	1.524688	1.190033	0.611635	0.013217	0.264436	12.292000
19.687500	99.594100	0.836034	0.291564	0.005711	0.007490	1.737718	0.904254	0.213768	0.011042	0.000988	0.003599	0.260965	1.027375	1.814771	1.124342	0.387723	0.004732	0.002856	0.005329	0.401104	1.331065	1.114383	0.698673	0.012784	0.240190	12.438500
25.312500	99.594100	0.811899	0.377466	0.003994	0.010785	1.739607	1.030463	0.406680	0.004520	0.001325	0.001651	0.193012	0.957409	1.894482	1.295032	0.575350	0.008659	0.001321	0.003584	0.299220	1.209553	1.064134	0.730367	0.005873	0.204436	12.830800
30.937500	99.594100	0.762966	0.532842	0.008192	0.014760	1.679552	1.183959	0.532955	0.005171	0.002888	0.000631	0.082742	0.912757	1.876138	1.537049	0.686323	0.008490	0.000469	0.004667	0.209746	1.076766	0.977043	0.828277	0.007387	0.123033	13.054800
36.562500	99.594100	0.742353	0.604322	0.009492	0.011497	1.623049	1.350846	0.628402	0.006229	0.001499	0.000000	0.012400	0.842671	1.909920	1.645702	0.779180	0.004590	0.001198	0.002217	0.069488	0.953444	1.001181	0.886763	0.006076	0.088567	13.181100
42.187500	99.594100	0.697490	0.709516	0.006061	0.005478	1.609805	1.544152	0.725673	0.005455	0.000000	0.002431	0.001395	0.816123	1.919239	1.809094	0.865691	0.009546	0.003939	0.000672	0.012789	0.906287	0.959480	0.926035	0.019239	0.048457	13.604000
47.812500	99.594100	0.671954	0.733678	0.014388	0.005311	1.458775	1.560585	0.778518	0.003809	0.002597	0.001492	0.006319	0.719654	1.820777	1.952105	0.957905	0.007919	0.001804	0.001451	0.008268	0.830365	0.920049	0.981850	0.062131	0.018530	13.520200
53.437500	99.594100	0.614482	0.746040	0.015390	0.007632	1.321712	1.714510	0.865124	0.012528	0.000621	0.002925	0.006522	0.683190	1.634912	1.940762	0.987897	0.068571	0.001632	0.001298	0.010849	0.763894	0.933250	0.968198	0.085941	0.007504	13.395400
59.062500	99.594100	0.517499	0.818785	0.011754	0.010301	1.170795	1.695386	0.886654	0.074803	0.001882	0.002997	0.003557	0.543714	1.522200	1.880413	1.033647	0.182285	0.005180	0.002949	0.005833	0.680040	0.795194	1.073604	0.156710	0.009220	13.085400
64.687500	99.594100	0.429726	0.776593	0.010919	0.005434	1.022608	1.760032	0.957954	0.180197	0.000605	0.007437	0.003889	0.376607	1.324641	1.900205	1.185792	0.287459	0.002693	0.002084	0.010095	0.589229	0.755625	1.110132	0.207906	0.012415	12.920300
70.312500	99.594100	0.296092	0.803045	0.008717	0.008256	0.882642	1.844391	1.017110	0.266777	0.003432	0.000000	0.001080	0.193549	1.124456	1.870766	1.321701	0.411769	0.002214	0.000735	0.006366	0.375186	0.653586	1.093596	0.223514	0.008742	12.417700
75.937500	99.594100	0.138142	0.837830	0.013342	0.006903	0.809589	1.761570	1.261895	0.340810	0.002851	0.000791	0.003778	0.079233	0.939140	1.952026	1.480829	0.364325	0.003143	0.002882	0.009516	0.210562	0.614578	1.146592	0.264838	0.010057	12.255200
81.562500	99.594100	0.038310	0.826476	0.048370	0.004980	0.654442	1.657509	1.398946	0.338395	0.002563	0.001135	0.002094	0.010784	0.808181	1.946665	1.637989	0.387678	0.003491	0.001957	0.006281	0.091333	0.555370	1.198685	0.368755	0.010193	12.000600
87.187500	99.594100	0.036055	0.863638	0.082209	0.008246	0.532935	1.558538	1.495950	0.400466	0.004180	0.000580	0.002087	0.000128	0.656631	1.921241	1.767960	0.528243	0.002734	0.002226	0.001851	0.012059	0.528189	1.170297	0.447846	0.007830	12.032100
92.812500	99.594100	0.031652	0.870264	0.141395	0.005325	0.407735	1.487807	1.618525	0.509491	0.003369	0.000620	0.000758	0.003505	0.558500	1.898938	1.958427	0.651789	0.015080	0.001132	0.001496	0.003725	0.514208	1.200732	0.550040	0.009662	12.444200
98.437500	99.594100	0.024823	0.838032	0.200911	0.005314	0.339868	1.384572	1.642739	0.645561	0.015962	0.001493	0.002874	0.002659	0.354342	1.606197	1.962702	0.798822	0.084412	0.004891	0.001658	0.006324	0.370181	1.146615	0.553480	0.008938	12.003400
104.062000	99.594100	0.012576	0.862040	0.286562	0.007548	0.312689	1.205900	1.769894	0.754807	0.091050	0.003817	0.000758	0.002068	0.366654	1.547647	1.863946	0.946039	0.214663	0.009960	0.003072	0.002810	0.300539	1.126440	0.638041	0.008043	12.337600
109.688000	99.594100	0.012213	0.843651	0.388501	0.010596	0.280329	1.049212	1.755961	0.906998	0.232227	0.003856	0.000752	0.001630	0.392667	1.413242	1.875753	1.137058	0.401181	0.004130	0.001358	0.004938	0.207492	1.125639	0.684729	0.011181	12.745300
115.312000	99.594100	0.005761	0.821784	0.485156	0.007147	0.185881	0.951289	1.772111	1.075237	0.366607	0.002189	0.001516	0.001934	0.295945	1.208649	1.930764	1.339389	0.573997	0.003421	0.002483	0.003260	0.199521	1.102744	0.739102	0.011459	13.087400
120.938000	99.594100	0.009572	0.789229	0.630761	0.007389	0.082631	0.959107	1.745397	1.160130	0.600349	0.006953	0.000000	0.001340	0.227092	1.032665	1.829643	1.494740	0.651049	0.010267	0.000745	0.004487	0.144084	1.089306	0.821617	0.010974	13.309500
126.562000	99.594100	0.011984	0.779730	0.621333	0.006509	0.015142	0.851562	1.671024	1.385205	0.694224	0.006117	0.002002	0.002437	0.074439	0.990431	1.943793	1.586371	0.759973	0.009862	0.001340	0.000856	0.093793	1.031663	0.850512	0.007451	13.397800
132.188000	99.594100	0.009733	0.733944	0.749011	0.006751	0.009980	0.760949	1.604252	1.487705	0.722250	0.007430	0.000740	0.000620	0.005760	0.896698	1.896869	1.803970	0.848171	0.006165	0.000000	0.002082	0.048511	0.979084	0.947474	0.029423	13.557600
137.812000	99.594100	0.007604	0.754086	0.787456	0.012086	0.006338	0.718432	1.444683	1.588678	0.777747	0.009464	0.000624	0.001278	0.009673	0.855473	1.781950	1.837323	0.913918	0.008950	0.003477	0.001927	0.022027	0.931493	0.929142	0.048242	13.452100
143.437000	99.594100	0.009400	0.662034	0.794153	0.008222	0.007897	0.612894	1.398211	1.720810	0.809646	0.011297	0.002105	0.002112	0.003999	0.728789	1.686519	1.981703	1.005576	0.085772	0.002045	0.001217	0.012791	0.868523	1.025376	0.093868	13.535000
149.062000	99.594100	0.010361	0.571999	0.803938	0.009168	0.001558	0.549877	1.161317	1.708188	0.929941	0.090143	0.000736	0.003660	0.006892	0.659943	1.574439	1.954051	1.106080	0.210580	0.007290	0.001499	0.010860	0.804875	1.030734	0.151202	13.359300
154.688000	99.594100	0.011498	0.486679	0.784042	0.008832	0.005398	0.371969	1.057866	1.816445	0.971709	0.180497	0.003394	0.001503	0.004912	0.560543	1.358582	1.876816	1.190847	0.307849	0.001481	0.001139	0.009719	0.773823	1.090840	0.217535	13.093900
160.312000	99.594100	0.014571	0.399795	0.876606	0.007437	0.006164	0.223408	0.866836	1.783703	1.066609	0.257100	0.001506	0.000000	0.007034	0.401175	1.107167	1.902060	1.334458	0.386633	0.004354	0.002570	0.006165	0.651464	1.153706	0.218881	12.679400
165.938000	99.594100	0.005786	0.289885	0.813887	0.020084	0.004698	0.089022	0.740888	1.690907	1.236290	0.350353	0.000211	0.000882	0.007269	0.214361	0.980416	1.912385	1.457531	0.365781	0.003970	0.000758	0.005749	0.654524	1.159225	0.289685	12.294600
171.562000	99.594100	0.010386	0.195696	0.824188	0.055132	0.002319	0.013694	0.648635	1.716490	1.380455	0.310067	0.004080	0.001495	0.008676	0.080619	0.816930	1.962126	1.658312	0.404829	0.004837	0.000578	0.006230	0.551787	1.173803	0.346252	12.177600
177.188000	99.594100	0.010680	0.135456	0.815441	0.064668	0.000601	0.004876	0.546381	1.661072	1.568128	0.390636	0.002761	0.003027	0.004106	0.011890	0.678901	1.902376	1.798553	0.512226	0.003544	0.002848	0.005601	0.580400	1.228995	0.499615	12.432800
182.812000	99.594100	0.009169	0.072175	0.809634	0.143022	0.000743	0.001565	0.401060	1.560257	1.576973	0.497231	0.002751	0.004175	0.004808	0.006778	0.550970	1.817112	1.898882	0.662182	0.008227	0.003148	0.008290	0.461103	1.168510	0.546261	12.215000
188.438000	99.594100	0.012250	0.044931	0.837996	0.191379	0.000000	0.002018	0.345224	1.393495	1.668661	0.654667	0.014272	0.000000	0.000768	0.003104	0.392076	1.593496	2.031092	0.809279	0.092232	0.003905	0.006910	0.362201	1.201829	0.509882	12.171700
194.062000	99.594100	0.010069	0.014431	0.845481	0.283869	0.000758	0.002716	0.362575	1.179764	1.783726	0.791027	0.111270	0.004828	0.002987	0.010322	0.331315	1.544876	1.911809	0.968883	0.222965	0.008542	0.016312	0.278001	1.201818	0.578948	12.467300
199.687000	99.594100	0.009640	0.009639	0.852117	0.384967	0.000747	0.003509	0.266497	1.090976	1.774904	0.897061	0.204595	0.001794	0.000601	0.002879	0.393426	1.346084	1.874249	1.123047	0.363448	0.006336	0.010795	0.201913	1.110049	0.673947	12.603200
205.312000	99.594100	0.006550	0.013790	0.816168	0.506765	0.000000	0.002168	0.199560	0.957148	1.722054	1.013372	0.391587	0.006503	0.001343	0.002796	0.303093	1.190067	1.874079	1.312642	0.530287	0.004538	0.013773	0.206830	1.116425	0.760633	12.952200
210.938000	99.594100	0.006730	0.007673	0.768977	0.560340	0.000000	0.002210	0.083737	0.925119	1.694006	1.169573	0.509002	0.002673	0.000000	0.005137	0.185717	1.067493	1.915145	1.556072	0.711611	0.008031	0.008108	0.131078	0.983813	0.819320	13.121600
216.562000	99.594100	0.005354	0.007736	0.716532	0.693248	0.000747	0.000670	0.009256	0.850121	1.674564	1.277118	0.621057	0.006770	0.002858	0.004756	0.079351	1.002835	1.870811	1.607226	0.795552	0.007627	0.008293	0.088307	0.954502	0.860492	13.145800
222.188000	99.594100	0.004879	0.005849	0.730923	0.731693	0.000736	0.000187	0.006976	0.797366	1.563084	1.463694	0.689205	0.005248	0.002193	0.000588	0.005293	0.854844	1.853236	1.813210	0.809479	0.007922	0.021068	0.048452	1.036613	0.924590	13.377300
227.812000	99.594100	0.006563	0.003499	0.670287	0.742862	0.000000	0.000743	0.007338	0.734495	1.458334	1.592444	0.810567	0.006057	0.002634	0.002842	0.007665	0.807432	1.799277	1.912442	0.896138	0.003617	0.051486	0.024628	0.875800	0.953641	13.370800
233.438000	99.594100	0.006048	0.010856	0.670054	0.754626	0.001689	0.001347	0.008857	0.646026	1.351649	1.703834	0.841601	0.012157	0.001987	0.003606	0.005971	0.751930	1.641608	1.875097	0.996315	0.085184	0.099521	0.012340	0.931433	1.039526	13.453300
239.062000	99.594100	0.012167	0.009298	0.607394	0.789728	0.004356	0.002258	0.002784	0.519154	1.182908	1.726872	0.897250	0.085999	0.005575	0.000721	0.005611	0.661552	1.463808	1.881680	1.087084	0.202641	0.129743	0.010238	0.790527	1.060182	13.139500
244.687000	99.594100	0.015754	0.006545	0.501610	0.825200	0.001995	0.000758	0.004725	0.394581	1.038667	1.763730	0.983465	0.195542	0.002128	0.002234	0.008314	0.588146	1.417664	1.862657	1.173464	0.300198	0.186289	0.008106	0.743488	1.093603	13.118900
250.312000	99.594100	0.014730	0.008463	0.379612	0.819667	0.001559	0.000121	0.001493	0.219514	0.895756	1.822699	1.076294	0.253899	0.003551	0.000737	0.004555	0.397361	1.137635	1.899798	1.362879	0.367247	0.212286	0.013507	0.657062	1.119575	12.670000
255.937000	99.594100	0.026413	0.005761	0.263641	0.825344	0.002097	0.000607	0.000121	0.094726	0.807360	1.737379	1.166248	0.360135	0.004229	0.000976	0.008736	0.211170	0.980975	1.884213	1.520119	0.342355	0.269651	0.010654	0.622057	1.153423	12.298400
261.562000	99.594100	0.051712	0.008699	0.197733	0.855124	0.003675	0.000000	0.002845	0.014785	0.666427	1.654218	1.329097	0.326548	0.006437	0.000000	0.005826	0.075362	0.822954	1.983309	1.613243	0.396870	0.373430	0.007324	0.509144	1.184355	12.089100
267.188000	99.594100	0.082506	0.006895	0.134733	0.861329	0.002232	0.002167	0.001317	0.003664	0.535059	1.612847	1.475377	0.383277	0.005243	0.001483	0.002082	0.013165	0.655184	1.892288	1.756673	0.498860	0.522091	0.009286	0.529044	1.227649	12.214500
272.812000	99.594100	0.150792	0.005800	0.074889	0.839915	0.004940	0.001485	0.000315	0.003030	0.392764	1.498121	1.603257	0.554049	0.012974	0.002554	0.001312	0.004732	0.539202	1.783669	1.947095	0.684934	0.535315	0.007386	0.479653	1.200359	12.328500
278.438000	99.594100	0.196049	0.012483	0.052879	0.859326	0.011350	0.003490	0.001753	0.003012	0.344302	1.385261	1.700124	0.675024	0.097801	0.002443	0.004188	0.004705	0.377561	1.673603	1.986385	0.823613	0.539831	0.008755	0.392228	1.207020	12.363200
284.062000	99.594100	0.274500	0.007551	0.024323	0.819592	0.083411	0.001485	0.001494	0.004092	0.314055	1.211487	1.706333	0.771331	0.198848	0.011101	0.002091	0.003348	0.383911	1.534855	1.889845	0.910845	0.599695	0.007120	0.296973	1.148356	12.206600
289.688000	99.594100	0.423651	0.004791	0.007069	0.881982	0.230583	0.003872	0.000758	0.000871	0.247173	1.052480	1.739448	0.835427	0.376534	0.002233	0.001279	0.001482	0.364534	1.383701	1.900442	1.132116	0.718773	0.004768	0.225821	1.124648	12.664400
295.312000	99.594100	0.494852	0.009823	0.007741	0.858790	0.398869	0.003645	0.002077	0.002167	0.163997	1.009326	1.764194	1.077660	0.553358	0.005574	0.000000	0.003712	0.310177	1.197022	1.850612	1.366363	0.744616	0.010701	0.203427	1.102311	13.141000
300.938000	99.594100	0.629813	0.007571	0.010427	0.815675	0.549033	0.006668	0.000522	0.006049	0.094148	0.864514	1.686055	1.225873	0.693047	0.005669	0.002024	0.001474	0.181807	1.056923	1.903157	1.555790	0.834580	0.005814	0.141117	1.079619	13.357400
306.562000	99.594100	0.658517	0.007908	0.010413	0.728737	0.664875	0.004238	0.004075	0.000758	0.010099	0.845291	1.677053	1.349783	0.822318	0.008042	0.001493	0.004845	0.085464	1.011040	1.922542	1.672676	0.866846	0.009810	0.087423	1.034777	13.489000
312.187000	99.594100	0.686978	0.007303	0.009796	0.747481	0.750627	0.003567	0.002819	0.000819	0.006377	0.813287	1.629574	1.462993	0.833816	0.003328	0.000745	0.001525	0.013411	0.857531	1.900782	1.831453	0.906990	0.015706	0.060273	0.988027	13.535200
317.812000	99.594100	0.732422	0.011128	0.011422	0.755520	0.789666	0.009247	0.002006	0.001430	0.005740	0.707068	1.472301	1.598823	0.895311	0.008694	0.001926	0.001271	0.002941	0.828016	1.797546	1.880322	0.982154	0.046032	0.018456	0.913682	13.473100
323.438000	99.594100	0.793788	0.010613	0.010281	0.649413	0.872791	0.008898	0.004559	0.003554	0.001354	0.607726	1.349726	1.636213	0.977887	0.080984	0.001486	0.002019	0.008141	0.806467	1.694752	1.972361	0.976348	0.084723	0.003476	0.869996	13.427600
329.062000	99.594100	0.826466	0.012235	0.007725	0.608111	0.866963	0.084850	0.001327	0.002045	0.007115	0.551281	1.150777	1.731486	1.096009	0.208175	0.006255	0.000735	0.008052	0.692453	1.501503	1.885344	1.002733	0.138126	0.008402	0.836608	13.234800
334.688000	99.594100	0.830562	0.007992	0.011704	0.505219	0.950320	0.167477	0.001144	0.002098	0.003885	0.373014	1.029018	1.743271	1.207744	0.307688	0.002661	0.000739	0.003415	0.577717	1.292782	1.915959	1.049219	0.202718	0.010266	0.723922	12.920500
340.312000	99.594100	0.813519	0.010183	0.006134	0.392417	1.047648	0.246229	0.000603	0.002211	0.003524	0.228166	0.910807	1.762792	1.338179	0.380148	0.004578	0.002107	0.006530	0.385337	1.135588	1.890535	1.131946	0.241509	0.012086	0.656982	12.609800
345.938000	99.594100	0.817943	0.012003	0.006743	0.287821	1.206986	0.343454	0.002187	0.002104	0.004853	0.079310	0.762342	1.736191	1.485013	0.362564	0.004453	0.000521	0.004427	0.204670	0.964876	1.899063	1.194647	0.271868	0.010174	0.575097	12.239300
351.562000	99.594100	0.895325	0.026297	0.006582	0.200155	1.356580	0.330462	0.003213	0.000000	0.000000	0.014494	0.651238	1.665709	1.631893	0.401002	0.002231	0.001128	0.002860	0.085851	0.778320	1.985865	1.199737	0.342933	0.009580	0.524495	12.115900
357.187000	99.594100	0.888895	0.032185	0.006374	0.150733	1.474608	0.415161	0.004938	0.001475	0.002313	0.003725	0.518857	1.621884	1.750475	0.515572	0.006363	0.001506	0.002801	0.015278	0.659006	1.989224	1.215299	0.445337	0.010057	0.520855	12.252900
0.000000	102.025000	0.801555	0.021843	0.005177	0.066052	1.505914	0.444942	0.000849	0.002269	0.002679	0.003028	0.426980	1.473206	1.894720	0.609944	0.005395	0.001513	0.001213	0.009591	0.619996	1.908212	1.269190	0.587846	0.009841	0.503605	12.175600
5.625000	102.025000	0.833033	0.026299	0.008745	0.037092	1.609341	0.563086	0.004486	0.000000	0.000000	0.002717	0.318483	1.348799	1.955611	0.772192	0.044050	0.001800	0.000834	0.003132	0.448354	1.777019	1.299240	0.525973	0.009521	0.479476	12.069300
11.250000	102.025000	0.822972	0.068585	0.008214	0.013235	1.619271	0.689700	0.032775	0.001425	0.001454	0.001493	0.295993	1.201026	1.887142	0.896364	0.169234	0.005047	0.000736	0.004412	0.380432	1.612123	1.263162	0.589218	0.010605	0.378446	11.953100
16.875000	102.025000	0.836381	0.175798	0.007979	0.011812	1.703902	0.816339	0.138293	0.004227	0.002715	0.000581	0.298839	1.083985	1.870008	1.064646	0.324088	0.007153	0.001778	0.004237	0.360025	1.493416	1.123144	0.691908	0.008872	0.274479	12.304600
22.500000	102.025000	0.804355	0.285593	0.007718	0.009137	1.706379	0.966468	0.260472	0.002691	0.000749	0.000766	0.185003	0.970592	1.826714	1.249420	0.507980	0.002057	0.001460	0.001494	0.386536	1.333734	1.112084	0.753984	0.015117	0.267457	12.658000
28.125000	102.025000	0.770154	0.444573	0.003046	0.010996	1.686338	1.064341	0.412460	0.005371	0.000798	0.000975	0.127783	0.933064	1.799152	1.456377	0.642739	0.004736	0.000630	0.003698	0.245056	1.123336	1.091565	0.793018	0.011800	0.233120	12.865100
33.750000	102.025000	0.768274	0.522899	0.005167	0.011820	1.684042	1.235679	0.517942	0.007005	0.002709	0.002095	0.029188	0.867627	1.881917	1.591132	0.750348	0.008326	0.002191	0.003699	0.148533	1.027743	1.087802	0.905007	0.015824	0.176866	13.253800
39.375000	102.025000	0.678963	0.609634	0.008487	0.005835	1.539798	1.319631	0.662836	0.007198	0.000758	0.000528	0.009793	0.780180	1.903145	1.736508	0.805597	0.001283	0.000707	0.001192	0.040910	0.913102	1.020808	0.981995	0.035117	0.116054	13.180100
45.000000	102.025000	0.660121	0.657301	0.006685	0.004146	1.480105	1.441618	0.743492	0.006035	0.001386	0.000737	0.004714	0.743144	1.867429	1.935774	0.900171	0.005509	0.000000	0.000758	0.004401	0.861121	0.997028	0.981040	0.054860	0.062136	13.419700
50.625000	102.025000	0.584523	0.732097	0.009143	0.005560	1.378182	1.563039	0.762071	0.006936	0.000000	0.001034	0.005905	0.629142	1.736519	1.881216	0.901595	0.040637	0.002830	0.002118	0.004451	0.808136	0.928255	1.003179	0.110699	0.038333	13.135600
56.250000	102.025000	0.521995	0.734169	0.011966	0.006063	1.183292	1.645872	0.834909	0.030835	0.001526	0.001346	0.007534	0.544481	1.583600	1.917430	1.022805	0.153830	0.003560	0.002781	0.003898	0.738384	0.911688	1.061051	0.146713	0.011708	13.081400
61.875000	102.025000	0.440789	0.753594	0.010450	0.007017	1.088254	1.779541	0.884468	0.124858	0.001387	0.002783	0.004727	0.472676	1.442161	1.847445	1.166147	0.270571	0.002186	0.003637	0.006289	0.655406	0.783502	1.103681	0.215863	0.009519	13.076900
67.500000	102.025000	0.321431	0.787304	0.007986	0.011024	0.861856	1.742954	0.928387	0.176078	0.002135	0.002803	0.006360	0.261145	1.293121	1.832007	1.273646	0.350882	0.003777	0.001516	0.005447	0.513623	0.764184	1.103021	0.254825	0.009734	12.515200
73.125000	102.025000	0.179441	0.806482	0.009342	0.008729	0.813228	1.684212	1.037475	0.305024	0.000747	0.000758	0.003335	0.142565	1.037800	1.810903	1.454556	0.397101	0.001886	0.001528	0.002560	0.314976	0.684589	1.186696	0.271924	0.009440	12.165300
78.750000	102.025000	0.055083	0.806476	0.016536	0.009182	0.688874	1.691642	1.214846	0.302376	0.003094	0.001318	0.003018	0.034038	0.876254	1.898056	1.598292	0.367461	0.003659	0.002317	0.004911	0.171400	0.601997	1.253232	0.354759	0.009645	11.968500
84.375000	102.025000	0.039506	0.795416	0.032151	0.008441	0.562425	1.639402	1.380579	0.343589	0.002513	0.001374	0.000735	0.008786	0.762357	1.926636	1.799118	0.457886	0.005317	0.000971	0.004273	0.049065	0.550781	1.279255	0.481944	0.008526	12.141000
90.000000	102.025000	0.032984	0.824506	0.054791	0.006828	0.427845	1.484335	1.465775	0.484207	0.004561	0.001171	0.000566	0.002316	0.629354	1.959570	1.905543	0.591543	0.007007	0.000519	0.000551	0.004723	0.538914	1.200947	0.558893	0.010421	12.197900
95.625000	102.025000	0.016958	0.817373	0.124184	0.009833	0.341356	1.384458	1.628161	0.571048	0.004482	0.001215	0.001433	0.000000	0.451098	1.807013	1.899617	0.765913	0.045501	0.005043	0.002604	0.004911	0.495956	1.329618	0.547984	0.005840	12.261600
101.250000	102.025000	0.005014	0.786008	0.183937	0.004871	0.315708	1.264813	1.642603	0.671011	0.033738	0.002898	0.002120	0.002109	0.367259	1.641483	1.837153	0.891699	0.155461	0.003055	0.002308	0.004121	0.352202	1.218861	0.575685	0.006616	11.970700
106.875000	102.025000	0.006705	0.780528	0.289688	0.004681	0.288968	1.095235	1.716139	0.822974	0.128429	0.003645	0.003755	0.003012	0.386970	1.476678	1.860440	1.062183	0.323500	0.005015	0.000000	0.006327	0.305482	1.211974	0.675469	0.007912	12.465700
112.500000	102.025000	0.015316	0.783970	0.411473	0.009675	0.198282	1.008286	1.730231	0.924833	0.266163	0.002100	0.004388	0.002965	0.357383	1.345383	1.836916	1.326066	0.510067	0.005515	0.000770	0.003590	0.261141	1.210277	0.720800	0.013470	12.949100
118.125000	102.025000	0.013880	0.811038	0.472615	0.011144	0.121428	0.937384	1.696686	1.074711	0.420051	0.005298	0.001571	0.001890	0.275862	1.145563	1.855317	1.459023	0.613710	0.010024	0.000000	0.001234	0.221462	1.056232	0.812083	0.011097	13.029300
123.750000	102.025000	0.011155	0.749856	0.567245	0.008568	0.031252	0.792061	1.658030	1.197429	0.619501	0.006093	0.001868	0.001793	0.137675	1.040805	1.972565	1.544763	0.746895	0.007312	0.004901	0.004467	0.167903	1.095903	0.925961	0.016885	13.310900
129.375000	102.025000	0.010285	0.724068	0.630392	0.010682	0.006686	0.828105	1.561343	1.408288	0.654907	0.011695	0.001425	0.001493	0.034821	0.939000	1.922779	1.704546	0.803926	0.007971	0.006215	0.002099	0.116334	1.055651	0.953647	0.037832	13.434200
135.000000	102.025000	0.008985	0.676128	0.671739	0.005488	0.009661	0.738390	1.467280	1.485522	0.736571	0.005322	0.000523	0.000000	0.009420	0.864760	1.841666	1.814421	0.887867	0.003692	0.001507	0.000000	0.065797	1.017527	1.002263	0.067014	13.381500
140.625000	102.025000	0.005555	0.627490	0.724036	0.008662	0.007160	0.652723	1.395813	1.575107	0.749830	0.007493	0.002396	0.000704	0.008160	0.793795	1.756108	1.907081	0.895882	0.040606	0.000735	0.002802	0.043112	0.961233	1.017896	0.121186	13.305600
146.250000	102.025000	0.007636	0.569693	0.749072	0.009081	0.003393	0.551452	1.175194	1.694198	0.859876	0.029698	0.000000	0.002071	0.008799	0.736348	1.587525	1.891214	1.003504	0.150336	0.002977	0.001936	0.017278	0.897931	1.091448	0.160230	13.200900
151.875000	102.025000	0.013309	0.521189	0.746344	0.014048	0.003165	0.450528	1.091014	1.676114	0.847910	0.134181	0.000405	0.002438	0.004246	0.649036	1.457802	1.780604	1.127979	0.262809	0.004320	0.000759	0.008899	0.806061	1.112128	0.223955	12.939200
157.500000	102.025000	0.012159	0.368429	0.755000	0.012126	0.002080	0.261944	0.920708	1.740025	0.991325	0.211804	0.000550	0.001482	0.008240	0.503080	1.299138	1.801199	1.333474	0.376447	0.002558	0.001927	0.009511	0.739277	1.135565	0.248069	12.736100
163.125000	102.025000	0.008285	0.292870	0.771968	0.006803	0.002428	0.140510	0.802458	1.639052	1.107028	0.292126	0.001362	0.001080	0.005669	0.303621	0.987771	1.808359	1.457214	0.426730	0.003478	0.005228	0.010270	0.711575	1.208569	0.297066	12.291500
168.750000	102.025000	0.003485	0.178787	0.798440	0.014148	0.002045	0.027645	0.645037	1.647726	1.200166	0.325636	0.003200	0.002164	0.007765	0.169036	0.883413	1.903598	1.609352	0.377479	0.006415	0.001483	0.006037	0.592538	1.224550	0.400463	12.030600
174.375000	102.025000	0.007494	0.132669	0.865898	0.034913	0.000756	0.001603	0.576744	1.570277	1.434357	0.316222	0.002162	0.000758	0.005925	0.045546	0.728074	2.011741	1.753981	0.484378	0.007262	0.000601	0.008782	0.566294	1.304872	0.484831	12.346200
180.000000	102.025000	0.008347	0.064424	0.755339	0.065459	0.000000	0.003615	0.485545	1.500225	1.498845	0.451837	0.003747	0.000000	0.002783	0.008510	0.610711	1.855939	1.844290	0.638624	0.004812	0.003535	0.005575	0.581169	1.305302	0.549453	12.248100
185.625000	102.025000	0.007783	0.036903	0.821453	0.138036	0.001488	0.002587	0.371191	1.389344	1.555235	0.572870	0.004700	0.000745	0.000175	0.002307	0.465319	1.804943	1.904186	0.748382	0.045578	0.004135	0.009655	0.464462	1.295519	0.544807	12.191800
191.250000	102.025000	0.005851	0.015117	0.802975	0.164896	0.003135	0.004375	0.321972	1.234616	1.657091	0.671146	0.036906	0.002106	0.001314	0.006089	0.356547	1.638068	1.833183	0.957820	0.164152	0.010367	0.010693	0.383380	1.233496	0.591044	12.106300
196.875000	102.025000	0.002782	0.012296	0.806275	0.317273	0.000620	0.002085	0.303197	1.115722	1.671002	0.791321	0.136982	0.002544	0.000000	0.000272	0.367457	1.487728	1.843181	1.079756	0.337888	0.004467	0.006317	0.279214	1.204702	0.687039	12.460100
202.500000	102.025000	0.009488	0.008300	0.761785	0.401675	0.002669	0.001204	0.192386	1.006840	1.650769	0.940814	0.270726	0.003686	0.001955	0.002915	0.357825	1.281676	1.817214	1.280115	0.492505	0.004486	0.010926	0.240855	1.183971	0.737904	12.662700
208.125000	102.025000	0.004823	0.011667	0.758578	0.485015	0.000831	0.000756	0.123741	0.887086	1.626916	1.035692	0.465642	0.007407	0.001404	0.003596	0.265392	1.101936	1.905894	1.444162	0.650564	0.004573	0.015023	0.220490	1.078428	0.846826	12.946500
213.750000	102.025000	0.005857	0.011070	0.730745	0.570313	0.000000	0.001448	0.032632	0.803050	1.706616	1.208230	0.560942	0.002926	0.001155	0.002906	0.137953	0.981849	1.931295	1.585862	0.755908	0.007537	0.019225	0.174436	1.056346	0.862965	13.151300
219.375000	102.025000	0.004735	0.005296	0.745654	0.644231	0.001482	0.000735	0.006962	0.839571	1.561976	1.383090	0.681211	0.003194	0.003192	0.004759	0.042259	0.959123	1.893645	1.799005	0.796667	0.002573	0.047115	0.102897	1.025253	0.882154	13.436800
225.000000	102.025000	0.005476	0.005404	0.721785	0.645526	0.000000	0.002217	0.004113	0.682546	1.491109	1.490973	0.713777	0.011431	0.001470	0.000736	0.007633	0.842478	1.849051	1.908337	0.883944	0.005117	0.061640	0.074539	1.045488	1.000338	13.455100
230.625000	102.025000	0.008180	0.008939	0.652995	0.711330	0.001877	0.001760	0.008310	0.661431	1.354205	1.558843	0.798645	0.008083	0.001228	0.000000	0.007026	0.817992	1.749254	1.921682	0.940672	0.044574	0.113258	0.030714	0.963027	1.012510	13.376500
236.250000	102.025000	0.006493	0.007959	0.575081	0.737320	0.002850	0.001922	0.006074	0.554365	1.214598	1.629891	0.859953	0.029469	0.002050	0.003003	0.004612	0.747250	1.595114	1.856968	1.003092	0.167918	0.171864	0.020939	0.816058	1.061616	13.076500
241.875000	102.025000	0.009448	0.011936	0.523373	0.747205	0.001327	0.003077	0.004304	0.438674	1.068575	1.659839	0.873070	0.133629	0.003964	0.001366	0.006221	0.669113	1.442048	1.870901	1.117462	0.256645	0.229286	0.011819	0.778300	1.112213	12.973800
247.500000	102.025000	0.012073	0.008503	0.381346	0.805633	0.002832	0.000521	0.007525	0.270541	0.954022	1.789166	0.994281	0.188032	0.002738	0.000735	0.005654	0.533139	1.276190	1.815009	1.353198	0.337831	0.275259	0.008431	0.730360	1.122775	12.875800
253.125000	102.025000	0.009629	0.006730	0.270203	0.791652	0.000747	0.000736	0.002094	0.129961	0.794595	1.712509	1.155629	0.288707	0.003827	0.002214	0.004800	0.318345	1.002395	1.876081	1.567111	0.368665	0.299440	0.011975	0.676339	1.203344	12.497700
258.750000	102.025000	0.015560	0.006562	0.161150	0.825922	0.003596	0.001286	0.001295	0.032444	0.695880	1.662440	1.261250	0.306238	0.002423	0.002624	0.001785	0.168345	0.892229	1.920461	1.605202	0.369669	0.367484	0.010557	0.607431	1.226869	12.148700
264.375000	102.025000	0.044014	0.009117	0.109263	0.839436	0.002259	0.000000	0.000650	0.006628	0.557961	1.612101	1.362348	0.326072	0.002087	0.001649	0.005461	0.048121	0.724005	1.985299	1.717541	0.461523	0.461798	0.007739	0.522779	1.277276	12.085100
270.000000	102.025000	0.064842	0.004841	0.063135	0.789172	0.002361	0.001493	0.001464	0.002134	0.451699	1.509420	1.435149	0.459032	0.005801	0.000746	0.003839	0.006989	0.623252	1.958473	1.929373	0.617794	0.555398	0.008523	0.572372	1.293788	12.361100
275.625000	102.025000	0.131382	0.012093	0.029823	0.810521	0.006667	0.000736	0.000000	0.002022	0.315278	1.356139	1.589199	0.576428	0.047136	0.004057	0.000680	0.005585	0.431774	1.758256	1.956584	0.735803	0.538640	0.007923	0.461028	1.267866	12.045600
281.250000	102.025000	0.200058	0.006660	0.013217	0.830208	0.038270	0.001475	0.004260	0.000784	0.304441	1.238133	1.688860	0.676288	0.154335	0.002703	0.001482	0.005899	0.401316	1.617167	1.920676	0.917948	0.598614	0.009907	0.395501	1.264892	12.293100
286.875000	102.025000	0.271063	0.008181	0.010393	0.810319	0.137382	0.004908	0.002258	0.003617	0.279857	1.078984	1.724836	0.799165	0.307497	0.003446	0.002419	0.002253	0.413374	1.453075	1.861322	1.101035	0.690992	0.011061	0.302912	1.208490	12.488800
292.500000	102.025000	0.372340	0.009892	0.008824	0.784448	0.267742	0.001799	0.003601	0.002881	0.206795	0.998239	1.707453	0.956979	0.503549	0.006660	0.002005	0.003916	0.354463	1.296887	1.838951	1.252451	0.746951	0.012377	0.250831	1.174640	12.764700
298.125000	102.025000	0.505580	0.007171	0.010334	0.768887	0.450193	0.004593	0.000672	0.001329	0.120601	0.895886	1.678794	1.110793	0.644213	0.003757	0.001482	0.000735	0.252834	1.120188	1.834258	1.491143	0.833234	0.012740	0.240615	1.083418	13.073400
303.750000	102.025000	0.590339	0.008420	0.012372	0.748034	0.556640	0.005683	0.002119	0.003312	0.037176	0.813631	1.684913	1.196988	0.726002	0.008276	0.000000	0.002479	0.156988	1.031172	1.902105	1.650791	0.883349	0.015594	0.177076	1.051265	13.264700
309.375000	102.025000	0.622705	0.008478	0.011633	0.690970	0.657930	0.002845	0.000000	0.001546	0.003025	0.798980	1.618853	1.347939	0.769432	0.009532	0.002683	0.004394	0.044578	0.935301	1.946699	1.762565	0.947791	0.034622	0.112768	0.999149	13.334400
315.000000	102.025000	0.684858	0.008227	0.003909	0.707535	0.755295	0.008628	0.002050	0.001323	0.007427	0.696820	1.519157	1.453561	0.944925	0.003927	0.000000	0.000758	0.008480	0.854683	1.884937	1.866819	1.011664	0.061540	0.057432	0.969807	13.513800
320.625000	102.025000	0.730033	0.011705	0.007260	0.634557	0.767827	0.005824	0.001186	0.000000	0.008216	0.642393	1.339152	1.597081	0.926303	0.051489	0.002022	0.001355	0.005539	0.814458	1.763323	1.933229	1.025731	0.106866	0.036826	0.929719	13.342100
326.250000	102.025000	0.741144	0.008829	0.006385	0.599795	0.869439	0.026433	0.000841	0.000625	0.007636	0.522432	1.190248	1.637593	1.013465	0.150173	0.002619	0.001279	0.006257	0.730296	1.531383	1.832154	1.025146	0.177578	0.014562	0.855800	12.952100
331.875000	102.025000	0.742136	0.005084	0.006524	0.468005	0.959596	0.116234	0.000582	0.000678	0.002356	0.466706	1.083878	1.730762	1.137601	0.272674	0.002868	0.002588	0.010099	0.636791	1.455280	1.803133	1.116185	0.215702	0.011412	0.811545	13.058400
337.500000	102.025000	0.798324	0.011779	0.009657	0.374237	0.961686	0.209046	0.002191	0.001384	0.004100	0.275007	0.952250	1.668446	1.309758	0.378322	0.002690	0.000121	0.004541	0.503845	1.277695	1.811299	1.226167	0.238937	0.012739	0.722495	12.756700
343.125000	102.025000	0.809944	0.010955	0.010186	0.296221	1.071895	0.289546	0.002073	0.002016	0.002623	0.128938	0.816475	1.648778	1.480648	0.385733	0.005568	0.000000	0.006999	0.311243	1.056935	1.894256	1.202360	0.283872	0.010420	0.671582	12.399300
348.750000	102.025000	0.802193	0.015100	0.004141	0.187161	1.230420	0.320630	0.002456	0.001915	0.001335	0.037258	0.663093	1.638622	1.616444	0.384533	0.001422	0.000741	0.007714	0.158190	0.901166	1.905803	1.257269	0.373427	0.006814	0.598707	12.116600
354.375000	102.025000	0.820773	0.011488	0.003215	0.126247	1.344388	0.330688	0.002194	0.000735	0.000000	0.009080	0.571598	1.620131	1.759546	0.443198	0.002091	0.001347	0.003193	0.042384	0.743152	1.968889	1.202066	0.473266	0.007706	0.570904	12.058300
2.812500	104.478000	0.755642	0.014862	0.005941	0.023481	1.398471	0.461661	0.000568	0.000589	0.000000	0.002159	0.340239	1.343427	1.940490	0.730581	0.025258	0.000248	0.000000	0.005310	0.554085	1.818571	1.399048	0.565419	0.006473	0.540604	11.933100
8.437500	104.478000	0.787976	0.020057	0.006931	0.011435	1.597217	0.566082	0.005487	0.000576	0.000000	0.004038	0.284267	1.297147	1.840716	0.876329	0.108008	0.002079	0.001810	0.001360	0.409317	1.703404	1.357428	0.596834	0.006611	0.444614	11.929700
14.062500	104.478000	0.752523	0.085630	0.009288	0.008803	1.617541	0.686072	0.082330	0.000000	0.000770	0.002059	0.289818	1.072142	1.871048	1.023976	0.263286	0.004778	0.002162	0.004244	0.347479	1.515335	1.353458	0.631222	0.009772	0.365433	11.999200
19.687500	104.478000	0.722373	0.202187	0.008066	0.008475	1.619339	0.834456	0.194699	0.003425	0.001252	0.000000	0.208590	0.928525	1.745047	1.178904	0.449637	0.004793	0.003341	0.004340	0.371406	1.439186	1.282332	0.747537	0.011192	0.312318	12.281400
25.312500	104.478000	0.743163	0.339358	0.004545	0.003014	1.640104	0.965217	0.318957	0.004056	0.003424	0.000000	0.139598	0.909982	1.771082	1.434481	0.601094	0.010454	0.001836	0.002032	0.321913	1.201546	1.218680	0.801342	0.018752	0.263231	12.717900
30.937500	104.478000	0.695227	0.472284	0.005094	0.010800	1.622313	1.017643	0.509808	0.006064	0.001402	0.000627	0.051829	0.864678	1.887233	1.516307	0.680294	0.007506	0.000766	0.002454	0.242967	1.069287	1.161872	0.850432	0.023586	0.233017	12.933500
36.562500	104.478000	0.676677	0.531884	0.008849	0.004694	1.519497	1.199182	0.572828	0.004485	0.000833	0.000000	0.007700	0.765010	1.905622	1.737718	0.738366	0.006275	0.004896	0.002105	0.112875	1.003185	1.067603	0.914555	0.054833	0.170025	13.009700
42.187500	104.478000	0.679713	0.628991	0.004452	0.006405	1.428012	1.376892	0.670237	0.009384	0.001326	0.002772	0.009045	0.740190	1.946156	1.806051	0.823790	0.004735	0.002144	0.000000	0.012157	0.958416	1.004380	0.989103	0.102380	0.139724	13.346500
47.812500	104.478000	0.583324	0.658593	0.010657	0.003769	1.401219	1.440883	0.749178	0.011455	0.000936	0.001230	0.005951	0.608990	1.824645	1.908122	0.913719	0.024185	0.001225	0.003289	0.002098	0.829856	0.957094	1.032375	0.146891	0.078075	13.197800
53.437500	104.478000	0.537007	0.709457	0.003036	0.008752	1.278588	1.568151	0.775681	0.007916	0.000000	0.002246	0.003859	0.570197	1.665223	1.897649	0.989105	0.082745	0.004076	0.001493	0.005299	0.843556	0.883427	1.073181	0.194821	0.054798	13.160300
59.062500	104.478000	0.435717	0.715294	0.009480	0.009528	0.997481	1.546142	0.839522	0.072322	0.002242	0.001243	0.003799	0.468930	1.543043	1.841609	1.128710	0.252780	0.001280	0.003569	0.007468	0.690442	0.851030	1.123202	0.222450	0.027971	12.795200
64.687500	104.478000	0.318176	0.732469	0.011015	0.010730	0.949630	1.652556	0.897292	0.149281	0.001161	0.004154	0.000879	0.325171	1.439548	1.696019	1.262653	0.302376	0.005000	0.001350	0.003653	0.586233	0.778401	1.187477	0.272976	0.022260	12.610500
70.312500	104.478000	0.211670	0.729189	0.007271	0.008292	0.813394	1.620176	0.982867	0.197380	0.002243	0.004173	0.003502	0.163283	1.199522	1.744787	1.390419	0.380324	0.003387	0.003538	0.005672	0.413251	0.774298	1.272130	0.298554	0.019400	12.248700
75.937500	104.478000	0.087943	0.763238	0.013853	0.010701	0.644637	1.574394	1.107698	0.342318	0.001609	0.001323	0.004523	0.065016	0.970000	1.803179	1.591574	0.393528	0.004615	0.002154	0.004104	0.277397	0.672828	1.322017	0.396982	0.008172	12.063800
81.562500	104.478000	0.022207	0.799977	0.011190	0.006737	0.597938	1.574213	1.223148	0.289577	0.002239	0.001479	0.000000	0.010091	0.888281	1.942232	1.724633	0.430214	0.005249	0.000542	0.005830	0.123941	0.563743	1.300721	0.488257	0.010820	12.023200
87.187500	104.478000	0.014888	0.765688	0.031689	0.006945	0.475929	1.444920	1.368444	0.334484	0.003515	0.002110	0.000858	0.004199	0.662306	1.953802	1.862498	0.591911	0.003610	0.004114	0.001205	0.033781	0.598804	1.422663	0.573026	0.010924	12.172300
92.812500	104.478000	0.006129	0.735639	0.053644	0.004188	0.349267	1.394162	1.473274	0.497819	0.002573	0.000000	0.001516	0.002273	0.522358	1.795771	1.835083	0.713373	0.024054	0.002773	0.002022	0.003785	0.555798	1.375987	0.600894	0.006427	11.958800
98.437500	104.478000	0.006155	0.804038	0.105234	0.002631	0.271842	1.229583	1.578420	0.599636	0.010016	0.001152	0.001539	0.000734	0.390705	1.695092	1.827099	0.815802	0.123610	0.004597	0.000604	0.003649	0.485711	1.402554	0.566545	0.007271	11.934200
104.062000	104.478000	0.007489	0.766343	0.188264	0.008096	0.300461	1.082542	1.633567	0.651853	0.054026	0.000578	0.002069	0.000879	0.383647	1.570775	1.807341	0.925775	0.254497	0.006842	0.002025	0.005015	0.383196	1.333474	0.662930	0.006938	12.038600
109.688000	104.478000	0.008921	0.754588	0.280941	0.005730	0.209343	1.027826	1.654252	0.838766	0.177009	0.004020	0.003021	0.000000	0.406834	1.358921	1.755666	1.206375	0.420952	0.003923	0.003710	0.009509	0.327474	1.241639	0.754598	0.019479	12.473500
115.312000	104.478000	0.014042	0.760080	0.407450	0.008917	0.132365	0.929489	1.629733	0.999397	0.339591	0.002695	0.002094	0.000736	0.325622	1.233937	1.809195	1.415311	0.568856	0.004911	0.001367	0.004538	0.269804	1.206240	0.781347	0.018042	12.865800
120.938000	104.478000	0.009572	0.727421	0.492556	0.004185	0.063455	0.870807	1.654795	1.113093	0.486073	0.004815	0.004701	0.000632	0.214788	1.115866	1.839596	1.560709	0.695672	0.006316	0.001326	0.002785	0.223005	1.151342	0.856171	0.027272	13.126900
126.562000	104.478000	0.007992	0.724515	0.566425	0.012742	0.004074	0.747360	1.542591	1.212234	0.583506	0.007406	0.002232	0.000611	0.103947	1.024036	1.888522	1.743950	0.775881	0.008511	0.000841	0.001364	0.189938	1.132613	0.987531	0.051861	13.320700
132.188000	104.478000	0.004415	0.650002	0.628034	0.011247	0.008476	0.767713	1.474767	1.331846	0.631724	0.007459	0.000825	0.002877	0.021311	0.930781	1.899187	1.844516	0.872157	0.006447	0.003057	0.003008	0.133242	1.022286	1.027266	0.100655	13.383300
137.812000	104.478000	0.009308	0.633100	0.628117	0.006994	0.007604	0.639318	1.361183	1.417969	0.706415	0.003384	0.000000	0.001378	0.007189	0.860363	1.774090	1.968991	0.946141	0.023574	0.000529	0.001079	0.084137	1.011658	1.030759	0.129758	13.253000
143.437000	104.478000	0.007859	0.580090	0.679005	0.008561	0.005141	0.569769	1.211125	1.507497	0.758762	0.006054	0.003020	0.000737	0.011493	0.748391	1.701549	1.879248	1.008514	0.113481	0.002040	0.001345	0.067494	0.941065	1.073671	0.183299	13.069200
149.062000	104.478000	0.006933	0.503405	0.758280	0.009236	0.007508	0.507851	1.043773	1.594978	0.872072	0.057415	0.001999	0.001992	0.009095	0.696881	1.517959	1.840625	1.116241	0.232846	0.003827	0.003245	0.041383	0.891468	1.153310	0.241001	13.113300
154.688000	104.478000	0.006979	0.343884	0.729577	0.004895	0.006069	0.338650	0.957537	1.610427	0.918736	0.138737	0.001741	0.002830	0.005378	0.588778	1.394626	1.767168	1.247045	0.313076	0.007169	0.001317	0.021477	0.800807	1.225817	0.265895	12.698600
160.312000	104.478000	0.007922	0.269152	0.765764	0.004467	0.003561	0.157880	0.813942	1.640827	0.993456	0.229474	0.000000	0.004115	0.006488	0.445384	1.155572	1.793927	1.416838	0.382856	0.003355	0.002028	0.011348	0.745024	1.261951	0.275216	12.390500
165.938000	104.478000	0.009318	0.166448	0.784318	0.009086	0.000758	0.064848	0.680141	1.631214	1.147814	0.321424	0.002776	0.001556	0.003257	0.253952	0.976947	1.807137	1.634992	0.344015	0.002292	0.001776	0.007823	0.661251	1.299149	0.394100	12.206400
171.562000	104.478000	0.009450	0.131130	0.774721	0.008204	0.000412	0.007152	0.602016	1.537717	1.226360	0.270015	0.003508	0.001356	0.003041	0.117355	0.855865	1.882222	1.695680	0.432318	0.003714	0.001470	0.006339	0.551929	1.375829	0.456435	11.954200
177.188000	104.478000	0.007001	0.051988	0.786211	0.020279	0.000000	0.004228	0.463268	1.520096	1.365718	0.329688	0.002873	0.000758	0.001140	0.023137	0.680789	1.894132	1.882234	0.566039	0.003208	0.000761	0.007939	0.615421	1.454613	0.549463	12.231000
182.812000	104.478000	0.006249	0.025705	0.772732	0.057712	0.000623	0.000747	0.348934	1.376813	1.526350	0.534392	0.001694	0.000171	0.002972	0.003146	0.535160	1.833839	1.927043	0.696626	0.028687	0.003656	0.015638	0.565808	1.428623	0.552016	12.245300
188.438000	104.478000	0.008746	0.013173	0.794442	0.114154	0.001470	0.002546	0.290114	1.261816	1.606627	0.579188	0.007773	0.001494	0.000519	0.008459	0.377994	1.709839	1.849300	0.844350	0.118640	0.001211	0.011737	0.492569	1.380489	0.584196	12.060900
194.062000	104.478000	0.009632	0.007491	0.806214	0.191570	0.000792	0.001416	0.307981	1.060965	1.612112	0.703206	0.068076	0.000000	0.005750	0.002406	0.370914	1.525366	1.813516	0.977030	0.252770	0.003510	0.010336	0.386057	1.290282	0.667882	12.075300
199.687000	104.478000	0.009468	0.007679	0.731944	0.301235	0.003886	0.000758	0.208758	1.031034	1.578601	0.849669	0.168435	0.005101	0.002009	0.007046	0.382573	1.354510	1.822122	1.169653	0.455288	0.005664	0.011667	0.333479	1.260357	0.747389	12.448300
205.312000	104.478000	0.009722	0.012044	0.762652	0.392511	0.004092	0.000758	0.154356	0.903907	1.654637	0.931946	0.343110	0.004666	0.002634	0.002991	0.315335	1.256172	1.755259	1.390520	0.590366	0.002956	0.020433	0.261691	1.182320	0.811460	12.766500
210.938000	104.478000	0.008858	0.005711	0.741783	0.488872	0.000000	0.000735	0.070083	0.797712	1.635421	1.085292	0.480558	0.003025	0.001384	0.005203	0.237154	1.144997	1.776737	1.512066	0.675649	0.007530	0.030283	0.215594	1.175907	0.858790	12.959300
216.562000	104.478000	0.006985	0.009915	0.718099	0.543737	0.000000	0.000584	0.004406	0.818490	1.541618	1.195314	0.570740	0.005605	0.001340	0.001922	0.100659	0.957177	1.925663	1.669995	0.813965	0.006961	0.055468	0.182238	1.108374	0.958273	13.197500
222.188000	104.478000	0.010093	0.006682	0.626473	0.606171	0.000000	0.001844	0.007884	0.711893	1.454002	1.365571	0.643152	0.004360	0.002946	0.001271	0.012935	0.942385	1.942560	1.801143	0.835155	0.004620	0.090872	0.143223	1.042457	1.012228	13.269900
227.812000	104.478000	0.003301	0.004530	0.591359	0.627168	0.000000	0.001586	0.008140	0.608863	1.346978	1.481270	0.750529	0.005727	0.001758	0.002178	0.005412	0.822174	1.851494	1.842175	0.917357	0.022089	0.152243	0.097584	0.984691	1.055412	13.184000
233.438000	104.478000	0.004892	0.004340	0.558866	0.712966	0.002111	0.001357	0.005347	0.541069	1.233745	1.538395	0.796765	0.003979	0.001462	0.002283	0.009514	0.792569	1.725537	1.838612	0.965264	0.101205	0.187002	0.059907	0.946281	1.069774	13.103300
239.062000	104.478000	0.009451	0.008069	0.488820	0.718282	0.002288	0.001485	0.004224	0.476628	1.112303	1.574077	0.848505	0.059211	0.001993	0.003486	0.008271	0.677625	1.534720	1.882313	1.131075	0.219670	0.251436	0.024167	0.830322	1.117908	12.986300
244.687000	104.478000	0.009995	0.006800	0.381382	0.753523	0.000000	0.001494	0.004481	0.316807	0.984157	1.568162	0.908737	0.149067	0.005444	0.000562	0.006832	0.595417	1.342013	1.749163	1.272017	0.325296	0.268568	0.017785	0.769872	1.218002	12.655600
250.312000	104.478000	0.013292	0.007186	0.267911	0.779440	0.000711	0.003505	0.002140	0.171444	0.792733	1.583917	0.973700	0.212972	0.005128	0.002272	0.004575	0.437187	1.178780	1.743135	1.388044	0.380998	0.302515	0.015550	0.714185	1.301739	12.283100
255.937000	104.478000	0.007780	0.011254	0.179703	0.735558	0.000735	0.001490	0.000735	0.067790	0.687019	1.646053	1.066918	0.296084	0.004479	0.002029	0.006655	0.251674	1.031442	1.868786	1.605507	0.375416	0.392999	0.008929	0.632230	1.358876	12.240100
261.562000	104.478000	0.005579	0.007448	0.124166	0.788750	0.006916	0.000000	0.000615	0.004217	0.595430	1.523806	1.258434	0.303212	0.003118	0.003212	0.005762	0.113953	0.820105	1.920868	1.717598	0.391160	0.453097	0.011076	0.601424	1.308367	11.968300
267.188000	104.478000	0.019278	0.004522	0.059170	0.779305	0.003326	0.001305	0.000601	0.004140	0.484340	1.431032	1.324630	0.329318	0.005767	0.000173	0.001505	0.031434	0.701757	1.963788	1.802421	0.557702	0.565423	0.008343	0.647678	1.390373	12.117300
272.812000	104.478000	0.053329	0.004332	0.025735	0.784387	0.001801	0.000735	0.001109	0.003575	0.333936	1.337602	1.496447	0.474783	0.016866	0.002824	0.000841	0.002224	0.569658	1.875323	1.950194	0.714727	0.632694	0.009063	0.565517	1.383226	12.240900
278.438000	104.478000	0.105065	0.007306	0.007358	0.778414	0.010716	0.001349	0.000736	0.003587	0.291981	1.256251	1.545577	0.595964	0.131185	0.003084	0.002314	0.004624	0.409279	1.710100	1.918289	0.862306	0.592026	0.007079	0.477468	1.339367	12.061400
284.062000	104.478000	0.180968	0.009743	0.006000	0.774483	0.055517	0.002754	0.000758	0.002204	0.282267	1.101877	1.637604	0.732635	0.255637	0.004562	0.002142	0.004980	0.366455	1.568072	1.790421	0.985459	0.687985	0.018427	0.374734	1.335408	12.181100
289.688000	104.478000	0.278581	0.008227	0.011257	0.733250	0.178439	0.001994	0.003719	0.003525	0.210098	0.953280	1.624259	0.803974	0.384046	0.004610	0.000877	0.004429	0.367802	1.448867	1.810507	1.174120	0.741678	0.008807	0.300177	1.293596	12.350100
295.312000	104.478000	0.370405	0.008141	0.009706	0.774994	0.296456	0.002261	0.000821	0.001505	0.154400	0.959055	1.606819	0.957975	0.570500	0.003901	0.002544	0.004490	0.308197	1.190327	1.810541	1.330647	0.838260	0.020047	0.259829	1.197791	12.679600
300.938000	104.478000	0.489344	0.007918	0.009638	0.724644	0.456711	0.005108	0.000676	0.000621	0.071877	0.843463	1.617631	1.060447	0.662460	0.005555	0.001315	0.002270	0.216912	1.090590	1.816309	1.518875	0.873508	0.026516	0.229273	1.163331	12.895000
306.562000	104.478000	0.579779	0.005372	0.006643	0.716069	0.554802	0.005827	0.002207	0.002242	0.005194	0.803511	1.512575	1.177762	0.787910	0.006687	0.001398	0.002158	0.101157	1.007981	1.877902	1.733375	0.919478	0.048477	0.194163	1.103165	13.155800
312.187000	104.478000	0.622644	0.005410	0.003976	0.614492	0.653949	0.006632	0.000456	0.000761	0.004267	0.726100	1.431122	1.396933	0.892799	0.006360	0.001527	0.003245	0.011427	0.937339	1.949131	1.881713	1.045304	0.092070	0.135866	1.073172	13.496700
317.812000	104.478000	0.651803	0.013743	0.007713	0.600286	0.738443	0.005900	0.000000	0.000000	0.005264	0.664086	1.335159	1.463276	0.927846	0.016991	0.002104	0.003154	0.005768	0.865101	1.771523	1.916152	1.066509	0.139127	0.096675	0.976004	13.272600
323.438000	104.478000	0.707959	0.006876	0.007157	0.538713	0.802147	0.010271	0.001314	0.002071	0.005741	0.582184	1.210074	1.524416	0.984876	0.099839	0.004932	0.002235	0.009024	0.790099	1.641868	1.884122	1.176518	0.200617	0.058050	0.930996	13.182100
329.062000	104.478000	0.742128	0.010316	0.009331	0.496997	0.845779	0.065723	0.000736	0.000000	0.003448	0.459885	1.039217	1.579495	1.079678	0.221468	0.004614	0.001935	0.008659	0.693719	1.525694	1.822213	1.132387	0.256547	0.032699	0.860927	12.893600
334.688000	104.478000	0.790159	0.007638	0.005630	0.379546	0.933740	0.133165	0.002598	0.004776	0.000670	0.320752	0.982045	1.641054	1.267222	0.327107	0.001360	0.001323	0.007200	0.581317	1.381586	1.802568	1.252983	0.240480	0.020173	0.802514	12.887600
340.312000	104.478000	0.760554	0.010447	0.011161	0.265576	0.955007	0.207883	0.000557	0.002117	0.002940	0.169195	0.831464	1.619022	1.404273	0.384177	0.005593	0.001750	0.008680	0.443092	1.207800	1.767587	1.271259	0.333281	0.018700	0.747673	12.429800
345.938000	104.478000	0.784362	0.006350	0.004714	0.168362	1.072570	0.293800	0.000670	0.002989	0.000678	0.050797	0.662271	1.603935	1.508685	0.376280	0.006531	0.002671	0.005707	0.233409	1.009700	1.764522	1.333915	0.359085	0.010898	0.696560	11.959500
351.562000	104.478000	0.798631	0.004473	0.004724	0.117274	1.159338	0.302509	0.001318	0.000787	0.000000	0.010106	0.588439	1.549456	1.680547	0.395141	0.006967	0.000574	0.005603	0.107158	0.843482	1.812826	1.380025	0.463758	0.009980	0.595961	11.839100
357.187000	104.478000	0.776340	0.012070	0.004423	0.063033	1.419926	0.372814	0.000758	0.000000	0.001743	0.002987	0.505477	1.504636	1.847547	0.583114	0.004700	0.001169	0.002821	0.035019	0.722382	1.831623	1.332750	0.579404	0.005874	0.561462	12.172100
0.000000	106.958000	0.778040	0.004591	0.003523	0.014366	1.356569	0.417112	0.003922	0.000000	0.000000	0.003925	0.409075	1.391222	1.810892	0.666606	0.013732	0.001758	0.002010	0.013989	0.620753	1.874475	1.493054	0.655669	0.010670	0.637773	12.183700
5.625000	106.958000	0.734801	0.013755	0.011161	0.004544	1.428713	0.491010	0.003616	0.001487	0.000696	0.000758	0.298138	1.239140	1.841869	0.761647	0.077979	0.002416	0.000622	0.004951	0.495787	1.731927	1.458809	0.629339	0.012093	0.605591	11.850900
11.250000	106.958000	0.752106	0.035723	0.008775	0.009259	1.528318	0.616059	0.017798	0.002821	0.002101	0.001081	0.284749	1.144025	1.809614	0.964629	0.192354	0.004458	0.000757	0.003762	0.380662	1.619995	1.460335	0.621549	0.022022	0.448515	11.931500
16.875000	106.958000	0.738854	0.113871	0.012013	0.007437	1.537570	0.723813	0.091051	0.002080	0.003093	0.002694	0.237917	0.982604	1.771240	1.050848	0.361899	0.005792	0.002707	0.008043	0.366724	1.526961	1.454488	0.760329	0.027293	0.377030	12.166400
22.500000	106.958000	0.720466	0.226154	0.010370	0.007382	1.550372	0.870370	0.225505	0.003525	0.003521	0.001293	0.149354	0.912455	1.730796	1.280104	0.533546	0.006562	0.002057	0.006288	0.388564	1.347928	1.353198	0.783158	0.033889	0.322411	12.469300
28.125000	106.958000	0.693376	0.320287	0.008086	0.008276	1.558549	0.945365	0.334700	0.001534	0.001261	0.000276	0.078250	0.871205	1.744278	1.453301	0.646164	0.003074	0.002648	0.004068	0.282754	1.159044	1.247192	0.853604	0.041277	0.269000	12.527600
33.750000	106.958000	0.672720	0.493299	0.008129	0.008080	1.498347	1.050206	0.476712	0.006872	0.001516	0.001331	0.022408	0.773093	1.762249	1.638079	0.735303	0.006825	0.002529	0.001137	0.214792	1.047049	1.231110	0.969355	0.072650	0.247594	12.941400
39.375000	106.958000	0.603657	0.545453	0.007584	0.006648	1.424517	1.182444	0.610506	0.008647	0.000000	0.000624	0.007900	0.707770	1.927088	1.826782	0.846233	0.003453	0.002061	0.005022	0.062327	0.947693	1.213862	1.060614	0.129414	0.206494	13.336800
45.000000	106.958000	0.599380	0.609485	0.002960	0.005695	1.341131	1.387806	0.651330	0.007641	0.000769	0.001182	0.006893	0.703707	1.873390	1.860349	0.864610	0.001638	0.002273	0.002853	0.005931	0.897424	1.027274	1.082417	0.161811	0.165239	13.263200
50.625000	106.958000	0.489724	0.630794	0.012197	0.004415	1.229820	1.436257	0.726127	0.004753	0.000834	0.001424	0.006739	0.584339	1.805735	1.775719	0.926369	0.061452	0.002851	0.001999	0.003151	0.764435	1.012879	1.071426	0.232862	0.107404	12.893700
56.250000	106.958000	0.434052	0.654484	0.009319	0.009229	1.079853	1.487366	0.781998	0.022680	0.000735	0.001277	0.007922	0.501319	1.645838	1.795081	1.054421	0.201732	0.006516	0.005016	0.002948	0.734347	0.956370	1.154565	0.242925	0.085171	12.875200
61.875000	106.958000	0.322738	0.640636	0.013533	0.004696	0.967882	1.543428	0.794041	0.096476	0.000000	0.006871	0.004311	0.365955	1.486608	1.735173	1.225602	0.292617	0.001183	0.001365	0.007895	0.659062	0.925684	1.261069	0.249893	0.035632	12.642400
67.500000	106.958000	0.205574	0.698370	0.006350	0.007022	0.876322	1.579008	0.906196	0.158215	0.000000	0.000671	0.003455	0.211299	1.293788	1.663198	1.362065	0.373381	0.000865	0.001496	0.005540	0.568491	0.802126	1.329844	0.337272	0.040344	12.430900
73.125000	106.958000	0.128700	0.736093	0.010273	0.006926	0.756390	1.544989	0.997655	0.247054	0.002047	0.001454	0.002534	0.106543	1.092955	1.789675	1.514645	0.394438	0.006318	0.001273	0.004266	0.375232	0.742632	1.458141	0.357220	0.031887	12.309300
78.750000	106.958000	0.030371	0.744147	0.008326	0.004461	0.602463	1.525310	1.140315	0.268340	0.003531	0.000758	0.000754	0.024284	0.920099	1.854208	1.682787	0.386675	0.008063	0.000960	0.006498	0.203479	0.640710	1.458865	0.499624	0.016659	12.031700
84.375000	106.958000	0.015749	0.729376	0.008430	0.006227	0.495076	1.463253	1.275116	0.311987	0.002900	0.001370	0.000259	0.002409	0.773749	2.001687	1.831645	0.468277	0.005552	0.001362	0.003588	0.071106	0.576412	1.483939	0.542682	0.011293	12.083500
90.000000	106.958000	0.004667	0.768971	0.020841	0.003081	0.362485	1.376700	1.311307	0.402749	0.004400	0.000686	0.000000	0.003924	0.631289	1.934055	1.862747	0.659883	0.012547	0.000335	0.002012	0.012628	0.624613	1.480241	0.625599	0.008291	12.114000
95.625000	106.958000	0.003626	0.725394	0.063575	0.005315	0.310258	1.286222	1.432706	0.546066	0.008012	0.000000	0.003089	0.005023	0.469446	1.737209	1.894901	0.789439	0.071798	0.002915	0.004882	0.003046	0.554064	1.419801	0.611466	0.007496	11.955700
101.250000	106.958000	0.007599	0.740025	0.091481	0.002873	0.265380	1.091971	1.528680	0.608115	0.017938	0.000586	0.002122	0.002478	0.394802	1.697896	1.803733	0.904264	0.191475	0.004772	0.002619	0.006546	0.455652	1.441131	0.635155	0.008300	11.905600
106.875000	106.958000	0.005434	0.703664	0.167307	0.011048	0.216774	0.919898	1.531779	0.732032	0.100775	0.001450	0.002306	0.001240	0.386416	1.533792	1.800351	1.052138	0.346392	0.003740	0.002530	0.005928	0.385773	1.405302	0.755597	0.036761	12.108400
112.500000	106.958000	0.010173	0.700911	0.249813	0.007903	0.145064	0.859912	1.528725	0.805967	0.213078	0.003180	0.002316	0.002269	0.371481	1.406433	1.765212	1.267934	0.547405	0.004292	0.002121	0.000735	0.329889	1.349704	0.762016	0.028200	12.364700
118.125000	106.958000	0.009232	0.704085	0.401723	0.005936	0.099317	0.857054	1.541901	0.970884	0.398651	0.001310	0.001444	0.001846	0.305882	1.158026	1.744119	1.529178	0.651504	0.010168	0.003508	0.000486	0.289309	1.312529	0.831642	0.048117	12.877800
123.750000	106.958000	0.009648	0.681106	0.484742	0.009440	0.028177	0.789962	1.559850	1.114926	0.495871	0.005376	0.000000	0.000653	0.183607	1.020867	1.780050	1.572698	0.795946	0.008301	0.004574	0.003123	0.234936	1.226066	0.924736	0.082367	13.017000
129.375000	106.958000	0.007882	0.656968	0.562416	0.010036	0.013548	0.692410	1.427752	1.225206	0.581793	0.003541	0.002764	0.002703	0.064253	0.989831	1.884405	1.781996	0.799045	0.003883	0.002250	0.003052	0.226793	1.132760	1.003449	0.135053	13.213800
135.000000	106.958000	0.005274	0.573692	0.610947	0.004139	0.007499	0.653112	1.332445	1.328000	0.662366	0.007967	0.001938	0.000000	0.005573	0.854352	1.864500	1.874577	0.907459	0.007910	0.001493	0.001516	0.154291	1.094131	1.069494	0.158722	13.181400
140.625000	106.958000	0.002528	0.528618	0.620729	0.005190	0.004024	0.591585	1.187149	1.405268	0.769047	0.009478	0.000000	0.000749	0.004856	0.797119	1.761559	1.859060	0.984348	0.075473	0.002796	0.003471	0.116983	1.027813	1.091138	0.212347	13.061300
146.250000	106.958000	0.004970	0.462516	0.661864	0.013747	0.002684	0.503460	1.075973	1.499829	0.786047	0.022148	0.001651	0.001498	0.007472	0.778607	1.640013	1.763651	1.069219	0.191208	0.004672	0.001668	0.086778	0.918563	1.221270	0.239099	12.958600
151.875000	106.958000	0.009787	0.403125	0.697343	0.009688	0.003016	0.385924	0.942260	1.599434	0.810720	0.093759	0.004073	0.004155	0.006643	0.657005	1.523659	1.717485	1.170908	0.274173	0.004232	0.000841	0.045281	0.831035	1.279979	0.325153	12.799700
157.500000	106.958000	0.012168	0.292894	0.667287	0.007456	0.001493	0.228206	0.850567	1.519779	0.882394	0.171478	0.000000	0.002228	0.006754	0.564347	1.354465	1.688362	1.359170	0.361468	0.002112	0.000583	0.038791	0.811175	1.317188	0.316838	12.457200
163.125000	106.958000	0.007153	0.174510	0.778855	0.010395	0.002812	0.097505	0.721886	1.564102	1.009799	0.219774	0.001999	0.001137	0.003723	0.363606	1.121935	1.733477	1.505982	0.431540	0.009150	0.001320	0.018832	0.735652	1.417845	0.371106	12.304100
168.750000	106.958000	0.008417	0.106369	0.735271	0.009961	0.001335	0.015959	0.600355	1.497205	1.122421	0.275944	0.000604	0.001446	0.003546	0.187544	0.901491	1.832584	1.716603	0.384003	0.008701	0.003611	0.019324	0.641737	1.441312	0.467591	11.983300
174.375000	106.958000	0.006263	0.050217	0.755388	0.004979	0.000000	0.003875	0.565099	1.467517	1.168273	0.293265	0.002810	0.002355	0.004678	0.076417	0.754018	1.866796	1.830028	0.486634	0.004966	0.001563	0.006707	0.642522	1.381269	0.573359	11.949000
180.000000	106.958000	0.007579	0.018235	0.747313	0.015972	0.000624	0.006933	0.406493	1.344818	1.383316	0.414126	0.004396	0.000000	0.001378	0.006780	0.632408	1.888669	1.923051	0.647750	0.015045	0.005078	0.011890	0.624604	1.485172	0.643885	12.235500
185.625000	106.958000	0.007548	0.009232	0.788347	0.054092	0.000745	0.001471	0.282982	1.236527	1.427503	0.507762	0.003598	0.000000	0.000000	0.005054	0.498756	1.872100	1.889676	0.786689	0.068830	0.006063	0.012416	0.578932	1.517088	0.570309	12.125700
191.250000	106.958000	0.007368	0.007202	0.685359	0.082370	0.001483	0.000828	0.295213	1.116806	1.508243	0.643401	0.015908	0.001976	0.002854	0.008471	0.399836	1.640974	1.817768	0.972811	0.197307	0.001263	0.013307	0.498750	1.472199	0.661129	12.052800
196.875000	106.958000	0.008414	0.007080	0.733654	0.161008	0.002847	0.000618	0.248543	0.965367	1.493925	0.747031	0.102062	0.001953	0.000379	0.004882	0.356272	1.555021	1.769555	1.116135	0.374521	0.005827	0.025473	0.377349	1.419733	0.737148	12.214800
202.500000	106.958000	0.008376	0.008705	0.750791	0.284924	0.001470	0.000000	0.165132	0.896553	1.602420	0.856559	0.222724	0.007193	0.000905	0.005209	0.371176	1.331359	1.745397	1.294682	0.561252	0.005958	0.043954	0.347392	1.337828	0.792448	12.642400
208.125000	106.958000	0.008408	0.007204	0.686375	0.389269	0.004525	0.000738	0.098203	0.877902	1.572166	0.950987	0.392581	0.002671	0.002848	0.002590	0.305410	1.176201	1.750962	1.490250	0.668273	0.005165	0.044039	0.286621	1.289875	0.901836	12.915100
213.750000	106.958000	0.007106	0.008000	0.626659	0.482473	0.000576	0.001271	0.021094	0.808727	1.490815	1.038178	0.483818	0.005870	0.003210	0.002060	0.183278	1.102462	1.804491	1.621386	0.772191	0.012466	0.093884	0.245490	1.219800	0.959822	12.995100
219.375000	106.958000	0.007072	0.007039	0.654844	0.554575	0.002133	0.000885	0.004754	0.735513	1.417030	1.250902	0.567127	0.005375	0.002134	0.000000	0.062149	0.938562	1.922542	1.733635	0.838775	0.006226	0.128902	0.217110	1.115391	0.995631	13.168300
225.000000	106.958000	0.009082	0.006526	0.574030	0.592333	0.000000	0.001363	0.006718	0.691037	1.342194	1.321622	0.632101	0.008259	0.004368	0.003898	0.004885	0.917073	1.865213	1.848859	0.904262	0.010387	0.167016	0.167741	1.051629	1.021734	13.152300
230.625000	106.958000	0.004591	0.005480	0.557971	0.661918	0.000736	0.000763	0.002359	0.578359	1.217289	1.486370	0.721570	0.002634	0.003346	0.004149	0.007820	0.807430	1.801426	1.810326	0.943611	0.067655	0.201293	0.127184	1.073158	1.120648	13.208100
236.250000	106.958000	0.009569	0.006410	0.477993	0.641422	0.000257	0.002147	0.002989	0.522051	1.052997	1.533679	0.764579	0.022674	0.002276	0.003132	0.010300	0.717437	1.670810	1.779971	1.091446	0.189781	0.272128	0.065980	0.939303	1.185973	12.965300
241.875000	106.958000	0.008371	0.007567	0.405611	0.670244	0.002135	0.001288	0.003036	0.391715	0.927598	1.508379	0.878807	0.088588	0.001568	0.000683	0.005512	0.641168	1.518106	1.748711	1.202383	0.290691	0.299266	0.034279	0.863696	1.289185	12.788600
247.500000	106.958000	0.008659	0.008631	0.278027	0.661823	0.001350	0.001283	0.003097	0.216062	0.856547	1.438406	0.897952	0.165202	0.004901	0.001474	0.005299	0.532373	1.339536	1.730005	1.341278	0.356330	0.346424	0.036927	0.798140	1.344863	12.374600
253.125000	106.958000	0.006696	0.009642	0.166892	0.714880	0.000000	0.004344	0.000000	0.094373	0.761660	1.623309	0.964060	0.218639	0.005100	0.000626	0.002257	0.362687	1.129027	1.824961	1.558436	0.393666	0.394851	0.037305	0.698999	1.376033	12.348400
258.750000	106.958000	0.004937	0.008308	0.100243	0.775246	0.001470	0.001489	0.003387	0.013948	0.630458	1.516579	1.093361	0.284362	0.005368	0.003051	0.002136	0.197471	0.924579	1.812735	1.622506	0.347535	0.474889	0.017927	0.637579	1.452430	11.932000
264.375000	106.958000	0.010105	0.008179	0.065139	0.728951	0.000758	0.001486	0.000000	0.003401	0.483387	1.496651	1.243517	0.278979	0.004156	0.001579	0.002846	0.074976	0.795911	1.904797	1.823875	0.522051	0.596406	0.010535	0.576005	1.480207	12.113900
270.000000	106.958000	0.022181	0.004069	0.012915	0.774684	0.002845	0.000744	0.001156	0.003473	0.376383	1.392828	1.330522	0.386912	0.009047	0.001433	0.004030	0.011855	0.633722	1.856617	1.862543	0.653130	0.603607	0.009676	0.605672	1.470299	12.030300
275.625000	106.958000	0.066154	0.009389	0.006364	0.714475	0.002111	0.000745	0.001516	0.002880	0.294586	1.229956	1.412484	0.479642	0.070915	0.001256	0.000670	0.004276	0.472827	1.762090	1.867000	0.775951	0.558546	0.012435	0.551901	1.455529	11.753700
281.250000	106.958000	0.104526	0.007797	0.004790	0.793972	0.023700	0.001270	0.000584	0.000586	0.268905	1.068665	1.542478	0.609954	0.225123	0.004695	0.002705	0.005982	0.391993	1.648959	1.825346	0.923452	0.663845	0.020834	0.453019	1.499772	12.092900
286.875000	106.958000	0.166546	0.013324	0.008325	0.736783	0.107358	0.000739	0.001493	0.000124	0.232875	1.028434	1.575819	0.708273	0.389997	0.006403	0.002485	0.005206	0.357858	1.542116	1.771387	1.091482	0.708916	0.029777	0.361235	1.433226	12.280200
292.500000	106.958000	0.275671	0.007807	0.009694	0.691647	0.210802	0.003878	0.002987	0.002544	0.150013	0.899652	1.590578	0.829627	0.533923	0.002385	0.003719	0.003801	0.368100	1.412280	1.751267	1.352067	0.852577	0.032743	0.331073	1.383192	12.702000
298.125000	106.958000	0.387951	0.005594	0.002719	0.682087	0.383909	0.005738	0.005250	0.000000	0.093043	0.888317	1.525151	0.946991	0.650262	0.005175	0.002844	0.005476	0.287525	1.189999	1.767383	1.485850	0.846923	0.049474	0.286034	1.312574	12.816300
303.750000	106.958000	0.459880	0.004501	0.012793	0.675293	0.516094	0.008969	0.000528	0.001888	0.031450	0.759108	1.524394	1.094582	0.716373	0.003470	0.002703	0.002036	0.175282	1.044414	1.824690	1.626475	0.962679	0.085797	0.227397	1.204916	12.965700
309.375000	106.958000	0.547320	0.003649	0.006520	0.640178	0.615291	0.007358	0.002932	0.000000	0.004583	0.734457	1.412088	1.184695	0.858615	0.003638	0.002644	0.007404	0.076060	0.980897	1.899277	1.791937	1.038452	0.131867	0.232820	1.067124	13.249800
315.000000	106.958000	0.629702	0.006874	0.005966	0.586316	0.698489	0.008888	0.002115	0.000735	0.009726	0.645664	1.307846	1.337331	0.904668	0.011746	0.002878	0.001474	0.006251	0.926940	1.883987	1.894742	1.095241	0.173629	0.165968	1.047207	13.354400
320.625000	106.958000	0.639358	0.008425	0.005595	0.575095	0.706148	0.005744	0.000597	0.002074	0.001919	0.590983	1.196117	1.435759	0.967060	0.070728	0.003014	0.002090	0.009289	0.795743	1.782640	1.978491	1.112674	0.198449	0.112741	0.954566	13.155300
326.250000	106.958000	0.674151	0.011389	0.004549	0.461537	0.806335	0.026270	0.000737	0.001493	0.005405	0.502036	1.117333	1.495927	1.046548	0.202842	0.002309	0.005446	0.005514	0.755164	1.644718	1.829508	1.211058	0.268593	0.080616	0.972040	13.131500
331.875000	106.958000	0.724297	0.006379	0.012132	0.418131	0.829388	0.074354	0.001496	0.002531	0.005415	0.343283	0.984737	1.483939	1.114544	0.281419	0.003411	0.002102	0.006543	0.689856	1.502385	1.724225	1.297159	0.312831	0.044823	0.860051	12.725400
337.500000	106.958000	0.733665	0.010554	0.009482	0.282025	0.903768	0.153158	0.001428	0.002282	0.001610	0.225230	0.835663	1.478657	1.369394	0.357040	0.004063	0.001381	0.005700	0.585461	1.275908	1.668367	1.406218	0.340567	0.031449	0.843902	12.527000
343.125000	106.958000	0.755727	0.010324	0.009781	0.181858	1.030852	0.246971	0.001263	0.001318	0.002180	0.099737	0.682833	1.535251	1.528952	0.363850	0.005846	0.002336	0.004983	0.389759	1.085748	1.764952	1.396130	0.370188	0.018519	0.728682	12.218000
348.750000	106.958000	0.738371	0.004640	0.002897	0.082738	1.113925	0.256618	0.000742	0.000000	0.000000	0.022256	0.582235	1.488485	1.634732	0.355482	0.005933	0.002523	0.007275	0.217071	0.894766	1.803167	1.393076	0.479795	0.015292	0.658813	11.760800
354.375000	106.958000	0.744133	0.004999	0.005882	0.054836	1.152009	0.306946	0.002257	0.000797	0.000000	0.004341	0.497909	1.468365	1.709986	0.478559	0.003300	0.000170	0.003763	0.072665	0.739564	1.912272	1.420050	0.561361	0.007703	0.614408	11.766300
2.812500	109.471000	0.705759	0.003810	0.005566	0.006636	1.307473	0.459263	0.000758	0.000000	0.000325	0.001185	0.316795	1.173973	1.873333	0.707268	0.035464	0.002749	0.000736	0.002992	0.568329	1.768503	1.592999	0.698545	0.016461	0.616071	11.865000
8.437500	109.471000	0.703726	0.016492	0.010961	0.005346	1.348482	0.541542	0.004452	0.001348	0.000736	0.001516	0.257121	1.038068	1.867090	0.854157	0.161388	0.002776	0.002384	0.007995	0.425834	1.695453	1.534392	0.630963	0.041704	0.567764	11.721700
14.062500	109.471000	0.723483	0.061128	0.007573	0.004091	1.443314	0.641382	0.036533	0.001210	0.002261	0.000738	0.256401	1.022630	1.737967	1.029594	0.285828	0.002819	0.001326	0.010612	0.386987	1.638181	1.490781	0.742424	0.045895	0.419373	11.992500
19.687500	109.471000	0.697385	0.138134	0.009217	0.008551	1.437094	0.753874	0.148048	0.002401	0.003577	0.000636	0.148654	0.872248	1.690070	1.257586	0.487943	0.002881	0.001119	0.005560	0.371104	1.413140	1.466533	0.747036	0.047755	0.407122	12.117700
25.312500	109.471000	0.676950	0.218346	0.010725	0.006933	1.453267	0.845783	0.258793	0.002157	0.002942	0.001586	0.096567	0.839588	1.690432	1.401536	0.599441	0.010360	0.000881	0.009800	0.364051	1.254973	1.406942	0.849237	0.078210	0.340498	12.420000
30.937500	109.471000	0.682470	0.314094	0.007346	0.006383	1.458198	0.962416	0.411329	0.002869	0.001329	0.000000	0.037836	0.756686	1.803077	1.602227	0.743597	0.005291	0.002574	0.002982	0.243732	1.101059	1.315933	0.901110	0.106795	0.321746	12.791100
36.562500	109.471000	0.608867	0.409070	0.007071	0.012614	1.333599	1.121048	0.523984	0.002676	0.001355	0.001792	0.007690	0.720079	1.856380	1.712712	0.799344	0.004828	0.004968	0.002874	0.142285	1.031992	1.232150	1.023717	0.143746	0.277035	12.981900
42.187500	109.471000	0.577180	0.487576	0.004567	0.004341	1.253277	1.155108	0.588790	0.006272	0.000619	0.001260	0.000758	0.707932	1.976455	1.879010	0.852425	0.004943	0.003031	0.002135	0.046243	0.932174	1.113951	1.092275	0.201731	0.220882	13.112900
47.812500	109.471000	0.489344	0.548952	0.006833	0.002001	1.222367	1.362303	0.663217	0.003569	0.002024	0.001239	0.002574	0.588788	1.848949	1.943012	0.921647	0.031090	0.002965	0.005114	0.009303	0.867753	1.050520	1.143550	0.237340	0.207599	13.162100
53.437500	109.471000	0.410481	0.606185	0.006105	0.007821	1.110502	1.377345	0.734860	0.005680	0.001864	0.003013	0.002055	0.534475	1.733601	1.776273	1.008271	0.126853	0.002775	0.006355	0.006118	0.780375	1.051575	1.225421	0.267608	0.149478	12.935100
59.062500	109.471000	0.295415	0.629151	0.006985	0.005258	0.966158	1.495407	0.800200	0.044837	0.000631	0.000000	0.005100	0.384308	1.607667	1.696777	1.106027	0.236199	0.005023	0.002540	0.004886	0.721068	0.938330	1.304284	0.306916	0.099395	12.662600
64.687500	109.471000	0.245023	0.622713	0.004936	0.010322	0.842237	1.457779	0.827382	0.108599	0.001481	0.002229	0.000602	0.255011	1.400473	1.645962	1.290701	0.354163	0.002520	0.001101	0.004831	0.636690	0.854658	1.376315	0.366573	0.075049	12.387400
70.312500	109.471000	0.137273	0.653847	0.001650	0.006556	0.755465	1.492523	0.932652	0.162160	0.000544	0.003349	0.004878	0.138610	1.215401	1.690613	1.446142	0.355325	0.006645	0.002309	0.007411	0.496022	0.773987	1.445825	0.412474	0.074859	12.216500
75.937500	109.471000	0.050488	0.671354	0.006257	0.007194	0.660175	1.440928	0.997817	0.245943	0.002804	0.000738	0.000000	0.041439	0.945127	1.772970	1.649762	0.392259	0.005538	0.002591	0.005746	0.305045	0.755030	1.505450	0.464265	0.053539	11.982500
81.562500	109.471000	0.015622	0.672205	0.004763	0.008153	0.540989	1.411104	1.084292	0.227245	0.003059	0.002250	0.001952	0.006212	0.889573	1.872485	1.680615	0.440798	0.007132	0.000000	0.002995	0.140112	0.615202	1.569090	0.606600	0.028012	11.830500
87.187500	109.471000	0.003158	0.721749	0.007817	0.002689	0.458577	1.331981	1.174844	0.309973	0.001371	0.000000	0.000000	0.003229	0.690216	1.926918	1.897230	0.587148	0.001582	0.001582	0.001684	0.047016	0.648688	1.528906	0.622554	0.011329	11.980200
92.812500	109.471000	0.005250	0.717631	0.005858	0.002006	0.303397	1.227683	1.286935	0.434959	0.002085	0.000735	0.000000	0.002097	0.574156	1.876941	1.918142	0.746908	0.045651	0.003773	0.000758	0.006970	0.668439	1.548291	0.666511	0.014103	12.059300
98.437500	109.471000	0.006350	0.742579	0.045058	0.005046	0.258348	1.035940	1.399489	0.520998	0.004897	0.002018	0.001433	0.002204	0.438740	1.726035	1.841994	0.828698	0.143636	0.003249	0.001949	0.004738	0.544905	1.489413	0.646737	0.030055	11.724500
104.062000	109.471000	0.006537	0.747017	0.087559	0.007221	0.263578	0.935364	1.459679	0.641251	0.036580	0.000736	0.000523	0.000710	0.402837	1.574451	1.745375	0.995801	0.314068	0.003682	0.002972	0.004284	0.456312	1.488723	0.687697	0.046246	11.909200
109.688000	109.471000	0.004195	0.659449	0.154070	0.006482	0.174568	0.881068	1.553313	0.736083	0.127343	0.001362	0.004302	0.000000	0.383463	1.475411	1.635874	1.231698	0.482872	0.004820	0.004084	0.007094	0.403457	1.462586	0.793771	0.063402	12.250800
115.312000	109.471000	0.006696	0.627842	0.241548	0.011123	0.104184	0.841747	1.456626	0.866034	0.257430	0.002331	0.003019	0.000000	0.341931	1.275410	1.657306	1.477311	0.633601	0.008770	0.001399	0.008422	0.346428	1.412721	0.851791	0.069421	12.503100
120.938000	109.471000	0.006618	0.662584	0.361192	0.008057	0.042145	0.804541	1.474099	0.977974	0.386160	0.003309	0.002964	0.000615	0.270128	1.107410	1.760484	1.610302	0.749109	0.007325	0.003939	0.004887	0.284853	1.287364	0.929939	0.095531	12.841500
126.562000	109.471000	0.010889	0.596069	0.432961	0.005184	0.006884	0.724258	1.402384	1.081814	0.540494	0.002076	0.002338	0.000490	0.155189	0.999559	1.846054	1.686598	0.756083	0.012580	0.002921	0.002098	0.256381	1.242442	0.988484	0.157934	12.912200
132.188000	109.471000	0.007061	0.549987	0.520519	0.008356	0.008350	0.675071	1.328159	1.219890	0.605204	0.004183	0.000596	0.000735	0.035441	0.931031	1.850589	1.852704	0.849532	0.003657	0.006230	0.001442	0.247901	1.117553	1.083649	0.211264	13.119100
137.812000	109.471000	0.007320	0.526863	0.538108	0.005226	0.004273	0.603467	1.148243	1.285691	0.703031	0.007336	0.000000	0.000681	0.002903	0.859928	1.796562	1.893917	0.931474	0.046683	0.001362	0.003722	0.196115	1.103927	1.136968	0.244006	13.047800
143.437000	109.471000	0.004878	0.426855	0.599155	0.006700	0.003245	0.517846	1.054756	1.386257	0.693340	0.011416	0.000000	0.000797	0.011258	0.819124	1.649740	1.802625	1.044643	0.132955	0.004877	0.001344	0.153388	1.056662	1.294162	0.247347	12.923400
149.062000	109.471000	0.004868	0.355396	0.630916	0.001211	0.004662	0.391275	0.960201	1.441109	0.779753	0.033387	0.002211	0.000758	0.008935	0.719952	1.587231	1.729032	1.113249	0.241293	0.004720	0.003498	0.099741	0.938422	1.309769	0.276802	12.638400
154.688000	109.471000	0.008180	0.257270	0.645741	0.012464	0.004982	0.262662	0.895795	1.447013	0.798638	0.091871	0.000572	0.005142	0.003903	0.614008	1.445158	1.599377	1.298538	0.329474	0.002067	0.000604	0.090382	0.835934	1.428566	0.335879	12.414200
160.312000	109.471000	0.007363	0.179000	0.735264	0.002748	0.000618	0.119496	0.759001	1.522154	0.943461	0.148904	0.001292	0.003918	0.001652	0.467406	1.219698	1.692366	1.447488	0.403227	0.004640	0.001517	0.067655	0.762367	1.455122	0.385144	12.331500
165.938000	109.471000	0.006181	0.080369	0.712312	0.009246	0.001507	0.045477	0.627046	1.417087	1.057706	0.245729	0.000000	0.000736	0.004938	0.309724	1.024634	1.787051	1.644695	0.378675	0.005701	0.002351	0.048051	0.732261	1.526316	0.436429	12.104200
171.562000	109.471000	0.006611	0.048459	0.747480	0.004536	0.000000	0.007143	0.525428	1.391606	1.090321	0.251886	0.001502	0.001466	0.007505	0.139535	0.880432	1.790195	1.657046	0.437381	0.006288	0.000000	0.030453	0.611006	1.511150	0.565415	11.712800
177.188000	109.471000	0.002595	0.003594	0.683168	0.006131	0.000000	0.002104	0.458786	1.316883	1.202745	0.270088	0.004353	0.000747	0.000794	0.051729	0.721282	1.978785	1.862758	0.547543	0.005049	0.001439	0.011742	0.694490	1.487965	0.604005	11.918800
182.812000	109.471000	0.003522	0.008337	0.695378	0.007116	0.000000	0.001777	0.312159	1.169381	1.297441	0.455108	0.001342	0.000000	0.000736	0.003817	0.576501	1.865394	1.870132	0.765661	0.046856	0.006635	0.021347	0.666895	1.557034	0.657486	11.990100
188.438000	109.471000	0.005196	0.009632	0.666349	0.051817	0.000735	0.002496	0.262782	1.041907	1.445339	0.535373	0.004055	0.000616	0.002915	0.004681	0.448181	1.698507	1.847400	0.846967	0.166660	0.002285	0.033931	0.569615	1.557622	0.671769	11.876800
194.062000	109.471000	0.004980	0.006561	0.698152	0.105669	0.002899	0.001564	0.232443	1.018483	1.395576	0.665852	0.046214	0.001293	0.000000	0.008546	0.410696	1.601345	1.690997	1.031909	0.290088	0.006233	0.046321	0.470245	1.499003	0.752394	11.987500
199.687000	109.471000	0.003250	0.008083	0.650586	0.188580	0.002986	0.000670	0.159208	0.942005	1.472595	0.733100	0.130518	0.002838	0.003451	0.007094	0.394543	1.438881	1.598846	1.287489	0.491849	0.005865	0.063907	0.396613	1.533385	0.781875	12.298200
205.312000	109.471000	0.013382	0.009446	0.668204	0.230663	0.004419	0.000523	0.089647	0.832235	1.462880	0.842425	0.252531	0.002127	0.000625	0.001378	0.321331	1.294241	1.700950	1.448472	0.594749	0.007821	0.060016	0.365135	1.391798	0.891873	12.486900
210.938000	109.471000	0.010042	0.010114	0.656425	0.390726	0.002361	0.000000	0.041844	0.765046	1.467958	0.940838	0.422242	0.003390	0.002441	0.001457	0.244171	1.129357	1.762204	1.619667	0.730122	0.006529	0.110387	0.295319	1.296932	0.891131	12.800700
216.562000	109.471000	0.006194	0.009371	0.631842	0.434664	0.000000	0.001424	0.004854	0.731316	1.343540	1.027824	0.495155	0.004513	0.002727	0.005185	0.137153	1.026252	1.909592	1.793023	0.823714	0.007412	0.153037	0.282089	1.255448	1.018793	13.105100
222.188000	109.471000	0.002088	0.005137	0.599661	0.513489	0.001198	0.000378	0.008629	0.640992	1.273499	1.215050	0.596409	0.005019	0.004537	0.000699	0.050369	0.912950	1.946530	1.910338	0.844990	0.004276	0.176905	0.236992	1.134592	1.081739	13.166500
227.812000	109.471000	0.002786	0.001931	0.486005	0.548806	0.000714	0.000590	0.008205	0.580685	1.171824	1.330952	0.696369	0.006702	0.004797	0.004169	0.006142	0.866127	1.793203	1.896914	0.932523	0.041315	0.234620	0.201875	1.083750	1.127333	13.028300
233.438000	109.471000	0.008451	0.004212	0.434804	0.593222	0.000651	0.002856	0.003866	0.531762	1.048559	1.413864	0.731430	0.001514	0.002038	0.004260	0.009416	0.797225	1.772054	1.843973	0.952880	0.152748	0.261970	0.153834	1.019280	1.260108	13.005000
239.062000	109.471000	0.006888	0.006820	0.377437	0.657292	0.000000	0.001497	0.003734	0.397417	0.963248	1.440984	0.799421	0.034395	0.004239	0.007150	0.002965	0.721777	1.560347	1.685580	1.108455	0.250305	0.297713	0.101075	0.917542	1.328781	12.675100
244.687000	109.471000	0.007915	0.006046	0.258819	0.654589	0.000000	0.004388	0.004517	0.250871	0.922947	1.483486	0.811220	0.101539	0.005536	0.002097	0.005128	0.608027	1.488700	1.658708	1.267007	0.323610	0.374308	0.076226	0.826441	1.400100	12.542200
250.312000	109.471000	0.003723	0.007532	0.164977	0.660882	0.000767	0.002013	0.002007	0.126722	0.768252	1.447273	0.862405	0.144355	0.005590	0.001531	0.005502	0.434013	1.179967	1.646313	1.465266	0.408043	0.406260	0.061302	0.823861	1.477899	12.106400
255.937000	109.471000	0.009153	0.004648	0.089042	0.664468	0.001489	0.001499	0.001283	0.043981	0.631261	1.407202	0.981694	0.261551	0.002364	0.003758	0.005920	0.303744	1.013271	1.789132	1.598020	0.411791	0.469016	0.055256	0.752210	1.516613	12.018400
261.562000	109.471000	0.007071	0.006552	0.048854	0.665962	0.001515	0.000000	0.000000	0.007296	0.512539	1.381179	1.096556	0.243612	0.002229	0.001365	0.001470	0.146904	0.837609	1.867542	1.720357	0.448501	0.586766	0.038358	0.639527	1.553064	11.814800
267.188000	109.471000	0.005519	0.001702	0.013995	0.712009	0.000735	0.000000	0.001163	0.002091	0.433977	1.287025	1.181573	0.294900	0.002162	0.001125	0.001362	0.043813	0.743186	1.868085	1.882562	0.555625	0.648785	0.013870	0.721412	1.561003	11.977700
272.812000	109.471000	0.008253	0.006369	0.008744	0.695037	0.002856	0.000000	0.000000	0.001754	0.295733	1.220580	1.304012	0.412694	0.046143	0.004806	0.002901	0.004959	0.596220	1.857115	1.907398	0.746526	0.650189	0.012882	0.640966	1.501797	11.927900
278.438000	109.471000	0.038947	0.007419	0.005635	0.704522	0.007166	0.000541	0.001582	0.000758	0.257207	1.084498	1.347566	0.493429	0.157041	0.000745	0.002137	0.005733	0.436645	1.789290	1.862871	0.842320	0.622887	0.037854	0.575339	1.508617	11.790800
284.062000	109.471000	0.099686	0.008453	0.006950	0.736100	0.037419	0.001217	0.004963	0.000576	0.250757	0.991527	1.457938	0.652492	0.313128	0.003977	0.001183	0.004668	0.397893	1.558527	1.792966	1.051132	0.709486	0.047036	0.483765	1.511557	12.123400
289.688000	109.471000	0.170619	0.006708	0.007666	0.712122	0.130064	0.002819	0.003091	0.000000	0.172329	0.916853	1.472652	0.770922	0.471123	0.004601	0.002217	0.004889	0.390712	1.455065	1.663809	1.274347	0.795867	0.076914	0.414565	1.452961	12.372900
295.312000	109.471000	0.240992	0.009971	0.009832	0.649994	0.240262	0.002707	0.002652	0.000000	0.099155	0.842300	1.497669	0.866823	0.606510	0.009606	0.002361	0.003865	0.328279	1.201840	1.565539	1.484278	0.852122	0.067074	0.364388	1.422289	12.370500
300.938000	109.471000	0.345624	0.009964	0.007949	0.629222	0.413106	0.009259	0.002867	0.001423	0.036995	0.771072	1.453018	0.993304	0.742788	0.007552	0.003382	0.004110	0.227845	1.085596	1.771070	1.597715	0.947268	0.090301	0.291802	1.352554	12.795800
306.562000	109.471000	0.441772	0.002186	0.011887	0.603908	0.516038	0.008563	0.000737	0.001499	0.006665	0.726704	1.423307	1.026834	0.791842	0.010781	0.001936	0.001384	0.137896	1.037614	1.858008	1.656503	0.997352	0.140301	0.265187	1.271531	12.940400
312.187000	109.471000	0.513210	0.004356	0.006153	0.595454	0.606109	0.008005	0.001678	0.000000	0.007074	0.673890	1.327921	1.198911	0.871450	0.003772	0.005705	0.004219	0.060243	0.888899	1.968041	1.925380	1.078617	0.209634	0.261066	1.146581	13.366400
317.812000	109.471000	0.607019	0.004700	0.008834	0.524640	0.646128	0.003270	0.001681	0.000736	0.006325	0.608960	1.180928	1.323578	0.898415	0.048952	0.004442	0.004500	0.007995	0.841976	1.850985	1.893690	1.192272	0.230879	0.194516	1.075274	13.160700
323.438000	109.471000	0.615903	0.007297	0.003936	0.433995	0.692495	0.006206	0.002048	0.002615	0.007942	0.502047	1.065141	1.414508	0.999432	0.155362	0.001846	0.006502	0.004274	0.798477	1.698959	1.819386	1.202541	0.264564	0.164198	0.999631	12.869300
329.062000	109.471000	0.614771	0.012649	0.003750	0.364393	0.794583	0.036020	0.002107	0.002476	0.003253	0.406492	0.977030	1.463027	1.067569	0.248097	0.002861	0.002024	0.009609	0.714817	1.640771	1.693406	1.266735	0.320671	0.102122	0.935456	12.684700
334.688000	109.471000	0.629327	0.008651	0.006802	0.277777	0.845975	0.099527	0.000735	0.002972	0.001921	0.245029	0.865844	1.551390	1.319936	0.330213	0.003043	0.002569	0.002433	0.604555	1.465504	1.663051	1.395599	0.347497	0.076237	0.840772	12.587400
340.312000	109.471000	0.703429	0.004412	0.008050	0.186866	0.895276	0.169321	0.000738	0.002083	0.000000	0.121839	0.754864	1.492817	1.460154	0.393981	0.003398	0.002686	0.003163	0.517265	1.195597	1.615505	1.428340	0.398202	0.067646	0.776292	12.201900
345.938000	109.471000	0.674235	0.004957	0.003228	0.093693	0.968277	0.259987	0.000000	0.000737	0.002076	0.050514	0.660224	1.410075	1.610382	0.396421	0.009063	0.001562	0.002590	0.332290	1.026081	1.839845	1.405879	0.446348	0.050042	0.728679	11.977200
351.562000	109.471000	0.706781	0.006813	0.003526	0.055442	1.066862	0.270755	0.004761	0.001140	0.000585	0.003992	0.515867	1.403674	1.695533	0.415546	0.007647	0.000639	0.004590	0.178517	0.858383	1.785275	1.491765	0.534828	0.028908	0.626512	11.668300
357.187000	109.471000	0.707492	0.004359	0.003440	0.012735	1.223136	0.299456	0.000738	0.000000	0.000739	0.002897	0.442177	1.350179	1.794629	0.567357	0.002380	0.004183	0.007347	0.048398	0.672270	1.897717	1.557577	0.646913	0.013459	0.653661	11.913200
0.000000	112.024000	0.668415	0.005542	0.001993	0.003577	1.130799	0.336797	0.001470	0.000769	0.001587	0.004916	0.319908	1.155391	1.956358	0.676379	0.025151	0.001858	0.005736	0.026692	0.659802	1.959875	1.654546	0.708049	0.050077	0.736578	12.092300
5.625000	112.024000	0.654200	0.010133	0.007610	0.002296	1.267097	0.456482	0.007899	0.001541	0.001493	0.002859	0.256941	1.043894	1.790105	0.812466	0.127028	0.006757	0.002792	0.010044	0.527855	1.824633	1.569203	0.631362	0.038351	0.633353	11.686400
11.250000	112.024000	0.655224	0.018806	0.005318	0.005586	1.343223	0.578816	0.011934	0.001523	0.003149	0.001481	0.217288	0.995807	1.673614	0.930091	0.240958	0.003763	0.001344	0.002751	0.364037	1.698620	1.621239	0.743686	0.051082	0.530726	11.700100
16.875000	112.024000	0.648852	0.077771	0.005847	0.007099	1.323929	0.637980	0.060111	0.000832	0.002923	0.001380	0.180492	0.871079	1.701233	1.111163	0.417025	0.001328	0.002266	0.005318	0.397991	1.562824	1.530150	0.805811	0.091138	0.458519	11.903100
22.500000	112.024000	0.616893	0.157005	0.004528	0.006958	1.439141	0.773047	0.150037	0.004247	0.004118	0.000670	0.117053	0.855362	1.573772	1.375162	0.576174	0.004909	0.001479	0.002661	0.391615	1.370095	1.549716	0.868547	0.111683	0.411928	12.366800
28.125000	112.024000	0.610682	0.202642	0.008202	0.004803	1.380998	0.901567	0.299373	0.005063	0.005114	0.000749	0.057359	0.774802	1.633454	1.536574	0.663381	0.009488	0.003433	0.003175	0.306913	1.165050	1.440758	0.908589	0.121309	0.383661	12.427100
33.750000	112.024000	0.580550	0.315951	0.004404	0.005632	1.298097	0.939366	0.406531	0.003813	0.002056	0.000735	0.011383	0.729055	1.704976	1.603234	0.775111	0.011420	0.001385	0.002526	0.201278	1.066284	1.389378	0.999326	0.175136	0.332644	12.560300
39.375000	112.024000	0.534440	0.393099	0.004330	0.005070	1.244851	1.073153	0.555300	0.002106	0.000000	0.000000	0.006401	0.668277	1.891904	1.739708	0.849231	0.005168	0.005126	0.003302	0.102164	0.965389	1.288789	1.101963	0.226092	0.268218	12.934100
45.000000	112.024000	0.469257	0.495793	0.000717	0.002273	1.153446	1.127161	0.600040	0.004812	0.001277	0.002091	0.002363	0.607750	1.905385	1.846314	0.940150	0.023890	0.002252	0.002186	0.021812	0.920617	1.211250	1.176800	0.259822	0.235976	13.013400
50.625000	112.024000	0.400011	0.540454	0.007630	0.004963	1.085047	1.278407	0.630653	0.007789	0.001339	0.002593	0.003047	0.524301	1.844233	1.854717	0.952629	0.116827	0.004240	0.003727	0.005950	0.814047	1.093683	1.284367	0.255463	0.215977	12.932100
56.250000	112.024000	0.355628	0.568298	0.008255	0.010250	0.919116	1.318579	0.688921	0.007782	0.001205	0.003708	0.000621	0.468793	1.699276	1.743497	1.066815	0.212039	0.002481	0.002035	0.006769	0.756414	0.966586	1.343144	0.317549	0.187547	12.655300
61.875000	112.024000	0.211482	0.583889	0.004410	0.006138	0.843677	1.335940	0.794418	0.057286	0.001356	0.003161	0.006683	0.294819	1.544548	1.693372	1.210650	0.295083	0.001202	0.001246	0.007153	0.658991	0.879611	1.411138	0.394999	0.131426	12.372700
67.500000	112.024000	0.144791	0.663466	0.006313	0.007560	0.739389	1.362913	0.843858	0.097444	0.000000	0.006418	0.001906	0.162908	1.355234	1.590137	1.391470	0.420822	0.003900	0.005180	0.004625	0.580025	0.838473	1.469915	0.414839	0.113232	12.224800
73.125000	112.024000	0.071932	0.660794	0.004715	0.004699	0.642846	1.346865	0.880421	0.169669	0.003009	0.005545	0.000000	0.061546	1.142860	1.647353	1.536473	0.383160	0.005724	0.003619	0.002895	0.423019	0.775746	1.508673	0.467060	0.084654	11.833300
78.750000	112.024000	0.018993	0.642211	0.003161	0.007598	0.558642	1.358921	0.984843	0.238088	0.001205	0.000678	0.000000	0.010972	0.929805	1.767542	1.653166	0.398884	0.006899	0.006681	0.001901	0.251731	0.744816	1.593293	0.567067	0.056470	11.803600
84.375000	112.024000	0.012031	0.653398	0.007927	0.007583	0.443804	1.281789	1.048323	0.260923	0.002711	0.000000	0.000000	0.005526	0.812310	1.926534	1.825809	0.541605	0.009023	0.001813	0.004166	0.116315	0.626658	1.584844	0.605184	0.045370	11.823600
90.000000	112.024000	0.004008	0.684077	0.008619	0.003906	0.358816	1.145947	1.176619	0.358793	0.001983	0.000606	0.000737	0.001750	0.706847	1.871433	1.918018	0.690970	0.025630	0.003724	0.001745	0.026225	0.714872	1.575944	0.700472	0.037101	12.018800
95.625000	112.024000	0.003547	0.676402	0.010939	0.003815	0.239421	1.086835	1.326168	0.440411	0.004322	0.000000	0.001318	0.000000	0.529510	1.788340	1.843837	0.791805	0.117404	0.004056	0.000855	0.007113	0.647238	1.559533	0.646561	0.033453	11.762900
101.250000	112.024000	0.004911	0.625221	0.029635	0.001635	0.241638	1.007179	1.288982	0.562891	0.004824	0.000747	0.000736	0.004018	0.420027	1.713798	1.791383	0.927146	0.234472	0.003634	0.002729	0.007783	0.583399	1.524541	0.729250	0.065296	11.775900
106.875000	112.024000	0.002608	0.690165	0.096190	0.003372	0.199567	0.901413	1.396684	0.640862	0.059922	0.002693	0.005006	0.000000	0.402974	1.622788	1.750113	1.111938	0.409508	0.004043	0.003516	0.007169	0.448430	1.597783	0.787084	0.092512	12.236300
112.500000	112.024000	0.007648	0.571404	0.165928	0.007680	0.116028	0.840413	1.417415	0.799426	0.171627	0.002917	0.002341	0.000726	0.382042	1.396017	1.593417	1.369326	0.602717	0.005470	0.002368	0.005191	0.400087	1.475660	0.843351	0.117859	12.297100
118.125000	112.024000	0.005300	0.591755	0.257157	0.008627	0.059318	0.741148	1.393404	0.933728	0.294536	0.002581	0.002234	0.000000	0.295849	1.206522	1.723208	1.522539	0.661041	0.006325	0.001631	0.002241	0.354661	1.400552	0.924136	0.115036	12.503500
123.750000	112.024000	0.011063	0.581045	0.315402	0.001032	0.011481	0.714305	1.305121	0.975023	0.417517	0.005173	0.002650	0.001060	0.225964	1.051089	1.771387	1.683691	0.725963	0.009721	0.003048	0.004531	0.326520	1.342997	1.035298	0.156382	12.677500
129.375000	112.024000	0.006433	0.522807	0.397883	0.004304	0.006886	0.679019	1.239343	1.067661	0.482022	0.000741	0.002017	0.000615	0.117845	0.973751	1.786011	1.802353	0.793551	0.002971	0.002370	0.001498	0.314774	1.249805	1.096065	0.192143	12.742900
135.000000	112.024000	0.003603	0.485971	0.454431	0.005075	0.004397	0.563203	1.156047	1.131109	0.583621	0.004278	0.000000	0.000735	0.020396	0.859547	1.840614	1.937346	0.926730	0.023833	0.002251	0.001516	0.239070	1.173306	1.206319	0.245167	12.868600
140.625000	112.024000	0.006400	0.385378	0.508296	0.004419	0.004513	0.512590	1.053584	1.229447	0.676572	0.006867	0.000000	0.000605	0.005392	0.896977	1.825934	1.840478	1.006820	0.096448	0.002650	0.002458	0.215914	1.116859	1.273012	0.309766	12.981400
146.250000	112.024000	0.007155	0.330468	0.549965	0.006269	0.004441	0.455989	0.994061	1.296435	0.698258	0.016058	0.000736	0.003625	0.005596	0.759045	1.628862	1.715845	1.049458	0.190103	0.002146	0.001449	0.180450	0.976305	1.346175	0.304404	12.523300
151.875000	112.024000	0.007518	0.247122	0.590739	0.006768	0.002401	0.295048	0.872593	1.423545	0.770852	0.054975	0.000736	0.004360	0.009592	0.652102	1.552623	1.624112	1.190644	0.300261	0.007273	0.001938	0.105569	0.947850	1.457519	0.380343	12.506500
157.500000	112.024000	0.006407	0.167652	0.645131	0.007089	0.003684	0.172868	0.763660	1.377379	0.849594	0.113927	0.000000	0.004324	0.004405	0.602821	1.384470	1.567506	1.367279	0.360767	0.004779	0.002068	0.098387	0.878801	1.472448	0.394866	12.250300
163.125000	112.024000	0.007593	0.104272	0.630602	0.008543	0.000707	0.066575	0.661259	1.358706	0.873266	0.176082	0.000000	0.005824	0.004092	0.407668	1.164111	1.655937	1.500632	0.380723	0.004594	0.002312	0.095262	0.805182	1.568083	0.497866	11.979900
168.750000	112.024000	0.006590	0.036863	0.618421	0.003960	0.000620	0.014940	0.522252	1.336279	0.996901	0.236897	0.000604	0.002087	0.004137	0.267759	0.915906	1.772190	1.643383	0.424268	0.002217	0.001992	0.045019	0.718908	1.617710	0.575092	11.765000
174.375000	112.024000	0.004443	0.010075	0.681720	0.004622	0.000000	0.004159	0.444233	1.306828	1.057077	0.242032	0.000522	0.002920	0.005945	0.108732	0.819319	1.830322	1.798429	0.539370	0.006851	0.002119	0.043656	0.657312	1.545713	0.664304	11.780700
180.000000	112.024000	0.006367	0.009626	0.669967	0.006012	0.000000	0.001358	0.335263	1.188811	1.147259	0.330659	0.002165	0.000000	0.003255	0.018461	0.685149	1.924883	1.974227	0.628588	0.023992	0.002500	0.035442	0.737210	1.628771	0.741572	12.101500
185.625000	112.024000	0.004837	0.007197	0.649080	0.013252	0.000000	0.003561	0.240334	1.050308	1.333406	0.443618	0.002171	0.000497	0.002108	0.002952	0.535540	1.881499	1.827834	0.796332	0.121497	0.003712	0.043067	0.645652	1.557644	0.628292	11.794400
191.250000	112.024000	0.006392	0.006269	0.695492	0.035801	0.002241	0.000718	0.247281	1.016785	1.372922	0.561998	0.012414	0.001494	0.001102	0.006448	0.427359	1.660235	1.835050	0.997531	0.222759	0.004737	0.062502	0.565508	1.601526	0.734358	12.078900
196.875000	112.024000	0.006382	0.005059	0.695932	0.077211	0.005864	0.000000	0.177362	0.871671	1.408152	0.651472	0.058702	0.000616	0.004189	0.002791	0.389937	1.543304	1.698111	1.121323	0.426628	0.001365	0.095285	0.449192	1.558481	0.770004	12.019000
202.500000	112.024000	0.011579	0.008846	0.606267	0.141399	0.005467	0.000352	0.126904	0.881021	1.389480	0.767250	0.186373	0.002049	0.002241	0.002904	0.400067	1.357847	1.589945	1.368761	0.571084	0.005055	0.102015	0.405448	1.486223	0.822991	12.241600
208.125000	112.024000	0.007385	0.007850	0.603806	0.264316	0.001609	0.000000	0.060873	0.771013	1.345496	0.872739	0.310199	0.001683	0.001477	0.003548	0.285975	1.186368	1.702217	1.532197	0.704103	0.007419	0.113672	0.369648	1.433724	0.934276	12.521600
213.750000	112.024000	0.006369	0.006463	0.562809	0.305721	0.001219	0.001246	0.009302	0.727934	1.351830	0.938279	0.457392	0.002727	0.001430	0.007266	0.232369	1.037130	1.763255	1.678003	0.775272	0.006660	0.166620	0.338422	1.400744	1.072663	12.851100
219.375000	112.024000	0.001145	0.003140	0.535698	0.403554	0.000000	0.000155	0.004811	0.659878	1.241221	1.053840	0.536027	0.005944	0.006068	0.000126	0.119151	0.987009	1.883523	1.763832	0.832684	0.007714	0.228495	0.298252	1.232546	1.107002	12.911800
225.000000	112.024000	0.006741	0.005860	0.459175	0.474596	0.000000	0.000541	0.004772	0.606177	1.144455	1.126678	0.629115	0.006947	0.000618	0.000000	0.020500	0.859911	1.890467	1.959830	0.916725	0.027591	0.216927	0.270652	1.205324	1.195552	13.029200
230.625000	112.024000	0.005092	0.005867	0.400025	0.564612	0.000000	0.000737	0.003673	0.525499	1.048563	1.253910	0.646827	0.003870	0.006468	0.003621	0.007315	0.883896	1.790908	1.879271	0.940536	0.111112	0.287560	0.215212	1.075122	1.271010	12.930700
236.250000	112.024000	0.008411	0.004422	0.354001	0.583530	0.002016	0.000736	0.000741	0.407555	0.950347	1.320389	0.764643	0.013914	0.001351	0.002613	0.006731	0.742958	1.712384	1.705519	1.061153	0.212001	0.307151	0.161403	1.032313	1.352904	12.709200
241.875000	112.024000	0.003275	0.011199	0.260393	0.603764	0.000000	0.003020	0.004727	0.284395	0.892806	1.352508	0.771344	0.050009	0.004684	0.002078	0.004378	0.676436	1.536767	1.683861	1.164326	0.317523	0.359804	0.129061	0.891222	1.400145	12.407700
247.500000	112.024000	0.005047	0.008317	0.163236	0.632214	0.001021	0.003867	0.004368	0.157063	0.754786	1.401513	0.868526	0.105743	0.005256	0.003023	0.007814	0.584191	1.347690	1.624327	1.395926	0.417861	0.386059	0.098358	0.860366	1.464758	12.301300
253.125000	112.024000	0.007169	0.012488	0.091113	0.651069	0.000000	0.005782	0.000977	0.063216	0.634038	1.383916	0.911973	0.192809	0.006730	0.002876	0.002196	0.434790	1.176190	1.673072	1.570707	0.407631	0.480556	0.089252	0.780338	1.568174	12.147100
258.750000	112.024000	0.004691	0.005074	0.035427	0.671647	0.000735	0.000755	0.000000	0.011503	0.529014	1.363660	0.984819	0.239294	0.004950	0.003182	0.005316	0.245885	0.956273	1.765291	1.738261	0.411881	0.569268	0.054618	0.732067	1.615505	11.949100
264.375000	112.024000	0.007662	0.006106	0.011654	0.691021	0.000000	0.001413	0.002017	0.000652	0.455872	1.270716	1.066430	0.243660	0.006064	0.002112	0.006517	0.121182	0.814009	1.904084	1.747195	0.486922	0.632758	0.049427	0.630859	1.596539	11.754900
270.000000	112.024000	0.003659	0.004168	0.006717	0.688960	0.001452	0.000758	0.000000	0.000735	0.313231	1.197769	1.159067	0.338852	0.027000	0.000736	0.002463	0.026602	0.662304	1.878931	1.883908	0.695822	0.673937	0.045388	0.675369	1.607679	11.895500
275.625000	112.024000	0.005992	0.002528	0.010813	0.638618	0.002183	0.000000	0.000724	0.000000	0.244900	1.026806	1.217436	0.445972	0.116221	0.002034	0.001341	0.003472	0.493391	1.781091	1.850646	0.812958	0.653623	0.046322	0.648055	1.609624	11.614700
281.250000	112.024000	0.034154	0.009430	0.005890	0.654644	0.011780	0.000797	0.000856	0.000588	0.243670	0.986640	1.375173	0.539391	0.254173	0.002833	0.002972	0.007574	0.413512	1.653788	1.797637	0.947647	0.714117	0.070390	0.577216	1.517687	11.822600
286.875000	112.024000	0.089440	0.006854	0.003961	0.637688	0.064311	0.000549	0.002182	0.000758	0.177127	0.914038	1.444807	0.640790	0.416847	0.002260	0.004286	0.005827	0.385436	1.545023	1.680389	1.129974	0.754151	0.088782	0.479638	1.549467	12.024600
292.500000	112.024000	0.175651	0.006687	0.009356	0.609327	0.161589	0.000835	0.005928	0.001507	0.114101	0.840462	1.478284	0.783275	0.584359	0.008550	0.002773	0.004713	0.378050	1.396752	1.597217	1.389107	0.838550	0.094846	0.381650	1.520956	12.384500
298.125000	112.024000	0.217329	0.008333	0.007038	0.626882	0.293101	0.006077	0.004529	0.000000	0.047835	0.758478	1.350292	0.853327	0.672529	0.005340	0.000672	0.002014	0.321483	1.216679	1.628115	1.562971	0.948348	0.117699	0.366987	1.426746	12.442800
303.750000	112.024000	0.321714	0.007007	0.004247	0.532502	0.460436	0.001975	0.004397	0.000584	0.014348	0.704991	1.337568	0.974300	0.749162	0.009541	0.005968	0.000718	0.220582	1.023271	1.786983	1.708969	0.996013	0.171532	0.323324	1.429087	12.789200
309.375000	112.024000	0.395458	0.008383	0.006823	0.542881	0.485824	0.006638	0.000000	0.000000	0.007040	0.655477	1.248052	1.041975	0.801528	0.006734	0.003938	0.003276	0.107821	0.974582	1.838171	1.787752	1.100024	0.212844	0.285899	1.203910	12.725000
315.000000	112.024000	0.489240	0.003432	0.006484	0.453789	0.574544	0.003267	0.000758	0.001373	0.003902	0.607692	1.135509	1.129650	0.891964	0.027432	0.000758	0.000684	0.024809	0.901917	1.884292	1.842480	1.165841	0.256065	0.258140	1.143833	12.807900
320.625000	112.024000	0.520702	0.005137	0.004674	0.391408	0.699783	0.005611	0.000598	0.001948	0.002354	0.505708	1.086725	1.242329	0.942938	0.112601	0.002438	0.007350	0.006210	0.789710	1.724169	1.847241	1.278588	0.263423	0.180830	1.095711	12.718200
326.250000	112.024000	0.570608	0.010526	0.007178	0.346972	0.706600	0.016890	0.000000	0.002627	0.004476	0.428957	0.994661	1.343868	1.076364	0.212312	0.002647	0.002841	0.007732	0.773453	1.677697	1.725243	1.372979	0.336753	0.165450	1.007854	12.794700
331.875000	112.024000	0.643651	0.004969	0.006794	0.243958	0.772923	0.060743	0.000621	0.008118	0.000552	0.277569	0.899381	1.343540	1.175409	0.287564	0.006480	0.001924	0.006747	0.687492	1.530659	1.645736	1.428883	0.390180	0.132264	0.893809	12.450000
337.500000	112.024000	0.613645	0.004645	0.009585	0.173010	0.840962	0.103520	0.000609	0.003290	0.001536	0.192626	0.758225	1.374495	1.375863	0.370182	0.005247	0.003195	0.009086	0.562967	1.377774	1.562768	1.485217	0.401658	0.104605	0.895246	12.230000
343.125000	112.024000	0.631876	0.003451	0.007214	0.079470	0.893951	0.167939	0.000757	0.001493	0.000630	0.065109	0.673318	1.370887	1.529099	0.400000	0.004856	0.002922	0.002871	0.423160	1.152247	1.661784	1.611083	0.465675	0.103146	0.781371	12.034300
348.750000	112.024000	0.646067	0.001493	0.005706	0.037905	0.979608	0.242128	0.000747	0.000622	0.000000	0.014693	0.546634	1.298007	1.747727	0.424083	0.006605	0.000583	0.001195	0.234902	0.926212	1.819906	1.604455	0.565060	0.070458	0.711507	11.886300
354.375000	112.024000	0.644974	0.008495	0.002638	0.013503	1.068424	0.262755	0.002182	0.001256	0.000751	0.002664	0.473781	1.241628	1.819962	0.506549	0.007034	0.003737	0.003689	0.103146	0.827399	1.866615	1.657543	0.656005	0.042673	0.670457	11.887900
2.812500	114.624000	0.572388	0.002998	0.003435	0.003196	1.126984	0.369163	0.001924	0.000671	0.001220	0.000735	0.241257	1.047059	1.866106	0.794165	0.072130	0.002433	0.001337	0.015285	0.582882	1.882754	1.683092	0.728555	0.080892	0.686839	11.767500
8.437500	114.624000	0.603082	0.008924	0.003413	0.008668	1.238880	0.480290	0.001904	0.000758	0.000682	0.000693	0.211948	1.026419	1.782663	0.886311	0.177192	0.003830	0.002374	0.008952	0.478850	1.790071	1.638170	0.660732	0.086372	0.628363	11.729500
14.062500	114.624000	0.620391	0.022929	0.003275	0.004079	1.258411	0.565095	0.014404	0.000578	0.003679	0.000739	0.166307	0.936249	1.827517	1.076674	0.340380	0.003833	0.003931	0.004166	0.427102	1.659681	1.612451	0.836616	0.099064	0.535679	12.023200
19.687500	114.624000	0.560460	0.074772	0.003729	0.004784	1.230623	0.692596	0.085558	0.002334	0.005935	0.000000	0.102391	0.785745	1.698326	1.260809	0.536418	0.004568	0.001512	0.008669	0.419225	1.445271	1.576283	0.823777	0.110674	0.504036	11.938500
25.312500	114.624000	0.551355	0.157072	0.005539	0.003137	1.262539	0.806079	0.202255	0.003161	0.007458	0.000736	0.051356	0.769440	1.603177	1.505156	0.648307	0.006093	0.003520	0.005107	0.373751	1.288337	1.547760	0.918478	0.121900	0.412667	12.254400
30.937500	114.624000	0.537017	0.204739	0.006865	0.005555	1.286143	0.878852	0.325615	0.002691	0.002121	0.000735	0.023140	0.731097	1.769227	1.600045	0.774190	0.004747	0.004012	0.001502	0.252295	1.116840	1.511761	0.958950	0.184731	0.376657	12.559500
36.562500	114.624000	0.481095	0.307342	0.003529	0.001045	1.216034	0.965958	0.412459	0.003384	0.000767	0.000000	0.008936	0.666604	1.869160	1.691416	0.796735	0.006040	0.005489	0.006456	0.188559	1.004872	1.433045	1.095733	0.227548	0.368001	12.760200
42.187500	114.624000	0.406936	0.341857	0.003295	0.006369	1.145597	1.048983	0.509480	0.006799	0.001213	0.001420	0.000743	0.583250	1.910949	1.877970	0.847573	0.006614	0.001496	0.002692	0.064068	0.960976	1.348109	1.265412	0.250149	0.270841	12.862800
47.812500	114.624000	0.379945	0.428012	0.005699	0.006281	1.016584	1.125142	0.586599	0.004944	0.000717	0.000189	0.008733	0.516768	1.874520	1.899549	0.944883	0.078980	0.004579	0.002283	0.013140	0.900112	1.212765	1.312234	0.292638	0.265044	12.880300
53.437500	114.624000	0.293876	0.472654	0.003586	0.004828	0.932783	1.203989	0.655076	0.010201	0.001384	0.000735	0.002028	0.424915	1.724949	1.800306	1.034389	0.176965	0.004094	0.002798	0.004852	0.775825	1.156907	1.460935	0.345158	0.223360	12.716600
59.062500	114.624000	0.218747	0.539835	0.004003	0.007685	0.829414	1.228893	0.702002	0.020535	0.000584	0.003602	0.000758	0.353422	1.580117	1.696686	1.088952	0.280317	0.003760	0.002422	0.006671	0.719687	0.984896	1.474439	0.388320	0.168023	12.303800
64.687500	114.624000	0.140115	0.551579	0.004934	0.007130	0.757500	1.289547	0.795770	0.059662	0.000000	0.010324	0.001848	0.181882	1.464712	1.637446	1.314236	0.378072	0.002849	0.007573	0.006831	0.654402	0.946184	1.565267	0.391062	0.109284	12.278200
70.312500	114.624000	0.066294	0.560242	0.009594	0.007416	0.643614	1.274132	0.833769	0.106967	0.001291	0.007631	0.000000	0.088456	1.283055	1.661615	1.499501	0.378520	0.006142	0.001498	0.005285	0.524880	0.893104	1.611931	0.482621	0.131773	12.079300
75.937500	114.624000	0.012456	0.589539	0.008037	0.003380	0.567211	1.225579	0.897110	0.193386	0.002784	0.003622	0.000747	0.024463	1.033240	1.677188	1.627030	0.407283	0.008684	0.003122	0.005849	0.374237	0.814098	1.604772	0.609514	0.090954	11.784300
81.562500	114.624000	0.008129	0.643868	0.003478	0.005468	0.480072	1.186244	0.989744	0.211514	0.001803	0.000000	0.000761	0.003868	0.914624	1.860847	1.765189	0.464211	0.003981	0.004406	0.002547	0.219716	0.697164	1.675254	0.631748	0.071732	11.846400
87.187500	114.624000	0.002258	0.659178	0.007827	0.004195	0.359430	1.108565	1.048947	0.249514	0.000000	0.000000	0.000780	0.000758	0.753752	1.925923	1.824588	0.620763	0.012359	0.000000	0.005138	0.083467	0.695359	1.673399	0.724710	0.070785	11.831700
92.812500	114.624000	0.002208	0.616981	0.004884	0.003858	0.235008	1.017489	1.089367	0.361008	0.001373	0.000000	0.000000	0.000758	0.625019	1.933829	1.934869	0.810258	0.084535	0.002244	0.002995	0.011230	0.692513	1.682085	0.719265	0.056846	11.888600
98.437500	114.624000	0.003453	0.610354	0.011192	0.006345	0.214196	0.963393	1.144421	0.470681	0.004333	0.000318	0.000711	0.000000	0.452405	1.703619	1.867067	0.864139	0.208238	0.004781	0.000620	0.008990	0.603653	1.658380	0.713507	0.082112	11.596900
104.062000	114.624000	0.003364	0.639112	0.038719	0.003641	0.164738	0.877675	1.256319	0.578415	0.014964	0.000806	0.001357	0.000736	0.400518	1.581632	1.704026	1.053662	0.345540	0.005476	0.003411	0.009466	0.561293	1.673614	0.790302	0.092601	11.801400
109.688000	114.624000	0.004874	0.593208	0.095444	0.006140	0.102658	0.792511	1.325614	0.675163	0.096679	0.001245	0.007281	0.000000	0.423322	1.483475	1.651606	1.183213	0.506669	0.007865	0.002478	0.002113	0.475911	1.636190	0.813868	0.119992	12.007500
115.312000	114.624000	0.004418	0.575915	0.150304	0.009260	0.055993	0.767554	1.289785	0.756065	0.185328	0.000804	0.006078	0.000743	0.339302	1.314236	1.610857	1.479686	0.648582	0.003561	0.004068	0.003665	0.397423	1.533792	0.909652	0.112713	12.159800
120.938000	114.624000	0.007340	0.519082	0.206999	0.009743	0.023352	0.701542	1.260413	0.872703	0.309562	0.004614	0.004504	0.000688	0.259587	1.152677	1.734710	1.560585	0.747441	0.009477	0.005158	0.002283	0.414667	1.429584	0.963195	0.186604	12.386500
126.562000	114.624000	0.004011	0.477089	0.290576	0.005527	0.006043	0.682873	1.198198	0.939243	0.446635	0.002215	0.002191	0.000735	0.189689	1.075927	1.863935	1.806357	0.843236	0.005624	0.003747	0.005780	0.337944	1.406524	1.131211	0.209521	12.934800
132.188000	114.624000	0.008537	0.403902	0.344897	0.004893	0.005492	0.608340	1.144658	1.010348	0.517366	0.003640	0.003237	0.002075	0.071241	0.937534	1.896891	1.894165	0.918304	0.013849	0.002856	0.003567	0.307983	1.326926	1.148594	0.261052	12.840400
137.812000	114.624000	0.005975	0.347097	0.394825	0.008233	0.004565	0.513689	1.013231	1.134174	0.606116	0.004336	0.000632	0.000736	0.013151	0.893622	1.877178	1.923288	0.919938	0.066690	0.001333	0.001380	0.283771	1.186934	1.272888	0.307144	12.780900
143.437000	114.624000	0.005605	0.246314	0.480209	0.005393	0.004143	0.438483	0.896707	1.223001	0.642287	0.003585	0.001364	0.000601	0.006754	0.814105	1.715098	1.798632	1.043595	0.191391	0.004321	0.003740	0.251488	1.117705	1.428679	0.352875	12.676100
149.062000	114.624000	0.008868	0.226310	0.565895	0.004148	0.002340	0.304122	0.896051	1.268047	0.708127	0.015594	0.000000	0.001349	0.008583	0.754079	1.607509	1.692377	1.152858	0.250843	0.001712	0.004060	0.159529	0.963789	1.436223	0.361792	12.394200
154.688000	114.624000	0.010159	0.153907	0.552357	0.004219	0.003694	0.180890	0.780628	1.316114	0.772548	0.070094	0.000000	0.003008	0.003798	0.642031	1.499580	1.666410	1.247079	0.334069	0.005950	0.007776	0.128334	0.964832	1.584878	0.410417	12.342800
160.312000	114.624000	0.006553	0.084607	0.588977	0.006802	0.000000	0.097754	0.646924	1.295994	0.846458	0.115438	0.002216	0.008662	0.001295	0.505653	1.269710	1.664227	1.428227	0.416216	0.004586	0.004134	0.121372	0.849191	1.605699	0.504386	12.075100
165.938000	114.624000	0.004497	0.038434	0.585924	0.009436	0.001479	0.020050	0.537063	1.265944	0.945726	0.172589	0.000627	0.003156	0.000856	0.370800	1.054123	1.685026	1.664148	0.398293	0.006612	0.004956	0.103534	0.828145	1.586258	0.584204	11.871900
171.562000	114.624000	0.007055	0.011048	0.633871	0.007104	0.001311	0.004003	0.500829	1.245733	0.944182	0.218218	0.000671	0.003037	0.005609	0.196931	0.888126	1.819736	1.756481	0.473422	0.010249	0.003132	0.091872	0.710928	1.669656	0.626378	11.829600
177.188000	114.624000	0.004198	0.003597	0.585477	0.005239	0.000000	0.002119	0.332145	1.149680	1.043821	0.247725	0.002118	0.000000	0.001932	0.069100	0.728792	1.893838	1.901800	0.587455	0.007864	0.003168	0.066975	0.710579	1.712870	0.701631	11.762100
182.812000	114.624000	0.001987	0.008495	0.617323	0.005545	0.000725	0.000000	0.239444	1.011933	1.124577	0.342894	0.002982	0.001100	0.001508	0.014924	0.600971	1.898678	1.918866	0.726715	0.072345	0.003795	0.070213	0.707439	1.661434	0.672441	11.706300
188.438000	114.624000	0.005305	0.004919	0.637873	0.010063	0.000736	0.001370	0.213351	0.962638	1.209022	0.481907	0.004475	0.000000	0.001034	0.005658	0.472444	1.775097	1.794301	0.857979	0.211023	0.003499	0.073983	0.628924	1.687593	0.720120	11.763300
194.062000	114.624000	0.007492	0.004913	0.593442	0.024770	0.005490	0.000000	0.184164	0.934485	1.204860	0.583152	0.020620	0.000807	0.003163	0.008548	0.427036	1.638826	1.692694	1.050537	0.344338	0.002928	0.107829	0.563298	1.622370	0.755654	11.781400
199.687000	114.624000	0.009282	0.002742	0.565636	0.078476	0.008252	0.000000	0.114861	0.801312	1.293042	0.668602	0.091073	0.000745	0.005261	0.005668	0.414547	1.512586	1.700011	1.204826	0.520208	0.001740	0.109552	0.489750	1.610404	0.827361	12.035900
205.312000	114.624000	0.008507	0.003242	0.538517	0.139618	0.005117	0.000611	0.071067	0.766609	1.277152	0.793018	0.176209	0.003768	0.004293	0.003267	0.371036	1.316498	1.656819	1.510347	0.655028	0.006507	0.127447	0.396990	1.559465	0.893622	12.284700
210.938000	114.624000	0.008253	0.004963	0.523927	0.231128	0.003611	0.000758	0.021751	0.720135	1.238371	0.867204	0.321157	0.002444	0.004373	0.005505	0.261368	1.109786	1.758347	1.680502	0.710295	0.005898	0.172036	0.341762	1.444977	0.994845	12.433400
216.562000	114.624000	0.005617	0.005950	0.459749	0.281788	0.001677	0.000000	0.002795	0.617074	1.154588	0.931715	0.395405	0.001503	0.004591	0.004605	0.162744	0.982673	1.863844	1.777800	0.818948	0.002698	0.214112	0.370302	1.402237	1.135633	12.598100
222.188000	114.624000	0.006813	0.003464	0.394565	0.365000	0.000000	0.000000	0.005508	0.584277	1.118783	1.059299	0.507654	0.007037	0.000840	0.006644	0.062090	0.943673	1.896111	1.820471	0.872544	0.010828	0.287783	0.285359	1.302734	1.188981	12.730500
227.812000	114.624000	0.003808	0.003318	0.347065	0.417186	0.000736	0.002071	0.004170	0.508256	1.049913	1.114116	0.614361	0.002045	0.005396	0.002218	0.010240	0.856206	1.873356	1.855645	0.917513	0.067807	0.285045	0.286978	1.221429	1.304159	12.753000
233.438000	114.624000	0.002647	0.005880	0.275265	0.470065	0.001494	0.001494	0.001388	0.409174	0.967309	1.168804	0.679271	0.007038	0.001350	0.000840	0.008689	0.825957	1.729326	1.880775	0.976297	0.183889	0.375601	0.211435	1.107086	1.437818	12.728900
239.062000	114.624000	0.006456	0.006240	0.223873	0.547020	0.001958	0.002240	0.005675	0.330865	0.852307	1.264383	0.698063	0.014463	0.002036	0.001914	0.006974	0.765468	1.663334	1.640974	1.146468	0.229566	0.384655	0.153385	1.020919	1.485918	12.455200
244.687000	114.624000	0.002076	0.010220	0.161478	0.592201	0.000532	0.007251	0.003440	0.196050	0.793267	1.289253	0.764187	0.064887	0.004008	0.004217	0.006148	0.640073	1.455122	1.616602	1.291753	0.355037	0.405472	0.118158	0.913073	1.501876	12.196400
250.312000	114.624000	0.006353	0.005198	0.090623	0.577924	0.000557	0.007048	0.000570	0.084952	0.659905	1.247803	0.789416	0.105538	0.006087	0.004439	0.006845	0.505615	1.339955	1.536224	1.508515	0.430752	0.501008	0.128998	0.824092	1.593372	11.961800
255.937000	114.624000	0.001951	0.001329	0.025951	0.595529	0.000735	0.002235	0.000526	0.024876	0.554801	1.258830	0.907292	0.202558	0.004295	0.003990	0.005676	0.375410	1.090783	1.734664	1.566217	0.426687	0.548834	0.077223	0.794772	1.696460	11.901600
261.562000	114.624000	0.002756	0.005703	0.012253	0.610080	0.000609	0.000000	0.001330	0.002701	0.456260	1.197124	0.971063	0.216041	0.009590	0.002213	0.002634	0.210661	0.955599	1.783522	1.790840	0.491443	0.625048	0.088922	0.662781	1.627539	11.726700
267.188000	114.624000	0.006992	0.009047	0.005188	0.640975	0.000758	0.000983	0.000601	0.004020	0.357163	1.178519	1.002798	0.236608	0.012746	0.000000	0.003319	0.081480	0.752722	1.867339	1.820245	0.590253	0.709547	0.063171	0.712276	1.634732	11.691500
272.812000	114.624000	0.004857	0.005783	0.008517	0.588529	0.004113	0.000000	0.000000	0.001510	0.263665	1.060327	1.103214	0.346491	0.083972	0.005121	0.002415	0.013247	0.623067	1.879621	1.912487	0.737355	0.734659	0.059642	0.682234	1.663074	11.783900
278.438000	114.624000	0.011372	0.003474	0.008664	0.608702	0.006670	0.002039	0.000744	0.001496	0.193602	0.927238	1.198504	0.473781	0.205001	0.004909	0.000737	0.008108	0.461528	1.776103	1.804604	0.899611	0.726986	0.076521	0.642051	1.652171	11.694600
284.062000	114.624000	0.034328	0.005937	0.006398	0.592829	0.017297	0.000746	0.004485	0.000000	0.198696	0.920344	1.265525	0.570451	0.375631	0.003631	0.004528	0.006610	0.417389	1.574394	1.684166	0.991125	0.781166	0.086401	0.554741	1.607633	11.704500
289.688000	114.624000	0.071723	0.007231	0.005170	0.579743	0.080311	0.000522	0.006194	0.000000	0.111805	0.774247	1.278814	0.681667	0.507653	0.001351	0.004536	0.008720	0.374442	1.475954	1.679642	1.301354	0.809275	0.132172	0.487776	1.628681	12.009000
295.312000	114.624000	0.147226	0.008928	0.003833	0.570616	0.193184	0.003213	0.003000	0.000626	0.048652	0.770574	1.296616	0.847320	0.635503	0.005472	0.003744	0.005228	0.355821	1.287647	1.639063	1.457304	0.869462	0.115544	0.394839	1.538146	12.201600
300.938000	114.624000	0.220824	0.012578	0.006316	0.522260	0.332833	0.006148	0.000779	0.000561	0.025265	0.679826	1.222560	0.883913	0.747585	0.005445	0.003964	0.005067	0.261926	1.135045	1.746336	1.567416	1.042674	0.166888	0.371996	1.500180	12.468400
306.562000	114.624000	0.275657	0.005429	0.006556	0.481856	0.453369	0.002485	0.002120	0.000758	0.008365	0.647090	1.214948	0.893630	0.784761	0.006725	0.003349	0.002449	0.193297	0.995642	1.846721	1.735592	1.054072	0.209914	0.335142	1.433430	12.593300
312.187000	114.624000	0.364533	0.009628	0.000386	0.401671	0.508373	0.002702	0.000585	0.001371	0.003219	0.570057	1.105116	1.065734	0.880470	0.009698	0.001625	0.001978	0.059346	0.924821	1.924747	1.812577	1.176631	0.264328	0.313794	1.296491	12.699900
317.812000	114.624000	0.427290	0.007765	0.005144	0.352374	0.578441	0.007141	0.000000	0.001599	0.004944	0.529547	1.025178	1.137329	0.936167	0.077854	0.004951	0.000758	0.007217	0.849757	1.792909	1.841428	1.308536	0.295492	0.275162	1.200596	12.667600
323.438000	114.624000	0.479104	0.004380	0.008088	0.270462	0.668457	0.008234	0.000868	0.002261	0.004522	0.422501	0.954743	1.187918	1.014732	0.188157	0.003276	0.002331	0.006836	0.779330	1.714590	1.788759	1.423669	0.351046	0.215331	1.124859	12.624500
329.062000	114.624000	0.530237	0.007042	0.005244	0.222485	0.669802	0.025428	0.000814	0.002238	0.002395	0.315707	0.857294	1.236154	1.092688	0.232977	0.003922	0.003059	0.012106	0.753851	1.625752	1.707555	1.567721	0.371886	0.150961	1.011929	12.409300
334.688000	114.624000	0.539097	0.004195	0.005200	0.139529	0.787939	0.065014	0.000628	0.006683	0.002111	0.188668	0.805528	1.276360	1.263410	0.373981	0.004320	0.005632	0.008051	0.670183	1.493122	1.651074	1.567936	0.410694	0.107779	0.928200	12.305300
340.312000	114.624000	0.616224	0.004126	0.009601	0.082666	0.831875	0.112549	0.000735	0.007246	0.000758	0.080409	0.674241	1.238438	1.497499	0.413603	0.007355	0.003016	0.002378	0.532457	1.257699	1.568694	1.607814	0.516133	0.114546	0.873184	12.053200
345.938000	114.624000	0.617793	0.005846	0.002394	0.030490	0.913653	0.185940	0.000000	0.001424	0.000579	0.025161	0.547759	1.255358	1.599581	0.433199	0.005842	0.006303	0.000631	0.368564	1.050696	1.746506	1.713968	0.586716	0.092180	0.800722	11.991300
351.562000	114.624000	0.651714	0.004844	0.004778	0.007903	0.979671	0.217691	0.001483	0.000000	0.000000	0.002681	0.454888	1.236504	1.789449	0.460780	0.007971	0.002322	0.000896	0.197614	0.868373	1.782912	1.688792	0.618199	0.085487	0.719145	11.784100
357.187000	114.624000	0.621883	0.003450	0.002093	0.003714	1.003309	0.255149	0.002676	0.000000	0.000758	0.001486	0.377781	1.144658	1.900454	0.588422	0.015916	0.002833	0.005747	0.099569	0.746067	1.892593	1.614012	0.703938	0.076490	0.731993	11.795000
0.000000	117.280000	0.526127	0.003649	0.004460	0.006311	0.978540	0.274592	0.000626	0.000000	0.000000	0.002042	0.270099	1.008205	1.937584	0.687530	0.056917	0.002787	0.004722	0.056616	0.766981	1.945523	1.774113	0.750353	0.124944	0.787353	11.970100
5.625000	117.280000	0.566428	0.004631	0.006953	0.002883	1.069334	0.375579	0.004647	0.000609	0.000735	0.001414	0.199090	0.947867	1.765845	0.846675	0.159631	0.002015	0.002547	0.014103	0.565780	1.798440	1.759817	0.702822	0.119923	0.713117	11.630900
11.250000	117.280000	0.547754	0.005887	0.002931	0.008346	1.123266	0.467290	0.003599	0.002093	0.002659	0.002238	0.189532	0.902085	1.778795	0.973382	0.283319	0.006172	0.002790	0.006681	0.434986	1.671194	1.726216	0.765183	0.135323	0.641493	11.683200
16.875000	117.280000	0.548048	0.029477	0.002721	0.004619	1.181596	0.584329	0.033725	0.002037	0.006526	0.002314	0.112251	0.822619	1.703664	1.178259	0.482187	0.005576	0.001365	0.009423	0.424185	1.517834	1.753337	0.834933	0.174006	0.589739	12.004800
22.500000	117.280000	0.506068	0.060913	0.009298	0.005060	1.192476	0.677101	0.112165	0.001162	0.013132	0.000000	0.050780	0.758534	1.660031	1.342137	0.560824	0.009668	0.006226	0.004804	0.425859	1.435646	1.593790	0.870019	0.165355	0.490270	11.951300
28.125000	117.280000	0.425987	0.119201	0.006814	0.002681	1.118962	0.778193	0.215058	0.001579	0.005602	0.002558	0.027039	0.666401	1.663458	1.525649	0.734057	0.004938	0.011751	0.007898	0.311424	1.133439	1.541822	0.992426	0.182433	0.409831	11.889200
33.750000	117.280000	0.450815	0.199698	0.007858	0.002892	1.148209	0.856626	0.323612	0.002317	0.000845	0.000620	0.004508	0.672748	1.761355	1.699729	0.784156	0.006085	0.004251	0.004732	0.228293	1.084381	1.529415	1.076735	0.231610	0.385315	12.466800
39.375000	117.280000	0.369048	0.223418	0.009253	0.003873	1.092826	0.945896	0.426173	0.002968	0.000825	0.000000	0.005172	0.593464	1.879836	1.777359	0.816894	0.007231	0.002843	0.003358	0.149173	0.968451	1.447804	1.256692	0.278138	0.390291	12.651000
45.000000	117.280000	0.297987	0.325294	0.001517	0.003308	1.037504	0.998478	0.522892	0.002980	0.000602	0.000741	0.004734	0.557409	1.893351	1.947841	0.935528	0.052896	0.000000	0.002246	0.056320	0.919544	1.329290	1.390520	0.348227	0.329560	12.958800
50.625000	117.280000	0.239262	0.371762	0.007605	0.008218	0.958016	1.045882	0.553566	0.005104	0.002060	0.002034	0.003793	0.452801	1.750521	1.788668	0.941143	0.129423	0.004581	0.005334	0.004915	0.799980	1.237703	1.455246	0.377326	0.281356	12.426300
56.250000	117.280000	0.186759	0.409738	0.004281	0.007537	0.825792	1.128763	0.638335	0.004859	0.001333	0.001509	0.002853	0.299956	1.650158	1.786271	1.034758	0.210662	0.004280	0.003782	0.004285	0.803431	1.072595	1.590590	0.373947	0.236398	12.282900
61.875000	117.280000	0.122164	0.501725	0.005943	0.006765	0.759820	1.134683	0.691588	0.019993	0.000735	0.005090	0.001344	0.205697	1.525299	1.749457	1.186097	0.314252	0.005469	0.003923	0.005045	0.722959	1.009125	1.599875	0.414779	0.181941	12.173800
67.500000	117.280000	0.068262	0.519276	0.005857	0.004633	0.631394	1.161204	0.693231	0.061060	0.000000	0.008314	0.002029	0.094366	1.343913	1.621612	1.359091	0.404383	0.004427	0.003616	0.008853	0.590055	0.894260	1.598789	0.533450	0.152295	11.764400
73.125000	117.280000	0.018888	0.517764	0.006926	0.004100	0.607446	1.177739	0.832930	0.102461	0.000000	0.003132	0.001357	0.033720	1.152484	1.764612	1.562892	0.402148	0.007310	0.002090	0.002763	0.460049	0.887863	1.681972	0.564733	0.144406	11.939800
78.750000	117.280000	0.007096	0.573094	0.006862	0.003266	0.510657	1.129689	0.891455	0.167081	0.000758	0.001612	0.001454	0.002186	0.985364	1.793147	1.686383	0.450607	0.008679	0.002610	0.002857	0.307789	0.766548	1.747173	0.636039	0.137906	11.820300
84.375000	117.280000	0.005152	0.548979	0.004346	0.007464	0.371437	1.059306	0.904900	0.189939	0.000000	0.000843	0.000000	0.001860	0.780030	1.905012	1.861039	0.555571	0.013494	0.005154	0.002485	0.161228	0.686383	1.716241	0.688117	0.126059	11.595000
90.000000	117.280000	0.004514	0.553553	0.003740	0.004160	0.280181	0.936775	1.044463	0.255023	0.002470	0.001600	0.000000	0.001493	0.696535	1.932924	1.946575	0.736386	0.053435	0.002126	0.002809	0.056326	0.772549	1.697071	0.736637	0.120733	11.842100
95.625000	117.280000	0.002088	0.569296	0.005572	0.006859	0.199423	0.922001	1.038316	0.389038	0.003705	0.000735	0.000000	0.000937	0.544326	1.820460	1.947038	0.835528	0.169824	0.004269	0.003569	0.011849	0.726019	1.727426	0.699786	0.123576	11.751600
101.250000	117.280000	0.002799	0.541290	0.012996	0.004505	0.176435	0.889110	1.106524	0.499145	0.001285	0.001376	0.001295	0.000174	0.420873	1.702646	1.677720	0.950029	0.302212	0.005496	0.003710	0.005853	0.673002	1.758596	0.777588	0.148602	11.663300
106.875000	117.280000	0.003646	0.530218	0.027848	0.003352	0.118859	0.836816	1.172627	0.614644	0.031788	0.000747	0.002219	0.000000	0.423896	1.499931	1.673411	1.101248	0.511872	0.002733	0.001709	0.008216	0.601941	1.710982	0.882375	0.158427	11.919500
112.500000	117.280000	0.007385	0.513408	0.064499	0.003404	0.057958	0.769639	1.192600	0.703933	0.093772	0.000671	0.009426	0.000736	0.394162	1.338756	1.679722	1.437784	0.619601	0.003433	0.003623	0.006378	0.483250	1.695397	0.921975	0.149912	12.151400
118.125000	117.280000	0.005787	0.479646	0.133732	0.010899	0.024392	0.708059	1.184468	0.777981	0.216309	0.004165	0.005954	0.001470	0.312535	1.207280	1.695521	1.577821	0.720328	0.008686	0.004099	0.006476	0.422598	1.556819	1.007299	0.163560	12.235900
123.750000	117.280000	0.001802	0.458619	0.192209	0.007209	0.005316	0.640133	1.127721	0.813721	0.340650	0.004917	0.002304	0.001274	0.230622	1.074252	1.740704	1.725469	0.761629	0.008576	0.002465	0.007176	0.385872	1.523873	1.106148	0.225503	12.388200
129.375000	117.280000	0.002827	0.371233	0.265597	0.007913	0.006107	0.592357	1.095672	0.954253	0.462886	0.002053	0.000745	0.000874	0.143877	0.972860	1.868074	1.799944	0.845353	0.011775	0.003102	0.003862	0.346301	1.486664	1.247056	0.288033	12.779400
135.000000	117.280000	0.004173	0.307771	0.315897	0.003581	0.001921	0.527981	0.991187	0.979712	0.529810	0.000934	0.000616	0.001345	0.046015	0.903340	1.857103	1.858936	0.940982	0.050834	0.002935	0.001929	0.328517	1.338360	1.310199	0.327122	12.631200
140.625000	117.280000	0.007226	0.242934	0.373883	0.005235	0.004826	0.444807	0.882310	1.026207	0.620270	0.004183	0.000000	0.000736	0.005395	0.846201	1.844900	1.831838	1.015241	0.150910	0.003886	0.003623	0.265858	1.204046	1.426678	0.363731	12.574900
146.250000	117.280000	0.007947	0.169831	0.426289	0.008151	0.003392	0.358041	0.840586	1.130954	0.630227	0.007146	0.002349	0.000881	0.009764	0.769150	1.721466	1.765201	1.023472	0.232150	0.003299	0.003394	0.237746	1.151229	1.580886	0.386908	12.470500
151.875000	117.280000	0.006149	0.119050	0.436868	0.005747	0.004621	0.233000	0.779281	1.166441	0.701038	0.024478	0.001494	0.006407	0.004002	0.660726	1.565346	1.756051	1.217753	0.329640	0.007139	0.007189	0.195263	1.001003	1.585331	0.441063	12.255100
157.500000	117.280000	0.009596	0.078873	0.538598	0.004791	0.001292	0.121122	0.699223	1.198888	0.785425	0.063702	0.000000	0.006821	0.001103	0.618189	1.412360	1.665064	1.401061	0.403817	0.004161	0.005356	0.148716	0.906423	1.607611	0.518852	12.201000
163.125000	117.280000	0.006584	0.019345	0.578063	0.004579	0.000741	0.027969	0.571974	1.126115	0.840224	0.113865	0.000577	0.009589	0.006048	0.466159	1.148911	1.632323	1.520187	0.445283	0.009357	0.003609	0.155896	0.909719	1.661717	0.600869	11.859700
168.750000	117.280000	0.003436	0.007287	0.554715	0.005599	0.001285	0.003341	0.520420	1.135916	0.896027	0.184682	0.001452	0.001474	0.006208	0.307080	0.972700	1.741982	1.638102	0.438774	0.006223	0.003660	0.117828	0.801487	1.679473	0.649521	11.678700
174.375000	117.280000	0.005583	0.005307	0.549271	0.006751	0.000601	0.001368	0.370519	1.066898	0.930221	0.177246	0.000261	0.001140	0.003032	0.142335	0.810641	1.954571	1.842141	0.547866	0.008956	0.001630	0.114229	0.724914	1.690070	0.703533	11.659100
180.000000	117.280000	0.003684	0.003177	0.540909	0.001102	0.000000	0.002336	0.250157	0.997314	1.025287	0.233883	0.002260	0.001527	0.003575	0.054762	0.714965	1.880413	1.858370	0.690931	0.064657	0.007471	0.103069	0.776348	1.767802	0.723445	11.707400
185.625000	117.280000	0.004616	0.005345	0.566282	0.006227	0.000735	0.000000	0.198523	0.932654	1.063435	0.363866	0.002804	0.001341	0.000797	0.011467	0.566598	1.778885	1.897151	0.840561	0.160576	0.003538	0.124395	0.743696	1.713232	0.695816	11.682500
191.250000	117.280000	0.005152	0.006679	0.576216	0.012841	0.001488	0.000000	0.173324	0.850095	1.099712	0.463581	0.001012	0.002777	0.003715	0.005660	0.434122	1.711807	1.799051	0.962186	0.331829	0.004192	0.155885	0.653453	1.756933	0.781540	11.793300
196.875000	117.280000	0.005492	0.001965	0.506768	0.023019	0.003684	0.001358	0.114962	0.804310	1.189716	0.575367	0.025687	0.000801	0.005874	0.003042	0.422976	1.615132	1.733104	1.162742	0.468456	0.005373	0.152425	0.583081	1.670244	0.857576	11.933100
202.500000	117.280000	0.005739	0.005028	0.523080	0.075694	0.007915	0.000000	0.065629	0.758087	1.139761	0.684393	0.109203	0.001405	0.004624	0.005966	0.407132	1.419496	1.643078	1.355358	0.593326	0.003167	0.164550	0.498212	1.639029	0.925328	12.035200
208.125000	117.280000	0.006059	0.004160	0.443932	0.121822	0.006003	0.001407	0.025435	0.718963	1.153921	0.813675	0.211943	0.004901	0.003713	0.005240	0.327418	1.283395	1.667032	1.526554	0.684092	0.006526	0.177299	0.405868	1.529788	1.005095	12.134200
213.750000	117.280000	0.008127	0.003977	0.427880	0.186013	0.000000	0.002370	0.005826	0.657402	1.125102	0.856599	0.342177	0.000000	0.004817	0.005240	0.237857	1.071966	1.836972	1.734076	0.803386	0.007717	0.235258	0.370898	1.576509	1.068306	12.568500
219.375000	117.280000	0.007530	0.006339	0.351885	0.239003	0.002098	0.001865	0.003458	0.579703	1.042613	0.909134	0.440010	0.001889	0.002633	0.002237	0.152788	1.006489	1.841587	1.851132	0.859789	0.003643	0.287437	0.322025	1.525728	1.224867	12.665900
225.000000	117.280000	0.009241	0.005780	0.309027	0.331445	0.000758	0.000737	0.002033	0.535898	0.968389	0.948671	0.498765	0.001924	0.001516	0.001494	0.047163	0.935908	1.880763	1.878762	0.935547	0.046655	0.320423	0.313272	1.352644	1.261997	12.588800
230.625000	117.280000	0.005622	0.008430	0.256522	0.355328	0.000758	0.000000	0.003398	0.448751	0.867106	1.078579	0.631404	0.004642	0.001621	0.005424	0.006199	0.824442	1.794052	1.830198	0.924000	0.161687	0.382554	0.304613	1.229311	1.425852	12.550500
236.250000	117.280000	0.002615	0.009048	0.189604	0.408613	0.002053	0.000620	0.002816	0.308252	0.815011	1.092351	0.630999	0.005566	0.005653	0.003099	0.007551	0.808721	1.617032	1.747727	1.006809	0.222629	0.387590	0.232057	1.102046	1.534018	12.142500
241.875000	117.280000	0.006664	0.004845	0.129325	0.493170	0.002121	0.004182	0.002751	0.218458	0.798009	1.131403	0.695837	0.027190	0.001746	0.006523	0.005547	0.698366	1.575141	1.714420	1.204939	0.344256	0.414029	0.180095	0.972343	1.607939	12.239300
247.500000	117.280000	0.006763	0.005863	0.077765	0.534076	0.000000	0.012276	0.005456	0.100287	0.713357	1.124875	0.772705	0.056540	0.015514	0.008978	0.006422	0.590729	1.330398	1.698598	1.387998	0.404212	0.503655	0.165832	0.904517	1.716885	12.143700
253.125000	117.280000	0.001793	0.004329	0.024185	0.522279	0.001471	0.009549	0.002887	0.021931	0.544278	1.149849	0.807427	0.114718	0.011232	0.004828	0.001342	0.492742	1.123334	1.781735	1.599898	0.410833	0.570132	0.158463	0.857895	1.672811	11.889900
258.750000	117.280000	0.001440	0.003519	0.008126	0.495336	0.000000	0.000735	0.002938	0.004891	0.485858	1.130833	0.886819	0.180408	0.009201	0.004274	0.003221	0.332234	0.981283	1.811661	1.649977	0.418893	0.613023	0.134458	0.791280	1.721364	11.671800
264.375000	117.280000	0.007699	0.009358	0.006404	0.569926	0.001287	0.000000	0.000736	0.002063	0.377980	1.040904	0.929124	0.172303	0.008593	0.003038	0.004561	0.159276	0.817621	1.894460	1.848836	0.542806	0.702963	0.113268	0.710554	1.752387	11.676200
270.000000	117.280000	0.010018	0.005132	0.003060	0.569698	0.001502	0.000617	0.000000	0.000000	0.267406	0.993975	0.998664	0.285688	0.063421	0.003308	0.004079	0.062859	0.680344	1.896077	1.919284	0.667894	0.754705	0.103216	0.765787	1.791654	11.848400
275.625000	117.280000	0.004340	0.005159	0.007704	0.559227	0.002891	0.000000	0.000735	0.001964	0.215950	0.954063	1.109376	0.389027	0.159412	0.002382	0.001842	0.009218	0.570776	1.790059	1.853269	0.840623	0.677061	0.130046	0.722255	1.684234	11.691600
281.250000	117.280000	0.004392	0.001971	0.003764	0.569011	0.006652	0.000735	0.000806	0.000530	0.174661	0.855344	1.133767	0.466281	0.310497	0.001171	0.002459	0.007372	0.421032	1.669746	1.823491	0.982957	0.784216	0.127113	0.650146	1.759636	11.757800
286.875000	117.280000	0.032917	0.008820	0.005251	0.526790	0.027710	0.000627	0.005974	0.000000	0.105178	0.831939	1.160605	0.605321	0.501773	0.004514	0.008826	0.010599	0.414565	1.535489	1.728908	1.156364	0.868899	0.148044	0.604031	1.702850	11.996000
292.500000	117.280000	0.086254	0.006050	0.005909	0.513983	0.098151	0.002210	0.012373	0.000000	0.058269	0.777717	1.169630	0.625466	0.591295	0.006602	0.002910	0.006553	0.400440	1.402305	1.660212	1.411534	0.931518	0.144033	0.479739	1.613481	12.006600
298.125000	117.280000	0.132689	0.005038	0.004637	0.480177	0.194720	0.002120	0.007620	0.000000	0.028347	0.705689	1.166870	0.752439	0.710376	0.007272	0.006368	0.007000	0.325692	1.171428	1.703393	1.585161	1.003316	0.167991	0.420966	1.585184	12.174500
303.750000	117.280000	0.190361	0.009573	0.002977	0.441577	0.324343	0.002870	0.004452	0.002798	0.008934	0.640304	1.098656	0.833439	0.797738	0.002719	0.004282	0.002939	0.236185	1.072518	1.787074	1.673648	1.107494	0.230473	0.415712	1.525163	12.416200
309.375000	117.280000	0.240045	0.007973	0.006531	0.342300	0.447945	0.005022	0.002201	0.000798	0.005226	0.576104	1.078486	0.928378	0.846169	0.009821	0.006017	0.002836	0.154917	0.948988	1.959219	1.816207	1.205832	0.273919	0.382333	1.437399	12.684700
315.000000	117.280000	0.307785	0.007516	0.009577	0.340800	0.492555	0.003076	0.000578	0.000000	0.006779	0.536705	0.967406	0.999670	0.945683	0.045108	0.003823	0.001506	0.041422	0.877017	1.891044	1.836203	1.368715	0.327398	0.320198	1.350439	12.681000
320.625000	117.280000	0.379564	0.005985	0.004593	0.248151	0.596027	0.005372	0.001358	0.001268	0.002330	0.430634	0.915154	1.054153	0.972061	0.157884	0.002272	0.000627	0.008369	0.864093	1.816128	1.829078	1.391176	0.360579	0.288088	1.229085	12.564000
326.250000	117.280000	0.389331	0.008079	0.008431	0.182121	0.651875	0.009092	0.002274	0.002074	0.000956	0.334758	0.876020	1.110842	1.059870	0.219014	0.008379	0.001529	0.005391	0.778401	1.710156	1.749865	1.588769	0.385945	0.247946	1.064699	12.395800
331.875000	117.280000	0.488942	0.005692	0.006257	0.135678	0.733303	0.018960	0.001365	0.005181	0.001499	0.223058	0.776261	1.147949	1.153434	0.303241	0.003915	0.005156	0.003787	0.676233	1.573625	1.723739	1.583295	0.411472	0.176547	1.027453	12.186100
337.500000	117.280000	0.506470	0.002128	0.003507	0.057097	0.741179	0.052231	0.000542	0.009505	0.002183	0.100590	0.651235	1.147531	1.401412	0.395628	0.004447	0.002079	0.004179	0.587126	1.409385	1.665347	1.639549	0.514375	0.142663	0.898636	11.939000
343.125000	117.280000	0.535354	0.004262	0.004567	0.019842	0.828997	0.112831	0.000591	0.004152	0.000735	0.034967	0.604590	1.108638	1.562315	0.413980	0.011276	0.003376	0.003003	0.492022	1.154565	1.771896	1.697625	0.619879	0.158328	0.851123	11.998900
348.750000	117.280000	0.528822	0.004874	0.003200	0.012929	0.852179	0.183077	0.000311	0.002824	0.000612	0.003170	0.495294	1.095503	1.647907	0.440040	0.010877	0.004096	0.003581	0.313109	0.980815	1.736745	1.733228	0.641169	0.144241	0.791682	11.630300
354.375000	117.280000	0.536559	0.007440	0.005011	0.007323	0.935178	0.214936	0.000000	0.000000	0.000576	0.004222	0.399646	1.052005	1.802059	0.571256	0.010862	0.001897	0.003687	0.145094	0.789867	1.958009	1.749548	0.704404	0.146920	0.719059	11.765600
2.812500	120.000000	0.480431	0.005971	0.002985	0.005764	0.962052	0.296379	0.002251	0.000000	0.000000	0.001385	0.179729	0.906982	1.914455	0.761953	0.106003	0.003626	0.005286	0.043064	0.628036	1.851381	1.838691	0.772610	0.183909	0.784644	11.737600
8.437500	120.000000	0.436855	0.003518	0.005426	0.008559	0.989411	0.377788	0.004016	0.001434	0.001525	0.001393	0.159472	0.813047	1.827992	0.866478	0.271859	0.005591	0.001711	0.005964	0.451333	1.770742	1.732255	0.791623	0.214419	0.746648	11.489100
14.062500	120.000000	0.484873	0.008883	0.003596	0.005566	1.043719	0.519265	0.004092	0.002255	0.004264	0.000633	0.095060	0.771544	1.819894	1.046463	0.402737	0.008305	0.002360	0.007684	0.433811	1.635715	1.754049	0.865335	0.210103	0.643308	11.773500
19.687500	120.000000	0.419993	0.016591	0.001284	0.004998	1.070059	0.591855	0.050814	0.000628	0.011972	0.000739	0.056304	0.747637	1.675469	1.274890	0.578206	0.005349	0.006079	0.000000	0.429271	1.504896	1.736881	0.913820	0.228330	0.617701	11.943800
25.312500	120.000000	0.403470	0.046933	0.002158	0.003005	1.046127	0.685403	0.110052	0.001479	0.012550	0.001103	0.028538	0.628250	1.712950	1.464780	0.660747	0.003593	0.003305	0.006525	0.400208	1.283078	1.657690	0.981238	0.215236	0.530076	11.888500
30.937500	120.000000	0.357771	0.095855	0.006393	0.003121	1.067566	0.765411	0.230602	0.001928	0.006181	0.000628	0.006110	0.611023	1.754762	1.613741	0.728578	0.005686	0.000943	0.005449	0.258262	1.096363	1.669215	1.097038	0.234778	0.469982	12.087400
36.562500	120.000000	0.309909	0.142935	0.004375	0.006451	0.975656	0.824467	0.333133	0.001320	0.002206	0.002218	0.000694	0.597863	1.866434	1.675107	0.850273	0.002557	0.001254	0.004843	0.174091	1.017099	1.578036	1.202293	0.281595	0.412778	12.267600
42.187500	120.000000	0.254633	0.199344	0.005129	0.008267	0.964335	0.905161	0.468062	0.003530	0.002820	0.001224	0.005596	0.529894	1.915326	1.907896	0.870135	0.034854	0.000000	0.002617	0.119319	0.948405	1.525050	1.389717	0.372335	0.395297	12.828900
47.812500	120.000000	0.189827	0.265141	0.006502	0.003933	0.868091	0.970208	0.474026	0.000768	0.001340	0.000000	0.003425	0.428184	1.850533	1.975268	0.884691	0.114249	0.003249	0.002955	0.032855	0.888540	1.407315	1.475626	0.377332	0.363983	12.588100
53.437500	120.000000	0.137344	0.322443	0.008376	0.008611	0.799465	0.968796	0.568392	0.005852	0.000831	0.002083	0.005074	0.354025	1.667224	1.867791	0.992639	0.201995	0.007120	0.001563	0.004791	0.867251	1.244602	1.556977	0.404168	0.308768	12.306200
59.062500	120.000000	0.090734	0.354493	0.005154	0.004556	0.780374	1.029545	0.635457	0.006272	0.000641	0.005851	0.005365	0.236433	1.597138	1.792649	1.106333	0.263986	0.002655	0.002252	0.002500	0.729297	1.112464	1.673965	0.447591	0.250191	12.135900
64.687500	120.000000	0.047632	0.431143	0.004131	0.003347	0.674169	1.049385	0.690412	0.018309	0.001374	0.009662	0.004690	0.113596	1.454092	1.728704	1.342239	0.387851	0.006712	0.004745	0.005974	0.690223	0.967375	1.748236	0.516052	0.246798	12.146900
70.312500	120.000000	0.015427	0.411411	0.002049	0.003522	0.562894	1.057236	0.731215	0.051038	0.000000	0.005185	0.002256	0.031372	1.215163	1.725424	1.442760	0.446681	0.013201	0.001961	0.004658	0.545311	0.948262	1.710789	0.584424	0.230870	11.743100
75.937500	120.000000	0.006892	0.474575	0.004064	0.002588	0.476174	1.065021	0.804692	0.111469	0.000000	0.003630	0.003250	0.006204	1.032839	1.751165	1.625763	0.453069	0.005264	0.001430	0.003872	0.417380	0.836899	1.810270	0.676241	0.222941	11.795700
81.562500	120.000000	0.004570	0.496099	0.006161	0.007344	0.372694	0.988802	0.833276	0.139057	0.002571	0.001228	0.001493	0.004151	0.929637	1.792762	1.770019	0.516364	0.007003	0.002695	0.002817	0.277793	0.777844	1.849458	0.705735	0.203391	11.693000
87.187500	120.000000	0.007988	0.490877	0.008952	0.003426	0.291267	0.923088	0.909763	0.175133	0.002018	0.000000	0.001426	0.001488	0.788809	2.003926	1.887583	0.650086	0.045496	0.002129	0.003646	0.130862	0.759141	1.834982	0.807042	0.183792	11.912900
92.812500	120.000000	0.003716	0.452439	0.006720	0.007138	0.203729	0.894436	0.960849	0.295215	0.002181	0.000000	0.000742	0.000736	0.635919	1.840150	1.878920	0.762653	0.132019	0.007702	0.003548	0.034967	0.764596	1.855475	0.755143	0.181695	11.680700
98.437500	120.000000	0.007793	0.471936	0.007258	0.004692	0.154482	0.827161	0.994785	0.387188	0.001904	0.001345	0.000744	0.001575	0.536680	1.779994	1.892537	0.911862	0.245127	0.004656	0.003256	0.008897	0.674492	1.876647	0.736164	0.158881	11.690100
104.062000	120.000000	0.001287	0.451643	0.008128	0.005832	0.118201	0.795022	1.051850	0.497680	0.003699	0.007500	0.003407	0.000770	0.428518	1.638927	1.784382	1.015332	0.412050	0.001195	0.003426	0.009039	0.667559	1.790568	0.849851	0.199759	11.745600
109.688000	120.000000	0.005566	0.432457	0.017796	0.006119	0.071266	0.742823	1.052834	0.601104	0.032917	0.001315	0.009111	0.000736	0.436214	1.452984	1.692309	1.288676	0.541170	0.000900	0.002668	0.009164	0.618422	1.729745	0.906240	0.243901	11.896400
115.312000	120.000000	0.003407	0.407958	0.051141	0.004656	0.030331	0.694534	1.070025	0.711481	0.120612	0.002901	0.010961	0.003840	0.353457	1.331043	1.731181	1.484041	0.664493	0.004256	0.004977	0.010437	0.466278	1.729428	0.995851	0.224626	12.111900
120.938000	120.000000	0.002916	0.361240	0.100290	0.007149	0.010616	0.620725	1.026245	0.784544	0.226380	0.001178	0.001363	0.001359	0.285943	1.151489	1.787413	1.572042	0.716755	0.010798	0.006425	0.005612	0.453489	1.615437	1.078743	0.245684	12.073800
126.562000	120.000000	0.005927	0.307716	0.157949	0.010882	0.003398	0.545874	1.058812	0.803067	0.317664	0.003453	0.001086	0.001484	0.196392	1.030158	1.808528	1.755191	0.798333	0.008515	0.001218	0.001363	0.403872	1.583747	1.257450	0.306057	12.368100
132.188000	120.000000	0.006496	0.230182	0.211477	0.010300	0.005156	0.503800	0.883332	0.874136	0.436150	0.001124	0.001848	0.003387	0.102428	0.917147	1.898011	1.859897	0.871200	0.023380	0.002820	0.006980	0.402276	1.478363	1.352486	0.329386	12.411800
137.812000	120.000000	0.010638	0.205153	0.252120	0.009651	0.003913	0.423668	0.876686	0.947139	0.513572	0.004923	0.002066	0.001310	0.035755	0.872031	1.808732	1.902648	0.936466	0.122043	0.005135	0.000696	0.349143	1.395779	1.552747	0.373011	12.605000
143.437000	120.000000	0.009419	0.152968	0.323116	0.004013	0.000453	0.322505	0.851884	0.969914	0.547958	0.004730	0.001816	0.000520	0.006181	0.776005	1.660382	1.858234	1.012517	0.187815	0.006645	0.001318	0.315787	1.238970	1.582548	0.448696	12.284400
149.062000	120.000000	0.007734	0.087832	0.342397	0.003730	0.002568	0.253084	0.784494	1.014990	0.639732	0.008733	0.001502	0.003411	0.013763	0.747321	1.580253	1.800747	1.048924	0.273959	0.006149	0.003324	0.248123	1.108165	1.586846	0.473457	12.041200
154.688000	120.000000	0.004066	0.049921	0.385855	0.002897	0.002170	0.126698	0.701880	1.058788	0.682637	0.017207	0.000601	0.009045	0.006845	0.703761	1.424280	1.706175	1.305731	0.354664	0.005409	0.003667	0.229821	1.011082	1.702624	0.537578	12.033400
160.312000	120.000000	0.007653	0.019847	0.423174	0.006562	0.000756	0.051014	0.591069	1.056164	0.738888	0.054871	0.001701	0.007269	0.003719	0.545173	1.261420	1.683126	1.508413	0.422180	0.004408	0.003475	0.234922	0.903023	1.751018	0.596725	11.876600
165.938000	120.000000	0.006705	0.010918	0.474575	0.004278	0.001465	0.003598	0.512122	1.047034	0.773679	0.101317	0.000726	0.004190	0.006821	0.411904	1.067578	1.778195	1.616274	0.442645	0.006940	0.002565	0.206526	0.854271	1.769317	0.652541	11.756200
171.562000	120.000000	0.004324	0.004241	0.486753	0.006763	0.001418	0.000846	0.397416	1.012839	0.806337	0.142158	0.000757	0.000739	0.005807	0.276835	0.906601	1.861854	1.743791	0.496918	0.008815	0.000701	0.187737	0.789984	1.862464	0.716197	11.722300
177.188000	120.000000	0.004747	0.009641	0.499073	0.005413	0.000527	0.003141	0.271513	0.953290	0.937596	0.189438	0.002104	0.001795	0.004745	0.131879	0.752929	1.958688	1.859886	0.624710	0.028596	0.001969	0.170942	0.718007	1.813482	0.795114	11.739200
182.812000	120.000000	0.006517	0.005561	0.485059	0.004507	0.000000	0.000000	0.198454	0.890310	0.933764	0.281987	0.002856	0.000000	0.005148	0.039991	0.662687	1.866966	1.865620	0.819819	0.133643	0.003810	0.168507	0.741505	1.747716	0.753661	11.618100
188.438000	120.000000	0.003385	0.003300	0.462866	0.005415	0.000736	0.002243	0.146953	0.855567	0.995410	0.399589	0.002118	0.000632	0.003293	0.011215	0.494432	1.722880	1.886882	0.919683	0.258220	0.005219	0.189560	0.713056	1.849424	0.772272	11.704400
194.062000	120.000000	0.001953	0.003653	0.487953	0.004328	0.005467	0.000000	0.119611	0.796058	1.024834	0.486680	0.004944	0.002333	0.001647	0.012838	0.435078	1.613922	1.755237	1.053023	0.434201	0.004328	0.205559	0.679735	1.747376	0.835818	11.716600
199.687000	120.000000	0.002388	0.002730	0.446042	0.022708	0.007230	0.000737	0.062187	0.755485	1.064497	0.616495	0.046463	0.001488	0.003404	0.005025	0.434123	1.494513	1.717564	1.205041	0.563553	0.004143	0.245857	0.639236	1.715291	0.932312	11.988500
205.312000	120.000000	0.005998	0.003877	0.383250	0.050971	0.008674	0.002666	0.032303	0.689173	1.094031	0.679513	0.106645	0.000000	0.001499	0.007204	0.387958	1.295112	1.681000	1.431134	0.688387	0.004638	0.236762	0.522409	1.681463	0.993342	11.988000
210.938000	120.000000	0.005797	0.006409	0.342226	0.102044	0.003913	0.002068	0.005433	0.655100	1.045157	0.818035	0.241526	0.002104	0.003241	0.003752	0.286635	1.109897	1.829530	1.626487	0.700696	0.004707	0.271907	0.469899	1.581734	1.092188	12.210500
216.562000	120.000000	0.007454	0.006298	0.288156	0.151087	0.000629	0.003040	0.002756	0.602394	1.000597	0.808609	0.338995	0.001979	0.004092	0.002912	0.197985	1.045510	1.873186	1.723818	0.816091	0.005925	0.317729	0.402741	1.567823	1.205674	12.375500
222.188000	120.000000	0.008800	0.007812	0.255004	0.203149	0.001796	0.000739	0.004181	0.529745	0.941031	0.901199	0.440404	0.001367	0.003751	0.004352	0.132480	0.917265	1.861379	1.815744	0.883720	0.032541	0.331250	0.372034	1.576566	1.413705	12.640000
227.812000	120.000000	0.006379	0.010628	0.202736	0.276308	0.002551	0.000132	0.001475	0.419981	0.930112	0.957844	0.530378	0.001346	0.003780	0.001149	0.033203	0.895157	1.836328	1.901528	0.913167	0.134511	0.408319	0.317158	1.356444	1.487015	12.627600
233.438000	120.000000	0.003774	0.009015	0.149484	0.307668	0.000699	0.001459	0.004066	0.319182	0.824331	0.993668	0.574417	0.006760	0.006096	0.002182	0.008945	0.828052	1.760202	1.852206	1.050695	0.191539	0.387244	0.309538	1.232410	1.576305	12.399900
239.062000	120.000000	0.005324	0.007892	0.114596	0.354042	0.000000	0.006456	0.002631	0.215893	0.784364	1.018042	0.600895	0.005970	0.004824	0.002585	0.006852	0.759529	1.594469	1.816185	1.066438	0.278506	0.449126	0.256841	1.126103	1.593666	12.071200
244.687000	120.000000	0.004057	0.006354	0.069583	0.365974	0.001480	0.009708	0.000883	0.107727	0.667870	1.052769	0.662445	0.022853	0.006849	0.003566	0.004230	0.712250	1.499128	1.649638	1.308152	0.390813	0.532178	0.222451	0.933799	1.760677	11.995400
250.312000	120.000000	0.004810	0.004301	0.012715	0.443417	0.000000	0.008887	0.001258	0.045799	0.608110	1.095058	0.699432	0.057816	0.006644	0.004774	0.005464	0.598383	1.263648	1.694831	1.492319	0.428277	0.634752	0.234581	0.948388	1.804321	12.098000
255.937000	120.000000	0.006145	0.002416	0.004930	0.436087	0.000000	0.004664	0.003056	0.003767	0.504061	1.063475	0.825652	0.102941	0.012753	0.003097	0.003260	0.437597	1.050894	1.762249	1.638238	0.471674	0.675287	0.200505	0.855929	1.732368	11.801000
261.562000	120.000000	0.004708	0.002835	0.006467	0.470567	0.000611	0.000639	0.000758	0.002720	0.372401	0.973745	0.836192	0.153067	0.008220	0.001456	0.003188	0.265122	0.921688	1.846993	1.755112	0.469358	0.696676	0.202873	0.760900	1.807884	11.564200
267.188000	120.000000	0.007383	0.002147	0.009167	0.452850	0.001499	0.001477	0.000735	0.001535	0.311175	0.938010	0.889299	0.194913	0.041107	0.001178	0.006594	0.135439	0.742833	1.861808	1.832426	0.637014	0.753183	0.158005	0.796874	1.829610	11.606300
272.812000	120.000000	0.006077	0.005436	0.004062	0.491921	0.002117	0.001584	0.001480	0.000000	0.200050	0.841839	0.941712	0.305214	0.133542	0.005801	0.006137	0.036612	0.629318	1.891395	1.920551	0.743322	0.783191	0.171539	0.747094	1.799186	11.669200
278.438000	120.000000	0.006028	0.004173	0.004958	0.479817	0.001889	0.001383	0.000745	0.000758	0.119116	0.819812	1.007938	0.354540	0.262344	0.003014	0.001947	0.009622	0.492063	1.716263	1.864183	0.892145	0.774423	0.195070	0.687044	1.827823	11.527100
284.062000	120.000000	0.009217	0.007517	0.005162	0.472035	0.007016	0.004301	0.003468	0.000886	0.107941	0.804914	1.046133	0.491554	0.396140	0.000860	0.000603	0.011658	0.426622	1.586665	1.738091	1.058741	0.879840	0.204136	0.677347	1.857262	11.798100
289.688000	120.000000	0.011556	0.003598	0.003654	0.426127	0.050530	0.002230	0.009415	0.001523	0.050099	0.734329	1.069801	0.583500	0.538782	0.004378	0.008017	0.008835	0.424343	1.489130	1.705383	1.238495	0.927371	0.232995	0.594124	1.702941	11.821200
295.312000	120.000000	0.054958	0.003496	0.002508	0.385668	0.116113	0.001499	0.009340	0.001379	0.021878	0.707952	1.021907	0.684505	0.693975	0.001529	0.003630	0.003735	0.361418	1.292273	1.754377	1.445418	0.974349	0.246930	0.543533	1.748394	12.080800
300.938000	120.000000	0.090020	0.002876	0.005584	0.392396	0.237964	0.003798	0.007529	0.000869	0.006028	0.624330	1.048015	0.760060	0.728049	0.006505	0.004158	0.002865	0.283167	1.190383	1.790105	1.571374	1.072395	0.239734	0.434161	1.653483	12.155900
306.562000	120.000000	0.146419	0.004169	0.005368	0.302876	0.356405	0.004317	0.002980	0.000737	0.002313	0.577301	0.987479	0.816619	0.809631	0.008321	0.004003	0.003103	0.196202	1.017489	1.939246	1.715969	1.281823	0.322409	0.401463	1.581960	12.488600
312.187000	120.000000	0.199116	0.008822	0.004737	0.260989	0.427702	0.001408	0.000620	0.000000	0.001470	0.516152	0.933300	0.903332	0.892409	0.030226	0.003780	0.002871	0.104468	0.926355	1.931725	1.801052	1.378894	0.356287	0.373316	1.501876	12.560900
317.812000	120.000000	0.268872	0.010722	0.011209	0.208315	0.494180	0.002664	0.000822	0.002238	0.002710	0.424224	0.853232	0.922213	0.905694	0.120087	0.004219	0.001718	0.034091	0.856388	1.935944	1.889517	1.537445	0.389183	0.350829	1.408062	12.634600
323.438000	120.000000	0.309554	0.004726	0.010558	0.158155	0.572007	0.006183	0.000687	0.002046	0.005041	0.355519	0.812844	1.005965	1.023509	0.202996	0.001261	0.002119	0.006669	0.912740	1.695612	1.842469	1.533249	0.385367	0.296446	1.267346	12.413100
329.062000	120.000000	0.373171	0.003418	0.007692	0.088084	0.629773	0.006081	0.001504	0.004387	0.002227	0.228320	0.753741	1.036650	1.106913	0.280807	0.007537	0.002558	0.005216	0.771309	1.620165	1.784597	1.610382	0.416137	0.256755	1.093392	12.090800
334.688000	120.000000	0.427688	0.006120	0.006918	0.041748	0.692546	0.025831	0.004144	0.013980	0.000572	0.117231	0.715516	1.016717	1.333519	0.418322	0.012260	0.006172	0.003711	0.677217	1.456060	1.761548	1.648247	0.523699	0.230947	1.007241	12.147900
340.312000	120.000000	0.464992	0.004657	0.003201	0.016761	0.761627	0.059596	0.000000	0.010398	0.000745	0.052097	0.559495	1.026606	1.470887	0.451101	0.010339	0.006467	0.007007	0.591207	1.235939	1.712056	1.732120	0.624620	0.233439	0.911808	11.947200
345.938000	120.000000	0.439198	0.003474	0.002828	0.007455	0.813914	0.113207	0.000674	0.005825	0.008312	0.004649	0.510998	1.046261	1.668593	0.423592	0.005397	0.005806	0.001608	0.395479	1.019228	1.786282	1.841202	0.662381	0.219421	0.872301	11.858100
351.562000	120.000000	0.454603	0.003296	0.003356	0.007033	0.840103	0.136044	0.000000	0.001494	0.004457	0.003021	0.417752	0.980266	1.736383	0.473198	0.009569	0.004787	0.005207	0.254186	0.936851	1.837153	1.738679	0.741148	0.194206	0.744564	11.527400
357.187000	120.000000	0.448758	0.002101	0.004169	0.003971	0.934530	0.197173	0.000000	0.000000	0.000683	0.003304	0.268787	0.921318	1.887990	0.635888	0.040772	0.002106	0.005590	0.120809	0.798653	2.010102	1.818911	0.783612	0.188513	0.792300	11.870000
0.000000	122.797000	0.406595	0.001299	0.002468	0.004530	0.871250	0.185379	0.000636	0.000754	0.000833	0.000000	0.173921	0.875708	1.907997	0.720940	0.095336	0.005800	0.005532	0.099124	0.730082	1.874306	1.774904	0.816882	0.234212	0.792594	11.581100
5.625000	122.797000	0.372840	0.000869	0.001509	0.004886	0.896179	0.283555	0.000643	0.002446	0.001962	0.001471	0.122834	0.817168	1.892469	0.810699	0.228515	0.008400	0.001205	0.027152	0.574586	1.825312	1.868933	0.771434	0.263619	0.824575	11.603300
11.250000	122.797000	0.350886	0.002580	0.002553	0.003546	0.917231	0.424063	0.001696	0.002483	0.001546	0.000609	0.094414	0.780150	1.823955	0.974382	0.407744	0.003942	0.003943	0.008776	0.435945	1.636383	1.947943	0.871888	0.276406	0.676696	11.649800
16.875000	122.797000	0.360229	0.008356	0.004316	0.002015	0.914316	0.512588	0.007816	0.003473	0.010169	0.000858	0.041109	0.746502	1.731124	1.171225	0.512766	0.002848	0.006271	0.012073	0.463958	1.548416	1.817983	0.904429	0.321265	0.728055	11.832200
22.500000	122.797000	0.308179	0.012740	0.003573	0.001192	0.962112	0.605024	0.049081	0.000744	0.008992	0.001497	0.019358	0.702073	1.717971	1.326779	0.615916	0.003102	0.000401	0.003523	0.444836	1.400371	1.777076	0.928870	0.288954	0.631251	11.813600
28.125000	122.797000	0.302318	0.035327	0.002061	0.005780	0.957844	0.684087	0.121541	0.002854	0.009018	0.002967	0.010084	0.602312	1.729111	1.574835	0.757735	0.007417	0.002926	0.009523	0.343979	1.168657	1.729722	1.135260	0.303816	0.560963	12.060200
33.750000	122.797000	0.245473	0.081825	0.008180	0.003482	0.965840	0.755681	0.209506	0.002492	0.003089	0.001559	0.002761	0.601530	1.820799	1.667948	0.762042	0.007529	0.006217	0.003206	0.218233	1.115402	1.728715	1.268997	0.311592	0.467522	12.259600
39.375000	122.797000	0.214575	0.114861	0.006912	0.008237	0.919685	0.824838	0.335224	0.003496	0.002403	0.000735	0.004220	0.495442	1.857375	1.673716	0.817662	0.026519	0.004470	0.003135	0.159491	1.014762	1.607713	1.375105	0.401557	0.405337	12.277500
45.000000	122.797000	0.151664	0.143927	0.007815	0.005338	0.805261	0.844255	0.421174	0.002480	0.002240	0.000614	0.001317	0.446643	1.876477	1.888239	0.904244	0.108318	0.001516	0.000736	0.081994	0.913193	1.522686	1.495622	0.378912	0.411259	12.415900
50.625000	122.797000	0.118171	0.207073	0.007959	0.007515	0.810385	0.908109	0.510900	0.000740	0.002088	0.000000	0.003292	0.334463	1.846676	1.900669	1.027070	0.165461	0.004075	0.002743	0.025932	0.821332	1.353809	1.611241	0.429374	0.341195	12.440300
56.250000	122.797000	0.066352	0.248801	0.005528	0.005247	0.729024	0.943300	0.559382	0.005868	0.000000	0.003096	0.001336	0.242592	1.709240	1.846540	1.125913	0.248689	0.004628	0.001623	0.003495	0.792448	1.250121	1.651119	0.499868	0.339548	12.283700
61.875000	122.797000	0.028031	0.276310	0.003819	0.003823	0.661977	0.935509	0.591876	0.004646	0.003728	0.008674	0.002818	0.133169	1.570707	1.809908	1.206387	0.350364	0.006291	0.003335	0.005476	0.736525	1.061006	1.732527	0.572986	0.301791	12.011700
67.500000	122.797000	0.010771	0.333574	0.005679	0.002666	0.646898	0.906246	0.676729	0.011858	0.001347	0.016800	0.000769	0.038661	1.347928	1.767089	1.380851	0.430146	0.005472	0.004003	0.008417	0.625982	1.020024	1.761683	0.546650	0.309872	11.860100
73.125000	122.797000	0.012200	0.365079	0.004173	0.004157	0.485371	0.946641	0.685642	0.051820	0.000000	0.004230	0.003887	0.005699	1.104592	1.824430	1.561320	0.454908	0.004494	0.003822	0.005020	0.514757	0.925834	1.843125	0.671101	0.309060	11.791400
78.750000	122.797000	0.002021	0.408587	0.009206	0.005157	0.408104	0.992825	0.792471	0.091962	0.001362	0.001477	0.002942	0.001932	0.982457	1.784687	1.694831	0.424290	0.008116	0.003846	0.003836	0.393522	0.832670	1.908834	0.718252	0.262683	11.736100
84.375000	122.797000	0.005644	0.399838	0.003170	0.001732	0.310028	0.862939	0.823721	0.120244	0.000627	0.002066	0.000674	0.001795	0.840500	1.882652	1.774893	0.591051	0.022929	0.004349	0.004783	0.212045	0.780507	1.838137	0.772208	0.239157	11.495700
90.000000	122.797000	0.001449	0.396147	0.006298	0.001363	0.181061	0.912551	0.854185	0.195856	0.000751	0.002238	0.000736	0.000000	0.750659	1.889676	1.851449	0.702061	0.106766	0.006923	0.003329	0.111466	0.819266	1.833263	0.807682	0.263913	11.699100
95.625000	122.797000	0.003883	0.377088	0.000561	0.001742	0.132768	0.789946	0.899991	0.294381	0.002731	0.000736	0.000000	0.004021	0.573047	1.771591	1.895511	0.803776	0.205681	0.003333	0.004168	0.027625	0.765617	1.863641	0.790885	0.250954	11.463700
101.250000	122.797000	0.000671	0.377105	0.004031	0.005654	0.102835	0.779828	0.958656	0.375161	0.001669	0.002963	0.003610	0.000000	0.458286	1.672370	1.906425	0.981114	0.364034	0.004265	0.000856	0.007165	0.739931	1.857454	0.832098	0.297259	11.733400
106.875000	122.797000	0.002681	0.359729	0.004088	0.002401	0.038036	0.717361	0.947818	0.470770	0.007367	0.001449	0.004301	0.000000	0.453983	1.554206	1.844606	1.167820	0.566410	0.008176	0.004327	0.004991	0.652472	1.825527	0.896826	0.279849	11.815200
112.500000	122.797000	0.007646	0.320084	0.011359	0.004666	0.018951	0.678521	0.984820	0.619910	0.052170	0.001355	0.007268	0.001527	0.448160	1.397261	1.759093	1.374495	0.657701	0.009683	0.005053	0.003170	0.636564	1.795115	0.967561	0.318982	12.081100
118.125000	122.797000	0.008324	0.256973	0.026511	0.003000	0.003375	0.614266	0.950514	0.671476	0.130181	0.003503	0.007080	0.003785	0.357123	1.184491	1.780367	1.610291	0.739632	0.007325	0.004617	0.006650	0.546288	1.733533	1.126482	0.313899	12.089700
123.750000	122.797000	0.005599	0.236785	0.080536	0.006293	0.005665	0.543800	0.926763	0.766053	0.224081	0.005864	0.001212	0.001179	0.239331	1.036205	1.831668	1.675401	0.797343	0.005323	0.002715	0.003609	0.531971	1.563978	1.292420	0.346366	12.130200
129.375000	122.797000	0.009058	0.193650	0.121389	0.005315	0.007242	0.481765	0.942441	0.782183	0.328270	0.001129	0.002969	0.001473	0.143746	0.958343	1.835909	1.747942	0.870355	0.021989	0.002723	0.002161	0.471324	1.534889	1.399772	0.375071	12.241100
135.000000	122.797000	0.005587	0.164634	0.166672	0.005974	0.001551	0.420629	0.847188	0.789971	0.423937	0.000762	0.002095	0.000536	0.103057	0.907639	1.896518	1.850985	0.890885	0.095273	0.002864	0.000000	0.395683	1.446866	1.544095	0.425245	12.388600
140.625000	122.797000	0.006564	0.129285	0.189669	0.004504	0.002498	0.340250	0.801198	0.901849	0.494009	0.000745	0.000777	0.001338	0.022239	0.896192	1.744255	1.880571	0.970474	0.172015	0.005680	0.005517	0.384198	1.433463	1.566477	0.424377	12.378200
146.250000	122.797000	0.006680	0.067113	0.258778	0.002092	0.003439	0.254003	0.723533	0.937014	0.592272	0.004287	0.000735	0.004532	0.006519	0.775766	1.609149	1.855113	1.026432	0.233644	0.002621	0.003484	0.334182	1.321757	1.673535	0.515477	12.212200
151.875000	122.797000	0.006751	0.033944	0.304758	0.004189	0.002569	0.129261	0.721136	0.919425	0.585079	0.010083	0.001532	0.007189	0.004975	0.746628	1.518863	1.865518	1.168352	0.358621	0.007585	0.002229	0.314005	1.081939	1.746517	0.551325	12.092500
157.500000	122.797000	0.002078	0.018879	0.326155	0.005958	0.001967	0.052391	0.607436	0.948643	0.666787	0.020045	0.000000	0.010411	0.003421	0.649882	1.281336	1.747071	1.358163	0.451279	0.006603	0.005945	0.315026	1.007416	1.800645	0.616678	11.904200
163.125000	122.797000	0.003740	0.010881	0.351859	0.002660	0.004448	0.006063	0.504534	0.959787	0.714793	0.045042	0.000000	0.010659	0.003211	0.538327	1.125346	1.822213	1.563537	0.456785	0.015107	0.004640	0.280766	0.930979	1.820336	0.675340	11.851000
168.750000	122.797000	0.003852	0.003498	0.377695	0.005312	0.002262	0.004555	0.419961	0.912309	0.806424	0.111545	0.000708	0.003157	0.002151	0.368298	1.024222	1.774588	1.607882	0.443779	0.010300	0.003585	0.286255	0.861380	1.861967	0.697955	11.593600
174.375000	122.797000	0.003271	0.002881	0.373930	0.002520	0.001336	0.000000	0.295619	0.905742	0.814254	0.122850	0.000735	0.000000	0.001378	0.242191	0.847771	1.913087	1.769204	0.594609	0.026992	0.005187	0.253270	0.798926	1.886486	0.795489	11.657700
180.000000	122.797000	0.004767	0.006143	0.398688	0.005346	0.000000	0.000000	0.179859	0.877893	0.833033	0.192432	0.000000	0.000735	0.003245	0.105232	0.646628	1.876929	1.844143	0.674084	0.111932	0.004197	0.256215	0.867276	1.962250	0.827788	11.678800
185.625000	122.797000	0.000253	0.002114	0.402796	0.002280	0.000000	0.001951	0.116912	0.807187	0.929092	0.300920	0.001908	0.002062	0.001488	0.024745	0.588279	1.811322	1.881465	0.805255	0.229711	0.003316	0.243612	0.798283	1.913347	0.778408	11.646700
191.250000	122.797000	0.004537	0.003577	0.391883	0.008255	0.002097	0.000000	0.083813	0.751798	0.965014	0.389866	0.000590	0.003011	0.003027	0.008490	0.498954	1.649898	1.842593	1.020654	0.395958	0.003152	0.259501	0.765281	1.898203	0.858928	11.809100
196.875000	122.797000	0.006387	0.004421	0.355178	0.004959	0.003557	0.000000	0.039265	0.670734	0.961335	0.466496	0.009262	0.005016	0.002227	0.008871	0.422190	1.531214	1.842684	1.105143	0.533801	0.003351	0.322740	0.661675	1.827947	0.910218	11.698700
202.500000	122.797000	0.004136	0.004727	0.315027	0.009570	0.010080	0.000770	0.022759	0.655841	0.973831	0.613622	0.055497	0.001491	0.002244	0.003180	0.422049	1.349591	1.791914	1.407915	0.634994	0.005468	0.317255	0.638559	1.785535	0.959603	11.985700
208.125000	122.797000	0.006017	0.006097	0.291598	0.033725	0.007605	0.006347	0.007176	0.639037	0.923950	0.653602	0.133247	0.001995	0.003394	0.010063	0.364567	1.193550	1.766320	1.556954	0.716178	0.005621	0.303649	0.538401	1.789426	1.120591	12.079100
213.750000	122.797000	0.008605	0.007612	0.256184	0.076300	0.000691	0.000887	0.002568	0.539780	0.904110	0.696573	0.237327	0.003567	0.002400	0.002117	0.266094	1.035498	1.847547	1.660529	0.816587	0.006017	0.345674	0.451805	1.625333	1.232591	12.026400
219.375000	122.797000	0.004286	0.004343	0.217574	0.116505	0.000000	0.002082	0.001986	0.517816	0.899951	0.766372	0.330408	0.002496	0.001925	0.003099	0.169540	1.030952	1.953089	1.740217	0.863802	0.030621	0.420092	0.391059	1.635354	1.413253	12.516800
225.000000	122.797000	0.001533	0.009747	0.149255	0.157562	0.000000	0.003802	0.002674	0.425667	0.889947	0.809978	0.402914	0.003836	0.001594	0.000000	0.097630	0.960905	1.854808	1.860214	0.946687	0.113777	0.383504	0.374019	1.514215	1.533080	12.497300
230.625000	122.797000	0.004458	0.008446	0.108778	0.204651	0.000000	0.002248	0.004738	0.335529	0.818818	0.890744	0.497289	0.001345	0.005691	0.004002	0.027585	0.876988	1.780028	1.883625	0.971948	0.159921	0.465673	0.360168	1.390430	1.578160	12.381300
236.250000	122.797000	0.008848	0.004126	0.081725	0.257305	0.001697	0.004271	0.008405	0.235484	0.749790	0.914041	0.563052	0.002212	0.003632	0.008072	0.005658	0.795351	1.684426	1.856595	1.057599	0.246047	0.506094	0.332755	1.262098	1.724587	12.313900
241.875000	122.797000	0.007004	0.004740	0.034259	0.307332	0.006649	0.009263	0.002252	0.139112	0.696467	0.926576	0.585093	0.005160	0.009296	0.004106	0.004831	0.750262	1.508436	1.814477	1.222469	0.339408	0.552348	0.305230	1.119689	1.697761	12.052200
247.500000	122.797000	0.002690	0.004514	0.006691	0.334995	0.001496	0.010471	0.000744	0.058929	0.607180	1.012369	0.680590	0.022612	0.007741	0.003364	0.001485	0.644087	1.411862	1.756899	1.351196	0.445072	0.598760	0.282973	0.964402	1.816660	12.027800
253.125000	122.797000	0.002785	0.002678	0.005506	0.341288	0.002099	0.009457	0.005500	0.008731	0.493293	0.933340	0.714831	0.031993	0.005565	0.002720	0.004414	0.557047	1.094052	1.781611	1.519779	0.472852	0.722451	0.320101	0.943355	1.804626	11.780100
258.750000	122.797000	0.004278	0.004907	0.006291	0.372574	0.001536	0.001497	0.003734	0.003093	0.388345	0.906605	0.803828	0.084449	0.013641	0.002336	0.004869	0.373340	0.984277	1.837413	1.651187	0.473240	0.734111	0.298984	0.859210	1.875425	11.689200
264.375000	122.797000	0.007588	0.002995	0.003811	0.401047	0.000000	0.000685	0.000324	0.000758	0.303095	0.847835	0.804442	0.133066	0.015804	0.002534	0.001349	0.221620	0.880407	1.900974	1.766841	0.601189	0.776949	0.278926	0.766922	1.850159	11.569300
270.000000	122.797000	0.007220	0.005883	0.011186	0.396517	0.000478	0.000764	0.000721	0.002091	0.179053	0.867216	0.852824	0.179051	0.109486	0.001944	0.003413	0.110742	0.700708	1.962352	1.923526	0.694291	0.808325	0.232967	0.840775	1.851279	11.742800
275.625000	122.797000	0.003239	0.002321	0.002439	0.383704	0.004349	0.001516	0.000607	0.000735	0.124090	0.810065	0.876444	0.302213	0.231670	0.005671	0.001567	0.029217	0.587563	1.776375	1.862849	0.827508	0.740933	0.271897	0.789691	1.949843	11.586500
281.250000	122.797000	0.009214	0.002709	0.004830	0.373994	0.002667	0.002867	0.001412	0.000785	0.093704	0.774503	0.953891	0.413641	0.378243	0.002372	0.000282	0.010430	0.462897	1.653076	1.830288	1.020017	0.859067	0.289044	0.733403	1.883557	11.756900
286.875000	122.797000	0.005591	0.003408	0.006227	0.354626	0.008932	0.005385	0.003879	0.000737	0.051698	0.724564	0.954517	0.483167	0.533732	0.003024	0.002797	0.007121	0.464753	1.545679	1.815687	1.116264	0.900521	0.318129	0.665301	1.820584	11.796300
292.500000	122.797000	0.011151	0.005113	0.003330	0.356061	0.043968	0.000735	0.006199	0.000736	0.019124	0.683290	0.945947	0.578962	0.635653	0.001869	0.002136	0.006022	0.435106	1.358650	1.768141	1.361839	0.934132	0.282364	0.626792	1.777947	11.845300
298.125000	122.797000	0.038949	0.004461	0.003483	0.286079	0.135625	0.002792	0.005911	0.006401	0.005834	0.624554	0.913905	0.692040	0.770298	0.007044	0.001488	0.005586	0.372961	1.204973	1.855464	1.451299	1.145563	0.317903	0.565651	1.698417	12.116700
303.750000	122.797000	0.065559	0.006175	0.006769	0.238235	0.266330	0.004518	0.002545	0.002962	0.000735	0.566716	0.905273	0.749821	0.812335	0.008627	0.002877	0.006117	0.221640	1.104502	1.832494	1.649887	1.242600	0.339466	0.487317	1.619215	12.142700
309.375000	122.797000	0.126063	0.010513	0.009067	0.204708	0.338258	0.004584	0.000000	0.000000	0.003496	0.537004	0.890241	0.790060	0.877803	0.019249	0.003125	0.002062	0.162434	0.987267	1.892141	1.768356	1.423477	0.375131	0.407424	1.547409	12.379900
315.000000	122.797000	0.164632	0.004726	0.003950	0.168020	0.435638	0.002849	0.000521	0.001337	0.003045	0.428050	0.809599	0.824977	0.874894	0.106130	0.002081	0.002242	0.076039	0.882529	1.870528	1.920144	1.524462	0.416890	0.375353	1.453063	12.351700
320.625000	122.797000	0.222776	0.008502	0.008454	0.101773	0.521810	0.002730	0.000618	0.001470	0.002263	0.356666	0.811422	0.956172	0.967985	0.164453	0.004021	0.002823	0.020899	0.877468	1.765133	1.880153	1.553935	0.447309	0.400458	1.378068	12.457400
326.250000	122.797000	0.254852	0.004311	0.003435	0.062003	0.534553	0.005019	0.001281	0.001360	0.001157	0.258190	0.708108	0.884195	1.109894	0.224842	0.008303	0.003315	0.005050	0.785291	1.665980	1.835739	1.708969	0.498445	0.355998	1.254001	12.174300
331.875000	122.797000	0.295888	0.002085	0.002540	0.036713	0.602370	0.010604	0.006350	0.006403	0.003163	0.135674	0.647487	0.966745	1.177174	0.350663	0.005490	0.005816	0.006139	0.709979	1.500542	1.768989	1.734121	0.572499	0.302209	1.097534	11.947200
337.500000	122.797000	0.321174	0.003139	0.003121	0.013261	0.709272	0.017342	0.000000	0.010618	0.004747	0.037676	0.572162	0.952674	1.388824	0.442577	0.006868	0.003028	0.000958	0.615743	1.324901	1.727302	1.717032	0.623251	0.324058	1.002437	11.822200
343.125000	122.797000	0.333970	0.003592	0.001979	0.011825	0.676912	0.045477	0.000000	0.007961	0.007289	0.010884	0.551952	0.931145	1.579303	0.448869	0.008581	0.001401	0.005841	0.506605	1.124141	1.821376	1.801912	0.655642	0.290027	0.887452	11.714100
348.750000	122.797000	0.369385	0.003002	0.000735	0.005563	0.760857	0.097119	0.000000	0.002129	0.001566	0.000577	0.425127	0.934528	1.660133	0.449928	0.012182	0.003961	0.001303	0.362092	0.959989	1.875855	1.864082	0.731851	0.261499	0.866797	11.650300
354.375000	122.797000	0.360157	0.003595	0.002348	0.004385	0.772381	0.128505	0.000892	0.000586	0.000000	0.003635	0.298088	0.922397	1.812905	0.593210	0.025432	0.004530	0.006067	0.197040	0.861132	1.901766	1.879870	0.767633	0.240460	0.771773	11.558800
2.812500	125.685000	0.313315	0.005313	0.003117	0.003405	0.796281	0.191417	0.001130	0.001334	0.000537	0.000000	0.112864	0.779333	1.866287	0.798649	0.188273	0.004977	0.005152	0.084145	0.658302	1.751097	1.921275	0.804172	0.347174	0.892361	11.529900
8.437500	125.685000	0.267945	0.008229	0.002545	0.003756	0.875300	0.315004	0.002874	0.004125	0.002223	0.001587	0.078373	0.725737	1.921151	0.890271	0.332433	0.003938	0.002643	0.022817	0.537862	1.734845	1.912928	0.869198	0.373632	0.789650	11.679100
14.062500	125.685000	0.297728	0.005596	0.003850	0.003879	0.847650	0.430885	0.005838	0.005529	0.002270	0.001965	0.034598	0.684180	1.856425	1.074024	0.452474	0.005911	0.004318	0.009187	0.456861	1.612881	1.851064	0.922023	0.366399	0.778500	11.714000
19.687500	125.685000	0.242715	0.005033	0.007407	0.001335	0.880229	0.505397	0.005700	0.004632	0.010241	0.001345	0.009329	0.622813	1.817350	1.229198	0.579584	0.007808	0.005931	0.006265	0.502162	1.455054	1.910813	1.008530	0.370973	0.695310	11.885100
25.312500	125.685000	0.206062	0.005343	0.005199	0.002866	0.848654	0.558690	0.055512	0.002204	0.005997	0.000000	0.004569	0.613546	1.768944	1.399534	0.691734	0.003412	0.006429	0.010979	0.429178	1.236188	1.773253	1.084482	0.388088	0.669440	11.770300
30.937500	125.685000	0.181759	0.021602	0.005234	0.006250	0.825203	0.673229	0.145405	0.003377	0.006513	0.005613	0.002280	0.548435	1.856074	1.589764	0.753381	0.004988	0.003896	0.007927	0.300968	1.093173	1.769046	1.293788	0.379991	0.563903	12.041800
36.562500	125.685000	0.146556	0.037159	0.003383	0.007470	0.792829	0.693437	0.219482	0.003046	0.001224	0.000612	0.000950	0.468376	1.895138	1.651594	0.831794	0.014020	0.003463	0.005075	0.232961	0.982363	1.749887	1.409329	0.425695	0.543734	12.119600
42.187500	125.685000	0.105669	0.086557	0.003432	0.006788	0.786193	0.778447	0.311822	0.002263	0.000000	0.002288	0.001694	0.390614	1.834982	1.799989	0.868081	0.082114	0.004355	0.003204	0.127706	0.969357	1.549671	1.501197	0.483068	0.503852	12.203300
47.812500	125.685000	0.079610	0.122971	0.005434	0.004077	0.740448	0.763649	0.414226	0.002772	0.001331	0.000737	0.002721	0.289384	1.747071	1.880673	0.948749	0.125755	0.005137	0.001973	0.084009	0.899906	1.539639	1.690319	0.485867	0.481285	12.317800
53.437500	125.685000	0.050306	0.156117	0.006017	0.008502	0.724981	0.836167	0.463635	0.002842	0.002257	0.001337	0.001429	0.236399	1.668649	1.873661	1.023656	0.195800	0.003794	0.002741	0.017361	0.802676	1.460822	1.646279	0.567457	0.389384	12.142300
59.062500	125.685000	0.021016	0.193499	0.004067	0.005412	0.652526	0.838894	0.550982	0.002752	0.003604	0.002842	0.002861	0.132265	1.607622	1.849990	1.120771	0.333973	0.004135	0.000626	0.005806	0.760566	1.259022	1.763470	0.579887	0.384370	12.081000
64.687500	125.685000	0.003325	0.245116	0.002071	0.004659	0.610598	0.852033	0.586954	0.004447	0.000745	0.007051	0.002996	0.065173	1.450304	1.858201	1.267165	0.424118	0.005043	0.001736	0.003576	0.662531	1.087743	1.851268	0.626424	0.367502	11.990800
70.312500	125.685000	0.009924	0.248055	0.000788	0.003858	0.494571	0.917828	0.646335	0.015973	0.001376	0.011000	0.004284	0.008146	1.225896	1.852195	1.440476	0.503353	0.008623	0.004133	0.003179	0.627361	0.992360	1.846823	0.724420	0.397718	11.988700
75.937500	125.685000	0.005582	0.259105	0.003258	0.004682	0.382665	0.855392	0.674958	0.019589	0.000000	0.004765	0.007847	0.002306	1.082161	1.883568	1.568479	0.432943	0.009362	0.001937	0.001614	0.478851	0.901048	1.943510	0.733925	0.377382	11.634900
81.562500	125.685000	0.006104	0.292867	0.004089	0.002121	0.326592	0.879750	0.752075	0.065497	0.000735	0.000000	0.000736	0.001471	0.880522	1.935887	1.656424	0.526080	0.024524	0.004627	0.002080	0.321973	0.898771	1.816230	0.756962	0.366631	11.522800
87.187500	125.685000	0.005002	0.316866	0.003897	0.005282	0.172657	0.831602	0.742119	0.110572	0.000000	0.001855	0.000823	0.000774	0.746726	1.832969	1.812272	0.609684	0.088372	0.005032	0.004137	0.209293	0.835960	1.922971	0.869324	0.323576	11.451800
92.812500	125.685000	0.003358	0.314730	0.003292	0.003566	0.101217	0.782577	0.780149	0.183735	0.001355	0.001476	0.000737	0.000000	0.677226	1.714737	1.846823	0.733574	0.181544	0.003660	0.003117	0.094556	0.860010	1.894052	0.831144	0.347160	11.363800
98.437500	125.685000	0.004879	0.302868	0.005350	0.003333	0.082893	0.687333	0.864600	0.283110	0.000000	0.000758	0.001422	0.001333	0.512104	1.670165	1.852037	0.948691	0.346910	0.005356	0.002252	0.024572	0.814455	1.938782	0.881997	0.367851	11.603000
104.062000	125.685000	0.004851	0.272743	0.003728	0.002365	0.035291	0.682192	0.890545	0.403456	0.001504	0.004898	0.005062	0.000758	0.406876	1.547013	1.861944	1.103093	0.475992	0.008074	0.001998	0.010350	0.732703	1.933184	0.957235	0.395440	11.741300
109.688000	125.685000	0.005149	0.247593	0.008785	0.003252	0.017214	0.602197	0.854202	0.523854	0.004921	0.006650	0.005266	0.001264	0.506950	1.435940	1.823661	1.211646	0.637938	0.002640	0.005253	0.009899	0.700610	1.818978	1.009797	0.379413	11.823100
115.312000	125.685000	0.007663	0.228117	0.007723	0.005959	0.006720	0.589043	0.820003	0.590724	0.049116	0.001281	0.005723	0.000619	0.441475	1.196773	1.775221	1.438756	0.686404	0.003244	0.005152	0.006812	0.650097	1.820268	1.079087	0.358376	11.774400
120.938000	125.685000	0.006235	0.193370	0.016538	0.006088	0.001927	0.517023	0.857518	0.672018	0.145198	0.004159	0.003662	0.002229	0.319111	1.120885	1.876364	1.541867	0.774432	0.003155	0.001118	0.003347	0.584881	1.732889	1.239954	0.380871	12.004800
126.562000	125.685000	0.006849	0.143916	0.044804	0.005429	0.004544	0.455874	0.830868	0.703168	0.237311	0.002092	0.000737	0.002567	0.214804	1.012312	1.955136	1.648213	0.784488	0.011544	0.003213	0.005005	0.547083	1.640432	1.421328	0.427891	12.109600
132.188000	125.685000	0.009302	0.132871	0.089528	0.008309	0.000742	0.399686	0.723680	0.741437	0.340521	0.002864	0.001741	0.000740	0.125037	0.939200	1.944234	1.798757	0.922797	0.074757	0.003467	0.007126	0.483216	1.608131	1.543971	0.460332	12.362400
137.812000	125.685000	0.008785	0.065411	0.116580	0.008202	0.003758	0.323163	0.798151	0.814533	0.449694	0.003288	0.002185	0.001360	0.078406	0.931268	1.801799	1.901460	0.901117	0.138419	0.003166	0.005346	0.451375	1.520786	1.623377	0.504769	12.456400
143.437000	125.685000	0.003523	0.043912	0.151806	0.005146	0.005719	0.231568	0.680446	0.777259	0.512497	0.002220	0.005259	0.000860	0.018256	0.827202	1.661897	1.890060	1.040480	0.227391	0.003515	0.002715	0.418070	1.349353	1.738725	0.537727	12.135600
149.062000	125.685000	0.005197	0.024751	0.171978	0.008521	0.004437	0.136095	0.669283	0.846760	0.528902	0.003056	0.006711	0.004309	0.003995	0.794569	1.563853	1.771839	1.150822	0.321614	0.008387	0.005450	0.397420	1.245937	1.687831	0.624260	11.986000
154.688000	125.685000	0.003308	0.011342	0.253025	0.006951	0.001776	0.061242	0.555500	0.885595	0.564196	0.007044	0.000949	0.008051	0.002921	0.700172	1.395802	1.826646	1.277310	0.442941	0.007244	0.007056	0.392222	1.117999	1.785547	0.633529	11.948400
160.312000	125.685000	0.003307	0.008185	0.249038	0.006258	0.003638	0.009394	0.522700	0.871547	0.641476	0.015165	0.001296	0.005667	0.001940	0.611071	1.263456	1.790772	1.402396	0.445746	0.006539	0.004108	0.348109	1.020342	1.889314	0.706866	11.828300
165.938000	125.685000	0.004546	0.007807	0.268645	0.004321	0.007421	0.001544	0.428485	0.858776	0.648380	0.039627	0.000000	0.003004	0.005883	0.474392	1.087975	1.803054	1.535240	0.460011	0.006219	0.002714	0.378982	0.919061	1.916366	0.762049	11.624500
171.562000	125.685000	0.002425	0.006464	0.291616	0.003358	0.001493	0.001895	0.308614	0.842921	0.735424	0.093486	0.000606	0.002269	0.005603	0.323223	0.904036	1.956233	1.756289	0.544933	0.024838	0.001239	0.334180	0.813494	2.000330	0.823511	11.778500
177.188000	125.685000	0.003583	0.007039	0.293732	0.004811	0.000000	0.003658	0.203346	0.856996	0.735638	0.102557	0.002888	0.000000	0.003339	0.207352	0.752979	1.808336	1.869646	0.642366	0.086735	0.005301	0.334588	0.825818	1.951789	0.844673	11.547200
182.812000	125.685000	0.002075	0.002645	0.284048	0.006910	0.000474	0.000915	0.097425	0.774428	0.812198	0.195025	0.001982	0.001500	0.002568	0.095132	0.668238	1.808607	1.920585	0.759269	0.166427	0.004854	0.325595	0.856810	1.904175	0.823344	11.515200
188.438000	125.685000	0.005804	0.005838	0.308265	0.006545	0.001883	0.001358	0.070592	0.704192	0.807685	0.296838	0.000840	0.000830	0.003558	0.016083	0.512447	1.685863	1.847388	0.952740	0.314723	0.003599	0.393731	0.831898	1.955860	0.852744	11.581300
194.062000	125.685000	0.003031	0.005571	0.285926	0.007738	0.006702	0.001504	0.035599	0.639096	0.905781	0.393617	0.004981	0.006988	0.002243	0.009276	0.460902	1.616104	1.885819	1.056926	0.471076	0.002462	0.382664	0.760217	1.913064	0.948674	11.806000
199.687000	125.685000	0.006146	0.003428	0.249190	0.003792	0.012230	0.000770	0.011938	0.626195	0.876856	0.523787	0.005656	0.008184	0.000965	0.006579	0.461685	1.476768	1.823265	1.228384	0.603983	0.003792	0.402227	0.703537	1.863211	1.028634	11.931200
205.312000	125.685000	0.006531	0.001908	0.220178	0.007890	0.011786	0.000000	0.006336	0.614960	0.896842	0.560135	0.066913	0.000000	0.008311	0.008998	0.449397	1.250495	1.790433	1.456117	0.713635	0.001485	0.372197	0.623257	1.785185	1.124010	11.977000
210.938000	125.685000	0.002346	0.005851	0.213630	0.022390	0.001436	0.005057	0.003262	0.534760	0.860788	0.667122	0.129649	0.002693	0.003549	0.006166	0.327416	1.125717	1.882471	1.566941	0.770709	0.006883	0.388061	0.556667	1.698598	1.251422	12.033600
216.562000	125.685000	0.002981	0.003525	0.169112	0.049803	0.002896	0.000000	0.002511	0.474502	0.835118	0.713182	0.224635	0.000605	0.004944	0.002068	0.217513	1.016535	1.878151	1.630151	0.811007	0.015373	0.405609	0.537051	1.670278	1.400903	12.068500
222.188000	125.685000	0.003730	0.005109	0.094258	0.077213	0.001498	0.001347	0.004083	0.412547	0.765280	0.752218	0.343914	0.007004	0.003329	0.003060	0.112469	0.938706	1.850103	1.736055	0.896604	0.078716	0.448319	0.540278	1.602092	1.536088	12.214000
227.812000	125.685000	0.003977	0.007353	0.079029	0.103019	0.001427	0.000758	0.001118	0.322428	0.783242	0.857103	0.408057	0.001994	0.002098	0.001293	0.066627	0.866189	1.800046	1.909490	0.966722	0.134547	0.508314	0.433621	1.597330	1.618378	12.474200
233.438000	125.685000	0.003144	0.004369	0.038797	0.151174	0.002686	0.000680	0.003340	0.220884	0.730797	0.844635	0.463807	0.000603	0.004602	0.003771	0.020079	0.855718	1.586507	1.845760	0.975156	0.171817	0.568448	0.422808	1.423115	1.641020	11.983700
239.062000	125.685000	0.005690	0.006900	0.027778	0.182900	0.005973	0.003554	0.003887	0.141903	0.694301	0.882545	0.539257	0.004956	0.003390	0.003717	0.003458	0.789027	1.548936	1.840750	1.102317	0.335598	0.603700	0.369549	1.254973	1.758630	12.113700
244.687000	125.685000	0.005929	0.001769	0.009737	0.228180	0.001385	0.012527	0.003612	0.044793	0.597320	0.861939	0.607458	0.008289	0.007692	0.004950	0.004000	0.678653	1.399308	1.778456	1.235023	0.418592	0.622681	0.356828	1.099394	1.790387	11.778900
250.312000	125.685000	0.001493	0.004245	0.007964	0.235456	0.000000	0.004530	0.004158	0.008032	0.519928	0.877376	0.617133	0.012164	0.008082	0.003272	0.005776	0.644528	1.260029	1.749107	1.508911	0.484959	0.764959	0.370137	1.002756	1.781034	11.876000
255.937000	125.685000	0.004196	0.001748	0.004890	0.280804	0.000000	0.004814	0.007785	0.002642	0.400790	0.863981	0.695816	0.032413	0.008631	0.004324	0.006163	0.457498	1.029893	1.900929	1.611456	0.440799	0.729428	0.363045	0.906265	1.872575	11.630900
261.562000	125.685000	0.002356	0.001307	0.002143	0.286506	0.000763	0.001603	0.000739	0.001995	0.294712	0.838544	0.674182	0.077484	0.025091	0.003285	0.002029	0.342332	0.946663	1.884202	1.656231	0.494432	0.835337	0.345415	0.831224	1.906052	11.454600
267.188000	125.685000	0.003939	0.003107	0.004049	0.292000	0.000609	0.000000	0.001352	0.002245	0.186298	0.789591	0.763184	0.113385	0.093801	0.002451	0.002947	0.201358	0.804033	1.880390	1.825753	0.695246	0.828627	0.331823	0.844608	1.878841	11.549600
272.812000	125.685000	0.006855	0.004257	0.002513	0.284736	0.000630	0.000745	0.000735	0.001523	0.098065	0.755817	0.850890	0.176315	0.191121	0.003573	0.007322	0.083020	0.676794	1.739776	1.854706	0.784621	0.877973	0.340321	0.878620	1.971060	11.592000
278.438000	125.685000	0.002262	0.001943	0.003195	0.292676	0.004329	0.001493	0.002357	0.000803	0.077940	0.762666	0.873182	0.288346	0.339541	0.003577	0.002629	0.024656	0.536158	1.668661	1.877133	0.971862	0.833380	0.357209	0.778966	1.875176	11.580100
284.062000	125.685000	0.005582	0.003081	0.004532	0.264604	0.000603	0.004507	0.005684	0.001202	0.031316	0.656445	0.832298	0.390052	0.440070	0.003849	0.001479	0.006971	0.440260	1.582944	1.836248	1.004197	0.948798	0.372675	0.716786	1.887504	11.441700
289.688000	125.685000	0.007844	0.002220	0.001505	0.247918	0.010646	0.004630	0.005965	0.000000	0.012349	0.629213	0.851832	0.494318	0.648989	0.002649	0.004362	0.006867	0.467129	1.431405	1.843916	1.214134	0.901872	0.383502	0.725757	1.849379	11.748400
295.312000	125.685000	0.008769	0.005630	0.003893	0.216674	0.047555	0.005432	0.007878	0.000708	0.004177	0.588606	0.941135	0.578975	0.674740	0.007053	0.003215	0.007128	0.441462	1.298821	1.773287	1.385420	1.098535	0.397450	0.616374	1.769023	11.882000
300.938000	125.685000	0.014684	0.006360	0.003104	0.180763	0.141072	0.002702	0.003743	0.004979	0.002345	0.559307	0.825647	0.682532	0.797488	0.004966	0.004091	0.004745	0.328591	1.095805	1.886158	1.578251	1.261510	0.378462	0.583686	1.831498	12.182500
306.562000	125.685000	0.041420	0.000758	0.005759	0.145563	0.204351	0.002871	0.000901	0.000000	0.002906	0.453406	0.801936	0.706261	0.839502	0.011013	0.006329	0.003916	0.210801	1.012575	1.898124	1.717643	1.418964	0.427439	0.547716	1.661694	12.121900
312.187000	125.685000	0.076677	0.002637	0.005699	0.131689	0.322021	0.004378	0.001340	0.001956	0.001967	0.421276	0.801348	0.737071	0.908319	0.079529	0.005030	0.002802	0.119945	0.960680	1.844957	1.752455	1.561603	0.476899	0.475919	1.618796	12.315000
317.812000	125.685000	0.121053	0.002450	0.005193	0.072971	0.414089	0.000601	0.000000	0.001886	0.001614	0.335668	0.772895	0.843603	0.935726	0.145422	0.002511	0.001304	0.083252	0.889642	1.717768	1.906629	1.605247	0.493462	0.470890	1.532424	12.356300
323.438000	125.685000	0.155016	0.004430	0.004854	0.040311	0.492197	0.005507	0.002147	0.001138	0.001345	0.215705	0.650048	0.856353	1.076661	0.211141	0.002489	0.004117	0.022435	0.840266	1.696811	1.916762	1.703348	0.552883	0.430108	1.414508	12.300600
329.062000	125.685000	0.218326	0.004355	0.004008	0.026024	0.499459	0.003421	0.007225	0.006001	0.005726	0.132518	0.675513	0.846401	1.134310	0.310218	0.004106	0.005108	0.004312	0.790896	1.543745	1.874317	1.731995	0.590588	0.361344	1.308140	12.088100
334.688000	125.685000	0.217182	0.004422	0.000583	0.006580	0.630402	0.004736	0.000746	0.006629	0.000000	0.053986	0.569127	0.899442	1.236584	0.419347	0.004237	0.006667	0.001913	0.722012	1.444434	1.828411	1.783884	0.643021	0.377633	1.119178	11.981100
340.312000	125.685000	0.253967	0.007716	0.003880	0.007203	0.635167	0.010324	0.001829	0.006494	0.003697	0.007519	0.528059	0.905003	1.471453	0.478126	0.009204	0.004961	0.004188	0.600186	1.270682	1.786452	1.829881	0.696168	0.393567	1.001971	11.917700
345.938000	125.685000	0.298729	0.000735	0.001662	0.008989	0.702065	0.037442	0.000735	0.004411	0.005159	0.002782	0.374508	0.928717	1.562406	0.438024	0.007595	0.004174	0.004088	0.485769	1.058717	1.817961	1.855124	0.745430	0.388794	0.928474	11.662500
351.562000	125.685000	0.284469	0.006367	0.001481	0.005612	0.730591	0.074506	0.000000	0.002186	0.001462	0.001948	0.311867	0.801830	1.696223	0.514076	0.024239	0.004460	0.008046	0.322808	0.924141	1.915202	1.917984	0.795988	0.371098	0.808493	11.525100
357.187000	125.685000	0.307716	0.002345	0.002954	0.002613	0.738830	0.090765	0.000758	0.001562	0.000758	0.001224	0.169888	0.840524	1.830684	0.651458	0.091406	0.003759	0.003544	0.175239	0.787176	1.907013	1.908144	0.841854	0.345268	0.807739	11.513200
0.000000	128.682000	0.219957	0.002884	0.003071	0.005640	0.717842	0.085577	0.000000	0.000737	0.001381	0.001506	0.089017	0.671010	1.847739	0.716990	0.153781	0.008123	0.005571	0.172962	0.714751	1.795024	1.978615	0.857256	0.432234	0.904538	11.386200
5.625000	128.682000	0.230619	0.004285	0.000671	0.003409	0.724866	0.195648	0.000000	0.000000	0.001452	0.000770	0.050157	0.669769	1.812487	0.815182	0.299337	0.004303	0.002133	0.076158	0.583089	1.760812	1.958348	0.829508	0.444817	0.839085	11.306900
11.250000	128.682000	0.188125	0.007693	0.002625	0.007653	0.789954	0.330309	0.000616	0.004420	0.006004	0.000606	0.021296	0.634822	1.825301	0.963612	0.428094	0.001871	0.001220	0.021521	0.475735	1.656910	1.994483	0.890629	0.478767	0.825162	11.557400
16.875000	128.682000	0.187867	0.003884	0.005174	0.005778	0.800320	0.428200	0.000617	0.005312	0.007408	0.004156	0.002204	0.624556	1.901653	1.150098	0.593892	0.001915	0.000736	0.010405	0.461618	1.476180	1.928400	1.012753	0.488968	0.799345	11.901400
22.500000	128.682000	0.165584	0.009124	0.004479	0.003762	0.786897	0.502244	0.007494	0.003754	0.008821	0.005272	0.003494	0.554193	1.864251	1.301128	0.605245	0.005699	0.004201	0.004337	0.493940	1.348120	1.939891	1.089674	0.417841	0.731282	11.860700
28.125000	128.682000	0.130284	0.006919	0.003176	0.005129	0.772915	0.600836	0.057917	0.001984	0.005302	0.003251	0.001124	0.560718	1.860983	1.436856	0.751995	0.003453	0.003247	0.005278	0.402450	1.170851	1.878807	1.237206	0.442559	0.687407	12.030700
33.750000	128.682000	0.102700	0.005271	0.003072	0.006422	0.757157	0.593598	0.121005	0.004726	0.002258	0.002920	0.001242	0.462095	1.844448	1.576249	0.771643	0.014197	0.004023	0.003820	0.291189	1.095401	1.779688	1.380048	0.479413	0.639852	11.942400
39.375000	128.682000	0.081381	0.020252	0.001579	0.003727	0.782994	0.651395	0.203629	0.001897	0.003702	0.002030	0.002015	0.388865	1.857398	1.739505	0.842697	0.056579	0.001636	0.005273	0.177870	0.919233	1.737017	1.483226	0.546838	0.628992	12.139700
45.000000	128.682000	0.041986	0.047991	0.002673	0.001359	0.730354	0.691652	0.306048	0.003847	0.003026	0.000769	0.001911	0.309071	1.735038	1.822315	0.908710	0.107659	0.000000	0.000000	0.112599	0.923712	1.602917	1.552725	0.557326	0.558859	12.022600
50.625000	128.682000	0.025659	0.080655	0.004700	0.003230	0.652547	0.749012	0.401956	0.000738	0.001581	0.001303	0.001812	0.237512	1.758392	1.785603	0.981226	0.208300	0.001359	0.002695	0.064702	0.867458	1.497103	1.738283	0.598596	0.526373	12.190800
56.250000	128.682000	0.008684	0.121289	0.003961	0.003859	0.581386	0.777448	0.450065	0.003781	0.003491	0.001856	0.002309	0.132686	1.594480	1.925516	1.057721	0.286675	0.006757	0.004232	0.013865	0.799439	1.494694	1.802455	0.639653	0.490495	12.206800
61.875000	128.682000	0.004955	0.123161	0.006417	0.002330	0.585689	0.784186	0.538633	0.003218	0.004417	0.002999	0.002839	0.059707	1.495803	1.888171	1.212890	0.409891	0.009676	0.007334	0.002750	0.792844	1.287195	1.838205	0.669391	0.503641	12.236300
67.500000	128.682000	0.005710	0.167523	0.003267	0.001417	0.482564	0.830462	0.564238	0.002087	0.006851	0.007594	0.005068	0.008631	1.352395	1.844188	1.303967	0.501351	0.006675	0.002487	0.004509	0.656246	1.155289	1.954345	0.697802	0.470804	12.035500
73.125000	128.682000	0.005198	0.174522	0.004546	0.001721	0.409725	0.815494	0.586674	0.005971	0.001230	0.001857	0.007032	0.001097	1.102061	1.906086	1.437150	0.455341	0.009838	0.003804	0.002652	0.579193	1.015321	2.016175	0.744680	0.480784	11.768200
78.750000	128.682000	0.005582	0.196979	0.004420	0.002687	0.286430	0.770288	0.608942	0.016230	0.000000	0.001428	0.003964	0.001386	0.949290	1.945421	1.661615	0.462022	0.015925	0.001984	0.005296	0.435775	0.920765	1.885559	0.764018	0.479034	11.425000
84.375000	128.682000	0.004243	0.197047	0.004463	0.002270	0.184968	0.769094	0.639918	0.050094	0.000758	0.000000	0.001347	0.001349	0.820088	1.885039	1.737752	0.610233	0.056847	0.000758	0.002304	0.298964	0.848330	1.959174	0.873685	0.451405	11.400100
90.000000	128.682000	0.008773	0.224189	0.003681	0.003489	0.088034	0.740220	0.688202	0.088646	0.001350	0.000607	0.001471	0.001836	0.710317	1.748734	1.844731	0.701645	0.172661	0.006915	0.005817	0.146555	0.870786	1.961515	0.882138	0.430040	11.332400
95.625000	128.682000	0.008161	0.196620	0.007916	0.000522	0.042880	0.690973	0.728397	0.182942	0.001984	0.000735	0.002061	0.001835	0.641479	1.707046	1.865993	0.865218	0.273044	0.006791	0.003011	0.066120	0.858409	2.018086	0.833567	0.413648	11.417400
101.250000	128.682000	0.002859	0.184757	0.005663	0.002142	0.017856	0.623776	0.787777	0.286612	0.001314	0.007819	0.001349	0.000758	0.480518	1.619090	1.899244	0.986679	0.440850	0.004759	0.004449	0.015415	0.819411	1.953564	0.905189	0.460502	11.512300
106.875000	128.682000	0.006243	0.180910	0.005052	0.003217	0.005427	0.609099	0.804997	0.416006	0.000614	0.005881	0.002998	0.001282	0.440350	1.484516	1.833772	1.138347	0.609128	0.003707	0.003998	0.007725	0.797160	1.917271	1.022761	0.471145	11.771600
112.500000	128.682000	0.007677	0.149790	0.013283	0.003553	0.005557	0.550001	0.816024	0.476515	0.008115	0.006646	0.011582	0.002807	0.533108	1.321904	1.885152	1.322832	0.670853	0.003098	0.002536	0.011628	0.763888	1.929893	1.110923	0.456231	12.063600
118.125000	128.682000	0.005357	0.143835	0.009141	0.003726	0.002333	0.533389	0.769554	0.573432	0.065235	0.002058	0.003726	0.001475	0.412575	1.140564	1.861017	1.484776	0.717806	0.003534	0.008011	0.006518	0.652110	1.844075	1.257823	0.448958	11.951000
123.750000	128.682000	0.006364	0.109095	0.009017	0.002986	0.000615	0.477043	0.775840	0.638074	0.147564	0.004330	0.005111	0.002256	0.294552	1.017300	1.889856	1.560381	0.816762	0.011660	0.001220	0.009985	0.607257	1.715585	1.381179	0.533039	12.017100
129.375000	128.682000	0.001904	0.078454	0.022494	0.005354	0.002725	0.405635	0.737572	0.668050	0.201807	0.003536	0.000766	0.001538	0.211459	1.014086	1.919906	1.710020	0.901371	0.051384	0.000590	0.004237	0.582068	1.694639	1.532231	0.489819	12.241700
135.000000	128.682000	0.001028	0.042970	0.054323	0.004263	0.007089	0.305316	0.676234	0.714527	0.327567	0.001427	0.001760	0.000742	0.118352	0.926712	1.805181	1.679575	0.869170	0.103983	0.000599	0.000606	0.552465	1.567767	1.657193	0.543875	11.962700
140.625000	128.682000	0.004593	0.028153	0.087208	0.003272	0.002272	0.209793	0.665966	0.761098	0.389876	0.001193	0.003291	0.000626	0.061780	0.882020	1.704818	1.827314	0.937058	0.189283	0.008221	0.004001	0.553302	1.548823	1.694356	0.601033	12.169300
146.250000	128.682000	0.004008	0.011609	0.094909	0.004340	0.004045	0.146943	0.604428	0.785155	0.433610	0.000648	0.001328	0.004316	0.017168	0.770101	1.555394	1.812668	1.036132	0.294546	0.006852	0.003927	0.454190	1.376270	1.762475	0.630443	11.815500
151.875000	128.682000	0.006047	0.007635	0.134543	0.006284	0.001326	0.051799	0.585598	0.783897	0.511416	0.001364	0.001480	0.006682	0.004219	0.744770	1.460584	1.825990	1.167809	0.432969	0.002567	0.004337	0.469387	1.260572	1.837933	0.688661	11.997900
157.500000	128.682000	0.004023	0.011771	0.167560	0.004635	0.006780	0.008650	0.525828	0.782697	0.594138	0.002859	0.005191	0.007204	0.002917	0.684103	1.251750	1.854955	1.317279	0.520673	0.008716	0.003581	0.441171	1.144749	1.879135	0.723256	11.953600
163.125000	128.682000	0.003139	0.005656	0.150665	0.004504	0.006716	0.000758	0.397517	0.813921	0.610952	0.004663	0.000735	0.005132	0.006080	0.570993	1.103885	1.835185	1.501820	0.433544	0.010251	0.003187	0.472154	1.017545	1.952060	0.767225	11.678300
168.750000	128.682000	0.001607	0.004006	0.220483	0.004179	0.004516	0.002634	0.295816	0.809341	0.643214	0.021048	0.003091	0.002889	0.003757	0.422330	0.977690	1.856708	1.623037	0.465718	0.013404	0.002941	0.482297	0.941667	1.935819	0.771164	11.509300
174.375000	128.682000	0.003588	0.002844	0.229047	0.005298	0.000716	0.000618	0.176117	0.781570	0.650894	0.041963	0.000901	0.002976	0.004505	0.271437	0.848929	1.808110	1.726849	0.626129	0.055815	0.000197	0.458646	0.880454	1.936487	0.837720	11.351800
180.000000	128.682000	0.002085	0.006170	0.201442	0.004856	0.000000	0.000000	0.086722	0.728112	0.704213	0.065343	0.000000	0.000000	0.005849	0.150245	0.743142	1.796393	1.752104	0.741270	0.188828	0.002618	0.452694	0.907305	1.860598	0.932545	11.332500
185.625000	128.682000	0.002219	0.005489	0.206215	0.004132	0.001493	0.000827	0.045215	0.689190	0.773172	0.180351	0.000605	0.000000	0.001333	0.054370	0.567258	1.729835	1.976941	0.805104	0.303686	0.007971	0.412422	0.883091	1.926624	0.848504	11.426100
191.250000	128.682000	0.001353	0.004209	0.211012	0.006398	0.003784	0.000735	0.020136	0.636126	0.728999	0.318352	0.000758	0.009440	0.001609	0.017559	0.471883	1.584166	1.864681	1.014646	0.417097	0.002853	0.469198	0.791652	1.943770	0.941400	11.461800
196.875000	128.682000	0.001860	0.003310	0.182308	0.006410	0.003757	0.004309	0.004503	0.583393	0.804826	0.427719	0.001467	0.007523	0.001679	0.014470	0.465610	1.491358	1.916310	1.120937	0.554110	0.002749	0.489681	0.737306	1.919703	0.981815	11.727100
202.500000	128.682000	0.004934	0.007408	0.156453	0.007516	0.008215	0.005882	0.002211	0.556654	0.779480	0.492006	0.009820	0.006620	0.005370	0.010431	0.480536	1.314949	1.836056	1.301072	0.647655	0.006927	0.462832	0.697736	1.917090	1.132229	11.850100
208.125000	128.682000	0.005972	0.003893	0.115630	0.009012	0.003379	0.002972	0.000608	0.535293	0.766910	0.544673	0.050306	0.000736	0.006184	0.005804	0.407992	1.147881	1.828908	1.445746	0.750189	0.002619	0.438347	0.704763	1.791349	1.249171	11.818300
213.750000	128.682000	0.002624	0.006284	0.114033	0.010485	0.001557	0.002975	0.002275	0.473224	0.839317	0.606352	0.111101	0.001217	0.005388	0.006100	0.292078	1.066995	1.929961	1.554534	0.783604	0.010968	0.487031	0.659887	1.723615	1.419055	12.110700
219.375000	128.682000	0.004464	0.002120	0.077022	0.019030	0.002573	0.002174	0.003477	0.389711	0.807272	0.659163	0.241340	0.002429	0.007729	0.005664	0.190561	0.966116	1.861039	1.632945	0.841742	0.064148	0.554497	0.605966	1.701482	1.530309	12.173000
225.000000	128.682000	0.001378	0.001316	0.048867	0.045677	0.000735	0.002665	0.004318	0.294703	0.704413	0.695512	0.292372	0.000758	0.001341	0.002261	0.111685	0.907672	1.798564	1.821014	0.906370	0.086005	0.547630	0.527946	1.641766	1.575333	12.020300
230.625000	128.682000	0.006431	0.003039	0.021815	0.065196	0.001611	0.001494	0.004235	0.222918	0.637288	0.700186	0.406186	0.005993	0.004863	0.002033	0.056849	0.820712	1.709817	1.906810	0.917926	0.187591	0.609038	0.541222	1.530637	1.730876	12.094800
236.250000	128.682000	0.002081	0.006686	0.010719	0.085512	0.003893	0.001519	0.002635	0.144069	0.613708	0.784563	0.429720	0.002043	0.005231	0.001450	0.013304	0.815141	1.581870	1.870483	1.067930	0.313251	0.621315	0.480739	1.400541	1.805316	12.063700
241.875000	128.682000	0.004164	0.002075	0.004605	0.136629	0.003738	0.003539	0.000533	0.052017	0.608919	0.769708	0.488093	0.002073	0.007401	0.004231	0.003012	0.735624	1.476882	1.827551	1.187624	0.415400	0.687585	0.443537	1.293438	1.849763	12.008100
247.500000	128.682000	0.008706	0.003301	0.007264	0.149089	0.005112	0.005174	0.005809	0.007830	0.509408	0.784270	0.569332	0.003174	0.007726	0.004983	0.001181	0.658871	1.285928	1.910237	1.277672	0.482347	0.751165	0.435192	1.096590	1.889506	11.859900
253.125000	128.682000	0.004519	0.002509	0.005933	0.188783	0.000857	0.004399	0.007771	0.002224	0.423708	0.768477	0.605270	0.007211	0.013206	0.005204	0.002375	0.601125	1.016081	1.894754	1.464350	0.445335	0.779211	0.494239	0.988125	1.895398	11.621100
258.750000	128.682000	0.004144	0.007032	0.011662	0.189063	0.001508	0.003587	0.003733	0.000757	0.296356	0.757990	0.620497	0.018220	0.020591	0.005498	0.001979	0.420953	1.009103	1.859004	1.629472	0.473706	0.792292	0.472849	0.951100	1.941440	11.492500
264.375000	128.682000	0.004061	0.000758	0.002127	0.216467	0.001346	0.000737	0.000000	0.000000	0.172508	0.774254	0.685627	0.057100	0.080154	0.003431	0.002004	0.294964	0.826703	1.863539	1.703721	0.634794	0.846164	0.422386	0.842819	1.919612	11.355300
270.000000	128.682000	0.009452	0.001496	0.008125	0.210916	0.001434	0.001469	0.002245	0.001305	0.087662	0.696441	0.712987	0.092671	0.142282	0.003566	0.002576	0.181712	0.735826	1.814929	1.846846	0.754628	0.871892	0.409561	0.847519	1.930922	11.368500
275.625000	128.682000	0.003733	0.000583	0.004262	0.205701	0.001489	0.000620	0.002112	0.000757	0.041040	0.679274	0.734236	0.181737	0.320491	0.001818	0.000900	0.070528	0.611483	1.693474	1.870076	0.865472	0.867438	0.414160	0.801913	1.988319	11.361600
281.250000	128.682000	0.006009	0.003023	0.004221	0.214771	0.001380	0.006772	0.002553	0.000869	0.020860	0.628082	0.796558	0.304215	0.433973	0.003833	0.003760	0.022845	0.458868	1.606084	1.902003	1.012306	0.936500	0.471952	0.782945	1.868933	11.493300
286.875000	128.682000	0.011307	0.004908	0.006136	0.158595	0.002085	0.004507	0.006495	0.003569	0.003018	0.588268	0.780475	0.407691	0.593759	0.003366	0.003136	0.004518	0.438119	1.454409	1.854355	1.127401	0.985396	0.465874	0.745046	1.991248	11.643700
292.500000	128.682000	0.008094	0.005626	0.003125	0.149488	0.007896	0.002960	0.005900	0.004299	0.002981	0.598617	0.777110	0.486799	0.667660	0.002949	0.002883	0.005754	0.486184	1.356014	1.863708	1.306941	1.127691	0.469259	0.760118	1.869544	11.971600
298.125000	128.682000	0.003572	0.003100	0.002373	0.122851	0.049535	0.001465	0.006715	0.004410	0.000964	0.522719	0.846327	0.608052	0.742754	0.003834	0.005020	0.006312	0.400302	1.217549	1.828840	1.494898	1.232399	0.464689	0.685373	1.914206	12.168300
303.750000	128.682000	0.006647	0.001203	0.003103	0.110063	0.126789	0.002128	0.003624	0.004432	0.001028	0.470147	0.813518	0.608285	0.780822	0.013522	0.004543	0.008894	0.310574	1.030953	1.910621	1.595136	1.466635	0.480462	0.626740	1.766739	12.146600
309.375000	128.682000	0.025092	0.003782	0.005066	0.091315	0.200580	0.004907	0.000758	0.001477	0.002143	0.391348	0.751361	0.641417	0.850442	0.063914	0.002840	0.004987	0.219504	0.978524	1.817802	1.723298	1.493880	0.567646	0.593500	1.723174	12.158800
315.000000	128.682000	0.049542	0.001496	0.000715	0.044889	0.300333	0.001489	0.001505	0.003706	0.001343	0.322863	0.666321	0.723505	0.945191	0.105785	0.000559	0.001479	0.099874	0.933781	1.853914	1.769170	1.634539	0.551188	0.562854	1.635161	12.211200
320.625000	128.682000	0.077340	0.005727	0.004861	0.018089	0.371934	0.001214	0.002441	0.002788	0.005493	0.211170	0.626064	0.721758	0.940936	0.163991	0.005428	0.002551	0.065922	0.856067	1.669170	1.886339	1.689256	0.595783	0.562441	1.580954	12.067700
326.250000	128.682000	0.089758	0.003967	0.002991	0.013498	0.467222	0.003113	0.003321	0.000402	0.005370	0.125640	0.609419	0.711797	1.028827	0.320033	0.004290	0.002841	0.013234	0.762205	1.564622	1.872779	1.793430	0.620411	0.456920	1.385307	11.861400
331.875000	128.682000	0.128507	0.006117	0.003294	0.008380	0.523132	0.001366	0.002109	0.005060	0.000729	0.047070	0.571077	0.802420	1.107499	0.434951	0.005088	0.007325	0.000758	0.735539	1.458967	1.822009	1.847626	0.642427	0.454582	1.255041	11.871100
337.500000	128.682000	0.152681	0.002346	0.000205	0.006553	0.559131	0.001433	0.003247	0.008105	0.003624	0.009334	0.489319	0.791733	1.327310	0.497503	0.005161	0.000758	0.003960	0.635634	1.296367	1.843317	1.875527	0.752432	0.442156	1.070981	11.778800
343.125000	128.682000	0.151364	0.002449	0.002940	0.005014	0.611641	0.006167	0.002806	0.006696	0.005175	0.002736	0.472558	0.765367	1.500971	0.423555	0.007881	0.007293	0.007353	0.544765	1.108953	1.855645	1.890083	0.732542	0.493011	1.059250	11.666200
348.750000	128.682000	0.185692	0.004324	0.001972	0.006733	0.673343	0.015421	0.000000	0.000747	0.004436	0.001367	0.315283	0.760166	1.544174	0.455216	0.020751	0.004219	0.002520	0.425327	0.972154	1.888477	1.882347	0.820158	0.469798	0.972254	11.426900
354.375000	128.682000	0.216032	0.001499	0.000810	0.003824	0.682151	0.046229	0.001493	0.002110	0.000000	0.000825	0.209085	0.733096	1.750441	0.636827	0.076538	0.001512	0.002788	0.301834	0.821505	1.884122	1.852670	0.856948	0.423799	0.833377	11.339500
2.812500	131.810000	0.119448	0.004683	0.002363	0.002845	0.659564	0.079730	0.000000	0.001516	0.003051	0.003424	0.027030	0.657007	1.782584	0.829495	0.261382	0.004843	0.005737	0.142851	0.676434	1.696709	1.879157	0.914658	0.504704	0.900747	11.160000
8.437500	131.810000	0.137157	0.006146	0.000486	0.005059	0.681397	0.174277	0.000542	0.000735	0.003021	0.000846	0.007470	0.605560	1.775888	0.897039	0.379024	0.002717	0.004619	0.061339	0.553778	1.606321	1.850985	0.979141	0.502972	0.869763	11.106300
14.062500	131.810000	0.127180	0.002931	0.001534	0.002980	0.718528	0.307413	0.002890	0.008695	0.009286	0.000740	0.001286	0.524783	1.813471	1.052853	0.538750	0.003413	0.002186	0.017159	0.426005	1.531112	2.006437	0.967795	0.518227	0.809971	11.395600
19.687500	131.810000	0.089911	0.007206	0.003045	0.004037	0.738105	0.409950	0.002076	0.007411	0.005090	0.004452	0.000710	0.502333	1.848553	1.192397	0.639009	0.001431	0.006328	0.009924	0.481010	1.414327	1.941542	1.080553	0.533059	0.761826	11.684300
25.312500	131.810000	0.084510	0.007029	0.003871	0.006887	0.710130	0.461223	0.009489	0.005920	0.008963	0.004417	0.001460	0.514734	1.835253	1.354465	0.715821	0.002422	0.005744	0.007259	0.494742	1.224494	1.949696	1.303809	0.500610	0.810000	12.023000
30.937500	131.810000	0.055829	0.011297	0.000383	0.005330	0.704110	0.520658	0.052922	0.001340	0.007737	0.003678	0.001570	0.467527	1.866683	1.519451	0.761006	0.010897	0.004005	0.007361	0.441596	1.119885	1.926783	1.402791	0.530724	0.716481	12.140000
36.562500	131.810000	0.035507	0.010348	0.004708	0.005018	0.632204	0.566654	0.108496	0.003393	0.002391	0.002108	0.001912	0.350372	1.859535	1.604580	0.835888	0.046453	0.004342	0.007574	0.284376	1.022927	1.789607	1.564204	0.563157	0.659241	11.965000
42.187500	131.810000	0.020579	0.010720	0.003513	0.005834	0.655189	0.647503	0.195122	0.002518	0.003916	0.006677	0.002639	0.262558	1.789743	1.663187	0.923361	0.102370	0.001494	0.001504	0.194073	0.984332	1.751889	1.653619	0.619048	0.642945	12.144300
47.812500	131.810000	0.011646	0.020545	0.001999	0.002233	0.613581	0.628405	0.278550	0.003257	0.001403	0.002210	0.001631	0.191433	1.693847	1.815585	0.974524	0.169492	0.002852	0.002496	0.100253	0.942883	1.679269	1.784043	0.666990	0.613067	12.202200
53.437500	131.810000	0.008675	0.029842	0.003623	0.005551	0.572820	0.702180	0.359454	0.002120	0.002171	0.004496	0.001130	0.108316	1.540963	1.836565	0.994212	0.260705	0.004714	0.004366	0.056772	0.835166	1.510471	1.810620	0.682295	0.577438	11.914700
59.062500	131.810000	0.010693	0.066196	0.004187	0.002891	0.539684	0.681577	0.442608	0.003695	0.003791	0.003704	0.002072	0.047130	1.475592	1.871964	1.087077	0.389239	0.003925	0.004119	0.011228	0.770168	1.404058	1.867667	0.739366	0.509681	11.942300
64.687500	131.810000	0.003889	0.091611	0.007103	0.004644	0.496160	0.678923	0.507506	0.001846	0.003762	0.005743	0.003628	0.005007	1.329810	1.868436	1.232433	0.485192	0.004158	0.007031	0.003571	0.713737	1.331913	1.864330	0.791771	0.539244	11.981400
70.312500	131.810000	0.002687	0.106066	0.001992	0.003287	0.382044	0.682710	0.561700	0.000000	0.005016	0.005729	0.006091	0.000781	1.220886	1.915190	1.396051	0.484528	0.012309	0.005576	0.004702	0.639469	1.148040	1.976636	0.804224	0.522061	11.887800
75.937500	131.810000	0.010596	0.124011	0.007270	0.003066	0.276356	0.740224	0.582173	0.000743	0.002089	0.005836	0.007804	0.001846	1.011185	1.889777	1.495181	0.467320	0.014383	0.003046	0.002550	0.560875	1.067072	1.844176	0.799872	0.545550	11.463000
81.562500	131.810000	0.006354	0.124812	0.008523	0.000000	0.186677	0.713936	0.615151	0.004101	0.000844	0.003499	0.002231	0.000000	0.910998	1.915134	1.567099	0.581476	0.085261	0.004770	0.002710	0.410089	0.961803	1.896835	0.858345	0.502012	11.362700
87.187500	131.810000	0.001900	0.123560	0.001638	0.002305	0.068991	0.659100	0.647705	0.023085	0.000736	0.001934	0.002211	0.003639	0.795014	1.781283	1.740330	0.658073	0.159829	0.004472	0.004726	0.275989	0.879773	1.931329	0.874942	0.518905	11.161500
92.812500	131.810000	0.005058	0.136705	0.002979	0.003746	0.031779	0.609614	0.664911	0.073213	0.000199	0.002991	0.002204	0.001473	0.670750	1.693814	1.858076	0.786327	0.279889	0.005035	0.005394	0.145908	0.946081	1.912521	0.855132	0.454905	11.148700
98.437500	131.810000	0.004888	0.112154	0.004891	0.003683	0.005574	0.607529	0.679149	0.180529	0.000000	0.005207	0.003774	0.001049	0.560734	1.609635	1.897909	0.899454	0.383970	0.001497	0.006450	0.082637	0.909740	1.822100	0.929030	0.513533	11.225100
104.062000	131.810000	0.006541	0.112612	0.004544	0.001459	0.001300	0.524406	0.734410	0.268356	0.000000	0.007510	0.003182	0.002985	0.458966	1.515742	1.942447	0.982371	0.556558	0.006532	0.001808	0.012770	0.813182	1.883761	0.977601	0.553019	11.372100
109.688000	131.810000	0.003835	0.084005	0.004574	0.002757	0.000893	0.551968	0.746079	0.398522	0.000189	0.008935	0.005073	0.003983	0.475061	1.327333	1.819849	1.203424	0.654012	0.005560	0.002245	0.007883	0.799484	1.892831	1.127010	0.514027	11.639500
115.312000	131.810000	0.003687	0.079262	0.005780	0.001818	0.001824	0.486177	0.667471	0.444024	0.003018	0.005948	0.006450	0.003123	0.467664	1.229764	1.959004	1.349805	0.737749	0.002247	0.001512	0.007427	0.754932	1.951732	1.267425	0.506251	11.944100
120.938000	131.810000	0.001105	0.056812	0.007743	0.005652	0.004264	0.502115	0.693755	0.542377	0.046695	0.000000	0.006129	0.004264	0.419745	1.125554	1.815438	1.488621	0.787763	0.009362	0.002093	0.005053	0.735475	1.894539	1.365707	0.544753	12.065000
126.562000	131.810000	0.002411	0.034801	0.007462	0.003857	0.003759	0.362873	0.707186	0.553432	0.129526	0.001321	0.004250	0.001468	0.283782	1.005468	1.797727	1.548246	0.829048	0.050503	0.000721	0.002447	0.642259	1.900759	1.563356	0.587033	12.023700
132.188000	131.810000	0.000160	0.028201	0.010882	0.002798	0.002372	0.295877	0.656176	0.633995	0.192876	0.002596	0.004654	0.003015	0.183396	0.948045	1.770358	1.694718	0.932192	0.102508	0.005926	0.003786	0.666808	1.798598	1.594729	0.595243	12.129900
137.812000	131.810000	0.003171	0.010602	0.020021	0.001917	0.001399	0.197392	0.606838	0.625488	0.280745	0.003005	0.002860	0.001561	0.091925	0.880768	1.757838	1.755011	0.906220	0.194072	0.002482	0.004368	0.630979	1.631124	1.785581	0.685605	12.081000
143.437000	131.810000	0.002111	0.011376	0.033672	0.002251	0.001119	0.117585	0.593276	0.677030	0.376698	0.002184	0.001494	0.002938	0.043182	0.840873	1.583385	1.845002	1.005578	0.254226	0.005442	0.006316	0.565889	1.597330	1.752364	0.687340	12.008700
149.062000	131.810000	0.002685	0.008206	0.069679	0.002861	0.002054	0.054452	0.536551	0.704284	0.413768	0.001485	0.007092	0.005045	0.009938	0.780252	1.485567	1.913109	1.015410	0.407501	0.006334	0.006104	0.508581	1.441482	1.890897	0.740561	12.013900
154.688000	131.810000	0.001522	0.001661	0.066722	0.005735	0.004522	0.007069	0.474979	0.747454	0.474092	0.000000	0.002208	0.005936	0.000000	0.685046	1.362755	1.797026	1.224742	0.525192	0.006754	0.003487	0.505208	1.260730	1.931182	0.771213	11.865200
160.312000	131.810000	0.000590	0.006906	0.099003	0.006157	0.007891	0.000533	0.398194	0.704035	0.560428	0.002895	0.007782	0.003642	0.000718	0.616513	1.168239	1.850759	1.403368	0.477145	0.010773	0.001621	0.530643	1.144296	1.887595	0.779522	11.669200
165.938000	131.810000	0.005203	0.004425	0.119609	0.002995	0.006980	0.000736	0.284412	0.713548	0.570331	0.000761	0.002824	0.003673	0.002402	0.589087	1.072612	1.842050	1.518626	0.452272	0.005850	0.005429	0.553022	1.039267	1.949775	0.827411	11.573300
171.562000	131.810000	0.000576	0.007106	0.144130	0.002834	0.001470	0.000000	0.196352	0.697092	0.562692	0.003935	0.001241	0.003912	0.001361	0.404294	0.913810	1.843781	1.603969	0.533890	0.060514	0.006810	0.544205	0.973533	1.881295	0.911194	11.300000
177.188000	131.810000	0.002055	0.008040	0.138785	0.004413	0.002984	0.000000	0.084073	0.647781	0.608053	0.020162	0.000959	0.003416	0.002546	0.261935	0.791608	1.783194	1.692762	0.682117	0.170242	0.005202	0.486237	0.866477	1.900205	0.863409	11.026600
182.812000	131.810000	0.003421	0.006277	0.124931	0.002030	0.002227	0.000000	0.030217	0.585006	0.691087	0.076370	0.002183	0.003554	0.003057	0.144111	0.700892	1.717146	1.831804	0.798607	0.273059	0.002705	0.485269	0.939062	1.878456	0.867995	11.169500
188.438000	131.810000	0.000832	0.003161	0.129057	0.003169	0.003041	0.001313	0.003100	0.590252	0.680477	0.166472	0.000604	0.001482	0.005963	0.060322	0.577066	1.597195	1.818933	0.883119	0.411394	0.001142	0.516236	0.853100	1.864647	0.935081	11.107200
194.062000	131.810000	0.001204	0.003516	0.133680	0.006405	0.007891	0.001538	0.001371	0.543974	0.675798	0.278888	0.001167	0.003393	0.002282	0.009500	0.453233	1.468388	1.833410	1.020197	0.564160	0.004650	0.529101	0.834532	1.976365	1.038919	11.393600
199.687000	131.810000	0.005102	0.004655	0.097062	0.005440	0.002326	0.001472	0.000591	0.542076	0.712055	0.378753	0.002013	0.004302	0.001334	0.006074	0.431797	1.361307	1.845828	1.176065	0.653844	0.002604	0.549448	0.739027	1.981963	1.158139	11.663300
205.312000	131.810000	0.003456	0.007949	0.081222	0.006290	0.007515	0.003589	0.003027	0.484421	0.720980	0.478349	0.005587	0.003527	0.003581	0.008968	0.473225	1.242193	1.901347	1.378883	0.723605	0.009392	0.492994	0.794332	1.874113	1.224708	11.933300
210.938000	131.810000	0.001959	0.002263	0.058244	0.008926	0.002080	0.003595	0.000608	0.418867	0.707202	0.531176	0.052617	0.001320	0.002959	0.004775	0.402284	1.090446	1.870766	1.491709	0.752646	0.014231	0.524825	0.681968	1.928524	1.424201	11.978200
216.562000	131.810000	0.003968	0.001446	0.037700	0.007320	0.003538	0.001477	0.001955	0.367116	0.676264	0.555246	0.113325	0.002703	0.001366	0.006020	0.283612	1.048157	1.856052	1.597556	0.851384	0.053835	0.570065	0.667603	1.829440	1.540024	12.077200
222.188000	131.810000	0.002612	0.002768	0.023794	0.010597	0.002827	0.001478	0.002025	0.287812	0.647689	0.604128	0.196249	0.002524	0.001359	0.002534	0.182096	0.974050	1.771783	1.776476	0.928902	0.096682	0.604914	0.663216	1.736949	1.710744	12.234200
227.812000	131.810000	0.000758	0.002889	0.006758	0.016215	0.001470	0.004123	0.001192	0.187104	0.625647	0.647495	0.285262	0.003230	0.004676	0.003152	0.095611	0.849366	1.695759	1.735976	0.910258	0.179613	0.642142	0.629234	1.667982	1.789403	11.985300
233.438000	131.810000	0.003018	0.004465	0.005995	0.033344	0.001370	0.001366	0.004742	0.116100	0.612456	0.616421	0.363054	0.003377	0.004449	0.001867	0.047381	0.831731	1.623105	1.770697	0.952070	0.285481	0.654014	0.556916	1.561705	1.768616	11.823700
239.062000	131.810000	0.001388	0.002250	0.009118	0.069824	0.006074	0.003710	0.002210	0.053662	0.506503	0.728861	0.398213	0.002059	0.006211	0.006235	0.009929	0.744913	1.479833	1.866095	1.040920	0.399093	0.705925	0.497972	1.438236	1.887334	11.866600
244.687000	131.810000	0.004889	0.002608	0.004777	0.081689	0.001435	0.004340	0.002505	0.006621	0.499000	0.694118	0.505910	0.001930	0.006067	0.004968	0.005189	0.728580	1.344818	1.884055	1.199703	0.497694	0.723386	0.516782	1.241854	1.927507	11.890400
250.312000	131.810000	0.001383	0.002718	0.006764	0.118422	0.005180	0.007156	0.007529	0.001816	0.376991	0.746508	0.523801	0.002791	0.009904	0.000765	0.003060	0.598692	1.235962	1.906855	1.304465	0.482637	0.796433	0.566291	1.169890	1.940784	11.816800
255.937000	131.810000	0.005415	0.001481	0.003575	0.097845	0.000899	0.003840	0.004476	0.001496	0.281701	0.719686	0.522497	0.002189	0.013234	0.002420	0.003033	0.511934	1.018328	1.854887	1.432627	0.440861	0.808319	0.508008	1.060632	1.964275	11.263700
261.562000	131.810000	0.002879	0.003842	0.008560	0.136939	0.002310	0.004334	0.002237	0.004101	0.172796	0.707253	0.540734	0.003772	0.067171	0.004891	0.005913	0.374719	0.876766	1.813244	1.650090	0.539575	0.852596	0.498971	0.941936	1.894686	11.110300
267.188000	131.810000	0.002216	0.001118	0.003947	0.124565	0.000208	0.003422	0.000520	0.001787	0.074138	0.652895	0.609734	0.026825	0.160261	0.001302	0.003715	0.249572	0.794984	1.800555	1.750543	0.681548	0.899284	0.495761	0.852427	1.889020	11.080400
272.812000	131.810000	0.003176	0.001211	0.001336	0.126956	0.001445	0.000602	0.000838	0.000746	0.025564	0.626024	0.614197	0.085739	0.255055	0.005731	0.004750	0.129970	0.660185	1.708652	1.831498	0.811528	0.835641	0.508440	0.922731	1.912295	11.074300
278.438000	131.810000	0.003895	0.003337	0.007944	0.117769	0.000769	0.002942	0.002155	0.000759	0.009543	0.566006	0.692670	0.188240	0.388506	0.001677	0.002700	0.066762	0.577734	1.655462	1.837108	0.923321	0.937890	0.513374	0.874482	1.927880	11.302900
284.062000	131.810000	0.002062	0.002725	0.002247	0.100685	0.000000	0.009124	0.005647	0.000000	0.000000	0.565453	0.715643	0.270773	0.533990	0.001337	0.005053	0.018074	0.462577	1.525717	1.874498	1.048851	1.027877	0.541057	0.836980	1.931273	11.481600
289.688000	131.810000	0.007109	0.002819	0.007198	0.088935	0.000735	0.006656	0.006056	0.002875	0.000735	0.514669	0.713720	0.396588	0.676888	0.003472	0.004452	0.016576	0.458545	1.365492	1.846054	1.196525	1.183699	0.543651	0.776358	1.922643	11.742400
295.312000	131.810000	0.009583	0.002450	0.003095	0.085426	0.012992	0.003506	0.002831	0.004681	0.001263	0.485822	0.697198	0.464395	0.739308	0.004781	0.005676	0.006861	0.469864	1.147531	1.900182	1.382083	1.302474	0.531425	0.718604	1.905091	11.887100
300.938000	131.810000	0.007503	0.002078	0.004182	0.064586	0.050671	0.003490	0.004363	0.005174	0.001388	0.414326	0.726625	0.543514	0.783035	0.017251	0.003443	0.004051	0.398709	1.086246	1.880684	1.481824	1.411851	0.479193	0.675451	1.845986	11.895600
306.562000	131.810000	0.006796	0.002629	0.002885	0.033004	0.115838	0.002728	0.003606	0.001603	0.004201	0.352053	0.670900	0.581045	0.821208	0.048678	0.002794	0.008074	0.318224	1.050812	1.817316	1.597432	1.603302	0.544462	0.683526	1.823027	12.096100
312.187000	131.810000	0.007258	0.001498	0.001921	0.020457	0.211452	0.003952	0.000758	0.002999	0.002092	0.275860	0.651425	0.605065	0.861140	0.110494	0.005133	0.005070	0.162883	0.978830	1.833353	1.736361	1.634845	0.599751	0.665076	1.716874	12.094500
317.812000	131.810000	0.015693	0.003261	0.001272	0.010306	0.283235	0.003065	0.004548	0.005547	0.003443	0.193918	0.571574	0.662908	1.027460	0.181055	0.002609	0.001763	0.095451	0.888659	1.671974	1.774429	1.661660	0.658613	0.641950	1.640918	12.005300
323.438000	131.810000	0.040873	0.002991	0.002055	0.004895	0.371827	0.002682	0.003069	0.001481	0.003515	0.105352	0.591286	0.703497	1.057461	0.278852	0.004876	0.002382	0.048791	0.800553	1.591336	1.810620	1.802410	0.710408	0.581436	1.538689	12.061300
329.062000	131.810000	0.058245	0.001348	0.000121	0.006757	0.420653	0.001502	0.007371	0.009519	0.000610	0.052361	0.528133	0.687073	1.066852	0.380886	0.003658	0.007151	0.015227	0.782634	1.490170	1.900804	1.827325	0.727236	0.529196	1.401966	11.906800
334.688000	131.810000	0.072278	0.004670	0.003541	0.007853	0.466703	0.003970	0.002086	0.008329	0.001643	0.007774	0.463585	0.671985	1.238574	0.486167	0.007714	0.007566	0.002291	0.750401	1.330070	1.860372	1.836350	0.781453	0.547467	1.282286	11.845100
340.312000	131.810000	0.096943	0.002068	0.003667	0.003965	0.552511	0.002704	0.005285	0.004507	0.008399	0.001472	0.397914	0.683504	1.443868	0.477060	0.006876	0.003918	0.002793	0.625956	1.219992	1.873865	1.990785	0.770995	0.542315	1.146389	11.867700
345.938000	131.810000	0.120770	0.006986	0.001213	0.005094	0.557427	0.004167	0.002501	0.005658	0.005297	0.001460	0.279467	0.691676	1.451412	0.486533	0.020749	0.004565	0.003010	0.570356	1.048108	1.929350	1.920415	0.840483	0.525579	1.064125	11.546400
351.562000	131.810000	0.115247	0.003712	0.000647	0.005490	0.597758	0.004821	0.001974	0.002215	0.004378	0.001481	0.184664	0.693020	1.645623	0.587990	0.065415	0.004093	0.002493	0.404308	0.924597	1.844855	1.912091	0.857922	0.530745	0.947282	11.342800
357.187000	131.810000	0.125638	0.000871	0.001366	0.006338	0.612069	0.024043	0.000000	0.001496	0.003578	0.001493	0.086450	0.639990	1.739505	0.639787	0.132722	0.002673	0.001203	0.278447	0.809037	1.745669	1.882121	0.921057	0.504069	0.919183	11.078800
3.000000	134.994000	0.068893	0.004272	0.002153	0.003380	0.654846	0.035713	0.001254	0.004230	0.003586	0.001356	0.003806	0.569357	1.712599	0.772891	0.322203	0.003220	0.003627	0.191209	0.680867	1.666127	1.807442	0.985010	0.566528	0.937602	11.002200
9.000000	134.994000	0.071084	0.002662	0.004280	0.003359	0.644297	0.116775	0.000229	0.003529	0.005129	0.001504	0.001587	0.556024	1.782414	0.935610	0.461552	0.002758	0.002995	0.088649	0.544138	1.556095	1.820992	1.015941	0.556711	0.913308	11.091600
15.000000	134.994000	0.057471	0.004872	0.000000	0.000947	0.616675	0.230283	0.000678	0.012155	0.003731	0.002761	0.000607	0.485603	1.902173	1.082908	0.546811	0.001759	0.008336	0.014925	0.464106	1.405223	1.899311	1.113852	0.614770	0.902899	11.372900
21.000000	134.994000	0.043812	0.002297	0.002328	0.000612	0.619266	0.314300	0.000123	0.007105	0.005148	0.006555	0.000756	0.419829	1.831691	1.149058	0.667905	0.002821	0.001971	0.005507	0.461310	1.295383	1.939223	1.284899	0.539742	0.822549	11.424200
27.000000	134.994000	0.024997	0.005520	0.002084	0.004371	0.633607	0.434003	0.004847	0.003492	0.007218	0.002087	0.000723	0.398318	1.813369	1.324064	0.751595	0.008299	0.007265	0.006780	0.499617	1.153604	1.897366	1.440034	0.566920	0.795675	11.785900
33.000000	134.994000	0.015455	0.007089	0.001639	0.002752	0.622143	0.478976	0.035221	0.003476	0.005134	0.005720	0.002656	0.319512	1.749084	1.454477	0.806908	0.036607	0.006657	0.008893	0.390523	1.020503	1.816660	1.553064	0.593855	0.710658	11.647700
39.000000	134.994000	0.006307	0.007939	0.001348	0.001559	0.618487	0.502427	0.088076	0.003406	0.007461	0.005062	0.001495	0.256758	1.776035	1.561343	0.896274	0.086670	0.003322	0.005411	0.325708	0.968779	1.820844	1.597805	0.671701	0.729055	11.943300
45.000000	134.994000	0.005355	0.004817	0.003626	0.003422	0.591126	0.533726	0.167537	0.002639	0.002917	0.007394	0.001492	0.165252	1.631440	1.651413	0.890877	0.161707	0.001436	0.002203	0.165516	0.887226	1.730163	1.732278	0.685228	0.769183	11.798000
51.000000	134.994000	0.007964	0.010282	0.002729	0.003234	0.525015	0.571829	0.255088	0.002532	0.007474	0.005176	0.000735	0.107069	1.562971	1.737175	0.989753	0.289376	0.001545	0.005132	0.085771	0.861562	1.618887	1.791428	0.667804	0.654521	11.765100
57.000000	134.994000	0.005262	0.020064	0.001914	0.005691	0.434485	0.638142	0.341336	0.002287	0.006349	0.005197	0.002607	0.035535	1.532955	1.791982	1.033656	0.363146	0.005103	0.006505	0.032636	0.804154	1.537174	1.852387	0.726390	0.588454	11.773400
63.000000	134.994000	0.009219	0.033116	0.001959	0.003338	0.407245	0.631365	0.404176	0.001393	0.001500	0.008218	0.004322	0.003614	1.332569	1.816275	1.142181	0.516655	0.005950	0.004611	0.005782	0.748791	1.377752	1.913720	0.805247	0.542079	11.721100
69.000000	134.994000	0.003550	0.035965	0.005029	0.000738	0.303069	0.687824	0.444526	0.002096	0.008087	0.009550	0.008785	0.000739	1.229979	1.862781	1.382117	0.481416	0.008819	0.003879	0.003609	0.678819	1.264349	1.953542	0.822832	0.529472	11.731600
75.000000	134.994000	0.006291	0.059692	0.005063	0.001919	0.197290	0.662534	0.511400	0.001318	0.003608	0.008051	0.011008	0.002218	1.022611	1.840241	1.443133	0.428658	0.020915	0.003525	0.004404	0.566624	1.109198	1.844188	0.865655	0.602030	11.221600
81.000000	134.994000	0.003463	0.062736	0.002102	0.002141	0.124123	0.581764	0.525000	0.001372	0.001456	0.006651	0.003442	0.000000	0.917985	1.837063	1.573297	0.615702	0.106880	0.005273	0.003030	0.468999	1.011971	1.881340	0.955934	0.581604	11.273300
87.000000	134.994000	0.002854	0.066204	0.001767	0.002827	0.026124	0.572565	0.588294	0.002005	0.000000	0.001917	0.005041	0.000867	0.810184	1.693112	1.719894	0.697875	0.210128	0.007758	0.003764	0.295399	0.912427	1.797840	0.942945	0.586336	10.948100
93.000000	134.994000	0.002024	0.067765	0.005194	0.001800	0.001757	0.581666	0.583277	0.034274	0.000000	0.002750	0.005698	0.001270	0.692685	1.598427	1.670233	0.754613	0.315460	0.002286	0.006545	0.194546	0.936393	1.852195	0.903477	0.587318	10.801600
99.000000	134.994000	0.000792	0.063228	0.002377	0.000539	0.002949	0.513188	0.635394	0.118583	0.000758	0.005222	0.003056	0.000195	0.560861	1.553007	1.807861	0.911149	0.468410	0.006584	0.004098	0.089406	0.874655	1.845025	0.985427	0.635832	11.088600
105.000000	134.994000	0.003919	0.053797	0.004112	0.002033	0.003308	0.516168	0.656176	0.224166	0.001202	0.007475	0.005612	0.004339	0.448270	1.477877	1.796223	1.060004	0.605376	0.002901	0.005360	0.016517	0.870436	1.919149	1.063801	0.626867	11.375100
111.000000	134.994000	0.005531	0.038086	0.003851	0.001410	0.000000	0.472677	0.618782	0.313049	0.002120	0.004316	0.006197	0.008574	0.507260	1.278645	1.819080	1.164054	0.641528	0.006590	0.002597	0.004984	0.841964	1.955543	1.243664	0.562360	11.502900
117.000000	134.994000	0.003673	0.018775	0.005275	0.002773	0.004018	0.388797	0.622385	0.415581	0.004822	0.004288	0.005071	0.000612	0.484920	1.172209	1.830707	1.379787	0.805814	0.012043	0.001774	0.008424	0.837346	1.921320	1.424088	0.549690	11.904200
123.000000	134.994000	0.004876	0.022444	0.010557	0.002559	0.001255	0.350560	0.644649	0.482889	0.026929	0.004115	0.008070	0.005062	0.400642	1.051328	1.844403	1.492941	0.816929	0.041446	0.006322	0.006357	0.752983	1.913041	1.506332	0.603501	12.000200
129.000000	134.994000	0.001730	0.005895	0.008030	0.002206	0.002229	0.232061	0.606317	0.494783	0.098248	0.001156	0.001852	0.005175	0.242395	0.996584	1.719419	1.569214	0.823492	0.088406	0.005716	0.002067	0.735625	1.838171	1.691834	0.675984	11.848600
135.000000	134.994000	0.000617	0.003348	0.006996	0.003158	0.002465	0.147981	0.565526	0.546619	0.163299	0.003403	0.001505	0.002976	0.172276	0.937638	1.699254	1.650090	0.928324	0.154011	0.000665	0.000000	0.693468	1.769555	1.784405	0.694012	11.931600
141.000000	134.994000	0.003464	0.012427	0.013010	0.003521	0.001448	0.105349	0.518246	0.600994	0.242595	0.001314	0.002174	0.002798	0.089322	0.856374	1.588079	1.754569	0.975764	0.280195	0.002492	0.004959	0.656906	1.678093	1.775526	0.729698	11.899300
147.000000	134.994000	0.004788	0.007681	0.015339	0.003709	0.002263	0.035157	0.448395	0.614768	0.354682	0.002347	0.005653	0.005002	0.033011	0.760417	1.503697	1.790240	1.025709	0.391156	0.004251	0.004809	0.578436	1.570809	1.847309	0.767101	11.776700
153.000000	134.994000	0.002277	0.005568	0.028492	0.002854	0.004492	0.003075	0.406919	0.682588	0.372024	0.000588	0.000000	0.011543	0.003914	0.771145	1.316317	1.880526	1.143177	0.515076	0.008221	0.003536	0.560023	1.406094	1.938307	0.826596	11.893300
159.000000	134.994000	0.002050	0.003695	0.036175	0.001253	0.009734	0.000577	0.295557	0.656565	0.456747	0.000885	0.004256	0.003099	0.000576	0.707167	1.161623	1.885072	1.313603	0.497150	0.007100	0.007212	0.560161	1.272255	1.892831	0.812405	11.587800
165.000000	134.994000	0.003545	0.006136	0.060593	0.005759	0.014531	0.000518	0.204111	0.605288	0.483910	0.001816	0.002294	0.004444	0.003756	0.566768	1.025744	1.772054	1.441064	0.470921	0.023847	0.003820	0.634984	1.096258	1.836395	0.890708	11.159300
171.000000	134.994000	0.001156	0.008166	0.053928	0.002370	0.002239	0.004227	0.128948	0.624185	0.541224	0.002674	0.001343	0.004303	0.002939	0.463186	0.934038	1.772100	1.495000	0.588476	0.099202	0.005056	0.555593	1.044515	1.877110	0.936039	11.148000
177.000000	134.994000	0.001479	0.001668	0.067252	0.002950	0.003386	0.000988	0.043762	0.584989	0.526913	0.003582	0.002359	0.002940	0.006032	0.356579	0.752915	1.705508	1.653924	0.671004	0.213013	0.005827	0.544028	0.922221	1.781634	0.937458	10.792400
183.000000	134.994000	0.000711	0.003753	0.063394	0.004504	0.006340	0.001985	0.003950	0.576747	0.579773	0.027125	0.001506	0.005216	0.005293	0.186130	0.699171	1.705598	1.789788	0.816666	0.281687	0.001953	0.569703	0.901022	1.934598	0.875672	11.042300
189.000000	134.994000	0.001175	0.001318	0.059641	0.004531	0.003493	0.001432	0.001521	0.530913	0.636540	0.104609	0.000000	0.002322	0.005171	0.084382	0.532944	1.563967	1.809998	0.967961	0.474736	0.002646	0.624730	0.905997	1.824079	0.995482	11.139600
195.000000	134.994000	0.003166	0.001205	0.041077	0.005599	0.001340	0.002543	0.000274	0.470480	0.611984	0.226322	0.001370	0.008713	0.001723	0.024643	0.478502	1.458006	1.794040	1.046233	0.559098	0.004169	0.593607	0.878813	1.875776	1.101177	11.189900
201.000000	134.994000	0.003541	0.006045	0.040636	0.004992	0.006470	0.002857	0.001271	0.468174	0.662007	0.324114	0.000721	0.008247	0.006354	0.007736	0.485536	1.244998	1.880141	1.169766	0.671325	0.001165	0.607888	0.797129	1.923028	1.211996	11.536100
207.000000	134.994000	0.000617	0.005239	0.030919	0.003232	0.007850	0.000670	0.001344	0.364694	0.640811	0.415325	0.005304	0.005726	0.002913	0.004682	0.504334	1.086090	1.873197	1.409430	0.760863	0.005829	0.570083	0.809253	1.953214	1.425784	11.887400
213.000000	134.994000	0.005288	0.002814	0.010673	0.009599	0.005735	0.005489	0.002706	0.332141	0.574243	0.481209	0.028658	0.001214	0.005238	0.010457	0.422725	1.033656	1.801403	1.465459	0.782571	0.035386	0.603280	0.757256	1.980199	1.453018	11.810400
219.000000	134.994000	0.006765	0.002402	0.007432	0.008171	0.005912	0.002862	0.003284	0.246092	0.585205	0.525381	0.110653	0.002571	0.004659	0.007206	0.291484	0.944862	1.757589	1.588610	0.836601	0.086155	0.647296	0.736118	1.839053	1.576633	11.823000
225.000000	134.994000	0.003576	0.001367	0.004960	0.007645	0.006411	0.004415	0.000121	0.170250	0.565480	0.576937	0.174610	0.001222	0.000758	0.000000	0.178574	0.849720	1.693486	1.705791	0.899689	0.164567	0.693830	0.687659	1.718638	1.745544	11.855300
231.000000	134.994000	0.002294	0.004427	0.013067	0.008726	0.002228	0.005890	0.001362	0.112435	0.507473	0.603665	0.217279	0.001332	0.004639	0.006520	0.072903	0.844714	1.625446	1.728534	0.936975	0.262101	0.725156	0.656267	1.628206	1.849277	11.820900
237.000000	134.994000	0.002886	0.001158	0.010766	0.014027	0.010023	0.007322	0.002722	0.033040	0.465056	0.674885	0.301714	0.000628	0.004571	0.002084	0.029851	0.810909	1.509080	1.786316	1.042165	0.396054	0.733850	0.620014	1.613684	1.839675	11.912500
243.000000	134.994000	0.005195	0.000758	0.007144	0.025372	0.001406	0.006584	0.005904	0.003616	0.392246	0.599947	0.370275	0.001697	0.012282	0.002238	0.012938	0.765148	1.324426	1.823638	1.166531	0.516603	0.831296	0.591055	1.371769	1.872044	11.710100
249.000000	134.994000	0.003340	0.001976	0.007309	0.039462	0.004582	0.008633	0.009016	0.003058	0.310166	0.626590	0.439271	0.000000	0.009017	0.003619	0.004740	0.682736	1.134004	1.811785	1.269167	0.468681	0.798854	0.596896	1.243358	1.868753	11.345000
255.000000	134.994000	0.002137	0.002806	0.002350	0.035889	0.002665	0.006739	0.011017	0.000758	0.221704	0.678385	0.468446	0.000000	0.021840	0.007162	0.002318	0.559171	1.038429	1.850600	1.459295	0.476608	0.844407	0.635954	1.151602	1.832810	11.313100
261.000000	134.994000	0.003162	0.002564	0.001563	0.054655	0.001240	0.007141	0.005765	0.002044	0.115976	0.619719	0.522086	0.002236	0.097489	0.002950	0.001369	0.447787	0.913813	1.752285	1.587683	0.559494	0.929899	0.560070	1.086014	1.862589	11.139600
267.000000	134.994000	0.000542	0.001698	0.003970	0.065270	0.000000	0.003724	0.006964	0.002071	0.026599	0.627906	0.600472	0.001609	0.183245	0.003162	0.003899	0.339652	0.797101	1.725978	1.667157	0.695065	0.965618	0.550734	0.928026	1.762712	10.963200
273.000000	134.994000	0.001367	0.001191	0.003633	0.066880	0.000000	0.004865	0.003476	0.000631	0.005220	0.553883	0.603252	0.026889	0.305604	0.005127	0.003164	0.191239	0.663911	1.701414	1.811966	0.796453	0.923422	0.603708	0.954570	1.819917	11.051800
279.000000	134.994000	0.004967	0.001895	0.002492	0.051256	0.001312	0.003702	0.004323	0.000745	0.002630	0.498441	0.606974	0.123047	0.433207	0.003514	0.007591	0.085568	0.603367	1.595645	1.791971	0.924102	1.007308	0.624184	0.912723	1.851516	11.142500
285.000000	134.994000	0.005735	0.002716	0.004795	0.052144	0.001286	0.004982	0.002986	0.003491	0.002044	0.490277	0.618730	0.206261	0.567527	0.003626	0.007019	0.020162	0.467933	1.440645	1.845873	0.977101	1.164869	0.599921	0.854614	1.978615	11.323400
291.000000	134.994000	0.007874	0.002851	0.001509	0.032752	0.002182	0.008687	0.007765	0.005742	0.005269	0.434306	0.625312	0.326580	0.659192	0.004903	0.004652	0.007905	0.486820	1.264145	1.895342	1.250947	1.244229	0.562585	0.834653	1.867757	11.544000
297.000000	134.994000	0.008496	0.003622	0.004390	0.023457	0.003556	0.005231	0.005563	0.000000	0.002489	0.388150	0.642310	0.400155	0.735905	0.006320	0.005541	0.008542	0.493147	1.157099	1.841270	1.398245	1.368342	0.613575	0.810010	1.958020	11.883400
303.000000	134.994000	0.003279	0.003125	0.002811	0.010742	0.028207	0.001342	0.004447	0.003580	0.000133	0.322381	0.626694	0.494508	0.777526	0.037656	0.003325	0.006140	0.391057	1.076585	1.791055	1.481869	1.460686	0.601706	0.782855	1.847275	11.759000
309.000000	134.994000	0.007602	0.005364	0.003366	0.008993	0.104096	0.002635	0.007692	0.006488	0.003518	0.243327	0.590076	0.477889	0.843101	0.099624	0.004382	0.003807	0.267104	1.000125	1.696449	1.546007	1.619904	0.669926	0.756075	1.760473	11.728000
315.000000	134.994000	0.008798	0.004108	0.002245	0.006258	0.177740	0.000000	0.001566	0.002903	0.003425	0.169081	0.540067	0.567003	0.922888	0.160919	0.000000	0.001493	0.164790	0.887865	1.611863	1.718774	1.748598	0.746421	0.699325	1.710145	11.856300
321.000000	134.994000	0.006758	0.001500	0.004776	0.006424	0.258829	0.001517	0.002245	0.006627	0.002522	0.101986	0.526140	0.596806	0.979495	0.256826	0.004670	0.003303	0.075366	0.827582	1.524156	1.737763	1.733895	0.693522	0.679913	1.601390	11.634000
327.000000	134.994000	0.014246	0.001337	0.004064	0.012165	0.333595	0.005663	0.001331	0.005842	0.000735	0.038034	0.464678	0.602802	1.043470	0.425532	0.005582	0.006568	0.028964	0.816322	1.458107	1.798270	1.938884	0.746868	0.605473	1.579291	11.937800
333.000000	134.994000	0.026653	0.004044	0.003681	0.008377	0.411621	0.003461	0.000000	0.010395	0.005901	0.006312	0.403808	0.661012	1.145020	0.526452	0.007473	0.004646	0.009584	0.757775	1.395791	1.830345	1.952682	0.752746	0.541314	1.400937	11.870000
339.000000	134.994000	0.030189	0.003596	0.000871	0.002230	0.474266	0.001017	0.003553	0.005904	0.006982	0.001515	0.318884	0.652177	1.295937	0.457455	0.004117	0.002854	0.003511	0.662591	1.233609	1.818933	1.937697	0.807546	0.602571	1.258310	11.586300
345.000000	134.994000	0.051804	0.002104	0.003956	0.005290	0.550392	0.004087	0.005075	0.006157	0.005117	0.000869	0.209685	0.639014	1.447114	0.436041	0.020033	0.002844	0.003012	0.581341	1.033804	1.835807	1.821591	0.865469	0.603427	1.139671	11.273700
351.000000	134.994000	0.060317	0.000878	0.002774	0.006728	0.554089	0.001936	0.000000	0.002084	0.002181	0.002399	0.113346	0.619953	1.564487	0.571758	0.108276	0.004716	0.006254	0.444202	0.939772	1.828026	1.883466	0.901691	0.604626	0.997020	11.221000
357.000000	134.994000	0.069913	0.006109	0.003045	0.001996	0.589392	0.006709	0.000781	0.003368	0.006235	0.000758	0.029735	0.578342	1.614023	0.711874	0.193757	0.004094	0.001213	0.331294	0.800176	1.747727	1.881216	0.973321	0.585810	0.909559	11.050500
3.214290	138.141000	0.023316	0.002811	0.002094	0.003644	0.526836	0.021863	0.000736	0.005753	0.002883	0.000627	0.006158	0.447839	1.632232	0.808157	0.385084	0.005069	0.010407	0.218860	0.687739	1.545204	1.752466	0.928641	0.671872	1.007151	10.697400
9.642860	138.141000	0.013848	0.000576	0.000000	0.002478	0.515561	0.064702	0.000743	0.008586	0.003671	0.001412	0.003879	0.419006	1.716897	0.921316	0.526727	0.003362	0.002077	0.124691	0.583634	1.474235	1.900567	1.084380	0.651726	0.927032	10.951100
16.071400	138.141000	0.019232	0.003797	0.000000	0.001693	0.535595	0.149813	0.004394	0.012269	0.003417	0.005235	0.001946	0.399424	1.710405	1.088560	0.624093	0.000000	0.006476	0.034126	0.460814	1.354261	1.791722	1.219144	0.622358	0.904552	10.953300
22.500000	138.141000	0.013025	0.006102	0.000610	0.002101	0.565924	0.242321	0.000129	0.008310	0.004354	0.009618	0.000758	0.349739	1.727121	1.184774	0.645436	0.006498	0.005550	0.015957	0.490067	1.235136	1.862555	1.327265	0.627570	0.920010	11.250900
28.928600	138.141000	0.009740	0.004227	0.000735	0.003576	0.547646	0.337862	0.000715	0.006528	0.006585	0.000758	0.000000	0.260270	1.757261	1.282354	0.780955	0.026226	0.006461	0.004604	0.500483	1.088823	1.880854	1.479698	0.599388	0.852011	11.437700
35.357100	138.141000	0.005898	0.005530	0.002307	0.002392	0.549471	0.446934	0.018320	0.002268	0.001302	0.003665	0.002136	0.225009	1.701346	1.463875	0.829963	0.077525	0.007574	0.008400	0.396976	0.982817	1.911492	1.673671	0.620081	0.802553	11.741500
41.785700	138.141000	0.009229	0.003663	0.002516	0.004404	0.514700	0.431974	0.072876	0.004885	0.006628	0.004363	0.005113	0.138942	1.652273	1.571261	0.933235	0.170469	0.005870	0.002985	0.271334	0.937093	1.832392	1.771455	0.721979	0.737543	11.807200
48.214300	138.141000	0.004488	0.006044	0.003579	0.004086	0.455904	0.499130	0.139762	0.003778	0.006176	0.006617	0.002803	0.080986	1.530049	1.598552	0.968541	0.266292	0.005834	0.003600	0.169544	0.858020	1.771036	1.861899	0.765015	0.779174	11.790900
54.642900	138.141000	0.005066	0.006625	0.000608	0.000696	0.376380	0.512870	0.214634	0.000000	0.002882	0.004299	0.001203	0.025851	1.520051	1.749718	0.986147	0.395161	0.006129	0.006296	0.074379	0.882088	1.644661	1.923005	0.777569	0.632968	11.749300
61.071400	138.141000	0.005807	0.005654	0.003331	0.002615	0.314081	0.565757	0.290996	0.001080	0.004576	0.003843	0.010716	0.007943	1.374709	1.779360	1.082122	0.500659	0.006972	0.003585	0.033317	0.764760	1.496436	1.961945	0.816254	0.568011	11.604500
67.500000	138.141000	0.004897	0.008795	0.002502	0.001726	0.279873	0.553666	0.365296	0.000528	0.009547	0.007412	0.005222	0.000736	1.215921	1.749084	1.213648	0.501685	0.015906	0.001425	0.006547	0.692997	1.392217	1.883116	0.900863	0.612752	11.426400
73.928600	138.141000	0.005246	0.013017	0.005688	0.001275	0.165860	0.542140	0.442083	0.001351	0.005844	0.008015	0.008636	0.003127	1.032077	1.757600	1.329923	0.482913	0.033678	0.005387	0.004073	0.644007	1.222808	1.813176	0.932528	0.647552	11.108000
80.357100	138.141000	0.001879	0.016926	0.005976	0.000627	0.064411	0.507801	0.475912	0.002002	0.003945	0.004217	0.003461	0.002015	0.942241	1.740217	1.462812	0.607225	0.145563	0.004303	0.003617	0.505926	1.113984	1.714284	0.933117	0.693998	10.956500
86.785700	138.141000	0.001973	0.021593	0.001095	0.000167	0.017014	0.530519	0.485571	0.002782	0.002114	0.001510	0.006373	0.001561	0.830012	1.618830	1.614747	0.681955	0.241861	0.005151	0.003450	0.361966	0.970026	1.769080	0.989072	0.612462	10.770900
93.214300	138.141000	0.000805	0.023578	0.002271	0.000769	0.004214	0.498515	0.524417	0.014617	0.001455	0.006676	0.008227	0.000747	0.686171	1.602159	1.640579	0.831191	0.332934	0.003611	0.002404	0.242010	0.977826	1.696833	0.968489	0.627783	10.698300
99.642900	138.141000	0.001382	0.024415	0.001228	0.001153	0.000000	0.427921	0.528001	0.065792	0.000597	0.005291	0.002162	0.000737	0.573011	1.551062	1.789788	0.912176	0.516336	0.005397	0.009410	0.132785	0.967574	1.829462	1.118276	0.647820	11.111800
106.071000	138.141000	0.001025	0.018361	0.003266	0.000227	0.001650	0.404806	0.540493	0.163610	0.003795	0.013582	0.005942	0.004474	0.455115	1.351264	1.677539	1.050050	0.588497	0.004232	0.003248	0.029203	0.963605	1.833738	1.219359	0.707506	11.044600
112.500000	138.141000	0.003779	0.011779	0.004173	0.004417	0.002338	0.354660	0.563854	0.262523	0.002253	0.008762	0.007933	0.010110	0.466109	1.228656	1.829112	1.164722	0.713963	0.001715	0.004354	0.016822	0.865640	1.894686	1.383678	0.574326	11.380400
118.929000	138.141000	0.004817	0.006782	0.002718	0.000735	0.000751	0.267143	0.551730	0.333978	0.006122	0.006658	0.006377	0.003644	0.500452	1.122350	1.732934	1.394083	0.762762	0.018090	0.002388	0.002754	0.837651	1.936701	1.454183	0.592250	11.548000
125.357000	138.141000	0.001869	0.005859	0.009173	0.000990	0.000198	0.208107	0.515254	0.382568	0.023289	0.002043	0.002240	0.004741	0.370189	1.049936	1.695374	1.454975	0.821409	0.077052	0.006961	0.007019	0.778930	1.872372	1.614464	0.633145	11.538200
131.786000	138.141000	0.002735	0.007527	0.008510	0.005702	0.002975	0.151353	0.519092	0.439906	0.074796	0.000812	0.002311	0.007455	0.276134	0.953560	1.684166	1.488734	0.907435	0.148649	0.005134	0.005938	0.779484	1.804717	1.726374	0.704707	11.708200
138.214000	138.141000	0.002569	0.013507	0.007019	0.004703	0.002534	0.082282	0.423975	0.469870	0.140512	0.003845	0.005833	0.007326	0.159369	0.903544	1.591065	1.666862	0.918954	0.279994	0.004130	0.004522	0.738653	1.779587	1.851833	0.751260	11.813800
144.643000	138.141000	0.006682	0.008477	0.013441	0.000543	0.003564	0.022404	0.402166	0.498689	0.208620	0.001953	0.007153	0.007900	0.081008	0.841899	1.491584	1.692275	1.005147	0.375570	0.005850	0.005844	0.696021	1.615335	1.877925	0.787532	11.657600
151.071000	138.141000	0.001341	0.010499	0.011172	0.005629	0.006293	0.006309	0.349742	0.554040	0.269665	0.000606	0.002262	0.005153	0.036174	0.764358	1.355585	1.799175	1.089418	0.494163	0.007918	0.007391	0.668707	1.516296	1.925301	0.802262	11.689500
157.500000	138.141000	0.003464	0.003699	0.010594	0.001117	0.010273	0.000000	0.248244	0.541349	0.344672	0.002308	0.011489	0.007137	0.001242	0.689392	1.217572	1.832086	1.268296	0.490102	0.019710	0.002381	0.612614	1.380251	1.872847	0.840159	11.411000
163.929000	138.141000	0.002217	0.003395	0.008941	0.004473	0.011695	0.003394	0.145982	0.532737	0.398258	0.000751	0.006555	0.002843	0.008762	0.599094	1.034550	1.771455	1.363343	0.482623	0.033377	0.008774	0.682478	1.214733	1.864455	0.932759	11.117600
170.357000	138.141000	0.001403	0.001948	0.024045	0.002056	0.005225	0.002087	0.061655	0.528344	0.478189	0.002070	0.002952	0.004265	0.001744	0.497779	0.916700	1.705677	1.479008	0.558153	0.110515	0.005080	0.648930	1.143041	1.785185	0.970453	10.936500
176.786000	138.141000	0.003168	0.004526	0.016376	0.002307	0.006798	0.000000	0.017468	0.493075	0.494600	0.004505	0.001343	0.004410	0.004029	0.386394	0.786749	1.628975	1.631169	0.693479	0.253369	0.002989	0.660438	0.955347	1.825368	0.925203	10.802100
183.214000	138.141000	0.001973	0.003834	0.023198	0.000607	0.005868	0.002259	0.003143	0.484989	0.510326	0.018336	0.001497	0.004426	0.003820	0.219876	0.694807	1.598495	1.671228	0.823844	0.363282	0.003001	0.625706	0.957757	1.772710	0.969010	10.764000
189.643000	138.141000	0.002802	0.001582	0.022421	0.002752	0.005694	0.002665	0.001479	0.462846	0.559593	0.058617	0.002090	0.003580	0.003705	0.129859	0.562535	1.464283	1.684313	0.914029	0.537658	0.003025	0.628657	0.948561	1.736474	1.114079	10.853300
196.071000	138.141000	0.003163	0.002726	0.025441	0.004883	0.005803	0.004005	0.002644	0.396140	0.570747	0.146201	0.002107	0.011100	0.004719	0.042647	0.444500	1.341380	1.775108	1.057407	0.602813	0.003463	0.664623	0.915673	1.868832	1.240553	11.136700
202.500000	138.141000	0.002415	0.002034	0.003404	0.005072	0.011635	0.007813	0.000000	0.346934	0.539754	0.262725	0.001570	0.006627	0.003517	0.013076	0.437634	1.205244	1.745646	1.184129	0.725223	0.006246	0.585712	0.881068	1.947513	1.379561	11.304500
208.929000	138.141000	0.001429	0.004510	0.009327	0.007748	0.006253	0.001842	0.000301	0.264238	0.554500	0.342307	0.005097	0.006141	0.005401	0.005243	0.503492	1.130531	1.740014	1.302259	0.802524	0.027241	0.637025	0.800095	1.974646	1.486461	11.618600
215.357000	138.141000	0.001585	0.003795	0.004690	0.004841	0.002215	0.005480	0.000000	0.220296	0.563581	0.390282	0.030489	0.001450	0.005159	0.003948	0.388785	1.040823	1.682255	1.435624	0.866081	0.100132	0.651072	0.833553	1.936339	1.604738	11.777200
221.786000	138.141000	0.000586	0.000000	0.006902	0.012165	0.006466	0.008835	0.004089	0.147321	0.479226	0.456936	0.069224	0.001306	0.003758	0.005414	0.251126	0.948045	1.681418	1.547941	0.862764	0.178875	0.706296	0.768814	1.838397	1.741473	11.727400
228.214000	138.141000	0.002109	0.002010	0.009621	0.005659	0.005372	0.003111	0.004982	0.083403	0.445524	0.489580	0.127633	0.003600	0.004128	0.002992	0.144338	0.912658	1.506954	1.610099	0.987047	0.248726	0.768190	0.750520	1.735999	1.876907	11.731200
234.643000	138.141000	0.007186	0.003519	0.005765	0.006962	0.002058	0.006515	0.002589	0.024747	0.396421	0.514706	0.228780	0.002230	0.003483	0.004517	0.092716	0.838575	1.439910	1.702816	1.026156	0.376413	0.778537	0.625926	1.657758	1.949628	11.697900
241.071000	138.141000	0.001481	0.003149	0.007060	0.006018	0.003023	0.008747	0.008071	0.005764	0.346747	0.545497	0.272347	0.002303	0.009900	0.003820	0.027579	0.718155	1.343585	1.737752	1.085547	0.509805	0.811996	0.604265	1.512451	1.917441	11.492500
247.500000	138.141000	0.002988	0.002685	0.003144	0.008937	0.005230	0.002710	0.005979	0.001503	0.276184	0.567272	0.362612	0.001352	0.012832	0.006494	0.002750	0.689610	1.201750	1.791270	1.153695	0.495925	0.878327	0.577264	1.384809	1.926681	11.362000
253.929000	138.141000	0.001968	0.000758	0.002085	0.014673	0.007092	0.004744	0.013849	0.002711	0.159836	0.570358	0.389137	0.001453	0.036197	0.007947	0.004943	0.594731	1.045090	1.782968	1.335329	0.418250	0.944790	0.688213	1.247351	1.857578	11.132000
260.357000	138.141000	0.003703	0.001956	0.001511	0.020405	0.002067	0.006680	0.003142	0.002702	0.065752	0.522431	0.432986	0.002672	0.122601	0.001989	0.001398	0.502318	0.896003	1.724599	1.491935	0.567612	0.939817	0.671724	1.138472	1.749197	10.873700
266.786000	138.141000	0.002771	0.003398	0.004025	0.021775	0.000737	0.005899	0.006412	0.000000	0.015585	0.481700	0.480009	0.003542	0.232915	0.009357	0.003035	0.343454	0.786397	1.648778	1.563672	0.645017	0.997530	0.650574	0.909118	1.767180	10.582900
273.214000	138.141000	0.000601	0.001473	0.002728	0.024641	0.000747	0.005778	0.005070	0.001430	0.006384	0.479960	0.496790	0.014978	0.376244	0.004801	0.004088	0.230732	0.717477	1.591166	1.587491	0.794285	0.955148	0.634867	0.944609	1.761073	10.642600
279.643000	138.141000	0.005104	0.000624	0.003124	0.018464	0.000149	0.007148	0.008441	0.001444	0.000612	0.427046	0.536837	0.071582	0.505689	0.003286	0.002548	0.116562	0.585371	1.451050	1.725956	0.900734	1.063231	0.650074	0.950088	1.790240	10.825400
286.071000	138.141000	0.003717	0.002575	0.000637	0.013996	0.002086	0.009106	0.002798	0.005880	0.002678	0.384904	0.584938	0.156849	0.638123	0.005655	0.004075	0.031602	0.425695	1.372696	1.746924	0.998084	1.233666	0.647037	0.912779	1.738080	10.924600
292.500000	138.141000	0.009155	0.003944	0.005695	0.014212	0.002209	0.011177	0.006057	0.009435	0.001470	0.365946	0.576600	0.258952	0.701176	0.008206	0.004656	0.013079	0.476182	1.248470	1.781136	1.203604	1.361070	0.601631	0.862565	1.882302	11.408900
298.929000	138.141000	0.004575	0.002967	0.004617	0.008395	0.002907	0.002822	0.005867	0.001429	0.000939	0.271008	0.518977	0.327539	0.780259	0.026105	0.008949	0.007123	0.507178	1.158795	1.700848	1.325817	1.515617	0.589697	0.791387	1.972542	11.536400
305.357000	138.141000	0.010537	0.002164	0.004834	0.005917	0.021821	0.004086	0.002239	0.007760	0.002620	0.226690	0.489863	0.389538	0.797439	0.095309	0.005656	0.002133	0.376824	0.990195	1.706842	1.499863	1.634471	0.643527	0.791500	1.952603	11.664400
311.786000	138.141000	0.010438	0.002726	0.001335	0.006481	0.065724	0.001504	0.005721	0.008419	0.001195	0.139819	0.492426	0.451465	0.856824	0.162433	0.003853	0.003921	0.263697	0.938219	1.659138	1.489322	1.709466	0.757793	0.780416	1.858958	11.671300
318.214000	138.141000	0.004818	0.002933	0.006799	0.005439	0.141762	0.002867	0.005290	0.003408	0.006534	0.086559	0.461799	0.501952	0.966649	0.283216	0.004025	0.003469	0.186354	0.895488	1.577188	1.629744	1.840851	0.750679	0.735789	1.755712	11.859300
324.643000	138.141000	0.001797	0.003111	0.003703	0.008622	0.218572	0.003692	0.004896	0.002230	0.002153	0.021001	0.400837	0.536983	1.009775	0.366655	0.004658	0.002656	0.087486	0.845838	1.451978	1.730140	1.926862	0.791032	0.642497	1.634324	11.701500
331.071000	138.141000	0.006181	0.002845	0.001356	0.006726	0.283131	0.002692	0.001513	0.003507	0.006662	0.003588	0.325539	0.528295	1.083750	0.504402	0.009219	0.006500	0.030485	0.771112	1.368975	1.777822	1.878400	0.781358	0.605081	1.483543	11.472700
337.500000	138.141000	0.010437	0.003330	0.001359	0.007431	0.349005	0.002896	0.008078	0.003566	0.011248	0.000709	0.231544	0.569797	1.186040	0.497484	0.016741	0.004721	0.008649	0.716861	1.147553	1.749808	1.921750	0.890108	0.598244	1.384651	11.322000
343.929000	138.141000	0.013685	0.004146	0.001555	0.001478	0.387315	0.000607	0.014163	0.007825	0.008944	0.002794	0.157044	0.572409	1.319755	0.443001	0.031060	0.003421	0.004633	0.620311	1.101143	1.747467	1.847004	0.925720	0.642190	1.205606	11.063300
350.357000	138.141000	0.016782	0.004302	0.000758	0.000743	0.474459	0.005358	0.005486	0.003699	0.008032	0.003377	0.081822	0.542296	1.503787	0.572723	0.133739	0.005518	0.001205	0.503357	0.916542	1.693316	1.795986	0.963282	0.669266	1.115126	11.021000
356.786000	138.141000	0.019884	0.001673	0.002419	0.002711	0.521522	0.003902	0.000000	0.006546	0.004370	0.001373	0.018376	0.511163	1.511557	0.682377	0.259227	0.002835	0.003364	0.327051	0.775795	1.668808	1.724044	0.990435	0.653042	0.938585	10.631100
3.461540	141.256000	0.006894	0.001948	0.001730	0.001404	0.441237	0.015623	0.002089	0.000737	0.005080	0.002844	0.002227	0.375211	1.612994	0.847040	0.421991	0.004456	0.006347	0.279217	0.699634	1.485420	1.682097	1.048068	0.707977	1.068260	10.720500
10.384600	141.256000	0.005249	0.000000	0.000644	0.003044	0.441489	0.047354	0.002941	0.010976	0.003851	0.004288	0.005831	0.345924	1.617529	0.918116	0.556321	0.004136	0.002588	0.141429	0.584177	1.445701	1.712305	1.182467	0.731623	0.972553	10.740500
17.307700	141.256000	0.008166	0.003955	0.000807	0.002880	0.484518	0.090031	0.005298	0.018522	0.005244	0.014750	0.002252	0.277199	1.626916	1.065450	0.666348	0.005979	0.004520	0.057081	0.458307	1.265808	1.781645	1.376462	0.711763	0.889564	10.823500
24.230800	141.256000	0.016592	0.002849	0.001338	0.004157	0.460572	0.180577	0.001419	0.011205	0.005216	0.014594	0.001508	0.232651	1.696053	1.156477	0.728451	0.016268	0.005720	0.022944	0.520847	1.112534	1.914930	1.508368	0.677855	0.913638	11.206800
31.153800	141.256000	0.005107	0.001327	0.002245	0.001364	0.437606	0.247866	0.002581	0.009219	0.005053	0.005922	0.001983	0.151442	1.666953	1.300868	0.774295	0.080256	0.004885	0.005172	0.488256	1.064478	1.951393	1.600644	0.663098	0.870388	11.342400
38.076900	141.256000	0.005492	0.007333	0.003210	0.000693	0.398422	0.353611	0.011040	0.003445	0.004443	0.003739	0.000737	0.111756	1.600836	1.434108	0.839234	0.141762	0.002092	0.004238	0.391968	0.982444	1.942198	1.732448	0.735346	0.840997	11.551600
45.000000	141.256000	0.006611	0.007658	0.003682	0.002136	0.395360	0.389014	0.071526	0.001352	0.005166	0.004367	0.003119	0.060663	1.521973	1.545826	0.919380	0.278801	0.000000	0.000809	0.268166	0.912125	1.762622	1.806651	0.800484	0.808373	11.575900
51.923100	141.256000	0.004230	0.002020	0.003102	0.004457	0.307216	0.430879	0.114677	0.006489	0.007462	0.004201	0.001354	0.014027	1.412303	1.573331	0.976901	0.385804	0.007592	0.002057	0.173480	0.856355	1.776035	1.994980	0.805834	0.721673	11.586500
58.846200	141.256000	0.003063	0.006627	0.003284	0.000585	0.277294	0.422013	0.166796	0.003692	0.005015	0.008425	0.003485	0.001107	1.372391	1.618468	1.067001	0.481429	0.008666	0.003814	0.079469	0.763856	1.633623	1.886871	0.888075	0.694335	11.399400
65.769200	141.256000	0.004400	0.011276	0.001998	0.002765	0.186038	0.447539	0.218062	0.002880	0.009696	0.005414	0.014050	0.001264	1.154599	1.698654	1.132794	0.486221	0.032744	0.009536	0.025215	0.720902	1.428442	1.903620	0.896007	0.674367	11.068500
72.692300	141.256000	0.002220	0.013240	0.003902	0.000581	0.117473	0.452329	0.276898	0.000847	0.013565	0.002759	0.015813	0.002599	1.036949	1.670391	1.284345	0.459656	0.048817	0.008294	0.006330	0.657938	1.340373	1.832143	0.907604	0.711254	10.866300
79.615400	141.256000	0.003304	0.006544	0.002222	0.001658	0.055107	0.434125	0.351750	0.002737	0.005909	0.004288	0.014191	0.003529	0.934103	1.655643	1.422516	0.601581	0.166290	0.004265	0.003720	0.527054	1.145597	1.785592	1.007477	0.709107	10.848300
86.538500	141.256000	0.005042	0.011535	0.002500	0.002070	0.021052	0.423330	0.396025	0.007345	0.002207	0.007194	0.003745	0.001745	0.824923	1.614736	1.552510	0.665232	0.267562	0.004800	0.004926	0.397499	1.009146	1.682255	1.015503	0.726494	10.649400
93.461500	141.256000	0.001442	0.007091	0.004200	0.003373	0.005612	0.394817	0.421869	0.014022	0.000735	0.009483	0.004553	0.004114	0.699217	1.505303	1.578703	0.874466	0.430412	0.006220	0.005822	0.266974	1.009881	1.781374	1.033488	0.694430	10.757600
100.385000	141.256000	0.001217	0.004655	0.003210	0.000622	0.003159	0.368862	0.478000	0.049467	0.002268	0.014434	0.005838	0.005196	0.579634	1.404431	1.630762	0.940738	0.557350	0.002070	0.003490	0.176098	0.972395	1.729745	1.192725	0.713625	10.840000
107.308000	141.256000	0.003475	0.008356	0.005008	0.003473	0.002510	0.303693	0.440165	0.086828	0.004753	0.016893	0.003730	0.008633	0.461139	1.267097	1.693158	1.037049	0.636877	0.004362	0.002788	0.058438	0.942190	1.748813	1.335238	0.740031	10.814700
114.231000	141.256000	0.004185	0.005819	0.002389	0.000366	0.001345	0.235630	0.467224	0.179819	0.001454	0.011018	0.007416	0.011058	0.559546	1.099357	1.670018	1.192238	0.734384	0.020420	0.004378	0.032383	0.915232	1.863595	1.441934	0.695576	11.156800
121.154000	141.256000	0.001833	0.006892	0.004696	0.003752	0.005573	0.189448	0.458994	0.249398	0.003262	0.007220	0.001352	0.006556	0.514036	1.007839	1.658075	1.364180	0.769192	0.082868	0.006449	0.010718	0.879247	1.931273	1.576124	0.655357	11.394300
128.077000	141.256000	0.000615	0.007550	0.003688	0.001516	0.004179	0.107190	0.422364	0.300669	0.020735	0.003567	0.004088	0.007297	0.364385	0.964336	1.593213	1.405913	0.867489	0.162982	0.003533	0.004187	0.759772	1.842073	1.720177	0.755371	11.326900
135.000000	141.256000	0.001381	0.003895	0.005779	0.006013	0.002782	0.058049	0.383272	0.360143	0.066305	0.003491	0.005771	0.006451	0.235472	0.842890	1.543292	1.499705	0.912496	0.267807	0.000000	0.000757	0.786637	1.805848	1.841213	0.819849	11.459300
141.923000	141.256000	0.001857	0.005083	0.003294	0.001494	0.004436	0.022750	0.310312	0.420957	0.112481	0.004326	0.009495	0.012464	0.157208	0.838115	1.449376	1.584041	1.010040	0.375651	0.004054	0.002893	0.730664	1.651685	1.950296	0.844976	11.507900
148.846000	141.256000	0.001970	0.012700	0.009697	0.005790	0.003400	0.004856	0.277673	0.475413	0.161491	0.003902	0.006814	0.005412	0.070214	0.819853	1.293800	1.676792	1.074515	0.509044	0.010472	0.005973	0.707232	1.582390	1.993476	0.854981	11.567900
155.769000	141.256000	0.001366	0.005549	0.007455	0.004656	0.018608	0.000935	0.198342	0.468121	0.213272	0.000671	0.018699	0.004419	0.026017	0.698124	1.229843	1.635682	1.113380	0.483914	0.023365	0.007615	0.650664	1.471261	1.910632	0.925810	11.118400
162.692000	141.256000	0.002381	0.002078	0.008515	0.001596	0.013235	0.003669	0.111907	0.458495	0.307479	0.000000	0.012198	0.002870	0.003000	0.649433	0.994563	1.700984	1.234457	0.468708	0.056712	0.003777	0.703515	1.297668	1.833455	0.932975	10.803700
169.615000	141.256000	0.003147	0.001606	0.009315	0.001482	0.010934	0.004558	0.053191	0.407656	0.338045	0.000671	0.004783	0.007414	0.006889	0.542578	0.941380	1.704535	1.340294	0.556261	0.159378	0.004630	0.714963	1.168499	1.736926	0.987017	10.706200
176.538000	141.256000	0.000879	0.002386	0.008128	0.001729	0.004485	0.002122	0.016812	0.417815	0.383494	0.003661	0.004780	0.008665	0.001955	0.416802	0.846498	1.617043	1.524145	0.694673	0.254710	0.006079	0.692003	1.004973	1.728444	0.991841	10.634100
183.462000	141.256000	0.001553	0.001375	0.008925	0.002901	0.008475	0.003845	0.002246	0.395296	0.450446	0.018920	0.002909	0.003730	0.006320	0.271014	0.687058	1.549965	1.600361	0.847514	0.438357	0.002854	0.722557	1.048209	1.777076	1.023171	10.875100
190.385000	141.256000	0.000751	0.002974	0.009295	0.001419	0.006744	0.004196	0.001337	0.343393	0.444770	0.054674	0.003607	0.014176	0.003902	0.168136	0.598986	1.380851	1.608323	0.943136	0.574487	0.004334	0.693911	1.009878	1.787051	1.183733	10.844100
197.308000	141.256000	0.000000	0.003430	0.008217	0.003373	0.007473	0.018026	0.001907	0.285355	0.448620	0.103992	0.001917	0.014427	0.009826	0.057643	0.461939	1.276043	1.643236	1.062419	0.650634	0.003264	0.687348	0.959617	1.738758	1.305268	10.752700
204.231000	141.256000	0.002580	0.002459	0.004584	0.004359	0.002727	0.016145	0.000880	0.208168	0.478245	0.183757	0.001974	0.013160	0.002804	0.033817	0.481656	1.103439	1.608640	1.146479	0.758424	0.031970	0.637237	0.913938	1.925821	1.497431	11.060700
211.154000	141.256000	0.001810	0.002084	0.004961	0.005157	0.006572	0.007486	0.004234	0.187763	0.477222	0.275847	0.004789	0.008091	0.005690	0.008378	0.488766	1.075341	1.633092	1.368557	0.811769	0.075004	0.677928	0.892332	1.926251	1.601447	11.550600
218.077000	141.256000	0.004034	0.002966	0.005007	0.011487	0.009547	0.007459	0.002137	0.113671	0.440123	0.326734	0.023001	0.004101	0.006367	0.005261	0.401258	0.998735	1.659590	1.448743	0.820718	0.158543	0.729245	0.848092	1.939404	1.742457	11.708700
225.000000	141.256000	0.007465	0.006417	0.006513	0.005148	0.008097	0.011730	0.005313	0.062922	0.382794	0.377789	0.053494	0.002862	0.002846	0.002150	0.219111	0.868481	1.602680	1.581847	0.939605	0.265717	0.808900	0.739194	1.803959	1.784857	11.549900
231.923000	141.256000	0.003904	0.000735	0.002817	0.008797	0.008173	0.008420	0.005737	0.015362	0.330466	0.412457	0.107719	0.007203	0.006427	0.002959	0.150827	0.852692	1.331687	1.631881	0.948826	0.364207	0.811324	0.747839	1.756831	1.865133	11.382400
238.846000	141.256000	0.002923	0.004037	0.005601	0.004926	0.007976	0.007024	0.005748	0.004645	0.270857	0.437234	0.179128	0.004355	0.008356	0.002312	0.073271	0.790322	1.364723	1.631158	1.044171	0.525240	0.863403	0.679874	1.558956	1.968516	11.444800
245.769000	141.256000	0.004854	0.003763	0.002854	0.008186	0.017887	0.008380	0.016692	0.003081	0.182936	0.455062	0.232720	0.002890	0.033790	0.007058	0.025433	0.731895	1.213987	1.655926	1.108602	0.502272	0.945897	0.646556	1.430161	1.917260	11.158100
252.692000	141.256000	0.004004	0.001333	0.002718	0.003997	0.010775	0.004408	0.014615	0.004853	0.096460	0.473551	0.270081	0.001924	0.049855	0.002133	0.004087	0.654689	1.025985	1.693520	1.301705	0.472448	0.944852	0.722374	1.290407	1.760654	10.811400
259.615000	141.256000	0.001277	0.001913	0.003824	0.012758	0.005130	0.005977	0.019090	0.002728	0.055487	0.451301	0.347441	0.005255	0.169687	0.003492	0.003042	0.566652	0.920280	1.600282	1.427198	0.566684	1.025457	0.698329	1.187567	1.823593	10.904400
266.538000	141.256000	0.003093	0.001984	0.002871	0.008144	0.002692	0.005997	0.006791	0.000735	0.018827	0.439566	0.393769	0.005958	0.293391	0.002625	0.002336	0.403409	0.847627	1.543541	1.515629	0.686770	1.052483	0.707635	1.012986	1.721907	10.680800
273.462000	141.256000	0.003738	0.000138	0.003943	0.009032	0.002688	0.003644	0.008237	0.002837	0.005844	0.383942	0.419231	0.011559	0.387252	0.002311	0.006914	0.272044	0.747863	1.541471	1.617416	0.846787	1.020681	0.708655	1.000336	1.746845	10.753400
280.385000	141.256000	0.002327	0.001316	0.002275	0.007259	0.002107	0.013216	0.004455	0.005067	0.002929	0.369185	0.438637	0.042178	0.547700	0.005116	0.003534	0.169197	0.574662	1.466375	1.621963	0.910780	1.141084	0.716318	1.030129	1.747693	10.825500
287.308000	141.256000	0.004090	0.002716	0.004139	0.009304	0.002024	0.011477	0.009581	0.008188	0.002053	0.268553	0.466151	0.100365	0.638386	0.006137	0.003275	0.063558	0.483873	1.294037	1.675379	1.062448	1.265831	0.690169	0.913099	1.807635	10.792500
294.231000	141.256000	0.002787	0.000194	0.001416	0.006459	0.000000	0.014883	0.005055	0.011743	0.004131	0.254673	0.433193	0.177203	0.720022	0.035245	0.004357	0.032925	0.516120	1.161283	1.636055	1.167108	1.461455	0.682058	0.865431	1.909162	11.103000
301.154000	141.256000	0.006947	0.000745	0.002107	0.009383	0.003568	0.007324	0.004939	0.005435	0.001450	0.172424	0.438026	0.276338	0.777293	0.073891	0.001214	0.009082	0.502019	1.050778	1.700961	1.327333	1.558764	0.696209	0.830531	1.918018	11.374800
308.077000	141.256000	0.006325	0.003007	0.005904	0.008025	0.016247	0.002282	0.004094	0.009679	0.002979	0.132943	0.425709	0.317081	0.866415	0.160200	0.002391	0.005837	0.376493	0.972659	1.651289	1.442952	1.738725	0.719656	0.781324	1.904333	11.556500
315.000000	141.256000	0.003643	0.002709	0.001214	0.003124	0.057656	0.001471	0.007433	0.009455	0.003030	0.057398	0.401386	0.394521	0.921623	0.247062	0.001569	0.001476	0.270408	0.887315	1.526294	1.584844	1.786994	0.793317	0.785401	1.901935	11.651300
321.923000	141.256000	0.003049	0.001427	0.002701	0.008706	0.111508	0.003374	0.002161	0.005967	0.004285	0.017979	0.342415	0.423003	0.962912	0.390735	0.005327	0.004966	0.149930	0.826336	1.471634	1.589119	1.892548	0.760563	0.722599	1.713617	11.416900
328.846000	141.256000	0.002992	0.001325	0.001100	0.006249	0.179906	0.002944	0.005033	0.004486	0.005175	0.005594	0.255350	0.463678	1.089955	0.528248	0.005489	0.004371	0.070689	0.792960	1.286629	1.702873	1.939110	0.856279	0.645406	1.578488	11.434300
335.769000	141.256000	0.006696	0.004556	0.003296	0.003670	0.241739	0.001501	0.006633	0.005049	0.010866	0.002075	0.186868	0.427075	1.118278	0.484167	0.028843	0.003192	0.024737	0.731911	1.207676	1.592297	1.848904	0.873421	0.638730	1.397521	10.849700
342.692000	141.256000	0.003338	0.002762	0.001470	0.002311	0.297016	0.000825	0.007587	0.000735	0.012314	0.002039	0.120337	0.462505	1.221881	0.435921	0.045307	0.001669	0.004310	0.680556	1.037487	1.731294	1.885875	0.935019	0.719318	1.332920	10.944800
349.615000	141.256000	0.005658	0.002664	0.000846	0.002707	0.348951	0.006556	0.003555	0.005254	0.009443	0.005685	0.048253	0.427035	1.422945	0.594685	0.163698	0.005002	0.006162	0.539918	0.980236	1.674123	1.784631	1.036917	0.737004	1.197248	11.009200
356.538000	141.256000	0.007826	0.003657	0.002100	0.005296	0.366983	0.006341	0.004460	0.005094	0.008070	0.001325	0.011903	0.439743	1.534878	0.747463	0.268692	0.002553	0.003014	0.410374	0.849392	1.600633	1.740138	1.018382	0.739645	0.996213	10.774200
3.750000	144.341000	0.001418	0.002273	0.000000	0.001371	0.322381	0.006373	0.002141	0.005865	0.004268	0.002924	0.005208	0.290589	1.489594	0.832882	0.470051	0.004561	0.002346	0.336077	0.759475	1.411907	1.673761	1.081741	0.761213	1.048530	10.516900
11.250000	144.341000	0.008041	0.000735	0.000736	0.001377	0.337272	0.038860	0.002242	0.017641	0.005177	0.005762	0.007387	0.234313	1.474586	0.923346	0.602963	0.011207	0.003986	0.185551	0.593521	1.306941	1.649321	1.260560	0.766185	1.062543	10.500300
18.750000	144.341000	0.009807	0.003887	0.000132	0.000882	0.377123	0.071718	0.003829	0.014867	0.010295	0.026947	0.001630	0.191483	1.572347	1.063240	0.674872	0.027142	0.004339	0.073506	0.441766	1.196276	1.817836	1.389310	0.757532	1.017176	10.747900
26.250000	144.341000	0.007530	0.003665	0.002135	0.001490	0.357312	0.146898	0.000890	0.017356	0.005232	0.018679	0.002037	0.141904	1.572743	1.121927	0.737551	0.088762	0.007035	0.051341	0.517013	1.070568	1.923118	1.481032	0.728513	0.905616	10.910300
33.750000	144.341000	0.005110	0.009887	0.003586	0.004134	0.335732	0.195714	0.005436	0.004578	0.005162	0.011674	0.007968	0.079262	1.516884	1.278701	0.807272	0.178011	0.004052	0.011899	0.496806	1.025789	1.932144	1.709319	0.752068	0.895338	11.276500
41.250000	144.341000	0.004879	0.005055	0.002557	0.003795	0.306234	0.238385	0.012186	0.007049	0.009343	0.008634	0.002452	0.041125	1.521736	1.414293	0.879297	0.286568	0.003140	0.003106	0.359464	0.864377	1.837334	1.812792	0.808040	0.879313	11.311200
48.750000	144.341000	0.005427	0.002959	0.002435	0.001179	0.272954	0.316238	0.038225	0.003535	0.008454	0.004358	0.006991	0.020460	1.384085	1.556853	0.962318	0.374454	0.001236	0.002657	0.233121	0.843406	1.869974	1.933184	0.854934	0.823718	11.523200
56.250000	144.341000	0.004590	0.006151	0.004421	0.002014	0.202409	0.331451	0.069150	0.002476	0.016254	0.006699	0.006640	0.009867	1.272650	1.637864	1.022915	0.483810	0.012604	0.006497	0.151887	0.830959	1.701696	1.922055	0.878097	0.748667	11.331800
63.750000	144.341000	0.001945	0.006381	0.002657	0.001218	0.144789	0.360389	0.144752	0.003581	0.021126	0.005876	0.019522	0.001493	1.176563	1.607882	1.063289	0.498066	0.043453	0.004338	0.087644	0.744877	1.505767	1.851935	0.931306	0.695590	10.924400
71.250000	144.341000	0.001852	0.013015	0.001809	0.000000	0.075127	0.355154	0.205070	0.000894	0.023954	0.005092	0.016742	0.007187	1.022214	1.576735	1.175059	0.457042	0.071123	0.003508	0.031650	0.667206	1.367799	1.765630	1.005953	0.758537	10.608400
78.750000	144.341000	0.002903	0.005616	0.000000	0.000683	0.027174	0.317283	0.228304	0.002108	0.009225	0.005142	0.015836	0.003637	0.933305	1.601390	1.330850	0.611910	0.193825	0.004149	0.013077	0.617794	1.269721	1.758189	1.041727	0.809293	10.803100
86.250000	144.341000	0.003249	0.010375	0.001311	0.000769	0.013997	0.306032	0.314031	0.007620	0.002132	0.009721	0.009511	0.002183	0.784535	1.492410	1.415074	0.722693	0.307437	0.006821	0.004378	0.468018	1.094653	1.662565	1.043779	0.783821	10.467100
93.750000	144.341000	0.000000	0.009525	0.004254	0.002794	0.003943	0.298090	0.260560	0.013784	0.001285	0.007442	0.009541	0.005457	0.691233	1.465538	1.484674	0.833949	0.484647	0.004205	0.001405	0.319266	1.046345	1.735060	1.116884	0.750393	10.550300
101.250000	144.341000	0.000582	0.004082	0.001539	0.001630	0.004702	0.257348	0.345871	0.031171	0.002639	0.021057	0.006096	0.007065	0.569417	1.256557	1.594163	0.924062	0.578860	0.006607	0.000000	0.210778	1.071096	1.723796	1.278893	0.777110	10.675100
108.750000	144.341000	0.002851	0.009871	0.002209	0.000000	0.004668	0.185298	0.323398	0.073455	0.006479	0.022077	0.005795	0.021216	0.471577	1.234084	1.604715	1.013130	0.688826	0.036369	0.002658	0.081641	0.964401	1.767711	1.363275	0.741387	10.627100
116.250000	144.341000	0.001448	0.005918	0.005747	0.002926	0.003086	0.139400	0.332858	0.123950	0.002902	0.019280	0.010668	0.012507	0.497234	1.059524	1.560381	1.168273	0.787091	0.085341	0.004170	0.062482	0.968701	1.894618	1.526757	0.736742	11.012000
123.750000	144.341000	0.001471	0.003332	0.002791	0.001990	0.001607	0.089048	0.334281	0.233920	0.012921	0.008142	0.003582	0.011038	0.479530	0.973574	1.567337	1.292488	0.780640	0.167976	0.002938	0.009965	0.914879	1.985458	1.713029	0.712229	11.304200
131.250000	144.341000	0.000519	0.003428	0.006309	0.002595	0.000735	0.042041	0.283863	0.246255	0.023338	0.004367	0.002108	0.013215	0.355056	0.947617	1.515617	1.429302	0.874290	0.257685	0.007143	0.007573	0.890549	1.937267	1.849424	0.830073	11.530400
138.750000	144.341000	0.002645	0.008857	0.010419	0.002702	0.007431	0.011890	0.250820	0.289041	0.056818	0.003367	0.008914	0.004488	0.257528	0.885878	1.407485	1.532729	0.956981	0.405978	0.003280	0.007348	0.851174	1.875946	1.948192	0.836184	11.626100
146.250000	144.341000	0.004094	0.009618	0.008123	0.005056	0.011348	0.006421	0.215145	0.319355	0.087748	0.003532	0.012226	0.003616	0.159309	0.843298	1.271158	1.519474	0.969073	0.514593	0.018200	0.002934	0.740956	1.668174	1.919601	0.870721	11.183800
153.750000	144.341000	0.000000	0.004429	0.007016	0.003006	0.022411	0.006325	0.140315	0.352311	0.163187	0.002621	0.019758	0.006030	0.084344	0.766750	1.210560	1.605688	1.063364	0.527539	0.049723	0.008853	0.693887	1.529528	1.882358	0.931164	11.081200
161.250000	144.341000	0.000605	0.004151	0.006215	0.001897	0.027678	0.003753	0.083714	0.321842	0.180013	0.004149	0.021017	0.004364	0.026594	0.717159	1.063804	1.596844	1.174606	0.467631	0.068059	0.004869	0.699834	1.384832	1.824452	0.986244	10.674300
168.750000	144.341000	0.000000	0.003429	0.008259	0.001352	0.012290	0.004410	0.031516	0.312797	0.242184	0.003595	0.009169	0.005640	0.009833	0.646558	0.926116	1.555269	1.329516	0.558878	0.189581	0.005676	0.739210	1.253424	1.752635	1.069851	10.671200
176.250000	144.341000	0.000769	0.000585	0.005762	0.000000	0.008673	0.001501	0.005860	0.314749	0.275480	0.010866	0.004358	0.003242	0.009162	0.486948	0.827295	1.487083	1.448098	0.718996	0.306968	0.006317	0.781391	1.133948	1.698270	1.103750	10.640100
183.750000	144.341000	0.000979	0.001378	0.005213	0.000636	0.005592	0.008338	0.006684	0.279984	0.301999	0.010867	0.006201	0.009578	0.003566	0.318413	0.702709	1.430613	1.488429	0.838521	0.457245	0.003267	0.795209	1.092405	1.631520	1.115515	10.514900
191.250000	144.341000	0.001354	0.002698	0.009754	0.001935	0.002198	0.008059	0.002235	0.229626	0.327183	0.048270	0.002091	0.029866	0.002621	0.176659	0.581107	1.374506	1.613028	0.945125	0.559821	0.014924	0.756646	1.087190	1.765268	1.256828	10.799000
198.750000	144.341000	0.001368	0.001401	0.004444	0.000608	0.007411	0.019882	0.001598	0.190386	0.342762	0.080101	0.007402	0.015635	0.005452	0.083930	0.462659	1.148696	1.608108	1.034129	0.660850	0.041024	0.733699	0.999440	1.824328	1.326473	10.601800
206.250000	144.341000	0.001900	0.001338	0.007079	0.005847	0.004400	0.023659	0.004162	0.141706	0.356942	0.139642	0.005520	0.016649	0.003777	0.040385	0.510243	1.073226	1.598473	1.146287	0.778188	0.077651	0.687097	0.948145	1.887278	1.521815	10.981400
213.750000	144.341000	0.000000	0.002254	0.006391	0.005666	0.005637	0.013719	0.003786	0.093948	0.319452	0.206094	0.008472	0.006993	0.004699	0.014506	0.461528	1.024328	1.571092	1.278905	0.816124	0.176539	0.766666	0.906482	1.944313	1.733002	11.370600
221.250000	144.341000	0.003027	0.002268	0.004693	0.004958	0.005500	0.005049	0.004994	0.041336	0.335617	0.266228	0.012558	0.006900	0.002542	0.004203	0.355853	0.974272	1.487151	1.370027	0.879907	0.268449	0.817615	0.847144	1.906527	1.834914	11.441700
228.750000	144.341000	0.002483	0.004044	0.007410	0.005017	0.012481	0.004461	0.005257	0.020660	0.267075	0.302556	0.048170	0.003040	0.004544	0.002406	0.251843	0.847323	1.370649	1.513095	0.920791	0.368158	0.896656	0.861364	1.792751	1.898950	11.411200
236.250000	144.341000	0.002102	0.001985	0.001021	0.009491	0.015412	0.007772	0.004968	0.012250	0.190078	0.327762	0.083473	0.005930	0.019418	0.003238	0.147042	0.784867	1.344863	1.517744	0.965650	0.470134	0.892786	0.722667	1.626803	1.910203	11.067700
243.750000	144.341000	0.000772	0.000000	0.003079	0.005629	0.015896	0.006272	0.015159	0.006939	0.144674	0.356116	0.133826	0.006753	0.050405	0.003215	0.076950	0.746867	1.177117	1.604998	1.078038	0.494992	0.935031	0.755431	1.550384	1.862238	11.030800
251.250000	144.341000	0.000000	0.002037	0.003176	0.005571	0.018523	0.005852	0.012981	0.004762	0.065376	0.351782	0.165420	0.000756	0.073916	0.001424	0.036680	0.714782	0.992641	1.575446	1.191888	0.444589	1.000080	0.716336	1.475751	1.831476	10.691200
258.750000	144.341000	0.000974	0.001903	0.004230	0.008894	0.009021	0.002398	0.016390	0.005800	0.033098	0.329684	0.201258	0.003725	0.190906	0.000879	0.007484	0.617967	0.934028	1.555122	1.298437	0.583614	1.038222	0.761225	1.266792	1.685772	10.557800
266.250000	144.341000	0.002352	0.000651	0.002209	0.007141	0.008584	0.005005	0.010464	0.000828	0.011603	0.306751	0.277274	0.007189	0.334846	0.003462	0.004456	0.487159	0.790395	1.522731	1.430580	0.699150	1.031969	0.838944	1.106082	1.618672	10.508500
273.750000	144.341000	0.003967	0.000845	0.001810	0.005794	0.005711	0.010432	0.007705	0.003626	0.007810	0.277202	0.315313	0.008202	0.458317	0.004316	0.007826	0.326843	0.675183	1.447770	1.464362	0.800092	1.144206	0.762322	1.078146	1.662011	10.479800
281.250000	144.341000	0.002996	0.000758	0.003907	0.005755	0.000735	0.016891	0.005251	0.005944	0.000000	0.241548	0.322168	0.022863	0.559113	0.019467	0.002713	0.201060	0.589529	1.243324	1.593406	0.892747	1.265978	0.788801	1.095766	1.707329	10.588000
288.750000	144.341000	0.004768	0.000587	0.002662	0.006625	0.006016	0.018483	0.008675	0.018972	0.002790	0.195758	0.331921	0.070785	0.638971	0.035031	0.004748	0.075287	0.438968	1.208807	1.535025	1.062765	1.414746	0.724207	1.006802	1.800702	10.614100
296.250000	144.341000	0.003520	0.002594	0.001306	0.007572	0.007191	0.016411	0.006484	0.017314	0.004589	0.141322	0.326316	0.141142	0.784467	0.076630	0.003993	0.054071	0.535289	1.094237	1.602929	1.170263	1.519904	0.739764	0.942986	1.871478	11.071800
303.750000	144.341000	0.004970	0.002129	0.001534	0.005051	0.009937	0.005470	0.004317	0.015082	0.002668	0.077236	0.320573	0.203179	0.770443	0.147392	0.006851	0.015375	0.504904	0.988254	1.572743	1.295575	1.746958	0.746403	0.874954	1.905351	11.227300
311.250000	144.341000	0.007879	0.002664	0.002105	0.006130	0.018612	0.005870	0.002628	0.008402	0.003052	0.053336	0.310896	0.260001	0.862211	0.273866	0.002829	0.006556	0.382864	0.925595	1.493292	1.391414	1.814929	0.818945	0.822343	1.929723	11.406100
318.750000	144.341000	0.007032	0.002142	0.002886	0.007269	0.048841	0.003707	0.007935	0.007992	0.002331	0.014290	0.271782	0.318998	0.927974	0.414148	0.007045	0.005029	0.292068	0.861520	1.443450	1.584969	1.936747	0.860619	0.808950	1.813799	11.651500
326.250000	144.341000	0.003752	0.002323	0.000631	0.004056	0.082266	0.002943	0.017133	0.002235	0.006334	0.009222	0.195235	0.333344	0.989396	0.470497	0.019518	0.003920	0.158346	0.812410	1.321327	1.586371	1.959129	0.892258	0.786429	1.699717	11.358800
333.750000	144.341000	0.005111	0.002092	0.000521	0.005587	0.126816	0.001471	0.024489	0.007647	0.015235	0.002735	0.140520	0.355410	1.033718	0.505140	0.056361	0.005676	0.089309	0.714555	1.206884	1.569825	1.877710	0.916778	0.732779	1.568038	10.964400
341.250000	144.341000	0.006882	0.000000	0.002868	0.002436	0.186749	0.003506	0.021129	0.003708	0.026456	0.003364	0.059247	0.331314	1.186662	0.467074	0.088001	0.003435	0.038860	0.690471	1.024638	1.642739	1.782471	1.023613	0.697303	1.449218	10.742100
348.750000	144.341000	0.006922	0.000000	0.001280	0.001334	0.211193	0.006466	0.010199	0.003788	0.014856	0.003669	0.031363	0.344267	1.334786	0.599135	0.192597	0.004590	0.009672	0.559234	0.938623	1.555179	1.692208	1.070458	0.786513	1.264926	10.643300
356.250000	144.341000	0.006082	0.001519	0.000736	0.001965	0.262528	0.004306	0.003596	0.004889	0.010886	0.005859	0.015059	0.315735	1.389966	0.673175	0.327256	0.006742	0.004351	0.471408	0.823413	1.540895	1.696290	1.058878	0.759956	1.119966	10.505500
4.090910	147.400000	0.006675	0.001484	0.000781	0.001353	0.229549	0.004577	0.002777	0.020075	0.003696	0.004562	0.010311	0.191151	1.397747	0.806341	0.515661	0.013522	0.006050	0.356900	0.740693	1.283632	1.669690	1.180103	0.850311	1.115258	10.412900
12.272700	147.400000	0.006438	0.004210	0.002041	0.001500	0.233165	0.021680	0.006757	0.020515	0.007455	0.010898	0.006460	0.141230	1.486608	0.994649	0.606922	0.039769	0.006595	0.238933	0.609679	1.217255	1.768367	1.299896	0.863194	1.119424	10.713600
20.454500	147.400000	0.004771	0.004588	0.001751	0.003216	0.224291	0.052047	0.006784	0.048998	0.006778	0.026098	0.002527	0.112929	1.484538	1.069158	0.714606	0.089961	0.005725	0.108620	0.428222	1.109849	1.793294	1.487762	0.738444	1.014730	10.539700
28.636400	147.400000	0.002542	0.002801	0.001887	0.002660	0.226690	0.111085	0.008041	0.016916	0.004439	0.021992	0.006656	0.067640	1.492579	1.168115	0.789667	0.163734	0.004153	0.079133	0.508877	0.988217	1.967724	1.647941	0.796520	0.984662	11.064700
36.818200	147.400000	0.004590	0.003674	0.000736	0.004346	0.224251	0.167928	0.009034	0.002934	0.002997	0.022027	0.002686	0.037935	1.393823	1.298029	0.842733	0.260660	0.007085	0.025519	0.481772	0.965535	1.938070	1.787877	0.854092	0.923229	11.261600
45.000000	147.400000	0.003701	0.005227	0.003789	0.004962	0.196396	0.176211	0.023412	0.008131	0.021453	0.012626	0.002078	0.014564	1.322753	1.392420	0.890402	0.374403	0.003739	0.004387	0.378944	0.839326	1.859422	1.862430	0.900007	0.885010	11.185800
53.181800	147.400000	0.003991	0.010615	0.002612	0.002776	0.135171	0.225970	0.028076	0.001887	0.026696	0.006723	0.007418	0.017070	1.212924	1.469779	0.967910	0.469599	0.031699	0.007743	0.258009	0.858437	1.884337	1.944607	0.909895	0.836310	11.320300
61.363600	147.400000	0.002822	0.005024	0.004409	0.000669	0.087976	0.233047	0.055446	0.004527	0.026141	0.004792	0.016156	0.009693	1.133789	1.463774	1.046966	0.477295	0.071968	0.001604	0.184346	0.783957	1.708686	1.895534	0.965938	0.744013	10.928600
69.545500	147.400000	0.000000	0.005900	0.002874	0.000617	0.055558	0.247343	0.104763	0.004853	0.034166	0.002761	0.031283	0.012506	1.047735	1.530897	1.074114	0.447554	0.115406	0.009501	0.100088	0.695605	1.500281	1.776114	1.030777	0.810791	10.641500
77.727300	147.400000	0.002269	0.005916	0.000758	0.000957	0.017435	0.226574	0.152139	0.007891	0.008841	0.000740	0.015833	0.006677	0.952690	1.468659	1.268172	0.642781	0.240740	0.002269	0.047894	0.659173	1.366680	1.700645	1.087763	0.843123	10.726600
85.909100	147.400000	0.000738	0.009550	0.003715	0.002713	0.006675	0.224041	0.198402	0.008779	0.002960	0.001352	0.017052	0.006489	0.821859	1.440521	1.305686	0.709978	0.401792	0.008870	0.011872	0.496147	1.191899	1.754388	1.127566	0.814934	10.568000
94.090900	147.400000	0.001202	0.006027	0.001345	0.001773	0.010806	0.186380	0.239968	0.009235	0.002826	0.016997	0.003709	0.006750	0.711115	1.308774	1.404590	0.851255	0.501035	0.011891	0.010028	0.383193	1.146400	1.625695	1.211589	0.825871	10.478400
102.273000	147.400000	0.003736	0.008562	0.001337	0.001671	0.007370	0.132522	0.207650	0.020916	0.005916	0.019305	0.004467	0.008812	0.600019	1.255935	1.547805	0.948667	0.643931	0.050241	0.002522	0.230978	1.087273	1.764251	1.383961	0.828135	10.766000
110.455000	147.400000	0.002844	0.006118	0.001967	0.001374	0.005042	0.109905	0.250549	0.070491	0.009721	0.031686	0.002229	0.028312	0.463951	1.156036	1.489006	1.034366	0.686785	0.088524	0.004241	0.103207	1.072729	1.763561	1.471577	0.804412	10.658600
118.636000	147.400000	0.002171	0.009199	0.001640	0.000880	0.006040	0.060539	0.227484	0.095080	0.006625	0.019010	0.005548	0.016287	0.531902	1.003728	1.468377	1.198255	0.730300	0.158480	0.004690	0.077921	0.959986	1.908438	1.632515	0.790380	10.915500
126.818000	147.400000	0.003800	0.007215	0.002387	0.002511	0.006575	0.032905	0.241462	0.150209	0.010649	0.006826	0.004867	0.023462	0.522742	0.932756	1.476735	1.247531	0.846471	0.247063	0.004950	0.029842	0.965787	1.934722	1.727234	0.822457	11.251200
135.000000	147.400000	0.003354	0.007118	0.008005	0.001832	0.006240	0.018030	0.178724	0.200601	0.021186	0.002992	0.010263	0.015741	0.373272	0.860461	1.405415	1.405709	0.962046	0.368506	0.005575	0.008931	0.893561	1.920110	1.865032	0.903087	11.445800
143.182000	147.400000	0.000736	0.006894	0.005248	0.000737	0.004165	0.015487	0.133117	0.240792	0.026282	0.003567	0.012975	0.002956	0.254008	0.826464	1.285430	1.430580	0.965909	0.496527	0.027457	0.004024	0.840062	1.749650	1.983049	0.932353	11.248500
151.364000	147.400000	0.003333	0.003483	0.006133	0.001049	0.017657	0.009557	0.105145	0.240083	0.058175	0.004005	0.018160	0.003580	0.157689	0.756636	1.185961	1.497499	1.005602	0.501773	0.074758	0.004783	0.743882	1.681135	1.836701	0.981637	10.898400
159.545000	147.400000	0.001484	0.004964	0.008552	0.000735	0.028478	0.010556	0.054652	0.234162	0.102766	0.003233	0.035929	0.006804	0.080988	0.756611	1.017746	1.472912	1.086002	0.438217	0.092988	0.006038	0.760790	1.466624	1.794414	1.011632	10.477300
167.727000	147.400000	0.001474	0.001594	0.009371	0.001933	0.019686	0.006405	0.022731	0.223217	0.146047	0.006491	0.012623	0.002223	0.051163	0.631852	0.938989	1.480772	1.232150	0.585185	0.244130	0.002376	0.799431	1.369903	1.722800	1.093727	10.606300
175.909000	147.400000	0.003301	0.000000	0.006973	0.005134	0.019743	0.004438	0.010339	0.210547	0.209815	0.007608	0.005698	0.006627	0.016247	0.519629	0.848523	1.437456	1.300552	0.709526	0.375563	0.004969	0.810472	1.199499	1.657227	1.123615	10.493500
184.091000	147.400000	0.000735	0.001927	0.004161	0.005441	0.008137	0.007860	0.003677	0.193309	0.198113	0.010141	0.004166	0.020999	0.004891	0.382089	0.728027	1.332106	1.440894	0.807544	0.516457	0.013874	0.848740	1.127439	1.552023	1.165660	10.378400
192.273000	147.400000	0.000711	0.001430	0.007159	0.002999	0.004354	0.011026	0.006000	0.164096	0.238250	0.018776	0.006310	0.016766	0.001576	0.235071	0.606095	1.194138	1.476746	0.914731	0.600641	0.030616	0.802630	1.034784	1.687537	1.343189	10.405600
200.455000	147.400000	0.001258	0.001194	0.005737	0.002836	0.003760	0.036785	0.008644	0.105408	0.232390	0.054694	0.008430	0.025073	0.004739	0.100593	0.417283	1.081723	1.495656	1.080421	0.691505	0.079797	0.788809	1.065360	1.782414	1.468162	10.542700
208.636000	147.400000	0.000587	0.006034	0.006260	0.004187	0.006502	0.018106	0.005799	0.067236	0.236565	0.106042	0.004216	0.022037	0.003351	0.079372	0.541992	1.045947	1.507802	1.144183	0.798354	0.155750	0.776998	0.994503	1.940219	1.624123	11.096200
216.818000	147.400000	0.000000	0.001202	0.003846	0.003079	0.007962	0.024452	0.005690	0.025014	0.214900	0.175101	0.015680	0.008116	0.004152	0.032465	0.461237	0.957860	1.463231	1.301886	0.835384	0.251497	0.785452	0.957654	1.972553	1.787549	11.296000
225.000000	147.400000	0.003915	0.003047	0.005667	0.005718	0.016528	0.010966	0.004275	0.026130	0.203650	0.178102	0.013988	0.001731	0.003012	0.006440	0.377480	0.929690	1.365809	1.434368	0.865633	0.364178	0.876080	0.937145	1.963460	1.982585	11.579600
233.182000	147.400000	0.002820	0.002674	0.005220	0.010838	0.022251	0.003747	0.004530	0.013439	0.149420	0.197670	0.028452	0.003238	0.027990	0.007576	0.263029	0.841877	1.226416	1.472335	0.965693	0.491161	0.915162	0.750067	1.769634	1.941304	11.116500
241.364000	147.400000	0.001305	0.000737	0.003011	0.006996	0.019869	0.006826	0.019524	0.010875	0.091162	0.227866	0.065244	0.006541	0.080505	0.005299	0.146034	0.774080	1.177660	1.491188	1.014688	0.541568	0.977714	0.779450	1.614159	1.865552	10.927800
249.545000	147.400000	0.004870	0.000576	0.000938	0.005774	0.040298	0.004241	0.038008	0.010642	0.055624	0.235421	0.106546	0.003507	0.111201	0.005375	0.092144	0.703415	1.032679	1.536461	1.046422	0.498721	1.016496	0.746332	1.486291	1.783602	10.565600
257.727000	147.400000	0.000598	0.001378	0.001493	0.003457	0.008902	0.006279	0.019978	0.006396	0.015831	0.240785	0.130397	0.008580	0.210655	0.000758	0.041357	0.620157	0.929926	1.453041	1.239004	0.613290	1.141073	0.843309	1.368466	1.739143	10.644300
265.909000	147.400000	0.000581	0.000000	0.001888	0.005276	0.005033	0.005868	0.023463	0.003309	0.008434	0.196162	0.189733	0.011816	0.350136	0.004907	0.023696	0.516140	0.844817	1.454590	1.372210	0.732710	1.149205	0.807939	1.197848	1.665223	10.571000
274.091000	147.400000	0.004195	0.001494	0.002418	0.007225	0.007171	0.019822	0.005160	0.002839	0.014388	0.181268	0.209089	0.011027	0.510866	0.014830	0.003631	0.374997	0.724215	1.344399	1.462496	0.816709	1.269314	0.826116	1.094442	1.644401	10.552500
282.273000	147.400000	0.002261	0.000769	0.001340	0.007197	0.002252	0.018264	0.002307	0.004343	0.006269	0.137463	0.235907	0.021948	0.599314	0.049960	0.001497	0.264534	0.608681	1.212211	1.510935	0.911639	1.336618	0.817152	1.064888	1.701176	10.518900
290.455000	147.400000	0.003824	0.002132	0.000000	0.007497	0.007514	0.025818	0.002516	0.034664	0.003919	0.103511	0.217695	0.057610	0.747836	0.082093	0.006668	0.097172	0.446574	1.164880	1.548212	1.004042	1.466737	0.781232	1.083764	1.809275	10.705200
298.636000	147.400000	0.008121	0.001449	0.000643	0.003899	0.010996	0.014290	0.004883	0.027331	0.008987	0.061972	0.217631	0.099259	0.719751	0.167639	0.006730	0.075243	0.515068	1.092947	1.536009	1.144104	1.678104	0.770156	0.997711	1.880209	11.043100
306.818000	147.400000	0.004520	0.002298	0.001377	0.010563	0.010830	0.002964	0.001480	0.024047	0.004377	0.021724	0.213953	0.149684	0.855657	0.232607	0.002614	0.028854	0.484447	0.926912	1.442918	1.230522	1.852693	0.804544	0.989518	1.971309	11.270400
315.000000	147.400000	0.009843	0.001474	0.003177	0.003637	0.020910	0.004334	0.013848	0.015203	0.002274	0.016674	0.206202	0.197133	0.910786	0.383233	0.006674	0.007478	0.377197	0.857538	1.299816	1.338134	1.917656	0.902540	0.919668	1.923582	11.339000
323.182000	147.400000	0.007020	0.002549	0.000856	0.005127	0.025309	0.002263	0.019880	0.006732	0.005939	0.014867	0.160602	0.217395	0.921591	0.504239	0.031311	0.006300	0.229174	0.856172	1.249590	1.433215	1.950793	0.923013	0.815076	1.771500	11.160500
331.364000	147.400000	0.004879	0.002093	0.001616	0.003263	0.068354	0.010710	0.027156	0.003510	0.017625	0.006445	0.115216	0.230419	1.039336	0.490158	0.077324	0.006308	0.173092	0.756990	1.090578	1.467721	1.864025	1.006441	0.771487	1.600859	10.835600
339.545000	147.400000	0.009591	0.005640	0.002817	0.002357	0.106773	0.003698	0.031527	0.000000	0.030543	0.007687	0.054531	0.208755	1.094382	0.486179	0.104230	0.002511	0.089011	0.699101	0.995293	1.490465	1.806357	0.992108	0.734048	1.480026	10.437600
347.727000	147.400000	0.008515	0.001890	0.002259	0.001786	0.138796	0.008594	0.010413	0.001504	0.010756	0.011032	0.019790	0.209353	1.201704	0.610648	0.231608	0.001494	0.045848	0.638681	0.918250	1.515301	1.706322	1.144047	0.824442	1.341029	10.604100
355.909000	147.400000	0.007488	0.000000	0.002088	0.001385	0.176000	0.009472	0.005666	0.007602	0.021151	0.003123	0.004934	0.200007	1.319427	0.741313	0.373658	0.006578	0.019563	0.521537	0.859055	1.443088	1.631712	1.166271	0.821558	1.225342	10.568000
4.500000	150.434000	0.003169	0.000747	0.003338	0.001688	0.140157	0.012497	0.002756	0.018583	0.025359	0.007725	0.006716	0.110589	1.344648	0.817029	0.537347	0.031221	0.023814	0.406366	0.724214	1.262743	1.718265	1.206500	0.881441	1.131109	10.418000
13.500000	150.434000	0.004695	0.000758	0.001474	0.000735	0.154400	0.005892	0.009801	0.028404	0.009135	0.008480	0.010800	0.074194	1.358887	0.955886	0.658768	0.110538	0.013822	0.276850	0.637000	1.130800	1.742841	1.423805	0.916723	1.113318	10.648000
22.500000	150.434000	0.006709	0.003642	0.000736	0.002911	0.140417	0.034948	0.013679	0.026211	0.007246	0.038904	0.006058	0.049295	1.384063	1.095911	0.724226	0.162688	0.013719	0.127007	0.456653	1.026611	1.811276	1.598235	0.798078	1.063220	10.592400
31.500000	150.434000	0.004375	0.001417	0.001499	0.002426	0.150847	0.068288	0.015267	0.005794	0.017573	0.027906	0.008218	0.017001	1.378973	1.141514	0.827860	0.248096	0.018610	0.113198	0.518738	0.956141	1.892842	1.714759	0.818960	1.000435	10.950700
40.500000	150.434000	0.007959	0.005020	0.000536	0.003334	0.132633	0.112056	0.017785	0.007590	0.045687	0.030289	0.002918	0.014655	1.303763	1.224641	0.837405	0.368688	0.036949	0.058882	0.484290	0.900277	1.844866	1.938251	0.902319	0.980958	11.261700
49.500000	150.434000	0.004819	0.010441	0.003583	0.004057	0.112788	0.125364	0.013812	0.004715	0.027405	0.044665	0.005117	0.019702	1.231924	1.332660	0.892363	0.489732	0.068430	0.031153	0.349182	0.826116	1.866389	2.008643	0.963238	0.882597	11.318900
58.500000	150.434000	0.001761	0.008082	0.002241	0.001406	0.062979	0.145669	0.014962	0.005334	0.026811	0.014764	0.008709	0.018652	1.122955	1.344580	0.997155	0.510585	0.107945	0.011001	0.278172	0.761241	1.707713	1.846110	1.022046	0.841910	10.862800
67.500000	150.434000	0.001459	0.004938	0.002220	0.001728	0.035393	0.163186	0.036735	0.009443	0.038095	0.007051	0.032110	0.015592	1.029078	1.368862	1.019025	0.457510	0.139632	0.012633	0.179274	0.697434	1.506468	1.899945	1.093578	0.798754	10.550100
76.500000	150.434000	0.002119	0.008714	0.002770	0.001906	0.015525	0.150542	0.056166	0.017220	0.010690	0.011557	0.029111	0.010691	0.926587	1.352678	1.175104	0.580247	0.293781	0.012852	0.108851	0.658129	1.428657	1.792050	1.174776	0.863625	10.684400
85.500000	150.434000	0.000741	0.006474	0.000947	0.000622	0.004141	0.127581	0.103478	0.007614	0.011252	0.029380	0.014390	0.004440	0.852789	1.314462	1.165932	0.734144	0.424841	0.024033	0.055035	0.540123	1.270060	1.626396	1.147067	0.854454	10.320400
94.500000	150.434000	0.000758	0.005067	0.002460	0.002992	0.008638	0.105167	0.126128	0.005168	0.007975	0.024218	0.026797	0.009566	0.734741	1.260142	1.346989	0.821220	0.542345	0.042902	0.037626	0.408410	1.117313	1.713900	1.245032	0.901624	10.497200
103.500000	150.434000	0.000860	0.004072	0.001881	0.001429	0.008433	0.079098	0.140925	0.016047	0.005703	0.024454	0.008232	0.014066	0.620156	1.113125	1.397793	0.896310	0.635278	0.107057	0.023304	0.270795	1.173555	1.766411	1.382728	0.850558	10.542300
112.500000	150.434000	0.001469	0.003214	0.001271	0.001554	0.009184	0.048951	0.138587	0.041733	0.011829	0.024315	0.004953	0.040243	0.461271	1.067355	1.431450	1.033912	0.706491	0.142138	0.020147	0.130178	1.108425	1.795726	1.567325	0.797570	10.589300
121.500000	150.434000	0.001926	0.002235	0.001999	0.001079	0.010251	0.024766	0.133422	0.060907	0.010960	0.008241	0.013171	0.025388	0.526652	0.988074	1.381767	1.145416	0.798737	0.241299	0.016577	0.116533	1.024563	1.925403	1.720889	0.851106	11.031400
130.500000	150.434000	0.003476	0.006581	0.002676	0.001839	0.004310	0.012986	0.132103	0.097938	0.012578	0.006831	0.041158	0.033848	0.487076	0.899831	1.282365	1.177445	0.874560	0.355440	0.032536	0.064186	0.976659	1.975109	1.916287	0.895709	11.293500
139.500000	150.434000	0.002879	0.004558	0.004765	0.002782	0.005263	0.011011	0.106348	0.120039	0.015552	0.003038	0.024672	0.035897	0.377078	0.900974	1.284198	1.358853	0.902337	0.495208	0.051690	0.034079	0.945193	1.915699	1.954333	0.943495	11.499900
148.500000	150.434000	0.002702	0.005860	0.002181	0.002775	0.007774	0.016857	0.064232	0.153447	0.016473	0.008926	0.028013	0.011631	0.243564	0.808401	1.095814	1.351491	0.973108	0.519531	0.109719	0.014113	0.839494	1.731814	1.897151	1.045021	10.950100
157.500000	150.434000	0.002782	0.005025	0.007185	0.001254	0.031631	0.011108	0.035505	0.135678	0.029442	0.007429	0.032170	0.010194	0.158013	0.787837	1.036913	1.459250	1.029042	0.493000	0.134316	0.010842	0.798169	1.565867	1.801313	1.064403	10.648400
166.500000	150.434000	0.002069	0.000586	0.006054	0.002963	0.034485	0.007353	0.011613	0.148672	0.074556	0.008855	0.011213	0.008331	0.098171	0.685495	0.945006	1.383113	1.130385	0.628371	0.274371	0.013748	0.896771	1.381914	1.768571	1.168047	10.690700
175.500000	150.434000	0.001516	0.002551	0.003284	0.002140	0.012531	0.008213	0.002979	0.131101	0.118330	0.009666	0.007428	0.020850	0.050838	0.567562	0.845811	1.299941	1.236663	0.691469	0.426092	0.029379	0.870771	1.232908	1.737594	1.122281	10.431900
184.500000	150.434000	0.000758	0.001433	0.002579	0.000000	0.027774	0.005175	0.008615	0.114457	0.123336	0.004854	0.003660	0.017744	0.034311	0.461091	0.755126	1.161589	1.360516	0.831893	0.554865	0.039551	0.864172	1.158727	1.687514	1.242205	10.462000
193.500000	150.434000	0.002996	0.003033	0.005569	0.000000	0.017510	0.011165	0.010289	0.066664	0.144796	0.015130	0.011934	0.030277	0.015992	0.269677	0.589783	1.164936	1.455823	0.946369	0.668704	0.113348	0.885479	1.116263	1.731509	1.417257	10.694500
202.500000	150.434000	0.000000	0.002945	0.005110	0.001573	0.006183	0.039126	0.008406	0.037451	0.150851	0.040276	0.010934	0.032610	0.016887	0.124937	0.467707	0.976627	1.433712	0.999210	0.735366	0.176819	0.838408	1.039521	1.815619	1.546425	10.506700
211.500000	150.434000	0.002609	0.001642	0.004115	0.005438	0.009283	0.022253	0.006572	0.022084	0.153620	0.054743	0.010533	0.008691	0.005131	0.118292	0.523227	0.982930	1.333859	1.105876	0.769642	0.248379	0.809487	0.986001	1.960146	1.757996	10.902600
220.500000	150.434000	0.001967	0.003181	0.010384	0.002934	0.045148	0.025057	0.005769	0.017196	0.135083	0.098755	0.021003	0.008754	0.021588	0.053674	0.489940	0.882047	1.266554	1.206975	0.845146	0.365997	0.921312	0.909453	1.956301	1.898463	11.192700
229.500000	150.434000	0.002219	0.004003	0.003200	0.006124	0.026226	0.034517	0.005146	0.014151	0.108072	0.107443	0.014031	0.006478	0.056083	0.037340	0.388984	0.858466	1.255663	1.322707	0.896932	0.480220	0.978976	0.906412	1.888963	1.923039	11.325400
238.500000	150.434000	0.001475	0.003131	0.002143	0.005352	0.026969	0.014245	0.010948	0.011956	0.071656	0.156058	0.015836	0.009422	0.109459	0.014941	0.234842	0.757305	1.098319	1.405845	1.036801	0.502575	1.015869	0.832218	1.698620	1.874487	10.910500
247.500000	150.434000	0.000000	0.000736	0.000587	0.006171	0.043952	0.007465	0.031514	0.008161	0.032953	0.146827	0.033832	0.004536	0.132733	0.014661	0.156169	0.725462	0.995700	1.421871	1.052130	0.467170	1.061484	0.827168	1.570571	1.772575	10.514400
256.500000	150.434000	0.000000	0.002022	0.002858	0.005265	0.013530	0.013412	0.028606	0.010693	0.009502	0.140163	0.080828	0.013117	0.283996	0.018195	0.105539	0.645206	0.918220	1.445282	1.129624	0.615751	1.189320	0.819893	1.390215	1.736451	10.617700
265.500000	150.434000	0.002891	0.001592	0.000723	0.008382	0.008356	0.028324	0.015697	0.005092	0.006713	0.111130	0.109013	0.008937	0.442148	0.036053	0.050005	0.533288	0.842472	1.318161	1.248798	0.706174	1.152699	0.878217	1.311171	1.637457	10.463500
274.500000	150.434000	0.000758	0.002316	0.001357	0.006865	0.007372	0.019013	0.026358	0.003065	0.014980	0.102351	0.135755	0.005015	0.588527	0.051656	0.034750	0.450761	0.721987	1.275727	1.311884	0.845869	1.259384	0.910444	1.208502	1.722891	10.707600
283.500000	150.434000	0.001361	0.000731	0.000000	0.007655	0.006704	0.033481	0.012293	0.009817	0.007814	0.071119	0.130560	0.011344	0.704639	0.105753	0.011078	0.278293	0.575869	1.126600	1.373239	0.930353	1.419111	0.878035	1.171213	1.807375	10.674400
292.500000	150.434000	0.002871	0.000131	0.000757	0.002277	0.013112	0.027007	0.003701	0.036890	0.012202	0.040349	0.149508	0.030830	0.690196	0.169397	0.015888	0.143631	0.460144	1.048061	1.403414	1.061308	1.611219	0.816710	1.086330	1.857556	10.683500
301.500000	150.434000	0.001248	0.001438	0.000767	0.003418	0.011367	0.009641	0.012531	0.027678	0.006646	0.020217	0.143108	0.066416	0.801597	0.261507	0.010489	0.118223	0.522285	0.993312	1.366770	1.132048	1.750724	0.876404	0.966498	1.891813	10.996100
310.500000	150.434000	0.003037	0.001204	0.002232	0.005179	0.014256	0.005283	0.043149	0.017506	0.004990	0.011288	0.118393	0.098668	0.862352	0.371270	0.029087	0.055308	0.463511	0.916803	1.341606	1.246819	1.801166	0.930189	0.984957	1.912453	11.240700
319.500000	150.434000	0.004735	0.001215	0.003511	0.005539	0.013495	0.006973	0.030313	0.047016	0.007988	0.013673	0.092977	0.116429	0.905671	0.494433	0.060701	0.021882	0.358581	0.822912	1.261081	1.306433	1.951234	0.911011	0.958001	1.866626	11.262400
328.500000	150.434000	0.007406	0.004602	0.001347	0.004558	0.023008	0.003938	0.022896	0.016180	0.010365	0.014047	0.059932	0.122290	0.986280	0.532489	0.120156	0.008914	0.268248	0.790947	1.107967	1.355257	1.856267	0.965412	0.820088	1.775866	10.878500
337.500000	150.434000	0.004918	0.000000	0.002049	0.003023	0.055357	0.006960	0.035652	0.011107	0.027608	0.015841	0.039064	0.164934	1.028990	0.462258	0.136675	0.010839	0.184935	0.776333	1.027052	1.388145	1.781735	1.026696	0.782199	1.569565	10.541900
346.500000	150.434000	0.006840	0.002405	0.001464	0.002284	0.076934	0.018435	0.010970	0.013308	0.036361	0.009738	0.009420	0.137638	1.120816	0.583206	0.273649	0.015033	0.101451	0.630988	0.961731	1.318885	1.751335	1.145359	0.867069	1.366125	10.461400
355.500000	150.434000	0.002870	0.000620	0.001488	0.000000	0.116317	0.013270	0.006656	0.037202	0.024840	0.005935	0.007424	0.138018	1.219359	0.730444	0.415247	0.036050	0.039569	0.558915	0.855020	1.332106	1.663628	1.162788	0.863055	1.210300	10.441100
5.000000	153.448000	0.003635	0.000740	0.001955	0.000156	0.062469	0.004131	0.006477	0.042942	0.020598	0.008918	0.008346	0.051034	1.246140	0.838670	0.569228	0.118233	0.081098	0.463376	0.726238	1.083595	1.736451	1.354725	0.878458	1.197814	10.505400
15.000000	153.448000	0.005794	0.002187	0.000627	0.002809	0.092731	0.003519	0.016343	0.050057	0.047075	0.010974	0.020567	0.021318	1.263840	0.934049	0.681572	0.168025	0.063748	0.312143	0.642514	1.104486	1.729496	1.491256	0.881743	1.222492	10.769400
25.000000	153.448000	0.006870	0.005464	0.002298	0.003368	0.063597	0.009644	0.019308	0.011521	0.040927	0.044003	0.010028	0.016943	1.261725	1.057859	0.772069	0.246412	0.059466	0.182709	0.475060	1.015408	1.874407	1.637661	0.855615	1.113271	10.785600
35.000000	153.448000	0.003982	0.002006	0.000000	0.001892	0.068302	0.032037	0.028732	0.005969	0.038328	0.032932	0.005071	0.010308	1.203152	1.105847	0.810243	0.379962	0.073071	0.156165	0.525721	0.883460	1.908325	1.758313	0.868871	1.078181	10.980900
45.000000	153.448000	0.005289	0.006080	0.003377	0.002981	0.054033	0.056105	0.012997	0.007511	0.024248	0.037469	0.004944	0.012301	1.229040	1.199635	0.883533	0.515812	0.095658	0.095689	0.468269	0.911362	1.932144	1.861627	0.972566	1.010191	11.402900
55.000000	153.448000	0.004837	0.005994	0.002171	0.002512	0.021033	0.072939	0.020375	0.004912	0.033990	0.041745	0.003603	0.017304	1.084670	1.239422	0.882449	0.557017	0.150971	0.065365	0.364752	0.844130	1.827845	1.905679	1.023861	0.926257	11.103800
65.000000	153.448000	0.001959	0.000918	0.000000	0.000847	0.008828	0.075599	0.015970	0.007405	0.034583	0.040620	0.007891	0.018613	1.029934	1.245122	0.964911	0.455405	0.165266	0.058143	0.266581	0.721339	1.645679	1.818696	1.091198	0.878338	10.553800
75.000000	153.448000	0.004298	0.006174	0.000643	0.000000	0.005768	0.060657	0.023411	0.019802	0.016457	0.040598	0.053260	0.017682	0.949784	1.183756	1.082974	0.675901	0.325426	0.069860	0.169742	0.714954	1.477492	1.753755	1.251965	0.856517	10.760900
85.000000	153.448000	0.000616	0.008824	0.001270	0.004483	0.002933	0.066056	0.045457	0.016138	0.008201	0.028015	0.039908	0.008440	0.835966	1.236222	1.132511	0.736232	0.495683	0.070576	0.101077	0.584110	1.332411	1.762260	1.199341	0.926209	10.642900
95.000000	153.448000	0.000000	0.005006	0.000000	0.006136	0.013722	0.043693	0.066826	0.004395	0.007335	0.031785	0.021703	0.006212	0.761630	1.108704	1.231777	0.850269	0.603794	0.116891	0.075089	0.475552	1.174742	1.679111	1.358152	0.908176	10.550700
105.000000	153.448000	0.003045	0.005390	0.002044	0.001962	0.016156	0.036347	0.081105	0.009678	0.015140	0.043999	0.040035	0.012259	0.595013	1.085725	1.270897	0.928263	0.665749	0.172368	0.059256	0.326760	1.175398	1.808279	1.509714	0.899601	10.764200
115.000000	153.448000	0.003321	0.003142	0.003784	0.001970	0.011448	0.015893	0.086551	0.012873	0.015399	0.011969	0.048569	0.050121	0.466583	1.037680	1.261103	1.056552	0.738550	0.248511	0.063967	0.163013	1.110616	1.857624	1.596821	0.841455	10.707500
125.000000	153.448000	0.002132	0.003817	0.000736	0.004146	0.013520	0.013771	0.075100	0.037797	0.013454	0.005830	0.036862	0.041739	0.567979	0.936500	1.225353	1.168510	0.820713	0.395880	0.071053	0.146351	1.049379	1.932788	1.802726	0.925124	11.291300
135.000000	153.448000	0.000584	0.004100	0.003455	0.000000	0.004288	0.014509	0.065520	0.071892	0.016974	0.008296	0.024095	0.042502	0.477984	0.905992	1.177490	1.229888	0.895121	0.492552	0.090356	0.096246	0.981832	1.925821	1.886384	0.980527	11.396400
145.000000	153.448000	0.001052	0.002357	0.003456	0.001228	0.004369	0.014180	0.036572	0.073878	0.011319	0.007106	0.039649	0.041876	0.380239	0.750014	1.114655	1.238653	0.899792	0.540431	0.160208	0.077684	0.896631	1.822055	1.914602	1.041351	11.073400
155.000000	153.448000	0.000000	0.002426	0.005866	0.002694	0.019936	0.019831	0.012445	0.090079	0.015543	0.013828	0.046177	0.037261	0.271128	0.746048	0.993406	1.271565	0.986217	0.466292	0.167627	0.064109	0.900597	1.626747	1.827766	1.101315	10.688900
165.000000	153.448000	0.004149	0.000000	0.007127	0.001935	0.033517	0.017708	0.005927	0.063404	0.022939	0.019084	0.011041	0.044208	0.186499	0.676304	0.942171	1.274121	1.108283	0.615243	0.312720	0.070468	0.868306	1.416341	1.741642	1.233858	10.677000
175.000000	153.448000	0.005007	0.000000	0.003139	0.001215	0.027220	0.013426	0.002496	0.067449	0.046381	0.008401	0.010614	0.025359	0.088990	0.585022	0.839816	1.227038	1.135113	0.746205	0.487909	0.087454	0.897205	1.309577	1.688170	1.136685	10.439900
185.000000	153.448000	0.001571	0.001306	0.006578	0.000620	0.026383	0.008258	0.012115	0.038028	0.066794	0.003972	0.008775	0.027551	0.085540	0.475247	0.754300	1.103526	1.223329	0.875510	0.611955	0.115783	0.868574	1.207710	1.745103	1.377673	10.646200
195.000000	153.448000	0.001465	0.000000	0.006889	0.001357	0.048126	0.018096	0.019988	0.028039	0.074632	0.002752	0.014087	0.044862	0.058727	0.309198	0.611149	1.094924	1.301400	0.977215	0.701427	0.167411	0.903738	1.184977	1.821580	1.480738	10.872800
205.000000	153.448000	0.000735	0.000769	0.010762	0.002252	0.047440	0.041426	0.013461	0.016334	0.068869	0.012172	0.023093	0.019165	0.058616	0.160624	0.438530	1.028514	1.269110	1.026223	0.772270	0.245393	0.843444	1.090216	1.848361	1.635964	10.673700
215.000000	153.448000	0.001254	0.000000	0.003693	0.004005	0.035207	0.035264	0.004580	0.013996	0.080529	0.026308	0.016997	0.010487	0.056978	0.135849	0.531249	0.957150	1.213534	1.100705	0.833691	0.389848	0.934250	1.010097	1.963517	1.774576	11.133800
225.000000	153.448000	0.001181	0.003525	0.001160	0.004572	0.028825	0.025970	0.006900	0.009876	0.052910	0.048577	0.015602	0.007354	0.098432	0.096105	0.506389	0.879358	1.217900	1.186798	0.859829	0.476097	0.983179	1.012609	1.921105	1.904209	11.348500
235.000000	153.448000	0.001179	0.000000	0.001372	0.003540	0.035257	0.038685	0.006712	0.020000	0.039896	0.072954	0.012007	0.009233	0.167425	0.058535	0.348015	0.822884	1.160899	1.247486	0.949238	0.583124	1.006675	0.893823	1.863980	1.910237	11.253200
245.000000	153.448000	0.003388	0.000696	0.003251	0.003075	0.041306	0.048313	0.015510	0.016539	0.008987	0.087282	0.015832	0.007930	0.168107	0.056781	0.242043	0.750730	1.049370	1.346786	0.995768	0.423335	1.136051	0.863175	1.610212	1.819024	10.713500
255.000000	153.448000	0.000673	0.001403	0.002257	0.007791	0.013384	0.040848	0.039833	0.020738	0.004811	0.085553	0.023620	0.011189	0.349955	0.062534	0.174732	0.679733	0.924412	1.298335	1.058437	0.593468	1.254521	0.896076	1.489560	1.785275	10.819100
265.000000	153.448000	0.000000	0.004021	0.001557	0.001933	0.002969	0.010133	0.026202	0.007147	0.005073	0.071099	0.056151	0.010444	0.503385	0.075897	0.101775	0.574928	0.830780	1.198436	1.116677	0.691719	1.203005	0.950677	1.366680	1.728987	10.539700
275.000000	153.448000	0.000000	0.004164	0.000000	0.007145	0.007094	0.030322	0.017810	0.005118	0.013930	0.033708	0.073805	0.006144	0.624622	0.114449	0.079272	0.487355	0.730189	1.114786	1.216056	0.817426	1.321316	0.962050	1.226428	1.760100	10.653300
285.000000	153.448000	0.001857	0.000000	0.001924	0.003221	0.008834	0.046337	0.043321	0.012385	0.011727	0.036416	0.075367	0.003454	0.625941	0.172297	0.065093	0.334146	0.599227	1.098710	1.234243	0.906389	1.507067	0.921465	1.288009	1.773276	10.770700
295.000000	153.448000	0.002048	0.000159	0.000735	0.006166	0.016265	0.012361	0.048960	0.036385	0.008594	0.016384	0.077009	0.006417	0.738576	0.247639	0.060200	0.167286	0.456102	1.003961	1.248210	1.046106	1.652816	0.821002	1.115432	1.881566	10.670400
305.000000	153.448000	0.002780	0.000133	0.001569	0.001496	0.021603	0.007281	0.036474	0.044829	0.005364	0.012751	0.069828	0.029467	0.813389	0.346760	0.079801	0.158892	0.508210	0.941668	1.196434	1.123051	1.744707	0.898470	1.074698	1.906561	11.026200
315.000000	153.448000	0.004445	0.004390	0.004122	0.006162	0.016232	0.004627	0.030325	0.036440	0.003547	0.015569	0.058228	0.056989	0.828202	0.481851	0.093540	0.089746	0.466788	0.855043	1.160910	1.204147	1.934666	0.996466	0.982414	1.983264	11.318100
325.000000	153.448000	0.005759	0.001148	0.001246	0.002128	0.013732	0.009380	0.041134	0.041449	0.005836	0.023023	0.041438	0.063010	0.892937	0.555109	0.157815	0.064277	0.379391	0.816671	1.093254	1.212765	1.937176	1.068878	0.935615	1.830763	11.193900
335.000000	153.448000	0.004954	0.000758	0.000921	0.002221	0.011387	0.010716	0.031745	0.042733	0.017710	0.026752	0.012468	0.077611	1.024960	0.452950	0.180514	0.064654	0.276526	0.711101	1.106214	1.253661	1.807635	1.108205	0.845601	1.663209	10.735200
345.000000	153.448000	0.003901	0.000666	0.000000	0.001434	0.033104	0.020266	0.008475	0.046045	0.046211	0.010068	0.003818	0.074435	1.134140	0.613605	0.338537	0.057326	0.186766	0.678974	0.926980	1.256477	1.748281	1.191718	0.859612	1.468399	10.709200
355.000000	153.448000	0.003367	0.000738	0.002104	0.002040	0.046257	0.011355	0.007177	0.016122	0.024825	0.004811	0.007062	0.052465	1.137103	0.707278	0.457889	0.078017	0.096781	0.610366	0.845041	1.219845	1.821761	1.161419	0.924787	1.310753	10.549400
5.625000	156.444000	0.006236	0.002540	0.000695	0.003061	0.028341	0.009623	0.009009	0.048568	0.027038	0.009546	0.022731	0.010640	1.117197	0.832979	0.633615	0.182376	0.150361	0.536899	0.708670	1.070920	1.809965	1.372436	0.948247	1.230759	10.772500
16.875000	156.444000	0.005359	0.001412	0.000000	0.001792	0.026819	0.006625	0.020475	0.025791	0.033170	0.015022	0.022334	0.012719	1.173577	0.922293	0.684654	0.286851	0.139832	0.381222	0.609290	1.045138	1.775176	1.550112	0.890390	1.288574	10.918600
28.125000	156.444000	0.005197	0.001375	0.000000	0.000726	0.030335	0.004179	0.028943	0.006338	0.032214	0.025893	0.011607	0.009890	1.166757	1.011562	0.779674	0.380482	0.094908	0.218747	0.488248	1.004481	1.861073	1.679733	0.892965	1.154305	10.889600
39.375000	156.444000	0.004833	0.001879	0.000736	0.000768	0.021026	0.012947	0.013482	0.003761	0.057396	0.054175	0.006439	0.006617	1.098777	1.087018	0.813243	0.530011	0.133751	0.180411	0.566359	0.915950	1.939190	1.820664	1.024623	1.081321	11.375400
50.625000	156.444000	0.002107	0.005175	0.003605	0.001918	0.008062	0.024850	0.015396	0.009218	0.070940	0.045684	0.009488	0.023733	1.078720	1.130831	0.868446	0.570098	0.209158	0.160669	0.516288	0.825137	1.881951	1.938918	1.099035	1.019950	11.519400
61.875000	156.444000	0.002057	0.006470	0.001900	0.001345	0.002265	0.042756	0.004939	0.011749	0.030195	0.029168	0.007936	0.020691	0.994619	1.194975	0.968590	0.445611	0.233456	0.101609	0.382706	0.790995	1.735298	1.828117	1.192091	0.923175	10.952700
73.125000	156.444000	0.001169	0.004438	0.002073	0.002134	0.004738	0.041048	0.009730	0.024082	0.010177	0.038972	0.037720	0.024764	0.941026	1.135215	1.002155	0.613029	0.363281	0.123500	0.288543	0.719383	1.498992	1.795183	1.197429	0.857333	10.736100
84.375000	156.444000	0.000835	0.005142	0.001305	0.000837	0.007259	0.027343	0.018535	0.014634	0.011251	0.021123	0.044207	0.007620	0.840205	1.107829	1.084892	0.750578	0.506936	0.165095	0.174219	0.602134	1.374936	1.677245	1.177015	1.002688	10.623900
95.625000	156.444000	0.002096	0.008027	0.001716	0.002087	0.019998	0.014081	0.026339	0.001780	0.008309	0.036984	0.031767	0.008610	0.760239	1.089366	1.115444	0.824277	0.577055	0.189774	0.160452	0.510935	1.203254	1.801132	1.383689	0.961365	10.738800
106.875000	156.444000	0.002200	0.006444	0.000758	0.000000	0.021695	0.007210	0.028123	0.001582	0.023117	0.023914	0.030692	0.014275	0.619736	0.974237	1.148617	0.957461	0.709140	0.290363	0.131665	0.399806	1.289117	1.802670	1.507520	0.925367	10.915700
118.125000	156.444000	0.000195	0.003720	0.002252	0.001516	0.018927	0.008871	0.031461	0.003013	0.027993	0.007071	0.028841	0.032550	0.432777	0.966097	1.205120	1.025227	0.795136	0.391243	0.095106	0.237684	1.129745	1.864172	1.720923	0.874205	10.903800
129.375000	156.444000	0.003755	0.002428	0.002121	0.002379	0.005138	0.010034	0.016236	0.013433	0.021237	0.006071	0.043311	0.066350	0.567598	0.873453	1.197984	1.085114	0.845334	0.485969	0.160502	0.213728	1.042415	1.883127	1.846031	1.049196	11.442900
140.625000	156.444000	0.000608	0.003277	0.008115	0.000727	0.005909	0.020349	0.010406	0.016600	0.012784	0.007204	0.061262	0.048710	0.483447	0.813393	1.088021	1.133134	0.939103	0.574728	0.192380	0.138795	0.996696	1.837255	1.964874	1.052105	11.409900
151.875000	156.444000	0.002814	0.002109	0.002738	0.000565	0.009945	0.021750	0.000241	0.030535	0.009902	0.009930	0.031542	0.031135	0.404335	0.819366	0.988813	1.145687	0.938776	0.466892	0.223263	0.099298	0.923598	1.777901	1.822858	1.200834	10.964800
163.125000	156.444000	0.000737	0.001024	0.001655	0.000000	0.028306	0.020442	0.002170	0.034387	0.010518	0.020388	0.017929	0.036497	0.268159	0.685976	0.956698	1.133100	0.957817	0.617722	0.370015	0.123862	0.896504	1.586439	1.916355	1.221904	10.908600
174.375000	156.444000	0.002697	0.003040	0.005529	0.000758	0.046380	0.008287	0.006529	0.023898	0.009969	0.020730	0.008396	0.029582	0.193221	0.631239	0.873456	1.148153	1.046407	0.770245	0.513936	0.154559	0.981090	1.397860	1.812407	1.213998	10.902400
185.625000	156.444000	0.001492	0.000758	0.009983	0.000769	0.025436	0.008835	0.015926	0.013446	0.020224	0.006062	0.010599	0.046122	0.151489	0.565337	0.735110	1.058549	1.084868	0.862531	0.626988	0.166244	1.002771	1.230635	1.823174	1.398788	10.866100
196.875000	156.444000	0.000758	0.002138	0.008668	0.001263	0.028079	0.014202	0.023298	0.013289	0.032601	0.002077	0.021206	0.026072	0.112785	0.371031	0.623731	1.044789	1.161770	0.944094	0.710105	0.302817	0.903678	1.282829	1.890365	1.509691	11.031300
208.125000	156.444000	0.000758	0.003947	0.003716	0.003326	0.036831	0.032270	0.014895	0.009777	0.031623	0.002605	0.025622	0.009513	0.108080	0.242120	0.448887	1.001192	1.111153	1.014916	0.795662	0.402740	0.974764	1.158343	1.897852	1.725119	11.055700
219.375000	156.444000	0.001386	0.002289	0.004347	0.001922	0.041344	0.061540	0.011131	0.016340	0.031197	0.015613	0.019092	0.008320	0.158886	0.196797	0.587815	0.865480	1.144636	1.048009	0.818176	0.455208	1.007909	1.059780	1.970517	1.794923	11.322700
230.625000	156.444000	0.000608	0.001950	0.002290	0.004842	0.063165	0.040239	0.009575	0.017887	0.014909	0.018308	0.009303	0.011837	0.203099	0.154563	0.476194	0.814849	1.037955	1.113135	0.860362	0.567467	1.085065	0.976769	1.833941	1.901132	11.219400
241.875000	156.444000	0.001588	0.001257	0.001805	0.004453	0.033152	0.025779	0.009474	0.023705	0.004307	0.025573	0.007918	0.016915	0.213319	0.100798	0.382296	0.784198	0.959791	1.129588	0.964502	0.439948	1.147938	0.920448	1.678738	1.883161	10.760600
253.125000	156.444000	0.000131	0.000000	0.001994	0.005144	0.010173	0.038757	0.027686	0.012867	0.004002	0.033889	0.010118	0.025239	0.366398	0.119198	0.276896	0.691249	0.934731	1.146456	1.028411	0.638293	1.325569	0.920357	1.554014	1.785818	10.957400
264.375000	156.444000	0.000000	0.005059	0.001863	0.004136	0.007532	0.026711	0.047004	0.017422	0.004218	0.034621	0.016925	0.023167	0.495830	0.168214	0.180528	0.618141	0.844304	1.100279	1.093545	0.715496	1.250155	0.981738	1.353662	1.792163	10.782700
275.625000	156.444000	0.000601	0.000000	0.001011	0.001990	0.011761	0.036963	0.029988	0.007416	0.016462	0.022341	0.033807	0.006376	0.616915	0.199898	0.166674	0.505623	0.715729	1.053432	1.102023	0.821564	1.370728	0.953313	1.214722	1.755395	10.644700
286.875000	156.444000	0.001367	0.000000	0.000000	0.003764	0.018250	0.022530	0.031788	0.016528	0.022110	0.009687	0.027737	0.004262	0.697707	0.295522	0.116693	0.389004	0.666358	1.002074	1.177920	0.893574	1.562417	0.867130	1.293460	1.937244	11.057100
298.125000	156.444000	0.002227	0.000587	0.002993	0.004361	0.015138	0.012590	0.034521	0.032737	0.009482	0.008715	0.040561	0.002340	0.785420	0.389266	0.120072	0.255595	0.430383	0.988583	1.197045	1.006322	1.747863	0.900809	1.208671	1.903564	11.099800
309.375000	156.444000	0.002696	0.001485	0.005475	0.003395	0.015686	0.004651	0.047383	0.065903	0.005016	0.016815	0.020945	0.015678	0.839163	0.521948	0.155907	0.216095	0.552190	0.922117	1.165819	1.071460	1.840071	1.018351	1.114999	1.907941	11.531200
320.625000	156.444000	0.003788	0.001267	0.000000	0.002077	0.013540	0.006690	0.070526	0.043117	0.003712	0.016131	0.016451	0.023764	0.877297	0.534561	0.182682	0.141810	0.455062	0.847884	1.069788	1.119310	1.898927	1.048353	1.017204	1.840603	11.234500
331.875000	156.444000	0.003185	0.001866	0.001345	0.000671	0.012678	0.014081	0.038926	0.034181	0.007981	0.017746	0.005143	0.029675	0.962338	0.442470	0.222821	0.090646	0.394618	0.775835	1.038350	1.136787	1.865914	1.139399	0.912135	1.699333	10.848100
343.125000	156.444000	0.005267	0.001850	0.001978	0.001577	0.010386	0.018418	0.019207	0.037088	0.023563	0.011168	0.005251	0.037900	0.985218	0.615285	0.365921	0.126895	0.282193	0.740418	0.901623	1.203378	1.760711	1.291730	0.901088	1.559578	10.907700
354.375000	156.444000	0.003324	0.000563	0.001349	0.000751	0.018557	0.012428	0.005142	0.026980	0.047907	0.006500	0.010155	0.023222	1.016389	0.757766	0.496970	0.137005	0.181331	0.589222	0.835043	1.105254	1.759139	1.243087	0.975190	1.399523	10.652800
6.428570	159.423000	0.007455	0.000748	0.000192	0.002508	0.009183	0.008503	0.014069	0.042008	0.045737	0.005761	0.024665	0.005396	1.059615	0.789382	0.621594	0.277131	0.217942	0.556722	0.736792	1.013912	1.767949	1.420435	1.079154	1.260696	10.967600
19.285700	159.423000	0.003570	0.001495	0.000538	0.001635	0.008131	0.003904	0.020130	0.013363	0.053218	0.010930	0.024558	0.012589	1.072015	0.886170	0.711660	0.361846	0.213991	0.408064	0.599522	0.958005	1.784314	1.616704	0.968598	1.336347	11.071300
32.142900	159.423000	0.002823	0.001920	0.001937	0.003125	0.004204	0.001102	0.024865	0.007388	0.069752	0.021850	0.009627	0.011068	1.101362	0.951340	0.818833	0.487004	0.197664	0.296427	0.446861	0.935322	1.849243	1.763052	0.997133	1.199239	11.203100
45.000000	159.423000	0.000844	0.000605	0.000881	0.000000	0.004192	0.005717	0.013976	0.008847	0.054100	0.059715	0.008623	0.011888	1.010375	1.025141	0.843076	0.552633	0.268449	0.258289	0.571206	0.890070	1.882890	1.896235	1.049677	1.115712	11.533100
57.857100	159.423000	0.001204	0.003285	0.002972	0.001641	0.002742	0.005042	0.008890	0.013385	0.020178	0.060018	0.003382	0.018209	0.979398	1.051688	0.897775	0.454261	0.286355	0.192380	0.480568	0.813921	1.784043	1.961594	1.227208	1.012393	11.282500
70.714300	159.423000	0.000739	0.006265	0.001470	0.000608	0.001150	0.012655	0.004598	0.017885	0.014987	0.060514	0.012155	0.023817	0.940729	1.098185	0.993634	0.608914	0.434830	0.206660	0.372254	0.734727	1.580139	1.971140	1.351739	0.989761	11.439600
83.571400	159.423000	0.000737	0.004063	0.000000	0.001400	0.011750	0.007041	0.008251	0.022053	0.005040	0.043354	0.028008	0.017283	0.791368	1.078580	0.995617	0.717487	0.559776	0.221132	0.283342	0.659766	1.438033	1.804807	1.180680	1.047704	10.927300
96.428600	159.423000	0.000591	0.003568	0.000000	0.001959	0.015531	0.009493	0.011832	0.009447	0.010245	0.037851	0.056406	0.014073	0.749881	0.982634	1.062937	0.829035	0.638612	0.305018	0.203551	0.558980	1.229572	1.799514	1.455947	0.988637	10.975300
109.286000	159.423000	0.001573	0.003259	0.000000	0.002254	0.018752	0.004959	0.010210	0.002305	0.021789	0.018269	0.060568	0.014670	0.630539	0.972892	1.074097	0.914680	0.714895	0.375912	0.197126	0.396767	1.360312	1.856606	1.599049	0.983403	11.234900
122.143000	159.423000	0.003089	0.005119	0.001577	0.000749	0.018257	0.010388	0.005123	0.001659	0.028879	0.007375	0.064004	0.024323	0.477256	0.895567	1.056042	1.040481	0.787378	0.491662	0.172322	0.300696	1.221496	1.882946	1.828976	0.959245	11.284600
135.000000	159.423000	0.000842	0.003651	0.002024	0.001345	0.009922	0.012756	0.001651	0.005012	0.022223	0.008219	0.053412	0.037060	0.546558	0.884382	1.080586	1.016420	0.842936	0.594545	0.281508	0.266052	1.127419	1.866502	1.897219	1.096286	11.658500
147.857000	159.423000	0.000736	0.002322	0.004599	0.001952	0.008210	0.030754	0.000693	0.005588	0.008235	0.011074	0.021929	0.063287	0.486360	0.792367	0.984286	1.098242	0.904232	0.436249	0.290962	0.173024	0.959893	1.850578	1.951291	1.178791	11.265700
160.714000	159.423000	0.001657	0.000467	0.004209	0.002027	0.017859	0.021936	0.002879	0.007123	0.010753	0.015821	0.013420	0.050551	0.390406	0.727655	0.978458	1.052223	0.997663	0.590146	0.401026	0.208938	0.928371	1.564589	1.848135	1.360640	11.197000
173.571000	159.423000	0.001733	0.000000	0.004660	0.001609	0.039888	0.017757	0.010736	0.007801	0.005977	0.012535	0.015228	0.042205	0.283577	0.619223	0.786580	1.068179	0.995897	0.693378	0.556516	0.220027	1.034610	1.407655	1.855271	1.238778	10.919800
186.429000	159.423000	0.000000	0.000604	0.003563	0.000736	0.041482	0.008162	0.022658	0.006324	0.005746	0.008256	0.013482	0.028995	0.195860	0.542134	0.750596	1.022072	1.082588	0.810221	0.670641	0.286920	1.021362	1.216486	1.819578	1.412778	10.971200
199.286000	159.423000	0.002199	0.000000	0.004547	0.000000	0.068278	0.018396	0.026502	0.005946	0.008663	0.002769	0.018621	0.013543	0.210868	0.433322	0.612692	0.958330	1.093508	0.917700	0.748045	0.406263	0.931423	1.334944	1.897762	1.588135	11.302500
212.143000	159.423000	0.000626	0.002940	0.006285	0.000735	0.079624	0.023575	0.010947	0.014100	0.009644	0.002830	0.023947	0.007924	0.181379	0.291529	0.437398	0.883904	1.059786	0.985837	0.813759	0.496576	0.993785	1.220026	1.889472	1.722868	11.159500
225.000000	159.423000	0.002339	0.002414	0.000758	0.000633	0.039136	0.052984	0.005844	0.019733	0.002776	0.000766	0.017476	0.007469	0.266173	0.239771	0.545729	0.866622	1.040252	1.098283	0.817162	0.565841	1.135101	1.203718	1.939936	1.879372	11.750300
237.857000	159.423000	0.000747	0.000670	0.000758	0.003674	0.025451	0.050722	0.006463	0.023267	0.002022	0.007270	0.011616	0.011335	0.278403	0.171164	0.466023	0.802351	1.001731	1.077784	0.951833	0.448956	1.197803	0.973896	1.722936	1.909185	11.146100
250.714000	159.423000	0.000000	0.000000	0.002114	0.007412	0.011150	0.060379	0.017235	0.023660	0.002759	0.004903	0.003857	0.024870	0.426336	0.199236	0.390337	0.698038	0.983472	1.095563	0.998346	0.624280	1.294241	0.963509	1.667168	1.757148	11.256000
263.571000	159.423000	0.001605	0.002812	0.000752	0.002759	0.015727	0.051795	0.038070	0.012972	0.013819	0.008465	0.003986	0.022636	0.567084	0.208063	0.278567	0.693426	0.826459	1.081406	1.038422	0.736889	1.256477	1.047968	1.413298	1.783952	11.107400
276.429000	159.423000	0.000740	0.000000	0.000746	0.001539	0.015914	0.037151	0.051709	0.017833	0.028352	0.002579	0.004930	0.012210	0.682619	0.265494	0.205838	0.542943	0.718727	1.034605	1.088833	0.850026	1.462756	1.019355	1.259395	1.801301	11.105600
289.286000	159.423000	0.002082	0.000000	0.000000	0.005441	0.022309	0.017334	0.049913	0.008652	0.019475	0.005252	0.010750	0.004181	0.724887	0.356517	0.227099	0.403947	0.610254	0.966629	1.108150	0.906744	1.671273	0.938452	1.332863	1.839573	11.231800
302.143000	159.423000	0.000589	0.002085	0.001474	0.001800	0.023788	0.003789	0.061682	0.018000	0.015112	0.007111	0.008784	0.000745	0.822534	0.483907	0.202289	0.316251	0.456996	0.914959	1.091999	0.990851	1.808460	1.043057	1.231766	1.980730	11.488800
315.000000	159.423000	0.000594	0.001135	0.000000	0.002772	0.026207	0.005830	0.044931	0.047580	0.005170	0.018277	0.002194	0.004434	0.837061	0.572358	0.268347	0.265995	0.598957	0.880264	1.043579	1.048495	1.854842	1.084530	1.111517	1.873944	11.599000
327.857000	159.423000	0.007285	0.001471	0.000138	0.001223	0.010943	0.009482	0.016357	0.059408	0.006045	0.016176	0.002011	0.008342	0.960262	0.463906	0.301470	0.217302	0.477705	0.805518	0.962654	1.086341	1.905882	1.208502	1.014543	1.787820	11.330800
340.714000	159.423000	0.002396	0.000758	0.000357	0.002350	0.008878	0.023982	0.018227	0.044867	0.018890	0.022171	0.001340	0.008988	0.959919	0.602869	0.424766	0.227777	0.366986	0.722536	0.940049	1.079316	1.832505	1.304329	0.991580	1.716105	11.321900
353.571000	159.423000	0.003881	0.000735	0.002757	0.002480	0.004541	0.019388	0.013119	0.038595	0.031724	0.014846	0.008021	0.009501	1.036954	0.747482	0.567689	0.213590	0.265211	0.649260	0.853587	1.059791	1.811785	1.258615	1.031180	1.458187	11.102900
7.500000	162.388000	0.006112	0.000610	0.002220	0.002700	0.005388	0.018432	0.019943	0.017119	0.035827	0.012629	0.026175	0.005273	0.968819	0.874631	0.699811	0.414668	0.281273	0.600874	0.775736	0.972368	1.896529	1.536970	1.051553	1.232603	11.458300
22.500000	162.388000	0.005741	0.000000	0.000670	0.002605	0.001334	0.004255	0.018047	0.012114	0.037090	0.008612	0.020264	0.005618	1.016536	0.926068	0.745403	0.472357	0.283816	0.447112	0.652025	0.930457	1.981748	1.669147	0.992570	1.366238	11.599800
37.500000	162.388000	0.005216	0.000000	0.001253	0.000000	0.000000	0.001279	0.024786	0.004359	0.051369	0.015483	0.010325	0.013168	0.988864	1.000466	0.816191	0.575466	0.321152	0.379680	0.464102	0.896857	1.976353	1.767248	1.117532	1.252666	11.683800
52.500000	162.388000	0.003916	0.002097	0.000000	0.000601	0.002161	0.001982	0.018356	0.011903	0.014562	0.038584	0.004263	0.019446	0.959876	1.019551	0.898657	0.451498	0.397061	0.328712	0.545162	0.816104	1.877348	1.925652	1.260967	1.158694	11.757200
67.500000	162.388000	0.000758	0.004162	0.001949	0.000758	0.005663	0.002756	0.007117	0.020049	0.011969	0.047266	0.013251	0.023682	0.919348	1.005926	0.946203	0.647370	0.468915	0.287612	0.473393	0.774781	1.707804	1.912340	1.284480	1.016074	11.583600
82.500000	162.388000	0.002370	0.002961	0.001513	0.001885	0.017974	0.005116	0.001678	0.019683	0.012198	0.035733	0.019302	0.018436	0.865731	1.014682	1.006094	0.733533	0.619738	0.258815	0.376701	0.676463	1.435216	1.885061	1.269857	1.071909	11.352600
97.500000	162.388000	0.000988	0.004693	0.000721	0.002124	0.023148	0.003245	0.006421	0.009681	0.015050	0.022279	0.031383	0.019555	0.708864	1.015923	0.922185	0.859269	0.665249	0.383348	0.291997	0.608953	1.308706	1.802557	1.493032	1.088592	11.288000
112.500000	162.388000	0.001208	0.002849	0.001353	0.001677	0.023819	0.008738	0.002884	0.005469	0.024477	0.010306	0.042710	0.013178	0.594630	0.942712	1.033114	0.903295	0.760879	0.476140	0.259781	0.469965	1.311782	1.937719	1.703359	1.044838	11.576900
127.500000	162.388000	0.000621	0.002029	0.000000	0.001468	0.010568	0.019755	0.002694	0.004128	0.020929	0.008292	0.045697	0.014790	0.467763	0.849345	1.009497	0.979262	0.815376	0.557297	0.309098	0.362475	1.248289	1.936679	1.829021	1.132545	11.627600
142.500000	162.388000	0.002207	0.001669	0.002211	0.000807	0.007434	0.023937	0.000705	0.001481	0.014680	0.009977	0.019605	0.034270	0.575025	0.799211	0.969007	0.985297	0.828603	0.433840	0.354286	0.308824	1.150811	1.782595	1.893340	1.252960	11.452800
157.500000	162.388000	0.001516	0.001055	0.000335	0.000605	0.014900	0.022544	0.002758	0.004395	0.010060	0.015495	0.014676	0.051347	0.472428	0.719489	0.899775	1.013109	0.954070	0.604906	0.468935	0.273253	1.024388	1.652047	1.915122	1.410912	11.548100
172.500000	162.388000	0.000000	0.000841	0.000758	0.000747	0.023335	0.015635	0.020251	0.002977	0.002917	0.026352	0.010202	0.045858	0.352391	0.671348	0.831911	0.980747	0.945737	0.816493	0.588974	0.289270	1.096580	1.456128	1.871682	1.244025	11.295200
187.500000	162.388000	0.001517	0.002779	0.002961	0.000916	0.039016	0.010391	0.027928	0.002108	0.000735	0.011538	0.008960	0.025094	0.286897	0.569314	0.721675	0.911895	1.002089	0.839035	0.665682	0.406035	1.076976	1.230680	1.892141	1.445361	11.181700
202.500000	162.388000	0.000000	0.000722	0.004922	0.001211	0.036204	0.013367	0.023079	0.007539	0.002859	0.005905	0.024770	0.012587	0.307798	0.470409	0.653231	0.898369	1.032252	0.954307	0.813945	0.489146	1.002357	1.417505	1.928785	1.692569	11.793800
217.500000	162.388000	0.001230	0.000736	0.002239	0.000596	0.033591	0.016062	0.008635	0.016896	0.000000	0.001486	0.024847	0.013487	0.332049	0.372693	0.443081	0.911247	1.017417	0.982690	0.804797	0.601798	1.146072	1.300710	1.858947	1.828603	11.719900
232.500000	162.388000	0.001332	0.000000	0.000000	0.000000	0.015325	0.044847	0.008663	0.021402	0.000736	0.007210	0.015998	0.011753	0.383884	0.329130	0.588086	0.833524	0.977661	0.991322	0.879583	0.449836	1.250766	1.187567	1.809218	1.982031	11.789900
247.500000	162.388000	0.001545	0.000000	0.000603	0.001543	0.016326	0.043696	0.015012	0.019954	0.007561	0.002632	0.014216	0.018856	0.465230	0.310370	0.480195	0.728998	0.931737	1.014393	0.915058	0.659947	1.384922	1.033455	1.664148	1.919126	11.649500
262.500000	162.388000	0.001551	0.000000	0.001334	0.005570	0.010363	0.029099	0.026395	0.019228	0.018894	0.002735	0.007371	0.019763	0.605866	0.274177	0.406248	0.669335	0.864403	1.043220	0.929676	0.722985	1.279221	1.090177	1.489695	1.955408	11.472700
277.500000	162.388000	0.000000	0.002815	0.002928	0.003309	0.017551	0.020645	0.032496	0.012434	0.027869	0.006022	0.005630	0.014753	0.675204	0.373607	0.254829	0.604817	0.737821	0.974718	0.999135	0.883482	1.504817	1.025398	1.260967	1.976285	11.417500
292.500000	162.388000	0.002750	0.000000	0.002963	0.000842	0.018407	0.018472	0.038043	0.011888	0.021994	0.008271	0.003385	0.003797	0.733261	0.452476	0.283071	0.440566	0.627322	0.960938	1.067050	0.975303	1.692298	1.036899	1.302542	1.931341	11.633900
307.500000	162.388000	0.000758	0.000758	0.000744	0.002189	0.022710	0.007965	0.036547	0.015548	0.008865	0.024365	0.002054	0.002750	0.835481	0.592583	0.317843	0.361705	0.447569	0.870385	1.056455	0.990955	1.786146	1.112467	1.276575	1.932539	11.706000
322.500000	162.388000	0.001943	0.001296	0.001932	0.001290	0.023663	0.011071	0.014054	0.035355	0.007884	0.032908	0.000547	0.001537	0.861799	0.485169	0.325953	0.342333	0.545951	0.826380	0.944158	1.008306	1.904831	1.288959	1.145269	1.841100	11.653700
337.500000	162.388000	0.002651	0.001258	0.000670	0.000711	0.006560	0.022452	0.012014	0.043392	0.017776	0.023032	0.005665	0.002273	0.899288	0.677570	0.484276	0.284026	0.500729	0.761351	0.936819	1.014404	1.901981	1.297679	1.014652	1.619294	11.530500
352.500000	162.388000	0.001889	0.000000	0.002226	0.001533	0.005066	0.028533	0.009373	0.031026	0.022234	0.014431	0.010973	0.006018	0.964296	0.702138	0.597035	0.293846	0.400555	0.673660	0.817808	0.970270	1.945715	1.247769	1.098241	1.537796	11.382400
9.000000	165.341000	0.003089	0.000744	0.001308	0.000736	0.004017	0.020950	0.014251	0.019809	0.016924	0.017221	0.031375	0.012032	0.945800	0.794456	0.676886	0.496892	0.360939	0.600901	0.806149	0.918693	1.953915	1.605100	1.097408	1.322164	11.721800
27.000000	165.341000	0.002063	0.000000	0.000758	0.000584	0.002286	0.014439	0.028214	0.008122	0.019723	0.008336	0.014887	0.021310	0.953563	0.897146	0.798783	0.584415	0.350801	0.502003	0.605514	0.865550	1.952015	1.765529	1.168827	1.370728	11.935600
45.000000	165.341000	0.001778	0.000531	0.000000	0.000758	0.003679	0.006536	0.026771	0.011028	0.006774	0.009116	0.009921	0.022697	0.921148	0.933744	0.813070	0.446196	0.411302	0.447537	0.460562	0.826165	1.902750	1.852591	1.277762	1.315017	11.707400
63.000000	165.341000	0.000000	0.001458	0.000000	0.003366	0.012757	0.001124	0.024214	0.020938	0.014692	0.017430	0.005125	0.026638	0.862341	0.971808	0.893691	0.605753	0.485293	0.360434	0.570927	0.775348	1.801256	1.911775	1.414327	1.095112	11.875800
81.000000	165.341000	0.000758	0.003828	0.000000	0.000736	0.021679	0.004216	0.010171	0.034042	0.010700	0.017497	0.012829	0.017675	0.835223	0.973300	0.877243	0.733885	0.595008	0.346296	0.476089	0.722522	1.540827	1.877190	1.328905	1.074633	11.515200
99.000000	165.341000	0.000523	0.002182	0.001357	0.002091	0.027153	0.007878	0.006268	0.023615	0.012178	0.013333	0.012966	0.010601	0.692782	0.994780	0.889132	0.839839	0.701651	0.480296	0.357745	0.553203	1.345949	1.869861	1.521148	1.143550	11.510100
117.000000	165.341000	0.000747	0.000000	0.000735	0.000000	0.021884	0.023488	0.002849	0.008857	0.024288	0.012481	0.011697	0.011116	0.583028	0.882938	0.957414	0.926150	0.777229	0.571270	0.364239	0.498058	1.473477	1.937798	1.749966	1.181030	12.020700
135.000000	165.341000	0.001655	0.000000	0.000000	0.000149	0.010713	0.019485	0.005969	0.002339	0.030199	0.015853	0.013709	0.006605	0.463674	0.835928	0.924381	0.952213	0.822537	0.435689	0.437667	0.469564	1.327367	1.849232	1.855893	1.281291	11.762100
153.000000	165.341000	0.000673	0.001509	0.000734	0.000753	0.006521	0.028251	0.013892	0.004433	0.017184	0.015325	0.006726	0.019197	0.552970	0.759875	0.940355	0.951313	0.871898	0.598215	0.475217	0.350897	1.142815	1.727392	1.934044	1.399523	11.819700
171.000000	165.341000	0.000000	0.003285	0.004132	0.001122	0.011906	0.018640	0.025675	0.003110	0.010187	0.020619	0.018022	0.010590	0.499527	0.655708	0.817323	0.930685	0.924755	0.736111	0.617157	0.367511	1.076467	1.522007	1.921105	1.387342	11.583000
189.000000	165.341000	0.001085	0.001592	0.001586	0.000670	0.017422	0.014242	0.025767	0.010235	0.005578	0.018785	0.011869	0.010387	0.347141	0.604718	0.745193	0.919761	0.908243	0.792910	0.742714	0.463381	1.091001	1.400428	1.911888	1.523772	11.570400
207.000000	165.341000	0.001556	0.000758	0.001216	0.000000	0.013822	0.006542	0.014104	0.023179	0.003910	0.012904	0.018360	0.005725	0.359458	0.513508	0.671980	0.874823	0.930466	0.880627	0.758528	0.560775	1.165027	1.390758	1.886090	1.736089	11.830200
225.000000	165.341000	0.000000	0.000000	0.000533	0.000716	0.006990	0.009574	0.010324	0.024288	0.003590	0.004220	0.030581	0.010291	0.470828	0.449279	0.448720	0.850218	0.905224	0.974120	0.814628	0.457427	1.278023	1.327638	1.883568	1.870223	11.831000
243.000000	165.341000	0.000000	0.000739	0.001230	0.002975	0.009610	0.021798	0.006263	0.025389	0.011244	0.004327	0.011075	0.017744	0.467714	0.359392	0.533990	0.820617	0.863615	0.990238	0.840246	0.678622	1.309215	1.152824	1.765110	1.885344	11.779300
261.000000	165.341000	0.001601	0.000286	0.000689	0.000519	0.015141	0.019886	0.014619	0.019239	0.023820	0.003806	0.010420	0.019909	0.593387	0.352099	0.445436	0.682965	0.813665	1.024569	0.911394	0.744700	1.364497	1.102230	1.563819	1.942481	11.671200
279.000000	165.341000	0.001279	0.000000	0.000605	0.002638	0.012665	0.018495	0.017969	0.015794	0.026623	0.012736	0.004595	0.032563	0.708877	0.497046	0.371416	0.589840	0.731102	0.960140	0.972337	0.847154	1.595589	1.084743	1.272232	1.946824	11.723300
297.000000	165.341000	0.000000	0.000000	0.000617	0.000735	0.027770	0.006538	0.020281	0.013106	0.012187	0.016786	0.004011	0.010642	0.786745	0.541142	0.371856	0.546421	0.578053	0.827102	0.926574	0.884411	1.756628	1.130121	1.393484	1.900363	11.755600
315.000000	165.341000	0.000000	0.000747	0.000758	0.000000	0.029193	0.011247	0.015662	0.012674	0.010978	0.025915	0.004754	0.004188	0.819293	0.452060	0.465968	0.444270	0.450046	0.825370	0.949545	0.963710	1.926036	1.296152	1.271282	1.916989	11.896800
333.000000	165.341000	0.001257	0.001419	0.000000	0.000470	0.028367	0.015387	0.011219	0.015781	0.009584	0.019766	0.012355	0.002743	0.908779	0.607207	0.514086	0.372364	0.583663	0.754265	0.932679	0.979763	1.932664	1.353470	1.136515	1.744662	11.938500
351.000000	165.341000	0.002176	0.002242	0.001078	0.000758	0.013927	0.016929	0.011461	0.015615	0.017319	0.011381	0.023595	0.006068	0.912705	0.738127	0.626635	0.371395	0.518267	0.739125	0.837303	0.962004	1.934711	1.308276	1.062607	1.515640	11.649300
11.250000	168.284000	0.001521	0.000000	0.000648	0.000190	0.009173	0.026736	0.011816	0.004013	0.018480	0.015598	0.024831	0.020586	0.949493	0.828804	0.721113	0.586188	0.458165	0.656492	0.724326	0.916444	1.956697	1.499094	1.243505	1.430059	12.104000
33.750000	168.284000	0.000000	0.000742	0.000990	0.000000	0.010890	0.020592	0.025951	0.013833	0.008307	0.007867	0.008231	0.030217	0.933563	0.926138	0.747692	0.422209	0.474670	0.561630	0.595467	0.847193	1.905385	1.734981	1.309350	1.327095	11.913000
56.250000	168.284000	0.000000	0.000000	0.000000	0.000000	0.023310	0.024019	0.034665	0.012430	0.012246	0.008201	0.010387	0.023722	0.882927	0.898416	0.779820	0.590175	0.586976	0.464038	0.445186	0.778292	1.826364	1.866909	1.326994	1.244342	11.839400
78.750000	168.284000	0.000590	0.000736	0.000696	0.001457	0.027685	0.016869	0.017558	0.027478	0.011515	0.012896	0.005394	0.020414	0.868911	0.912051	0.863295	0.734217	0.628926	0.436713	0.542370	0.728945	1.554172	1.837097	1.385058	1.214767	11.849800
101.250000	168.284000	0.000522	0.000920	0.000000	0.000524	0.021798	0.017736	0.016465	0.029961	0.011166	0.009140	0.017212	0.010607	0.776417	0.875964	0.890651	0.821433	0.673980	0.588935	0.451279	0.628298	1.407960	1.939043	1.630762	1.173905	11.994700
123.750000	168.284000	0.000758	0.000758	0.000000	0.001515	0.014467	0.031060	0.006497	0.023966	0.019523	0.010984	0.011725	0.011600	0.622847	0.862272	0.944371	0.871987	0.786667	0.436622	0.474554	0.548901	1.355539	1.840218	1.811299	1.276066	11.964200
146.250000	168.284000	0.000000	0.000000	0.000000	0.001378	0.015066	0.019334	0.020885	0.012839	0.027875	0.014644	0.009251	0.011745	0.463722	0.805232	0.863663	0.880186	0.853392	0.591049	0.594034	0.502602	1.286969	1.752975	1.810711	1.387422	11.925000
168.750000	168.284000	0.000758	0.000000	0.000000	0.000623	0.005526	0.008582	0.016590	0.013949	0.019052	0.028538	0.019711	0.018870	0.558498	0.730543	0.855456	0.921586	0.843008	0.750881	0.686207	0.439755	1.185746	1.528058	1.831691	1.359419	11.823000
191.250000	168.284000	0.000000	0.000520	0.002426	0.000594	0.015057	0.014980	0.019995	0.019378	0.023332	0.024548	0.014389	0.008822	0.441349	0.635150	0.749028	0.881674	0.957929	0.821986	0.701349	0.561776	1.197214	1.331913	1.938952	1.558843	11.921200
213.750000	168.284000	0.000611	0.002240	0.000000	0.001035	0.010321	0.007864	0.011580	0.028248	0.011341	0.016155	0.023701	0.011549	0.450834	0.544307	0.637266	0.864037	0.947506	0.873436	0.780003	0.442196	1.268240	1.351592	1.922926	1.783138	11.990100
236.250000	168.284000	0.001289	0.000759	0.000000	0.000000	0.009005	0.008718	0.010007	0.035292	0.021228	0.015038	0.025046	0.009306	0.578099	0.460828	0.422878	0.785911	0.895623	0.921030	0.860676	0.656462	1.389650	1.291594	1.779157	1.905272	12.082900
258.750000	168.284000	0.001476	0.000000	0.000627	0.002596	0.018121	0.016117	0.003277	0.014168	0.024142	0.018890	0.027635	0.021136	0.636120	0.477108	0.544239	0.711095	0.828498	0.913169	0.898291	0.684544	1.403538	1.201535	1.576656	1.913596	11.936600
281.250000	168.284000	0.001201	0.000000	0.001320	0.002133	0.017944	0.005666	0.011034	0.013061	0.018734	0.016566	0.014906	0.025409	0.687693	0.556337	0.466980	0.608032	0.733992	0.871374	0.905457	0.844667	1.571329	1.178225	1.302350	1.871931	11.726300
303.750000	168.284000	0.000000	0.000742	0.000000	0.001468	0.029681	0.008042	0.010669	0.009197	0.005733	0.031565	0.012509	0.026119	0.819474	0.443438	0.448943	0.571320	0.590860	0.859982	0.904709	0.855252	1.730819	1.360493	1.445814	1.874815	12.041600
326.250000	168.284000	0.000543	0.000617	0.000000	0.000000	0.023133	0.009452	0.011998	0.008562	0.014125	0.021941	0.018705	0.012975	0.845610	0.643829	0.578172	0.453934	0.452221	0.743795	0.879414	0.919503	1.890806	1.332829	1.337444	1.801166	12.000800
348.750000	168.284000	0.001272	0.000000	0.000847	0.000738	0.025714	0.027206	0.012854	0.014633	0.004229	0.020959	0.035300	0.010681	0.917380	0.693683	0.646282	0.480275	0.583029	0.686806	0.838132	0.937052	2.010237	1.295677	1.208185	1.585342	12.036500
15.000000	171.220000	0.000000	0.000000	0.000000	0.001277	0.021958	0.024373	0.022556	0.011757	0.009434	0.013547	0.021301	0.025326	0.889816	0.799131	0.742985	0.493006	0.419633	0.661408	0.732923	0.835417	1.847965	1.657215	1.242714	1.436743	11.910500
45.000000	171.220000	0.000000	0.000000	0.000625	0.000000	0.028938	0.030794	0.028942	0.007020	0.008398	0.009357	0.017713	0.026110	0.838424	0.830004	0.827060	0.613656	0.584198	0.624903	0.600508	0.804044	1.823548	1.762633	1.380115	1.388813	12.235800
75.000000	171.220000	0.000000	0.000618	0.000758	0.000000	0.036703	0.028501	0.027152	0.029932	0.016041	0.006642	0.008332	0.014975	0.797432	0.849721	0.814504	0.736145	0.670982	0.439384	0.467199	0.777656	1.639335	1.841587	1.481790	1.246491	11.931900
105.000000	171.220000	0.000000	0.000771	0.000000	0.000000	0.020385	0.032657	0.022861	0.020176	0.009379	0.007107	0.011059	0.015126	0.722717	0.870817	0.868762	0.820301	0.758417	0.463261	0.427944	0.690320	1.389842	1.967373	1.626046	1.271101	12.016400
135.000000	171.220000	0.000000	0.000000	0.000000	0.000609	0.011635	0.024085	0.026104	0.041499	0.024553	0.013603	0.011912	0.012622	0.595792	0.804524	0.865441	0.873683	0.793680	0.619117	0.625233	0.610228	1.356275	1.728478	1.799605	1.352033	12.190700
165.000000	171.220000	0.000672	0.000735	0.000000	0.001471	0.009478	0.017397	0.039734	0.026968	0.029103	0.024369	0.021895	0.011034	0.489588	0.745639	0.802931	0.910149	0.861370	0.787954	0.663927	0.441904	1.239445	1.596007	1.915541	1.440464	12.077800
195.000000	171.220000	0.000243	0.000735	0.000000	0.000319	0.012103	0.016444	0.021331	0.025393	0.028188	0.028135	0.022266	0.004820	0.417320	0.696019	0.760060	0.829398	0.891490	0.834649	0.699254	0.497835	1.257416	1.406320	1.875606	1.666885	11.992200
225.000000	171.220000	0.002136	0.000581	0.000000	0.000000	0.007311	0.013000	0.015295	0.030131	0.026142	0.031295	0.032327	0.008395	0.627844	0.613197	0.623909	0.802829	0.889388	0.823499	0.779434	0.599512	1.294591	1.359803	1.784665	1.764590	12.129900
255.000000	171.220000	0.000000	0.000000	0.000758	0.000000	0.012442	0.015181	0.010139	0.015034	0.029604	0.026823	0.034285	0.030700	0.623711	0.417231	0.466888	0.751077	0.871026	0.910846	0.819668	0.697892	1.384572	1.286414	1.671194	1.946416	12.021900
285.000000	171.220000	0.000129	0.000000	0.000000	0.000000	0.016348	0.010109	0.012204	0.010865	0.027397	0.028478	0.026598	0.025817	0.688528	0.471884	0.435066	0.634101	0.699855	0.926375	0.885828	0.839692	1.684449	1.274890	1.371158	1.819363	11.889100
315.000000	171.220000	0.000000	0.000726	0.000000	0.000000	0.023494	0.015126	0.009432	0.010063	0.012250	0.022442	0.030444	0.026852	0.805342	0.625833	0.604364	0.581121	0.669619	0.796149	0.868678	0.877512	1.717609	1.337025	1.335804	1.761310	12.131200
345.000000	171.220000	0.000606	0.000000	0.000000	0.000619	0.033478	0.017313	0.013096	0.005732	0.012099	0.023326	0.035820	0.027152	0.862401	0.729667	0.659044	0.439916	0.497011	0.740161	0.835973	0.860657	1.914975	1.398177	1.278520	1.649943	12.035700
22.500000	174.150000	0.000000	0.000000	0.002680	0.000000	0.033958	0.037392	0.018601	0.012719	0.012804	0.012065	0.016212	0.031093	0.845840	0.845426	0.793231	0.630270	0.697194	0.651238	0.727617	0.802216	1.805373	1.623931	1.297464	1.506637	12.404000
67.500000	174.150000	0.000000	0.000000	0.000000	0.001384	0.030440	0.036594	0.028881	0.023755	0.015427	0.014559	0.009566	0.019897	0.861219	0.854697	0.848958	0.779187	0.649541	0.645277	0.674146	0.742749	1.687785	1.796642	1.434153	1.298753	12.453600
112.500000	174.150000	0.000744	0.000000	0.000000	0.000534	0.014720	0.024437	0.030690	0.031563	0.015950	0.015844	0.007943	0.012218	0.759526	0.797597	0.856599	0.785780	0.770355	0.632587	0.658350	0.675802	1.460324	1.793882	1.723716	1.202236	12.271400
157.500000	174.150000	0.001208	0.000624	0.000000	0.000000	0.019663	0.026882	0.025268	0.035689	0.029003	0.021559	0.016546	0.013625	0.650131	0.752074	0.853671	0.830538	0.782753	0.768969	0.669827	0.613964	1.309000	1.708426	1.733432	1.417652	12.280500
202.500000	174.150000	0.000000	0.000620	0.000000	0.000000	0.011194	0.016197	0.020300	0.025401	0.022422	0.030312	0.014093	0.008604	0.627561	0.668311	0.745827	0.804338	0.841285	0.817814	0.730041	0.707259	1.281743	1.500530	1.769905	1.715404	12.359200
247.500000	174.150000	0.000000	0.001224	0.000000	0.000000	0.018902	0.010926	0.012335	0.015514	0.024289	0.029987	0.034831	0.013190	0.673514	0.689940	0.639236	0.787250	0.809035	0.805925	0.793538	0.709936	1.450541	1.298946	1.682187	1.817734	12.319000
292.500000	174.150000	0.000000	0.001439	0.000735	0.000000	0.021837	0.014311	0.012174	0.012409	0.013876	0.030605	0.026005	0.027719	0.774373	0.687848	0.669449	0.707485	0.717254	0.831478	0.828044	0.781841	1.710439	1.303153	1.487490	1.724700	12.384700
337.500000	174.150000	0.000000	0.000628	0.001412	0.000000	0.025959	0.012704	0.013960	0.006672	0.011460	0.018711	0.028041	0.029310	0.805555	0.707385	0.660406	0.642472	0.626530	0.766113	0.834805	0.834894	1.817700	1.482186	1.246808	1.671748	12.245500
45.000000	177.076000	0.000758	0.000758	0.000000	0.000653	0.034476	0.024342	0.022083	0.011040	0.006382	0.012185	0.011461	0.021482	0.775729	0.773664	0.791892	0.755341	0.704769	0.721889	0.761107	0.744377	1.688159	1.658052	1.487343	1.477006	12.484900
135.000000	177.076000	0.000619	0.000690	0.000000	0.000000	0.013361	0.009408	0.023123	0.019996	0.024999	0.019593	0.011550	0.011392	0.737063	0.751094	0.806864	0.774183	0.806973	0.730205	0.721631	0.702510	1.543077	1.660619	1.701448	1.524009	12.594400
225.000000	177.076000	0.000000	0.000000	0.000000	0.000752	0.011834	0.008109	0.014198	0.015931	0.023262	0.025345	0.029471	0.010760	0.713476	0.652824	0.788696	0.764866	0.773511	0.815124	0.806856	0.742167	1.562372	1.522788	1.702070	1.730152	12.714500
315.000000	177.076000	0.000000	0.000000	0.000630	0.000755	0.026913	0.015814	0.008202	0.011010	0.014055	0.015396	0.021807	0.020055	0.714317	0.727171	0.700629	0.741770	0.711798	0.795644	0.830430	0.776033	1.701312	1.498087	1.492421	1.681690	12.505900
